iteration,loss
1,2312.434326171875
2,2218.711181640625
3,1536.78173828125
4,1993.1199951171875
5,1300.4766845703125
6,1456.1337890625
7,1232.0531005859375
8,1194.6065673828125
9,1295.004150390625
10,1189.651611328125
11,791.09814453125
12,553.9365844726562
13,626.7591552734375
14,700.6762084960938
15,559.530517578125
16,499.6068420410156
17,621.937744140625
18,590.8818969726562
19,353.1565856933594
20,416.451171875
21,314.32244873046875
22,279.0464172363281
23,321.7075500488281
24,277.23931884765625
25,291.2156677246094
26,258.2071838378906
27,149.17340087890625
28,150.25369262695312
29,159.5915069580078
30,211.20425415039062
31,140.41712951660156
32,128.30751037597656
33,90.00650787353516
34,99.52409362792969
35,119.34754943847656
36,79.65510559082031
37,71.4427719116211
38,70.54178619384766
39,76.15834045410156
40,81.3870849609375
41,81.76889038085938
42,83.34574890136719
43,90.47866821289062
44,69.16507720947266
45,88.92475891113281
46,122.37440490722656
47,93.0345230102539
48,117.86273956298828
49,99.83930969238281
50,80.96331024169922
51,58.06980895996094
52,81.8996810913086
53,55.713443756103516
54,86.54559326171875
55,62.41297912597656
56,75.47904968261719
57,78.16360473632812
58,65.39921569824219
59,62.24851989746094
60,75.99488830566406
61,102.02046203613281
62,73.75816345214844
63,82.0573501586914
64,52.25833511352539
65,86.5107421875
66,97.21421813964844
67,71.98119354248047
68,63.084529876708984
69,64.7803955078125
70,68.03922271728516
71,68.63532257080078
72,70.80519104003906
73,62.373435974121094
74,68.40351867675781
75,55.05588912963867
76,55.769657135009766
77,83.90553283691406
78,70.82977294921875
79,91.59266662597656
80,79.0793685913086
81,60.50527572631836
82,46.05900573730469
83,60.70417404174805
84,45.5815544128418
85,68.39189147949219
86,52.15420150756836
87,60.88382339477539
88,60.866310119628906
89,57.64158630371094
90,53.65061569213867
91,59.05632400512695
92,71.0783920288086
93,54.35258102416992
94,62.46146011352539
95,40.703243255615234
96,71.54618835449219
97,80.01155853271484
98,61.52035903930664
99,51.85358810424805
100,58.50264358520508
101,55.034793853759766
102,52.45732498168945
103,60.74020767211914
104,50.433101654052734
105,55.44680404663086
106,46.50349807739258
107,36.62553787231445
108,61.650203704833984
109,61.513301849365234
110,71.02669525146484
111,59.1987190246582
112,49.178680419921875
113,34.219730377197266
114,46.79460525512695
115,38.04142761230469
116,51.28076171875
117,39.87162780761719
118,47.561092376708984
119,48.47910690307617
120,53.616600036621094
121,50.81125259399414
122,49.89863967895508
123,57.04092025756836
124,48.754791259765625
125,49.206546783447266
126,38.01909255981445
127,53.18512725830078
128,68.06295013427734
129,53.12374496459961
130,46.64265823364258
131,58.017757415771484
132,47.189456939697266
133,42.80611801147461
134,53.86807632446289
135,51.91499710083008
136,57.06045913696289
137,45.76016616821289
138,33.34495162963867
139,58.0518913269043
140,56.94619369506836
141,55.64658737182617
142,44.30094909667969
143,43.19737243652344
144,27.963850021362305
145,39.1022834777832
146,36.114837646484375
147,42.13584518432617
148,35.09157180786133
149,42.138275146484375
150,44.29198455810547
151,48.37099075317383
152,49.7845344543457
153,43.87095260620117
154,50.14372253417969
155,48.0609245300293
156,42.891170501708984
157,40.04287338256836
158,44.768829345703125
159,63.77384567260742
160,51.62896728515625
161,45.255699157714844
162,59.02509307861328
163,42.04219436645508
164,37.808841705322266
165,50.37241744995117
166,53.76289749145508
167,58.21365737915039
168,45.53006362915039
169,31.306665420532227
170,54.79157257080078
171,54.67731857299805
172,49.959232330322266
173,38.801937103271484
174,39.55405044555664
175,24.11919403076172
176,35.356658935546875
177,34.13176345825195
178,38.03901290893555
179,31.72852897644043
180,39.4183349609375
181,39.948455810546875
182,48.16451644897461
183,47.0724983215332
184,41.83451843261719
185,46.70711898803711
186,44.3839225769043
187,39.36719512939453
188,36.35014724731445
189,41.20634078979492
190,60.7524299621582
191,47.908145904541016
192,41.17741012573242
193,53.460533142089844
194,39.51587677001953
195,34.05729293823242
196,45.48591995239258
197,47.84036636352539
198,53.13355255126953
199,40.13649368286133
200,27.65142059326172
201,49.71467590332031
202,50.97331619262695
203,48.33784103393555
204,38.02263641357422
205,36.51083755493164
206,21.655216217041016
207,33.399314880371094
208,31.641441345214844
209,36.083309173583984
210,29.83812141418457
211,36.54408645629883
212,37.51543045043945
213,43.33351516723633
214,44.00493240356445
215,39.3142204284668
216,44.13697814941406
217,41.969234466552734
218,36.9835319519043
219,34.485260009765625
220,38.74714279174805
221,58.57854461669922
222,45.928367614746094
223,39.49728775024414
224,51.87914276123047
225,37.929222106933594
226,31.680591583251953
227,43.07700729370117
228,46.558990478515625
229,52.023170471191406
230,38.751407623291016
231,26.039901733398438
232,47.84577941894531
233,49.3383903503418
234,44.9630012512207
235,34.93474578857422
236,34.43827438354492
237,19.723310470581055
238,31.054588317871094
239,31.020008087158203
240,34.164398193359375
241,28.508024215698242
242,34.793678283691406
243,35.99699401855469
244,41.19076919555664
245,42.95779037475586
246,37.21883773803711
247,41.80305480957031
248,41.05508804321289
249,34.95107650756836
250,34.48794937133789
251,36.2679328918457
252,56.703834533691406
253,45.02297592163086
254,38.6757926940918
255,51.54863739013672
256,36.424095153808594
257,29.92011260986328
258,41.39005661010742
259,45.85160446166992
260,51.151432037353516
261,37.58497619628906
262,24.384872436523438
263,46.09988784790039
264,48.244503021240234
265,42.635684967041016
266,32.948699951171875
267,33.0344352722168
268,18.482398986816406
269,29.48649024963379
270,30.831012725830078
271,33.069698333740234
272,27.67713165283203
273,33.660888671875
274,35.110443115234375
275,39.71307373046875
276,42.47374725341797
277,35.79244613647461
278,40.151485443115234
279,40.32084655761719
280,33.6442985534668
281,34.321388244628906
282,34.85683059692383
283,55.43365478515625
284,44.1662483215332
285,37.9437141418457
286,50.72165298461914
287,35.83051681518555
288,29.164146423339844
289,40.614261627197266
290,44.41800308227539
291,49.50460433959961
292,36.02845001220703
293,22.45167350769043
294,44.0852165222168
295,47.86591720581055
296,42.2911376953125
297,33.3267936706543
298,32.625431060791016
299,18.0595760345459
300,28.883766174316406
301,30.66152572631836
302,31.933156967163086
303,26.28523826599121
304,33.53839874267578
305,33.5189094543457
306,41.104888916015625
307,42.144474029541016
308,35.87351608276367
309,39.749202728271484
310,39.826168060302734
311,33.28318786621094
312,34.2811279296875
313,34.4017333984375
314,55.00820541381836
315,43.92055130004883
316,37.59040832519531
317,50.2353515625
318,36.05122375488281
319,29.524051666259766
320,41.26296615600586
321,43.266353607177734
322,47.93003463745117
323,34.94994354248047
324,20.85233497619629
325,42.484535217285156
326,49.82490921020508
327,45.111942291259766
328,37.676025390625
329,34.69916915893555
330,20.237571716308594
331,29.509672164916992
332,30.49506950378418
333,32.266414642333984
334,26.08424949645996
335,34.47786331176758
336,33.75816345214844
337,44.78196716308594
338,43.70842361450195
339,38.27089309692383
340,41.01187515258789
341,39.589202880859375
342,33.28693389892578
343,33.991966247558594
344,33.515621185302734
345,56.331905364990234
346,42.86029052734375
347,39.27898025512695
348,50.546932220458984
349,38.646080017089844
350,29.946016311645508
351,40.53107833862305
352,43.7812385559082
353,49.46097183227539
354,36.28133010864258
355,24.28584861755371
356,46.120941162109375
357,46.640995025634766
358,41.198062896728516
359,31.912118911743164
360,32.11857223510742
361,17.86094856262207
362,28.395647048950195
363,30.302698135375977
364,31.808713912963867
365,25.912548065185547
366,33.325828552246094
367,32.981109619140625
368,40.98703384399414
369,41.695247650146484
370,35.101600646972656
371,39.034549713134766
372,39.53120040893555
373,32.835262298583984
374,34.60409164428711
375,33.310604095458984
376,54.38205337524414
377,43.188804626464844
378,37.29328155517578
379,50.113582611083984
380,34.55141830444336
381,27.881568908691406
382,39.1701545715332
383,44.52070236206055
384,49.76008987426758
385,36.01145935058594
386,23.252092361450195
387,44.77106475830078
388,46.40564727783203
389,40.40105056762695
390,30.968652725219727
391,31.52357292175293
392,17.30169105529785
393,28.035602569580078
394,30.348270416259766
395,32.09956741333008
396,26.59175682067871
397,32.443729400634766
398,33.82278823852539
399,38.28772735595703
400,41.41825866699219
401,34.36429977416992
402,38.53813171386719
403,38.97661209106445
404,32.37422561645508
405,33.76638412475586
406,33.684383392333984
407,53.794979095458984
408,42.99341583251953
409,36.94661331176758
410,49.462120056152344
411,34.88474655151367
412,28.106904983520508
413,39.44773483276367
414,43.036128997802734
415,47.98072052001953
416,34.624053955078125
417,21.427438735961914
418,42.72671890258789
419,46.59737777709961
420,41.47111892700195
421,32.844600677490234
422,31.955965042114258
423,17.51496124267578
424,28.132898330688477
425,29.92420768737793
426,31.30480194091797
427,25.460657119750977
428,32.7672004699707
429,32.39921951293945
430,40.41180419921875
431,41.284828186035156
432,35.06044387817383
433,38.60459518432617
434,38.522064208984375
435,32.17805099487305
436,33.8541259765625
437,32.891639709472656
438,53.809288024902344
439,42.16294860839844
440,37.028438568115234
441,49.244239807128906
442,35.35969543457031
443,27.896865844726562
444,38.92182540893555
445,43.384063720703125
446,48.649169921875
447,35.18190002441406
448,22.918920516967773
449,44.310142517089844
450,45.500701904296875
451,39.9871826171875
452,30.64545440673828
453,31.137121200561523
454,16.945798873901367
455,27.615453720092773
456,30.006103515625
457,31.83034324645996
458,26.139902114868164
459,31.956987380981445
460,33.08990478515625
461,38.05079650878906
462,41.04049301147461
463,34.00385284423828
464,37.97875213623047
465,38.52769088745117
466,31.82949447631836
467,33.87144470214844
468,32.702049255371094
469,53.03179168701172
470,42.222415924072266
471,36.84103012084961
472,49.31754684448242
473,34.73347854614258
474,27.476354598999023
475,38.553043365478516
476,43.29901123046875
477,48.429908752441406
478,34.88983917236328
479,22.55535316467285
480,43.86293411254883
481,45.227603912353516
482,39.662349700927734
483,30.302743911743164
484,30.914443969726562
485,16.84838104248047
486,27.530179977416992
487,29.796730041503906
488,31.803897857666016
489,26.02592658996582
490,31.850072860717773
491,32.87897491455078
492,37.78155517578125
493,40.506858825683594
494,33.874664306640625
495,37.9415283203125
496,37.89707946777344
497,31.838926315307617
498,33.149070739746094
499,33.13207244873047
500,52.96818161010742
501,41.773956298828125
502,36.214786529541016
503,48.206871032714844
504,34.597259521484375
505,27.48731803894043
506,38.572265625
507,42.278873443603516
508,47.327545166015625
509,34.076629638671875
510,21.83295249938965
511,42.710914611816406
512,44.92634963989258
513,40.37994384765625
514,31.362356185913086
515,31.039213180541992
516,16.928844451904297
517,27.962556838989258
518,29.373462677001953
519,31.106027603149414
520,25.20179557800293
521,31.728334426879883
522,32.21650314331055
523,37.644493103027344
524,40.042572021484375
525,33.47616958618164
526,37.731285095214844
527,37.556915283203125
528,31.61847686767578
529,32.943565368652344
530,33.3269157409668
531,52.56874084472656
532,42.00345993041992
533,36.02051544189453
534,48.234580993652344
535,34.50396728515625
536,27.62124252319336
537,39.011329650878906
538,41.62641525268555
539,46.262413024902344
540,33.20745849609375
541,19.954511642456055
542,41.08936309814453
543,46.74880599975586
544,41.915916442871094
545,34.357818603515625
546,32.642860412597656
547,18.100961685180664
548,27.773759841918945
549,29.592653274536133
550,30.95282745361328
551,24.629348754882812
552,32.92938995361328
553,31.830522537231445
554,42.69866943359375
555,42.0443115234375
556,36.61719512939453
557,39.30379104614258
558,37.833133697509766
559,31.8396053314209
560,32.93290328979492
561,32.3947868347168
562,52.80708694458008
563,40.92875289916992
564,36.96468734741211
565,48.44743728637695
566,37.704288482666016
567,29.28642463684082
568,40.032386779785156
569,41.269718170166016
570,45.98794937133789
571,33.114898681640625
572,20.257158279418945
573,41.31470489501953
574,45.33995819091797
575,40.40022659301758
576,31.90086555480957
577,31.109817504882812
578,16.727153778076172
579,27.301013946533203
580,29.417631149291992
581,30.48002815246582
582,24.559782028198242
583,32.063411712646484
584,31.233827590942383
585,39.092796325683594
586,40.023399353027344
587,33.29640579223633
588,37.039031982421875
589,37.63718795776367
590,31.300979614257812
591,34.128536224365234
592,31.653278350830078
593,52.181053161621094
594,41.30702590942383
595,35.99071502685547
596,48.41874694824219
597,33.19829559326172
598,26.346702575683594
599,37.373783111572266
600,42.90058898925781
601,47.916664123535156
602,34.26143264770508
603,22.268104553222656
604,43.35304260253906
605,44.22850799560547
606,38.45087814331055
607,29.260833740234375
608,30.175853729248047
609,16.313365936279297
610,26.85455322265625
611,29.906349182128906
612,30.729801177978516
613,24.93303680419922
614,31.100051879882812
615,31.960140228271484
616,37.03456115722656
617,40.44432067871094
618,32.6109619140625
619,36.5455322265625
620,37.51130676269531
621,30.84209442138672
622,33.517513275146484
623,32.76445770263672
624,51.60737991333008
625,42.28048324584961
626,36.028045654296875
627,48.54913330078125
628,34.611915588378906
629,28.04437255859375
630,39.90754699707031
631,41.65558624267578
632,45.84988021850586
633,32.773956298828125
634,19.66259002685547
635,41.155975341796875
636,44.96958541870117
637,39.08763122558594
638,30.256994247436523
639,30.290454864501953
640,16.132530212402344
641,26.76679229736328
642,29.690876007080078
643,30.26544189453125
644,24.361263275146484
645,31.219480514526367
646,30.986326217651367
647,37.80362319946289
648,39.809051513671875
649,32.77067565917969
650,36.405609130859375
651,37.16000747680664
652,30.732208251953125
653,33.74087142944336
654,31.580718994140625
655,51.35186004638672
656,41.271812438964844
657,35.63159942626953
658,47.98642349243164
659,33.22819137573242
660,26.50637435913086
661,37.76559829711914
662,41.368934631347656
663,45.95161437988281
664,32.68146514892578
665,19.788074493408203
666,40.80671310424805
667,45.52414321899414
668,40.42675018310547
669,32.80930709838867
670,31.816631317138672
671,17.240657806396484
672,27.006580352783203
673,29.426851272583008
674,30.364219665527344
675,24.134790420532227
676,32.17010498046875
677,30.8278865814209
678,39.81621551513672
679,40.07264709472656
680,33.50592803955078
681,36.58561706542969
682,36.75226974487305
683,30.62195587158203
684,33.49958038330078
685,31.49163818359375
686,51.412723541259766
687,40.69261932373047
688,35.45642852783203
689,47.50992202758789
690,33.079978942871094
691,26.09300994873047
692,37.049617767333984
693,41.81410217285156
694,46.72189712524414
695,33.29812240600586
696,21.538339614868164
697,42.20028305053711
698,43.48724365234375
699,38.46815490722656
700,29.5511474609375
701,29.98444938659668
702,16.062450408935547
703,26.744678497314453
704,29.21147918701172
705,30.75192642211914
706,24.80118179321289
707,30.817508697509766
708,31.304004669189453
709,36.933868408203125
710,39.335426330566406
711,32.739158630371094
712,36.51765441894531
713,36.411827087402344
714,30.692218780517578
715,32.6895751953125
716,32.10573196411133
717,51.47178649902344
718,40.36744689941406
719,35.128177642822266
720,46.65662384033203
721,33.501930236816406
722,26.335067749023438
723,37.24103927612305
724,41.266761779785156
725,46.2739372253418
726,33.14906692504883
727,21.99112319946289
728,42.196834564208984
729,43.09584045410156
730,39.34513473510742
731,30.27350616455078
732,30.218788146972656
733,16.464435577392578
734,27.67520523071289
735,28.629581451416016
736,30.594154357910156
737,24.6192626953125
738,31.05841827392578
739,31.416654586791992
740,36.64734649658203
741,38.830528259277344
742,32.69583511352539
743,36.85593795776367
744,36.023765563964844
745,30.951082229614258
746,32.0474967956543
747,33.21999740600586
748,51.46340560913086
749,40.731082916259766
750,34.867122650146484
751,46.373374938964844
752,34.181968688964844
753,27.26646614074707
754,38.73291778564453
755,40.10108947753906
756,44.59223175048828
757,32.210205078125
758,19.70367431640625
759,40.23263931274414
760,44.02642822265625
761,39.87491226196289
762,31.236053466796875
763,30.377819061279297
764,16.22686004638672
765,27.256410598754883
766,28.80642318725586
767,29.901296615600586
768,23.93183135986328
769,31.400768280029297
770,30.36943244934082
771,37.95257568359375
772,38.826602935791016
773,32.77298355102539
774,36.41281509399414
775,35.95977783203125
776,30.567584991455078
777,32.59951400756836
778,31.994884490966797
779,51.01689910888672
780,40.370460510253906
781,34.77085876464844
782,46.431312561035156
783,33.024139404296875
784,26.239337921142578
785,37.467891693115234
786,40.293373107910156
787,44.89467239379883
788,32.06776428222656
789,19.618066787719727
790,40.06706237792969
791,44.87885284423828
792,40.82286834716797
793,33.43360900878906
794,31.977035522460938
795,17.490970611572266
796,27.30868148803711
797,28.968917846679688
798,30.486942291259766
799,23.822834014892578
800,31.734294891357422
801,30.439167022705078
802,40.65937423706055
803,40.31466293334961
804,34.9260139465332
805,37.67408752441406
806,36.13492202758789
807,30.71674156188965
808,32.40915298461914
809,31.539230346679688
810,51.33658981323242
811,39.61488342285156
812,35.601444244384766
813,46.55190658569336
814,35.188541412353516
815,26.83586883544922
816,37.38106155395508
817,40.513790130615234
818,45.560813903808594
819,32.62491226196289
820,21.623918533325195
821,41.92847442626953
822,42.50148391723633
823,38.520660400390625
824,29.40599250793457
825,29.74463653564453
826,16.159072875976562
827,27.191635131835938
828,28.737850189208984
829,30.11675453186035
830,24.153446197509766
831,30.618751525878906
832,30.928991317749023
833,36.12407684326172
834,38.76080322265625
835,32.03097915649414
836,36.184959411621094
837,35.79738235473633
838,30.413331985473633
839,32.14118957519531
840,32.92945098876953
841,50.90945053100586
842,40.79498291015625
843,34.699066162109375
844,46.208831787109375
845,33.67925262451172
846,27.06777572631836
847,38.848785400390625
848,39.95494842529297
849,44.34779357910156
850,31.942169189453125
851,19.65143585205078
852,40.3261833190918
853,43.06787109375
854,38.63865280151367
855,29.613563537597656
856,29.67608642578125
857,16.09548568725586
858,27.231468200683594
859,29.03594207763672
860,29.650596618652344
861,23.720422744750977
862,30.942668914794922
863,30.151485443115234
864,37.244163513183594
865,38.57219314575195
866,32.252845764160156
867,36.028358459472656
868,35.82931900024414
869,30.33954620361328
870,32.69175720214844
871,31.695083618164062
872,50.61125946044922
873,40.23371505737305
874,34.66331481933594
875,46.41123962402344
876,32.366851806640625
877,25.717897415161133
878,36.85181427001953
879,40.385047912597656
880,44.97297668457031
881,31.96990966796875
882,19.789461135864258
883,40.139469146728516
884,43.9595947265625
885,39.69379425048828
886,32.00554656982422
887,31.144001007080078
888,16.710268020629883
889,26.746379852294922
890,28.79106903076172
891,29.90842628479004
892,23.619287490844727
893,31.653430938720703
894,30.090953826904297
895,39.038047790527344
896,39.18666458129883
897,32.89092254638672
898,35.95138168334961
899,35.677978515625
900,30.090744018554688
901,32.882835388183594
902,31.26522445678711
903,50.50135803222656
904,39.78773498535156
905,34.655792236328125
906,46.34228515625
907,32.41281509399414
908,25.470094680786133
909,36.36006164550781
910,40.89368438720703
911,45.681182861328125
912,32.455223083496094
913,21.17571258544922
914,41.35826110839844
915,42.42131805419922
916,38.019493103027344
917,29.274906158447266
918,29.599411010742188
919,15.737406730651855
920,26.469036102294922
921,28.786495208740234
922,30.152782440185547
923,24.05108642578125
924,30.32368278503418
925,30.635963439941406
926,35.9661865234375
927,38.85991668701172
928,31.643091201782227
929,35.520423889160156
930,35.70339584350586
931,30.007923126220703
932,32.51133346557617
933,32.41045379638672
934,50.27899932861328
935,40.779541015625
936,34.74518966674805
937,46.53888702392578
938,33.28083419799805
939,26.75516700744629
940,38.548057556152344
941,40.13713073730469
942,44.358970642089844
943,31.71781349182129
944,19.404197692871094
945,40.25839614868164
946,42.822906494140625
947,37.87632369995117
948,28.889423370361328
949,29.352025985717773
950,15.842069625854492
951,26.735986709594727
952,29.26430892944336
953,29.40768814086914
954,23.498058319091797
955,30.77850914001465
956,29.839481353759766
957,37.13032531738281
958,38.589778900146484
959,31.929031372070312
960,35.472984313964844
961,35.68370819091797
962,29.960018157958984
963,33.027099609375
964,31.090816497802734
965,50.035118103027344
966,39.96889114379883
967,34.607177734375
968,46.51631164550781
969,32.317359924316406
970,25.61246681213379
971,36.77307891845703
972,40.27334976196289
973,44.712669372558594
974,31.68512725830078
975,19.398523330688477
976,39.92165756225586
977,44.17469024658203
978,39.606849670410156
979,32.19106674194336
980,31.416202545166016
981,16.850719451904297
982,26.60086441040039
983,29.008968353271484
984,30.015945434570312
985,23.4498233795166
986,31.726608276367188
987,30.16476821899414
988,40.71980285644531
989,40.377296447753906
990,34.781898498535156
991,37.40298843383789
992,35.96703338623047
993,30.312744140625
994,32.56202697753906
995,30.99567413330078
996,50.35302734375
997,39.22643280029297
998,35.41242218017578
999,46.5416374206543
1000,35.072166442871094
1001,26.709060668945312
1002,37.246742248535156
1003,40.10628890991211
1004,44.816383361816406
1005,31.895090103149414
1006,20.505155563354492
1007,40.82923126220703
1008,42.18431091308594
1009,37.77545166015625
1010,29.01156997680664
1011,29.40156364440918
1012,15.628915786743164
1013,26.37657928466797
1014,28.63622283935547
1015,30.05129051208496
1016,23.965152740478516
1017,30.19283676147461
1018,30.424758911132812
1019,35.87480926513672
1020,38.49668884277344
1021,31.58831787109375
1022,35.345848083496094
1023,35.364341735839844
1024,29.793949127197266
1025,32.60554504394531
1026,31.284648895263672
1027,49.856109619140625
1028,39.745880126953125
1029,34.46104049682617
1030,46.241661071777344
1031,32.1472282409668
1032,25.35483169555664
1033,36.37364959716797
1034,40.24372100830078
1035,44.775123596191406
1036,31.727481842041016
1037,19.960159301757812
1038,40.1246452331543
1039,42.83617401123047
1040,38.574989318847656
1041,30.551513671875
1042,30.237018585205078
1043,15.959198951721191
1044,26.29561424255371
1045,28.563087463378906
1046,29.541040420532227
1047,23.360742568969727
1048,31.186992645263672
1049,29.682315826416016
1050,38.39958953857422
1051,38.71257400512695
1052,32.44567108154297
1053,35.568359375
1054,35.182533264160156
1055,29.84235382080078
1056,32.6417236328125
1057,31.12557029724121
1058,50.07817077636719
1059,39.292327880859375
1060,34.247581481933594
1061,45.749122619628906
1062,32.016754150390625
1063,25.14202880859375
1064,36.00865173339844
1065,40.552032470703125
1066,45.26764678955078
1067,32.14330291748047
1068,21.240238189697266
1069,41.12808609008789
1070,41.77301025390625
1071,37.76085662841797
1072,28.988727569580078
1073,29.361282348632812
1074,15.61843204498291
1075,26.417217254638672
1076,28.421403884887695
1077,30.164066314697266
1078,24.067523956298828
1079,30.161746978759766
1080,30.31926727294922
1081,35.95845413208008
1082,38.17980194091797
1083,31.81739044189453
1084,35.541717529296875
1085,34.962646484375
1086,29.963966369628906
1087,31.964359283447266
1088,31.911602020263672
1089,50.07353973388672
1090,39.33189392089844
1091,34.030391693115234
1092,45.23045349121094
1093,32.70115661621094
1094,25.767101287841797
1095,36.87295913696289
1096,39.4732666015625
1097,43.99337387084961
1098,31.448204040527344
1099,19.79729461669922
1100,39.50400924682617
1101,42.936065673828125
1102,39.87392044067383
1103,32.094322204589844
1104,30.841684341430664
1105,16.60336685180664
1106,27.0480899810791
1107,27.947084426879883
1108,29.737821578979492
1109,23.395423889160156
1110,31.341115951538086
1111,29.764297485351562
1112,39.214385986328125
1113,38.8123893737793
1114,33.639015197753906
1115,36.63792037963867
1116,34.654911041259766
1117,30.28986930847168
1118,31.850074768066406
1119,31.465667724609375
1120,51.65559768676758
1121,38.54090118408203
1122,35.04437255859375
1123,45.033790588378906
1124,34.950965881347656
1125,26.378753662109375
1126,36.767417907714844
1127,39.860618591308594
1128,44.98631286621094
1129,32.32838439941406
1130,22.75796127319336
1131,42.41178894042969
1132,41.28089904785156
1133,38.46488952636719
1134,29.385162353515625
1135,29.555248260498047
1136,15.837163925170898
1137,26.847030639648438
1138,27.979633331298828
1139,30.114187240600586
1140,23.873544692993164
1141,30.163528442382812
1142,30.134899139404297
1143,35.82004165649414
1144,37.99123001098633
1145,31.623992919921875
1146,35.34075164794922
1147,34.83364486694336
1148,29.758190155029297
1149,32.11164474487305
1150,31.629859924316406
1151,49.59834289550781
1152,39.28797149658203
1153,34.16164016723633
1154,45.73109817504883
1155,32.37956237792969
1156,25.28662109375
1157,36.17868423461914
1158,40.04325866699219
1159,44.571224212646484
1160,31.5498046875
1161,20.09185218811035
1162,40.1745491027832
1163,42.13203811645508
1164,37.74053192138672
1165,29.493532180786133
1166,29.652191162109375
1167,15.501420974731445
1168,25.934066772460938
1169,28.670516967773438
1170,29.402587890625
1171,23.201156616210938
1172,30.562211990356445
1173,29.316165924072266
1174,37.541969299316406
1175,38.59618377685547
1176,32.18565368652344
1177,35.22117614746094
1178,35.01087951660156
1179,29.417442321777344
1180,33.079349517822266
1181,30.219383239746094
1182,50.098731994628906
1183,38.74370193481445
1184,34.89972686767578
1185,45.81216812133789
1186,33.11223602294922
1187,25.103300094604492
1188,35.59751510620117
1189,40.825626373291016
1190,45.88237380981445
1191,32.85444641113281
1192,23.657501220703125
1193,43.50642395019531
1194,41.06636428833008
1195,37.347930908203125
1196,28.20815658569336
1197,29.17779541015625
1198,15.502716064453125
1199,26.178653717041016
1200,28.265884399414062
1201,29.769515991210938
1202,23.315078735351562
1203,30.268192291259766
1204,29.315475463867188
1205,37.16405487060547
1206,38.128662109375
1207,32.3442497253418
1208,35.5928955078125
1209,34.50511932373047
1210,29.732053756713867
1211,32.02983474731445
1212,31.069162368774414
1213,50.31803894042969
1214,38.293235778808594
1215,34.39582824707031
1216,44.906131744384766
1217,34.570884704589844
1218,26.29039764404297
1219,36.87236785888672
1220,39.24250030517578
1221,43.98849105834961
1222,31.447223663330078
1223,20.79580307006836
1224,40.379005432128906
1225,41.2229118347168
1226,38.11157989501953
1227,29.312225341796875
1228,29.32181167602539
1229,15.723554611206055
1230,26.8687744140625
1231,27.92461395263672
1232,29.713865280151367
1233,23.602272033691406
1234,30.10371971130371
1235,30.01171875
1236,35.546051025390625
1237,37.65552520751953
1238,31.454309463500977
1239,35.362030029296875
1240,34.43796157836914
1241,29.77735137939453
1242,31.648761749267578
1243,32.08861541748047
1244,49.617958068847656
1245,39.156646728515625
1246,33.749202728271484
1247,44.9611930847168
1248,32.916561126708984
1249,25.985065460205078
1250,37.355812072753906
1251,39.07013702392578
1252,43.375919342041016
1253,31.068119049072266
1254,19.34628677368164
1255,39.38639450073242
1256,41.83355712890625
1257,37.98664093017578
1258,29.338186264038086
1259,29.25408172607422
1260,15.476001739501953
1261,26.41214370727539
1262,28.19036865234375
1263,29.424964904785156
1264,23.27293586730957
1265,29.97774887084961
1266,29.548885345458984
1267,35.618438720703125
1268,37.706878662109375
1269,31.240617752075195
1270,34.98442840576172
1271,34.46829605102539
1272,29.502826690673828
1273,31.983903884887695
1274,31.435272216796875
1275,49.26776123046875
1276,38.934234619140625
1277,33.79121398925781
1278,45.11751174926758
1279,32.38686752319336
1280,25.368057250976562
1281,36.46260070800781
1282,39.229576110839844
1283,43.62080001831055
1284,31.02065658569336
1285,19.273021697998047
1286,39.174591064453125
1287,42.926841735839844
1288,39.2463264465332
1289,31.801578521728516
1290,30.95524024963379
1291,16.52326011657715
1292,26.552000045776367
1293,28.360076904296875
1294,29.68124008178711
1295,23.01992416381836
1296,31.049766540527344
1297,29.32705307006836
1298,39.22962188720703
1299,39.02852249145508
1300,33.56856155395508
1301,36.31329345703125
1302,34.69149398803711
1303,29.747968673706055
1304,32.01903533935547
1305,30.821239471435547
1306,49.66331100463867
1307,38.28462219238281
1308,34.53138732910156
1309,45.22828674316406
1310,34.52311706542969
1311,26.13266944885254
1312,36.67002487182617
1313,39.21466064453125
1314,43.86432647705078
1315,31.228530883789062
1316,20.371854782104492
1317,40.127193450927734
1318,41.130401611328125
1319,37.51249694824219
1320,28.84910011291504
1321,29.100234985351562
1322,15.434684753417969
1323,26.322961807250977
1324,28.11719512939453
1325,29.720684051513672
1326,23.558391571044922
1327,29.845088958740234
1328,29.805288314819336
1329,35.3318977355957
1330,37.69475555419922
1331,31.14931297302246
1332,34.86476516723633
1333,34.4082145690918
1334,29.41602325439453
1335,32.05035400390625
1336,31.27521514892578
1337,49.13676834106445
1338,38.927921295166016
1339,33.746307373046875
1340,45.104331970214844
1341,31.83370590209961
1342,24.973249435424805
1343,35.99135208129883
1344,39.31858825683594
1345,43.75740051269531
1346,31.047550201416016
1347,19.591829299926758
1348,39.32164764404297
1349,42.20060348510742
1350,38.61154556274414
1351,30.876678466796875
1352,30.32434844970703
1353,16.035642623901367
1354,26.333507537841797
1355,28.139530181884766
1356,29.378936767578125
1357,22.974559783935547
1358,30.959461212158203
1359,29.16345977783203
1360,38.37513732910156
1361,38.337554931640625
1362,32.7013053894043
1363,35.62333679199219
1364,34.22442626953125
1365,29.526111602783203
1366,32.26074981689453
1367,30.581615447998047
1368,50.787811279296875
1369,38.22221374511719
1370,34.98662185668945
1371,45.015472412109375
1372,34.751285552978516
1373,25.950122833251953
1374,36.2626838684082
1375,39.39072799682617
1376,44.33387756347656
1377,31.690006256103516
1378,21.963672637939453
1379,41.57793426513672
1380,40.559547424316406
1381,37.4898567199707
1382,28.30026626586914
1383,28.9530029296875
1384,15.534395217895508
1385,26.330493927001953
1386,28.04480743408203
1387,30.26300811767578
1388,24.066865921020508
1389,29.929338455200195
1390,30.186115264892578
1391,35.108184814453125
1392,37.62779998779297
1393,31.150775909423828
1394,34.90357971191406
1395,34.22907257080078
1396,29.528839111328125
1397,31.72426414489746
1398,31.94565200805664
1399,49.20663070678711
1400,38.87403869628906
1401,33.556785583496094
1402,44.60478210449219
1403,32.593055725097656
1404,25.441699981689453
1405,36.51220703125
1406,38.83148956298828
1407,43.25949478149414
1408,30.92444610595703
1409,19.522022247314453
1410,38.93899154663086
1411,42.284339904785156
1412,39.543785095214844
1413,31.924938201904297
1414,30.698497772216797
1415,16.468095779418945
1416,26.9130802154541
1417,27.695331573486328
1418,29.546817779541016
1419,23.04084014892578
1420,30.843151092529297
1421,29.172969818115234
1422,38.596351623535156
1423,38.293212890625
1424,33.21049499511719
1425,36.148075103759766
1426,34.02653121948242
1427,29.88105010986328
1428,31.481956481933594
1429,31.26949119567871
1430,50.392452239990234
1431,37.8584098815918
1432,34.07307815551758
1433,44.14400863647461
1434,33.549720764160156
1435,25.3488826751709
1436,35.80135726928711
1437,39.73493957519531
1438,44.795928955078125
1439,32.11662292480469
1440,23.31411361694336
1441,42.548316955566406
1442,40.45220947265625
1443,37.959407806396484
1444,28.935401916503906
1445,29.262367248535156
1446,15.650912284851074
1447,26.68359375
1448,27.65148162841797
1449,29.827014923095703
1450,23.367412567138672
1451,29.999650955200195
1452,29.334197998046875
1453,35.97046661376953
1454,37.29733657836914
1455,31.48719024658203
1456,35.17921447753906
1457,34.087257385253906
1458,29.58575439453125
1459,31.687801361083984
1460,31.446819305419922
1461,49.327911376953125
1462,38.549259185791016
1463,33.43418502807617
1464,44.51475524902344
1465,32.063175201416016
1466,25.17536163330078
1467,36.29753494262695
1468,38.92646026611328
1469,43.29996871948242
1470,30.85387420654297
1471,19.24211311340332
1472,38.90849304199219
1473,42.80408477783203
1474,39.486793518066406
1475,32.1864013671875
1476,31.157625198364258
1477,16.721168518066406
1478,26.692947387695312
1479,28.263713836669922
1480,29.764801025390625
1481,22.9510498046875
1482,30.7779541015625
1483,29.108972549438477
1484,39.02091979980469
1485,38.815284729003906
1486,33.440887451171875
1487,36.16259765625
1488,34.40364456176758
1489,29.635295867919922
1490,31.88515281677246
1491,30.7615966796875
1492,49.52332305908203
1493,38.03451919555664
1494,34.26805114746094
1495,44.8140983581543
1496,33.827571868896484
1497,25.533029556274414
1498,36.0217399597168
1499,39.300079345703125
1500,44.075584411621094
1501,31.406200408935547
1502,21.34471321105957
1503,40.8323974609375
1504,40.47002410888672
1505,37.30248260498047
1506,28.42511749267578
1507,28.930755615234375
1508,15.416425704956055
1509,26.295650482177734
1510,27.964420318603516
1511,29.954437255859375
1512,23.833282470703125
1513,29.827688217163086
1514,29.992416381835938
1515,35.059967041015625
1516,37.52009201049805
1517,31.066181182861328
1518,34.79494857788086
1519,34.10258483886719
1520,29.431060791015625
1521,31.702728271484375
1522,31.807079315185547
1523,49.0421257019043
1524,38.72064971923828
1525,33.47991180419922
1526,44.53647994995117
1527,32.4085578918457
1528,25.25226593017578
1529,36.26642608642578
1530,38.840919494628906
1531,43.26628875732422
1532,30.857624053955078
1533,19.59573745727539
1534,38.971378326416016
1535,41.9071044921875
1536,39.05859375
1537,31.32851791381836
1538,30.36678123474121
1539,16.163352966308594
1540,26.674602508544922
1541,27.66762924194336
1542,29.334260940551758
1543,22.943408966064453
1544,30.955509185791016
1545,29.099075317382812
1546,38.391876220703125
1547,38.02838134765625
1548,32.83278274536133
1549,35.82417297363281
1550,33.79632568359375
1551,29.748065948486328
1552,31.673500061035156
1553,31.098297119140625
1554,50.941993713378906
1555,37.7994270324707
1556,34.46772003173828
1557,44.162208557128906
1558,34.621578216552734
1559,25.926063537597656
1560,36.26744842529297
1561,39.090911865234375
1562,44.074806213378906
1563,31.609363555908203
1564,22.37786102294922
1565,41.57445526123047
1566,40.2891845703125
1567,38.035579681396484
1568,28.816600799560547
1569,29.102947235107422
1570,15.669958114624023
1571,26.712215423583984
1572,27.611759185791016
1573,30.32764434814453
1574,24.142990112304688
1575,30.055492401123047
1576,30.30091094970703
1577,34.91049575805664
1578,37.299232482910156
1579,31.143455505371094
1580,35.03639221191406
1581,33.85554122924805
1582,29.66600799560547
1583,31.287094116210938
1584,32.54328155517578
1585,49.32929611206055
1586,38.67889404296875
1587,33.23878479003906
1588,43.98584747314453
1589,32.72303009033203
1590,25.652355194091797
1591,36.867942810058594
1592,38.385986328125
1593,42.74715805053711
1594,30.822494506835938
1595,19.616016387939453
1596,38.94469451904297
1597,41.26293182373047
1598,38.76997375488281
1599,30.277267456054688
1600,29.514379501342773
1601,15.710651397705078
1602,27.03656768798828
1603,27.564516067504883
1604,29.237586975097656
1605,23.034700393676758
1606,30.332130432128906
1607,29.077972412109375
1608,36.55830383300781
1609,37.21333694458008
1610,31.837417602539062
1611,35.38813781738281
1612,33.76819610595703
1613,29.742996215820312
1614,31.39042854309082
1615,31.633453369140625
1616,49.67930603027344
1617,37.939109802246094
1618,33.15996551513672
1619,43.7331428527832
1620,31.954486846923828
1621,24.83534049987793
1622,35.59251403808594
1623,39.303260803222656
1624,43.97087097167969
1625,31.31314468383789
1626,21.331066131591797
1627,40.338226318359375
1628,40.39201736450195
1629,37.77724075317383
1630,29.034069061279297
1631,29.075307846069336
1632,15.550594329833984
1633,26.71035385131836
1634,27.63532257080078
1635,29.610170364379883
1636,23.467220306396484
1637,29.83477020263672
1638,29.530235290527344
1639,35.396759033203125
1640,37.110313415527344
1641,31.326141357421875
1642,35.06709671020508
1643,33.78834915161133
1644,29.55703353881836
1645,31.371414184570312
1646,31.67972183227539
1647,49.3858642578125
1648,38.153541564941406
1649,33.12548828125
1650,43.803157806396484
1651,31.890392303466797
1652,24.949127197265625
1653,35.87804412841797
1654,38.77668380737305
1655,43.26471710205078
1656,30.89306640625
1657,20.134645462036133
1658,39.17192840576172
1659,41.161102294921875
1660,38.76768493652344
1661,30.71474266052246
1662,29.887969970703125
1663,15.874629974365234
1664,26.75743293762207
1665,27.48910903930664
1666,29.363849639892578
1667,22.99311065673828
1668,30.289390563964844
1669,28.91562271118164
1670,37.13036346435547
1671,37.56740951538086
1672,32.42580032348633
1673,35.633506774902344
1674,33.704803466796875
1675,29.664844512939453
1676,31.45689582824707
1677,31.146989822387695
1678,50.089813232421875
1679,37.613731384277344
1680,33.821311950683594
1681,43.85873794555664
1682,33.40325927734375
1683,25.218111038208008
1684,35.67682647705078
1685,39.438636779785156
1686,44.42257308959961
1687,31.817405700683594
1688,22.997150421142578
1689,42.065303802490234
1690,40.12400817871094
1691,37.82553482055664
1692,28.887313842773438
1693,29.15146827697754
1694,15.555354118347168
1695,26.618549346923828
1696,27.564842224121094
1697,29.52521514892578
1698,23.1358699798584
1699,29.92621612548828
1700,29.054224014282227
1701,35.945892333984375
1702,37.15319061279297
1703,31.36333656311035
1704,34.94424057006836
1705,33.86034393310547
1706,29.417991638183594
1707,31.72278594970703
1708,31.170019149780273
1709,49.125282287597656
1710,38.132957458496094
1711,33.23737335205078
1712,44.21746826171875
1713,31.46749496459961
1714,24.552536010742188
1715,35.383480072021484
1716,39.296226501464844
1717,43.827552795410156
1718,31.08627700805664
1719,20.581890106201172
1720,39.8106575012207
1721,40.65934371948242
1722,37.46760940551758
1723,29.076236724853516
1724,29.15702247619629
1725,15.32384204864502
1726,26.206125259399414
1727,27.957630157470703
1728,29.08137321472168
1729,22.87938690185547
1730,29.993988037109375
1731,28.819530487060547
1732,36.22434616088867
1733,37.362483978271484
1734,31.323122024536133
1735,34.681793212890625
1736,33.95214080810547
1737,29.220169067382812
1738,31.92875862121582
1739,31.07738494873047
1740,48.8469352722168
1741,38.47050476074219
1742,33.32449722290039
1743,44.43919372558594
1744,31.536832809448242
1745,24.78388214111328
1746,35.87360382080078
1747,38.819129943847656
1748,43.15953826904297
1749,30.702613830566406
1750,19.29775619506836
1751,38.78323745727539
1752,42.28753662109375
1753,39.161495208740234
1754,31.831396102905273
1755,30.91448974609375
1756,16.530925750732422
1757,26.604976654052734
1758,28.07257843017578
1759,29.579692840576172
1760,22.819610595703125
1761,30.724681854248047
1762,28.939987182617188
1763,38.92521667480469
1764,38.62375259399414
1765,33.3419075012207
1766,36.03850173950195
1767,34.10299301147461
1768,29.545387268066406
1769,31.68720245361328
1770,30.783477783203125
1771,49.3059196472168
1772,37.74043273925781
1773,34.02392578125
1774,44.458805084228516
1775,33.921268463134766
1776,25.574750900268555
1777,36.07334899902344
1778,38.91946792602539
1779,43.605918884277344
1780,31.07494354248047
1781,20.924942016601562
1782,40.24507522583008
1783,40.268959045410156
1784,37.28008270263672
1785,28.45481300354004
1786,28.8369140625
1787,15.500762939453125
1788,26.599685668945312
1789,27.903480529785156
1790,29.141157150268555
1791,23.04619789123535
1792,29.752161026000977
1793,29.310070037841797
1794,35.065189361572266
1795,37.21430969238281
1796,30.87802505493164
1797,34.77740478515625
1798,33.827484130859375
1799,29.381505966186523
1800,31.342275619506836
1801,32.27953338623047
1802,49.126686096191406
1803,38.84467315673828
1804,33.22593688964844
1805,44.045021057128906
1806,32.366310119628906
1807,25.67637825012207
1808,37.286617279052734
1809,38.3886604309082
1810,42.60922622680664
1811,30.755168914794922
1812,19.244226455688477
1813,38.74681091308594
1814,41.25873947143555
1815,38.19044876098633
1816,29.659616470336914
1817,29.217510223388672
1818,15.439908981323242
1819,26.582359313964844
1820,27.762229919433594
1821,29.041667938232422
1822,22.875144958496094
1823,30.038185119628906
1824,28.854137420654297
1825,36.124698638916016
1826,37.183372497558594
1827,31.290536880493164
1828,34.784786224365234
1829,33.870323181152344
1830,29.336231231689453
1831,31.818754196166992
1832,31.136598587036133
1833,49.001319885253906
1834,38.22456359863281
1835,33.17021179199219
1836,44.10147476196289
1837,31.752979278564453
1838,24.906742095947266
1839,36.0003662109375
1840,38.64352035522461
1841,42.99660873413086
1842,30.664779663085938
1843,19.335634231567383
1844,38.680660247802734
1845,42.14961242675781
1846,39.28602600097656
1847,31.91344451904297
1848,30.865062713623047
1849,16.52967643737793
1850,26.692527770996094
1851,27.905582427978516
1852,29.53786849975586
1853,22.807924270629883
1854,30.718761444091797
1855,28.91800308227539
1856,38.9013786315918
1857,38.52155303955078
1858,33.345909118652344
1859,36.05979919433594
1860,33.96991729736328
1861,29.605030059814453
1862,31.513315200805664
1863,30.94774055480957
1864,49.35188674926758
1865,37.63056564331055
1866,34.04225540161133
1867,44.45527267456055
1868,34.999717712402344
1869,26.494979858398438
1870,37.10662841796875
1871,38.46958923339844
1872,42.91277313232422
1873,30.676572799682617
1874,19.632652282714844
1875,39.019222259521484
1876,41.12752151489258
1877,38.034297943115234
1878,29.834470748901367
1879,29.462711334228516
1880,15.450504302978516
1881,26.254179000854492
1882,27.81792449951172
1883,28.994138717651367
1884,22.776042938232422
1885,30.293956756591797
1886,28.686376571655273
1887,36.78429412841797
1888,37.44622802734375
1889,31.372095108032227
1890,34.56982421875
1891,33.9478759765625
1892,29.12537956237793
1893,32.236289978027344
1894,30.618764877319336
1895,48.70293045043945
1896,38.18901824951172
1897,33.3543586730957
1898,44.54759216308594
1899,31.350603103637695
1900,24.4517822265625
1901,35.310455322265625
1902,39.231300354003906
1903,43.67892074584961
1904,30.928213119506836
1905,20.21841812133789
1906,39.558746337890625
1907,40.768062591552734
1908,37.40752410888672
1909,29.191856384277344
1910,29.262958526611328
1911,15.311622619628906
1912,26.019031524658203
1913,27.996875762939453
1914,29.022140502929688
1915,22.77676010131836
1916,30.109798431396484
1917,28.64822006225586
1918,36.8036003112793
1919,37.66505432128906
1920,31.750276565551758
1921,34.80877685546875
1922,33.881103515625
1923,29.084739685058594
1924,32.14219665527344
1925,30.378162384033203
1926,49.17363739013672
1927,37.7171630859375
1928,33.96576690673828
1929,44.5100212097168
1930,33.66041946411133
1931,25.376712799072266
1932,35.873878479003906
1933,38.97340393066406
1934,43.62702560424805
1935,31.039886474609375
1936,20.895950317382812
1937,40.26826477050781
1938,40.158294677734375
1939,36.983612060546875
1940,28.162925720214844
1941,28.712440490722656
1942,15.405838012695312
1943,26.393756866455078
1944,28.014673233032227
1945,29.068119049072266
1946,22.974079132080078
1947,29.65654945373535
1948,29.186376571655273
1949,34.987457275390625
1950,37.242164611816406
1951,30.723474502563477
1952,34.53507995605469
1953,33.82857894897461
1954,29.182418823242188
1955,31.559215545654297
1956,31.76464080810547
1957,48.758636474609375
1958,38.608436584472656
1959,33.213218688964844
1960,44.18144989013672
1961,32.61383819580078
1962,25.77427101135254
1963,37.349769592285156
1964,38.476844787597656
1965,42.670433044433594
1966,30.631858825683594
1967,19.345727920532227
1968,39.09798812866211
1969,40.60335922241211
1970,37.205726623535156
1971,28.363048553466797
1972,28.71285629272461
1973,15.508410453796387
1974,26.66731071472168
1975,28.294662475585938
1976,28.719144821166992
1977,22.709617614746094
1978,30.148832321166992
1979,28.663726806640625
1980,36.163299560546875
1981,37.18901824951172
1982,31.107540130615234
1983,34.54511260986328
1984,33.86001205444336
1985,29.19683074951172
1986,32.03104019165039
1987,30.815431594848633
1988,48.77415084838867
1989,38.0673828125
1990,33.14390563964844
1991,44.156715393066406
1992,31.168087005615234
1993,24.37602996826172
1994,35.240966796875
1995,39.09992980957031
1996,43.55973434448242
1997,30.899234771728516
1998,20.44019317626953
1999,39.52012252807617
2000,40.48773193359375
2001,37.610694885253906
2002,29.326852798461914
2003,29.230457305908203
2004,15.377551078796387
2005,26.287662506103516
2006,27.73419761657715
2007,28.996227264404297
2008,22.766000747680664
2009,30.071359634399414
2010,28.63863754272461
2011,36.487266540527344
2012,37.32996368408203
2013,31.563648223876953
2014,34.77159118652344
2015,33.633663177490234
2016,29.16672706604004
2017,31.752151489257812
2018,30.778446197509766
2019,48.98588562011719
2020,37.63227462768555
2021,33.366844177246094
2022,43.97869110107422
2023,32.63427734375
2024,24.920516967773438
2025,35.592735290527344
2026,38.912208557128906
2027,43.51713562011719
2028,30.963560104370117
2029,20.862064361572266
2030,39.98824691772461
2031,40.09792709350586
2032,37.283241271972656
2033,28.590837478637695
2034,28.84233856201172
2035,15.37251091003418
2036,26.44232177734375
2037,27.665302276611328
2038,29.353485107421875
2039,23.210140228271484
2040,29.63872718811035
2041,29.350215911865234
2042,34.91096878051758
2043,37.060081481933594
2044,30.816146850585938
2045,34.564659118652344
2046,33.63556671142578
2047,29.196247100830078
2048,31.482845306396484
2049,31.680721282958984
2050,48.617122650146484
2051,38.365482330322266
2052,33.151371002197266
2053,44.13136672973633
2054,32.263729095458984
2055,25.258970260620117
2056,36.50918960571289
2057,38.400909423828125
2058,42.63835144042969
2059,30.58087158203125
2060,19.170080184936523
2061,38.67919921875
2062,41.20985412597656
2063,37.93845748901367
2064,29.630962371826172
2065,29.276386260986328
2066,15.304961204528809
2067,26.18548583984375
2068,27.82855987548828
2069,28.890411376953125
2070,22.71576499938965
2071,30.020355224609375
2072,28.586971282958984
2073,36.37335205078125
2074,37.271827697753906
2075,31.459617614746094
2076,34.686180114746094
2077,33.58464431762695
2078,29.126249313354492
2079,31.730865478515625
2080,30.77737045288086
2081,48.901790618896484
2082,37.59238815307617
2083,33.271636962890625
2084,43.888004302978516
2085,32.444637298583984
2086,24.81806755065918
2087,35.50926971435547
2088,38.88374328613281
2089,43.45431137084961
2090,30.90636444091797
2091,20.81116485595703
2092,39.88101577758789
2093,40.04768371582031
2094,37.31882095336914
2095,28.664663314819336
2096,28.85730743408203
2097,15.359773635864258
2098,26.44409942626953
2099,27.590723037719727
2100,29.400711059570312
2101,23.246662139892578
2102,29.632156372070312
2103,29.313465118408203
2104,34.92151641845703
2105,36.96324920654297
2106,30.86326026916504
2107,34.596832275390625
2108,33.530094146728516
2109,29.221010208129883
2110,31.367877960205078
2111,31.583511352539062
2112,48.69071960449219
2113,38.1016731262207
2114,33.02008819580078
2115,43.88285827636719
2116,32.065696716308594
2117,25.068403244018555
2118,36.23744201660156
2119,38.35143280029297
2120,42.629905700683594
2121,30.518096923828125
2122,19.346830368041992
2123,38.78379440307617
2124,40.82477569580078
2125,37.682273864746094
2126,29.250179290771484
2127,29.06708526611328
2128,15.253066062927246
2129,26.27904510498047
2130,27.903926849365234
2131,28.729198455810547
2132,22.647056579589844
2133,30.312389373779297
2134,28.522457122802734
2135,36.520294189453125
2136,37.16741943359375
2137,31.085350036621094
2138,34.40290832519531
2139,33.7856559753418
2140,29.139543533325195
2141,32.33033752441406
2142,30.405654907226562
2143,48.7706413269043
2144,37.659427642822266
2145,33.161041259765625
2146,44.06610107421875
2147,31.26675033569336
2148,24.161165237426758
2149,34.843292236328125
2150,39.59635925292969
2151,44.20622634887695
2152,31.379222869873047
2153,21.872642517089844
2154,40.94072723388672
2155,39.72014236450195
2156,36.73133850097656
2157,27.85443878173828
2158,28.60266876220703
2159,15.192448616027832
2160,25.976795196533203
2161,27.90019989013672
2162,29.57748794555664
2163,23.296186447143555
2164,29.470911026000977
2165,29.057022094726562
2166,35.13812255859375
2167,37.07179260253906
2168,30.88269805908203
2169,34.39908981323242
2170,33.550559997558594
2171,29.074993133544922
2172,31.536054611206055
2173,31.232040405273438
2174,48.52012634277344
2175,37.902015686035156
2176,32.98884582519531
2177,43.8436393737793
2178,31.71084213256836
2179,24.666488647460938
2180,35.62548065185547
2181,38.5423583984375
2182,42.90011215209961
2183,30.526676177978516
2184,19.633079528808594
2185,38.7515754699707
2186,40.98619079589844
2187,38.21003723144531
2188,30.406551361083984
2189,29.861034393310547
2190,15.722643852233887
2191,26.264434814453125
2192,27.59568977355957
2193,28.977176666259766
2194,22.63857650756836
2195,30.423233032226562
2196,28.539714813232422
2197,37.45942306518555
2198,37.479469299316406
2199,31.963003158569336
2200,34.959503173828125
2201,33.337337493896484
2202,29.214550018310547
2203,31.548137664794922
2204,30.802358627319336
2205,49.60130310058594
2206,37.174217224121094
2207,33.41497039794922
2208,43.32919692993164
2209,33.04307174682617
2210,24.936702728271484
2211,35.49097442626953
2212,38.87319564819336
2213,43.63158416748047
2214,31.2148380279541
2215,22.254175186157227
2216,41.07075500488281
2217,39.57991409301758
2218,37.75732421875
2219,28.628393173217773
2220,28.907140731811523
2221,15.591519355773926
2222,26.735376358032227
2223,27.272541046142578
2224,29.884363174438477
2225,23.740150451660156
2226,29.830842971801758
2227,29.80487823486328
2228,34.63471984863281
2229,36.774810791015625
2230,30.91441535949707
2231,34.79932403564453
2232,33.228633880615234
2233,29.502002716064453
2234,30.88150405883789
2235,32.63105773925781
2236,48.96662902832031
2237,38.038150787353516
2238,32.7033805847168
2239,43.124847412109375
2240,32.835960388183594
2241,25.754619598388672
2242,37.119407653808594
2243,37.7962532043457
2244,42.01537322998047
2245,30.606922149658203
2246,19.37334632873535
2247,38.237464904785156
2248,41.18387222290039
2249,39.32231140136719
2250,31.13981819152832
2251,29.811229705810547
2252,15.8373384475708
2253,26.960773468017578
2254,27.111682891845703
2255,29.095909118652344
2256,22.786056518554688
2257,30.347824096679688
2258,28.621623992919922
2259,36.972869873046875
2260,37.04756164550781
2261,31.81084442138672
2262,35.0374755859375
2263,33.1680908203125
2264,29.35669708251953
2265,31.194236755371094
2266,31.248306274414062
2267,49.044525146484375
2268,37.26347351074219
2269,32.8552360534668
2270,43.256858825683594
2271,32.01380157470703
2272,24.57241439819336
2273,35.24061584472656
2274,38.924705505371094
2275,43.53781509399414
2276,31.01361846923828
2277,21.537574768066406
2278,40.25094985961914
2279,39.57097244262695
2280,37.281822204589844
2281,28.47231101989746
2282,28.751840591430664
2283,15.422505378723145
2284,26.591934204101562
2285,27.452068328857422
2286,29.183259963989258
2287,23.081132888793945
2288,29.568111419677734
2289,29.19622039794922
2290,34.740631103515625
2291,36.82685089111328
2292,30.666282653808594
2293,34.43552017211914
2294,33.34287643432617
2295,29.070755004882812
2296,31.298587799072266
2297,31.600021362304688
2298,48.37689971923828
2299,37.98486328125
2300,32.90489959716797
2301,43.79609298706055
2302,31.921966552734375
2303,24.817588806152344
2304,35.824546813964844
2305,38.350013732910156
2306,42.606689453125
2307,30.370136260986328
2308,19.37519645690918
2309,38.40744400024414
2310,41.250457763671875
2311,38.71454620361328
2312,31.179279327392578
2313,30.29692840576172
2314,16.049739837646484
2315,26.425445556640625
2316,27.43570899963379
2317,28.934417724609375
2318,22.5634822845459
2319,30.727659225463867
2320,28.529239654541016
2321,37.71527099609375
2322,37.39271545410156
2323,31.759078979492188
2324,34.70263671875
2325,33.224388122558594
2326,29.067020416259766
2327,31.610767364501953
2328,30.662567138671875
2329,48.837303161621094
2330,37.173709869384766
2331,33.081687927246094
2332,43.56216049194336
2333,32.25663375854492
2334,24.544660568237305
2335,35.131324768066406
2336,39.01580810546875
2337,43.632076263427734
2338,31.051773071289062
2339,21.642772674560547
2340,40.50751495361328
2341,39.43008804321289
2342,36.79063415527344
2343,27.960031509399414
2344,28.583847045898438
2345,15.163593292236328
2346,26.022838592529297
2347,27.610214233398438
2348,29.456457138061523
2349,23.20346450805664
2350,29.41022491455078
2351,28.90167999267578
2352,35.128509521484375
2353,36.86500930786133
2354,30.819473266601562
2355,34.27996063232422
2356,33.336273193359375
2357,28.91396713256836
2358,31.591325759887695
2359,30.81170654296875
2360,48.29663848876953
2361,37.60270690917969
2362,32.851409912109375
2363,43.76678466796875
2364,31.285491943359375
2365,24.365699768066406
2366,35.277381896972656
2367,38.618873596191406
2368,42.90780258178711
2369,30.44637680053711
2370,19.79680633544922
2371,38.76626968383789
2372,40.50111389160156
2373,37.706764221191406
2374,29.809526443481445
2375,29.52619171142578
2376,15.43683910369873
2377,26.013103485107422
2378,27.53721046447754
2379,28.80779266357422
2380,22.517135620117188
2381,30.239103317260742
2382,28.340675354003906
2383,36.82984161376953
2384,37.12179946899414
2385,31.078319549560547
2386,34.247413635253906
2387,33.46803283691406
2388,28.992202758789062
2389,32.1484260559082
2390,30.32876968383789
2391,48.59023666381836
2392,37.24428176879883
2393,32.90167236328125
2394,43.641876220703125
2395,31.002887725830078
2396,23.946828842163086
2397,34.6014404296875
2398,39.95210647583008
2399,44.61448669433594
2400,31.81131362915039
2401,23.417556762695312
2402,42.016151428222656
2403,39.281925201416016
2404,36.85117721557617
2405,28.09061622619629
2406,28.815542221069336
2407,15.22996711730957
2408,26.029258728027344
2409,27.462486267089844
2410,29.174428939819336
2411,22.68511962890625
2412,29.745946884155273
2413,28.3597469329834
2414,36.48125457763672
2415,37.19194793701172
2416,31.65980339050293
2417,34.75543212890625
2418,33.173091888427734
2419,28.997257232666016
2420,31.617040634155273
2421,30.406442642211914
2422,49.33967590332031
2423,36.95061492919922
2424,33.42583465576172
2425,43.408599853515625
2426,32.28511047363281
2427,24.295791625976562
2428,34.74398422241211
2429,39.94966506958008
2430,44.923194885253906
2431,32.294281005859375
2432,24.989118576049805
2433,43.6196174621582
2434,39.50663757324219
2435,37.423988342285156
2436,27.855058670043945
2437,28.61516761779785
2438,15.199479103088379
2439,26.12358283996582
2440,27.43255043029785
2441,29.9732723236084
2442,23.395092010498047
2443,29.366376876831055
2444,28.74074363708496
2445,35.494720458984375
2446,37.077659606933594
2447,31.24535369873047
2448,34.48529815673828
2449,33.366146087646484
2450,28.79509925842285
2451,31.922651290893555
2452,30.020360946655273
2453,48.62017059326172
2454,37.118553161621094
2455,33.60054016113281
2456,44.07754135131836
2457,32.25106430053711
2458,24.291528701782227
2459,34.744224548339844
2460,39.71537780761719
2461,44.44926452636719
2462,31.77420997619629
2463,23.403438568115234
2464,42.30600357055664
2465,39.24229431152344
2466,36.44847869873047
2467,27.588720321655273
2468,28.701021194458008
2469,15.13778018951416
2470,25.809133529663086
2471,27.572803497314453
2472,29.108135223388672
2473,22.547754287719727
2474,29.917919158935547
2475,28.249534606933594
2476,36.53346252441406
2477,37.047027587890625
2478,30.951223373413086
2479,34.1479606628418
2480,33.359535217285156
2481,28.901273727416992
2482,32.007022857666016
2483,30.362625122070312
2484,48.386634826660156
2485,37.18455505371094
2486,32.73839569091797
2487,43.530845642089844
2488,30.765052795410156
2489,23.889692306518555
2490,34.594390869140625
2491,39.55597686767578
2492,44.047698974609375
2493,31.289506912231445
2494,22.294015884399414
2495,40.869266510009766
2496,39.139434814453125
2497,36.6625862121582
2498,27.766298294067383
2499,28.48922348022461
2500,15.116652488708496
2501,25.970029830932617
2502,27.476606369018555
2503,29.41021156311035
2504,23.14808464050293
2505,29.340126037597656
2506,28.811471939086914
2507,34.97892761230469
2508,36.694522857666016
2509,30.717100143432617
2510,34.20121765136719
2511,33.08485412597656
2512,28.862070083618164
2513,31.398996353149414
2514,30.849821090698242
2515,48.23158645629883
2516,37.2574462890625
2517,32.60988235473633
2518,43.33589172363281
2519,31.008703231811523
2520,24.079614639282227
2521,34.8824462890625
2522,38.72943878173828
2523,43.07387161254883
2524,30.54305076599121
2525,20.546220779418945
2526,39.24190902709961
2527,39.57562255859375
2528,36.97118377685547
2529,28.63234519958496
2530,28.80580711364746
2531,15.085600852966309
2532,26.046072006225586
2533,27.523296356201172
2534,28.64223861694336
2535,22.461763381958008
2536,29.716943740844727
2537,28.214685440063477
2538,35.859962463378906
2539,36.785125732421875
2540,30.89520835876465
2541,34.16344451904297
2542,33.076995849609375
2543,28.803232192993164
2544,31.595407485961914
2545,30.620176315307617
2546,48.139259338378906
2547,37.22144317626953
2548,32.62452697753906
2549,43.44352722167969
2550,30.78594207763672
2551,23.912992477416992
2552,34.682899475097656
2553,38.932891845703125
2554,43.28131103515625
2555,30.653223037719727
2556,20.82521629333496
2557,39.552520751953125
2558,39.37981033325195
2559,36.59718322753906
2560,28.118532180786133
2561,28.581392288208008
2562,14.99864673614502
2563,25.839807510375977
2564,27.55912971496582
2565,29.162729263305664
2566,22.933530807495117
2567,29.237051010131836
2568,28.83643913269043
2569,34.49711608886719
2570,36.874549865722656
2571,30.207395553588867
2572,33.7677001953125
2573,33.24774932861328
2574,28.582839965820312
2575,31.8319034576416
2576,30.433866500854492
2577,47.67616271972656
2578,37.563167572021484
2579,32.84511184692383
2580,43.980628967285156
2581,30.858325958251953
2582,24.059743881225586
2583,34.98287582397461
2584,38.58078384399414
2585,42.730735778808594
2586,30.219594955444336
2587,19.50246810913086
2588,38.55690383911133
2589,40.42771530151367
2590,37.38267517089844
2591,29.678050994873047
2592,29.58995246887207
2593,15.392605781555176
2594,25.729612350463867
2595,27.628379821777344
2596,28.56672477722168
2597,22.32853889465332
2598,30.2764835357666
2599,28.097631454467773
2600,36.23571014404297
2601,36.75162887573242
2602,30.451974868774414
2603,33.93524932861328
2604,33.3076057434082
2605,28.81472396850586
2606,31.76641273498535
2607,30.628015518188477
2608,47.97141647338867
2609,37.48185729980469
2610,32.586036682128906
2611,43.428192138671875
2612,30.5202693939209
2613,23.95138168334961
2614,34.914794921875
2615,38.3929328918457
2616,42.56473922729492
2617,30.184999465942383
2618,19.629411697387695
2619,38.36479949951172
2620,40.32069396972656
2621,37.836669921875
2622,30.20001792907715
2623,29.769359588623047
2624,15.61241340637207
2625,26.04254150390625
2626,27.34772491455078
2627,28.680360794067383
2628,22.33366584777832
2629,30.589874267578125
2630,28.320985794067383
2631,38.12326431274414
2632,37.559776306152344
2633,32.19718933105469
2634,34.897621154785156
2635,32.78759002685547
2636,28.896743774414062
2637,31.591041564941406
2638,30.274494171142578
2639,49.881595611572266
2640,36.82642364501953
2641,34.15934753417969
2642,43.54264831542969
2643,34.731658935546875
2644,25.631925582885742
2645,35.8456916809082
2646,38.101444244384766
2647,42.713375091552734
2648,30.54202651977539
2649,21.383668899536133
2650,40.05817413330078
2651,38.88625717163086
2652,36.83600616455078
2653,27.923337936401367
2654,28.462888717651367
2655,15.25704574584961
2656,26.301292419433594
2657,27.312177658081055
2658,28.990373611450195
2659,22.9117374420166
2660,29.2812442779541
2661,28.77464485168457
2662,34.61994171142578
2663,36.50484085083008
2664,30.496965408325195
2665,34.08729553222656
2666,32.81403350830078
2667,28.832530975341797
2668,31.083513259887695
2669,31.221288681030273
2670,48.03132247924805
2671,37.094459533691406
2672,32.41248321533203
2673,42.98426055908203
2674,31.27744483947754
2675,24.16461181640625
2676,34.98241424560547
2677,38.330387115478516
2678,42.6161994934082
2679,30.26084327697754
2680,20.224462509155273
2681,38.788841247558594
2682,39.46318054199219
2683,37.1246337890625
2684,28.935604095458984
2685,28.908781051635742
2686,15.112201690673828
2687,26.04075813293457
2688,27.29361915588379
2689,28.597017288208008
2690,22.361806869506836
2691,29.668346405029297
2692,28.050331115722656
2693,35.946372985839844
2694,36.70100021362305
2695,30.981884002685547
2696,34.148353576660156
2697,32.76326370239258
2698,28.712095260620117
2699,31.415287017822266
2700,30.48973274230957
2701,48.14836502075195
2702,36.689735412597656
2703,32.614288330078125
2704,42.99252700805664
2705,31.85234260559082
2706,24.262582778930664
2707,34.92276382446289
2708,38.421112060546875
2709,42.82849884033203
2710,30.442092895507812
2711,20.958967208862305
2712,39.48365020751953
2713,38.933597564697266
2714,36.69477844238281
2715,28.06525993347168
2716,28.461183547973633
2717,15.139897346496582
2718,26.233516693115234
2719,27.23356819152832
2720,28.869550704956055
2721,22.73295783996582
2722,29.258750915527344
2723,28.73698616027832
2724,34.32428741455078
2725,36.45772933959961
2726,30.204343795776367
2727,33.96062088012695
2728,32.787662506103516
2729,28.699264526367188
2730,31.1435489654541
2731,31.249792098999023
2732,47.74964904785156
2733,37.36544418334961
2734,32.439117431640625
2735,43.17852020263672
2736,31.598981857299805
2737,24.654455184936523
2738,35.885047912597656
2739,37.81541442871094
2740,41.83984375
2741,29.964311599731445
2742,18.97972869873047
2743,38.03892517089844
2744,40.126060485839844
2745,37.22246170043945
2746,29.01604652404785
2747,28.890562057495117
2748,14.974085807800293
2749,25.79401969909668
2750,27.525571823120117
2751,28.397323608398438
2752,22.229944229125977
2753,29.80837059020996
2754,27.902475357055664
2755,36.102664947509766
2756,36.762046813964844
2757,30.786523818969727
2758,33.85395812988281
2759,32.785865783691406
2760,28.510326385498047
2761,31.72409439086914
2762,30.17460060119629
2763,47.70103454589844
2764,36.7919807434082
2765,32.59192657470703
2766,43.29810333251953
2767,30.96394157409668
2768,23.700084686279297
2769,34.34093475341797
2770,38.92159652709961
2771,43.3080940246582
2772,30.70343589782715
2773,21.57923698425293
2774,40.2041015625
2775,38.635074615478516
2776,36.03363800048828
2777,27.301292419433594
2778,28.219919204711914
2779,14.89593505859375
2780,25.628976821899414
2781,27.54380989074707
2782,29.17520523071289
2783,22.856340408325195
2784,29.064151763916016
2785,28.418012619018555
2786,34.588417053222656
2787,36.49843978881836
2788,30.326717376708984
2789,33.749298095703125
2790,32.6725959777832
2791,28.554174423217773
2792,31.282901763916016
2793,30.680156707763672
2794,47.67226791381836
2795,36.72792053222656
2796,32.2389030456543
2797,42.697303771972656
2798,31.043981552124023
2799,23.970178604125977
2800,34.81198501586914
2801,38.031105041503906
2802,42.21160888671875
2803,29.999608993530273
2804,20.011571884155273
2805,38.402488708496094
2806,39.231773376464844
2807,37.22232437133789
2808,29.155858993530273
2809,28.969831466674805
2810,15.15162467956543
2811,26.08357810974121
2812,27.054040908813477
2813,28.4920597076416
2814,22.22213363647461
2815,29.628843307495117
2816,27.852027893066406
2817,36.03317642211914
2818,36.62772750854492
2819,31.085302352905273
2820,34.154136657714844
2821,32.45399475097656
2822,28.618820190429688
2823,31.282367706298828
2824,30.347421646118164
2825,48.3216438293457
2826,36.2065544128418
2827,32.70307922363281
2828,42.53345489501953
2829,32.73445510864258
2830,24.514577865600586
2831,35.01060104370117
2832,38.05931091308594
2833,42.48208236694336
2834,30.292749404907227
2835,21.327421188354492
2836,39.644100189208984
2837,38.419925689697266
2838,36.725955963134766
2839,27.97123908996582
2840,28.39488410949707
2841,15.139091491699219
2842,26.25315284729004
2843,26.970911026000977
2844,29.006406784057617
2845,22.892404556274414
2846,29.19234275817871
2847,28.715085983276367
2848,34.2232551574707
2849,36.16408920288086
2850,30.279727935791016
2851,33.9244499206543
2852,32.346256256103516
2853,28.773534774780273
2854,30.75800132751465
2855,31.63697624206543
2856,47.72349166870117
2857,36.84754943847656
2858,32.01622772216797
2859,42.29539489746094
2860,31.640409469604492
2861,24.4858341217041
2862,35.55192947387695
2863,37.39956283569336
2864,41.47167205810547
2865,29.747404098510742
2866,19.36378288269043
2867,37.62398910522461
2868,39.82431411743164
2869,38.3648567199707
2870,30.685287475585938
2871,29.711872100830078
2872,15.660578727722168
2873,26.40720558166504
2874,26.695058822631836
2875,28.542455673217773
2876,22.17696189880371
2877,30.199247360229492
2878,27.95457649230957
2879,37.287296295166016
2880,36.7567024230957
2881,31.698949813842773
2882,34.637290954589844
2883,32.05564498901367
2884,28.995882034301758
2885,30.664533615112305
2886,31.083826065063477
2887,48.89786148071289
2888,35.830909729003906
2889,32.5007438659668
2890,41.82208251953125
2891,33.90308380126953
2892,25.435415267944336
2893,35.97427749633789
2894,37.2523307800293
2895,41.5594596862793
2896,29.884912490844727
2897,20.497743606567383
2898,38.441429138183594
2899,38.65850830078125
2900,37.798866271972656
2901,29.361406326293945
2902,28.868730545043945
2903,15.398350715637207
2904,26.91245460510254
2905,26.573566436767578
2906,28.708499908447266
2907,22.4403133392334
2908,29.44657325744629
2909,28.276769638061523
2910,34.67649459838867
2911,35.823516845703125
2912,30.40451431274414
2913,34.36979293823242
2914,32.1595458984375
2915,29.028614044189453
2916,30.260963439941406
2917,32.31314468383789
2918,48.194122314453125
2919,36.79739761352539
2920,31.71698570251465
2921,41.54905319213867
2922,32.0277214050293
2923,25.227266311645508
2924,36.865142822265625
2925,36.94242477416992
2926,40.88090896606445
2927,29.795175552368164
2928,19.26698112487793
2929,37.54108810424805
2930,39.10128402709961
2931,37.73579025268555
2932,29.245742797851562
2933,28.717906951904297
2934,15.263764381408691
2935,26.740978240966797
2936,26.657028198242188
2937,28.54987335205078
2938,22.3309326171875
2939,29.384546279907227
2940,28.167491912841797
2941,34.64506149291992
2942,35.78772735595703
2943,30.318973541259766
2944,34.29667663574219
2945,32.134796142578125
2946,28.966907501220703
2947,30.286544799804688
2948,32.201908111572266
2949,48.10002517700195
2950,36.71066665649414
2951,31.666461944580078
2952,41.4894905090332
2953,31.900146484375
2954,25.096637725830078
2955,36.69569778442383
2956,36.89860153198242
2957,40.81450271606445
2958,29.79412841796875
2959,19.176950454711914
2960,37.33451843261719
2961,39.3796501159668
2962,38.158573150634766
2963,29.894241333007812
2964,29.005355834960938
2965,15.286149024963379
2966,26.771968841552734
2967,26.704692840576172
2968,28.320903778076172
2969,22.146472930908203
2970,29.882434844970703
2971,27.81853485107422
2972,35.75373458862305
2973,35.9798583984375
2974,30.67435646057129
2975,34.11885452270508
2976,32.02119064331055
2977,28.770408630371094
2978,30.78981590270996
2979,30.943801879882812
2980,47.780330657958984
2981,36.04823684692383
2982,31.70987892150879
2983,41.87010955810547
2984,30.508970260620117
2985,23.555896759033203
2986,34.315914154052734
2987,38.1254768371582
2988,42.29562759399414
2989,29.998292922973633
2990,20.80502700805664
2991,38.790550231933594
2992,38.22183609008789
2993,36.34384536743164
2994,27.96173858642578
2995,28.327590942382812
2996,14.848625183105469
2997,25.819297790527344
2998,26.942501068115234
2999,28.69158172607422
3000,22.453655242919922
3001,28.895875930786133
3002,28.245563507080078
3003,33.925601959228516
3004,36.149078369140625
3005,29.674179077148438
3006,33.26527404785156
3007,32.24049758911133
3008,28.203937530517578
3009,31.23070526123047
3010,30.655290603637695
3011,46.8248405456543
3012,36.71967697143555
3013,32.112525939941406
3014,42.89544677734375
3015,30.902591705322266
3016,23.96660614013672
3017,35.04357147216797
3018,37.6431770324707
3019,41.489994049072266
3020,29.456302642822266
3021,18.896953582763672
3022,37.65699005126953
3023,39.50746154785156
3024,36.77491760253906
3025,28.970806121826172
3026,29.009864807128906
3027,14.902055740356445
3028,25.361255645751953
3029,27.279998779296875
3030,28.015352249145508
3031,21.852252960205078
3032,29.65326690673828
3033,27.434606552124023
3034,35.45864486694336
3035,36.304317474365234
3036,29.963674545288086
3037,33.08244705200195
3038,32.38104248046875
3039,28.182945251464844
3040,32.05857849121094
3041,29.622713088989258
3042,47.010498046875
3043,36.030128479003906
3044,32.01247024536133
3045,42.597965240478516
3046,30.068222045898438
3047,23.11882781982422
3048,33.798274993896484
3049,38.71753692626953
3050,42.8737678527832
3051,30.35904312133789
3052,21.748809814453125
3053,39.82369613647461
3054,37.72909927368164
3055,35.54043197631836
3056,26.89672088623047
3057,27.952896118164062
3058,14.673416137695312
3059,25.36536407470703
3060,27.176671981811523
3061,28.954498291015625
3062,22.590003967285156
3063,28.752504348754883
3064,27.960384368896484
3065,34.2446403503418
3066,36.05574417114258
3067,29.86144256591797
3068,33.17711639404297
3069,32.03662872314453
3070,28.08956527709961
3071,31.33211898803711
3072,30.06359100341797
3073,46.916202545166016
3074,35.91228485107422
3075,31.869701385498047
3076,42.203067779541016
3077,30.50368309020996
3078,23.278789520263672
3079,33.95417022705078
3080,38.260066986083984
3081,42.43916702270508
3082,30.09221649169922
3083,21.494482040405273
3084,39.399688720703125
3085,37.62339401245117
3086,35.889225006103516
3087,27.319908142089844
3088,28.063459396362305
3089,14.777612686157227
3090,25.685184478759766
3091,26.84023666381836
3092,28.8455867767334
3093,22.524524688720703
3094,28.806129455566406
3095,27.943397521972656
3096,34.21295166015625
3097,35.80643844604492
3098,29.928518295288086
3099,33.343318939208984
3100,31.81317138671875
3101,28.222824096679688
3102,30.95462989807129
3103,30.522125244140625
3104,46.961246490478516
3105,35.979190826416016
3106,31.598243713378906
3107,41.857242584228516
3108,30.556875228881836
3109,23.60967254638672
3110,34.59135818481445
3111,37.31026840209961
3112,41.23890686035156
3113,29.34103775024414
3114,19.36191177368164
3115,37.32499313354492
3116,38.979671478271484
3117,37.48005294799805
3118,30.015277862548828
3119,29.500762939453125
3120,15.437810897827148
3121,25.984886169433594
3122,26.617023468017578
3123,28.191665649414062
3124,21.789596557617188
3125,30.029884338378906
3126,27.531253814697266
3127,37.128841400146484
3128,36.579105377197266
3129,31.332069396972656
3130,34.091461181640625
3131,31.53590965270996
3132,28.404071807861328
3133,31.094703674316406
3134,30.144662857055664
3135,48.86500549316406
3136,35.46799850463867
3137,32.942996978759766
3138,41.82375717163086
3139,33.70573806762695
3140,24.6749267578125
3141,34.94098663330078
3142,37.385536193847656
3143,41.77798080444336
3144,29.862957000732422
3145,21.723331451416016
3146,39.53952407836914
3147,37.370216369628906
3148,36.3608512878418
3149,27.48848533630371
3150,28.094459533691406
3151,15.020051956176758
3152,26.060380935668945
3153,26.543611526489258
3154,28.988231658935547
3155,22.92181396484375
3156,29.009624481201172
3157,28.814167022705078
3158,33.36562728881836
3159,35.88277816772461
3160,29.46453285217285
3161,33.211727142333984
3162,31.69325828552246
3163,28.193981170654297
3164,30.71444320678711
3165,31.415876388549805
3166,46.818634033203125
3167,36.60203170776367
3168,31.648317337036133
3169,41.95884323120117
3170,31.153114318847656
3171,24.46685028076172
3172,36.16915512084961
3173,37.0913200378418
3174,40.772193908691406
3175,29.269046783447266
3176,18.91220474243164
3177,37.533973693847656
3178,38.07729721069336
3179,35.72443771362305
3180,27.105127334594727
3181,27.830669403076172
3182,14.966628074645996
3183,26.0548152923584
3184,27.51416778564453
3185,27.692306518554688
3186,21.675094604492188
3187,29.11665916442871
3188,27.3992919921875
3189,33.965370178222656
3190,35.84296798706055
3191,29.3007755279541
3192,32.93619918823242
3193,31.899887084960938
3194,27.950658798217773
3195,31.081153869628906
3196,30.759801864624023
3197,46.47710037231445
3198,36.50141525268555
3199,31.71913719177246
3200,42.20207595825195
3201,30.948265075683594
3202,24.232036590576172
3203,35.80308151245117
3204,37.17478561401367
3205,40.857688903808594
3206,29.196247100830078
3207,18.91340446472168
3208,37.62944412231445
3209,38.02150344848633
3210,35.45161437988281
3211,26.869096755981445
3212,27.751527786254883
3213,14.844184875488281
3214,25.769329071044922
3215,27.57196617126465
3216,27.689090728759766
3217,21.639179229736328
3218,29.225662231445312
3219,27.168489456176758
3220,34.78922653198242
3221,35.902374267578125
3222,29.55080795288086
3223,32.757816314697266
3224,31.959766387939453
3225,27.981443405151367
3226,31.936389923095703
3227,29.543792724609375
3228,46.54246139526367
3229,35.601768493652344
3230,31.64365577697754
3231,42.071998596191406
3232,29.814329147338867
3233,22.870338439941406
3234,33.57778549194336
3235,38.1845588684082
3236,42.194828033447266
3237,29.83090591430664
3238,21.163677215576172
3239,39.053184509277344
3240,37.298301696777344
3241,35.27449417114258
3242,26.746898651123047
3243,27.769142150878906
3244,14.684904098510742
3245,25.48745346069336
3246,27.033117294311523
3247,28.23538589477539
3248,22.056446075439453
3249,28.57937240600586
3250,27.933727264404297
3251,33.350337982177734
3252,36.036888122558594
3253,29.109222412109375
3254,32.76259994506836
3255,31.738624572753906
3256,27.891712188720703
3257,31.052757263183594
3258,31.113662719726562
3259,46.36959457397461
3260,36.539520263671875
3261,31.634721755981445
3262,42.014427185058594
3263,31.005441665649414
3264,24.34023666381836
3265,36.07710647583008
3266,37.04764938354492
3267,40.63258743286133
3268,29.105525970458984
3269,19.04459571838379
3270,37.6857795715332
3271,37.426822662353516
3272,35.39836120605469
3273,26.644187927246094
3274,27.73379135131836
3275,15.141846656799316
3276,26.02588653564453
3277,27.03504180908203
3278,27.870208740234375
3279,21.80603790283203
3280,28.63688087463379
3281,27.736343383789062
3282,33.37400436401367
3283,35.77251052856445
3284,29.171539306640625
3285,32.9394645690918
3286,31.544084548950195
3287,27.949926376342773
3288,30.73956298828125
3289,31.357707977294922
3290,46.55012512207031
3291,36.58958053588867
3292,31.567785263061523
3293,41.80974578857422
3294,30.07210922241211
3295,23.541379928588867
3296,34.98410415649414
3297,36.837039947509766
3298,40.506011962890625
3299,29.14006996154785
3300,18.600440979003906
3301,36.79145812988281
3302,39.15324401855469
3303,37.103981018066406
3304,29.431928634643555
3305,29.096067428588867
3306,14.94821834564209
3307,25.444412231445312
3308,26.76449966430664
3309,27.71193504333496
3310,21.537073135375977
3311,29.525415420532227
3312,27.018693923950195
3313,34.77973556518555
3314,35.5781135559082
3315,29.19230842590332
3316,32.89621353149414
3317,32.08182144165039
3318,28.199880599975586
3319,31.917888641357422
3320,29.651338577270508
3321,46.494388580322266
3322,35.35891342163086
3323,31.305322647094727
3324,41.53396224975586
3325,29.68784523010254
3326,22.859228134155273
3327,33.66739273071289
3328,37.63045883178711
3329,41.53010177612305
3330,29.387142181396484
3331,20.520360946655273
3332,38.07916259765625
3333,37.26133346557617
3334,35.823360443115234
3335,27.645055770874023
3336,28.104963302612305
3337,14.665555953979492
3338,25.65462303161621
3339,26.56780433654785
3340,28.1441707611084
3341,21.861454010009766
3342,28.6074161529541
3343,27.473325729370117
3344,33.61259841918945
3345,35.49527359008789
3346,29.264568328857422
3347,32.795936584472656
3348,31.36167335510254
3349,27.84955406188965
3350,30.93838119506836
3351,30.276409149169922
3352,46.208377838134766
3353,35.571510314941406
3354,31.286043167114258
3355,41.519474029541016
3356,30.11627769470215
3357,23.226362228393555
3358,34.273685455322266
3359,36.96378707885742
3360,40.710296630859375
3361,28.939720153808594
3362,18.9963436126709
3363,36.82843017578125
3364,38.75164794921875
3365,37.27752685546875
3366,30.121755599975586
3367,29.7281494140625
3368,15.560050964355469
3369,25.864582061767578
3370,26.631189346313477
3371,28.080106735229492
3372,21.483165740966797
3373,30.00352668762207
3374,27.348243713378906
3375,37.81039810180664
3376,37.120826721191406
3377,32.037235260009766
3378,34.5362548828125
3379,31.53542137145996
3380,28.323747634887695
3381,30.650564193725586
3382,30.144317626953125
3383,46.6605339050293
3384,34.85501480102539
3385,31.90163230895996
3386,41.47140121459961
3387,33.2617073059082
3388,24.6849308013916
3389,35.319759368896484
3390,36.66118621826172
3391,40.5195198059082
3392,28.92037010192871
3393,19.342466354370117
3394,37.10271072387695
3395,37.764713287353516
3396,36.290348052978516
3397,28.38447380065918
3398,28.454811096191406
3399,14.717961311340332
3400,25.605649948120117
3401,26.555233001708984
3402,27.70338249206543
3403,21.469873428344727
3404,29.297340393066406
3405,26.935331344604492
3406,35.024417877197266
3407,35.522525787353516
3408,29.39719009399414
3409,32.71746063232422
3410,31.510374069213867
3411,27.897619247436523
3412,31.51854133605957
3413,29.719310760498047
3414,46.1705207824707
3415,35.30498123168945
3416,31.257007598876953
3417,41.54322052001953
3418,29.69452476501465
3419,22.831201553344727
3420,33.69279098510742
3421,37.35517501831055
3422,41.15193557739258
3423,29.093631744384766
3424,19.83692741394043
3425,37.5183219909668
3426,37.48886489868164
3427,35.80463790893555
3428,27.953340530395508
3429,28.366374969482422
3430,14.634790420532227
3431,25.36619758605957
3432,26.69721031188965
3433,27.7397518157959
3434,21.450931549072266
3435,29.165761947631836
3436,26.87859535217285
3437,34.84933853149414
3438,35.60061264038086
3439,29.233001708984375
3440,32.48768615722656
3441,31.619768142700195
3442,27.777278900146484
3443,31.86385154724121
3444,29.418432235717773
3445,45.92873764038086
3446,35.3888053894043
3447,31.420095443725586
3448,41.90436935424805
3449,29.610239028930664
3450,22.75185203552246
3451,33.58376693725586
3452,37.49961471557617
3453,41.2612190246582
3454,29.107267379760742
3455,19.79526138305664
3456,37.66090774536133
3457,37.486515045166016
3458,35.44279479980469
3459,27.57098960876465
3460,28.252565383911133
3461,14.518566131591797
3462,25.127134323120117
3463,26.938583374023438
3464,27.725664138793945
3465,21.434371948242188
3466,29.170419692993164
3467,26.85767364501953
3468,34.79491424560547
3469,35.71521759033203
3470,29.101272583007812
3471,32.29479217529297
3472,31.76340103149414
3473,27.72321319580078
3474,32.279632568359375
3475,29.121248245239258
3476,45.79350280761719
3477,35.40365219116211
3478,31.588457107543945
3479,42.26943588256836
3480,29.24463653564453
3481,22.47432518005371
3482,33.1668815612793
3483,38.20747756958008
3484,42.01872634887695
3485,29.624231338500977
3486,20.99794578552246
3487,38.97843551635742
3488,36.89603042602539
3489,34.49708938598633
3490,26.044944763183594
3491,27.519046783447266
3492,14.45452880859375
3493,24.92926597595215
3494,27.31195831298828
3495,28.239538192749023
3496,21.953508377075195
3497,28.344175338745117
3498,27.74391746520996
3499,33.113189697265625
3500,36.225589752197266
3501,28.668333053588867
3502,32.11347579956055
3503,31.528797149658203
3504,27.675580978393555
3505,31.46628761291504
3506,31.241832733154297
3507,45.88554382324219
3508,36.75511932373047
3509,31.715351104736328
3510,42.209781646728516
3511,29.89797019958496
3512,23.524229049682617
3513,35.17998504638672
3514,36.95949172973633
3515,40.36792755126953
3516,28.747894287109375
3517,18.65767478942871
3518,37.07902908325195
3519,37.40342712402344
3520,34.96836471557617
3521,26.56183433532715
3522,27.559999465942383
3523,14.527536392211914
3524,25.319713592529297
3525,27.105600357055664
3526,27.48322296142578
3527,21.346874237060547
3528,28.704744338989258
3529,26.83757209777832
3530,34.046146392822266
3531,35.470664978027344
3532,28.9766902923584
3533,32.27454376220703
3534,31.303953170776367
3535,27.541845321655273
3536,31.43291473388672
3537,29.69952964782715
3538,45.546485900878906
3539,35.475059509277344
3540,31.25156593322754
3541,41.72766876220703
3542,29.088289260864258
3543,22.571300506591797
3544,33.5621337890625
3545,37.16493225097656
3546,40.73082733154297
3547,28.735036849975586
3548,19.02399253845215
3549,36.8765869140625
3550,38.09815216064453
3551,36.151710510253906
3552,28.934185028076172
3553,29.24687957763672
3554,15.075762748718262
3555,25.227880477905273
3556,26.810914993286133
3557,27.742427825927734
3558,21.274600982666016
3559,29.52589988708496
3560,26.7867374420166
3561,35.439796447753906
3562,35.74378204345703
3563,29.363588333129883
3564,32.27131652832031
3565,31.223464965820312
3566,27.566131591796875
3567,31.92633819580078
3568,29.155555725097656
3569,45.91474151611328
3570,34.709442138671875
3571,31.255142211914062
3572,41.28766632080078
3573,29.83559799194336
3574,22.517587661743164
3575,33.16644287109375
3576,37.813133239746094
3577,41.718162536621094
3578,29.56484031677246
3579,21.841388702392578
3580,39.21697235107422
3581,36.201480865478516
3582,34.890899658203125
3583,26.275405883789062
3584,27.518386840820312
3585,14.500654220581055
3586,25.247346878051758
3587,26.502517700195312
3588,28.29999542236328
3589,22.005847930908203
3590,28.286113739013672
3591,27.347061157226562
3592,33.2999267578125
3593,35.17656707763672
3594,29.075458526611328
3595,32.504661560058594
3596,30.70484161376953
3597,27.668289184570312
3598,30.551311492919922
3599,30.409027099609375
3600,45.835479736328125
3601,34.75576400756836
3602,30.652366638183594
3603,40.34479522705078
3604,30.166961669921875
3605,23.1339111328125
3606,34.2485466003418
3607,36.296993255615234
3608,39.90867233276367
3609,28.558780670166016
3610,19.11797523498535
3611,36.22311782836914
3612,37.721012115478516
3613,37.29623794555664
3614,30.02940559387207
3615,29.360157012939453
3616,15.38871955871582
3617,26.053028106689453
3618,25.855693817138672
3619,27.696117401123047
3620,21.270092010498047
3621,29.620712280273438
3622,26.833864212036133
3623,36.18787384033203
3624,35.55363845825195
3625,30.262306213378906
3626,33.126991271972656
3627,30.34247398376465
3628,27.897876739501953
3629,30.407081604003906
3630,30.30583953857422
3631,46.46406936645508
3632,34.02921676635742
3633,30.715572357177734
3634,39.867576599121094
3635,30.870975494384766
3636,22.95446014404297
3637,33.56143569946289
3638,37.03487014770508
3639,41.00112533569336
3640,29.18948745727539
3641,21.813377380371094
3642,38.69938278198242
3643,35.838539123535156
3644,35.44524002075195
3645,26.825124740600586
3646,27.645191192626953
3647,14.727007865905762
3648,25.789409637451172
3649,26.037498474121094
3650,28.00777244567871
3651,21.88007354736328
3652,28.310665130615234
3653,27.451595306396484
3654,32.925506591796875
3655,34.89258575439453
3656,28.89586639404297
3657,32.456504821777344
3658,30.374452590942383
3659,27.676010131835938
3660,30.315359115600586
3661,30.846115112304688
3662,45.600547790527344
3663,34.680625915527344
3664,30.488746643066406
3665,40.12495040893555
3666,30.36505126953125
3667,23.16573715209961
3668,34.332435607910156
3669,36.06770324707031
3670,39.592926025390625
3671,28.38815689086914
3672,19.166702270507812
3673,36.38300323486328
3674,36.536720275878906
3675,35.86886215209961
3676,27.767568588256836
3677,27.934701919555664
3678,14.640975952148438
3679,25.864866256713867
3680,25.855073928833008
3681,27.737682342529297
3682,21.47635841369629
3683,28.33697509765625
3684,27.109052658081055
3685,32.98844528198242
3686,34.71040725708008
3687,28.850509643554688
3688,32.617340087890625
3689,30.249074935913086
3690,27.716096878051758
3691,30.119564056396484
3692,31.0004825592041
3693,45.711090087890625
3694,34.59262466430664
3695,30.337121963500977
3696,39.854427337646484
3697,30.588890075683594
3698,23.578659057617188
3699,35.148162841796875
3700,35.92402267456055
3701,39.348167419433594
3702,28.440793991088867
3703,18.723392486572266
3704,36.03262710571289
3705,36.83222961425781
3706,35.84069061279297
3707,27.78730583190918
3708,27.93479347229004
3709,14.523612022399902
3710,25.64309310913086
3711,26.09469223022461
3712,27.336050033569336
3713,21.101932525634766
3714,28.523807525634766
3715,26.469266891479492
3716,33.921268463134766
3717,34.84440231323242
3718,28.973583221435547
3719,32.24995803833008
3720,30.375274658203125
3721,27.473691940307617
3722,30.85399055480957
3723,29.905893325805664
3724,45.418678283691406
3725,34.266334533691406
3726,30.370697021484375
3727,40.06145477294922
3728,29.38678550720215
3729,22.469329833984375
3730,33.464378356933594
3731,36.3978271484375
3732,39.931251525878906
3733,28.360103607177734
3734,19.421375274658203
3735,36.305198669433594
3736,36.72074890136719
3737,36.105648040771484
3738,28.70069122314453
3739,28.702062606811523
3740,14.8715238571167
3741,25.568883895874023
3742,25.89800453186035
3743,27.329809188842773
3744,21.01556968688965
3745,29.19779396057129
3746,26.422378540039062
3747,34.893592834472656
3748,34.89524841308594
3749,29.11801528930664
3750,32.37964630126953
3751,30.308263778686523
3752,27.6036434173584
3753,30.797767639160156
3754,29.97209358215332
3755,45.581947326660156
3756,34.008827209472656
3757,30.224809646606445
3758,39.7298698425293
3759,29.46812629699707
3760,22.452604293823242
3761,33.39186477661133
3762,36.407066345214844
3763,39.96795654296875
3764,28.390127182006836
3765,19.81001091003418
3766,36.49791717529297
3767,36.241031646728516
3768,35.846961975097656
3769,28.20323371887207
3770,28.322134017944336
3771,14.687856674194336
3772,25.630064010620117
3773,25.824670791625977
3774,27.345544815063477
3775,21.011938095092773
3776,28.793476104736328
3777,26.32240867614746
3778,34.558406829833984
3779,34.90357971191406
3780,29.108592987060547
3781,32.209800720214844
3782,30.20781135559082
3783,27.39813804626465
3784,30.910438537597656
3785,29.733530044555664
3786,45.300376892089844
3787,33.99249267578125
3788,30.29656982421875
3789,39.97739028930664
3790,29.1602840423584
3791,22.175888061523438
3792,33.025142669677734
3793,36.7511100769043
3794,40.31589889526367
3795,28.5269718170166
3796,20.28322410583496
3797,37.072723388671875
3798,35.77975082397461
3799,34.96316146850586
3800,27.0
3801,27.731447219848633
3802,14.386070251464844
3803,25.284574508666992
3804,26.097412109375
3805,27.548171997070312
3806,21.231353759765625
3807,28.092397689819336
3808,26.633466720581055
3809,32.9273796081543
3810,34.784725189208984
3811,28.465595245361328
3812,31.88437843322754
3813,30.219383239746094
3814,27.189451217651367
3815,30.86643409729004
3816,29.684358596801758
3817,44.92243194580078
3818,34.1031379699707
3819,30.392059326171875
3820,40.1937141418457
3821,29.416828155517578
3822,22.331756591796875
3823,33.2844352722168
3824,36.395015716552734
3825,39.86158752441406
3826,28.236417770385742
3827,19.36617088317871
3828,36.33162307739258
3829,36.38407897949219
3830,35.427921295166016
3831,27.95381736755371
3832,28.375993728637695
3833,14.591633796691895
3834,25.207969665527344
3835,26.08243751525879
3836,27.196474075317383
3837,20.87835693359375
3838,29.039552688598633
3839,26.259387969970703
3840,35.03416061401367
3841,35.11162567138672
3842,29.161550521850586
3843,32.05753707885742
3844,30.088308334350586
3845,27.227476119995117
3846,30.947160720825195
3847,29.614513397216797
3848,45.06059646606445
3849,33.8665885925293
3850,30.232576370239258
3851,39.89322280883789
3852,29.085479736328125
3853,22.074283599853516
3854,32.9206657409668
3855,36.70303726196289
3856,40.23092269897461
3857,28.46213722229004
3858,20.341035842895508
3859,37.0474967956543
3860,35.565059661865234
3861,34.811100006103516
3862,26.831226348876953
3863,27.640727996826172
3864,14.358595848083496
3865,25.25920867919922
3866,26.03144073486328
3867,27.52646255493164
3868,21.219627380371094
3869,28.00417137145996
3870,26.658191680908203
3871,32.69228744506836
3872,34.722957611083984
3873,28.294300079345703
3874,31.77437973022461
3875,30.093704223632812
3876,27.12300682067871
3877,30.772624969482422
3878,29.843914031982422
3879,44.65888595581055
3880,34.12959671020508
3881,30.359848022460938
3882,40.2203254699707
3883,29.600250244140625
3884,22.44603157043457
3885,33.48854064941406
3886,36.18476867675781
3887,39.5545768737793
3888,28.06683349609375
3889,18.863574981689453
3890,35.93491744995117
3891,36.88984298706055
3892,35.85636520385742
3893,28.7652645111084
3894,29.013042449951172
3895,14.967071533203125
3896,25.28842544555664
3897,26.13579559326172
3898,27.259857177734375
3899,20.805604934692383
3900,29.15019416809082
3901,26.192928314208984
3902,34.9890251159668
3903,35.06068420410156
3904,29.000211715698242
3905,31.875654220581055
3906,30.00513458251953
3907,27.129558563232422
3908,31.10445785522461
3909,29.413536071777344
3910,44.889610290527344
3911,33.65971755981445
3912,30.180740356445312
3913,39.79312515258789
3914,29.094764709472656
3915,21.97269058227539
3916,32.79463195800781
3917,36.676971435546875
3918,40.18486404418945
3919,28.428115844726562
3920,20.4919376373291
3921,37.17111587524414
3922,35.28717803955078
3923,34.525211334228516
3924,26.451730728149414
3925,27.455181121826172
3926,14.332322120666504
3927,25.189987182617188
3928,25.99193572998047
3929,27.634281158447266
3930,21.297327041625977
3931,27.932483673095703
3932,26.76923179626465
3933,32.44580841064453
3934,34.61378860473633
3935,28.208967208862305
3936,31.83481788635254
3937,29.88636589050293
3938,27.17095947265625
3939,30.44483757019043
3940,30.349124908447266
3941,44.72336959838867
3942,34.09926223754883
3943,30.09459114074707
3944,39.66969680786133
3945,30.069427490234375
3946,22.89297866821289
3947,34.27134323120117
3948,35.718143463134766
3949,39.00473403930664
3950,28.083229064941406
3951,18.583919525146484
3952,35.61132049560547
3953,36.48202896118164
3954,35.540584564208984
3955,27.833120346069336
3956,28.08354377746582
3957,14.411745071411133
3958,25.235530853271484
3959,25.993379592895508
3960,26.98422622680664
3961,20.755245208740234
3962,28.747751235961914
3963,26.032772064208984
3964,34.15983200073242
3965,34.65794372558594
3966,28.496610641479492
3967,31.703271865844727
3968,30.04730224609375
3969,27.163410186767578
3970,31.23845672607422
3971,29.33538055419922
3972,44.691471099853516
3973,33.638633728027344
3974,30.10946273803711
3975,39.79838562011719
3976,28.936735153198242
3977,21.91643524169922
3978,32.81661605834961
3979,36.41745376586914
3980,39.81905746459961
3981,28.16314125061035
3982,19.863365173339844
3983,36.5393180847168
3984,35.475852966308594
3985,34.679901123046875
3986,26.941715240478516
3987,27.773387908935547
3988,14.310463905334473
3989,25.09174346923828
3990,26.05162811279297
3991,27.094436645507812
3992,20.787933349609375
3993,28.30880355834961
3994,25.991966247558594
3995,33.83989334106445
3996,34.74716567993164
3997,28.786540985107422
3998,31.80416488647461
3999,29.757795333862305
4000,26.99844741821289
4001,30.956321716308594
4002,29.278121948242188
4003,44.84071731567383
4004,33.28131866455078
4005,30.37284278869629
4006,39.62009811401367
4007,30.32537078857422
4008,22.26980972290039
4009,32.924560546875
4010,36.44058609008789
4011,40.02566909790039
4012,28.39522933959961
4013,20.953035354614258
4014,37.6103401184082
4015,34.77804946899414
4016,34.18107223510742
4017,25.883464813232422
4018,27.208660125732422
4019,14.33682918548584
4020,25.07900619506836
4021,26.073410034179688
4022,27.64980697631836
4023,21.438621520996094
4024,27.81594467163086
4025,26.748275756835938
4026,32.376888275146484
4027,34.58002853393555
4028,28.15961265563965
4029,31.569658279418945
4030,29.75077247619629
4031,27.000743865966797
4032,30.73374366760254
4033,29.72535514831543
4034,44.327388763427734
4035,33.60299301147461
4036,29.993810653686523
4037,39.52946853637695
4038,29.36161994934082
4039,22.151216506958008
4040,33.19438552856445
4041,35.88662338256836
4042,39.2015380859375
4043,27.868186950683594
4044,19.162914276123047
4045,35.68488693237305
4046,35.94193649291992
4047,35.58605194091797
4048,28.350540161132812
4049,28.572744369506836
4050,14.769159317016602
4051,25.40431022644043
4052,25.646509170532227
4053,27.08049201965332
4054,20.66423797607422
4055,28.92608070373535
4056,26.042827606201172
4057,35.32920455932617
4058,35.000579833984375
4059,29.606008529663086
4060,32.39072036743164
4061,29.30027961730957
4062,27.276243209838867
4063,30.443288803100586
4064,29.741239547729492
4065,45.99367904663086
4066,32.78556823730469
4067,30.321123123168945
4068,38.553863525390625
4069,30.825258255004883
4070,22.350919723510742
4071,32.904048919677734
4072,36.634037017822266
4073,40.46891784667969
4074,28.951406478881836
4075,23.32144546508789
4076,39.3922233581543
4077,34.54738998413086
4078,35.2857551574707
4079,26.78129005432129
4080,27.683683395385742
4081,14.638405799865723
4082,25.862306594848633
4083,25.257848739624023
4084,27.60483741760254
4085,21.115034103393555
4086,28.078662872314453
4087,26.35955810546875
4088,32.99400329589844
4089,34.06108093261719
4090,28.530431747436523
4091,32.18659973144531
4092,29.402206420898438
4093,27.39288902282715
4094,30.04852867126465
4095,30.58812141418457
4096,44.86246109008789
4097,33.45444107055664
4098,29.6171932220459
4099,38.820152282714844
4100,29.683597564697266
4101,22.60013771057129
4102,34.02268600463867
4103,35.460906982421875
4104,38.668094635009766
4105,27.87711524963379
4106,18.514265060424805
4107,35.31266784667969
4108,36.246337890625
4109,35.385337829589844
4110,27.786420822143555
4111,28.111797332763672
4112,14.353940963745117
4113,25.02033042907715
4114,25.987253189086914
4115,26.781076431274414
4116,20.598146438598633
4117,28.508848190307617
4118,25.852445602416992
4119,33.55830001831055
4120,34.58122634887695
4121,28.193315505981445
4122,31.3222599029541
4123,29.921632766723633
4124,26.942073822021484
4125,31.658479690551758
4126,28.870878219604492
4127,44.34806442260742
4128,33.306209564208984
4129,30.128742218017578
4130,39.83745193481445
4131,28.559040069580078
4132,21.486034393310547
4133,32.2198600769043
4134,37.2131462097168
4135,40.67073440551758
4136,28.807514190673828
4137,22.000917434692383
4138,38.48383331298828
4139,34.480499267578125
4140,33.85972595214844
4141,25.521224975585938
4142,27.17677116394043
4143,14.17051887512207
4144,24.83867835998535
4145,26.04598045349121
4146,27.828432083129883
4147,21.228792190551758
4148,27.710500717163086
4149,26.39958953857422
4150,32.35116958618164
4151,34.5339241027832
4152,27.92348289489746
4153,31.309080123901367
4154,29.639204025268555
4155,26.81192398071289
4156,30.872373580932617
4157,29.53879165649414
4158,43.99217224121094
4159,33.59361267089844
4160,29.976211547851562
4161,39.66533660888672
4162,28.977113723754883
4163,21.974966049194336
4164,33.09785079956055
4165,35.847354888916016
4166,39.02729797363281
4167,27.707195281982422
4168,18.759790420532227
4169,35.40525436401367
4170,36.35945129394531
4171,35.74337387084961
4172,28.889127731323242
4173,29.147008895874023
4174,15.09100341796875
4175,25.346193313598633
4176,25.86324119567871
4177,27.12754249572754
4178,20.53923988342285
4179,29.288728713989258
4180,26.216360092163086
4181,36.66482162475586
4182,36.02219009399414
4183,30.84187126159668
4184,33.32628631591797
4185,29.711688995361328
4186,27.393922805786133
4187,30.356531143188477
4188,29.58857536315918
4189,44.60533142089844
4190,32.76610565185547
4191,30.301538467407227
4192,39.12834930419922
4193,31.44679832458496
4194,22.822172164916992
4195,33.50489044189453
4196,35.684837341308594
4197,39.11183547973633
4198,27.84452247619629
4199,20.033891677856445
4200,36.35176086425781
4201,34.65741729736328
4202,34.486976623535156
4203,26.481611251831055
4204,27.3759708404541
4205,14.375821113586426
4206,25.390199661254883
4207,25.53873634338379
4208,27.2460880279541
4209,21.022907257080078
4210,27.761363983154297
4211,26.527517318725586
4212,32.16197967529297
4213,34.224220275878906
4214,27.93830680847168
4215,31.566295623779297
4216,29.290538787841797
4217,26.9749813079834
4218,30.25370216369629
4219,30.371305465698242
4220,44.20500946044922
4221,33.44575500488281
4222,29.652027130126953
4223,38.98276138305664
4224,29.70590591430664
4225,22.420368194580078
4226,33.696327209472656
4227,35.4140625
4228,38.54790496826172
4229,27.63312530517578
4230,18.86248207092285
4231,35.41514587402344
4232,35.170074462890625
4233,34.8411865234375
4234,26.9642333984375
4235,27.546775817871094
4236,14.348893165588379
4237,25.39185333251953
4238,25.469959259033203
4239,27.168750762939453
4240,20.902542114257812
4241,27.778228759765625
4242,26.385284423828125
4243,32.21124267578125
4244,34.134212493896484
4245,27.966388702392578
4246,31.649627685546875
4247,29.220165252685547
4248,27.017963409423828
4249,30.158626556396484
4250,30.36793327331543
4251,44.288368225097656
4252,33.3205451965332
4253,29.549285888671875
4254,38.819793701171875
4255,29.716358184814453
4256,22.489002227783203
4257,33.86415100097656
4258,35.37595748901367
4259,38.45970153808594
4260,27.633272171020508
4261,18.561710357666016
4262,35.18321228027344
4263,35.537654876708984
4264,34.896461486816406
4265,27.18254852294922
4266,27.724803924560547
4267,14.23705768585205
4268,25.123676300048828
4269,25.77972984313965
4270,26.637372970581055
4271,20.45092010498047
4272,28.471057891845703
4273,25.69454574584961
4274,33.524681091308594
4275,34.22376251220703
4276,27.873600006103516
4277,31.36465835571289
4278,29.668804168701172
4279,26.94626235961914
4280,30.995006561279297
4281,29.4083251953125
4282,44.04212951660156
4283,33.247840881347656
4284,29.651578903198242
4285,39.17009735107422
4286,28.18073272705078
4287,21.526107788085938
4288,32.59833526611328
4289,35.97118377685547
4290,39.04911422729492
4291,27.613771438598633
4292,19.1249942779541
4293,35.42280960083008
4294,35.51316833496094
4295,35.02484893798828
4296,27.947402954101562
4297,28.523296356201172
4298,14.627532958984375
4299,24.961772918701172
4300,25.623207092285156
4301,26.75468635559082
4302,20.412811279296875
4303,28.670255661010742
4304,25.699703216552734
4305,33.81479263305664
4306,34.225502014160156
4307,27.974639892578125
4308,31.402456283569336
4309,29.510177612304688
4310,26.975826263427734
4311,30.83963394165039
4312,29.52520751953125
4313,44.163970947265625
4314,33.03546142578125
4315,29.4820556640625
4316,38.790733337402344
4317,28.55250358581543
4318,21.73126220703125
4319,32.8840217590332
4320,35.68305969238281
4321,38.74349594116211
4322,27.50611114501953
4323,18.860492706298828
4324,35.058841705322266
4325,35.840576171875
4326,35.67161560058594
4327,28.836435317993164
4328,29.02410125732422
4329,15.018075942993164
4330,25.259632110595703
4331,25.446508407592773
4332,26.794189453125
4333,20.40630340576172
4334,29.03564453125
4335,25.834421157836914
4336,34.86723327636719
4337,34.58517074584961
4338,28.617786407470703
4339,31.519426345825195
4340,29.17838478088379
4341,26.91668701171875
4342,30.919036865234375
4343,29.260417938232422
4344,44.485435485839844
4345,32.475887298583984
4346,29.508094787597656
4347,38.51293182373047
4348,28.906429290771484
4349,21.53308868408203
4350,32.32373046875
4351,36.697425842285156
4352,40.110107421875
4353,28.49585723876953
4354,22.25844955444336
4355,38.000221252441406
4356,33.925636291503906
4357,34.365718841552734
4358,26.051372528076172
4359,27.28585433959961
4360,14.35024356842041
4361,25.307083129882812
4362,25.234359741210938
4363,27.571910858154297
4364,21.15694236755371
4365,27.67767906188965
4366,26.212295532226562
4367,32.624168395996094
4368,33.99156951904297
4369,28.246517181396484
4370,31.60723876953125
4371,28.908878326416016
4372,26.926895141601562
4373,30.220626831054688
4374,29.769001007080078
4375,44.26927947998047
4376,32.478187561035156
4377,29.304405212402344
4378,38.346046447753906
4379,28.695255279541016
4380,21.505645751953125
4381,32.36652374267578
4382,36.42208480834961
4383,39.686241149902344
4384,28.132354736328125
4385,21.333127975463867
4386,37.045745849609375
4387,33.918697357177734
4388,34.13799285888672
4389,26.05758285522461
4390,27.263893127441406
4391,14.216724395751953
4392,25.02681541442871
4393,25.316728591918945
4394,27.341663360595703
4395,20.925796508789062
4396,27.55133056640625
4397,26.282032012939453
4398,32.06270980834961
4399,34.11946105957031
4400,27.693574905395508
4401,31.263669967651367
4402,28.98810577392578
4403,26.744476318359375
4404,30.264102935791016
4405,29.892189025878906
4406,43.78514862060547
4407,32.84788131713867
4408,29.42313003540039
4409,38.77409744262695
4410,29.009565353393555
4411,21.79338264465332
4412,32.856285095214844
4413,35.681304931640625
4414,38.68536376953125
4415,27.407913208007812
4416,19.08587646484375
4417,35.170745849609375
4418,35.06171417236328
4419,34.82809066772461
4420,27.657630920410156
4421,28.23851203918457
4422,14.448896408081055
4423,24.934614181518555
4424,25.33542823791504
4425,26.58488655090332
4426,20.272504806518555
4427,28.59206771850586
4428,25.627729415893555
4429,34.311065673828125
4430,34.36591339111328
4431,28.120899200439453
4432,31.161235809326172
4433,29.24077796936035
4434,26.879817962646484
4435,31.58648681640625
4436,28.668323516845703
4437,44.5116081237793
4438,32.07151794433594
4439,29.721580505371094
4440,38.61237716674805
4441,29.227476119995117
4442,21.484540939331055
4443,32.211952209472656
4444,36.887779235839844
4445,40.24504470825195
4446,28.673784255981445
4447,22.886333465576172
4448,38.67119598388672
4449,33.61280059814453
4450,33.68637466430664
4451,25.634122848510742
4452,27.466035842895508
4453,14.25674819946289
4454,24.77073860168457
4455,25.267786026000977
4456,26.89545249938965
4457,20.241840362548828
4458,28.421110153198242
4459,25.645143508911133
4460,34.90806579589844
4461,34.72818374633789
4462,28.71986198425293
4463,31.460533142089844
4464,28.81639289855957
4465,26.57238006591797
4466,30.690778732299805
4467,28.85855484008789
4468,44.02936553955078
4469,32.02924728393555
4470,29.681066513061523
4471,38.72444152832031
4472,29.347707748413086
4473,21.564355850219727
4474,32.29944610595703
4475,36.60149383544922
4476,39.78537368774414
4477,28.25026512145996
4478,21.777462005615234
4479,37.75505447387695
4480,33.51791763305664
4481,33.28358840942383
4482,24.9700984954834
4483,26.94309425354004
4484,13.894905090332031
4485,24.341413497924805
4486,25.390911102294922
4487,27.160436630249023
4488,20.626251220703125
4489,27.338903427124023
4490,25.875696182250977
4491,32.321170806884766
4492,34.294593811035156
4493,27.48856544494629
4494,30.85785484313965
4495,28.925241470336914
4496,26.38149070739746
4497,30.6331729888916
4498,28.929288864135742
4499,43.46238708496094
4500,32.19514083862305
4501,29.351022720336914
4502,38.683372497558594
4503,28.175241470336914
4504,21.151729583740234
4505,32.03754806518555
4506,36.74520492553711
4507,39.796722412109375
4508,28.18560218811035
4509,21.685935974121094
4510,37.35494613647461
4511,33.429664611816406
4512,33.43498611450195
4513,25.202613830566406
4514,26.93684959411621
4515,14.006750106811523
4516,24.54499626159668
4517,25.2557373046875
4518,27.296113967895508
4519,20.93204689025879
4520,27.331899642944336
4521,25.989364624023438
4522,32.39851379394531
4523,34.027957916259766
4524,27.804014205932617
4525,31.096139907836914
4526,28.69663429260254
4527,26.515443801879883
4528,30.435861587524414
4529,29.17110252380371
4530,43.622615814208984
4531,32.04795837402344
4532,29.19379997253418
4533,38.34527587890625
4534,28.186946868896484
4535,21.100534439086914
4536,31.966575622558594
4537,36.901180267333984
4538,40.04243850708008
4539,28.432676315307617
4540,22.484315872192383
4541,37.95231628417969
4542,33.30585479736328
4543,33.62184143066406
4544,25.385942459106445
4545,27.09929656982422
4546,14.066131591796875
4547,24.73675537109375
4548,25.095937728881836
4549,26.97063636779785
4550,20.468158721923828
4551,27.428884506225586
4552,25.65087890625
4553,32.513763427734375
4554,33.9669303894043
4555,27.584957122802734
4556,30.939800262451172
4557,28.766809463500977
4558,26.513835906982422
4559,30.51323127746582
4560,29.46554183959961
4561,43.435848236083984
4562,32.39448165893555
4563,29.070039749145508
4564,38.247989654541016
4565,29.049869537353516
4566,21.972206115722656
4567,33.3693962097168
4568,35.186866760253906
4569,37.89657211303711
4570,27.048843383789062
4571,18.377708435058594
4572,34.6678581237793
4573,34.637184143066406
4574,34.058868408203125
4575,26.403228759765625
4576,27.381397247314453
4577,13.986259460449219
4578,24.646312713623047
4579,25.491920471191406
4580,26.367422103881836
4581,20.127676010131836
4582,27.793476104736328
4583,25.370197296142578
4584,33.14482116699219
4585,34.20602035522461
4586,27.71967315673828
4587,30.758760452270508
4588,28.900114059448242
4589,26.338626861572266
4590,31.091236114501953
4591,28.75949478149414
4592,43.12971115112305
4593,32.38414764404297
4594,29.30044937133789
4595,38.830326080322266
4596,27.89693832397461
4597,21.142311096191406
4598,32.198062896728516
4599,35.95695877075195
4600,38.73838806152344
4601,27.295446395874023
4602,19.353490829467773
4603,35.24141311645508
4604,34.29357147216797
4605,33.87370681762695
4606,26.606918334960938
4607,27.74875259399414
4608,14.086963653564453
4609,24.485919952392578
4610,25.37932777404785
4611,26.338926315307617
4612,20.05721092224121
4613,28.28781509399414
4614,25.37075424194336
4615,33.6783561706543
4616,34.19771194458008
4617,27.46177864074707
4618,30.61300277709961
4619,29.229782104492188
4620,26.5589599609375
4621,31.912437438964844
4622,28.218847274780273
4623,43.354732513427734
4624,32.08448028564453
4625,29.511505126953125
4626,39.09894943237305
4627,27.68447494506836
4628,20.83211326599121
4629,31.661184310913086
4630,37.32994842529297
4631,40.35300064086914
4632,28.64214324951172
4633,22.593107223510742
4634,38.45101547241211
4635,33.27136993408203
4636,32.79213333129883
4637,24.519920349121094
4638,26.85034942626953
4639,13.819681167602539
4640,24.11620330810547
4641,25.717369079589844
4642,26.803142547607422
4643,20.256254196166992
4644,27.576705932617188
4645,25.371902465820312
4646,33.07324981689453
4647,34.39921569824219
4648,27.723539352416992
4649,30.679950714111328
4650,28.894975662231445
4651,26.151714324951172
4652,31.170330047607422
4653,28.547405242919922
4654,42.802894592285156
4655,32.36000442504883
4656,29.452045440673828
4657,39.173828125
4658,28.069747924804688
4659,21.304811477661133
4660,32.430606842041016
4661,35.90811538696289
4662,38.42361068725586
4663,26.981380462646484
4664,18.504497528076172
4665,34.76610565185547
4666,34.845584869384766
4667,33.90309524536133
4668,26.981399536132812
4669,28.20375633239746
4670,14.192627906799316
4671,24.03927993774414
4672,25.417823791503906
4673,26.152116775512695
4674,19.949237823486328
4675,28.27605628967285
4676,25.281044006347656
4677,32.84303665161133
4678,34.13816833496094
4679,26.967456817626953
4680,30.537399291992188
4681,29.03823471069336
4682,26.289371490478516
4683,30.62980079650879
4684,29.451833724975586
4685,43.06620788574219
4686,32.62548065185547
4687,29.072120666503906
4688,38.281185150146484
4689,28.994213104248047
4690,22.32714080810547
4691,34.22929763793945
4692,35.194786071777344
4693,37.56283187866211
4694,26.782169342041016
4695,18.31825828552246
4696,34.7480354309082
4697,33.715816497802734
4698,33.055206298828125
4699,24.91863441467285
4700,26.692481994628906
4701,14.195998191833496
4702,24.88306427001953
4703,25.72239875793457
4704,25.920610427856445
4705,19.87062644958496
4706,27.67281150817871
4707,25.3581600189209
4708,32.40519714355469
4709,34.10881805419922
4710,27.035301208496094
4711,30.4525203704834
4712,28.705123901367188
4713,26.150901794433594
4714,30.633852005004883
4715,28.930788040161133
4716,42.82956314086914
4717,32.06580352783203
4718,29.024316787719727
4719,38.5153923034668
4720,28.740041732788086
4721,22.077234268188477
4722,33.66326904296875
4723,35.49382400512695
4724,37.56156921386719
4725,26.530508041381836
4726,17.623260498046875
4727,33.93687438964844
4728,35.509544372558594
4729,34.7218132019043
4730,28.07073402404785
4731,28.792123794555664
4732,14.56395435333252
4733,24.19016456604004
4734,25.108484268188477
4735,25.999338150024414
4736,19.93781280517578
4737,29.080320358276367
4738,25.48127555847168
4739,34.623592376708984
4740,34.23654556274414
4741,27.688974380493164
4742,30.672714233398438
4743,28.700490951538086
4744,26.733129501342773
4745,31.959871292114258
4746,28.436582565307617
4747,44.19335174560547
4748,31.194387435913086
4749,29.08674430847168
4750,37.63710403442383
4751,28.10853385925293
4752,20.78229331970215
4753,31.670825958251953
4754,37.710052490234375
4755,40.98919677734375
4756,29.493398666381836
4757,25.847614288330078
4758,40.72614288330078
4759,33.14821243286133
4760,34.11829376220703
4761,25.126028060913086
4762,27.028236389160156
4763,14.069792747497559
4764,24.691360473632812
4765,24.680761337280273
4766,26.7622013092041
4767,20.06955337524414
4768,27.534608840942383
4769,25.2269344329834
4770,33.961517333984375
4771,34.423828125
4772,28.636690139770508
4773,31.527301788330078
4774,28.115755081176758
4775,26.24142837524414
4776,30.86723518371582
4777,28.154207229614258
4778,45.16475296020508
4779,31.227685928344727
4780,30.572362899780273
4781,38.45982360839844
4782,29.623794555664062
4783,21.16672706604004
4784,31.824613571166992
4785,37.96331787109375
4786,41.30950164794922
4787,30.211544036865234
4788,26.849281311035156
4789,42.604286193847656
4790,33.63334655761719
4791,33.666786193847656
4792,23.57023811340332
4793,26.452306747436523
4794,13.501380920410156
4795,23.627134323120117
4796,25.278520584106445
4797,27.366304397583008
4798,20.318498611450195
4799,26.996707916259766
4800,25.366472244262695
4801,33.133827209472656
4802,34.57698059082031
4803,27.558277130126953
4804,30.55311393737793
4805,28.497169494628906
4806,25.842477798461914
4807,31.05255126953125
4808,27.764535903930664
4809,43.150550842285156
4810,31.010652542114258
4811,29.72161865234375
4812,38.76658248901367
4813,28.82754898071289
4814,21.20745086669922
4815,32.0075798034668
4816,37.125892639160156
4817,39.7407341003418
4818,28.407609939575195
4819,22.460403442382812
4820,38.36112594604492
4821,32.55877685546875
4822,31.824129104614258
4823,23.96091651916504
4824,27.213298797607422
4825,14.016182899475098
4826,23.79971694946289
4827,25.326534271240234
4828,26.79293441772461
4829,19.76644515991211
4830,27.74658966064453
4831,25.284303665161133
4832,34.54364776611328
4833,34.842830657958984
4834,27.62204360961914
4835,30.31559944152832
4836,28.518451690673828
4837,25.824039459228516
4838,31.270503997802734
4839,27.849931716918945
4840,42.55342483520508
4841,31.268325805664062
4842,29.009178161621094
4843,38.639156341552734
4844,27.032424926757812
4845,20.742935180664062
4846,31.908313751220703
4847,36.720584869384766
4848,38.83281326293945
4849,27.307172775268555
4850,19.81998062133789
4851,35.60763168334961
4852,32.83298110961914
4853,31.885807037353516
4854,23.978504180908203
4855,26.5323486328125
4856,13.40220832824707
4857,23.371822357177734
4858,24.926231384277344
4859,26.607820510864258
4860,20.49799346923828
4861,26.796955108642578
4862,25.860183715820312
4863,32.04328536987305
4864,34.26454544067383
4865,27.14259147644043
4866,30.59551429748535
4867,28.166698455810547
4868,25.99054527282715
4869,30.335853576660156
4870,28.369861602783203
4871,43.12953186035156
4872,30.70196533203125
4873,29.1970157623291
4874,37.68989562988281
4875,29.643402099609375
4876,21.48192024230957
4877,32.27348327636719
4878,35.97929382324219
4879,38.75492858886719
4880,27.598440170288086
4881,21.585567474365234
4882,36.82377243041992
4883,32.36991500854492
4884,32.94485855102539
4885,24.66655921936035
4886,26.761154174804688
4887,13.8683443069458
4888,24.284149169921875
4889,24.557579040527344
4890,26.833303451538086
4891,20.506986618041992
4892,26.98855972290039
4893,25.68044090270996
4894,31.99378776550293
4895,33.68134689331055
4896,27.245508193969727
4897,30.699573516845703
4898,27.84709358215332
4899,26.22618293762207
4900,29.997018814086914
4901,29.11812400817871
4902,43.07597732543945
4903,30.815832138061523
4904,28.455007553100586
4905,37.0081672668457
4906,28.203039169311523
4907,20.903600692749023
4908,31.891164779663086
4909,36.31882095336914
4910,39.13768005371094
4911,27.854211807250977
4912,22.343599319458008
4913,37.03430938720703
4914,32.31426239013672
4915,33.49927520751953
4916,25.30400276184082
4917,27.000524520874023
4918,14.115272521972656
4919,24.802688598632812
4920,24.366317749023438
4921,26.89554214477539
4922,20.543170928955078
4923,27.12150764465332
4924,25.659074783325195
4925,32.08297348022461
4926,33.46520233154297
4927,27.348556518554688
4928,30.818147659301758
4929,27.815820693969727
4930,26.33494758605957
4931,29.987680435180664
4932,29.344392776489258
4933,42.91688537597656
4934,31.019207000732422
4935,28.25391960144043
4936,37.00114822387695
4937,28.408294677734375
4938,21.57535171508789
4939,33.129581451416016
4940,34.921024322509766
4941,36.950748443603516
4942,26.25040626525879
4943,17.649518966674805
4944,33.12160873413086
4945,35.18196487426758
4946,35.46381378173828
4947,29.266225814819336
4948,29.482725143432617
4949,15.240460395812988
4950,24.522493362426758
4951,24.443811416625977
4952,25.751253128051758
4953,19.76426887512207
4954,29.68454933166504
4955,25.864595413208008
4956,36.619667053222656
4957,35.091617584228516
4958,28.76618194580078
4959,31.09397315979004
4960,27.714879989624023
4961,26.04302978515625
4962,30.638078689575195
4963,28.210416793823242
4964,43.56892013549805
4965,30.385726928710938
4966,28.922122955322266
4967,37.32893753051758
4968,27.44632339477539
4969,20.419452667236328
4970,31.511999130249023
4971,37.77621841430664
4972,40.079193115234375
4973,28.41813850402832
4974,22.8812313079834
4975,37.494895935058594
4976,31.992355346679688
4977,32.29727554321289
4978,24.160184860229492
4979,26.741195678710938
4980,13.593689918518066
4981,23.74199676513672
4982,24.52216339111328
4983,26.05010223388672
4984,19.72698211669922
4985,26.875919342041016
4986,25.14095687866211
4987,32.13975143432617
4988,33.94089126586914
4989,26.603116989135742
4990,29.933271408081055
4991,28.006561279296875
4992,25.744911193847656
4993,30.577938079833984
4994,28.609134674072266
4995,42.037071228027344
4996,31.102754592895508
4997,28.472728729248047
4998,37.7047004699707
4999,27.817970275878906
5000,21.187030792236328
5001,32.68111038208008
5002,35.22132873535156
5003,37.034908294677734
5004,26.050825119018555
5005,17.44683837890625
5006,33.17006301879883
5007,35.1201057434082
5008,34.85138702392578
5009,28.88838005065918
5010,29.57566261291504
5011,15.249768257141113
5012,24.295358657836914
5013,24.774751663208008
5014,25.73255157470703
5015,19.535249710083008
5016,29.197528839111328
5017,25.495433807373047
5018,35.66387939453125
5019,34.74172592163086
5020,28.02315330505371
5021,30.4744873046875
5022,27.756132125854492
5023,25.79632568359375
5024,30.835405349731445
5025,28.201622009277344
5026,42.3930778503418
5027,30.523727416992188
5028,28.43146514892578
5029,37.32113265991211
5030,27.328907012939453
5031,20.397310256958008
5032,31.441869735717773
5033,36.66936111450195
5034,39.22390365600586
5035,27.89253807067871
5036,22.460620880126953
5037,37.1842155456543
5038,31.843313217163086
5039,32.49320602416992
5040,24.436748504638672
5041,26.79273796081543
5042,13.781431198120117
5043,24.127426147460938
5044,24.51653289794922
5045,26.116058349609375
5046,19.66411590576172
5047,27.15117073059082
5048,24.861881256103516
5049,32.87228775024414
5050,33.78005599975586
5051,27.312149047851562
5052,30.36736297607422
5053,27.599639892578125
5054,25.836854934692383
5055,30.5122127532959
5056,28.33161163330078
5057,42.36063003540039
5058,30.400489807128906
5059,28.51349639892578
5060,37.36598587036133
5061,27.632490158081055
5062,20.446733474731445
5063,31.455562591552734
5064,36.67723846435547
5065,39.18892288208008
5066,27.91927146911621
5067,22.48638916015625
5068,37.377986907958984
5069,31.736404418945312
5070,31.98898696899414
5071,24.064821243286133
5072,26.831193923950195
5073,13.620879173278809
5074,23.515758514404297
5075,24.61297607421875
5076,25.831443786621094
5077,19.35622787475586
5078,27.680448532104492
5079,24.898990631103516
5080,33.73310852050781
5081,34.11121368408203
5082,26.655786514282227
5083,29.679183959960938
5084,28.308645248413086
5085,26.227693557739258
5086,32.75139236450195
5087,27.33765983581543
5088,42.9919548034668
5089,30.0622501373291
5090,28.80427360534668
5091,37.827327728271484
5092,26.56153106689453
5093,20.095062255859375
5094,31.32844352722168
5095,37.6603889465332
5096,39.11606216430664
5097,27.359882354736328
5098,20.072711944580078
5099,35.05743408203125
5100,32.1497802734375
5101,31.45579719543457
5102,24.006772994995117
5103,26.673603057861328
5104,13.225726127624512
5105,23.064626693725586
5106,24.76129150390625
5107,25.337596893310547
5108,19.23942756652832
5109,27.39424705505371
5110,24.822494506835938
5111,32.862335205078125
5112,33.99479293823242
5113,26.35367774963379
5114,29.684999465942383
5115,28.0270938873291
5116,25.84983253479004
5117,31.197002410888672
5118,27.999832153320312
5119,42.03683090209961
5120,30.443422317504883
5121,28.166048049926758
5122,37.14674377441406
5123,27.069013595581055
5124,20.441843032836914
5125,31.693790435791016
5126,35.60660171508789
5127,37.72163772583008
5128,26.597702026367188
5129,19.515825271606445
5130,34.25503158569336
5131,32.34296417236328
5132,32.807029724121094
5133,25.578725814819336
5134,27.21634292602539
5135,13.815648078918457
5136,24.274272918701172
5137,24.44605827331543
5138,25.616628646850586
5139,19.43754005432129
5140,27.5307674407959
5141,24.75007438659668
5142,32.66264724731445
5143,33.36890411376953
5144,26.5333309173584
5145,30.109960556030273
5146,27.864303588867188
5147,25.97104835510254
5148,30.40395164489746
5149,29.069931030273438
5150,41.97588348388672
5151,30.947458267211914
5152,28.100566864013672
5153,36.97285842895508
5154,28.29777717590332
5155,21.6449031829834
5156,33.627342224121094
5157,34.888267517089844
5158,36.564918518066406
5159,25.886503219604492
5160,17.613374710083008
5161,33.1882209777832
5162,33.561580657958984
5163,33.049468994140625
5164,26.072813034057617
5165,27.576120376586914
5166,13.696549415588379
5167,23.506147384643555
5168,24.79862403869629
5169,25.3383846282959
5170,19.302013397216797
5171,27.62656593322754
5172,24.67892837524414
5173,32.42544174194336
5174,33.817752838134766
5175,26.265323638916016
5176,29.497955322265625
5177,28.055803298950195
5178,25.831880569458008
5179,31.86772918701172
5180,27.654804229736328
5181,41.9322509765625
5182,30.30710792541504
5183,28.372602462768555
5184,37.41462707519531
5185,26.938444137573242
5186,20.122224807739258
5187,31.191614151000977
5188,36.415809631347656
5189,38.70159149169922
5190,27.41433334350586
5191,21.47858428955078
5192,36.28544998168945
5193,31.529325485229492
5194,31.634830474853516
5195,23.72922134399414
5196,26.45481300354004
5197,13.507245063781738
5198,23.4335994720459
5199,24.973909378051758
5200,26.378042221069336
5201,19.8084659576416
5202,26.698888778686523
5203,24.953857421875
5204,31.68756675720215
5205,33.834632873535156
5206,26.38992691040039
5207,29.677202224731445
5208,27.675310134887695
5209,25.497127532958984
5210,30.988176345825195
5211,27.958520889282227
5212,41.735198974609375
5213,30.301511764526367
5214,28.55008888244629
5215,37.33485794067383
5216,27.89983367919922
5217,20.36749839782715
5218,31.329301834106445
5219,36.04949951171875
5220,38.49994659423828
5221,27.358741760253906
5222,21.770885467529297
5223,36.40248489379883
5224,31.4115047454834
5225,32.05129623413086
5226,24.081005096435547
5227,26.547523498535156
5228,13.72476577758789
5229,23.922584533691406
5230,24.631481170654297
5231,26.306991577148438
5232,19.84720230102539
5233,26.686450958251953
5234,25.01581573486328
5235,31.354442596435547
5236,33.4046630859375
5237,26.466333389282227
5238,29.945220947265625
5239,27.292987823486328
5240,25.73857879638672
5241,30.25360107421875
5242,28.87234115600586
5243,41.669891357421875
5244,30.381752014160156
5245,27.963327407836914
5246,36.651832580566406
5247,27.587188720703125
5248,20.446107864379883
5249,31.68810272216797
5250,35.09687042236328
5251,37.261573791503906
5252,26.326675415039062
5253,19.160457611083984
5254,33.787620544433594
5255,32.39727020263672
5256,32.89274597167969
5257,25.971195220947266
5258,27.521835327148438
5259,13.939248085021973
5260,24.149890899658203
5261,24.556974411010742
5262,25.44732093811035
5263,19.294593811035156
5264,27.507404327392578
5265,24.538206100463867
5266,32.478515625
5267,33.450679779052734
5268,26.459768295288086
5269,29.611570358276367
5270,27.724454879760742
5271,25.88664436340332
5272,31.937978744506836
5273,27.717073440551758
5274,42.02361297607422
5275,29.93694496154785
5276,28.33884048461914
5277,37.00864791870117
5278,27.171865463256836
5279,19.933338165283203
5280,30.96037483215332
5281,37.08707809448242
5282,39.646324157714844
5283,28.495220184326172
5284,24.537458419799805
5285,38.82393264770508
5286,31.26947784423828
5287,31.976131439208984
5288,23.918928146362305
5289,26.948686599731445
5290,13.98274040222168
5291,24.08345603942871
5292,24.6575984954834
5293,26.173227310180664
5294,19.354700088500977
5295,27.532812118530273
5296,24.624004364013672
5297,33.65364074707031
5298,33.747135162353516
5299,27.117944717407227
5300,29.96173858642578
5301,27.245574951171875
5302,25.698514938354492
5303,30.893665313720703
5304,28.338228225708008
5305,41.777061462402344
5306,29.979890823364258
5307,27.86366844177246
5308,36.4744758605957
5309,27.199487686157227
5310,20.126792907714844
5311,31.27305793762207
5312,35.7081298828125
5313,37.93373489379883
5314,26.8345890045166
5315,20.644092559814453
5316,35.02912902832031
5317,31.414064407348633
5318,31.94269371032715
5319,24.306385040283203
5320,26.567575454711914
5321,13.797801971435547
5322,24.095701217651367
5323,24.477705001831055
5324,26.112367630004883
5325,20.000402450561523
5326,26.57084846496582
5327,25.207805633544922
5328,31.116846084594727
5329,33.329383850097656
5330,26.39995002746582
5331,29.96055793762207
5332,27.09473991394043
5333,25.69833755493164
5334,30.0936336517334
5335,28.750255584716797
5336,41.58634567260742
5337,29.894514083862305
5338,27.836740493774414
5339,36.28982925415039
5340,27.44489097595215
5341,20.144519805908203
5342,31.251684188842773
5343,36.073936462402344
5344,38.48368453979492
5345,27.416959762573242
5346,22.44044303894043
5347,36.397457122802734
5348,31.049243927001953
5349,32.51447677612305
5350,24.5726375579834
5351,26.772232055664062
5352,13.931661605834961
5353,24.36585807800293
5354,24.088953018188477
5355,26.148136138916016
5356,19.68012046813965
5357,26.732133865356445
5358,24.792903900146484
5359,31.68747329711914
5360,33.09769821166992
5361,26.373781204223633
5362,29.882984161376953
5363,27.239810943603516
5364,25.736032485961914
5365,30.334331512451172
5366,28.946504592895508
5367,41.4341926574707
5368,30.33572006225586
5369,27.790502548217773
5370,36.600379943847656
5371,28.19232940673828
5372,21.213790893554688
5373,32.91710662841797
5374,34.700740814208984
5375,36.332027435302734
5376,25.715782165527344
5377,17.637113571166992
5378,32.8043098449707
5379,33.72797393798828
5380,33.7602653503418
5381,27.49030113220215
5382,28.656389236450195
5383,14.485997200012207
5384,23.972925186157227
5385,24.5703067779541
5386,25.343181610107422
5387,19.287988662719727
5388,28.32736587524414
5389,24.61686134338379
5390,32.99965286254883
5391,33.28173065185547
5392,26.149213790893555
5393,29.70112419128418
5394,27.834543228149414
5395,26.0270938873291
5396,31.415306091308594
5397,28.296817779541016
5398,41.59577178955078
5399,30.053424835205078
5400,27.709083557128906
5401,36.30000305175781
5402,27.53877067565918
5403,20.486616134643555
5404,31.941776275634766
5405,34.67770767211914
5406,36.5882453918457
5407,25.89111328125
5408,18.14159393310547
5409,32.778926849365234
5410,33.38962936401367
5411,34.047420501708984
5412,27.964824676513672
5413,28.932025909423828
5414,14.819190979003906
5415,24.284770965576172
5416,24.251590728759766
5417,25.31283950805664
5418,19.391620635986328
5419,29.147720336914062
5420,25.097387313842773
5421,34.97428512573242
5422,33.899967193603516
5423,27.428386688232422
5424,30.143739700317383
5425,27.038000106811523
5426,25.997798919677734
5427,31.14566421508789
5428,28.46548843383789
5429,42.581111907958984
5430,29.417524337768555
5431,27.951400756835938
5432,35.69742202758789
5433,28.196582794189453
5434,20.140592575073242
5435,31.126529693603516
5436,36.86397171020508
5437,39.70046615600586
5438,28.669307708740234
5439,25.864933013916016
5440,39.410789489746094
5441,31.22132110595703
5442,32.98002243041992
5443,24.573837280273438
5444,26.98855209350586
5445,14.107552528381348
5446,24.55314064025879
5447,24.070960998535156
5448,25.879009246826172
5449,19.302242279052734
5450,27.490032196044922
5451,24.546802520751953
5452,33.236446380615234
5453,33.271305084228516
5454,26.634872436523438
5455,29.870805740356445
5456,27.357118606567383
5457,26.012107849121094
5458,31.352108001708984
5459,28.154699325561523
5460,41.783443450927734
5461,29.54791259765625
5462,27.673398971557617
5463,36.285072326660156
5464,26.613502502441406
5465,19.81938362121582
5466,30.998077392578125
5467,36.5421028137207
5468,38.64369583129883
5469,27.452491760253906
5470,22.055177688598633
5471,36.15468978881836
5472,30.814250946044922
5473,31.270387649536133
5474,23.414260864257812
5475,26.378801345825195
5476,13.363943099975586
5477,23.104007720947266
5478,24.60328483581543
5479,25.64849853515625
5480,19.18094253540039
5481,26.899473190307617
5482,24.490692138671875
5483,32.83773422241211
5484,34.172611236572266
5485,26.54900550842285
5486,29.3616943359375
5487,27.525432586669922
5488,25.107749938964844
5489,31.437843322753906
5490,27.552967071533203
5491,40.613460540771484
5492,30.581735610961914
5493,28.447551727294922
5494,38.067752838134766
5495,26.88909149169922
5496,20.883188247680664
5497,32.5957145690918
5498,35.52717971801758
5499,36.52653503417969
5500,25.429622650146484
5501,17.214738845825195
5502,32.94221496582031
5503,33.63823318481445
5504,32.599430084228516
5505,26.288618087768555
5506,28.144184112548828
5507,13.90916919708252
5508,22.939956665039062
5509,24.835002899169922
5510,25.068134307861328
5511,19.14716911315918
5512,28.285381317138672
5513,24.578556060791016
5514,32.62151336669922
5515,33.6883430480957
5516,25.60323715209961
5517,29.09384536743164
5518,27.890159606933594
5519,25.564220428466797
5520,31.397747039794922
5521,28.024688720703125
5522,40.86066436767578
5523,30.592811584472656
5524,28.10535430908203
5525,37.212547302246094
5526,25.989608764648438
5527,19.793842315673828
5528,31.170621871948242
5529,35.33681106567383
5530,37.0430793762207
5531,25.993515014648438
5532,18.541912078857422
5533,33.20840072631836
5534,32.62250518798828
5535,32.777000427246094
5536,26.44780921936035
5537,28.168481826782227
5538,14.19200611114502
5539,23.685848236083984
5540,24.532344818115234
5541,25.171228408813477
5542,19.18511962890625
5543,28.244522094726562
5544,24.518997192382812
5545,32.74599075317383
5546,33.26511001586914
5547,25.81391716003418
5548,29.560474395751953
5549,28.08371353149414
5550,26.192766189575195
5551,32.150569915771484
5552,27.8065242767334
5553,41.59696578979492
5554,29.560955047607422
5555,27.66820526123047
5556,36.3592414855957
5557,26.292585372924805
5558,19.670211791992188
5559,30.85738182067871
5560,36.73295974731445
5561,38.895320892333984
5562,27.715160369873047
5563,22.95140838623047
5564,36.872840881347656
5565,30.67762565612793
5566,31.451765060424805
5567,23.723915100097656
5568,26.72550392150879
5569,13.595818519592285
5570,23.35539436340332
5571,24.377971649169922
5572,25.417917251586914
5573,18.970787048339844
5574,27.51039695739746
5575,24.501529693603516
5576,33.386898040771484
5577,33.76883316040039
5578,26.103321075439453
5579,29.068052291870117
5580,27.581602096557617
5581,25.863037109375
5582,33.03925704956055
5583,27.053720474243164
5584,42.045841217041016
5585,29.157470703125
5586,28.230966567993164
5587,37.0590934753418
5588,25.930559158325195
5589,19.53592300415039
5590,30.856924057006836
5591,37.2239875793457
5592,38.23576736450195
5593,26.664913177490234
5594,19.516647338867188
5595,33.981849670410156
5596,31.44762420654297
5597,31.020475387573242
5598,24.173067092895508
5599,26.9422664642334
5600,13.304064750671387
5601,22.7015380859375
5602,24.5695743560791
5603,24.8303279876709
5604,18.87910270690918
5605,27.35723876953125
5606,24.416528701782227
5607,32.174293518066406
5608,33.9195671081543
5609,25.609468460083008
5610,28.8586368560791
5611,27.356245040893555
5612,25.22258949279785
5613,31.374250411987305
5614,27.42149543762207
5615,40.786956787109375
5616,29.5836124420166
5617,27.72862434387207
5618,36.7418212890625
5619,26.953214645385742
5620,20.624893188476562
5621,32.38676834106445
5622,34.93633270263672
5623,35.900978088378906
5624,25.151960372924805
5625,16.850561141967773
5626,31.900005340576172
5627,34.457725524902344
5628,34.61029815673828
5629,29.325531005859375
5630,30.08572769165039
5631,15.725062370300293
5632,24.10536766052246
5633,24.20519256591797
5634,25.078746795654297
5635,18.97697639465332
5636,29.09493637084961
5637,25.2343807220459
5638,35.84577178955078
5639,34.608123779296875
5640,27.468124389648438
5641,29.841726303100586
5642,26.727006912231445
5643,25.26712417602539
5644,30.821699142456055
5645,27.73502540588379
5646,41.30329895019531
5647,28.981307983398438
5648,27.611303329467773
5649,36.064029693603516
5650,26.473661422729492
5651,19.672941207885742
5652,30.96284294128418
5653,37.320072174072266
5654,39.4813117980957
5655,28.480806350708008
5656,24.92987060546875
5657,38.61554718017578
5658,30.583351135253906
5659,31.73870277404785
5660,23.748126983642578
5661,27.02739715576172
5662,14.134403228759766
5663,24.090984344482422
5664,23.98919105529785
5665,25.940814971923828
5666,19.090497970581055
5667,27.263490676879883
5668,24.48949432373047
5669,33.777278900146484
5670,33.56974411010742
5671,26.857402801513672
5672,29.839929580688477
5673,26.67858123779297
5674,25.685596466064453
5675,30.643939971923828
5676,28.335039138793945
5677,41.73151397705078
5678,28.903793334960938
5679,27.291105270385742
5680,35.33995819091797
5681,26.931434631347656
5682,19.870811462402344
5683,31.113880157470703
5684,36.50266647338867
5685,38.71668243408203
5686,27.720012664794922
5687,23.664203643798828
5688,37.05574417114258
5689,30.460561752319336
5690,32.193599700927734
5691,24.827743530273438
5692,27.42384147644043
5693,14.355319023132324
5694,24.370498657226562
5695,23.884328842163086
5696,25.615375518798828
5697,19.024578094482422
5698,28.05064582824707
5699,24.823394775390625
5700,35.303627014160156
5701,34.327362060546875
5702,28.173023223876953
5703,30.649234771728516
5704,26.409400939941406
5705,25.592952728271484
5706,30.515460968017578
5707,28.174827575683594
5708,42.78916931152344
5709,28.956390380859375
5710,28.27144432067871
5711,35.51136779785156
5712,27.628482818603516
5713,19.69270133972168
5714,30.919384002685547
5715,37.36650085449219
5716,39.20332336425781
5717,27.85201644897461
5718,23.3685302734375
5719,36.57351303100586
5720,30.358165740966797
5721,31.668956756591797
5722,23.945049285888672
5723,26.71981430053711
5724,13.624972343444824
5725,23.53463363647461
5726,24.004119873046875
5727,25.34881591796875
5728,19.00437355041504
5729,26.642086029052734
5730,24.29500961303711
5731,32.371849060058594
5732,33.625831604003906
5733,26.16696548461914
5734,29.1757755279541
5735,26.899768829345703
5736,25.054458618164062
5737,30.965574264526367
5738,27.592147827148438
5739,40.512508392333984
5740,29.583492279052734
5741,27.7391357421875
5742,36.871131896972656
5743,27.15581703186035
5744,21.023273468017578
5745,33.02598571777344
5746,35.15462875366211
5747,35.82969665527344
5748,25.073915481567383
5749,17.13037109375
5750,32.310142517089844
5751,32.30539321899414
5752,31.714767456054688
5753,24.965946197509766
5754,27.171489715576172
5755,13.342733383178711
5756,22.783456802368164
5757,24.29480743408203
5758,24.64745330810547
5759,18.803325653076172
5760,27.408830642700195
5761,24.290668487548828
5762,31.802152633666992
5763,33.66920471191406
5764,25.29738998413086
5765,28.782970428466797
5766,27.18643569946289
5767,25.102581024169922
5768,30.99095916748047
5769,27.827472686767578
5770,40.334320068359375
5771,29.822158813476562
5772,27.843910217285156
5773,37.08649444580078
5774,27.097856521606445
5775,20.867084503173828
5776,32.70721435546875
5777,35.15896987915039
5778,36.00581741333008
5779,25.20345687866211
5780,17.47268295288086
5781,32.68412399291992
5782,32.029178619384766
5783,31.419815063476562
5784,24.59376335144043
5785,27.0158748626709
5786,13.33983039855957
5787,22.912878036499023
5788,24.625123977661133
5789,24.758380889892578
5790,18.85251235961914
5791,27.331886291503906
5792,24.22184181213379
5793,31.79391860961914
5794,33.497352600097656
5795,25.512128829956055
5796,28.830759048461914
5797,27.088275909423828
5798,25.264484405517578
5799,31.435970306396484
5800,27.630098342895508
5801,40.58049011230469
5802,29.33025360107422
5803,27.45707130432129
5804,36.19774627685547
5805,26.308551788330078
5806,19.655054092407227
5807,31.035245895385742
5808,35.318695068359375
5809,36.95350646972656
5810,26.07596778869629
5811,19.605714797973633
5812,33.49006652832031
5813,30.92017936706543
5814,31.77274513244629
5815,24.804075241088867
5816,26.995532989501953
5817,13.711106300354004
5818,23.95454978942871
5819,24.127870559692383
5820,24.985658645629883
5821,18.91193389892578
5822,27.059446334838867
5823,24.20768928527832
5824,32.03105163574219
5825,33.027462005615234
5826,25.921903610229492
5827,29.270837783813477
5828,26.8474063873291
5829,25.48063087463379
5830,31.147706985473633
5831,27.858308792114258
5832,40.77371597290039
5833,29.07184410095215
5834,27.316762924194336
5835,35.96902847290039
5836,26.388111114501953
5837,19.696317672729492
5838,31.09804344177246
5839,35.36687088012695
5840,36.87270736694336
5841,25.98699378967285
5842,19.37333106994629
5843,33.38999557495117
5844,30.833383560180664
5845,31.34915542602539
5846,24.31334114074707
5847,26.78791618347168
5848,13.476020812988281
5849,23.496110916137695
5850,24.17920684814453
5851,24.785314559936523
5852,18.773344039916992
5853,26.920461654663086
5854,24.20208740234375
5855,31.625837326049805
5856,33.148033142089844
5857,25.550376892089844
5858,29.048730850219727
5859,26.794570922851562
5860,25.26861572265625
5861,30.733043670654297
5862,28.169734954833984
5863,40.43889617919922
5864,29.637331008911133
5865,27.45210838317871
5866,36.21736145019531
5867,26.125293731689453
5868,19.808788299560547
5869,31.480831146240234
5870,34.816062927246094
5871,35.972354888916016
5872,25.221364974975586
5873,17.38093376159668
5874,31.962574005126953
5875,33.28357696533203
5876,33.59096145629883
5877,28.146135330200195
5878,29.496124267578125
5879,15.182418823242188
5880,23.788719177246094
5881,24.22441291809082
5882,24.836578369140625
5883,19.025754928588867
5884,29.617738723754883
5885,25.353418350219727
5886,36.14683151245117
5887,34.75941848754883
5888,27.645998001098633
5889,29.852243423461914
5890,26.464387893676758
5891,25.054080963134766
5892,30.928977966308594
5893,27.680904388427734
5894,40.72604751586914
5895,28.753780364990234
5896,27.462080001831055
5897,35.80214309692383
5898,26.58675765991211
5899,19.435094833374023
5900,30.680583953857422
5901,36.76987838745117
5902,38.8444709777832
5903,27.96648406982422
5904,24.382259368896484
5905,37.74040603637695
5906,30.010862350463867
5907,31.3576602935791
5908,23.90799331665039
5909,27.30984115600586
5910,14.46664047241211
5911,24.393037796020508
5912,24.27576446533203
5913,26.247825622558594
5914,19.15057373046875
5915,26.86188507080078
5916,24.170194625854492
5917,32.790802001953125
5918,33.0986213684082
5919,26.26325798034668
5920,29.443321228027344
5921,26.578405380249023
5922,25.695266723632812
5923,31.310829162597656
5924,28.123699188232422
5925,41.48471450805664
5926,28.519195556640625
5927,27.20972442626953
5928,34.976585388183594
5929,27.10403060913086
5930,19.568212509155273
5931,30.800426483154297
5932,36.754268646240234
5933,39.09360122680664
5934,28.232433319091797
5935,25.528766632080078
5936,38.44173049926758
5937,30.200429916381836
5938,32.30692672729492
5939,24.43012046813965
5940,27.23618507385254
5941,14.39694881439209
5942,24.650556564331055
5943,23.781673431396484
5944,25.770906448364258
5945,19.072099685668945
5946,27.50547981262207
5947,24.41480827331543
5948,33.84638977050781
5949,33.3106803894043
5950,27.15964126586914
5951,30.111967086791992
5952,26.15827178955078
5953,25.82267189025879
5954,30.2601261138916
5955,29.17336082458496
5956,41.49977493286133
5957,28.718507766723633
5958,26.791105270385742
5959,34.40877151489258
5960,27.30716896057129
5961,19.86897850036621
5962,31.17725944519043
5963,35.23501968383789
5964,37.233154296875
5965,26.521791458129883
5966,21.2800235748291
5967,34.308528900146484
5968,30.255598068237305
5969,32.23625564575195
5970,24.99681282043457
5971,27.051849365234375
5972,13.98775577545166
5973,24.280942916870117
5974,23.660388946533203
5975,25.3526554107666
5976,19.16358757019043
5977,26.30352210998535
5978,24.548168182373047
5979,30.889114379882812
5980,33.00539779663086
5981,25.605098724365234
5982,29.246475219726562
5983,26.225696563720703
5984,25.1506404876709
5985,30.087182998657227
5986,28.15610694885254
5987,40.57517623901367
5988,28.59722900390625
5989,27.187793731689453
5990,35.595481872558594
5991,26.36435317993164
5992,19.49427032470703
5993,30.824413299560547
5994,36.34853744506836
5995,38.07704162597656
5996,27.200294494628906
5997,22.434946060180664
5998,35.9528923034668
5999,29.7893009185791
6000,30.954198837280273
6001,23.219621658325195
6002,26.484006881713867
6003,13.507575035095215
6004,23.39146614074707
6005,23.798246383666992
6006,25.103017807006836
6007,18.887662887573242
6008,26.38498878479004
6009,24.198528289794922
6010,31.58150863647461
6011,33.14976501464844
6012,25.505706787109375
6013,28.836347579956055
6014,26.848873138427734
6015,25.3973331451416
6016,31.82567024230957
6017,27.316429138183594
6018,40.743595123291016
6019,28.564170837402344
6020,27.3577823638916
6021,35.922664642333984
6022,26.239124298095703
6023,19.47506332397461
6024,30.80301856994629
6025,36.03569793701172
6026,37.51873779296875
6027,26.60209083557129
6028,20.825393676757812
6029,34.78208923339844
6030,29.95264434814453
6031,30.23440933227539
6032,22.70639991760254
6033,26.15975570678711
6034,13.130636215209961
6035,22.51313591003418
6036,24.28066635131836
6037,25.316810607910156
6038,19.029376983642578
6039,26.087352752685547
6040,24.607833862304688
6041,31.329864501953125
6042,34.355628967285156
6043,25.262788772583008
6044,28.67819595336914
6045,27.159997940063477
6046,24.678203582763672
6047,31.879825592041016
6048,26.45366096496582
6049,40.594669342041016
6050,28.67873191833496
6051,28.91785430908203
6052,37.70259094238281
6053,27.32103729248047
6054,20.230884552001953
6055,31.268749237060547
6056,36.74795150756836
6057,37.8254280090332
6058,27.068004608154297
6059,21.240819931030273
6060,35.95362091064453
6061,29.777956008911133
6062,29.449371337890625
6063,21.639867782592773
6064,25.987287521362305
6065,12.879042625427246
6066,22.07999038696289
6067,24.176740646362305
6068,24.622859954833984
6069,18.51750946044922
6070,26.816272735595703
6071,24.244197845458984
6072,31.990581512451172
6073,34.18503189086914
6074,24.829519271850586
6075,28.15373992919922
6076,27.321592330932617
6077,25.180540084838867
6078,32.513084411621094
6079,26.52701187133789
6080,40.26701354980469
6081,28.740863800048828
6082,27.74560546875
6083,37.17655563354492
6084,24.98719596862793
6085,19.501848220825195
6086,31.106481552124023
6087,36.668338775634766
6088,37.27370834350586
6089,26.2491512298584
6090,19.337858200073242
6091,33.6959342956543
6092,30.165224075317383
6093,29.664695739746094
6094,22.321704864501953
6095,26.014394760131836
6096,12.87682056427002
6097,22.17038917541504
6098,23.84325408935547
6099,25.157007217407227
6100,19.171010971069336
6101,25.79835319519043
6102,25.214487075805664
6103,30.704736709594727
6104,34.6530876159668
6105,24.652856826782227
6106,28.208337783813477
6107,26.888315200805664
6108,24.662874221801758
6109,30.68754005432129
6110,28.452531814575195
6111,40.33845138549805
6112,30.696107864379883
6113,28.20639419555664
6114,37.56597137451172
6115,26.18030548095703
6116,21.52678871154785
6117,34.39521789550781
6118,36.401641845703125
6119,35.41767501831055
6120,24.502155303955078
6121,16.846033096313477
6122,32.62740707397461
6123,30.658885955810547
6124,29.22329330444336
6125,21.476964950561523
6126,25.60898208618164
6127,13.319873809814453
6128,22.63108253479004
6129,24.987504959106445
6130,24.269025802612305
6131,18.433664321899414
6132,26.641626358032227
6133,24.233720779418945
6134,31.67043685913086
6135,33.851051330566406
6136,25.054624557495117
6137,28.44952964782715
6138,26.551740646362305
6139,24.8140869140625
6140,30.69337272644043
6141,27.806123733520508
6142,39.992610931396484
6143,28.759313583374023
6144,27.110652923583984
6145,35.772666931152344
6146,26.65520668029785
6147,20.305072784423828
6148,32.176971435546875
6149,34.74428176879883
6150,35.246925354003906
6151,24.692909240722656
6152,16.750259399414062
6153,31.08861541748047
6154,33.199684143066406
6155,33.76763153076172
6156,28.535131454467773
6157,29.58443832397461
6158,15.326883316040039
6159,23.602947235107422
6160,23.489418029785156
6161,24.417922973632812
6162,19.054187774658203
6163,30.39031410217285
6164,25.956417083740234
6165,37.9635009765625
6166,35.51469421386719
6167,28.40582275390625
6168,30.352313995361328
6169,25.90593719482422
6170,25.039634704589844
6171,30.991046905517578
6172,27.37759017944336
6173,42.18673324584961
6174,27.764619827270508
6175,27.63428497314453
6176,35.15854263305664
6177,25.613861083984375
6178,19.26668357849121
6179,30.897705078125
6180,36.273338317871094
6181,36.34744644165039
6182,25.143596649169922
6183,17.230806350708008
6184,30.98816680908203
6185,33.43528747558594
6186,35.01191711425781
6187,31.02821159362793
6188,31.606929779052734
6189,17.76218605041504
6190,25.455533981323242
6191,24.20815086364746
6192,25.554567337036133
6193,18.484832763671875
6194,28.495393753051758
6195,25.618791580200195
6196,39.038875579833984
6197,37.04742431640625
6198,31.325435638427734
6199,33.429962158203125
6200,26.763975143432617
6201,25.902042388916016
6202,29.569286346435547
6203,27.626514434814453
6204,42.494354248046875
6205,28.023775100708008
6206,29.54017448425293
6207,36.02119445800781
6208,30.188310623168945
6209,20.84084701538086
6210,31.59148597717285
6211,35.9184684753418
6212,37.82091522216797
6213,27.597747802734375
6214,24.07288360595703
6215,37.907379150390625
6216,29.632352828979492
6217,30.852359771728516
6218,22.737653732299805
6219,26.72038459777832
6220,13.822261810302734
6221,23.33469581604004
6222,23.349489212036133
6223,24.90353775024414
6224,18.472335815429688
6225,27.52640724182129
6226,24.436534881591797
6227,34.10993576049805
6228,33.72307586669922
6229,25.757312774658203
6230,28.782833099365234
6231,26.73444366455078
6232,25.842147827148438
6233,33.2021598815918
6234,26.957096099853516
6235,41.79161071777344
6236,27.580196380615234
6237,27.378787994384766
6238,35.731689453125
6239,25.077537536621094
6240,19.257797241210938
6241,31.081348419189453
6242,37.81006622314453
6243,37.89152908325195
6244,26.482437133789062
6245,19.435710906982422
6246,32.97383117675781
6247,30.24565887451172
6248,30.305381774902344
6249,23.706531524658203
6250,26.831342697143555
6251,13.18563461303711
6252,22.287609100341797
6253,23.66201400756836
6254,24.16823387145996
6255,18.38333511352539
6256,26.889774322509766
6257,24.212127685546875
6258,31.960113525390625
6259,33.947303771972656
6260,24.92955780029297
6261,28.356225967407227
6262,26.611557006835938
6263,24.93532371520996
6264,31.16998863220215
6265,27.24826431274414
6266,40.08656311035156
6267,28.54417610168457
6268,27.162141799926758
6269,35.98169708251953
6270,26.133949279785156
6271,20.549365997314453
6272,32.796417236328125
6273,35.11749267578125
6274,35.09461975097656
6275,24.608755111694336
6276,16.869369506835938
6277,31.262752532958984
6278,31.49650764465332
6279,31.57854652404785
6280,25.181827545166016
6281,27.392419815063477
6282,13.514123916625977
6283,22.686548233032227
6284,23.45210838317871
6285,24.248933792114258
6286,18.492713928222656
6287,27.237957000732422
6288,24.129318237304688
6289,31.359786987304688
6290,33.95254135131836
6291,24.66577911376953
6292,28.552831649780273
6293,26.189258575439453
6294,24.949037551879883
6295,29.481163024902344
6296,29.978260040283203
6297,40.59209442138672
6298,29.612197875976562
6299,27.00701141357422
6300,35.33345413208008
6301,27.98169708251953
6302,22.02693748474121
6303,34.786216735839844
6304,34.77679443359375
6305,34.576900482177734
6306,24.539363861083984
6307,16.833494186401367
6308,31.089950561523438
6309,31.396825790405273
6310,31.8846492767334
6311,25.048250198364258
6312,27.107664108276367
6313,13.483473777770996
6314,23.365093231201172
6315,23.57948875427246
6316,24.439176559448242
6317,18.48360252380371
6318,26.274869918823242
6319,24.59286880493164
6320,30.3916072845459
6321,34.14335632324219
6322,24.774282455444336
6323,28.60964012145996
6324,25.984128952026367
6325,25.333480834960938
6326,29.58831024169922
6327,30.61882972717285
6328,40.39863967895508
6329,29.17789077758789
6330,26.987892150878906
6331,35.52355194091797
6332,27.880884170532227
6333,21.178205490112305
6334,33.14554214477539
6335,34.50086212158203
6336,34.92620849609375
6337,24.742643356323242
6338,17.42197608947754
6339,31.3763370513916
6340,31.156230926513672
6341,32.259429931640625
6342,25.80129623413086
6343,27.602460861206055
6344,13.934840202331543
6345,23.81597328186035
6346,23.353384017944336
6347,24.619800567626953
6348,18.602449417114258
6349,26.582304000854492
6350,24.321123123168945
6351,30.690656661987305
6352,33.214141845703125
6353,24.930269241333008
6354,28.929349899291992
6355,26.044946670532227
6356,24.974830627441406
6357,29.59324836730957
6358,29.072717666625977
6359,40.06521224975586
6360,28.619070053100586
6361,26.785985946655273
6362,35.102481842041016
6363,27.216840744018555
6364,20.303831100463867
6365,32.022613525390625
6366,34.53178024291992
6367,35.261253356933594
6368,24.880773544311523
6369,17.542085647583008
6370,31.256935119628906
6371,31.545181274414062
6372,32.685333251953125
6373,26.754562377929688
6374,28.318370819091797
6375,14.359663009643555
6376,23.509075164794922
6377,23.251216888427734
6378,24.493560791015625
6379,18.61357307434082
6380,27.232765197753906
6381,24.034421920776367
6382,31.32004737854004
6383,33.12356948852539
6384,24.815114974975586
6385,28.85401153564453
6386,26.433504104614258
6387,24.936037063598633
6388,29.848270416259766
6389,29.32048225402832
6390,40.39175796508789
6391,30.07326889038086
6392,27.37432289123535
6393,35.76803970336914
6394,25.86081314086914
6395,20.334238052368164
6396,32.93095016479492
6397,34.77238082885742
6398,34.76140594482422
6399,24.382596969604492
6400,16.551929473876953
6401,30.90286636352539
6402,32.2066650390625
6403,32.28581619262695
6404,26.286117553710938
6405,28.033958435058594
6406,13.899538040161133
6407,22.6562557220459
6408,23.51619529724121
6409,24.196287155151367
6410,18.426692962646484
6411,26.68593406677246
6412,24.13683319091797
6413,30.839950561523438
6414,33.52651596069336
6415,24.651500701904297
6416,28.610225677490234
6417,26.160663604736328
6418,24.810800552368164
6419,29.776830673217773
6420,28.887407302856445
6421,39.9608268737793
6422,28.872879028320312
6423,26.861440658569336
6424,35.37368392944336
6425,27.921634674072266
6426,21.506746292114258
6427,33.7651481628418
6428,34.72806930541992
6429,34.821598052978516
6430,24.634817123413086
6431,17.619380950927734
6432,32.06467056274414
6433,29.926712036132812
6434,30.08847427368164
6435,22.62470245361328
6436,26.048385620117188
6437,13.380162239074707
6438,23.080528259277344
6439,23.652896881103516
6440,24.369789123535156
6441,18.472318649291992
6442,25.997936248779297
6443,24.29393768310547
6444,30.922290802001953
6445,33.26633071899414
6446,24.998653411865234
6447,28.725948333740234
6448,25.832998275756836
6449,24.8151912689209
6450,30.088119506835938
6451,27.902942657470703
6452,39.86741638183594
6453,28.113414764404297
6454,26.795944213867188
6455,35.33758544921875
6456,25.877315521240234
6457,19.636859893798828
6458,31.398950576782227
6459,35.13710403442383
6460,35.66551971435547
6461,25.010435104370117
6462,17.753055572509766
6463,31.561019897460938
6464,30.86508560180664
6465,31.320663452148438
6466,25.11691665649414
6467,27.483192443847656
6468,13.633500099182129
6469,22.667701721191406
6470,23.414146423339844
6471,24.180879592895508
6472,18.336517333984375
6473,26.97671127319336
6474,23.99199676513672
6475,31.754127502441406
6476,33.401248931884766
6477,24.78894805908203
6478,28.387134552001953
6479,26.295852661132812
6480,24.901208877563477
6481,30.822399139404297
6482,27.611936569213867
6483,39.68071365356445
6484,28.646686553955078
6485,27.02927017211914
6486,35.74721145629883
6487,25.282493591308594
6488,19.573760986328125
6489,31.57463264465332
6490,35.00362777709961
6491,35.14098358154297
6492,24.453250885009766
6493,16.55721664428711
6494,30.791927337646484
6495,33.020381927490234
6496,33.341670989990234
6497,28.528656005859375
6498,29.804039001464844
6499,15.514723777770996
6500,23.352642059326172
6501,23.59834098815918
6502,24.131105422973633
6503,18.813865661621094
6504,30.466659545898438
6505,26.010295867919922
6506,38.03215789794922
6507,35.70261764526367
6508,27.963348388671875
6509,29.85282325744629
6510,25.82284927368164
6511,24.65265655517578
6512,31.164154052734375
6513,27.02045249938965
6514,40.7922477722168
6515,27.294235229492188
6516,27.402118682861328
6517,34.92837142944336
6518,26.68024253845215
6519,19.26302146911621
6520,30.76589584350586
6521,37.62299346923828
6522,39.27056121826172
6523,28.758441925048828
6524,26.245506286621094
6525,39.12480926513672
6526,29.399492263793945
6527,30.882802963256836
6528,22.5960636138916
6529,26.71101188659668
6530,13.925302505493164
6531,23.472509384155273
6532,23.233610153198242
6533,24.933292388916016
6534,18.379438400268555
6535,27.540708541870117
6536,24.49658966064453
6537,35.13144302368164
6538,34.07706069946289
6539,26.97376823425293
6540,29.598207473754883
6541,25.493101119995117
6542,25.05220603942871
6543,30.086164474487305
6544,28.268754959106445
6545,40.26521301269531
6546,27.61878776550293
6547,26.341360092163086
6548,34.228572845458984
6549,26.011308670043945
6550,19.37852668762207
6551,31.013973236083984
6552,35.61831283569336
6553,36.663909912109375
6554,26.050188064575195
6555,20.43632698059082
6556,33.352012634277344
6557,29.223634719848633
6558,30.66872215270996
6559,23.353883743286133
6560,26.464839935302734
6561,13.619646072387695
6562,23.483436584472656
6563,23.044809341430664
6564,25.09211540222168
6565,19.239328384399414
6566,25.8668212890625
6567,24.55231285095215
6568,31.173887252807617
6569,32.87504577636719
6570,25.645130157470703
6571,29.185972213745117
6572,25.504737854003906
6573,25.063941955566406
6574,30.039262771606445
6575,28.100425720214844
6576,40.255062103271484
6577,27.391080856323242
6578,26.535539627075195
6579,34.42926788330078
6580,26.006044387817383
6581,19.184778213500977
6582,30.7359676361084
6583,36.72336196899414
6584,38.11796188354492
6585,27.497222900390625
6586,23.678586959838867
6587,36.473140716552734
6588,28.880346298217773
6589,30.34966278076172
6590,23.4051570892334
6591,27.333112716674805
6592,14.433558464050293
6593,23.688615798950195
6594,23.63170623779297
6595,25.091928482055664
6596,18.314645767211914
6597,27.50391960144043
6598,24.4794864654541
6599,35.322872161865234
6600,34.44794845581055
6601,27.210342407226562
6602,29.643465042114258
6603,25.589506149291992
6604,24.722524642944336
6605,31.076387405395508
6606,27.083757400512695
6607,41.282875061035156
6608,27.273771286010742
6609,27.4079647064209
6610,34.815956115722656
6611,25.462377548217773
6612,18.92861557006836
6613,30.635332107543945
6614,36.29100036621094
6615,36.20079803466797
6616,25.043834686279297
6617,17.45839500427246
6618,30.798717498779297
6619,32.26319885253906
6620,33.62504959106445
6621,29.388633728027344
6622,30.64529037475586
6623,16.669139862060547
6624,24.446041107177734
6625,23.677974700927734
6626,24.619232177734375
6627,18.28484535217285
6628,28.233266830444336
6629,24.581724166870117
6630,34.8363151550293
6631,33.84771728515625
6632,25.89790153503418
6633,28.65984535217285
6634,26.0075740814209
6635,25.364524841308594
6636,32.52796936035156
6637,27.03668975830078
6638,41.049888610839844
6639,27.091447830200195
6640,27.01894187927246
6641,34.86131286621094
6642,25.53327178955078
6643,18.918149948120117
6644,30.651819229125977
6645,37.1906852722168
6646,37.44641876220703
6647,26.276552200317383
6648,19.99660873413086
6649,32.87096405029297
6650,29.409931182861328
6651,30.132999420166016
6652,23.468353271484375
6653,26.681560516357422
6654,13.256983757019043
6655,22.645862579345703
6656,23.48263931274414
6657,24.043807983398438
6658,18.20101547241211
6659,26.454097747802734
6660,23.967350006103516
6661,30.908302307128906
6662,33.41239929199219
6663,24.473583221435547
6664,28.15409278869629
6665,26.031230926513672
6666,24.599098205566406
6667,30.522418975830078
6668,27.98394203186035
6669,39.31031036376953
6670,28.429000854492188
6671,26.850990295410156
6672,35.47545623779297
6673,27.215457916259766
6674,21.224651336669922
6675,33.70287322998047
6676,34.91236877441406
6677,34.59143829345703
6678,24.302753448486328
6679,17.082630157470703
6680,31.464279174804688
6681,30.139083862304688
6682,29.933008193969727
6683,22.893911361694336
6684,26.176639556884766
6685,13.064350128173828
6686,22.395309448242188
6687,23.573745727539062
6688,24.742977142333984
6689,18.783512115478516
6690,25.608081817626953
6691,24.637653350830078
6692,30.168649673461914
6693,33.720523834228516
6694,24.3277530670166
6695,28.065858840942383
6696,25.95978546142578
6697,24.482641220092773
6698,30.207672119140625
6699,29.057655334472656
6700,39.75444793701172
6701,30.018253326416016
6702,27.4627685546875
6703,36.106353759765625
6704,25.765174865722656
6705,20.4210262298584
6706,33.17413330078125
6707,35.1547737121582
6708,34.698455810546875
6709,24.146808624267578
6710,16.529916763305664
6711,31.171457290649414
6712,31.407886505126953
6713,30.574819564819336
6714,24.195323944091797
6715,26.962116241455078
6716,13.054932594299316
6717,21.862224578857422
6718,24.316102981567383
6719,23.972171783447266
6720,18.350479125976562
6721,27.256467819213867
6722,23.89906883239746
6723,31.148656845092773
6724,33.986854553222656
6725,24.14889144897461
6726,27.75853729248047
6727,26.47323226928711
6728,24.45104217529297
6729,30.672687530517578
6730,28.795406341552734
6731,39.67859649658203
6732,30.36555290222168
6733,27.742769241333008
6734,36.40077209472656
6735,25.07547378540039
6736,19.623783111572266
6737,31.998180389404297
6738,34.76166915893555
6739,34.811302185058594
6740,24.334209442138672
6741,16.82577133178711
6742,31.006561279296875
6743,31.704395294189453
6744,31.82658576965332
6745,26.063034057617188
6746,28.152503967285156
6747,14.02014446258545
6748,22.72707748413086
6749,23.669326782226562
6750,24.076133728027344
6751,18.41751480102539
6752,27.42624282836914
6753,23.758949279785156
6754,30.9654541015625
6755,33.40979766845703
6756,24.291215896606445
6757,28.104921340942383
6758,25.74774169921875
6759,24.694534301757812
6760,29.834461212158203
6761,29.758808135986328
6762,39.73655319213867
6763,29.18813705444336
6764,26.703392028808594
6765,34.884666442871094
6766,28.588600158691406
6767,22.99241065979004
6768,36.82444763183594
6769,36.06117248535156
6770,34.71975326538086
6771,24.28411102294922
6772,17.24462890625
6773,32.9763298034668
6774,28.57142448425293
6775,30.503124237060547
6776,22.037870407104492
6777,26.087846755981445
6778,13.471297264099121
6779,22.6569881439209
6780,23.7712459564209
6781,27.379682540893555
6782,21.092920303344727
6783,26.19396209716797
6784,25.559919357299805
6785,30.16098976135254
6786,33.24139404296875
6787,25.237037658691406
6788,29.510454177856445
6789,25.860822677612305
6790,25.18697738647461
6791,29.831321716308594
6792,27.82636260986328
6793,39.338626861572266
6794,27.20844078063965
6795,26.975820541381836
6796,35.033660888671875
6797,26.85955238342285
6798,19.530839920043945
6799,30.95866584777832
6800,35.72885513305664
6801,36.58348846435547
6802,26.164587020874023
6803,20.885034561157227
6804,34.143310546875
6805,28.560571670532227
6806,29.551301956176758
6807,22.089725494384766
6808,26.123144149780273
6809,13.107687950134277
6810,22.3061466217041
6811,23.34822654724121
6812,24.58549690246582
6813,18.569936752319336
6814,25.570993423461914
6815,24.41411781311035
6816,30.75370979309082
6817,34.18684387207031
6818,24.323284149169922
6819,27.850446701049805
6820,26.118885040283203
6821,24.27776336669922
6822,31.696462631225586
6823,26.354827880859375
6824,39.47772216796875
6825,27.482187271118164
6826,27.73735237121582
6827,36.688419342041016
6828,24.94553565979004
6829,19.143522262573242
6830,30.74687957763672
6831,37.92869567871094
6832,38.37762451171875
6833,27.974910736083984
6834,23.058330535888672
6835,36.9351806640625
6836,28.570457458496094
6837,28.215070724487305
6838,21.73305320739746
6839,27.19151496887207
6840,14.550268173217773
6841,23.498706817626953
6842,24.999324798583984
6843,25.773488998413086
6844,18.330713272094727
6845,27.008371353149414
6846,24.418495178222656
6847,34.635986328125
6848,34.88929748535156
6849,25.923534393310547
6850,28.387744903564453
6851,26.210411071777344
6852,24.402803421020508
6853,32.57490921020508
6854,26.15110206604004
6855,39.395965576171875
6856,27.429601669311523
6857,27.45488166809082
6858,36.373435974121094
6859,25.159833908081055
6860,19.33037757873535
6861,30.955917358398438
6862,36.450584411621094
6863,36.36256408691406
6864,25.63654899597168
6865,18.89067268371582
6866,33.02566146850586
6867,29.147937774658203
6868,28.364362716674805
6869,21.305971145629883
6870,25.71113395690918
6871,12.689225196838379
6872,21.445343017578125
6873,23.992883682250977
6874,24.78578758239746
6875,18.846784591674805
6876,25.50144386291504
6877,24.98447608947754
6878,30.464338302612305
6879,35.10929489135742
6880,23.901933670043945
6881,27.30808448791504
6882,26.54901123046875
6883,24.464693069458008
6884,31.995481491088867
6885,26.92584800720215
6886,38.73261260986328
6887,28.311235427856445
6888,27.383750915527344
6889,36.48061752319336
6890,26.256681442260742
6891,20.76114273071289
6892,32.957881927490234
6893,35.543331146240234
6894,34.708011627197266
6895,24.178586959838867
6896,16.971206665039062
6897,31.353357315063477
6898,29.81039047241211
6899,29.309005737304688
6900,22.508617401123047
6901,26.149890899658203
6902,12.893600463867188
6903,22.011032104492188
6904,23.628543853759766
6905,23.92681884765625
6906,18.034194946289062
6907,26.11310577392578
6908,23.806259155273438
6909,31.864784240722656
6910,33.6134147644043
6911,24.516212463378906
6912,27.71596908569336
6913,26.168689727783203
6914,24.979921340942383
6915,32.98461151123047
6916,26.29361343383789
6917,39.94486618041992
6918,26.814598083496094
6919,27.05243492126465
6920,35.371124267578125
6921,24.79938507080078
6922,18.737516403198242
6923,30.525217056274414
6924,36.77739334106445
6925,36.34783935546875
6926,25.264556884765625
6927,18.084060668945312
6928,31.323637008666992
6929,30.12845802307129
6930,30.51534652709961
6931,24.99689483642578
6932,27.845787048339844
6933,13.965141296386719
6934,22.362337112426758
6935,23.290855407714844
6936,23.808692932128906
6937,18.155254364013672
6938,27.517873764038086
6939,23.839462280273438
6940,31.787899017333984
6941,33.21485137939453
6942,24.181554794311523
6943,27.925090789794922
6944,26.06709098815918
6945,24.76064682006836
6946,31.270410537719727
6947,27.247968673706055
6948,38.909358978271484
6949,28.04517364501953
6950,26.8107967376709
6951,35.58837127685547
6952,24.46548843383789
6953,19.080123901367188
6954,31.179683685302734
6955,35.31460952758789
6956,34.90842056274414
6957,24.208032608032227
6958,16.53308868408203
6959,30.42328643798828
6960,31.807435989379883
6961,31.83259391784668
6962,26.994966506958008
6963,28.999250411987305
6964,14.8110990524292
6965,22.563228607177734
6966,23.407928466796875
6967,23.681732177734375
6968,18.62358856201172
6969,30.170101165771484
6970,25.533069610595703
6971,36.778987884521484
6972,34.80778503417969
6973,26.254474639892578
6974,28.522560119628906
6975,25.537139892578125
6976,24.815513610839844
6977,32.39067459106445
6978,26.658889770507812
6979,40.349056243896484
6980,26.547609329223633
6981,26.876873016357422
6982,34.72562789916992
6983,25.198610305786133
6984,18.740686416625977
6985,30.585514068603516
6986,37.00526809692383
6987,36.7694206237793
6988,25.759763717651367
6989,19.152097702026367
6990,31.97317886352539
6991,29.179689407348633
6992,29.83370018005371
6993,23.56958770751953
6994,26.91212272644043
6995,13.338665962219238
6996,22.285446166992188
6997,23.22600746154785
6998,23.733631134033203
6999,18.055713653564453
7000,26.817163467407227
7001,23.77617835998535
7002,31.444154739379883
7003,33.43606948852539
7004,24.240861892700195
7005,27.86454200744629
7006,25.755983352661133
7007,24.61736488342285
7008,31.161222457885742
7009,27.186769485473633
7010,38.982276916503906
7011,27.57671546936035
7012,26.509916305541992
7013,35.01081085205078
7014,25.434885025024414
7015,19.7178897857666
7016,32.032203674316406
7017,34.834251403808594
7018,34.24424743652344
7019,23.80440330505371
7020,16.032608032226562
7021,29.951536178588867
7022,33.334869384765625
7023,33.5656623840332
7024,28.95796012878418
7025,29.96091651916504
7026,15.58751392364502
7027,23.036287307739258
7028,23.151641845703125
7029,23.645023345947266
7030,18.968955993652344
7031,31.69806480407715
7032,26.92085075378418
7033,40.2038688659668
7034,36.918880462646484
7035,29.03261375427246
7036,30.642288208007812
7037,25.342018127441406
7038,24.406991958618164
7039,32.20647430419922
7040,26.544605255126953
7041,41.052154541015625
7042,26.33065414428711
7043,26.92121124267578
7044,34.545135498046875
7045,24.876726150512695
7046,18.78152847290039
7047,30.87167739868164
7048,37.82185363769531
7049,37.50994110107422
7050,26.471115112304688
7051,20.438947677612305
7052,32.838478088378906
7053,28.52812957763672
7054,29.583454132080078
7055,22.750091552734375
7056,26.504892349243164
7057,13.25411319732666
7058,22.74720573425293
7059,23.077354431152344
7060,23.84564971923828
7061,18.04043960571289
7062,26.087413787841797
7063,24.174610137939453
7064,30.43641471862793
7065,33.60133743286133
7066,24.167888641357422
7067,28.310062408447266
7068,25.23917007446289
7069,24.715238571166992
7070,29.28079605102539
7071,29.753175735473633
7072,39.57452392578125
7073,28.278234481811523
7074,26.274906158447266
7075,34.292030334472656
7076,27.5792236328125
7077,21.697126388549805
7078,34.64290237426758
7079,34.832218170166016
7080,33.7862548828125
7081,23.887651443481445
7082,16.595746994018555
7083,30.277992248535156
7084,30.0098876953125
7085,30.456165313720703
7086,23.74131965637207
7087,26.68935775756836
7088,13.23862361907959
7089,22.840347290039062
7090,23.540132522583008
7091,23.873699188232422
7092,18.006940841674805
7093,25.641721725463867
7094,25.210262298583984
7095,29.80837631225586
7096,35.049400329589844
7097,24.286758422851562
7098,28.208541870117188
7099,24.97795295715332
7100,25.909046173095703
7101,29.53656005859375
7102,32.99535369873047
7103,40.72579574584961
7104,29.032629013061523
7105,26.04891586303711
7106,33.41412353515625
7107,29.07788848876953
7108,22.884958267211914
7109,36.5933723449707
7110,34.849910736083984
7111,33.809059143066406
7112,24.372459411621094
7113,17.91096305847168
7114,32.253173828125
7115,28.21978187561035
7116,30.95886993408203
7117,22.777841567993164
7118,26.527780532836914
7119,13.73243236541748
7120,23.208213806152344
7121,23.182762145996094
7122,27.035825729370117
7123,20.77139663696289
7124,25.987030029296875
7125,25.203815460205078
7126,30.406063079833984
7127,33.12834548950195
7128,25.137012481689453
7129,29.122669219970703
7130,25.104141235351562
7131,24.62807846069336
7132,30.454137802124023
7133,26.992977142333984
7134,41.04042053222656
7135,26.453941345214844
7136,27.633609771728516
7137,34.26256561279297
7138,26.021751403808594
7139,18.705951690673828
7140,30.71377944946289
7141,38.35826873779297
7142,38.64405822753906
7143,27.76521873474121
7144,23.414535522460938
7145,35.566864013671875
7146,27.990564346313477
7147,29.079126358032227
7148,22.431251525878906
7149,27.039783477783203
7150,14.061665534973145
7151,22.76226806640625
7152,23.30489730834961
7153,24.004783630371094
7154,17.89434242248535
7155,27.398197174072266
7156,24.039384841918945
7157,32.809993743896484
7158,33.734466552734375
7159,24.10106658935547
7160,27.500463485717773
7161,26.31271743774414
7162,25.187744140625
7163,33.36377716064453
7164,26.188079833984375
7165,39.654048919677734
7166,26.621055603027344
7167,26.86077880859375
7168,35.45932388305664
7169,24.556350708007812
7170,18.861040115356445
7171,30.67462921142578
7172,37.12584686279297
7173,37.151756286621094
7174,26.69999885559082
7175,21.00368309020996
7176,34.5302619934082
7177,28.1063289642334
7178,27.942672729492188
7179,20.610607147216797
7180,25.740407943725586
7181,12.623698234558105
7182,21.239824295043945
7183,24.07798957824707
7184,23.842771530151367
7185,17.99251365661621
7186,26.808809280395508
7187,24.133943557739258
7188,31.988656997680664
7189,35.075931549072266
7190,23.9128475189209
7191,26.998687744140625
7192,27.188692092895508
7193,25.352426528930664
7194,35.1875
7195,25.676410675048828
7196,39.656341552734375
7197,27.593034744262695
7198,28.122695922851562
7199,37.75558090209961
7200,23.994773864746094
7201,19.294584274291992
7202,31.03825569152832
7203,37.94508361816406
7204,37.226829528808594
7205,26.548316955566406
7206,19.78281593322754
7207,34.152278900146484
7208,28.774009704589844
7209,27.366857528686523
7210,20.110275268554688
7211,25.37873649597168
7212,12.721944808959961
7213,21.07136344909668
7214,24.570144653320312
7215,24.478471755981445
7216,18.725780487060547
7217,25.576208114624023
7218,25.238901138305664
7219,30.739578247070312
7220,36.115562438964844
7221,23.73661231994629
7222,27.17819595336914
7223,26.103130340576172
7224,24.180601119995117
7225,31.428991317749023
7226,26.86113739013672
7227,38.54787826538086
7228,27.45983123779297
7229,26.814502716064453
7230,35.511070251464844
7231,25.33892822265625
7232,19.62766456604004
7233,31.765905380249023
7234,34.93482208251953
7235,34.29252624511719
7236,23.87195587158203
7237,16.36026954650879
7238,29.912588119506836
7239,31.84490203857422
7240,32.57374572753906
7241,27.87570571899414
7242,29.530675888061523
7243,15.35977840423584
7244,23.188385009765625
7245,22.98798179626465
7246,23.704423904418945
7247,18.750343322753906
7248,30.797780990600586
7249,26.071155548095703
7250,38.488346099853516
7251,35.69263458251953
7252,28.1256160736084
7253,30.033550262451172
7254,24.871370315551758
7255,24.62162208557129
7256,32.26939010620117
7257,27.0980281829834
7258,41.25008773803711
7259,26.231294631958008
7260,26.13572883605957
7261,33.82733917236328
7262,23.98683738708496
7263,18.87666893005371
7264,30.626951217651367
7265,36.441802978515625
7266,35.59160232543945
7267,24.549272537231445
7268,17.040748596191406
7269,29.78811264038086
7270,32.915626525878906
7271,35.4779167175293
7272,32.872074127197266
7273,33.49346923828125
7274,20.003311157226562
7275,27.042922973632812
7276,24.93687629699707
7277,26.2846736907959
7278,18.319028854370117
7279,26.810083389282227
7280,24.245664596557617
7281,35.83788299560547
7282,34.93900680541992
7283,28.31306266784668
7284,30.88466453552246
7285,25.05475616455078
