iteration,loss
1,590.3171997070312
2,651.1801147460938
3,714.646240234375
4,1004.4856567382812
5,590.1666259765625
6,797.1004638671875
7,572.5927124023438
8,700.4886474609375
9,792.2362670898438
10,625.5966796875
11,610.8070678710938
12,1009.2291259765625
13,607.13037109375
14,707.7863159179688
15,642.1422729492188
16,662.155029296875
17,756.9583129882812
18,566.310791015625
19,639.58251953125
20,617.2987060546875
21,630.12841796875
22,894.4342041015625
23,606.3656005859375
24,647.90576171875
25,616.7901000976562
26,504.9452209472656
27,572.3963623046875
28,645.5301513671875
29,598.3194580078125
30,663.9266357421875
31,494.3796081542969
32,566.863525390625
33,623.6221923828125
34,874.812744140625
35,513.3554077148438
36,687.7515258789062
37,492.614501953125
38,606.56787109375
39,679.4033203125
40,536.7958374023438
41,523.8743286132812
42,855.1909790039062
43,515.2815551757812
44,598.6913452148438
45,547.3372802734375
46,561.2689208984375
47,643.59716796875
48,481.8005065917969
49,533.1912841796875
50,508.28546142578125
51,525.9083251953125
52,741.876708984375
53,498.46331787109375
54,534.193359375
55,508.16595458984375
56,413.87738037109375
57,473.1522216796875
58,530.2977294921875
59,475.7984924316406
60,531.5025024414062
61,397.98956298828125
62,448.9465026855469
63,495.45770263671875
64,692.1195678710938
65,407.52337646484375
66,536.374755859375
67,383.415283203125
68,478.99102783203125
69,525.3681030273438
70,417.7617492675781
71,409.5877990722656
72,647.4464111328125
73,395.4308166503906
74,454.5174255371094
75,423.51116943359375
76,431.3064880371094
77,496.18450927734375
78,375.2938537597656
79,398.22607421875
80,370.49725341796875
81,400.2738342285156
82,548.066650390625
83,364.2606201171875
84,393.45037841796875
85,374.29376220703125
86,303.3994445800781
87,354.5422058105469
88,391.96478271484375
89,330.43927001953125
90,372.5405578613281
91,288.281982421875
92,312.21112060546875
93,345.0718994140625
94,474.7731018066406
95,286.2417297363281
96,360.9699401855469
97,258.88653564453125
98,333.6917724609375
99,348.1046142578125
100,284.1590881347656
101,286.36370849609375
102,412.70269775390625
103,265.6237487792969
104,293.5751647949219
105,287.52886962890625
106,291.8785095214844
107,334.05047607421875
108,265.0908203125
109,255.31219482421875
110,225.50518798828125
111,281.9850158691406
112,341.54290771484375
113,225.27296447753906
114,247.96127319335938
115,238.23922729492188
116,192.60299682617188
117,239.30691528320312
118,255.79885864257812
119,193.24301147460938
120,214.3943634033203
121,191.92816162109375
122,186.85377502441406
123,203.82958984375
124,261.6501770019531
125,176.5199432373047
126,198.45797729492188
127,145.89773559570312
128,201.55978393554688
129,183.6344757080078
130,165.58197021484375
131,189.39053344726562
132,205.60464477539062
133,158.85479736328125
134,150.4917449951172
135,171.10940551757812
136,178.99436950683594
137,193.81065368652344
138,184.93727111816406
139,141.66184997558594
140,113.23282623291016
141,223.0609588623047
142,177.5543975830078
143,121.07596588134766
144,138.3468017578125
145,143.84127807617188
146,115.42278289794922
147,167.27236938476562
148,166.94004821777344
149,121.14360809326172
150,108.12638092041016
151,151.3814239501953
152,124.6551513671875
153,128.19122314453125
154,129.55494689941406
155,123.04966735839844
156,115.4774398803711
157,90.07982635498047
158,132.2899932861328
159,98.93959045410156
160,108.68319702148438
161,157.17054748535156
162,119.11116790771484
163,116.70355224609375
164,85.14933776855469
165,117.1038589477539
166,132.28895568847656
167,128.03208923339844
168,152.08602905273438
169,98.21549224853516
170,77.70625305175781
171,204.34767150878906
172,118.62137603759766
173,84.49848175048828
174,95.8678970336914
175,110.36377716064453
176,85.77250671386719
177,132.7715606689453
178,125.96723937988281
179,97.76232147216797
180,75.44308471679688
181,120.60596466064453
182,96.7429428100586
183,98.14732360839844
184,90.01610565185547
185,95.25995635986328
186,87.64584350585938
187,69.72786712646484
188,95.39274597167969
189,73.19129180908203
190,83.05560302734375
191,117.393798828125
192,91.8177261352539
193,89.0944595336914
194,64.88833618164062
195,84.85781860351562
196,98.69721984863281
197,93.26155090332031
198,109.49737548828125
199,73.45779418945312
200,59.4707145690918
201,140.61569213867188
202,89.58738708496094
203,62.148868560791016
204,68.42427062988281
205,81.80662536621094
206,62.106536865234375
207,97.48839569091797
208,89.87972259521484
209,66.59748840332031
210,56.0411376953125
211,81.44751739501953
212,66.90553283691406
213,71.51704406738281
214,65.1309814453125
215,68.87496185302734
216,66.8390121459961
217,53.48952102661133
218,66.9271240234375
219,55.60702896118164
220,64.36033630371094
221,81.65879821777344
222,72.99801635742188
223,67.17433166503906
224,52.549888610839844
225,62.0924186706543
226,74.35867309570312
227,69.91893005371094
228,78.12488555908203
229,57.74340057373047
230,48.39101028442383
231,93.54328918457031
232,70.07105255126953
233,48.43024826049805
234,50.638587951660156
235,62.8134651184082
236,46.76642608642578
237,75.32061004638672
238,67.39423370361328
239,45.45288848876953
240,45.79476547241211
241,56.26272964477539
242,47.8405647277832
243,55.58327102661133
244,51.587974548339844
245,52.224700927734375
246,55.96505355834961
247,44.01554870605469
248,51.25795364379883
249,46.50166320800781
250,54.355628967285156
251,59.10933303833008
252,64.52297973632812
253,54.01518630981445
254,47.784950256347656
255,51.01607894897461
256,61.61766052246094
257,59.69793701171875
258,61.295047760009766
259,50.88655471801758
260,42.917720794677734
261,66.21011352539062
262,62.170780181884766
263,42.68599319458008
264,42.80779266357422
265,53.63070297241211
266,39.5914192199707
267,64.62747955322266
268,57.13904571533203
269,34.44287109375
270,41.75951385498047
271,43.657310485839844
272,38.6468391418457
273,48.64320755004883
274,45.87104797363281
275,44.51399230957031
276,51.40365219116211
277,39.63800048828125
278,44.49571228027344
279,42.76618194580078
280,50.13066864013672
281,48.36555480957031
282,61.70925521850586
283,47.653480529785156
284,46.516944885253906
285,46.45478820800781
286,56.22357177734375
287,55.22058868408203
288,53.561927795410156
289,48.5548095703125
290,40.38790512084961
291,53.199283599853516
292,59.74551010131836
293,40.65064239501953
294,39.97397994995117
295,49.631370544433594
296,36.67658233642578
297,59.70345687866211
298,52.77174377441406
299,29.32344627380371
300,40.06647872924805
301,37.6376953125
302,34.529903411865234
303,46.0695915222168
304,43.5640983581543
305,41.33135986328125
306,49.480628967285156
307,37.6357536315918
308,41.86174774169922
309,41.45137405395508
310,48.48240661621094
311,43.56129837036133
312,61.21379089355469
313,44.67058181762695
314,46.48908233642578
315,44.74016189575195
316,54.15898513793945
317,53.20106506347656
318,50.160518646240234
319,48.01423645019531
320,39.32172775268555
321,47.55612564086914
322,59.10725784301758
323,40.081573486328125
324,39.14447021484375
325,47.917240142822266
326,35.70777130126953
327,57.52314376831055
328,50.907623291015625
329,27.29839515686035
330,39.407936096191406
331,34.97312927246094
332,32.92093276977539
333,45.177005767822266
334,42.607852935791016
335,40.10865020751953
336,48.581966400146484
337,36.730628967285156
338,40.837791442871094
339,41.003448486328125
340,47.8469352722168
341,41.4521369934082
342,61.251224517822266
343,43.23760986328125
344,46.67464828491211
345,44.0224723815918
346,53.410343170166016
347,52.039955139160156
348,48.498779296875
349,47.992576599121094
350,38.763092041015625
351,45.129512786865234
352,59.03565216064453
353,39.91884231567383
354,38.98408126831055
355,47.051998138427734
356,35.40993118286133
357,56.380306243896484
358,49.930240631103516
359,26.466936111450195
360,39.028724670410156
361,33.60289001464844
362,32.25867462158203
363,44.78889846801758
364,42.045982360839844
365,39.56685256958008
366,47.91640853881836
367,36.19212341308594
368,40.329959869384766
369,40.768524169921875
370,47.53977584838867
371,40.37907791137695
372,61.28703689575195
373,42.393470764160156
374,46.782371520996094
375,43.53718948364258
376,53.10611343383789
377,51.03078079223633
378,47.375553131103516
379,48.067264556884766
380,38.35810470581055
381,44.01527404785156
382,59.054046630859375
383,39.80972671508789
384,39.018882751464844
385,46.43362045288086
386,35.32914352416992
387,55.58403015136719
388,49.20543670654297
389,26.073219299316406
390,38.67089080810547
391,32.66862106323242
392,31.939403533935547
393,44.51298522949219
394,41.52983093261719
395,39.24494934082031
396,47.20432662963867
397,35.73764419555664
398,39.96361541748047
399,40.540130615234375
400,47.33399963378906
401,39.711124420166016
402,61.234012603759766
403,41.76444625854492
404,46.7874870300293
405,43.0655517578125
406,52.97154235839844
407,49.98469543457031
408,46.397560119628906
409,48.14278793334961
410,37.970706939697266
411,43.47216796875
412,59.108306884765625
413,39.67827606201172
414,39.12083053588867
415,45.88905334472656
416,35.31926345825195
417,54.907474517822266
418,48.55276107788086
419,25.843137741088867
420,38.28648376464844
421,31.884132385253906
422,31.752473831176758
423,44.25165939331055
424,40.98817443847656
425,38.99571990966797
426,46.423187255859375
427,35.29695510864258
428,39.63742446899414
429,40.286590576171875
430,47.16512680053711
431,39.216922760009766
432,61.133182525634766
433,41.227088928222656
434,46.72834396362305
435,42.58206558227539
436,52.9113883972168
437,48.916587829589844
438,45.472835540771484
439,48.20603561401367
440,37.58230209350586
441,43.18827438354492
442,59.185081481933594
443,39.52740478515625
444,39.24701690673828
445,45.37825012207031
446,35.33415222167969
447,54.29427719116211
448,47.93696975708008
449,25.681331634521484
450,37.896446228027344
451,31.170921325683594
452,31.62127685546875
453,43.98784637451172
454,40.43263626098633
455,38.771602630615234
456,45.6193733215332
457,34.8681640625
458,39.327110290527344
459,40.014888763427734
460,47.016395568847656
461,38.80833435058594
462,60.993534088134766
463,40.750244140625
464,46.62834167480469
465,42.08761215209961
466,52.88285827636719
467,47.851905822753906
468,44.58264923095703
469,48.255516052246094
470,37.208553314208984
471,43.04018783569336
472,59.260372161865234
473,39.364593505859375
474,39.37665557861328
475,44.891292572021484
476,35.356117248535156
477,53.73252868652344
478,47.35285568237305
479,25.552412033081055
480,37.51334762573242
481,30.50704002380371
482,31.518421173095703
483,43.7149543762207
484,39.87465286254883
485,38.556396484375
486,44.81866455078125
487,34.45647430419922
488,39.02750015258789
489,39.73320007324219
490,46.882930755615234
491,38.457542419433594
492,60.84033966064453
493,40.32311248779297
494,46.50310516357422
495,41.59149932861328
496,52.8746337890625
497,46.81135177612305
498,43.72426223754883
499,48.29233169555664
500,36.843238830566406
501,42.96912384033203
502,59.35113525390625
503,39.194705963134766
504,39.508724212646484
505,44.42537307739258
506,35.37997055053711
507,53.208656311035156
508,46.79434585571289
509,25.439897537231445
510,37.13784408569336
511,29.86819076538086
512,31.427583694458008
513,43.43894958496094
514,39.3160514831543
515,38.34613037109375
516,44.02402114868164
517,34.05596160888672
518,38.738006591796875
519,39.44887924194336
520,46.76390838623047
521,38.1445198059082
522,60.69144821166992
523,39.93445587158203
524,46.367149353027344
525,41.09650802612305
526,52.88268280029297
527,45.79438018798828
528,42.89287185668945
529,48.32323455810547
530,36.49527359008789
531,42.957096099853516
532,59.445011138916016
533,39.024478912353516
534,39.64405822753906
535,43.9788703918457
536,35.41093826293945
537,52.726173400878906
538,46.263607025146484
539,25.346782684326172
540,36.77593994140625
541,29.25878143310547
542,31.349836349487305
543,43.1624755859375
544,38.76496887207031
545,38.14273452758789
546,43.24714660644531
547,33.67193603515625
548,38.463436126708984
549,39.16905212402344
550,46.660423278808594
551,37.87190246582031
552,60.55335235595703
553,39.588069915771484
554,46.2251091003418
555,40.6091423034668
556,52.905643463134766
557,44.8122444152832
558,42.09949493408203
559,48.349205017089844
560,36.1717529296875
561,43.00251388549805
562,59.53736877441406
563,38.85677719116211
564,39.780574798583984
565,43.556243896484375
566,35.447357177734375
567,52.28767776489258
568,45.76533889770508
569,25.273832321166992
570,36.43070602416992
571,28.684717178344727
572,31.285429000854492
573,42.88666534423828
574,38.230167388916016
575,37.9469108581543
576,42.4995231628418
577,33.31077575683594
578,38.20482635498047
579,38.89787292480469
580,46.57121276855469
581,37.63808822631836
582,60.422462463378906
583,39.28614807128906
584,46.08155059814453
585,40.136287689208984
586,52.940486907958984
587,43.8791389465332
588,41.35451126098633
589,48.36966323852539
590,35.8727912902832
591,43.09254837036133
592,59.63330078125
593,38.69406509399414
594,39.9150505065918
595,43.16175079345703
596,35.487308502197266
597,51.89613723754883
598,45.3023681640625
599,25.23002052307129
600,36.111061096191406
601,28.159561157226562
602,31.244380950927734
603,42.60210418701172
604,37.714324951171875
605,37.755496978759766
606,41.78218078613281
607,32.97553253173828
608,37.95707321166992
609,38.631553649902344
610,46.494136810302734
611,37.442386627197266
612,60.29296875
613,39.02921676635742
614,45.93669891357422
615,39.67707443237305
616,52.98672866821289
617,42.9952392578125
618,40.656288146972656
619,48.383148193359375
620,35.597110748291016
621,43.219505310058594
622,59.732112884521484
623,38.536075592041016
624,40.045867919921875
625,42.79607009887695
626,35.5277099609375
627,51.54880905151367
628,44.87541961669922
629,25.20440673828125
630,35.81724548339844
631,27.67215919494629
632,31.212329864501953
633,42.32258987426758
634,37.23065185546875
635,37.57243347167969
636,41.117530822753906
637,32.67240905761719
638,37.72858810424805
639,38.38547134399414
640,46.431190490722656
641,37.276695251464844
642,60.17934036254883
643,38.816368103027344
644,45.804508209228516
645,39.24883270263672
646,53.03657150268555
647,42.1887321472168
648,40.021873474121094
649,48.3936767578125
650,35.35691452026367
651,43.35421371459961
652,59.824642181396484
653,38.39236831665039
654,40.16813278198242
655,42.46815490722656
656,35.56741714477539
657,51.248382568359375
658,44.4932861328125
659,25.19015121459961
660,35.55242156982422
661,27.223241806030273
662,31.17767906188965
663,42.06640625
664,36.79414367675781
665,37.40423583984375
666,40.525856018066406
667,32.40733337402344
668,37.52653884887695
669,38.17100143432617
670,46.3801383972168
671,37.135074615478516
672,60.082584381103516
673,38.64240264892578
674,45.6910285949707
675,38.8643798828125
676,53.08346176147461
677,41.480342864990234
678,39.46424102783203
679,48.39963912963867
680,35.147857666015625
681,43.47340393066406
682,59.91731643676758
683,38.26472854614258
684,40.27584457397461
685,42.184391021728516
686,35.598358154296875
687,50.98830795288086
688,44.15911865234375
689,25.179311752319336
690,35.31764221191406
691,26.822559356689453
692,31.14329719543457
693,41.83253479003906
694,36.40962219238281
695,37.25083923339844
696,40.01001739501953
697,32.18315505981445
698,37.34577178955078
699,37.98264694213867
700,46.33561325073242
701,37.01519775390625
702,59.98283767700195
703,38.504066467285156
704,45.590736389160156
705,38.5223503112793
706,53.12348937988281
707,40.8671989440918
708,38.98023986816406
709,48.40018081665039
710,34.96917724609375
711,43.57007598876953
712,60.002899169921875
713,38.152835845947266
714,40.36670684814453
715,41.94211959838867
716,35.62044906616211
717,50.7655143737793
718,43.86994934082031
719,25.169336318969727
720,35.1132926940918
721,26.46830940246582
722,31.108579635620117
723,41.61965560913086
724,36.07591247558594
725,37.1123046875
726,39.56719970703125
727,31.996313095092773
728,37.185604095458984
729,37.820220947265625
730,46.2968864440918
731,36.91545867919922
732,59.8815803527832
733,38.3972053527832
734,45.49971008300781
735,38.22026443481445
736,53.15300750732422
737,40.34209442138672
738,38.56625747680664
739,48.39262008666992
740,34.82508850097656
741,43.65140914916992
742,60.063377380371094
743,38.0539665222168
744,40.436771392822266
745,41.737083435058594
746,35.63302230834961
747,50.578590393066406
748,43.62220001220703
749,25.162342071533203
750,34.936771392822266
751,26.163358688354492
752,31.075685501098633
753,41.423526763916016
754,35.7883186340332
755,36.986148834228516
756,39.18741226196289
757,31.841318130493164
758,37.04124450683594
759,37.67632293701172
760,46.25971221923828
761,36.8354606628418
762,59.761619567871094
763,38.317893981933594
764,45.4082145690918
765,37.94849395751953
766,53.1722412109375
767,39.88760757446289
768,38.2123908996582
769,48.37399673461914
770,34.70677185058594
771,43.72815704345703
772,60.10040283203125
773,37.962425231933594
774,40.48673629760742
775,41.56179428100586
776,35.634517669677734
777,50.41944122314453
778,43.4072265625
779,25.162092208862305
780,34.78403854370117
781,25.908695220947266
782,31.055971145629883
783,41.2293815612793
784,35.53633499145508
785,36.867740631103516
786,38.85649490356445
787,31.710296630859375
788,36.91504669189453
789,37.55906677246094
790,46.23117446899414
791,36.772369384765625
792,59.6815299987793
793,38.261600494384766
794,45.330909729003906
795,37.719242095947266
796,53.18535614013672
797,39.517189025878906
798,37.913875579833984
799,48.342987060546875
800,34.60051727294922
801,43.77275466918945
802,60.11348342895508
803,37.8803596496582
804,40.513423919677734
805,41.414283752441406
806,35.62883758544922
807,50.291908264160156
808,43.225440979003906
809,25.169740676879883
810,34.66486358642578
811,25.706268310546875
812,31.0421199798584
813,41.0467529296875
814,35.32891845703125
815,36.758419036865234
816,38.584190368652344
817,31.607418060302734
818,36.799232482910156
819,37.45830535888672
820,46.200199127197266
821,36.715057373046875
822,59.58918762207031
823,38.219940185546875
824,45.25813674926758
825,37.527706146240234
826,53.18178939819336
827,39.228145599365234
828,37.668067932128906
829,48.2990608215332
830,34.504520416259766
831,43.75957489013672
832,60.10723114013672
833,37.80727767944336
834,40.51263427734375
835,41.29413604736328
836,35.607723236083984
837,50.18091583251953
838,43.07133865356445
839,25.16468620300293
840,34.5719108581543
841,25.54210662841797
842,31.019668579101562
843,40.88438415527344
844,35.16514587402344
845,36.65899658203125
846,38.37130355834961
847,31.53070640563965
848,36.692901611328125
849,37.37321853637695
850,46.1629753112793
851,36.6563720703125
852,59.47258377075195
853,38.18546676635742
854,45.1838493347168
855,37.36684036254883
856,53.15381622314453
857,39.003475189208984
858,37.467838287353516
859,48.244163513183594
860,34.43342208862305
861,43.70748519897461
862,60.06099319458008
863,37.74261474609375
864,40.48739242553711
865,41.194644927978516
866,35.57501983642578
867,50.08319091796875
868,42.938880920410156
869,25.145721435546875
870,34.49302291870117
871,25.402523040771484
872,30.98339080810547
873,40.74502182006836
874,35.0315055847168
875,36.568748474121094
876,38.19913864135742
877,31.471166610717773
878,36.5910758972168
879,37.29212951660156
880,46.11659622192383
881,36.599815368652344
882,59.310302734375
883,38.15534591674805
884,45.09685134887695
885,37.21575927734375
886,53.10931396484375
887,38.8044548034668
888,37.29710388183594
889,48.181949615478516
890,34.38217544555664
891,43.6622200012207
892,59.98858642578125
893,37.67936325073242
894,40.44992446899414
895,41.105865478515625
896,35.53450012207031
897,49.9920768737793
898,42.81786346435547
899,25.120668411254883
900,34.41023254394531
901,25.27216339111328
902,30.93855094909668
903,40.62073516845703
904,34.907413482666016
905,36.485408782958984
906,38.04169845581055
907,31.416107177734375
908,36.49631881713867
909,37.21613693237305
910,46.069698333740234
911,36.551387786865234
912,59.140167236328125
913,38.130802154541016
914,45.004730224609375
915,37.07069396972656
916,53.06241989135742
917,38.61808395385742
918,37.14381408691406
919,48.11569595336914
920,34.337059020996094
921,43.6336555480957
922,59.905235290527344
923,37.61574172973633
924,40.407447814941406
925,41.02291488647461
926,35.49180221557617
927,49.90910339355469
928,42.705074310302734
929,25.100914001464844
930,34.327735900878906
931,25.154743194580078
932,30.89636993408203
933,40.50151443481445
934,34.78968048095703
935,36.40573501586914
936,37.8925666809082
937,31.36433982849121
938,36.4056510925293
939,37.143165588378906
940,46.02277374267578
941,36.50956344604492
942,58.970245361328125
943,38.11077880859375
944,44.91154479980469
945,36.932289123535156
946,53.01601791381836
947,38.444801330566406
948,37.00334930419922
949,48.04643630981445
950,34.29182815551758
951,43.61045455932617
952,59.81888198852539
953,37.55217361450195
954,40.36064910888672
955,40.94514846801758
956,35.44684600830078
957,49.83192825317383
958,42.5989990234375
959,25.084585189819336
960,34.248687744140625
961,25.049497604370117
962,30.856922149658203
963,40.385467529296875
964,34.67952346801758
965,36.328617095947266
966,37.75354766845703
967,31.317197799682617
968,36.317142486572266
969,37.072105407714844
970,45.97447967529297
971,36.4705696105957
972,58.794403076171875
973,38.09304428100586
974,44.816837310791016
975,36.800052642822266
976,52.9663200378418
977,38.28434753417969
978,36.87405776977539
979,47.97467041015625
980,34.249855041503906
981,43.58433151245117
982,59.726593017578125
983,37.489871978759766
984,40.3090934753418
985,40.87240219116211
986,35.39950942993164
987,49.757869720458984
988,42.498104095458984
989,25.066497802734375
990,34.17194366455078
991,24.95109748840332
992,30.815675735473633
993,40.27494812011719
994,34.57585144042969
995,36.25456237792969
996,37.6243782043457
997,31.27408218383789
998,36.23206329345703
999,37.00536346435547
1000,45.926025390625
1001,36.433067321777344
1002,58.6197509765625
1003,38.07673263549805
1004,44.722686767578125
1005,36.67469024658203
1006,52.913448333740234
1007,38.136627197265625
1008,36.75444030761719
1009,47.90116882324219
1010,34.21146774291992
1011,43.55364990234375
1012,59.62733840942383
1013,37.42924118041992
1014,40.25349807739258
1015,40.8039436340332
1016,35.35101318359375
1017,49.68736267089844
1018,42.402034759521484
1019,25.047826766967773
1020,34.09846115112305
1021,24.85970115661621
1022,30.773466110229492
1023,40.16926956176758
1024,34.478050231933594
1025,36.18324661254883
1026,37.504207611083984
1027,31.23471450805664
1028,36.149749755859375
1029,36.941776275634766
1030,45.876834869384766
1031,36.3961181640625
1032,58.4439811706543
1033,38.060707092285156
1034,44.62914276123047
1035,36.555416107177734
1036,52.85734558105469
1037,37.99958801269531
1038,36.643306732177734
1039,47.826873779296875
1040,34.176544189453125
1041,43.51823806762695
1042,59.52303695678711
1043,37.370689392089844
1044,40.194984436035156
1045,40.73910903930664
1046,35.301734924316406
1047,49.61878967285156
1048,42.30990982055664
1049,25.027467727661133
1050,34.026973724365234
1051,24.773305892944336
1052,30.729707717895508
1053,40.06913375854492
1054,34.38518524169922
1055,36.11490249633789
1056,37.39191818237305
1057,31.198286056518555
1058,36.070919036865234
1059,36.882022857666016
1060,45.827823638916016
1061,36.359771728515625
1062,58.27267837524414
1063,38.04465866088867
1064,44.537559509277344
1065,36.44255065917969
1066,52.799495697021484
1067,37.87242889404297
1068,36.53971862792969
1069,47.75251770019531
1070,34.14353561401367
1071,43.479469299316406
1072,59.41532897949219
1073,37.3139762878418
1074,40.13444519042969
1075,40.677330017089844
1076,35.252410888671875
1077,49.55278778076172
1078,42.22160339355469
1079,25.007278442382812
1080,33.958213806152344
1081,24.693012237548828
1082,30.686342239379883
1083,39.97339630126953
1084,34.29702377319336
1085,36.04900360107422
1086,37.28654861450195
1087,31.1644344329834
1088,35.994895935058594
1089,36.825096130371094
1090,45.77865982055664
1091,36.32395553588867
1092,58.104759216308594
1093,38.02857208251953
1094,44.44780731201172
1095,36.335391998291016
1096,52.74053955078125
1097,37.75401306152344
1098,36.44303512573242
1099,47.6783447265625
1100,34.11165237426758
1101,43.43831253051758
1102,59.30581283569336
1103,37.25907516479492
1104,40.07236862182617
1105,40.618343353271484
1106,35.203067779541016
1107,49.48894119262695
1108,42.13695526123047
1109,24.98737335205078
1110,33.89167785644531
1111,24.618629455566406
1112,30.643659591674805
1113,39.88185119628906
1114,34.21333312988281
1115,35.985443115234375
1116,37.18762969970703
1117,31.133054733276367
1118,35.92148971557617
1119,36.77046203613281
1120,45.72936248779297
1121,36.28871536254883
1122,57.93956756591797
1123,38.012245178222656
1124,44.35962677001953
1125,36.23351287841797
1126,52.68071746826172
1127,37.643611907958984
1128,36.35270309448242
1129,47.60454559326172
1130,34.080810546875
1131,43.39482498168945
1132,59.19529342651367
1133,37.20570373535156
1134,40.00916290283203
1135,40.5620231628418
1136,35.153656005859375
1137,49.426841735839844
1138,42.05554962158203
1139,24.967220306396484
1140,33.82707595825195
1141,24.54900550842285
1142,30.60109519958496
1143,39.79442596435547
1144,34.133575439453125
1145,35.924163818359375
1146,37.09453201293945
1147,31.103662490844727
1148,35.85122299194336
1149,36.71939468383789
1150,45.680870056152344
1151,36.25384521484375
1152,57.78265380859375
1153,37.995765686035156
1154,44.27480697631836
1155,36.138343811035156
1156,52.620521545410156
1157,37.542850494384766
1158,36.26844787597656
1159,47.531089782714844
1160,34.0489501953125
1161,43.34499740600586
1162,59.08529281616211
1163,37.15427780151367
1164,39.94438552856445
1165,40.50837707519531
1166,35.103965759277344
1167,49.36597442626953
1168,41.9775276184082
1169,24.945819854736328
1170,33.76582336425781
1171,24.485254287719727
1172,30.558685302734375
1173,39.711524963378906
1174,34.059112548828125
1175,35.86509323120117
1176,37.008968353271484
1177,31.076648712158203
1178,35.785675048828125
1179,36.6746826171875
1180,45.63502502441406
1181,36.21781921386719
1182,57.64567947387695
1183,37.978736877441406
1184,44.19748306274414
1185,36.05567932128906
1186,52.559486389160156
1187,37.46086120605469
1188,36.192222595214844
1189,47.45699691772461
1190,34.01327896118164
1191,43.276023864746094
1192,58.9741325378418
1193,37.105831146240234
1194,39.87504196166992
1195,40.45870590209961
1196,35.05344772338867
1197,49.30778121948242
1198,41.90468215942383
1199,24.922746658325195
1200,33.71342849731445
1201,24.43280792236328
1202,30.516908645629883
1203,39.63389587402344
1204,33.99477005004883
1205,35.80841064453125
1206,36.936767578125
1207,31.05500602722168
1208,35.72226333618164
1209,36.63283157348633
1210,45.58633041381836
1211,36.17754364013672
1212,57.5055046081543
1213,37.95885467529297
1214,44.12128829956055
1215,35.98185348510742
1216,52.492130279541016
1217,37.393856048583984
1218,36.12516403198242
1219,47.382022857666016
1220,33.98097610473633
1221,43.19487380981445
1222,58.8561897277832
1223,37.0600700378418
1224,39.80138397216797
1225,40.41250228881836
1226,35.00119400024414
1227,49.250450134277344
1228,41.83603286743164
1229,24.89501953125
1230,33.66343688964844
1231,24.385421752929688
1232,30.471784591674805
1233,39.563514709472656
1234,33.93605422973633
1235,35.754638671875
1236,36.87287139892578
1237,31.035503387451172
1238,35.66252517700195
1239,36.59428405761719
1240,45.53731918334961
1241,36.13636779785156
1242,57.366275787353516
1243,37.9380989074707
1244,44.045433044433594
1245,35.9134635925293
1246,52.42194747924805
1247,37.33507537841797
1248,36.06550598144531
1249,47.30683135986328
1250,33.95171356201172
1251,43.114105224609375
1252,58.733558654785156
1253,37.015682220458984
1254,39.7258415222168
1255,40.36840057373047
1256,34.948158264160156
1257,49.1955680847168
1258,41.771175384521484
1259,24.866846084594727
1260,33.614070892333984
1261,24.342878341674805
1262,30.42629623413086
1263,39.49827194213867
1264,33.880680084228516
1265,35.703147888183594
1266,36.8134765625
1267,31.016651153564453
1268,35.60601043701172
1269,36.55788040161133
1270,45.48871994018555
1271,36.09621047973633
1272,57.23047637939453
1273,37.91728210449219
1274,43.97032928466797
1275,35.84889221191406
1276,52.35225296020508
1277,37.28163146972656
1278,36.01127243041992
1279,47.232303619384766
1280,33.922523498535156
1281,43.03752899169922
1282,58.611576080322266
1283,36.97200393676758
1284,39.65005111694336
1285,40.325862884521484
1286,34.8951530456543
1287,49.14302444458008
1288,41.70941162109375
1289,24.840444564819336
1290,33.56541442871094
1291,24.30530548095703
1292,30.38267707824707
1293,39.43628692626953
1294,33.82799530029297
1295,35.65327453613281
1296,36.75727844238281
1297,30.998416900634766
1298,35.55176544189453
1299,36.52235412597656
1300,45.44032287597656
1301,36.05723571777344
1302,57.097251892089844
1303,37.896568298339844
1304,43.89647674560547
1305,35.78749465942383
1306,52.28388214111328
1307,37.23225021362305
1308,35.96121597290039
1309,47.158897399902344
1310,33.8927001953125
1311,42.96406173706055
1312,58.49187469482422
1313,36.929161071777344
1314,39.57490921020508
1315,40.284645080566406
1316,34.842411041259766
1317,49.09220886230469
1318,41.65024948120117
1319,24.81515121459961
1320,33.51765060424805
1321,24.271411895751953
1322,30.340803146362305
1323,39.3770637512207
1324,33.777740478515625
1325,35.60474395751953
1326,36.70393753051758
1327,30.981042861938477
1328,35.49928665161133
1329,36.48777389526367
1330,45.39213943481445
1331,36.01888656616211
1332,56.96653366088867
1333,37.875728607177734
1334,43.82389450073242
1335,35.72887420654297
1336,52.21638870239258
1337,37.18635559082031
1338,35.9145393371582
1339,47.0867805480957
1340,33.862667083740234
1341,42.892120361328125
1342,58.374786376953125
1343,36.88731002807617
1344,39.50058364868164
1345,40.244728088378906
1346,34.79019546508789
1347,49.04248809814453
1348,41.59303665161133
1349,24.79044532775879
1350,33.47066116333008
1351,24.240224838256836
1352,30.299928665161133
1353,39.32046890258789
1354,33.72959899902344
1355,35.55754089355469
1356,36.65315246582031
1357,30.9644832611084
1358,35.44860076904297
1359,36.45412826538086
1360,45.34428405761719
1361,35.98101806640625
1362,56.838279724121094
1363,37.854736328125
1364,43.7528076171875
1365,35.67256546020508
1366,52.149715423583984
1367,37.143184661865234
1368,35.870452880859375
1369,47.01615905761719
1370,33.833091735839844
1371,42.8213005065918
1372,58.25974655151367
1373,36.84646987915039
1374,39.42731475830078
1375,40.205936431884766
1376,34.73868179321289
1377,48.99380111694336
1378,41.53761672973633
1379,24.76604461669922
1380,33.42441940307617
1381,24.210847854614258
1382,30.259981155395508
1383,39.266258239746094
1384,33.683143615722656
1385,35.511741638183594
1386,36.60456085205078
1387,30.948558807373047
1388,35.3995475769043
1389,36.42158889770508
1390,45.2969970703125
1391,35.9437370300293
1392,56.71277618408203
1393,37.833805084228516
1394,43.68320846557617
1395,35.6182975769043
1396,52.08388137817383
1397,37.10231399536133
1398,35.82861328125
1399,46.947021484375
1400,33.80426788330078
1401,42.75190353393555
1402,58.146812438964844
1403,36.8067512512207
1404,39.35527038574219
1405,40.168216705322266
1406,34.68818664550781
1407,48.94607162475586
1408,41.48370361328125
1409,24.742061614990234
1410,33.37904357910156
1411,24.182931900024414
1412,30.22081756591797
1413,39.21419906616211
1414,33.638145446777344
1415,35.46710205078125
1416,36.557701110839844
1417,30.933353424072266
1418,35.35207748413086
1419,36.38990020751953
1420,45.25053024291992
1421,35.90718078613281
1422,56.59014892578125
1423,37.81313705444336
1424,43.61506652832031
1425,35.56586837768555
1426,52.01929473876953
1427,37.06301498413086
1428,35.788639068603516
1429,46.879451751708984
1430,33.77617263793945
1431,42.684303283691406
1432,58.03596115112305
1433,36.768001556396484
1434,39.28466033935547
1435,40.131412506103516
1436,34.63875961303711
1437,48.89951705932617
1438,41.43124771118164
1439,24.718971252441406
1440,33.33445739746094
1441,24.156394958496094
1442,30.182758331298828
1443,39.163909912109375
1444,33.59438705444336
1445,35.42360305786133
1446,36.5124397277832
1447,30.91868019104004
1448,35.305965423583984
1449,36.35907745361328
1450,45.20468521118164
1451,35.871299743652344
1452,56.470516204833984
1453,37.79269027709961
1454,43.54861831665039
1455,35.51498794555664
1456,51.95589065551758
1457,37.025203704833984
1458,35.75014114379883
1459,46.81342315673828
1460,33.74858474731445
1461,42.618404388427734
1462,57.927677154541016
1463,36.73027801513672
1464,39.215599060058594
1465,40.09545135498047
1466,34.59055709838867
1467,48.853919982910156
1468,41.379974365234375
1469,24.696426391601562
1470,33.29072570800781
1471,24.13104820251465
1472,30.145870208740234
1473,39.115333557128906
1474,33.55181884765625
1475,35.38115692138672
1476,36.468502044677734
1477,30.90456199645996
1478,35.26115417480469
1479,36.32903289794922
1480,45.15961456298828
1481,35.836097717285156
1482,56.35359191894531
1483,37.772430419921875
1484,43.48370361328125
1485,35.46568298339844
1486,51.89371109008789
1487,36.98872375488281
1488,35.71299362182617
1489,46.74919509887695
1490,33.72175598144531
1491,42.553829193115234
1492,57.82181930541992
1493,36.693626403808594
1494,39.14820098876953
1495,40.06032943725586
1496,34.543514251708984
1497,48.80919647216797
1498,41.329933166503906
1499,24.674530029296875
1500,33.247718811035156
1501,24.106605529785156
1502,30.10979652404785
1503,39.06840133666992
1504,33.51045227050781
1505,35.33979797363281
1506,36.425907135009766
1507,30.891035079956055
1508,35.2175178527832
1509,36.29978942871094
1510,45.11528396606445
1511,35.801551818847656
1512,56.239501953125
1513,37.752357482910156
1514,43.4203987121582
1515,35.41777420043945
1516,51.832786560058594
1517,36.9533805847168
1518,35.67715835571289
1519,46.686622619628906
1520,33.69567108154297
1521,42.49063491821289
1522,57.718544006347656
1523,36.657981872558594
1524,39.08254623413086
1525,40.02607727050781
1526,34.49776077270508
1527,48.765254974365234
1528,41.2810173034668
1529,24.653114318847656
1530,33.20545196533203
1531,24.08281707763672
1532,30.074718475341797
1533,39.023040771484375
1534,33.470035552978516
1535,35.299468994140625
1536,36.384498596191406
1537,30.87796974182129
1538,35.175193786621094
1539,36.271217346191406
1540,45.07163619995117
1541,35.76753616333008
1542,56.12818908691406
1543,37.732486724853516
1544,43.35877227783203
1545,35.37127685546875
1546,51.77308654785156
1547,36.919036865234375
1548,35.64249038696289
1549,46.62578201293945
1550,33.670143127441406
1551,42.428733825683594
1552,57.61768341064453
1553,36.62338638305664
1554,39.01850891113281
1555,39.99253463745117
1556,34.45327377319336
1557,48.722103118896484
1558,41.23314666748047
1559,24.632299423217773
1560,33.16401290893555
1561,24.059818267822266
1562,30.040555953979492
1563,38.97914505004883
1564,33.430625915527344
1565,35.26013946533203
1566,36.344322204589844
1567,30.865549087524414
1568,35.13404083251953
1569,36.243438720703125
1570,45.02880096435547
1571,35.73415756225586
1572,56.01966094970703
1573,37.71281433105469
1574,43.298763275146484
1575,35.32606887817383
1576,51.71461868286133
1577,36.88566207885742
1578,35.60879898071289
1579,46.56657409667969
1580,33.645423889160156
1581,42.36793518066406
1582,57.51966857910156
1583,36.589778900146484
1584,38.95623779296875
1585,39.95983123779297
1586,34.409996032714844
1587,48.67951965332031
1588,41.18617248535156
1589,24.61180877685547
1590,33.12333679199219
1591,24.037126541137695
1592,30.007286071777344
1593,38.93672180175781
1594,33.392208099365234
1595,35.22179412841797
1596,36.30524444580078
1597,30.85354232788086
1598,35.0940055847168
1599,36.21638488769531
1600,44.98673629760742
1601,35.701324462890625
1602,55.91410446166992
1603,37.69331741333008
1604,43.240455627441406
1605,35.282161712646484
1606,51.65753173828125
1607,36.85305404663086
1608,35.575950622558594
1609,46.509185791015625
1610,33.62131118774414
1611,42.308197021484375
1612,57.42427444458008
1613,36.557212829589844
1614,38.89583969116211
1615,39.927825927734375
1616,34.36815643310547
1617,48.63764190673828
1618,41.14015197753906
1619,24.591815948486328
1620,33.08339309692383
1621,24.014869689941406
1622,29.974863052368164
1623,38.89570617675781
1624,33.354610443115234
1625,35.18449783325195
1626,36.26715850830078
1627,30.84204864501953
1628,35.054988861083984
1629,36.18983840942383
1630,44.94525909423828
1631,35.66885757446289
1632,55.81061935424805
1633,37.673789978027344
1634,43.183753967285156
1635,35.239261627197266
1636,51.601417541503906
1637,36.82099914550781
1638,35.54404830932617
1639,46.4537467956543
1640,33.59815979003906
1641,42.249576568603516
1642,57.33164596557617
1643,36.525753021240234
1644,38.83736801147461
1645,39.896453857421875
1646,34.3276252746582
1647,48.59596633911133
1648,41.0948600769043
1649,24.57168197631836
1650,33.04390335083008
1651,23.992538452148438
1652,29.942907333374023
1653,38.85639953613281
1654,33.317867279052734
1655,35.148231506347656
1656,36.23013687133789
1657,30.830968856811523
1658,35.0172004699707
1659,36.164066314697266
1660,44.9045295715332
1661,35.6367073059082
1662,55.70992660522461
1663,37.65410232543945
1664,43.128971099853516
1665,35.197731018066406
1666,51.54652786254883
1667,36.78948974609375
1668,35.512935638427734
1669,46.40047836303711
1670,33.575828552246094
1671,42.19168472290039
1672,57.24198913574219
1673,36.495513916015625
1674,38.78107452392578
1675,39.86577606201172
1676,34.28872299194336
1677,48.55491638183594
1678,41.050479888916016
1679,24.55225372314453
1680,33.005401611328125
1681,23.970481872558594
1682,29.912166595458984
1683,38.81840133666992
1684,33.28199768066406
1685,35.11307907104492
1686,36.1939811706543
1687,30.820388793945312
1688,34.98050308227539
1689,36.13889694213867
1690,44.86456298828125
1691,35.60509490966797
1692,55.61272430419922
1693,37.63450622558594
1694,43.076332092285156
1695,35.15748977661133
1696,51.49336624145508
1697,36.75872039794922
1698,35.482364654541016
1699,46.34912872314453
1700,33.55362319946289
1701,42.13454055786133
1702,57.156009674072266
1703,36.4664192199707
1704,38.726905822753906
1705,39.835731506347656
1706,34.25164794921875
1707,48.514930725097656
1708,41.006961822509766
1709,24.534549713134766
1710,32.968345642089844
1711,23.949771881103516
1712,29.88364028930664
1713,38.78074264526367
1714,33.24710464477539
1715,35.07846450805664
1716,36.15876770019531
1717,30.81037712097168
1718,34.94422149658203
1719,36.11378860473633
1720,44.825218200683594
1721,35.574012756347656
1722,55.51772689819336
1723,37.61506271362305
1724,43.02532958984375
1725,35.11836242675781
1726,51.441802978515625
1727,36.72865676879883
1728,35.45228958129883
1729,46.29962921142578
1730,33.53134536743164
1731,42.07789611816406
1732,57.07379150390625
1733,36.43819808959961
1734,38.67472457885742
1735,39.80622100830078
1736,34.21664810180664
1737,48.477596282958984
1738,40.96475601196289
1739,24.521961212158203
1740,32.93490219116211
1741,23.93389320373535
1742,29.861125946044922
1743,38.740840911865234
1744,33.21352767944336
1745,35.04344940185547
1746,36.12430953979492
1747,30.801597595214844
1748,34.90681838989258
1749,36.0870246887207
1750,44.78562927246094
1751,35.54380416870117
1752,55.4224853515625
1753,37.59607696533203
1754,42.9755744934082
1755,35.07986068725586
1756,51.3924446105957
1757,36.69927215576172
1758,35.42233657836914
1759,46.251564025878906
1760,33.50738525390625
1761,42.0207405090332
1762,56.997039794921875
1763,36.410621643066406
1764,38.6244010925293
1765,39.77729415893555
1766,34.182891845703125
1767,48.44087600708008
1768,40.92314147949219
1769,24.511510848999023
1770,32.90364456176758
1771,23.920263290405273
1772,29.84168243408203
1773,38.70026397705078
1774,33.181236267089844
1775,35.0084342956543
1776,36.09115982055664
1777,30.79393196105957
1778,34.869056701660156
1779,36.059661865234375
1780,44.74602508544922
1781,35.51362991333008
1782,55.32769012451172
1783,37.57706832885742
1784,42.92726135253906
1785,35.04246139526367
1786,51.343894958496094
1787,36.671104431152344
1788,35.3929328918457
1789,46.204891204833984
1790,33.48306655883789
1791,41.961544036865234
1792,56.923824310302734
1793,36.383941650390625
1794,38.575401306152344
1795,39.749176025390625
1796,34.150299072265625
1797,48.404388427734375
1798,40.882240295410156
1799,24.501285552978516
1800,32.874000549316406
1801,23.90764808654785
1802,29.823505401611328
1803,38.660255432128906
1804,33.150306701660156
1805,34.974063873291016
1806,36.05983352661133
1807,30.787460327148438
1808,34.83171463012695
1809,36.032752990722656
1810,44.7065544128418
1811,35.48335647583008
1812,55.23426055908203
1813,37.558006286621094
1814,42.880523681640625
1815,35.006473541259766
1816,51.295753479003906
1817,36.64443588256836
1818,35.36410903930664
1819,46.15956497192383
1820,33.458980560302734
1821,41.89980697631836
1822,56.85348129272461
1823,36.35835266113281
1824,38.52768325805664
1825,39.72201919555664
1826,34.118675231933594
1827,48.368072509765625
1828,40.8419189453125
1829,24.49089813232422
1830,32.84620666503906
1831,23.89566421508789
1832,29.80605125427246
1833,38.62130355834961
1834,33.120872497558594
1835,34.94048309326172
1836,36.03047180175781
1837,30.78211212158203
1838,34.7950439453125
1839,36.00645065307617
1840,44.667518615722656
1841,35.45281219482422
1842,55.14231872558594
1843,37.5389289855957
1844,42.835304260253906
1845,34.97193908691406
1846,51.248016357421875
1847,36.61924362182617
1848,35.336177825927734
1849,46.11553955078125
1850,33.435909271240234
1851,41.83696746826172
1852,56.78474044799805
1853,36.333919525146484
1854,38.48114776611328
1855,39.69561004638672
1856,34.08806610107422
1857,48.33207702636719
1858,40.80244445800781
1859,24.48015594482422
1860,32.81926727294922
1861,23.88396453857422
1862,29.788938522338867
1863,38.583641052246094
1864,33.09242630004883
1865,34.907798767089844
1866,36.00245666503906
1867,30.777326583862305
1868,34.758914947509766
1869,35.980098724365234
1870,44.628414154052734
1871,35.42259216308594
1872,55.04901123046875
1873,37.519779205322266
1874,42.79022216796875
1875,34.93703842163086
1876,51.20061111450195
1877,36.59286117553711
1878,35.308841705322266
1879,46.07307052612305
1880,33.41457748413086
1881,41.77764892578125
1882,56.717750549316406
1883,36.30983352661133
1884,38.43631362915039
1885,39.66954040527344
1886,34.058189392089844
1887,48.296085357666016
1888,40.763282775878906
1889,24.469093322753906
1890,32.79127502441406
1891,23.87091064453125
1892,29.771610260009766
1893,38.547325134277344
1894,33.063629150390625
1895,34.875946044921875
1896,35.974098205566406
1897,30.77243995666504
1898,34.722511291503906
1899,35.95193862915039
1900,44.5885124206543
1901,35.393367767333984
1902,54.94935607910156
1903,37.50065612792969
1904,42.743141174316406
1905,34.89841079711914
1906,51.15388870239258
1907,36.55971908569336
1908,35.28087615966797
1909,46.03273010253906
1910,33.396568298339844
1911,41.72953414916992
1912,56.65220642089844
1913,36.28556442260742
1914,38.39472579956055
1915,39.64292526245117
1916,34.029239654541016
1917,48.25951385498047
1918,40.72356414794922
1919,24.456993103027344
1920,32.75879669189453
1921,23.852571487426758
1922,29.75248908996582
1923,38.51251220703125
1924,33.03160095214844
1925,34.84516906738281
1926,35.942222595214844
1927,30.765228271484375
1928,34.68795394897461
1929,35.92466354370117
1930,44.551151275634766
1931,35.36684799194336
1932,54.85810089111328
1933,37.48253631591797
1934,42.698150634765625
1935,34.85929489135742
1936,51.11123275756836
1937,36.52387619018555
1938,35.25166320800781
1939,45.99422073364258
1940,33.377410888671875
1941,41.68777847290039
1942,56.5912971496582
1943,36.26118087768555
1944,38.35597610473633
1945,39.61606216430664
1946,34.00222396850586
1947,48.22414779663086
1948,40.68394470214844
1949,24.447650909423828
1950,32.726539611816406
1951,23.834205627441406
1952,29.73591423034668
1953,38.47685623168945
1954,32.998783111572266
1955,34.81461715698242
1956,35.909515380859375
1957,30.758033752441406
1958,34.653114318847656
1959,35.8964729309082
1960,44.514244079589844
1961,35.34156036376953
1962,54.76802062988281
1963,37.464820861816406
1964,42.6541748046875
1965,34.819419860839844
1966,51.07059860229492
1967,36.48594665527344
1968,35.2215461730957
1969,45.957427978515625
1970,33.35749435424805
1971,41.64706039428711
1972,56.536170959472656
1973,36.23706817626953
1974,38.31965637207031
1975,39.58954620361328
1976,33.976219177246094
1977,48.188255310058594
1978,40.64420700073242
1979,24.438405990600586
1980,32.69485092163086
1981,23.81513023376465
1982,29.720474243164062
1983,38.44097137451172
1984,32.9660758972168
1985,34.784454345703125
1986,35.87711715698242
1987,30.751487731933594
1988,34.618133544921875
1989,35.86781311035156
1990,44.47753143310547
1991,35.316627502441406
1992,54.678321838378906
1993,37.4471321105957
1994,42.61143493652344
1995,34.77950668334961
1996,51.030975341796875
1997,36.4468879699707
1998,35.19105529785156
1999,45.92229080200195
2000,33.33781051635742
2001,41.605709075927734
2002,56.48500442504883
2003,36.213645935058594
2004,38.28525161743164
2005,39.563663482666016
2006,33.951168060302734
2007,48.151824951171875
2008,40.6044921875
2009,24.42865753173828
2010,32.663665771484375
2011,23.795351028442383
2012,29.705581665039062
2013,38.405513763427734
2014,32.933738708496094
2015,34.75489807128906
2016,35.84556579589844
2017,30.745664596557617
2018,34.5833854675293
2019,35.839324951171875
2020,44.441246032714844
2021,35.29190444946289
2022,54.59038543701172
2023,37.42947006225586
2024,42.570220947265625
2025,34.74007797241211
2026,50.992340087890625
2027,36.40776062011719
2028,35.16036605834961
2029,45.88863754272461
2030,33.31861114501953
2031,41.564022064208984
2032,56.4365119934082
2033,36.19093704223633
2034,38.25258255004883
2035,39.5382194519043
2036,33.927433013916016
2037,48.11525344848633
2038,40.56492614746094
2039,24.419034957885742
2040,32.63298797607422
2041,23.77503776550293
2042,29.69118309020996
2043,38.370567321777344
2044,32.90151596069336
2045,34.725948333740234
2046,35.81449890136719
2047,30.740110397338867
2048,34.54911422729492
2049,35.811119079589844
2050,44.40544509887695
2051,35.26755142211914
2052,54.5050163269043
2053,37.41177749633789
2054,42.53068542480469
2055,34.70140838623047
2056,50.95508575439453
2057,36.368560791015625
2058,35.12957000732422
2059,45.85629653930664
2060,33.298614501953125
2061,41.523101806640625
2062,56.391517639160156
2063,36.168724060058594
2064,38.2216682434082
2065,39.512821197509766
2066,33.904537200927734
2067,48.07891845703125
2068,40.52556228637695
2069,24.410409927368164
2070,32.60284423828125
2071,23.75497055053711
2072,29.678258895874023
2073,38.33552932739258
2074,32.869503021240234
2075,34.69724655151367
2076,35.783721923828125
2077,30.73494529724121
2078,34.514915466308594
2079,35.78242111206055
2080,44.369544982910156
2081,35.24348449707031
2082,54.42041015625
2083,37.393802642822266
2084,42.49212646484375
2085,34.66263961791992
2086,50.918907165527344
2087,36.32848358154297
2088,35.09870529174805
2089,45.82544708251953
2090,33.278446197509766
2091,41.482887268066406
2092,56.349796295166016
2093,36.14697265625
2094,38.192440032958984
2095,39.48756408691406
2096,33.88257598876953
2097,48.04212188720703
2098,40.486167907714844
2099,24.401668548583984
2100,32.57243347167969
2101,23.734193801879883
2102,29.66576385498047
2103,38.3011360168457
2104,32.83728790283203
2105,34.66902160644531
2106,35.75304412841797
2107,30.729677200317383
2108,34.48099899291992
2109,35.753753662109375
2110,44.33399963378906
2111,35.219459533691406
2112,54.33768081665039
2113,37.3752555847168
2114,42.455108642578125
2115,34.62424087524414
2116,50.88350296020508
2117,36.287452697753906
2118,35.06779479980469
2119,45.796295166015625
2120,33.25858688354492
2121,41.443180084228516
2122,56.31067657470703
2123,36.125938415527344
2124,38.16507339477539
2125,39.46237564086914
2126,33.861671447753906
2127,48.004878997802734
2128,40.446861267089844
2129,24.392488479614258
2130,32.54180145263672
2131,23.712303161621094
2132,29.653173446655273
2133,38.26771926879883
2134,32.80510330200195
2135,34.641510009765625
2136,35.72257614135742
2137,30.724323272705078
2138,34.448055267333984
2139,35.725643157958984
2140,44.29893112182617
2141,35.19542694091797
2142,54.25889205932617
2143,37.356197357177734
2144,42.420467376708984
2145,34.58772659301758
2146,50.8499755859375
2147,36.249229431152344
2148,35.03700256347656
2149,45.76850128173828
2150,33.23598861694336
2151,41.39907455444336
2152,56.27655792236328
2153,36.10592269897461
2154,38.138973236083984
2155,39.437660217285156
2156,33.84196090698242
2157,47.967857360839844
2158,40.408050537109375
2159,24.384902954101562
2160,32.51402282714844
2161,23.692949295043945
2162,29.643159866333008
2163,38.234169006347656
2164,32.77476119995117
2165,34.61421585083008
2166,35.69439697265625
2167,30.72066879272461
2168,34.413841247558594
2169,35.695472717285156
2170,44.26129913330078
2171,35.17058563232422
2172,54.168670654296875
2173,37.33699417114258
2174,42.38357162475586
2175,34.5521354675293
2176,50.81463623046875
2177,36.21541213989258
2178,35.00928497314453
2179,45.739524841308594
2180,33.21137619018555
2181,41.349700927734375
2182,56.24482345581055
2183,36.08616638183594
2184,38.11115264892578
2185,39.41444396972656
2186,33.8202018737793
2187,47.930702209472656
2188,40.37092971801758
2189,24.376174926757812
2190,32.487667083740234
2191,23.677215576171875
2192,29.633649826049805
2193,38.201820373535156
2194,32.747283935546875
2195,34.58698272705078
2196,35.670265197753906
2197,30.71860122680664
2198,34.38047409057617
2199,35.66670227050781
2200,44.22401428222656
2201,35.14478302001953
2202,54.085044860839844
2203,37.31674575805664
2204,42.349544525146484
2205,34.51866149902344
2206,50.77944564819336
2207,36.183101654052734
2208,34.98221969604492
2209,45.712032318115234
2210,33.187660217285156
2211,41.29974365234375
2212,56.21281814575195
2213,36.0673828125
2214,38.084312438964844
2215,39.390987396240234
2216,33.79951858520508
2217,47.89376449584961
2218,40.33418655395508
2219,24.367525100708008
2220,32.46138381958008
2221,23.661218643188477
2222,29.623838424682617
2223,38.17094802856445
2224,32.72005844116211
2225,34.56045150756836
2226,35.64588928222656
2227,30.71551513671875
2228,34.34907150268555
2229,35.63980484008789
2230,44.18817901611328
2231,35.11867141723633
2232,54.00931167602539
2233,37.295631408691406
2234,42.31851577758789
2235,34.486454010009766
2236,50.745643615722656
2237,36.15000534057617
2238,34.95488739013672
2239,45.686744689941406
2240,33.16465377807617
2241,41.25157928466797
2242,56.182437896728516
2243,36.04954147338867
2244,38.059635162353516
2245,39.36726760864258
2246,33.78042984008789
2247,47.856842041015625
2248,40.29746627807617
2249,24.359180450439453
2250,32.434810638427734
2251,23.644039154052734
2252,29.61415672302246
2253,38.14111328125
2254,32.69247055053711
2255,34.534698486328125
2256,35.621063232421875
2257,30.71172523498535
2258,34.318695068359375
2259,35.61363220214844
2260,44.15325927734375
2261,35.09270095825195
2262,53.9384880065918
2263,37.27392578125
2264,42.28956604003906
2265,34.4549446105957
2266,50.71342849731445
2267,36.11623764038086
2268,34.92742919921875
2269,45.66316223144531
2270,33.14169692993164
2271,41.20492172241211
2272,56.15473175048828
2273,36.032508850097656
2274,38.03683090209961
2275,39.34336853027344
2276,33.76249694824219
2277,47.820072174072266
2278,40.26100158691406
2279,24.351097106933594
2280,32.408172607421875
2281,23.62632179260254
2282,29.604917526245117
2283,38.112186431884766
2284,32.66484832763672
2285,34.509544372558594
2286,35.59640884399414
2287,30.707767486572266
2288,34.289119720458984
2289,35.58784866333008
2290,44.118919372558594
2291,35.06706237792969
2292,53.871002197265625
2293,37.25193786621094
2294,42.26237487792969
2295,34.42417526245117
2296,50.682315826416016
2297,36.08210372924805
2298,34.9001579284668
2299,45.64125442504883
2300,33.11882400512695
2301,41.1591911315918
2302,56.129638671875
2303,36.016048431396484
2304,38.015689849853516
2305,39.319698333740234
2306,33.745662689208984
2307,47.78328323364258
2308,40.22490310668945
2309,24.34311866760254
2310,32.381805419921875
2311,23.608402252197266
2312,29.596113204956055
2313,38.08403778076172
2314,32.637638092041016
2315,34.48505401611328
2316,35.5722770690918
2317,30.703857421875
2318,34.26029968261719
2319,35.56241989135742
2320,44.085113525390625
2321,35.04154586791992
2322,53.80601501464844
2323,37.22971725463867
2324,42.236724853515625
2325,34.39418029785156
2326,50.6522216796875
2327,36.04831314086914
2328,34.87315368652344
2329,45.62069320678711
2330,33.09653091430664
2331,41.11371994018555
2332,56.10658264160156
2333,36.00048065185547
2334,37.995906829833984
2335,39.29629898071289
2336,33.729976654052734
2337,47.746952056884766
2338,40.189205169677734
2339,24.334802627563477
2340,32.35530471801758
2341,23.588909149169922
2342,29.586156845092773
2343,38.0576057434082
2344,32.610198974609375
2345,34.46153259277344
2346,35.54792404174805
2347,30.699350357055664
2348,34.23286056518555
2349,35.538238525390625
2350,44.05256652832031
2351,35.01663589477539
2352,53.745445251464844
2353,37.2076530456543
2354,42.2126350402832
2355,34.365211486816406
2356,50.62370300292969
2357,36.015052795410156
2358,34.846832275390625
2359,45.6011962890625
2360,33.07345962524414
2361,41.07069396972656
2362,56.0858154296875
2363,35.98509216308594
2364,37.97743225097656
2365,39.27341079711914
2366,33.71428298950195
2367,47.71106719970703
2368,40.15446853637695
2369,24.327152252197266
2370,32.328651428222656
2371,23.56943702697754
2372,29.57577896118164
2373,38.03325653076172
2374,32.5809326171875
2375,34.43949890136719
2376,35.5191764831543
2377,30.688879013061523
2378,34.211631774902344
2379,35.519039154052734
2380,44.02805709838867
2381,34.999210357666016
2382,53.70534133911133
2383,37.1884880065918
2384,42.18679428100586
2385,34.332244873046875
2386,50.59193801879883
2387,35.970672607421875
2388,34.82172393798828
2389,45.58378219604492
2390,33.068199157714844
2391,41.040775299072266
2392,56.05028533935547
2393,35.97069549560547
2394,37.95936965942383
2395,39.25131607055664
2396,33.69820785522461
2397,47.67168045043945
2398,40.119140625
2399,24.306875228881836
2400,32.29396438598633
2401,23.537578582763672
2402,29.55552101135254
2403,38.01285934448242
2404,32.55284118652344
2405,34.419044494628906
2406,35.496177673339844
2407,30.686098098754883
2408,34.185489654541016
2409,35.49790954589844
2410,43.99510192871094
2411,34.97028732299805
2412,53.64577865600586
2413,37.16667556762695
2414,42.167999267578125
2415,34.308895111083984
2416,50.567291259765625
2417,35.944801330566406
2418,34.79597091674805
2419,45.56528091430664
2420,33.04551696777344
2421,40.99864196777344
2422,56.02737808227539
2423,35.95709991455078
2424,37.941619873046875
2425,39.2285041809082
2426,33.688377380371094
2427,47.6446647644043
2428,40.08708953857422
2429,24.306907653808594
2430,32.273807525634766
2431,23.521778106689453
2432,29.547325134277344
2433,37.98870849609375
2434,32.52537155151367
2435,34.39793395996094
2436,35.47053909301758
2437,30.679182052612305
2438,34.16204833984375
2439,35.47663497924805
2440,43.96745681762695
2441,34.95038604736328
2442,53.59575271606445
2443,37.14826965332031
2444,42.145023345947266
2445,34.27988815307617
2446,50.54420471191406
2447,35.90961837768555
2448,34.77129364013672
2449,45.54719924926758
2450,33.022300720214844
2451,40.9748649597168
2452,56.01271438598633
2453,35.94029998779297
2454,37.92639923095703
2455,39.207313537597656
2456,33.67224884033203
2457,47.61335754394531
2458,40.05606460571289
2459,24.303546905517578
2460,32.247802734375
2461,23.50924301147461
2462,29.54702377319336
2463,37.960227966308594
2464,32.50130844116211
2465,34.375431060791016
2466,35.44919967651367
2467,30.676172256469727
2468,34.13545227050781
2469,35.45109558105469
2470,43.9385871887207
2471,34.933143615722656
2472,53.535118103027344
2473,37.13070297241211
2474,42.11833953857422
2475,34.24615478515625
2476,50.517616271972656
2477,35.866920471191406
2478,34.746543884277344
2479,45.53165817260742
2480,33.011451721191406
2481,40.9476432800293
2482,55.9931526184082
2483,35.92598342895508
2484,37.91283416748047
2485,39.18775939941406
2486,33.65766143798828
2487,47.57620620727539
2488,40.02257537841797
2489,24.2868709564209
2490,32.2158317565918
2491,23.479679107666016
2492,29.531414031982422
2493,37.93911361694336
2494,32.473358154296875
2495,34.35625457763672
2496,35.425506591796875
2497,30.672157287597656
2498,34.11170196533203
2499,35.43062973022461
2500,43.910797119140625
2501,34.9114875793457
2502,53.48261260986328
2503,37.11231231689453
2504,42.09897232055664
2505,34.219757080078125
2506,50.495567321777344
2507,35.834938049316406
2508,34.721065521240234
2509,45.515830993652344
2510,32.989768981933594
2511,40.916664123535156
2512,55.98106384277344
2513,35.911949157714844
2514,37.89992141723633
2515,39.16777801513672
2516,33.64664840698242
2517,47.5475959777832
2518,39.991943359375
2519,24.284393310546875
2520,32.19391632080078
2521,23.464031219482422
2522,29.52827262878418
2523,37.913143157958984
2524,32.44886779785156
2525,34.336029052734375
2526,35.404144287109375
2527,30.669631958007812
2528,34.08662414550781
2529,35.40741729736328
2530,43.88338088989258
2531,34.893943786621094
2532,53.425960540771484
2533,37.095672607421875
2534,42.07638931274414
2535,34.18951416015625
2536,50.47320556640625
2537,35.79700469970703
2538,34.69615936279297
2539,45.50124740600586
2540,32.9736328125
2541,40.890228271484375
2542,55.969390869140625
2543,35.89802169799805
2544,37.888607025146484
2545,39.149566650390625
2546,33.63372802734375
2547,47.51234817504883
2548,39.96006774902344
2549,24.267663955688477
2550,32.163108825683594
2551,23.433032989501953
2552,29.510787963867188
2553,37.89486312866211
2554,32.42070770263672
2555,34.31916046142578
2556,35.379119873046875
2557,30.663040161132812
2558,34.067359924316406
2559,35.39132308959961
2560,43.86099624633789
2561,34.87604904174805
2562,53.389347076416016
2563,37.0797004699707
2564,42.05963897705078
2565,34.165435791015625
2566,50.45137405395508
2567,35.765830993652344
2568,34.67302322387695
2569,45.487056732177734
2570,32.96195602416992
2571,40.86117172241211
2572,55.94729995727539
2573,35.886131286621094
2574,37.87565231323242
2575,39.1313591003418
2576,33.623844146728516
2577,47.48355484008789
2578,39.93085861206055
2579,24.256940841674805
2580,32.13925552368164
2581,23.409347534179688
2582,29.49725914001465
2583,37.87643051147461
2584,32.396175384521484
2585,34.30270767211914
2586,35.35769271850586
2587,30.65837860107422
2588,34.0485725402832
2589,35.376094818115234
2590,43.83903121948242
2591,34.85837173461914
2592,53.35262680053711
2593,37.064605712890625
2594,42.043418884277344
2595,34.143402099609375
2596,50.429691314697266
2597,35.73827362060547
2598,34.65165328979492
2599,45.47282409667969
2600,32.95076370239258
2601,40.8312873840332
2602,55.92524719238281
2603,35.87483215332031
2604,37.86235046386719
2605,39.11444091796875
2606,33.614017486572266
2607,47.456382751464844
2608,39.90339660644531
2609,24.246639251708984
2610,32.11705017089844
2611,23.38795280456543
2612,29.484607696533203
2613,37.85874557495117
2614,32.37356948852539
2615,34.28691101074219
2616,35.33823013305664
2617,30.654478073120117
2618,34.030555725097656
2619,35.361541748046875
2620,43.817752838134766
2621,34.841434478759766
2622,53.31599807739258
2623,37.05052947998047
2624,42.02737045288086
2625,34.12248992919922
2626,50.40831756591797
2627,35.71298599243164
2628,34.63178634643555
2629,45.45856857299805
2630,32.940391540527344
2631,40.80231857299805
2632,55.90290832519531
2633,35.86390686035156
2634,37.84886169433594
2635,39.09853744506836
2636,33.60419464111328
2637,47.43074035644531
2638,39.87742233276367
2639,24.2366886138916
2640,32.09625244140625
2641,23.3681697845459
2642,29.472381591796875
2643,37.84197235107422
2644,32.3526496887207
2645,34.271812438964844
2646,35.32039260864258
2647,30.651226043701172
2648,34.01335525512695
2649,35.347808837890625
2650,43.797264099121094
2651,34.82518005371094
2652,53.27984619140625
2653,37.037353515625
2654,42.01171112060547
2655,34.10293197631836
2656,50.38728332519531
2657,35.68983459472656
2658,34.613529205322266
2659,45.444461822509766
2660,32.931053161621094
2661,40.77366638183594
2662,55.8804817199707
2663,35.85353469848633
2664,37.835411071777344
2665,39.08373260498047
2666,33.594547271728516
2667,47.40655517578125
2668,39.85295867919922
2669,24.226749420166016
2670,32.07666778564453
2671,23.3494873046875
2672,29.46040153503418
2673,37.826194763183594
2674,32.333003997802734
2675,34.25743103027344
2676,35.303890228271484
2677,30.648326873779297
2678,33.997093200683594
2679,35.33505630493164
2680,43.7778434753418
2681,34.8098030090332
2682,53.2453498840332
2683,37.02515411376953
2684,41.99654769897461
2685,34.084659576416016
2686,50.366790771484375
2687,35.668575286865234
2688,34.596397399902344
2689,45.43065643310547
2690,32.922637939453125
2691,40.7458610534668
2692,55.857845306396484
2693,35.84360885620117
2694,37.822086334228516
2695,39.069847106933594
2696,33.58531188964844
2697,47.3839111328125
2698,39.8298454284668
2699,24.21728515625
2700,32.0583610534668
2701,23.33219337463379
2702,29.4488525390625
2703,37.81127166748047
2704,32.314640045166016
2705,34.24382400512695
2706,35.288490295410156
2707,30.64583396911621
2708,33.98159408569336
2709,35.323028564453125
2710,43.759376525878906
2711,34.79518508911133
2712,53.21213912963867
2713,37.01393127441406
2714,41.98186111450195
2715,34.0673942565918
2716,50.34709548950195
2717,35.64918518066406
2718,34.58056640625
2719,45.41713333129883
2720,32.915042877197266
2721,40.71943283081055
2722,55.8354377746582
2723,35.83412170410156
2724,37.80891036987305
2725,39.05683135986328
2726,33.57627487182617
2727,47.36286163330078
2728,39.80804443359375
2729,24.20842742919922
2730,32.04123306274414
2731,23.31629753112793
2732,29.43791961669922
2733,37.797054290771484
2734,32.29751205444336
2735,34.230892181396484
2736,35.2742805480957
2737,30.64373207092285
2738,33.966896057128906
2739,35.311710357666016
2740,43.74183654785156
2741,34.781593322753906
2742,53.179935455322266
2743,37.00359344482422
2744,41.96762466430664
2745,34.051143646240234
2746,50.328067779541016
2747,35.63127899169922
2748,34.565757751464844
2749,45.40398025512695
2750,32.90791702270508
2751,40.69401931762695
2752,55.81378173828125
2753,35.82499694824219
2754,37.79600524902344
2755,39.04482650756836
2756,33.56742477416992
2757,47.34308624267578
2758,39.78752899169922
2759,24.199813842773438
2760,32.025081634521484
2761,23.301286697387695
2762,29.427518844604492
2763,37.783546447753906
2764,32.281394958496094
2765,34.21862030029297
2766,35.261070251464844
2767,30.641969680786133
2768,33.95288848876953
2769,35.300872802734375
2770,43.725120544433594
2771,34.76879119873047
2772,53.148345947265625
2773,36.994136810302734
2774,41.953697204589844
2775,34.035797119140625
2776,50.30980682373047
2777,35.6147346496582
2778,34.55204772949219
2779,45.39105224609375
2780,32.901329040527344
2781,40.669979095458984
2782,55.79315185546875
2783,35.816104888916016
2784,37.78349685668945
2785,39.033660888671875
2786,33.558807373046875
2787,47.32454299926758
2788,39.768218994140625
2789,24.191612243652344
2790,32.00983428955078
2791,23.287548065185547
2792,29.417665481567383
2793,37.770748138427734
2794,32.266483306884766
2795,34.20691680908203
2796,35.24894332885742
2797,30.64059066772461
2798,33.939517974853516
2799,35.2905387878418
2800,43.70911407470703
2801,34.75691223144531
2802,53.117523193359375
2803,36.98549270629883
2804,41.9400634765625
2805,34.02125930786133
2806,50.29222869873047
2807,35.599571228027344
2808,34.539249420166016
2809,45.37856674194336
2810,32.895503997802734
2811,40.646995544433594
2812,55.773094177246094
2813,35.80763626098633
2814,37.77130126953125
2815,39.023292541503906
2816,33.550350189208984
2817,47.30718994140625
2818,39.7501106262207
2819,24.183740615844727
2820,31.995697021484375
2821,23.274755477905273
2822,29.408348083496094
2823,37.758567810058594
2824,32.2525634765625
2825,34.195919036865234
2826,35.23787307739258
2827,30.639562606811523
2828,33.9268798828125
2829,35.280921936035156
2830,43.69407653808594
2831,34.74573516845703
2832,53.08762741088867
2833,36.977725982666016
2834,41.927085876464844
2835,34.007625579833984
2836,50.27517318725586
2837,35.58570861816406
2838,34.5274772644043
2839,45.366455078125
2840,32.89057540893555
2841,40.62449645996094
2842,55.75334167480469
2843,35.799747467041016
2844,37.759559631347656
2845,39.01392364501953
2846,33.54241180419922
2847,47.29096221923828
2848,39.733070373535156
2849,24.175891876220703
2850,31.982603073120117
2851,23.26262092590332
2852,29.399208068847656
2853,37.747337341308594
2854,32.23979187011719
2855,34.185691833496094
2856,35.227783203125
2857,30.63887596130371
2858,33.91502380371094
2859,35.27217102050781
2860,43.68001174926758
2861,34.735286712646484
2862,53.05944061279297
2863,36.97077178955078
2864,41.91483688354492
2865,33.99513626098633
2866,50.258914947509766
2867,35.57327651977539
2868,34.51655578613281
2869,45.35493469238281
2870,32.886653900146484
2871,40.60280227661133
2872,55.73371887207031
2873,35.79232406616211
2874,37.74825668334961
2875,39.00533676147461
2876,33.53514862060547
2877,47.27613830566406
2878,39.71726989746094
2879,24.16852378845215
2880,31.970834732055664
2881,23.25144386291504
2882,29.390575408935547
2883,37.73674011230469
2884,32.229820251464844
2885,34.17520523071289
2886,35.22620391845703
2887,30.648160934448242
2888,33.8969612121582
2889,35.25843048095703
2890,43.65753936767578
2891,34.71689224243164
2892,52.98949432373047
2893,36.96013641357422
2894,41.901023864746094
2895,33.98162078857422
2896,50.232574462890625
2897,35.56365966796875
2898,34.50428009033203
2899,45.34562683105469
2900,32.88346862792969
2901,40.548439025878906
2902,55.72704315185547
2903,35.78937530517578
2904,37.74018096923828
2905,39.00187683105469
2906,33.52802276611328
2907,47.24789810180664
2908,39.69718933105469
2909,24.142866134643555
2910,31.955333709716797
2911,23.223785400390625
2912,29.36864471435547
2913,37.72981643676758
2914,32.219093322753906
2915,34.16841125488281
2916,35.219322204589844
2917,30.651039123535156
2918,33.88727951049805
2919,35.255001068115234
2920,43.645328521728516
2921,34.70282745361328
2922,52.967498779296875
2923,36.952186584472656
2924,41.895172119140625
2925,33.973934173583984
2926,50.21405792236328
2927,35.55561828613281
2928,34.492759704589844
2929,45.336700439453125
2930,32.88545227050781
2931,40.51459884643555
2932,55.702823638916016
2933,35.78559875488281
2934,37.73027420043945
2935,38.9945068359375
2936,33.525146484375
2937,47.23409652709961
2938,39.68152618408203
2939,24.13532257080078
2940,31.948301315307617
2941,23.2116756439209
2942,29.359386444091797
2943,37.72038650512695
2944,32.20905685424805
2945,34.160701751708984
2946,35.21187210083008
2947,30.65241050720215
2948,33.877437591552734
2949,35.249351501464844
2950,43.63392639160156
2951,34.69258499145508
2952,52.94599914550781
2953,36.94625473022461
2954,41.88716125488281
2955,33.9648551940918
2956,50.19928741455078
2957,35.54639434814453
2958,34.4824104309082
2959,45.32746887207031
2960,32.88444137573242
2961,40.4909782409668
2962,55.68390655517578
2963,35.78029251098633
2964,37.72096633911133
2965,38.98749923706055
2966,33.5207633972168
2967,47.22200012207031
2968,39.66748046875
2969,24.129438400268555
2970,31.940061569213867
2971,23.201702117919922
2972,29.35227394104004
2973,37.71079635620117
2974,32.199222564697266
2975,34.15292739868164
2976,35.20447540283203
2977,30.65324592590332
2978,33.86762619018555
2979,35.24272537231445
2980,43.6229248046875
2981,34.68427658081055
2982,52.9232177734375
2983,36.941253662109375
2984,41.87786102294922
2985,33.955055236816406
2986,50.18601989746094
2987,35.536643981933594
2988,34.47286605834961
2989,45.31840896606445
2990,32.882781982421875
2991,40.47153091430664
2992,55.668155670166016
2993,35.774723052978516
2994,37.712432861328125
2995,38.98139572143555
2996,33.515960693359375
2997,47.210453033447266
2998,39.6542854309082
2999,24.12310791015625
3000,31.93136978149414
3001,23.191680908203125
3002,29.345129013061523
3003,37.701961517333984
3004,32.18974685668945
3005,34.14580154418945
3006,35.19723129272461
3007,30.65383529663086
3008,33.85835266113281
3009,35.23640823364258
3010,43.612850189208984
3011,34.67709732055664
3012,52.901771545410156
3013,36.93702697753906
3014,41.86902618408203
3015,33.9456672668457
3016,50.173744201660156
3017,35.527496337890625
3018,34.464073181152344
3019,45.309837341308594
3020,32.881526947021484
3021,40.45396041870117
3022,55.65321731567383
3023,35.769287109375
3024,37.704410552978516
3025,38.97576904296875
3026,33.51138687133789
3027,47.19987106323242
3028,39.64213943481445
3029,24.117225646972656
3030,31.923208236694336
3031,23.18229866027832
3032,29.3386173248291
3033,37.693748474121094
3034,32.180973052978516
3035,34.1391487121582
3036,35.19065475463867
3037,30.65447998046875
3038,33.84981918334961
3039,35.230613708496094
3040,43.603477478027344
3041,34.67058181762695
3042,52.88180160522461
3043,36.933414459228516
3044,41.86061477661133
3045,33.93704605102539
3046,50.162296295166016
3047,35.51904296875
3048,34.45594787597656
3049,45.30170440673828
3050,32.88093185424805
3051,40.4382438659668
3052,55.637962341308594
3053,35.76416015625
3054,37.69654083251953
3055,38.9705696105957
3056,33.50715637207031
3057,47.190860748291016
3058,39.63107681274414
3059,24.112476348876953
3060,31.91632843017578
3061,23.17458152770996
3062,29.33315658569336
3063,37.685935974121094
3064,32.173343658447266
3065,34.13290023803711
3066,35.18494415283203
3067,30.655481338500977
3068,33.84181594848633
3069,35.22502136230469
3070,43.5947380065918
3071,34.66464614868164
3072,52.86247253417969
3073,36.93027114868164
3074,41.852481842041016
3075,33.92909622192383
3076,50.151405334472656
3077,35.51202392578125
3078,34.448753356933594
3079,45.29375076293945
3080,32.88063049316406
3081,40.42347717285156
3082,55.62333297729492
3083,35.75926208496094
3084,37.688804626464844
3085,38.965972900390625
3086,33.50300216674805
3087,47.182861328125
3088,39.62107467651367
3089,24.10797691345215
3090,31.91016387939453
3091,23.168197631835938
3092,29.328346252441406
3093,37.678611755371094
3094,32.16670608520508
3095,34.127132415771484
3096,35.18036651611328
3097,30.656848907470703
3098,33.83425521850586
3099,35.2199821472168
3100,43.586544036865234
3101,34.65924072265625
3102,52.843605041503906
3103,36.92774200439453
3104,41.84450912475586
3105,33.92200469970703
3106,50.14107894897461
3107,35.50611877441406
3108,34.44239807128906
3109,45.2861213684082
3110,32.88070297241211
3111,40.409339904785156
3112,55.6092529296875
3113,35.75479507446289
3114,37.68126678466797
3115,38.96209716796875
3116,33.4989128112793
3117,47.17564392089844
3118,39.61200714111328
3119,24.103727340698242
3120,31.904804229736328
3121,23.16253089904785
3122,29.3238468170166
3123,37.67194366455078
3124,32.161006927490234
3125,34.121864318847656
3126,35.17655563354492
3127,30.65831184387207
3128,33.82725524902344
3129,35.21549987792969
3130,43.57909393310547
3131,34.65435791015625
3132,52.82589340209961
3133,36.92572784423828
3134,41.83716583251953
3135,33.9156379699707
3136,50.131256103515625
3137,35.501258850097656
3138,34.43671798706055
3139,45.27886962890625
3140,32.88115692138672
3141,40.395973205566406
3142,55.59549331665039
3143,35.75060272216797
3144,37.67399215698242
3145,38.95866012573242
3146,33.49518585205078
3147,47.169517517089844
3148,39.60369873046875
3149,24.09981346130371
3150,31.900279998779297
3151,23.157737731933594
3152,29.31973648071289
3153,37.66584014892578
3154,32.156166076660156
3155,34.11699676513672
3156,35.17337417602539
3157,30.66002082824707
3158,33.82091522216797
3159,35.21139144897461
3160,43.57211685180664
3161,34.649967193603516
3162,52.809322357177734
3163,36.9241943359375
3164,41.83015441894531
3165,33.909976959228516
3166,50.12210464477539
3167,35.497467041015625
3168,34.431724548339844
3169,45.27177047729492
3170,32.881752014160156
3171,40.38365173339844
3172,55.58243942260742
3173,35.746665954589844
3174,37.66697311401367
3175,38.955806732177734
3176,33.491554260253906
3177,47.164215087890625
3178,39.59634780883789
3179,24.096418380737305
3180,31.896387100219727
3181,23.153818130493164
3182,29.31623077392578
3183,37.66011428833008
3184,32.15205001831055
3185,34.112648010253906
3186,35.170963287353516
3187,30.661911010742188
3188,33.81492614746094
3189,35.20764923095703
3190,43.565879821777344
3191,34.64619064331055
3192,52.79324722290039
3193,36.923194885253906
3194,41.82339096069336
3195,33.90481948852539
3196,50.11359405517578
3197,35.49443435668945
3198,34.427303314208984
3199,45.26508712768555
3200,32.88268280029297
3201,40.37211990356445
3202,55.570064544677734
3203,35.74293518066406
3204,37.660247802734375
3205,38.9534912109375
3206,33.48807144165039
3207,47.15967559814453
3208,39.58967971801758
3209,24.093042373657227
3210,31.893089294433594
3211,23.15044403076172
3212,29.312910079956055
3213,37.65485382080078
3214,32.148590087890625
3215,34.10871505737305
3216,35.16909408569336
3217,30.66404151916504
3218,33.80933380126953
3219,35.2042236328125
3220,43.56011199951172
3221,34.64281463623047
3222,52.77782440185547
3223,36.92256164550781
3224,41.81697082519531
3225,33.90028381347656
3226,50.105403900146484
3227,35.4921875
3228,34.423465728759766
3229,45.258724212646484
3230,32.88416290283203
3231,40.3609504699707
3232,55.55802536010742
3233,35.73955535888672
3234,37.65382766723633
3235,38.951690673828125
3236,33.48493194580078
3237,47.15585708618164
3238,39.58380889892578
3239,24.089815139770508
3240,31.890348434448242
3241,23.1474609375
3242,29.309810638427734
3243,37.65019989013672
3244,32.14570999145508
3245,34.10525131225586
3246,35.16776657104492
3247,30.666292190551758
3248,33.80433654785156
3249,35.201385498046875
3250,43.55500030517578
3251,34.6399040222168
3252,52.76361846923828
3253,36.92245101928711
3254,41.81102752685547
3255,33.89634323120117
3256,50.09782028198242
3257,35.490718841552734
3258,34.420204162597656
3259,45.25261688232422
3260,32.886070251464844
3261,40.35062026977539
3262,55.54623031616211
3263,35.7364616394043
3264,37.647727966308594
3265,38.950260162353516
3266,33.482147216796875
3267,47.15279006958008
3268,39.578548431396484
3269,24.087013244628906
3270,31.888397216796875
3271,23.145143508911133
3272,29.307008743286133
3273,37.64588165283203
3274,32.14357376098633
3275,34.10215759277344
3276,35.16697311401367
3277,30.668615341186523
3278,33.79973220825195
3279,35.19895935058594
3280,43.550479888916016
3281,34.63749694824219
3282,52.75040817260742
3283,36.92274856567383
3284,41.80554962158203
3285,33.89291000366211
3286,50.090797424316406
3287,35.48988342285156
3288,34.4173469543457
3289,45.24684524536133
3290,32.88832092285156
3291,40.34101104736328
3292,55.5346794128418
3293,35.733680725097656
3294,37.641849517822266
3295,38.94930648803711
3296,33.47955322265625
3297,47.150516510009766
3298,39.57386016845703
3299,24.0843505859375
3300,31.88701057434082
3301,23.143478393554688
3302,29.30475425720215
3303,37.641902923583984
3304,32.14202880859375
3305,34.09946060180664
3306,35.16684341430664
3307,30.671340942382812
3308,33.79552459716797
3309,35.19677734375
3310,43.54640579223633
3311,34.63540267944336
3312,52.73777770996094
3313,36.92328643798828
3314,41.800376892089844
3315,33.89006042480469
3316,50.08417510986328
3317,35.48970413208008
3318,34.414878845214844
3319,45.24152374267578
3320,32.89109420776367
3321,40.33170700073242
3322,55.52362823486328
3323,35.73114776611328
3324,37.63630294799805
3325,38.9487419128418
3326,33.47735595703125
3327,47.148860931396484
3328,39.56986999511719
3329,24.081941604614258
3330,31.8863525390625
3331,23.142229080200195
3332,29.302888870239258
3333,37.63827133178711
3334,32.14118194580078
3335,34.09721755981445
3336,35.16729736328125
3337,30.67433738708496
3338,33.79154586791992
3339,35.19501495361328
3340,43.54283905029297
3341,34.633548736572266
3342,52.72541427612305
3343,36.92424011230469
3344,41.79564666748047
3345,33.8876953125
3346,50.077674865722656
3347,35.49026870727539
3348,34.41279602050781
3349,45.23647689819336
3350,32.89410400390625
3351,40.322105407714844
3352,55.512939453125
3353,35.72909927368164
3354,37.63103485107422
3355,38.94858932495117
3356,33.47553253173828
3357,47.147560119628906
3358,39.566322326660156
3359,24.079513549804688
3360,31.88636589050293
3361,23.14122200012207
3362,29.300966262817383
3363,37.63508605957031
3364,32.14085006713867
3365,34.09538269042969
3366,35.16828155517578
3367,30.677566528320312
3368,33.78812026977539
3369,35.19370651245117
3370,43.539703369140625
3371,34.6319465637207
3372,52.71421432495117
3373,36.92546844482422
3374,41.79151153564453
3375,33.88591384887695
3376,50.07175064086914
3377,35.49146270751953
3378,34.41105270385742
3379,45.23180389404297
3380,32.8978385925293
3381,40.31300354003906
3382,55.50225067138672
3383,35.72730255126953
3384,37.62617874145508
3385,38.94892883300781
3386,33.474090576171875
3387,47.14699172973633
3388,39.563331604003906
3389,24.07732582092285
3390,31.88692283630371
3391,23.140504837036133
3392,29.299365997314453
3393,37.632423400878906
3394,32.140960693359375
3395,34.09393310546875
3396,35.16959762573242
3397,30.684553146362305
3398,33.781005859375
3399,35.188987731933594
3400,43.529720306396484
3401,34.623836517333984
3402,52.663917541503906
3403,36.92411422729492
3404,41.78657913208008
3405,33.88425827026367
3406,50.05780029296875
3407,35.49798583984375
3408,34.40827178955078
3409,45.22807693481445
3410,32.8969612121582
3411,40.27234649658203
3412,55.51048278808594
3413,35.72874069213867
3414,37.624454498291016
3415,38.95496368408203
3416,33.47174835205078
3417,47.13467025756836
3418,39.55703353881836
3419,24.060365676879883
3420,31.884565353393555
3421,23.12800407409668
3422,29.289077758789062
3423,37.63022994995117
3424,32.145713806152344
3425,34.09286117553711
3426,35.185081481933594
3427,30.70272445678711
3428,33.772483825683594
3429,35.18716049194336
3430,43.52250671386719
3431,34.61664962768555
3432,52.63271713256836
3433,36.9244384765625
3434,41.785186767578125
3435,33.8845100402832
3436,50.047096252441406
3437,35.50396728515625
3438,34.4042854309082
3439,45.224369049072266
3440,32.89967346191406
3441,40.240020751953125
3442,55.5096549987793
3443,35.7297477722168
3444,37.62226486206055
3445,38.95905303955078
3446,33.47215270996094
3447,47.1285400390625
3448,39.5515251159668
3449,24.051651000976562
3450,31.8858642578125
3451,23.12052345275879
3452,29.28428077697754
3453,37.62674331665039
3454,32.145503997802734
3455,34.092491149902344
3456,35.1867790222168
3457,30.708707809448242
3458,33.76858901977539
3459,35.18703842163086
3460,43.52059555053711
3461,34.61583709716797
3462,52.62096405029297
3463,36.92722702026367
3464,41.78223419189453
3465,33.882293701171875
3466,50.04144287109375
3467,35.503665924072266
3468,34.40064239501953
3469,45.22044372558594
3470,32.90594482421875
3471,40.22926330566406
3472,55.4989128112793
3473,35.728511810302734
3474,37.618927001953125
3475,38.96031951904297
3476,33.47288513183594
3477,47.12837600708008
3478,39.54784393310547
3479,24.049104690551758
3480,31.887096405029297
3481,23.117021560668945
3482,29.28188705444336
3483,37.62303924560547
3484,32.144317626953125
3485,34.0917854309082
3486,35.18659591674805
3487,30.712404251098633
3488,33.76533126831055
3489,35.18642807006836
3490,43.5195426940918
3491,34.61650466918945
3492,52.612831115722656
3493,36.93033981323242
3494,41.77866744995117
3495,33.87980270385742
3496,50.037384033203125
3497,35.50299072265625
3498,34.39756393432617
3499,45.21629333496094
3500,32.91154861450195
3501,40.22312545776367
3502,55.488121032714844
3503,35.7267951965332
3504,37.615257263183594
3505,38.961181640625
3506,33.47315216064453
3507,47.12952423095703
3508,39.54491424560547
3509,24.048233032226562
3510,31.888395309448242
3511,23.115461349487305
3512,29.280691146850586
3513,37.61953353881836
3514,32.143470764160156
3515,34.09084701538086
3516,35.18658447265625
3517,30.71554946899414
3518,33.76225280761719
3519,35.185577392578125
3520,43.51827621459961
3521,34.617366790771484
3522,52.604984283447266
3523,36.93333435058594
3524,41.774925231933594
3525,33.877620697021484
3526,50.03371810913086
3527,35.502811431884766
3528,34.39509582519531
3529,45.212276458740234
3530,32.91633987426758
3531,40.218292236328125
3532,55.47842788696289
3533,35.724998474121094
3534,37.611602783203125
3535,38.96198272705078
3536,33.472923278808594
3537,47.130741119384766
3538,39.54243087768555
3539,24.04743766784668
3540,31.88943099975586
3541,23.11448097229004
3542,29.279708862304688
3543,37.61637878417969
3544,32.14286804199219
3545,34.08994674682617
3546,35.18673324584961
3547,30.718421936035156
3548,33.75947189331055
3549,35.184661865234375
3550,43.517154693603516
3551,34.618167877197266
3552,52.597816467285156
3553,36.936092376708984
3554,41.771270751953125
3555,33.87569046020508
3556,50.03029251098633
3557,35.50286865234375
3558,34.393089294433594
3559,45.208335876464844
3560,32.92064666748047
3561,40.21415328979492
3562,55.46920394897461
3563,35.7231330871582
3564,37.60792541503906
3565,38.9627571105957
3566,33.472530364990234
3567,47.13203811645508
3568,39.540283203125
3569,24.046781539916992
3570,31.890478134155273
3571,23.113910675048828
3572,29.278934478759766
3573,37.61363983154297
3574,32.14259719848633
3575,34.08914566040039
3576,35.187015533447266
3577,30.720922470092773
3578,33.756988525390625
3579,35.18392562866211
3580,43.51605987548828
3581,34.61884689331055
3582,52.59126663208008
3583,36.93858337402344
3584,41.76786804199219
3585,33.874053955078125
3586,50.02708053588867
3587,35.5032958984375
3588,34.391441345214844
3589,45.20468521118164
3590,32.92475891113281
3591,40.21049118041992
3592,55.46061706542969
3593,35.72137451171875
3594,37.60443115234375
3595,38.96345520019531
3596,33.471923828125
3597,47.133365631103516
3598,39.5383415222168
3599,24.04621124267578
3600,31.891267776489258
3601,23.113849639892578
3602,29.27831268310547
3603,37.61115264892578
3604,32.1425666809082
3605,34.08833312988281
3606,35.187442779541016
3607,30.7232723236084
3608,33.75470733642578
3609,35.1832160949707
3610,43.51490020751953
3611,34.61933898925781
3612,52.585445404052734
3613,36.94083023071289
3614,41.76469039916992
3615,33.872657775878906
3616,50.02406692504883
3617,35.50389862060547
3618,34.390201568603516
3619,45.20119094848633
3620,32.92836380004883
3621,40.20722961425781
3622,55.4525032043457
3623,35.71965789794922
3624,37.60110092163086
3625,38.964088439941406
3626,33.47120666503906
3627,47.134681701660156
3628,39.536678314208984
3629,24.04556655883789
3630,31.89197540283203
3631,23.113771438598633
3632,29.277631759643555
3633,37.6091423034668
3634,32.14261245727539
3635,34.0876579284668
3636,35.187835693359375
3637,30.725330352783203
3638,33.75271224975586
3639,35.18265151977539
3640,43.51393508911133
3641,34.61977005004883
3642,52.58056640625
3643,36.94282150268555
3644,41.761802673339844
3645,33.87156677246094
3646,50.02123260498047
3647,35.504730224609375
3648,34.389076232910156
3649,45.19804382324219
3650,32.93183135986328
3651,40.204280853271484
3652,55.44489288330078
3653,35.71807098388672
3654,37.59780502319336
3655,38.96464157104492
3656,33.47050476074219
3657,47.13603210449219
3658,39.53518295288086
3659,24.04500389099121
3660,31.892566680908203
3661,23.113813400268555
3662,29.27703285217285
3663,37.60731506347656
3664,32.14277267456055
3665,34.086936950683594
3666,35.188232421875
3667,30.727062225341797
3668,33.7508659362793
3669,35.18206787109375
3670,43.51288604736328
3671,34.62004089355469
3672,52.57645034790039
3673,36.9444465637207
3674,41.75934600830078
3675,33.870723724365234
3676,50.018741607666016
3677,35.50551223754883
3678,34.388160705566406
3679,45.19523620605469
3680,32.935020446777344
3681,40.20163345336914
3682,55.437843322753906
3683,35.71659469604492
3684,37.59491729736328
3685,38.96504211425781
3686,33.46977996826172
3687,47.137237548828125
3688,39.533790588378906
3689,24.044567108154297
3690,31.893115997314453
3691,23.11400604248047
3692,29.27680015563965
3693,37.6058235168457
3694,32.14301300048828
3695,34.086360931396484
3696,35.1887092590332
3697,30.728694915771484
3698,33.749237060546875
3699,35.181575775146484
3700,43.51188659667969
3701,34.620121002197266
3702,52.57310485839844
3703,36.94586181640625
3704,41.75711441040039
3705,33.87007522583008
3706,50.01640701293945
3707,35.506385803222656
3708,34.38725280761719
3709,45.192718505859375
3710,32.93792724609375
3711,40.19929885864258
3712,55.43149948120117
3713,35.715206146240234
3714,37.5921630859375
3715,38.9653205871582
3716,33.469154357910156
3717,47.13842010498047
3718,39.53239059448242
3719,24.044105529785156
3720,31.893476486206055
3721,23.11438751220703
3722,29.276531219482422
3723,37.6046142578125
3724,32.143287658691406
3725,34.08579635620117
3726,35.18912887573242
3727,30.730072021484375
3728,33.74779510498047
3729,35.18107604980469
3730,43.510929107666016
3731,34.62005615234375
3732,52.570533752441406
3733,36.946861267089844
3734,41.75527572631836
3735,33.869625091552734
3736,50.014339447021484
3737,35.50722122192383
3738,34.38648223876953
3739,45.19049835205078
3740,32.940608978271484
3741,40.19721603393555
3742,55.42576217651367
3743,35.71390151977539
3744,37.58971405029297
3745,38.96559524536133
3746,33.4685173034668
3747,47.139556884765625
3748,39.53119659423828
3749,24.043806076049805
3750,31.893781661987305
3751,23.114728927612305
3752,29.27638816833496
3753,37.60346603393555
3754,32.143611907958984
3755,34.08527755737305
3756,35.18960952758789
3757,30.731231689453125
3758,33.74653244018555
3759,35.18061065673828
3760,43.509952545166016
3761,34.61985778808594
3762,52.56858444213867
3763,36.94760513305664
3764,41.75369644165039
3765,33.869258880615234
3766,50.01247024536133
3767,35.50807189941406
3768,34.38585662841797
3769,45.18854904174805
3770,32.94301223754883
3771,40.195316314697266
3772,55.42060852050781
3773,35.71267318725586
3774,37.58745193481445
3775,38.965641021728516
3776,33.46794891357422
3777,47.140560150146484
3778,39.52998352050781
3779,24.043466567993164
3780,31.89411735534668
3781,23.115140914916992
3782,29.276451110839844
3783,37.60259246826172
3784,32.14401626586914
3785,34.08481216430664
3786,35.18992614746094
3787,30.732275009155273
3788,33.74531936645508
3789,35.180198669433594
3790,43.50904083251953
3791,34.61955261230469
3792,52.567138671875
3793,36.94816207885742
3794,41.75242233276367
3795,33.86912155151367
3796,50.01080322265625
3797,35.50883102416992
3798,34.38520050048828
3799,45.18693161010742
3800,32.94510269165039
3801,40.19364929199219
3802,55.416072845458984
3803,35.711570739746094
3804,37.58549880981445
3805,38.96570587158203
3806,33.46745681762695
3807,47.14152526855469
3808,39.52886199951172
3809,24.043277740478516
3810,31.894363403320312
3811,23.115671157836914
3812,29.276567459106445
3813,37.601829528808594
3814,32.14446258544922
3815,34.08449172973633
3816,35.19036865234375
3817,30.733171463012695
3818,33.744293212890625
3819,35.17975997924805
3820,43.508087158203125
3821,34.61912536621094
3822,52.5662841796875
3823,36.94852066040039
3824,41.75139236450195
3825,33.869117736816406
3826,50.00923538208008
3827,35.50956726074219
3828,34.3846321105957
3829,45.185543060302734
3830,32.94707107543945
3831,40.19217300415039
3832,55.412113189697266
3833,35.71056365966797
3834,37.58378601074219
3835,38.96558380126953
3836,33.46699142456055
3837,47.14238739013672
3838,39.52779006958008
3839,24.043106079101562
3840,31.894514083862305
3841,23.116191864013672
3842,29.276885986328125
3843,37.60122299194336
3844,32.14494323730469
3845,34.08405303955078
3846,35.19082260131836
3847,30.733827590942383
3848,33.74330520629883
3849,35.179290771484375
3850,43.50720977783203
3851,34.61861801147461
3852,52.56592559814453
3853,36.94860076904297
3854,41.750675201416016
3855,33.869205474853516
3856,50.00790786743164
3857,35.510250091552734
3858,34.38413619995117
3859,45.18438720703125
3860,32.94873046875
3861,40.190895080566406
3862,55.4087028503418
3863,35.70953369140625
3864,37.58220291137695
3865,38.96543884277344
3866,33.466529846191406
3867,47.143184661865234
3868,39.52680206298828
3869,24.042922973632812
3870,31.894451141357422
3871,23.116714477539062
3872,29.27710723876953
3873,37.60076141357422
3874,32.14542007446289
3875,34.08366012573242
3876,35.191200256347656
3877,30.73442268371582
3878,33.74248504638672
3879,35.17891311645508
3880,43.506187438964844
3881,34.61797332763672
3882,52.56600570678711
3883,36.948387145996094
3884,41.750083923339844
3885,33.86933517456055
3886,50.006771087646484
3887,35.51095199584961
3888,34.38362121582031
3889,45.1834602355957
3890,32.950260162353516
3891,40.189674377441406
3892,55.405738830566406
3893,35.70867156982422
3894,37.58088684082031
3895,38.96529769897461
3896,33.466156005859375
3897,47.14385986328125
3898,39.52571487426758
3899,24.042890548706055
3900,31.894556045532227
3901,23.11728286743164
3902,29.277570724487305
3903,37.60039138793945
3904,32.145965576171875
3905,34.083343505859375
3906,35.19154357910156
3907,30.73497200012207
3908,33.741703033447266
3909,35.178428649902344
3910,43.5053596496582
3911,34.61722183227539
3912,52.56660079956055
3913,36.9481201171875
3914,41.74973678588867
3915,33.869667053222656
3916,50.00575256347656
3917,35.511531829833984
3918,34.38309097290039
3919,45.18277359008789
3920,32.951576232910156
3921,40.188568115234375
3922,55.40320587158203
3923,35.70787811279297
3924,37.57969665527344
3925,38.96488571166992
3926,33.46580123901367
3927,47.14451217651367
3928,39.52480697631836
3929,24.042783737182617
3930,31.8945369720459
3931,23.11781883239746
3932,29.27801513671875
3933,37.6002082824707
3934,32.146488189697266
3935,34.083065032958984
3936,35.19195556640625
3937,30.73531150817871
3938,33.74101257324219
3939,35.17808151245117
3940,43.504398345947266
3941,34.61638641357422
3942,52.567535400390625
3943,36.9476432800293
3944,41.74967956542969
3945,33.87005615234375
3946,50.00486373901367
3947,35.51219940185547
3948,34.382728576660156
3949,45.18215560913086
3950,32.952545166015625
3951,40.187713623046875
3952,55.401092529296875
3953,35.706947326660156
3954,37.5786247253418
3955,38.96464920043945
3956,33.465335845947266
3957,47.14529800415039
3958,39.52395248413086
3959,24.042877197265625
3960,31.894514083862305
3961,23.118709564208984
3962,29.278724670410156
3963,37.599937438964844
3964,32.14724349975586
3965,34.08272171020508
3966,35.19236373901367
3967,30.735639572143555
3968,33.74033737182617
3969,35.17763137817383
3970,43.50346755981445
3971,34.6155891418457
3972,52.56829833984375
3973,36.94721221923828
3974,41.749393463134766
3975,33.870384216308594
3976,50.00416946411133
3977,35.51301956176758
3978,34.38247299194336
3979,45.18136978149414
3980,32.953453063964844
3981,40.18721008300781
3982,55.39935302734375
3983,35.70598602294922
3984,37.57740020751953
3985,38.964332580566406
3986,33.46470260620117
3987,47.145973205566406
3988,39.52320861816406
3989,24.043054580688477
3990,31.894405364990234
3991,23.119842529296875
3992,29.279407501220703
3993,37.59965896606445
3994,32.14786148071289
3995,34.08233642578125
3996,35.192840576171875
3997,30.73594093322754
3998,33.73968505859375
3999,35.17700958251953
4000,43.50248336791992
4001,34.61494827270508
4002,52.56884002685547
4003,36.94675827026367
4004,41.74898910522461
4005,33.87067413330078
4006,50.00337219238281
4007,35.51386260986328
4008,34.38225173950195
4009,45.18059158325195
4010,32.954044342041016
4011,40.186920166015625
4012,55.39755630493164
4013,35.70491409301758
4014,37.57614517211914
4015,38.96406936645508
4016,33.46391296386719
4017,47.14684295654297
4018,39.52256393432617
4019,24.043136596679688
4020,31.894136428833008
4021,23.12101936340332
4022,29.280132293701172
4023,37.599552154541016
4024,32.14864730834961
4025,34.08193588256836
4026,35.193321228027344
4027,30.736173629760742
4028,33.7390022277832
4029,35.176429748535156
4030,43.50156784057617
4031,34.61429977416992
4032,52.56938552856445
4033,36.946372985839844
4034,41.74844741821289
4035,33.87104034423828
4036,50.00263214111328
4037,35.51479721069336
4038,34.38217544555664
4039,45.17975616455078
4040,32.95473098754883
4041,40.18680953979492
4042,55.3957633972168
4043,35.70394515991211
4044,37.57483673095703
4045,38.9638557434082
4046,33.46302795410156
4047,47.14769744873047
4048,39.5219841003418
4049,24.043344497680664
4050,31.89402961730957
4051,23.1223087310791
4052,29.280902862548828
4053,37.599327087402344
4054,32.1494140625
4055,34.081546783447266
4056,35.19388961791992
4057,30.736387252807617
4058,33.738433837890625
4059,35.175865173339844
4060,43.50062561035156
4061,34.61368942260742
4062,52.5699348449707
4063,36.9460334777832
4064,41.747947692871094
4065,33.87141418457031
4066,50.001930236816406
4067,35.515769958496094
4068,34.38218307495117
4069,45.17886734008789
4070,32.95536422729492
4071,40.186744689941406
4072,55.394039154052734
4073,35.702857971191406
4074,37.57343292236328
4075,38.963661193847656
4076,33.46215057373047
4077,47.14863586425781
4078,39.52143478393555
4079,24.043481826782227
4080,31.89377212524414
4081,23.123680114746094
4082,29.28164291381836
4083,37.59926223754883
4084,32.15030288696289
4085,34.08113479614258
4086,35.1944465637207
4087,30.736616134643555
4088,33.73781967163086
4089,35.1754035949707
4090,43.499794006347656
4091,34.613075256347656
4092,52.57066345214844
4093,36.94563674926758
4094,41.74742889404297
4095,33.871829986572266
4096,50.001190185546875
4097,35.51692199707031
4098,34.382179260253906
4099,45.17801284790039
4100,32.9559440612793
4101,40.18668746948242
4102,55.392242431640625
4103,35.70180892944336
4104,37.57215118408203
4105,38.963409423828125
4106,33.461273193359375
4107,47.14960861206055
4108,39.52094268798828
4109,24.043807983398438
4110,31.89359474182129
4111,23.125181198120117
4112,29.28244972229004
4113,37.59914779663086
4114,32.15114974975586
4115,34.08077621459961
4116,35.19497299194336
4117,30.73675537109375
4118,33.737247467041016
4119,35.17483901977539
4120,43.49880599975586
4121,34.61241149902344
4122,52.571388244628906
4123,36.94525909423828
4124,41.74689865112305
4125,33.87225341796875
4126,50.00048828125
4127,35.51793670654297
4128,34.38227081298828
4129,45.177181243896484
4130,32.95654296875
4131,40.18679428100586
4132,55.39046859741211
4133,35.700748443603516
4134,37.570777893066406
4135,38.96321487426758
4136,33.460296630859375
4137,47.15061569213867
4138,39.5205192565918
4139,24.043973922729492
4140,31.893526077270508
4141,23.126619338989258
4142,29.283203125
4143,37.59919357299805
4144,32.151947021484375
4145,34.080421447753906
4146,35.19557571411133
4147,30.736923217773438
4148,33.73674774169922
4149,35.174381256103516
4150,43.49793243408203
4151,34.61185073852539
4152,52.57223892211914
4153,36.94486999511719
4154,41.74646759033203
4155,33.872772216796875
4156,49.9998664855957
4157,35.51906204223633
4158,34.382442474365234
4159,45.17634201049805
4160,32.9571418762207
4161,40.18692398071289
4162,55.38872528076172
4163,35.69979476928711
4164,37.5693473815918
4165,38.962989807128906
4166,33.45940399169922
4167,47.15166091918945
4168,39.520111083984375
4169,24.044326782226562
4170,31.8934268951416
4171,23.128158569335938
4172,29.284008026123047
4173,37.599159240722656
4174,32.15290832519531
4175,34.08009719848633
4176,35.19608688354492
4177,30.73705291748047
4178,33.7362174987793
4179,35.173946380615234
4180,43.49711608886719
4181,34.611183166503906
4182,52.5730094909668
4183,36.9444694519043
4184,41.74596405029297
4185,33.873207092285156
4186,49.99922561645508
4187,35.5202522277832
4188,34.382545471191406
4189,45.17552947998047
4190,32.95775604248047
4191,40.187068939208984
4192,55.38685607910156
4193,35.6987190246582
4194,37.56798553466797
4195,38.96274948120117
4196,33.458499908447266
4197,47.15276336669922
4198,39.519744873046875
4199,24.04463005065918
4200,31.8931941986084
4201,23.129732131958008
4202,29.284746170043945
4203,37.599098205566406
4204,32.15375518798828
4205,34.079681396484375
4206,35.19671630859375
4207,30.737106323242188
4208,33.73577880859375
4209,35.173526763916016
4210,43.49628448486328
4211,34.610538482666016
4212,52.574058532714844
4213,36.94405746459961
4214,41.745513916015625
4215,33.87373733520508
4216,49.99858474731445
4217,35.52143478393555
4218,34.38271713256836
4219,45.17460632324219
4220,32.95841598510742
4221,40.18742370605469
4222,55.38497543334961
4223,35.69770812988281
4224,37.56657028198242
4225,38.962528228759766
4226,33.45754623413086
4227,47.15382385253906
4228,39.51935958862305
4229,24.04483413696289
4230,31.893070220947266
4231,23.13132095336914
4232,29.28546142578125
4233,37.59914779663086
4234,32.15461349487305
4235,34.079345703125
4236,35.197242736816406
4237,30.73716163635254
4238,33.73540496826172
4239,35.17306137084961
4240,43.49550247192383
4241,34.60997772216797
4242,52.575164794921875
4243,36.94370651245117
4244,41.74501419067383
4245,33.87434005737305
4246,49.99796676635742
4247,35.52263259887695
4248,34.38294219970703
4249,45.17377853393555
4250,32.958984375
4251,40.18781661987305
4252,55.383026123046875
4253,35.6966667175293
4254,37.565147399902344
4255,38.96223449707031
4256,33.456546783447266
4257,47.15503692626953
4258,39.519126892089844
4259,24.045249938964844
4260,31.89289665222168
4261,23.133014678955078
4262,29.286170959472656
4263,37.59929656982422
4264,32.1555290222168
4265,34.07899856567383
4266,35.197776794433594
4267,30.73710823059082
4268,33.73500442504883
4269,35.172706604003906
4270,43.49464416503906
4271,34.609371185302734
4272,52.576393127441406
4273,36.94328308105469
4274,41.74460983276367
4275,33.8748664855957
4276,49.9973258972168
4277,35.52387619018555
4278,34.38325500488281
4279,45.172916412353516
4280,32.95966720581055
4281,40.1883544921875
4282,55.380950927734375
4283,35.695621490478516
4284,37.56364822387695
4285,38.962005615234375
4286,33.45552062988281
4287,47.15621566772461
4288,39.518943786621094
4289,24.045564651489258
4290,31.892709732055664
4291,23.13469123840332
4292,29.28696060180664
4293,37.599395751953125
4294,32.15642166137695
4295,34.07861328125
4296,35.19831466674805
4297,30.73712921142578
4298,33.73463439941406
4299,35.1723518371582
4300,43.49394226074219
4301,34.608802795410156
4302,52.577598571777344
4303,36.94290542602539
4304,41.744140625
4305,33.87549591064453
4306,49.996734619140625
4307,35.52522277832031
4308,34.38356018066406
4309,45.17207717895508
4310,32.96029281616211
4311,40.18885040283203
4312,55.378963470458984
4313,35.69457244873047
4314,37.56217575073242
4315,38.96181869506836
4316,33.45450973510742
4317,47.157447814941406
4318,39.518733978271484
4319,24.046051025390625
4320,31.892627716064453
4321,23.136613845825195
4322,29.287721633911133
4323,37.59954071044922
4324,32.15740966796875
4325,34.078330993652344
4326,35.19886779785156
4327,30.737041473388672
4328,33.73435974121094
4329,35.17198181152344
4330,43.49317169189453
4331,34.60821533203125
4332,52.578861236572266
4333,36.9425163269043
4334,41.74370574951172
4335,33.87607955932617
4336,49.99610900878906
4337,35.52653503417969
4338,34.383949279785156
4339,45.17116165161133
4340,32.96088409423828
4341,40.18950653076172
4342,55.37684631347656
4343,35.69357681274414
4344,37.560672760009766
4345,38.961517333984375
4346,33.45344161987305
4347,47.15873718261719
4348,39.51856994628906
4349,24.046466827392578
4350,31.892541885375977
4351,23.13849449157715
4352,29.28843116760254
4353,37.59972381591797
4354,32.1583251953125
4355,34.077919006347656
4356,35.199432373046875
4357,30.73698616027832
4358,33.73405456542969
4359,35.171653747558594
4360,43.492454528808594
4361,34.607566833496094
4362,52.580135345458984
4363,36.942138671875
4364,41.743221282958984
4365,33.87673568725586
4366,49.995540618896484
4367,35.52786636352539
4368,34.38432312011719
4369,45.17033767700195
4370,32.96153259277344
4371,40.19012451171875
4372,55.374759674072266
4373,35.69256591796875
4374,37.559017181396484
4375,38.96127700805664
4376,33.452369689941406
4377,47.160072326660156
4378,39.5184440612793
4379,24.04697608947754
4380,31.892370223999023
4381,23.14040756225586
4382,29.289236068725586
4383,37.599910736083984
4384,32.15940856933594
4385,34.07759475708008
4386,35.20003128051758
4387,30.736928939819336
4388,33.733802795410156
4389,35.17135238647461
4390,43.49168395996094
4391,34.60700988769531
4392,52.58156204223633
4393,36.94178009033203
4394,41.74276351928711
4395,33.87742233276367
4396,49.99494552612305
4397,35.5293083190918
4398,34.384788513183594
4399,45.169376373291016
4400,32.96216583251953
4401,40.19085693359375
4402,55.37262725830078
4403,35.6915168762207
4404,37.55752944946289
4405,38.96102523803711
4406,33.45124053955078
4407,47.161434173583984
4408,39.51839828491211
4409,24.047534942626953
4410,31.892314910888672
4411,23.1423282623291
4412,29.290014266967773
4413,37.600074768066406
4414,32.16044998168945
4415,34.07728576660156
4416,35.20060348510742
4417,30.736846923828125
4418,33.73353958129883
4419,35.17099380493164
4420,43.49104690551758
4421,34.60637664794922
4422,52.582984924316406
4423,36.941349029541016
4424,41.742347717285156
4425,33.87812805175781
4426,49.99435806274414
4427,35.530792236328125
4428,34.38530731201172
4429,45.1685676574707
4430,32.96285629272461
4431,40.19161605834961
4432,55.370323181152344
4433,35.69045639038086
4434,37.555877685546875
4435,38.960853576660156
4436,33.450157165527344
4437,47.16285705566406
4438,39.51832580566406
4439,24.048011779785156
4440,31.89220428466797
4441,23.14440155029297
4442,29.29075050354004
4443,37.60033416748047
4444,32.16144943237305
4445,34.07697677612305
4446,35.20123291015625
4447,30.736644744873047
4448,33.73329162597656
4449,35.17073059082031
4450,43.49026870727539
4451,34.605770111083984
4452,52.5844841003418
4453,36.940948486328125
4454,41.741943359375
4455,33.87885665893555
4456,49.99378204345703
4457,35.5323371887207
4458,34.38583755493164
4459,45.16755294799805
4460,32.96345520019531
4461,40.19233322143555
4462,55.36806106567383
4463,35.689491271972656
4464,37.55426788330078
4465,38.96052169799805
4466,33.44906997680664
4467,47.16423416137695
4468,39.518367767333984
4469,24.048601150512695
4470,31.89214515686035
4471,23.1466064453125
4472,29.29153823852539
4473,37.60055923461914
4474,32.16253662109375
4475,34.07659149169922
4476,35.201881408691406
4477,30.736604690551758
4478,33.733062744140625
4479,35.17047882080078
4480,43.489532470703125
4481,34.60517883300781
4482,52.58600997924805
4483,36.94053649902344
4484,41.74151611328125
4485,33.87965393066406
4486,49.99320983886719
4487,35.53379440307617
4488,34.38640594482422
4489,45.1667594909668
4490,32.964141845703125
4491,40.193180084228516
4492,55.36576843261719
4493,35.68844223022461
4494,37.55262756347656
4495,38.96024703979492
4496,33.44786834716797
4497,47.1657600402832
4498,39.518367767333984
4499,24.049192428588867
4500,31.892196655273438
4501,23.148681640625
4502,29.29239845275879
4503,37.60088348388672
4504,32.16360855102539
4505,34.07631301879883
4506,35.20254135131836
4507,30.736461639404297
4508,33.732872009277344
4509,35.17020034790039
4510,43.4888916015625
4511,34.60460662841797
4512,52.58756637573242
4513,36.9401969909668
4514,41.74114990234375
4515,33.88036346435547
4516,49.99269104003906
4517,35.535316467285156
4518,34.38691711425781
4519,45.165802001953125
4520,32.96480178833008
4521,40.19403076171875
4522,55.36348342895508
4523,35.68741989135742
4524,37.551029205322266
4525,38.96002197265625
4526,33.44680404663086
4527,47.16717529296875
4528,39.51837921142578
4529,24.049808502197266
4530,31.892093658447266
4531,23.150863647460938
4532,29.29315948486328
4533,37.60116958618164
4534,32.16468048095703
4535,34.07595443725586
4536,35.20315933227539
4537,30.736278533935547
4538,33.732723236083984
4539,35.16997146606445
4540,43.48819351196289
4541,34.6040153503418
4542,52.58928680419922
4543,36.9396858215332
4544,41.74077224731445
4545,33.881221771240234
4546,49.992088317871094
4547,35.53685760498047
4548,34.38751220703125
4549,45.16497039794922
4550,32.965476989746094
4551,40.194923400878906
4552,55.36103057861328
4553,35.686458587646484
4554,37.54933547973633
4555,38.95975112915039
4556,33.44562530517578
4557,47.168785095214844
4558,39.51847839355469
4559,24.05047035217285
4560,31.89211654663086
4561,23.15319061279297
4562,29.294063568115234
4563,37.601436614990234
4564,32.16586685180664
4565,34.07558822631836
4566,35.203914642333984
4567,30.73619270324707
4568,33.73258590698242
4569,35.169776916503906
4570,43.48750305175781
4571,34.60335922241211
4572,52.59074020385742
4573,36.93927764892578
4574,41.74024200439453
4575,33.88202667236328
4576,49.99146270751953
4577,35.538543701171875
4578,34.38814926147461
4579,45.16397476196289
4580,32.966148376464844
4581,40.19584655761719
4582,55.3585205078125
4583,35.68539810180664
4584,37.54755401611328
4585,38.95956802368164
4586,33.44435501098633
4587,47.17042922973633
4588,39.51866149902344
4589,24.0512752532959
4590,31.89215660095215
4591,23.155654907226562
4592,29.294822692871094
4593,37.60173797607422
4594,32.167076110839844
4595,34.07532501220703
4596,35.20462417602539
4597,30.735994338989258
4598,33.73236846923828
4599,35.1695442199707
4600,43.486846923828125
4601,34.602806091308594
4602,52.592124938964844
4603,36.938968658447266
4604,41.73969268798828
4605,33.882850646972656
4606,49.99079513549805
4607,35.54035186767578
4608,34.38887023925781
4609,45.162841796875
4610,32.96677780151367
4611,40.196922302246094
4612,55.35588455200195
4613,35.68426513671875
4614,37.545616149902344
4615,38.959285736083984
4616,33.4430046081543
4617,47.17216491699219
4618,39.518882751464844
4619,24.051912307739258
4620,31.892139434814453
