iteration,loss
1,833.4474487304688
2,905.9117431640625
3,791.4447021484375
4,777.895263671875
5,730.8969116210938
6,766.239013671875
7,638.9425659179688
8,772.8985595703125
9,518.88330078125
10,761.6212768554688
11,779.3623046875
12,694.06201171875
13,578.5889282226562
14,612.3831176757812
15,763.3751220703125
16,655.3848266601562
17,819.7423706054688
18,683.9376831054688
19,614.0089111328125
20,799.4361572265625
21,713.722900390625
22,668.04931640625
23,624.133056640625
24,608.863525390625
25,572.151611328125
26,777.6015625
27,841.7606201171875
28,616.1655883789062
29,663.6082153320312
30,580.77880859375
31,743.4401245117188
32,853.0813598632812
33,738.1513671875
34,728.8811645507812
35,684.4522094726562
36,715.2000732421875
37,594.5031127929688
38,723.3961791992188
39,485.919189453125
40,710.1072998046875
41,726.9286499023438
42,646.9454345703125
43,539.763671875
44,570.4932250976562
45,709.64990234375
46,609.3413696289062
47,763.04638671875
48,632.143798828125
49,571.9066162109375
50,741.2539672851562
51,660.1259155273438
52,615.203125
53,578.6206665039062
54,562.9715576171875
55,526.4442138671875
56,717.03271484375
57,775.5123291015625
58,567.3703002929688
59,609.587890625
60,535.0881958007812
61,684.065185546875
62,784.9921875
63,669.760986328125
64,666.2510986328125
65,625.1438598632812
66,650.2127685546875
67,538.2890014648438
68,660.6571044921875
69,444.46942138671875
70,645.0880126953125
71,660.9127197265625
72,587.6417236328125
73,491.1019287109375
74,518.3644409179688
75,642.5411376953125
76,552.1465454101562
77,692.3847045898438
78,568.1007080078125
79,520.01318359375
80,669.5323486328125
81,594.312744140625
82,550.7808227539062
83,522.9963989257812
84,507.017578125
85,471.14678955078125
86,643.1528930664062
87,694.9201049804688
88,508.669189453125
89,544.5673217773438
90,480.0594482421875
91,612.3829345703125
92,702.9921875
93,587.9363403320312
94,591.766845703125
95,554.5455932617188
96,573.1519165039062
97,472.12347412109375
98,586.5111083984375
99,395.8970031738281
100,568.60205078125
101,583.2273559570312
102,517.9149169921875
103,434.14971923828125
104,457.8786315917969
105,564.154541015625
106,485.7694396972656
107,609.934326171875
108,494.06207275390625
109,460.20721435546875
110,586.7354736328125
111,518.6362915039062
112,477.3800048828125
113,459.25799560546875
114,442.982666015625
115,408.49932861328125
116,558.3870849609375
117,602.6422729492188
118,442.5126037597656
119,470.9942626953125
120,417.6336669921875
121,530.7982788085938
122,609.7628173828125
123,495.7109375
124,508.470947265625
125,475.30780029296875
126,487.0915222167969
127,398.84674072265625
128,503.8018493652344
129,342.219970703125
130,483.74468994140625
131,496.6505126953125
132,440.3471374511719
133,371.1432189941406
134,391.7071533203125
135,477.4864196777344
136,412.9807434082031
137,518.7926025390625
138,413.1642150878906
139,395.0986328125
140,496.2763366699219
141,436.3116760253906
142,398.5474853515625
143,390.133544921875
144,373.524658203125
145,341.5086975097656
146,466.01483154296875
147,502.2570495605469
148,372.2354431152344
149,392.11053466796875
150,350.3670959472656
151,442.5617370605469
152,508.8438720703125
153,397.1163635253906
154,420.4302062988281
155,390.9259033203125
156,396.1283264160156
157,322.17767333984375
158,416.25018310546875
159,286.019775390625
160,394.6290283203125
161,404.69891357421875
162,358.2991943359375
163,305.00152587890625
164,323.32763671875
165,386.439453125
166,337.38848876953125
167,423.0513916015625
168,329.497802734375
169,328.10565185546875
170,402.61444091796875
171,351.5106506347656
172,318.911376953125
173,319.17724609375
174,302.0480041503906
175,274.0535583496094
176,370.287353515625
177,398.3863525390625
178,302.23419189453125
179,312.0611267089844
180,281.5115966796875
181,351.9383544921875
182,404.76483154296875
183,297.3841857910156
184,332.9624938964844
185,305.90771484375
186,305.6225280761719
187,246.89791870117188
188,328.6407775878906
189,230.53797912597656
190,306.6566162109375
191,311.75189208984375
192,276.1091003417969
193,239.507568359375
194,257.2375793457031
195,296.08001708984375
196,263.6744689941406
197,328.1201171875
198,248.403564453125
199,263.70965576171875
200,311.5945739746094
201,269.6708679199219
202,244.53475952148438
203,251.05184936523438
204,232.95166015625
205,211.16940307617188
206,276.7797546386719
207,297.0735778808594
208,238.34454345703125
209,236.20240783691406
210,215.25833129882812
211,264.60369873046875
212,303.40838623046875
213,203.40374755859375
214,253.08013916015625
215,226.14208984375
216,222.66725158691406
217,179.21876525878906
218,247.20062255859375
219,179.88470458984375
220,226.98605346679688
221,223.33676147460938
222,199.44886779785156
223,179.6129608154297
224,199.2830047607422
225,213.05397033691406
226,197.94981384277344
227,241.20994567871094
228,176.90399169921875
229,207.7960205078125
230,230.9116668701172
231,197.9087677001953
232,183.3697967529297
233,191.88328552246094
234,171.9414520263672
235,159.3865203857422
236,192.8500518798828
237,206.2643585205078
238,188.268310546875
239,171.4617919921875
240,157.03028869628906
241,188.1381378173828
242,212.4569854736328
243,124.32227325439453
244,189.9673614501953
245,159.33641052246094
246,156.6407928466797
247,127.17462158203125
248,180.0170135498047
249,139.21917724609375
250,165.0465545654297
251,146.49252319335938
252,135.79444885253906
253,131.7857666015625
254,156.93067932128906
255,146.11598205566406
256,148.11611938476562
257,171.9448699951172
258,124.230712890625
259,167.8926239013672
260,170.61990356445312
261,145.50340270996094
262,145.52993774414062
263,149.51278686523438
264,126.47547149658203
265,126.72267150878906
266,128.9866485595703
267,137.2580108642578
268,161.1443634033203
269,126.95150756835938
270,114.58856201171875
271,133.7590789794922
272,144.0377960205078
273,73.62994384765625
274,154.27481079101562
275,116.12542724609375
276,119.13920593261719
277,99.53179931640625
278,137.50074768066406
279,113.81886291503906
280,131.26409912109375
281,93.69632720947266
282,97.29429626464844
283,104.13858795166016
284,135.06394958496094
285,107.44049072265625
286,121.16860961914062
287,132.59336853027344
288,98.89131927490234
289,146.56448364257812
290,138.4080352783203
291,119.35948944091797
292,130.48931884765625
293,125.76847839355469
294,101.6548843383789
295,110.43172454833984
296,96.8969955444336
297,101.23797607421875
298,147.91966247558594
299,104.08533477783203
300,92.56412506103516
301,106.66813659667969
302,109.2248764038086
303,54.93510437011719
304,135.26060485839844
305,95.62984466552734
306,101.91722869873047
307,85.22332763671875
308,114.87016296386719
309,97.03309631347656
310,112.74130249023438
311,69.19955444335938
312,81.50544738769531
313,89.6993637084961
314,118.39143371582031
315,88.95122528076172
316,103.57565307617188
317,111.4199447631836
318,85.21477508544922
319,127.71479034423828
320,117.06151580810547
321,102.5270767211914
322,114.69242858886719
323,106.07209014892578
324,85.35969543457031
325,93.94619750976562
326,80.5379638671875
327,81.50323486328125
328,129.64527893066406
329,87.3821029663086
330,78.96977233886719
331,89.65777587890625
332,90.5055160522461
333,45.921661376953125
334,114.76001739501953
335,81.13202667236328
336,86.5614013671875
337,70.15882873535156
338,96.98291778564453
339,81.46014404296875
340,94.74253845214844
341,56.194580078125
342,72.2164306640625
343,77.86738586425781
344,100.01783752441406
345,75.72459411621094
346,86.3689956665039
347,94.62825012207031
348,72.58561706542969
349,107.99813079833984
350,97.56181335449219
351,86.87618255615234
352,96.04454040527344
353,87.41117095947266
354,71.77388763427734
355,76.59941864013672
356,68.73888397216797
357,67.37506103515625
358,108.93070220947266
359,72.60584259033203
360,68.41571807861328
361,76.2769546508789
362,77.7146224975586
363,39.45809555053711
364,94.75727844238281
365,69.2137451171875
366,73.01337432861328
367,56.28153991699219
368,82.21891021728516
369,68.14401245117188
370,78.92115783691406
371,47.764732360839844
372,65.38960266113281
373,68.102783203125
374,83.67487335205078
375,65.69631958007812
376,71.31035614013672
377,81.10585021972656
378,62.09288024902344
379,90.8366928100586
380,81.25175476074219
381,73.54989624023438
382,79.48541259765625
383,71.87743377685547
384,61.04149627685547
385,61.75804901123047
386,59.590919494628906
387,56.95130920410156
388,90.58333587646484
389,60.59922409057617
390,60.236820220947266
391,65.81265258789062
392,68.30567932128906
393,35.190887451171875
394,77.89004516601562
395,59.99161911010742
396,62.45439147949219
397,45.348506927490234
398,70.87574768066406
399,57.757999420166016
400,66.37630462646484
401,42.42116928100586
402,60.44074249267578
403,60.570919036865234
404,70.66715240478516
405,58.510196685791016
406,59.319217681884766
407,70.99996185302734
408,54.16608428955078
409,77.2965316772461
410,68.78375244140625
411,63.351348876953125
412,66.52169036865234
413,60.23377990722656
414,53.34769821166992
415,50.40974426269531
416,53.08573913574219
417,49.965091705322266
418,76.0155029296875
419,51.864864349365234
420,54.454429626464844
421,58.41429138183594
422,62.28635025024414
423,32.868896484375
424,65.12711334228516
425,53.537654876708984
426,54.8848876953125
427,37.57572937011719
428,63.02418899536133
429,50.34922409057617
430,57.29292678833008
431,39.53544998168945
432,57.2123908996582
433,55.24864959716797
434,61.22710418701172
435,53.8461799621582
436,50.56375503540039
437,64.33380889892578
438,48.575923919677734
439,67.6081314086914
440,60.09855651855469
441,56.358760833740234
442,57.17552947998047
443,52.3589973449707
444,48.39437484741211
445,42.44284439086914
446,48.93991470336914
447,45.835968017578125
448,65.45010375976562
449,46.05696105957031
450,50.76726150512695
451,53.774417877197266
452,59.08050537109375
453,31.77166748046875
454,56.41217803955078
455,49.43015670776367
456,49.83854293823242
457,32.41291809082031
458,58.13367462158203
459,45.48676300048828
460,51.332237243652344
461,38.230506896972656
462,55.37335205078125
463,51.834529876708984
464,55.00873565673828
465,51.11018753051758
466,44.68574142456055
467,60.50380325317383
468,44.85236358642578
469,61.305484771728516
470,54.519203186035156
471,52.037071228027344
472,50.880313873291016
473,47.475860595703125
474,45.473724365234375
475,37.21694564819336
476,46.51487731933594
477,43.629432678222656
478,58.33772659301758
479,42.45185089111328
480,48.55942153930664
481,51.08456802368164
482,57.62982177734375
483,31.38439178466797
484,50.89760208129883
485,46.969974517822266
486,46.64948654174805
487,29.24443244934082
488,55.302528381347656
489,42.4827766418457
490,47.67792510986328
491,37.75856018066406
492,54.390525817871094
493,49.74224090576172
494,51.14852523803711
495,49.57897186279297
496,40.94208908081055
497,58.36484909057617
498,42.55206298828125
499,57.298240661621094
500,51.049156188964844
501,49.47700500488281
502,46.98610305786133
503,44.553466796875
504,43.802616119384766
505,34.00286102294922
506,45.08671569824219
507,42.46128845214844
508,53.70648956298828
509,40.36238479614258
510,47.21399688720703
511,49.45685958862305
512,56.9945182800293
513,31.49651527404785
514,47.48252868652344
515,45.53276443481445
516,44.70335006713867
517,27.495832443237305
518,53.72132110595703
519,40.677894592285156
520,45.491031646728516
521,37.71342468261719
522,53.85832595825195
523,48.44691467285156
524,48.797298431396484
525,48.71611022949219
526,38.5771484375
527,57.211830139160156
528,41.11874771118164
529,54.7630729675293
530,48.911376953125
531,48.038333892822266
532,44.59992980957031
533,42.8470458984375
534,42.87099075317383
535,32.02574920654297
536,44.304935455322266
537,41.88922882080078
538,50.69207763671875
539,39.176204681396484
540,46.38160705566406
541,48.4997673034668
542,56.874874114990234
543,31.737228393554688
544,45.428348541259766
545,44.67021942138672
546,43.446983337402344
547,26.500715255737305
548,52.84053039550781
549,39.54555130004883
550,44.19867706298828
551,37.80390548706055
552,53.59016418457031
553,47.63756561279297
554,47.38661575317383
555,48.21398162841797
556,37.07971954345703
557,56.62853240966797
558,40.197715759277344
559,53.15876770019531
560,47.59295654296875
561,47.264617919921875
562,43.15754699707031
563,41.8503303527832
564,42.34267807006836
565,30.809179306030273
566,43.89179992675781
567,41.605987548828125
568,48.71842956542969
569,38.51313018798828
570,45.82542037963867
571,47.89682388305664
572,56.97502136230469
573,31.976598739624023
574,44.19910430908203
575,44.1159782409668
576,42.59738540649414
577,25.93409538269043
578,52.31803512573242
579,38.789459228515625
580,43.43259811401367
581,37.89970397949219
582,53.445003509521484
583,47.101619720458984
584,46.537471771240234
585,47.87324905395508
586,36.105010986328125
587,56.315486907958984
588,39.56832504272461
589,52.1073112487793
590,46.748905181884766
591,46.85869216918945
592,42.27610397338867
593,41.23884201049805
594,42.012603759765625
595,30.038034439086914
596,43.67311477661133
597,41.43524169921875
598,47.37639236450195
599,38.141963958740234
600,45.402244567871094
601,47.44905471801758
602,57.12387466430664
603,32.18502426147461
604,43.42439651489258
605,43.7177848815918
606,41.98772430419922
607,25.619291305541992
608,51.96327590942383
609,38.248207092285156
610,42.95408630371094
611,37.98122024536133
612,53.3387336730957
613,46.70870590209961
614,45.9987907409668
615,47.59601593017578
616,35.435028076171875
617,56.088592529296875
618,39.11591339111328
619,51.36198806762695
620,46.16866683959961
621,46.63719940185547
622,41.72178268432617
623,40.826141357421875
624,41.772342681884766
625,29.518924713134766
626,43.554805755615234
627,41.29829406738281
628,46.411338806152344
629,37.922218322753906
630,45.0411491394043
631,47.07194519042969
632,57.27185821533203
633,32.33278274536133
634,42.90739059448242
635,43.38880920410156
636,41.49880599975586
637,25.415775299072266
638,51.67335891723633
639,37.804534912109375
640,42.631553649902344
641,38.011905670166016
642,53.248531341552734
643,46.39101791381836
644,45.637935638427734
645,47.33177185058594
646,34.93668746948242
647,55.899681091308594
648,38.74748611450195
649,50.79922866821289
650,45.73618698120117
651,46.51791000366211
652,41.350929260253906
653,40.51448059082031
654,41.56534194946289
655,29.141986846923828
656,43.490543365478516
657,41.15700912475586
658,45.67444610595703
659,37.78456115722656
660,44.70083999633789
661,46.71448516845703
662,57.3954963684082
663,32.423194885253906
664,42.540321350097656
665,43.08785629272461
666,41.076744079589844
667,25.273082733154297
668,51.40423583984375
669,37.41062927246094
670,42.398948669433594
671,37.99491500854492
672,53.15736770629883
673,46.11205291748047
674,45.38331604003906
675,47.05998611450195
676,34.54178237915039
677,55.7122917175293
678,38.426082611083984
679,50.344879150390625
680,45.38920211791992
681,46.45372772216797
682,41.090675354003906
683,40.253517150878906
684,41.36618423461914
685,28.848543167114258
686,43.4543571472168
687,40.99851989746094
688,45.0755729675293
689,37.69297790527344
690,44.36294174194336
691,46.35027313232422
692,57.48418045043945
693,32.47547912597656
694,42.25331115722656
695,42.79611587524414
696,40.69549560546875
697,25.17403793334961
698,51.13623809814453
699,37.044925689697266
700,42.21553421020508
701,37.94719314575195
702,53.05516052246094
703,45.84898376464844
704,45.18855667114258
705,46.77108383178711
706,34.20539474487305
707,55.507015228271484
708,38.1292839050293
709,49.951255798339844
710,45.08918762207031
711,46.419559478759766
712,40.89259719848633
713,40.01512145996094
714,41.16278839111328
715,28.598434448242188
716,43.4361572265625
717,40.82096862792969
718,44.55991744995117
719,37.62154769897461
720,44.02051544189453
721,45.977149963378906
722,57.55058670043945
723,32.48898696899414
724,42.01463317871094
725,42.502384185791016
726,40.33251953125
727,25.09172821044922
728,50.859649658203125
729,36.68787384033203
730,42.05995559692383
731,37.87089538574219
732,52.94462203979492
733,45.5930290222168
734,45.02997589111328
735,46.46462631225586
736,33.90263366699219
737,55.28128433227539
738,37.845375061035156
739,49.59214401245117
740,44.81572723388672
741,46.40071105957031
742,40.73495101928711
743,39.78495407104492
744,40.95067596435547
745,28.375410079956055
746,43.42757034301758
747,40.62455368041992
748,44.09475326538086
749,37.56268310546875
750,43.66969299316406
751,45.588340759277344
752,57.595130920410156
753,32.47658920288086
754,41.80193328857422
755,42.20310974121094
756,39.979881286621094
757,25.02012825012207
758,50.57124328613281
759,36.33195495605469
760,41.92051315307617
761,37.77259826660156
762,52.82658004760742
763,45.33924102783203
764,44.89365005493164
765,46.14075469970703
766,33.61887741088867
767,55.034481048583984
768,37.56718444824219
769,49.253318786621094
770,44.55735397338867
771,46.39085006713867
772,40.602516174316406
773,39.55585861206055
774,40.72843551635742
775,28.168073654174805
776,43.42584228515625
777,40.41151428222656
778,43.66056442260742
779,37.51087951660156
780,43.31032180786133
781,45.18377685546875
782,57.622371673583984
783,32.44512939453125
784,41.603553771972656
785,41.89730453491211
786,39.63272476196289
787,24.954191207885742
788,50.270668029785156
789,35.97335433959961
790,41.79071044921875
791,37.6576042175293
792,52.70326232910156
793,45.085365295410156
794,44.77149963378906
795,45.80170822143555
796,33.345481872558594
797,54.76939010620117
798,37.29083251953125
799,48.92671585083008
800,44.3076286315918
801,46.3875732421875
802,40.485286712646484
803,39.32447052001953
804,40.49639892578125
805,27.969013214111328
806,43.43048095703125
807,40.18533706665039
808,43.24527359008789
809,37.46275329589844
810,42.94304275512695
811,44.765865325927734
812,57.63833999633789
813,32.39918518066406
814,41.41356658935547
815,41.585227966308594
816,39.28803253173828
817,24.890905380249023
818,49.95954895019531
819,35.609954833984375
820,41.6671257019043
821,37.530487060546875
822,52.57714080810547
823,44.83098602294922
824,44.65910339355469
825,45.450374603271484
826,33.07769775390625
827,54.489688873291016
828,37.01450729370117
829,48.60770797729492
830,44.06321716308594
831,46.38982391357422
832,40.37737274169922
833,39.08967971801758
834,40.25593948364258
835,27.77408790588379
836,43.441646575927734
837,39.94955825805664
838,42.84159851074219
839,37.41633605957031
840,42.57012939453125
841,44.338157653808594
842,57.64811325073242
843,32.342288970947266
844,41.2288932800293
845,41.26835250854492
846,38.94482421875
847,24.82840347290039
848,49.64024353027344
849,35.241912841796875
850,41.54819869995117
851,37.39537811279297
852,52.45066452026367
853,44.57672119140625
854,44.55379104614258
855,45.090087890625
856,32.81328201293945
857,54.19874572753906
858,36.73820114135742
859,48.29438781738281
860,43.82278823852539
861,46.39742660522461
862,40.275367736816406
863,38.85175323486328
864,40.008827209472656
865,27.581459045410156
866,43.45911407470703
867,39.70717239379883
868,42.446998596191406
869,37.37113952636719
870,42.194271087646484
871,43.90351104736328
872,57.652164459228516
873,32.27812194824219
874,41.04792785644531
875,40.949249267578125
876,38.60512161254883
877,24.766897201538086
878,49.31581497192383
879,34.87168884277344
880,41.43323516845703
881,37.25707244873047
882,52.32171630859375
883,44.32380294799805
884,44.454044342041016
885,44.72336196899414
886,32.55497741699219
887,53.891414642333984
888,36.46859359741211
889,47.9858512878418
890,43.58913040161133
891,46.4033203125
892,40.186519622802734
893,38.611148834228516
894,39.754783630371094
895,27.397586822509766
896,43.47944641113281
897,39.45713424682617
898,42.068729400634766
899,37.32534408569336
900,41.8189697265625
901,43.467037200927734
902,57.6489143371582
903,32.19995880126953
904,40.87448501586914
905,40.629634857177734
906,38.269893646240234
907,24.6983699798584
908,48.986572265625
909,34.49710464477539
910,41.32341766357422
911,37.104637145996094
912,52.19973373413086
913,44.07621383666992
914,44.36285400390625
915,44.35347366333008
916,32.299713134765625
917,53.58816909790039
918,36.195228576660156
919,47.68928146362305
920,43.35990905761719
921,46.42009353637695
922,40.0930061340332
923,38.36936950683594
924,39.498661041259766
925,27.209911346435547
926,43.50984573364258
927,39.2084846496582
928,41.69367980957031
929,37.27960205078125
930,41.446136474609375
931,43.03209686279297
932,57.649234771728516
933,32.124183654785156
934,40.702693939208984
935,40.31359100341797
936,37.94093322753906
937,24.636455535888672
938,48.66086196899414
939,34.126319885253906
940,41.21675109863281
941,36.96048355102539
942,52.08188247680664
943,43.83182907104492
944,44.274375915527344
945,43.986351013183594
946,32.047428131103516
947,53.283546447753906
948,35.92661666870117
949,47.395423889160156
950,43.13484191894531
951,46.442222595214844
952,40.000099182128906
953,38.12860870361328
954,39.24411392211914
955,27.021804809570312
956,43.549224853515625
957,38.966552734375
958,41.32290267944336
959,37.23295593261719
960,41.08269500732422
961,42.609642028808594
962,57.661624908447266
963,32.046165466308594
964,40.5384521484375
965,40.004539489746094
966,37.616085052490234
967,24.56919288635254
968,48.342010498046875
969,33.75789260864258
970,41.114444732666016
971,36.820125579833984
972,51.97571563720703
973,43.59539031982422
974,44.190185546875
975,43.628658294677734
976,31.799592971801758
977,52.98816680908203
978,35.663673400878906
979,47.10820388793945
980,42.9157829284668
981,46.469398498535156
982,39.908172607421875
983,37.891639709472656
984,38.99446105957031
985,26.836872100830078
986,43.59617614746094
987,38.734920501708984
988,40.95817947387695
989,37.188785552978516
990,40.732025146484375
991,42.20105743408203
992,57.68204116821289
993,31.973955154418945
994,40.380126953125
995,39.70713424682617
996,37.30132293701172
997,24.503768920898438
998,48.03519058227539
999,33.398319244384766
1000,41.01688003540039
1001,36.68914031982422
1002,51.881011962890625
1003,43.368595123291016
1004,44.11021041870117
1005,43.284488677978516
1006,31.55861473083496
1007,52.70519256591797
1008,35.408973693847656
1009,46.82974624633789
1010,42.70465087890625
1011,46.501747131347656
1012,39.81756591796875
1013,37.660648345947266
1014,38.7521858215332
1015,26.65620231628418
1016,43.650413513183594
1017,38.51615905761719
1018,40.60239791870117
1019,37.14669418334961
1020,40.397579193115234
1021,41.81161880493164
1022,57.71311569213867
1023,31.90583610534668
1024,40.230682373046875
1025,39.42349624633789
1026,36.99721145629883
1027,24.43761444091797
1028,47.74239730834961
1029,33.04912185668945
1030,40.92476272583008
1031,36.56730270385742
1032,51.79948043823242
1033,43.15359878540039
1034,44.035491943359375
1035,42.95649337768555
1036,31.326406478881836
1037,52.43830108642578
1038,35.16360855102539
1039,46.563270568847656
1040,42.5026969909668
1041,46.53940963745117
1042,39.72795104980469
1043,37.43731689453125
1044,38.519020080566406
1045,26.480958938598633
1046,43.711090087890625
1047,38.31082534790039
1048,40.25836944580078
1049,37.10746765136719
1050,40.080955505371094
1051,41.44209289550781
1052,57.75083541870117
1053,31.844186782836914
1054,40.08913803100586
1055,39.15547561645508
1056,36.70751953125
1057,24.375038146972656
1058,47.46555709838867
1059,32.714576721191406
1060,40.83820724487305
1061,36.45720672607422
1062,51.72868728637695
1063,42.95091247558594
1064,43.96544647216797
1065,42.645999908447266
1066,31.105234146118164
1067,52.18514633178711
1068,34.9310417175293
1069,46.30879592895508
1070,42.31130599975586
1071,46.58027648925781
1072,39.64140701293945
1073,37.222801208496094
1074,38.29603958129883
1075,26.31304359436035
1076,43.77663040161133
1077,38.11939239501953
1078,39.9290657043457
1079,37.07090377807617
1080,39.78392028808594
1081,41.094661712646484
1082,57.79364776611328
1083,31.787912368774414
1084,39.956363677978516
1085,38.90446090698242
1086,36.433570861816406
1087,24.315034866333008
1088,47.20539855957031
1089,32.39645004272461
1090,40.757381439208984
1091,36.35739517211914
1092,51.668060302734375
1093,42.761383056640625
1094,43.900020599365234
1095,42.3539924621582
1096,30.89715003967285
1097,51.94540023803711
1098,34.71310043334961
1099,46.06779098510742
1100,42.13199996948242
1101,46.6220588684082
1102,39.55927276611328
1103,37.018402099609375
1104,38.084556579589844
1105,26.15326499938965
1106,43.84580993652344
1107,37.94200897216797
1108,39.61711502075195
1109,37.036861419677734
1110,39.50774002075195
1111,40.770877838134766
1112,57.83953094482422
1113,31.73668670654297
1114,39.832698822021484
1115,38.671234130859375
1116,36.17690658569336
1117,24.258127212524414
1118,46.96294021606445
1119,32.09683609008789
1120,40.68236541748047
1121,36.267765045166016
1122,51.617218017578125
1123,42.5859260559082
1124,43.83936309814453
1125,42.08168029785156
1126,30.70317840576172
1127,51.720436096191406
1128,34.51069259643555
1129,45.84074020385742
1130,41.965084075927734
1131,46.6624870300293
1132,39.484920501708984
1133,36.82482147216797
1134,37.88373947143555
1135,26.005863189697266
1136,43.91529083251953
1137,37.77680206298828
1138,39.32551574707031
1139,37.006591796875
1140,39.25143051147461
1141,40.46836471557617
1142,57.88223648071289
1143,31.690227508544922
1144,39.71750259399414
1145,38.45536422729492
1146,35.938716888427734
1147,24.204845428466797
1148,46.7368278503418
1149,31.815967559814453
1150,40.61327362060547
1151,36.18461227416992
1152,51.574562072753906
1153,42.42451095581055
1154,43.78462219238281
1155,41.82737731933594
1156,30.523759841918945
1157,51.5098762512207
1158,34.32246017456055
1159,45.63033676147461
1160,41.810874938964844
1161,46.70281982421875
1162,39.416465759277344
1163,36.64214324951172
1164,37.69348907470703
1165,25.869508743286133
1166,43.98421096801758
1167,37.62174606323242
1168,39.055931091308594
1169,36.97898864746094
1170,39.013671875
1171,40.186031341552734
1172,57.91875457763672
1173,31.647363662719727
1174,39.61009979248047
1175,38.25625228881836
1176,35.71966552734375
1177,24.156429290771484
1178,46.52634811401367
1179,31.55476951599121
1180,40.54978942871094
1181,36.10750198364258
1182,51.537113189697266
1183,42.27631378173828
1184,43.734859466552734
1185,41.58967590332031
1186,30.35922622680664
1187,51.311641693115234
1188,34.148719787597656
1189,45.43666458129883
1190,41.66919708251953
1191,46.74187088012695
1192,39.353363037109375
1193,36.47028350830078
1194,37.51424789428711
1195,25.743440628051758
1196,44.0516242980957
1197,37.47643280029297
1198,38.80840301513672
1199,36.952613830566406
1200,38.79498291015625
1201,39.92500305175781
1202,57.949302673339844
1203,31.60655403137207
1204,39.51004409790039
1205,38.07328796386719
1206,35.51910400390625
1207,24.11127471923828
1208,46.33098602294922
1209,31.313119888305664
1210,40.49103546142578
1211,36.035499572753906
1212,51.50456619262695
1213,42.14128112792969
1214,43.689170837402344
1215,41.36897277832031
1216,30.209007263183594
1217,51.12593078613281
1218,33.98902893066406
1219,45.2591667175293
1220,41.5390510559082
1221,46.778560638427734
1222,39.2945671081543
1223,36.3090705871582
1224,37.34590148925781
1225,25.626964569091797
1226,44.116310119628906
1227,37.34047317504883
1228,38.581417083740234
1229,36.92710494995117
1230,38.59428787231445
1231,39.68405532836914
1232,57.97291946411133
1233,31.56820297241211
1234,39.415531158447266
1235,37.90561294555664
1236,35.335968017578125
1237,24.06915855407715
1238,46.14971923828125
1239,31.090164184570312
1240,40.4360466003418
1241,35.96857833862305
1242,51.47602462768555
1243,42.01815414428711
1244,43.64628982543945
1245,41.164146423339844
1246,30.07184600830078
1247,50.95126724243164
1248,33.842689514160156
1249,45.09588623046875
1250,41.41926574707031
1251,46.81097412109375
1252,39.24119567871094
1253,36.15739059448242
1254,37.18662643432617
1255,25.521045684814453
1256,44.176856994628906
1257,37.211612701416016
1258,38.3732795715332
1259,36.90422058105469
1260,38.40766906738281
1261,39.45731735229492
1262,57.98497009277344
1263,31.534337997436523
1264,39.32377243041992
1265,37.75084686279297
1266,35.169776916503906
1267,24.03303337097168
1268,45.9798583984375
1269,30.883943557739258
1270,40.38454818725586
1271,35.90522003173828
1272,51.44922637939453
1273,41.90476608276367
1274,43.60643768310547
1275,40.9713134765625
1276,29.945924758911133
1277,50.78510665893555
1278,33.707088470458984
1279,44.94594955444336
1280,41.30841064453125
1281,46.84138107299805
1282,39.19072341918945
1283,36.013999938964844
1284,37.03587341308594
1285,25.422136306762695
1286,44.234535217285156
1287,37.08894729614258
1288,38.18267059326172
1289,36.880516052246094
1290,38.23540496826172
1291,39.24726104736328
1292,57.990604400634766
1293,31.499963760375977
1294,39.23668670654297
1295,37.607723236083984
1296,35.01737976074219
1297,23.9977970123291
1298,45.8204345703125
1299,30.692609786987305
1300,40.33578109741211
1301,35.84387969970703
1302,51.424800872802734
1303,41.80106735229492
1304,43.568634033203125
1305,40.79071807861328
1306,29.830650329589844
1307,50.62691116333008
1308,33.58226013183594
1309,44.807926177978516
1310,41.20574188232422
1311,46.86764144897461
1312,39.14287567138672
1313,35.87858200073242
1314,36.89378356933594
1315,25.330158233642578
1316,44.28800582885742
1317,36.9723014831543
1318,38.00846862792969
1319,36.85575866699219
1320,38.077632904052734
1321,39.0545654296875
1322,57.99052047729492
1323,31.463762283325195
1324,39.15397644042969
1325,37.47595977783203
1326,34.87720489501953
1327,23.959514617919922
1328,45.67070388793945
1329,30.515304565429688
1330,40.28884506225586
1331,35.78278732299805
1332,51.40432357788086
1333,41.707847595214844
1334,43.53224182128906
1335,40.623409271240234
1336,29.72504425048828
1337,50.47862243652344
1338,33.46733474731445
1339,44.681663513183594
1340,41.11012268066406
1341,46.88917541503906
1342,39.09573745727539
1343,35.751155853271484
1344,36.76111602783203
1345,25.24407386779785
1346,44.336055755615234
1347,36.86231231689453
1348,37.84953689575195
1349,36.82965087890625
1350,37.934288024902344
1351,38.87850570678711
1352,57.9826774597168
1353,31.428226470947266
1354,39.072776794433594
1355,37.355403900146484
1356,34.7503776550293
1357,23.92157745361328
1358,45.53070068359375
1359,30.353445053100586
1360,40.24268341064453
1361,35.72452926635742
1362,51.38539505004883
1363,41.62361145019531
1364,43.49547576904297
1365,40.46892547607422
1366,29.62864112854004
1367,50.33786392211914
1368,33.36292266845703
1369,44.565391540527344
1370,41.02091979980469
1371,46.904300689697266
1372,39.049354553222656
1373,35.631378173828125
1374,36.637657165527344
1375,25.163625717163086
1376,44.3779182434082
1377,36.758541107177734
1378,37.70499038696289
1379,36.80201721191406
1380,37.80443572998047
1381,38.71791076660156
1382,57.966270446777344
1383,31.393409729003906
1384,38.99220275878906
1385,37.24530792236328
1386,34.63651657104492
1387,23.884258270263672
1388,45.39964294433594
1389,30.206483840942383
1390,40.19683837890625
1391,35.668724060058594
1392,51.36681365966797
1393,41.54755783081055
1394,43.45793151855469
1395,40.32621383666992
1396,29.540828704833984
1397,50.2036018371582
1398,33.2682991027832
1399,44.45835876464844
1400,40.93751907348633
1401,46.912960052490234
1402,39.00356674194336
1403,35.518775939941406
1404,36.5227165222168
1405,25.088289260864258
1406,44.41324234008789
1407,36.65999221801758
1408,37.57408142089844
1409,36.77250289916992
1410,37.686988830566406
1411,38.57160186767578
1412,57.94137954711914
1413,31.35849952697754
1414,38.9119987487793
1415,37.14451599121094
1416,34.53451156616211
1417,23.84697723388672
1418,45.276336669921875
1419,30.073360443115234
1420,40.151084899902344
1421,35.61518096923828
1422,51.34708786010742
1423,41.47815704345703
1424,43.41902160644531
1425,40.19318771362305
1426,29.461040496826172
1427,50.07262420654297
1428,33.18328857421875
1429,44.35835647583008
1430,40.85963439941406
1431,46.91404342651367
1432,38.96037292480469
1433,35.41230773925781
1434,36.414371490478516
1435,25.018569946289062
1436,44.442020416259766
1437,36.56498336791992
1438,37.45603561401367
1439,36.74114227294922
1440,37.579864501953125
1441,38.437618255615234
1442,57.90886306762695
1443,31.321096420288086
1444,38.83346939086914
1445,37.051143646240234
1446,34.441707611083984
1447,23.806739807128906
1448,45.158809661865234
1449,29.950912475585938
1450,40.105674743652344
1451,35.56012725830078
1452,51.32744216918945
1453,41.41532897949219
1454,43.38009262084961
1455,40.06829071044922
1456,29.388174057006836
1457,49.94551467895508
1458,33.10592269897461
1459,44.26598358154297
1460,40.786739349365234
1461,46.90872573852539
1462,38.91910934448242
1463,35.31123352050781
1464,36.31170654296875
1465,24.95387077331543
1466,44.46438980102539
1467,36.472251892089844
1468,37.35028839111328
1469,36.70766830444336
1470,37.48154830932617
1471,38.3139762878418
1472,57.867469787597656
1473,31.28137969970703
1474,38.75558090209961
1475,36.96426010131836
1476,34.358009338378906
1477,23.7645320892334
1478,45.046173095703125
1479,29.838443756103516
1480,40.06031799316406
1481,35.502845764160156
1482,51.307518005371094
1483,41.35884475708008
1484,43.34110641479492
1485,39.95095443725586
1486,29.32149887084961
1487,49.82270050048828
1488,33.03500747680664
1489,44.18170166015625
1490,40.71794891357422
1491,46.897525787353516
1492,38.87786865234375
1493,35.21511459350586
1494,36.214996337890625
1495,24.892961502075195
1496,44.47998046875
1497,36.381290435791016
1498,37.25606918334961
1499,36.6714973449707
1500,37.3916015625
1501,38.199832916259766
1502,57.81568145751953
1503,31.240108489990234
1504,38.67644119262695
1505,36.883399963378906
1506,34.28424072265625
1507,23.722270965576172
1508,44.93803024291992
1509,29.736623764038086
1510,40.01437759399414
1511,35.44477844238281
1512,51.28529357910156
1513,41.307533264160156
1514,43.300804138183594
1515,39.84016036987305
1516,29.26064109802246
1517,49.701820373535156
1518,32.97079086303711
1519,44.10395050048828
1520,40.652889251708984
1521,46.87933349609375
1522,38.83689498901367
1523,35.12324905395508
1524,36.123470306396484
1525,24.83549690246582
1526,44.48850631713867
1527,36.291568756103516
1528,37.17289733886719
1529,36.632301330566406
1530,37.30926513671875
1531,38.094261169433594
1532,57.75330352783203
1533,31.19641876220703
1534,38.595767974853516
1535,36.80784606933594
1536,34.21965408325195
1537,23.678922653198242
1538,44.83351135253906
1539,29.644424438476562
1540,39.96744918823242
1541,35.38480758666992
1542,51.260616302490234
1543,41.26095199584961
1544,43.2591552734375
1545,39.735164642333984
1546,29.20501136779785
1547,49.58211898803711
1548,32.91273880004883
1549,44.03225326538086
1550,40.59109878540039
1551,46.85369873046875
1552,38.79621124267578
1553,35.034976959228516
1554,36.036380767822266
1555,24.781269073486328
1556,44.489620208740234
1557,36.2022819519043
1558,37.100276947021484
1559,36.589622497558594
1560,37.233707427978516
1561,37.996334075927734
1562,57.680179595947266
1563,31.149452209472656
1564,38.5136833190918
1565,36.73672866821289
1566,34.16323471069336
1567,23.633344650268555
1568,44.73185729980469
1569,29.5604305267334
1570,39.919498443603516
1571,35.32170867919922
1572,51.23405456542969
1573,41.21898651123047
1574,43.21649932861328
1575,39.635318756103516
1576,29.153907775878906
1577,49.463680267333984
1578,32.8598747253418
1579,43.96635818481445
1580,40.53215026855469
1581,46.82119369506836
1582,38.75541687011719
1583,34.94974899291992
1584,35.9531135559082
1585,24.729957580566406
1586,44.48363494873047
1587,36.112789154052734
1588,37.03757858276367
1589,36.5435905456543
1590,37.1640510559082
1591,37.904869079589844
1592,57.595829010009766
1593,31.09964370727539
1594,38.42950439453125
1595,36.66960525512695
1596,34.115230560302734
1597,23.586332321166992
1598,44.63270568847656
1599,29.484516143798828
1600,39.870323181152344
1601,35.25566864013672
1602,51.2047004699707
1603,41.1809196472168
1604,43.17249298095703
1605,39.539703369140625
1606,29.10713005065918
1607,49.3452262878418
1608,32.81194305419922
1609,43.90566635131836
1610,40.4758415222168
1611,46.78155517578125
1612,38.714542388916016
1613,34.867061614990234
1614,35.87321853637695
1615,24.681278228759766
1616,44.47054672241211
1617,36.022682189941406
1618,36.98424530029297
1619,36.493797302246094
1620,37.09970474243164
1621,37.81914138793945
1622,57.5001106262207
1623,31.04646873474121
1624,38.343017578125
1625,36.60599899291992
1626,34.07549285888672
1627,23.537717819213867
1628,44.53558349609375
1629,29.41619873046875
1630,39.819759368896484
1631,35.18662643432617
1632,51.17203903198242
1633,41.14635467529297
1634,43.12697219848633
1635,39.44785690307617
1636,29.06410789489746
1637,49.22611618041992
1638,32.76881408691406
1639,43.84953689575195
1640,40.42174530029297
1641,46.73471450805664
1642,38.67337417602539
1643,34.786338806152344
1644,35.79604721069336
1645,24.634885787963867
1646,44.45045471191406
1647,35.93164825439453
1648,36.93989181518555
1649,36.44020080566406
1650,37.040218353271484
1651,37.73859786987305
1652,57.39336395263672
1653,30.99006462097168
1654,38.254112243652344
1655,36.545536041259766
1656,34.043540954589844
1657,23.487457275390625
1658,44.440391540527344
1659,29.354921340942383
1660,39.76762390136719
1661,35.11446762084961
1662,51.13639831542969
1663,41.11498260498047
1664,43.07987594604492
1665,39.35953140258789
1666,29.02448081970215
1667,49.10667419433594
1668,32.729637145996094
1669,43.797706604003906
1670,40.36962890625
1671,46.68131637573242
1672,38.63140106201172
1673,34.70735168457031
1674,35.721824645996094
1675,24.59018898010254
1676,44.42420959472656
1677,35.84025955200195
1678,36.903076171875
1679,36.383033752441406
1680,36.98543930053711
1681,37.66299819946289
1682,57.27785873413086
1683,30.93094825744629
1684,38.163124084472656
1685,36.48800277709961
1686,34.01844787597656
1687,23.435842514038086
1688,44.347347259521484
1689,29.30006217956543
1690,39.71413803100586
1691,35.04059982299805
1692,51.09831619262695
1693,41.08628845214844
1694,43.03129577636719
1695,39.27488708496094
1696,28.98758316040039
1697,48.9874382019043
1698,32.69425582885742
1699,43.74910354614258
1700,40.31887435913086
1701,46.622127532958984
1702,38.5886344909668
1703,34.630069732666016
1704,35.650306701660156
1705,24.54707908630371
1706,44.39283752441406
1707,35.74929428100586
1708,36.8723030090332
1709,36.32316589355469
1710,36.934906005859375
1711,37.59195327758789
1712,57.155643463134766
1713,30.870235443115234
1714,38.0704460144043
1715,36.43328094482422
1716,33.99942398071289
1717,23.383628845214844
1718,44.25659942626953
1719,29.25127410888672
1720,39.659271240234375
1721,34.96623992919922
1722,51.05764389038086
1723,41.059635162353516
1724,42.980892181396484
1725,39.19340133666992
1726,28.95332145690918
1727,48.867191314697266
1728,32.66265869140625
1729,43.70259475708008
1730,40.26972961425781
1731,46.55693435668945
1732,38.546085357666016
1733,34.55390930175781
1734,35.58048629760742
1735,24.505910873413086
1736,44.35626220703125
1737,35.6577033996582
1738,36.84798049926758
1739,36.26054000854492
1740,36.88777160644531
1741,37.524105072021484
1742,57.02501678466797
1743,30.806819915771484
1744,37.97615051269531
1745,36.38074493408203
1746,33.986572265625
1747,23.32977867126465
1748,44.167381286621094
1749,29.207622528076172
1750,39.60328674316406
1751,34.88906478881836
1752,51.01417922973633
1753,41.03511047363281
1754,42.929351806640625
1755,39.113929748535156
1756,28.921560287475586
1757,48.74516677856445
1758,32.63443374633789
1759,43.65890121459961
1760,40.22230911254883
1761,46.48560333251953
1762,38.50395965576172
1763,34.4782829284668
1764,35.51140594482422
1765,24.46688461303711
1766,44.31444549560547
1767,35.564449310302734
1768,36.83079528808594
1769,36.194664001464844
1770,36.84333038330078
1771,37.458797454833984
1772,56.885074615478516
1773,30.73992919921875
1774,37.8802375793457
1775,36.3300666809082
1776,33.97996139526367
1777,23.273664474487305
1778,44.07941818237305
1779,29.168352127075195
1780,39.54627227783203
1781,34.80855178833008
1782,50.96908950805664
1783,41.012847900390625
1784,42.877349853515625
1785,39.036746978759766
1786,28.891830444335938
1787,48.62275695800781
1788,32.60869598388672
1789,43.61812210083008
1790,40.17610168457031
1791,46.40953063964844
1792,38.46117401123047
1793,34.40312576293945
1794,35.443565368652344
1795,24.42926597595215
1796,44.268455505371094
1797,35.47057342529297
1798,36.81937026977539
1799,36.126075744628906
1800,36.80193328857422
1801,37.39595031738281
1802,56.738311767578125
1803,30.670949935913086
1804,37.783103942871094
1805,36.28141403198242
1806,33.97886276245117
1807,23.21624183654785
1808,43.99337387084961
1809,29.133527755737305
1810,39.488277435302734
1811,34.72697448730469
1812,50.922943115234375
1813,40.99245071411133
1814,42.82451248168945
1815,38.96229934692383
1816,28.86379623413086
1817,48.50061798095703
1818,32.58539962768555
1819,43.57905197143555
1820,40.131141662597656
1821,46.32894515991211
1822,38.41868591308594
1823,34.3284797668457
1824,35.37662887573242
1825,24.393478393554688
1826,44.218997955322266
1827,35.37656021118164
1828,36.81282043457031
1829,36.05575180053711
1830,36.76292419433594
1831,37.33490753173828
1832,56.58464813232422
1833,30.600736618041992
1834,37.684471130371094
1835,36.234798431396484
1836,33.983951568603516
1837,23.158735275268555
1838,43.90936279296875
1839,29.10319709777832
1840,39.429595947265625
1841,34.64455032348633
1842,50.87404251098633
1843,40.9727783203125
1844,42.77040481567383
1845,38.888916015625
1846,28.837739944458008
1847,48.37467956542969
1848,32.56578063964844
1849,43.53972625732422
1850,40.08807373046875
1851,46.242733001708984
1852,38.379432678222656
1853,34.253562927246094
1854,35.30840301513672
1855,24.360694885253906
1856,44.16693878173828
1857,35.28132247924805
1858,36.81110382080078
1859,35.98406982421875
1860,36.725032806396484
1861,37.274471282958984
1862,56.427303314208984
1863,30.527490615844727
1864,37.58732986450195
1865,36.18906021118164
1866,33.99205017089844
1867,23.098264694213867
1868,43.82659912109375
1869,29.074108123779297
1870,39.371238708496094
1871,34.55896759033203
1872,50.82636260986328
1873,40.954654693603516
1874,42.71794509887695
1875,38.816650390625
1876,28.812564849853516
1877,48.249977111816406
1878,32.5466423034668
1879,43.50235366821289
1880,40.04607009887695
1881,46.15548324584961
1882,38.340694427490234
1883,34.178565979003906
1884,35.23993682861328
1885,24.329242706298828
1886,44.11427307128906
1887,35.186004638671875
1888,36.812591552734375
1889,35.91181945800781
1890,36.68832015991211
1891,37.2147216796875
1892,56.26830291748047
1893,30.45345115661621
1894,37.49107360839844
1895,36.14456558227539
1896,34.00352096557617
1897,23.037891387939453
1898,43.746028900146484
1899,29.047216415405273
1900,39.31318664550781
1901,34.473812103271484
1902,50.77846145629883
1903,40.93702697753906
1904,42.66563034057617
1905,38.745574951171875
1906,28.7883358001709
1907,48.12495422363281
1908,32.52909469604492
1909,43.46513366699219
1910,40.00515365600586
1911,46.06696701049805
1912,38.30279541015625
1913,34.1035270690918
1914,35.17161560058594
1915,24.299039840698242
1916,44.062042236328125
1917,35.09187316894531
1918,36.815792083740234
1919,35.83971405029297
1920,36.65309143066406
1921,37.15596389770508
1922,56.11049270629883
1923,30.3795108795166
1924,37.39619445800781
1925,36.101417541503906
1926,34.01770782470703
1927,22.978355407714844
1928,43.66805648803711
1929,29.022491455078125
1930,39.25558090209961
1931,34.390201568603516
1932,50.73100280761719
1933,40.91956329345703
1934,42.613624572753906
1935,38.67598342895508
1936,28.764753341674805
1937,48.00053787231445
1938,32.512577056884766
1939,43.42762756347656
1940,39.964996337890625
1941,45.978206634521484
1942,38.26570129394531
1943,34.028564453125
1944,35.103363037109375
1945,24.269834518432617
1946,44.01108169555664
1947,34.999446868896484
1948,36.819984436035156
1949,35.76837921142578
1950,36.61909103393555
1951,37.0978889465332
1952,55.955196380615234
1953,30.306196212768555
1954,37.303340911865234
1955,36.05957794189453
1956,34.033321380615234
1957,22.919429779052734
1958,43.592933654785156
1959,28.999088287353516
1960,39.198726654052734
1961,34.30875015258789
1962,50.6856575012207
1963,40.9024543762207
1964,42.562583923339844
1965,38.60850143432617
1966,28.741474151611328
1967,47.878883361816406
1968,32.496456146240234
1969,43.38994216918945
1970,39.92534637451172
1971,45.890716552734375
1972,38.22914505004883
1973,33.954105377197266
1974,35.03561782836914
1975,24.241641998291016
1976,43.962284088134766
1977,34.9095573425293
1978,36.82398986816406
1979,35.69872283935547
1980,36.586280822753906
1981,37.0406608581543
1982,55.80442428588867
1983,30.234731674194336
1984,37.21295166015625
1985,36.01907730102539
1986,34.04951095581055
1987,22.861814498901367
1988,43.52111053466797
1989,28.976884841918945
1990,39.142822265625
1991,34.230716705322266
1992,50.6431770324707
1993,40.88545227050781
1994,42.512657165527344
1995,38.543521881103516
1996,28.7181453704834
1997,47.7616081237793
1998,32.47998046875
1999,43.351810455322266
2000,39.88595199584961
2001,45.80622100830078
2002,38.19247817993164
2003,33.88063049316406
2004,34.969173431396484
2005,24.21369743347168
2006,43.91694259643555
2007,34.82363510131836
2008,36.82623291015625
2009,35.6319694519043
2010,36.55485153198242
2011,36.98444366455078
2012,55.660648345947266
2013,30.166908264160156
2014,37.12528991699219
2015,35.980224609375
2016,34.06562805175781
2017,22.807287216186523
2018,43.45330810546875
2019,28.955934524536133
2020,39.08817672729492
2021,34.15815353393555
2022,50.60329818725586
2023,40.86806869506836
2024,42.46360397338867
2025,38.48123550415039
2026,28.69507598876953
2027,47.648651123046875
2028,32.463592529296875
2029,43.312355041503906
2030,39.84690856933594
2031,45.72487258911133
2032,38.156944274902344
2033,33.8084602355957
2034,34.90384292602539
2035,24.18680763244629
2036,43.8751335144043
2037,34.74177551269531
2038,36.82662582397461
2039,35.56867599487305
2040,36.524322509765625
2041,36.92900848388672
2042,55.52426528930664
2043,30.102731704711914
2044,37.041202545166016
2045,35.942745208740234
2046,34.081153869628906
2047,22.755521774291992
2048,43.3892822265625
2049,28.935861587524414
2050,39.035160064697266
2051,34.090187072753906
2052,50.56635665893555
2053,40.850379943847656
2054,42.41624450683594
2055,38.42137145996094
2056,28.672122955322266
2057,47.54056167602539
2058,32.44693374633789
2059,43.27229690551758
2060,39.80852127075195
2061,45.64713668823242
2062,38.12283706665039
2063,33.73786544799805
2064,34.8394660949707
2065,24.16122817993164
2066,43.83699417114258
2067,34.663448333740234
2068,36.825904846191406
2069,35.50893020629883
2070,36.494327545166016
2071,36.87384033203125
2072,55.39434814453125
2073,30.04193115234375
2074,36.96084976196289
2075,35.906673431396484
2076,34.096221923828125
2077,22.706741333007812
2078,43.329078674316406
2079,28.916505813598633
2080,38.984153747558594
2081,34.026058197021484
2082,50.531982421875
2083,40.83248519897461
2084,42.37106704711914
2085,38.36347579956055
2086,28.649581909179688
2087,47.43702697753906
2088,32.42997741699219
2089,43.232139587402344
2090,39.77104187011719
2091,45.57339096069336
2092,38.09046173095703
2093,33.668800354003906
2094,34.776023864746094
2095,24.136951446533203
2096,43.802337646484375
2097,34.58842468261719
2098,36.82423782348633
2099,35.452510833740234
2100,36.4648323059082
2101,36.81936264038086
2102,55.27145767211914
2103,29.984172821044922
2104,36.884605407714844
2105,35.87191390991211
2106,34.11076736450195
2107,22.66080665588379
2108,43.27245330810547
2109,28.897687911987305
2110,38.93514633178711
2111,33.96580505371094
2112,50.50015640258789
2113,40.81424331665039
2114,42.32796096801758
2115,38.30751037597656
2116,28.62745475769043
2117,47.33844757080078
2118,32.412574768066406
2119,43.191951751708984
2120,39.73453140258789
2121,45.504051208496094
2122,38.05951690673828
2123,33.601585388183594
2124,34.713748931884766
2125,24.113849639892578
2126,43.77168273925781
2127,34.51701354980469
2128,36.82115173339844
2129,35.39966583251953
2130,36.4358024597168
2131,36.765464782714844
2132,55.15626907348633
2133,29.92989158630371
2134,36.812705993652344
2135,35.83839416503906
2136,34.124267578125
2137,22.61849594116211
2138,43.21973419189453
2139,28.879486083984375
2140,38.88847732543945
2141,33.910152435302734
2142,50.470130920410156
2143,40.795265197753906
2144,42.286903381347656
2145,38.25305938720703
2146,28.605777740478516
2147,47.24419021606445
2148,32.3949089050293
2149,43.15117263793945
2150,39.69904708862305
2151,45.439361572265625
2152,38.03084945678711
2153,33.53615188598633
2154,34.652400970458984
2155,24.09193229675293
2156,43.745338439941406
2157,34.44910430908203
2158,36.81616973876953
2159,35.350826263427734
2160,36.40674591064453
2161,36.71186447143555
2162,55.05011749267578
2163,29.878707885742188
2164,36.745826721191406
2165,35.80568313598633
2166,34.13554763793945
2167,22.578800201416016
2168,43.17033386230469
2169,28.86073112487793
2170,38.84426498413086
2171,33.85826873779297
2172,50.44334411621094
2173,40.775821685791016
2174,42.24864959716797
2175,38.20021057128906
2176,28.584434509277344
2177,47.15519714355469
2178,32.376434326171875
2179,43.11027145385742
2180,39.66462326049805
2181,45.37980651855469
2182,38.004310607910156
2183,33.47282791137695
2184,34.59196853637695
2185,24.07134246826172
2186,43.7232551574707
2187,34.384605407714844
2188,36.80948257446289
2189,35.306026458740234
2190,36.37760543823242
2191,36.65858459472656
2192,54.95213317871094
2193,29.830955505371094
2194,36.68362808227539
2195,35.77388000488281
2196,34.144744873046875
2197,22.542190551757812
2198,43.1242561340332
2199,28.841798782348633
2200,38.80247116088867
2201,33.810089111328125
2202,50.41913604736328
2203,40.755950927734375
2204,42.212894439697266
2205,38.14878845214844
2206,28.56336212158203
2207,47.07101058959961
2208,32.357460021972656
2209,43.06929397583008
2210,39.63127899169922
2211,45.324729919433594
2212,37.98027420043945
2213,33.41140365600586
2214,34.53240203857422
2215,24.052261352539062
2216,43.70479202270508
2217,34.323036193847656
2218,36.80170822143555
2219,35.2649040222168
2220,36.34835433959961
2221,36.60553741455078
2222,54.86137008666992
2223,29.786212921142578
2224,36.6258430480957
2225,35.743011474609375
2226,34.15242004394531
2227,22.508092880249023
2228,43.08118438720703
2229,28.82259178161621
2230,38.76310729980469
2231,33.7647705078125
2232,50.397422790527344
2233,40.735843658447266
2234,42.17977523803711
2235,38.09870910644531
2236,28.54293441772461
2237,46.99125671386719
2238,32.33815002441406
2239,43.028690338134766
2240,39.599300384521484
2241,45.27383041381836
2242,37.95847702026367
2243,33.35197830200195
2244,34.47380828857422
2245,24.034700393676758
2246,43.68973159790039
2247,34.26422882080078
2248,36.79305648803711
2249,35.22715377807617
2250,36.31907272338867
2251,36.5529670715332
2252,54.77688217163086
2253,29.744159698486328
2254,36.57212829589844
2255,35.71310806274414
2256,34.15892791748047
2257,22.476655960083008
2258,43.04098129272461
2259,28.803529739379883
2260,38.726139068603516
2261,33.72232437133789
2262,50.377681732177734
2263,40.71561813354492
2264,42.14899444580078
2265,38.04996109008789
2266,28.523107528686523
2267,46.91518783569336
2268,32.31897735595703
2269,42.98796463012695
2270,39.568763732910156
2271,45.22605514526367
2272,37.94031524658203
2273,33.294551849365234
2274,34.41541290283203
2275,24.01926612854004
2276,43.67778396606445
2277,34.20760726928711
2278,36.783931732177734
2279,35.19317626953125
2280,36.289161682128906
2281,36.5001220703125
2282,54.698211669921875
2283,29.705041885375977
2284,36.52259063720703
2285,35.68368148803711
2286,34.16378402709961
2287,22.447580337524414
2288,43.0030517578125
2289,28.783714294433594
2290,38.691715240478516
2291,33.681758880615234
2292,50.3602409362793
2293,40.695369720458984
2294,42.12116622924805
2295,38.002105712890625
2296,28.503856658935547
2297,46.843509674072266
2298,32.29916763305664
2299,42.94819641113281
2300,39.539520263671875
2301,45.183074951171875
2302,37.92412567138672
2303,33.239105224609375
2304,34.3580322265625
2305,24.00497055053711
2306,43.66917037963867
2307,34.1534538269043
2308,36.77399444580078
2309,35.162384033203125
2310,36.25901794433594
2311,36.44768524169922
2312,54.62596130371094
2313,29.668445587158203
2314,36.47712707519531
2315,35.655029296875
2316,34.16697311401367
2317,22.421045303344727
2318,42.96763229370117
2319,28.763593673706055
2320,38.65966033935547
2321,33.64384078979492
2322,50.34470748901367
2323,40.67482376098633
2324,42.09572982788086
2325,37.955169677734375
2326,28.485206604003906
2327,46.77567672729492
2328,32.279014587402344
2329,42.908966064453125
2330,39.51142120361328
2331,45.14418411254883
2332,37.90982437133789
2333,33.18560028076172
2334,34.30185317993164
2335,23.991802215576172
2336,43.663536071777344
2337,34.10175323486328
2338,36.76303482055664
2339,35.13461685180664
2340,36.22892379760742
2341,36.395904541015625
2342,54.55998992919922
2343,29.634376525878906
2344,36.43537139892578
2345,35.627105712890625
2346,34.168418884277344
2347,22.396717071533203
2348,42.934593200683594
2349,28.743324279785156
2350,38.62963104248047
2351,33.60856628417969
2352,50.331180572509766
2353,40.65419387817383
2354,42.07225036621094
2355,37.90948486328125
2356,28.467012405395508
2357,46.711849212646484
2358,32.258602142333984
2359,42.87022399902344
2360,39.48439025878906
2361,45.10905838012695
2362,37.89719772338867
2363,33.13422775268555
2364,34.2469482421875
2365,23.9796085357666
2366,43.66060256958008
2367,34.052669525146484
2368,36.75115203857422
2369,35.109825134277344
2370,36.19894027709961
2371,36.344932556152344
2372,54.49983596801758
2373,29.60301399230957
2374,36.39696502685547
2375,35.60005569458008
2376,34.1683349609375
2377,22.374757766723633
2378,42.9038200378418
2379,28.723102569580078
2380,38.60146713256836
2381,33.57597732543945
2382,50.319305419921875
2383,40.63351821899414
2384,42.05070495605469
2385,37.865142822265625
2386,28.44944953918457
2387,46.651588439941406
2388,32.23823928833008
2389,42.83199691772461
2390,39.45842742919922
2391,45.0772819519043
2392,37.886051177978516
2393,33.08490753173828
2394,34.19347381591797
2395,23.968364715576172
2396,43.66001510620117
2397,34.00605392456055
2398,36.73853302001953
2399,35.087554931640625
2400,36.16933059692383
2401,36.29500961303711
2402,54.44499206542969
2403,29.573991775512695
2404,36.361602783203125
2405,35.57381820678711
2406,34.1670036315918
2407,22.354772567749023
2408,42.87527084350586
2409,28.703044891357422
2410,38.57508850097656
2411,33.54585647583008
2412,50.308837890625
2413,40.61290740966797
2414,42.030731201171875
2415,37.82215881347656
2416,28.432601928710938
2417,46.59495162963867
2418,32.217899322509766
2419,42.794498443603516
2420,39.43339157104492
2421,45.04863357543945
2422,37.87632369995117
2423,33.03759765625
2424,34.141563415527344
2425,23.957965850830078
2426,43.66140365600586
2427,33.96186065673828
2428,36.72535705566406
2429,35.06781005859375
2430,36.1402587890625
2431,36.24626541137695
2432,54.39500427246094
2433,29.54726219177246
2434,36.32906723022461
2435,35.548492431640625
2436,34.16457748413086
2437,22.336835861206055
2438,42.848724365234375
2439,28.683378219604492
2440,38.55033874511719
2441,33.51804733276367
2442,50.299617767333984
2443,40.59246063232422
2444,42.01227569580078
2445,37.78057098388672
2446,28.416513442993164
2447,46.54127883911133
2448,32.19798278808594
2449,42.75775146484375
2450,39.40961456298828
2451,45.022403717041016
2452,37.8681640625
2453,32.99234390258789
2454,34.09104537963867
2455,23.948625564575195
2456,43.66432571411133
2457,33.919769287109375
2458,36.712127685546875
2459,35.05010986328125
2460,36.11167907714844
2461,36.19872283935547
2462,54.34912109375
2463,29.52230453491211
2464,36.29935836791992
2465,35.52408981323242
2466,34.16130065917969
2467,22.3203125
2468,42.82403564453125
2469,28.664072036743164
2470,38.52713394165039
2471,33.491920471191406
2472,50.29121780395508
2473,40.57233428955078
2474,41.99521255493164
2475,37.740074157714844
2476,28.401304244995117
2477,46.489498138427734
2478,32.17896270751953
2479,42.721832275390625
2480,39.38730239868164
2481,44.997581481933594
2482,37.862220764160156
2483,32.9489631652832
2484,34.04151916503906
2485,23.940826416015625
2486,43.668243408203125
2487,33.87908172607422
2488,36.69999313354492
2489,35.03398513793945
2490,36.0836067199707
2491,36.15238571166992
2492,54.30582046508789
2493,29.49825668334961
2494,36.272212982177734
2495,35.500450134277344
2496,34.157859802246094
2497,22.30457305908203
2498,42.80078125
2499,28.645116806030273
2500,38.50557327270508
2501,33.46640396118164
2502,50.28399658203125
2503,40.5528450012207
2504,41.97998046875
2505,37.70077896118164
2506,28.38707733154297
2507,46.440547943115234
2508,32.160400390625
2509,42.68765640258789
2510,39.36637496948242
2511,44.97486114501953
2512,37.85744857788086
2513,32.907379150390625
2514,33.993438720703125
2515,23.93396759033203
2516,43.67308807373047
2517,33.839866638183594
2518,36.688682556152344
2519,35.01921463012695
2520,36.05630874633789
2521,36.107303619384766
2522,54.26504135131836
2523,29.475324630737305
2524,36.24721145629883
2525,35.47787857055664
2526,34.15471649169922
2527,22.290279388427734
2528,42.77922439575195
2529,28.627050399780273
2530,38.48539733886719
2531,33.44227981567383
2532,50.277244567871094
2533,40.53382873535156
2534,41.965824127197266
2535,37.662757873535156
2536,28.373666763305664
2537,46.393829345703125
2538,32.14253616333008
2539,42.65459060668945
2540,39.3465690612793
2541,44.95363998413086
2542,37.853729248046875
2543,32.867584228515625
2544,33.946754455566406
2545,23.928112030029297
2546,43.678775787353516
2547,33.802433013916016
2548,36.67792510986328
2549,35.00575256347656
2550,36.029727935791016
2551,36.063682556152344
2552,54.22696304321289
2553,29.453584671020508
2554,36.22419738769531
2555,35.456199645996094
2556,34.15168762207031
2557,22.277252197265625
2558,42.75929260253906
2559,28.60996437072754
2560,38.466583251953125
2561,33.41945266723633
2562,50.27081298828125
2563,40.515220642089844
2564,41.9527587890625
2565,37.625877380371094
2566,28.36115264892578
2567,46.3486442565918
2568,32.12555694580078
2569,42.6225700378418
2570,39.328006744384766
2571,44.9334831237793
2572,37.85148239135742
2573,32.829402923583984
2574,33.90121841430664
2575,23.923208236694336
2576,43.68513488769531
2577,33.76628494262695
2578,36.6682014465332
2579,34.99339294433594
2580,36.0040397644043
2581,36.021324157714844
2582,54.19100570678711
2583,29.43258285522461
2584,36.20315170288086
2585,35.43537902832031
2586,34.14891815185547
2587,22.26490020751953
2588,42.74070739746094
2589,28.593502044677734
2590,38.448997497558594
2591,33.39738464355469
2592,50.265174865722656
2593,40.4971923828125
2594,41.9407958984375
2595,37.590309143066406
2596,28.3494815826416
2597,46.305641174316406
2598,32.109195709228516
2599,42.591835021972656
2600,39.31059646606445
2601,44.914608001708984
2602,37.85010528564453
2603,32.79270553588867
2604,33.85698318481445
2605,23.91922950744629
2606,43.692073822021484
2607,33.73161697387695
2608,36.659332275390625
2609,34.9820671081543
2610,35.979164123535156
2611,35.980255126953125
2612,54.15693664550781
2613,29.41266441345215
2614,36.183658599853516
2615,35.415523529052734
2616,34.14651107788086
2617,22.253746032714844
2618,42.72358703613281
2619,28.57803726196289
2620,38.432518005371094
2621,33.376644134521484
2622,50.260066986083984
2623,40.47982406616211
2624,41.92976760864258
2625,37.55601119995117
2626,28.33847427368164
2627,46.26448059082031
2628,32.093624114990234
2629,42.56202697753906
2630,39.29417037963867
2631,44.89690017700195
2632,37.84966278076172
2633,32.757591247558594
2634,33.814083099365234
2635,23.915992736816406
2636,43.699668884277344
2637,33.698516845703125
2638,36.65092086791992
2639,34.97182083129883
2640,35.955108642578125
2641,35.94036865234375
2642,54.1247673034668
2643,29.39432144165039
2644,36.165550231933594
2645,35.3966064453125
2646,34.14457702636719
2647,22.244243621826172
2648,42.707908630371094
2649,28.563419342041016
2650,38.41709518432617
2651,33.35737609863281
2652,50.25519561767578
2653,40.4625129699707
2654,41.919464111328125
2655,37.52265167236328
2656,28.328157424926758
2657,46.225006103515625
2658,32.078643798828125
2659,42.53297424316406
2660,39.27860641479492
2661,44.880672454833984
2662,37.850059509277344
2663,32.72382354736328
2664,33.77226257324219
2665,23.913393020629883
2666,43.70825958251953
2667,33.66681671142578
2668,36.6427116394043
2669,34.96285629272461
2670,35.93159103393555
2671,35.9015998840332
2672,54.095462799072266
2673,29.376708984375
2674,36.14936065673828
2675,35.37826156616211
2676,34.14218521118164
2677,22.23526954650879
2678,42.69349670410156
2679,28.54892349243164
2680,38.40272521972656
2681,33.33911895751953
2682,50.25143051147461
2683,40.44567108154297
2684,41.91025161743164
2685,37.49039840698242
2686,28.318323135375977
2687,46.18772506713867
2688,32.06377410888672
2689,42.50474166870117
2690,39.26382827758789
2691,44.865943908691406
2692,37.85122299194336
2693,32.69148254394531
2694,33.731719970703125
2695,23.911102294921875
2696,43.71763229370117
2697,33.63672637939453
2698,36.63456726074219
2699,34.95471954345703
2700,35.909202575683594
2701,35.86450958251953
2702,54.069400787353516
2703,29.35935401916504
2704,36.13493347167969
2705,35.36060333251953
2706,34.13873291015625
2707,22.22618865966797
2708,42.68010711669922
2709,28.53502655029297
2710,38.38906478881836
2711,33.32191467285156
2712,50.249000549316406
2713,40.42963409423828
2714,41.9019660949707
2715,37.45970916748047
2716,28.309080123901367
2717,46.15285873413086
2718,32.0494384765625
2719,42.4775276184082
2720,39.2497444152832
2721,44.85214614868164
2722,37.85266876220703
2723,32.66046142578125
2724,33.69254684448242
2725,23.909399032592773
2726,43.727256774902344
2727,33.608123779296875
2728,36.62688446044922
2729,34.947471618652344
2730,35.88803482055664
2731,35.82894515991211
2732,54.04509735107422
2733,29.342918395996094
2734,36.121551513671875
2735,35.34394073486328
2736,34.13569259643555
2737,22.217681884765625
2738,42.668087005615234
2739,28.52220916748047
2740,38.3758659362793
2741,33.30595016479492
2742,50.24714660644531
2743,40.41419219970703
2744,41.8940315246582
2745,37.430641174316406
2746,28.300537109375
2747,46.1198616027832
2748,32.03581237792969
2749,42.45127487182617
2750,39.23627853393555
2751,44.838897705078125
2752,37.85441207885742
2753,32.630828857421875
2754,33.654911041259766
2755,23.90809440612793
2756,43.73689270019531
2757,33.58108139038086
2758,36.619873046875
2759,34.94088363647461
2760,35.86796188354492
2761,35.794883728027344
2762,54.02213668823242
2763,29.327415466308594
2764,36.10920715332031
2765,35.328250885009766
2766,34.13311767578125
2767,22.20979881286621
2768,42.657188415527344
2769,28.510517120361328
2770,38.36336135864258
2771,33.2911262512207
2772,50.2456169128418
2773,40.39946746826172
2774,41.88666915893555
2775,37.403106689453125
2776,28.292524337768555
2777,46.08869171142578
2778,32.022891998291016
2779,42.42597961425781
2780,39.22356414794922
2781,44.82622528076172
2782,37.85646438598633
2783,32.60258102416992
2784,33.618736267089844
2785,23.907346725463867
2786,43.7463493347168
2787,33.55542755126953
2788,36.613460540771484
2789,34.934906005859375
2790,35.84895706176758
2791,35.762332916259766
2792,54.00037384033203
2793,29.312641143798828
2794,36.097904205322266
2795,35.31341552734375
2796,34.13086700439453
2797,22.20256996154785
2798,42.64750671386719
2799,28.499725341796875
2800,38.351478576660156
2801,33.2770881652832
2802,50.24447250366211
2803,40.385345458984375
2804,41.879756927490234
2805,37.37687301635742
2806,28.285207748413086
2807,46.05919647216797
2808,32.01066589355469
2809,42.40174865722656
2810,39.211647033691406
2811,44.814064025878906
2812,37.85882568359375
2813,32.57567596435547
2814,33.58394241333008
2815,23.907119750976562
2816,43.75566864013672
2817,33.53096008300781
2818,36.60775375366211
2819,34.9295654296875
2820,35.83089065551758
2821,35.731117248535156
2822,53.97975158691406
2823,29.298686981201172
2824,36.08760452270508
2825,35.29948043823242
2826,34.129024505615234
2827,22.19588851928711
2828,42.638832092285156
2829,28.489774703979492
2830,38.34024429321289
2831,33.26401901245117
2832,50.24357223510742
2833,40.371742248535156
2834,41.8734016418457
2835,37.351959228515625
2836,28.278470993041992
2837,46.03118133544922
2838,31.999099731445312
2839,42.3785285949707
2840,39.200408935546875
2841,44.8022346496582
2842,37.86170959472656
2843,32.5500373840332
2844,33.5504150390625
2845,23.907367706298828
2846,43.7647819519043
2847,33.507774353027344
2848,36.602848052978516
2849,34.92462921142578
2850,35.813777923583984
2851,35.701393127441406
2852,53.960235595703125
2853,29.285198211669922
2854,36.0782470703125
2855,35.28632354736328
2856,34.12762451171875
2857,22.189571380615234
2858,42.63113021850586
2859,28.480745315551758
2860,38.32957077026367
2861,33.251705169677734
2862,50.24278259277344
2863,40.358856201171875
2864,41.867462158203125
2865,37.328346252441406
2866,28.272302627563477
2867,46.004676818847656
2868,31.9882869720459
2869,42.35625076293945
2870,39.19000244140625
2871,44.79066467285156
2872,37.864990234375
2873,32.52567672729492
2874,33.51817321777344
2875,23.908233642578125
2876,43.773433685302734
2877,33.485618591308594
2878,36.598716735839844
2879,34.920162200927734
2880,35.7976188659668
2881,35.67300033569336
2882,53.941410064697266
2883,29.272396087646484
2884,36.06987762451172
2885,35.274017333984375
2886,34.126708984375
2887,22.18374252319336
2888,42.624359130859375
2889,28.472585678100586
2890,38.31940841674805
2891,33.239990234375
2892,50.24214172363281
2893,40.34651565551758
2894,41.86201858520508
2895,37.305938720703125
2896,28.26670265197754
2897,45.97968673706055
2898,31.978132247924805
2899,42.3350715637207
2900,39.18023681640625
2901,44.77940368652344
2902,37.86854553222656
2903,32.50260925292969
2904,33.48736572265625
2905,23.909433364868164
2906,43.78166198730469
2907,33.464630126953125
2908,36.59532165527344
2909,34.9158821105957
2910,35.78228759765625
2911,35.64589309692383
2912,53.9233512878418
2913,29.260175704956055
2914,36.06217956542969
2915,35.26243591308594
2916,34.12624740600586
2917,22.178335189819336
2918,42.61849594116211
2919,28.46525764465332
2920,38.30977249145508
2921,33.229026794433594
2922,50.24149703979492
2923,40.334754943847656
2924,41.85691452026367
2925,37.28482437133789
2926,28.261619567871094
2927,45.9561767578125
2928,31.968576431274414
2929,42.314910888671875
2930,39.171142578125
2931,44.768516540527344
2932,37.87216567993164
2933,32.48074722290039
2934,33.45784378051758
2935,23.91098403930664
2936,43.78940963745117
2937,33.444732666015625
2938,36.592384338378906
2939,34.911949157714844
2940,35.76783752441406
2941,35.620262145996094
2942,53.90618896484375
2943,29.24863624572754
2944,36.055294036865234
2945,35.251678466796875
2946,34.1261100769043
2947,22.173429489135742
2948,42.61343765258789
2949,28.45871353149414
2950,38.30067825317383
2951,33.21885681152344
2952,50.240821838378906
2953,40.32347869873047
2954,41.85212707519531
2955,37.26493835449219
2956,28.25693702697754
2957,45.934024810791016
2958,31.95956039428711
2959,42.29573440551758
2960,39.16254425048828
2961,44.75794982910156
2962,37.875972747802734
2963,32.46004867553711
2964,33.42966842651367
2965,23.91274642944336
2966,43.79679870605469
2967,33.425968170166016
2968,36.58995819091797
2969,34.90834045410156
2970,35.75417709350586
2971,35.59580993652344
2972,53.889976501464844
2973,29.237571716308594
2974,36.04911422729492
2975,35.24151611328125
2976,34.12618637084961
2977,22.16884994506836
2978,42.60917663574219
2979,28.452800750732422
2980,38.29187774658203
2981,33.209442138671875
2982,50.24011993408203
2983,40.31271743774414
2984,41.84765625
2985,37.246150970458984
2986,28.25261116027832
2987,45.91326904296875
2988,31.95107650756836
2989,42.277305603027344
2990,39.15456008911133
2991,44.747718811035156
2992,37.879756927490234
2993,32.440391540527344
2994,33.402748107910156
2995,23.914854049682617
2996,43.803749084472656
2997,33.408145904541016
2998,36.58781433105469
2999,34.904937744140625
3000,35.7412109375
3001,35.57251739501953
3002,53.874568939208984
3003,29.22715950012207
3004,36.043704986572266
3005,35.23207473754883
3006,34.12642288208008
3007,22.164684295654297
3008,42.60561752319336
3009,28.447490692138672
3010,38.28346633911133
3011,33.20061492919922
3012,50.23944854736328
3013,40.30232620239258
3014,41.843421936035156
3015,37.22840118408203
3016,28.24877166748047
3017,45.893863677978516
3018,31.942964553833008
3019,42.259639739990234
3020,39.146942138671875
3021,44.73789978027344
3022,37.88368225097656
3023,32.4217529296875
3024,33.37700271606445
3025,23.917091369628906
3026,43.81026077270508
3027,33.3913688659668
3028,36.585975646972656
3029,34.901912689208984
3030,35.728851318359375
3031,35.55036163330078
3032,53.85994338989258
3033,29.21735191345215
3034,36.03900909423828
3035,35.223140716552734
3036,34.126922607421875
3037,22.16094207763672
3038,42.60277557373047
3039,28.442729949951172
3040,38.27555465698242
3041,33.19245147705078
3042,50.238712310791016
3043,40.292362213134766
3044,41.83956527709961
3045,37.21168518066406
3046,28.245101928710938
3047,45.87566375732422
3048,31.935317993164062
3049,42.2427978515625
3050,39.13981246948242
3051,44.7284049987793
3052,37.88759994506836
3053,32.40414047241211
3054,33.352325439453125
3055,23.919431686401367
3056,43.81642532348633
3057,33.375457763671875
3058,36.5843620300293
3059,34.898963928222656
3060,35.71710205078125
3061,35.52925109863281
3062,53.84627151489258
3063,29.207992553710938
3064,36.034820556640625
3065,35.2148323059082
3066,34.12742614746094
3067,22.157487869262695
3068,42.60060501098633
3069,28.438417434692383
3070,38.26793670654297
3071,33.18492126464844
3072,50.23788833618164
3073,40.282718658447266
3074,41.835853576660156
3075,37.19587326049805
3076,28.241735458374023
3077,45.858680725097656
3078,31.92791748046875
3079,42.22666549682617
3080,39.13310623168945
3081,44.71925354003906
3082,37.89150619506836
3083,32.38747024536133
3084,33.32880783081055
3085,23.922019958496094
3086,43.82213592529297
3087,33.360443115234375
3088,36.58293533325195
3089,34.8962516784668
3090,35.70603942871094
3091,35.50908660888672
3092,53.83338928222656
3093,29.199146270751953
3094,36.03131103515625
3095,35.206974029541016
3096,34.127967834472656
3097,22.15433692932129
3098,42.59895706176758
3099,28.434558868408203
3100,38.260616302490234
3101,33.17798614501953
3102,50.23704147338867
3103,40.2734375
3104,41.832454681396484
3105,37.18088912963867
3106,28.238569259643555
3107,45.84283447265625
3108,31.92090606689453
3109,42.211151123046875
3110,39.126747131347656
3111,44.710533142089844
3112,37.8953971862793
3113,32.37156677246094
3114,33.30624008178711
3115,23.92456817626953
3116,43.8275032043457
3117,33.34627914428711
3118,36.581626892089844
3119,34.893768310546875
3120,35.69538497924805
3121,35.48980712890625
3122,53.82127380371094
3123,29.19089126586914
3124,36.02841567993164
3125,35.199703216552734
3126,34.12860107421875
3127,22.15146827697754
3128,42.59785079956055
3129,28.43108367919922
3130,38.253658294677734
3131,33.171607971191406
3132,50.236000061035156
3133,40.26445770263672
3134,41.829219818115234
3135,37.166812896728516
3136,28.2355899810791
3137,45.82805633544922
3138,31.9141788482666
3139,42.19635009765625
3140,39.12070846557617
3141,44.70208740234375
3142,37.89928436279297
3143,32.35655212402344
3144,33.28464889526367
3145,23.927316665649414
3146,43.832393646240234
3147,33.332847595214844
3148,36.58049392700195
3149,34.891353607177734
3150,35.68517303466797
3151,35.471492767333984
3152,53.809906005859375
3153,29.183090209960938
3154,36.02605438232422
3155,35.19273376464844
3156,34.12920379638672
3157,22.148921966552734
3158,42.59721755981445
3159,28.42795181274414
3160,38.24692916870117
3161,33.1656608581543
3162,50.23484420776367
3163,40.25570297241211
3164,41.826229095458984
3165,37.1534309387207
3166,28.232845306396484
3167,45.8142204284668
3168,31.907787322998047
3169,42.182090759277344
3170,39.115135192871094
3171,44.69391632080078
3172,37.90324783325195
3173,32.34234619140625
3174,33.26396560668945
3175,23.93014907836914
3176,43.83694076538086
3177,33.32022476196289
3178,36.579437255859375
3179,34.889068603515625
3180,35.67544174194336
3181,35.45400619506836
3182,53.79920959472656
3183,29.17560577392578
3184,36.024169921875
3185,35.18628692626953
3186,34.129825592041016
3187,22.14651870727539
3188,42.59709167480469
3189,28.425113677978516
3190,38.24060821533203
3191,33.16020965576172
3192,50.23344802856445
3193,40.247283935546875
3194,41.82338333129883
3195,37.14065933227539
3196,28.230327606201172
3197,45.800994873046875
3198,31.901878356933594
3199,42.168365478515625
3200,39.110015869140625
3201,44.68566131591797
3202,37.90743637084961
3203,32.32881164550781
3204,33.244041442871094
3205,23.933263778686523
3206,43.841060638427734
3207,33.30803680419922
3208,36.57884979248047
3209,34.88679122924805
3210,35.66615676879883
3211,35.43730926513672
3212,53.7890739440918
3213,29.168258666992188
3214,36.02289962768555
3215,35.180137634277344
3216,34.13056564331055
3217,22.144071578979492
3218,42.597389221191406
3219,28.422470092773438
3220,38.234554290771484
3221,33.15480041503906
3222,50.232093811035156
3223,40.23916244506836
3224,41.820823669433594
3225,37.12860107421875
3226,28.22807502746582
3227,45.78837203979492
3228,31.89646339416504
3229,42.155330657958984
3230,39.10536575317383
3231,44.67743682861328
3232,37.91191101074219
3233,32.316104888916016
3234,33.224822998046875
3235,23.936559677124023
3236,43.84470748901367
3237,33.29649353027344
3238,36.57868576049805
3239,34.88451385498047
3240,35.65729522705078
3241,35.421417236328125
3242,53.77909469604492
3243,29.16114044189453
3244,36.02199172973633
3245,35.174522399902344
3246,34.13167190551758
3247,22.141681671142578
3248,42.59804916381836
3249,28.4202938079834
3250,38.228843688964844
3251,33.14970397949219
3252,50.230621337890625
3253,40.231502532958984
3254,41.818538665771484
3255,37.117305755615234
3256,28.225984573364258
3257,45.776634216308594
3258,31.89133071899414
3259,42.142948150634766
3260,39.10103988647461
3261,44.66941452026367
3262,37.916297912597656
3263,32.303993225097656
3264,33.206600189208984
3265,23.939973831176758
3266,43.84785079956055
3267,33.28556442260742
3268,36.57894515991211
3269,34.88220977783203
3270,35.64897155761719
3271,35.406341552734375
3272,53.769535064697266
3273,29.15427017211914
3274,36.02149200439453
3275,35.169281005859375
3276,34.13304901123047
3277,22.13948631286621
3278,42.59903335571289
3279,28.418537139892578
3280,38.223365783691406
3281,33.14493942260742
3282,50.228904724121094
3283,40.224185943603516
3284,41.81630325317383
3285,37.10667419433594
3286,28.22417449951172
3287,45.765689849853516
3288,31.886539459228516
3289,42.13128662109375
3290,39.096988677978516
3291,44.66154098510742
3292,37.9205322265625
3293,32.2925910949707
3294,33.1891975402832
3295,23.943511962890625
3296,43.85063552856445
3297,33.2752685546875
3298,36.57927322387695
3299,34.880035400390625
3300,35.6411247253418
3301,35.39213180541992
3302,53.76033401489258
3303,29.147794723510742
3304,36.02124786376953
3305,35.16445541381836
3306,34.13441467285156
3307,22.137434005737305
3308,42.60037612915039
3309,28.41708755493164
3310,38.2180061340332
3311,33.14055252075195
3312,50.22722625732422
3313,40.21709060668945
3314,41.814151763916016
3315,37.09678268432617
3316,28.222394943237305
3317,45.75558090209961
3318,31.881988525390625
3319,42.12008285522461
3320,39.09319305419922
3321,44.653812408447266
3322,37.924644470214844
3323,32.28181076049805
3324,33.172584533691406
3325,23.9468936920166
3326,43.852989196777344
3327,33.26559829711914
3328,36.57966232299805
3329,34.87782287597656
3330,35.633750915527344
3331,35.3786506652832
3332,53.75172805786133
3333,29.141679763793945
3334,36.02134323120117
3335,35.159908294677734
3336,34.13600158691406
3337,22.135478973388672
3338,42.6021614074707
3339,28.415964126586914
3340,38.212913513183594
3341,33.1366081237793
3342,50.22549057006836
3343,40.210201263427734
3344,41.81221389770508
3345,37.08736801147461
3346,28.22073745727539
3347,45.74618911743164
3348,31.877634048461914
3349,42.109317779541016
3350,39.089622497558594
3351,44.64641189575195
3352,37.9286994934082
3353,32.271644592285156
3354,33.156715393066406
3355,23.95039176940918
3356,43.85508346557617
3357,33.25651168823242
3358,36.58015823364258
3359,34.875709533691406
3360,35.62669372558594
3361,35.36572265625
3362,53.7436408996582
3363,29.135793685913086
3364,36.02174377441406
3365,35.155784606933594
3366,34.13753890991211
3367,22.133766174316406
3368,42.60420227050781
3369,28.415054321289062
3370,38.20807647705078
3371,33.132965087890625
3372,50.223602294921875
3373,40.20363235473633
3374,41.810340881347656
3375,37.07872009277344
3376,28.219234466552734
3377,45.7375373840332
3378,31.873489379882812
3379,42.099029541015625
3380,39.0863151550293
3381,44.639198303222656
3382,37.932579040527344
3383,32.2619514465332
3384,33.14155578613281
3385,23.95383071899414
3386,43.8568229675293
3387,33.2479362487793
3388,36.58072280883789
3389,34.87361145019531
3390,35.620025634765625
3391,35.35346221923828
3392,53.73603820800781
3393,29.13026237487793
3394,36.02248764038086
3395,35.15195846557617
3396,34.13910675048828
3397,22.13213539123535
3398,42.60661315917969
3399,28.414344787597656
3400,38.20334243774414
3401,33.12968063354492
3402,50.22172546386719
3403,40.19728088378906
3404,41.808658599853516
3405,37.0704231262207
3406,28.21776008605957
3407,45.72951126098633
3408,31.869470596313477
3409,42.08916091918945
3410,39.08313751220703
3411,44.63218688964844
3412,37.93645477294922
3413,32.252845764160156
3414,33.127017974853516
3415,23.957351684570312
3416,43.85835647583008
3417,33.239959716796875
3418,36.58124542236328
3419,34.8715934753418
3420,35.613563537597656
3421,35.34183120727539
3422,53.72895050048828
3423,29.125015258789062
3424,36.02358627319336
3425,35.14837646484375
3426,34.1406135559082
3427,22.13059425354004
3428,42.60919952392578
3429,28.413734436035156
3430,38.19884490966797
3431,33.126705169677734
3432,50.219749450683594
3433,40.1910514831543
3434,41.80708694458008
3435,37.06275177001953
3436,28.216415405273438
3437,45.722190856933594
3438,31.865684509277344
3439,42.07969284057617
3440,39.08026885986328
3441,44.62540054321289
3442,37.940242767333984
3443,32.244239807128906
3444,33.11310577392578
3445,23.960792541503906
3446,43.859458923339844
3447,33.23232650756836
3448,36.58185577392578
3449,34.8694953918457
3450,35.60749053955078
3451,35.33073806762695
3452,53.72231674194336
3453,29.12002182006836
3454,36.024940490722656
3455,35.14501190185547
3456,34.14213180541992
3457,22.12923812866211
3458,42.612083435058594
3459,28.41331672668457
3460,38.19455337524414
3461,33.12389373779297
3462,50.21769714355469
3463,40.18513107299805
3464,41.80572509765625
3465,37.0555305480957
3466,28.21503448486328
3467,45.71549987792969
3468,31.861995697021484
3469,42.07063293457031
3470,39.07756423950195
3471,44.61882781982422
3472,37.94391632080078
3473,32.236026763916016
3474,33.099876403808594
3475,23.9642333984375
3476,43.860382080078125
3477,33.22517395019531
3478,36.58244323730469
3479,34.86751174926758
3480,35.601558685302734
3481,35.320133209228516
3482,53.716060638427734
3483,29.115304946899414
3484,36.02659606933594
3485,35.14198684692383
3486,34.14369201660156
3487,22.12787628173828
3488,42.615203857421875
3489,28.41298484802246
3490,38.19037628173828
3491,33.12137985229492
3492,50.21549987792969
3493,40.17933654785156
3494,41.804405212402344
3495,37.04875183105469
3496,28.21379280090332
3497,45.709381103515625
3498,31.85848617553711
3499,42.06192398071289
3500,39.07499313354492
3501,44.612518310546875
3502,37.94752502441406
3503,32.22835922241211
3504,33.087181091308594
3505,23.967618942260742
3506,43.86088562011719
3507,33.21853256225586
3508,36.58300018310547
3509,34.86550521850586
3510,35.596004486083984
3511,35.3100471496582
3512,53.71015930175781
3513,29.11083221435547
3514,36.02848815917969
3515,35.13909912109375
3516,34.14518356323242
3517,22.126644134521484
3518,42.61853790283203
3519,28.412832260131836
3520,38.186309814453125
3521,33.11907196044922
3522,50.21330261230469
3523,40.17376708984375
3524,41.80323028564453
3525,37.04240417480469
3526,28.21250343322754
3527,45.70389938354492
3528,31.855045318603516
3529,42.053646087646484
3530,39.072509765625
3531,44.6063117980957
3532,37.95100784301758
3533,32.221099853515625
3534,33.075035095214844
3535,23.971040725708008
3536,43.86116409301758
3537,33.21227264404297
3538,36.583518981933594
3539,34.86346435546875
3540,35.59051513671875
3541,35.30043029785156
3542,53.704837799072266
3543,29.10659408569336
3544,36.03059005737305
3545,35.13650894165039
3546,34.1466178894043
3547,22.12551498413086
3548,42.62202072143555
3549,28.412717819213867
3550,38.18247985839844
3551,33.11716079711914
3552,50.21096420288086
3553,40.168304443359375
3554,41.80210494995117
3555,37.03644561767578
3556,28.211267471313477
3557,45.698890686035156
3558,31.85175895690918
3559,42.045658111572266
3560,39.07023620605469
3561,44.60050582885742
3562,37.954315185546875
3563,32.214271545410156
3564,33.06349563598633
3565,23.974380493164062
3566,43.86122512817383
3567,33.20650863647461
3568,36.5839729309082
3569,34.86152267456055
3570,35.58541488647461
3571,35.29139709472656
3572,53.699893951416016
3573,29.10263442993164
3574,36.03288650512695
3575,35.13417053222656
3576,34.14799499511719
3577,22.12449836730957
3578,42.62570571899414
3579,28.412700653076172
3580,38.178749084472656
3581,33.11540985107422
3582,50.20863342285156
3583,40.16300582885742
3584,41.801082611083984
3585,37.03091812133789
3586,28.21010971069336
3587,45.694419860839844
3588,31.8485164642334
3589,42.0379753112793
3590,39.06816482543945
3591,44.59477233886719
3592,37.957542419433594
3593,32.20777893066406
3594,33.05242156982422
3595,23.977575302124023
3596,43.86117935180664
3597,33.20109939575195
3598,36.584312438964844
3599,34.859642028808594
3600,35.58046340942383
3601,35.28273010253906
3602,53.69541931152344
3603,29.098957061767578
3604,36.03540802001953
3605,35.13191223144531
3606,34.1492919921875
3607,22.12356948852539
3608,42.62959671020508
3609,28.4127197265625
3610,38.17519760131836
3611,33.113895416259766
3612,50.20627212524414
3613,40.157859802246094
3614,41.80015182495117
3615,37.02574157714844
3616,28.208921432495117
3617,45.69052505493164
3618,31.84537124633789
3619,42.03058624267578
3620,39.06606674194336
3621,44.58929443359375
3622,37.96064376831055
3623,32.20168685913086
3624,33.04188537597656
3625,23.980791091918945
3626,43.86088943481445
3627,33.19603729248047
3628,36.584659576416016
3629,34.85771560668945
3630,35.575714111328125
3631,35.2744255065918
3632,53.69135284423828
3633,29.095434188842773
3634,36.03813934326172
3635,35.1298713684082
3636,34.15048599243164
3637,22.122716903686523
3638,42.63359451293945
3639,28.41282081604004
3640,38.17177200317383
3641,33.11258316040039
3642,50.20379638671875
3643,40.152801513671875
3644,41.79935836791992
3645,37.02085876464844
3646,28.20781135559082
3647,45.68699645996094
3648,31.84226417541504
3649,42.0235595703125
3650,39.0641975402832
3651,44.584102630615234
3652,37.96366882324219
3653,32.1959228515625
3654,33.031768798828125
3655,23.98389434814453
3656,43.860408782958984
3657,33.19136428833008
3658,36.58484649658203
3659,34.85578536987305
3660,35.571163177490234
3661,35.266536712646484
3662,53.68759536743164
3663,29.092187881469727
3664,36.04104232788086
3665,35.12799072265625
3666,34.15163803100586
3667,22.1219425201416
3668,42.63775634765625
3669,28.412931442260742
3670,38.1684684753418
3671,33.11148452758789
3672,50.20136642456055
3673,40.147926330566406
3674,41.7986946105957
3675,37.01628875732422
3676,28.206640243530273
3677,45.68402862548828
3678,31.839284896850586
3679,42.016780853271484
3680,39.062400817871094
3681,44.57920837402344
3682,37.966583251953125
3683,32.190452575683594
3684,33.02220916748047
3685,23.986980438232422
3686,43.8597297668457
3687,33.18700408935547
3688,36.58498001098633
3689,34.85398864746094
3690,35.56671905517578
3691,35.25898361206055
3692,53.68435287475586
3693,29.089122772216797
3694,36.044212341308594
3695,35.12626266479492
3696,34.152626037597656
3697,22.121187210083008
3698,42.642051696777344
3699,28.413066864013672
3700,38.165287017822266
3701,33.11058044433594
3702,50.19892883300781
3703,40.143218994140625
3704,41.798118591308594
3705,37.01200866699219
3706,28.205507278442383
3707,45.68144989013672
3708,31.83638572692871
3709,42.01018142700195
3710,39.0606803894043
3711,44.574485778808594
3712,37.96930694580078
3713,32.185272216796875
3714,33.012855529785156
3715,23.990005493164062
3716,43.85895919799805
3717,33.182960510253906
3718,36.58502197265625
3719,34.852169036865234
3720,35.562416076660156
3721,35.251869201660156
3722,53.68157196044922
3723,29.08629608154297
3724,36.047508239746094
3725,35.12464141845703
3726,34.153568267822266
3727,22.12045669555664
3728,42.646419525146484
3729,28.413209915161133
3730,38.16221618652344
3731,33.1097412109375
3732,50.19649887084961
3733,40.13850021362305
3734,41.79761505126953
3735,37.008060455322266
3736,28.2043399810791
3737,45.67925262451172
3738,31.833454132080078
3739,42.00395584106445
3740,39.05903625488281
3741,44.57014083862305
3742,37.972049713134766
3743,32.18048095703125
3744,33.00399398803711
3745,23.992910385131836
3746,43.85820007324219
3747,33.17917251586914
3748,36.5849723815918
3749,34.850486755371094
3750,35.55827713012695
3751,35.244895935058594
3752,53.679012298583984
3753,29.083635330200195
3754,36.050933837890625
3755,35.12321090698242
3756,34.154415130615234
3757,22.119853973388672
3758,42.6510009765625
3759,28.413328170776367
3760,38.15929412841797
3761,33.1092414855957
3762,50.19401931762695
3763,40.13401794433594
3764,41.79719161987305
3765,37.00433349609375
3766,28.203176498413086
3767,45.67747116088867
3768,31.830541610717773
3769,41.99789810180664
3770,39.05758285522461
3771,44.565914154052734
3772,37.974632263183594
3773,32.17584228515625
3774,32.995487213134766
3775,23.995805740356445
3776,43.85722351074219
3777,33.17572021484375
3778,36.58481216430664
3779,34.84870529174805
3780,35.554222106933594
3781,35.23830032348633
3782,53.6768913269043
3783,29.081186294555664
3784,36.05454635620117
3785,35.121822357177734
3786,34.15522003173828
3787,22.119264602661133
3788,42.655548095703125
3789,28.41350555419922
3790,38.15652084350586
3791,33.10871505737305
3792,50.19156265258789
3793,40.12959671020508
3794,41.79685974121094
3795,37.000789642333984
3796,28.202075958251953
3797,45.67601776123047
3798,31.827726364135742
3799,41.99201583862305
3800,39.0561408996582
3801,44.56192398071289
3802,37.97712707519531
3803,32.171512603759766
3804,32.9873046875
3805,23.998695373535156
3806,43.856136322021484
3807,33.172550201416016
3808,36.58454895019531
3809,34.846988677978516
3810,35.55031967163086
3811,35.23198318481445
3812,53.6751594543457
3813,29.078868865966797
3814,36.05826950073242
3815,35.12066650390625
3816,34.15582275390625
3817,22.11878204345703
3818,42.660179138183594
3819,28.41362762451172
3820,38.15386199951172
3821,33.108482360839844
3822,50.18910598754883
3823,40.125240325927734
3824,41.7967643737793
3825,36.997467041015625
3826,28.200868606567383
3827,45.674903869628906
3828,31.824949264526367
3829,41.986366271972656
3830,39.054786682128906
3831,44.558204650878906
3832,37.979591369628906
3833,32.16737747192383
3834,32.979488372802734
3835,24.00138282775879
3836,43.85500717163086
3837,33.16963577270508
3838,36.58417510986328
3839,34.845279693603516
3840,35.54655075073242
3841,35.22593307495117
3842,53.67374801635742
3843,29.07676124572754
3844,36.06211471557617
3845,35.119441986083984
3846,34.15644454956055
3847,22.118358612060547
3848,42.66497802734375
3849,28.413827896118164
3850,38.15127182006836
3851,33.10828399658203
3852,50.186668395996094
3853,40.1209831237793
3854,41.796573638916016
3855,36.99433898925781
3856,28.199748992919922
3857,45.67409133911133
3858,31.82219886779785
3859,41.98102951049805
3860,39.053558349609375
3861,44.55463790893555
3862,37.98194122314453
3863,32.16352462768555
3864,32.97200393676758
3865,24.00416374206543
3866,43.85383987426758
3867,33.16691970825195
3868,36.58378601074219
3869,34.84362030029297
3870,35.54283905029297
3871,35.220184326171875
3872,53.672611236572266
3873,29.074758529663086
3874,36.066165924072266
3875,35.11845779418945
3876,34.15685272216797
3877,22.117918014526367
3878,42.66971969604492
3879,28.413875579833984
3880,38.148868560791016
3881,33.1082649230957
3882,50.184242248535156
3883,40.1168212890625
3884,41.79656219482422
3885,36.991477966308594
3886,28.198585510253906
3887,45.67375564575195
3888,31.81926155090332
3889,41.97580337524414
3890,39.05229949951172
3891,44.55149459838867
3892,37.98404312133789
3893,32.1599006652832
3894,32.96479797363281
3895,24.006637573242188
3896,43.85251998901367
3897,33.16447830200195
3898,36.58316421508789
3899,34.8419303894043
3900,35.53920364379883
3901,35.214603424072266
3902,53.67190933227539
3903,29.07300567626953
3904,36.0701789855957
3905,35.11748123168945
3906,34.15721893310547
3907,22.117706298828125
3908,42.67462921142578
3909,28.413951873779297
3910,38.14646911621094
3911,33.10834884643555
3912,50.181732177734375
3913,40.11268615722656
3914,41.79652404785156
3915,36.98876953125
3916,28.197328567504883
3917,45.67377853393555
3918,31.81643295288086
3919,41.9708366394043
3920,39.05107116699219
3921,44.54862976074219
3922,37.98604202270508
3923,32.15645217895508
3924,32.95798873901367
3925,24.009021759033203
3926,43.8512077331543
3927,33.162296295166016
3928,36.58225631713867
3929,34.840370178222656
3930,35.535579681396484
3931,35.20919418334961
3932,53.67155075073242
3933,29.071378707885742
3934,36.07447052001953
3935,35.11665344238281
3936,34.157318115234375
3937,22.117412567138672
3938,42.67955780029297
3939,28.413862228393555
3940,38.14420700073242
3941,33.10866165161133
3942,50.179298400878906
3943,40.1086540222168
3944,41.796653747558594
3945,36.98611831665039
3946,28.19600486755371
3947,45.67393493652344
3948,31.813528060913086
3949,41.96587371826172
3950,39.04985809326172
3951,44.545982360839844
3952,37.987892150878906
3953,32.15315246582031
3954,32.95138168334961
3955,24.011394500732422
3956,43.84981918334961
3957,33.160160064697266
3958,36.581214904785156
3959,34.83881378173828
3960,35.532066345214844
3961,35.203983306884766
3962,53.67151641845703
3963,29.07005500793457
3964,36.078773498535156
3965,35.115726470947266
3966,34.157352447509766
3967,22.11724281311035
3968,42.684513092041016
3969,28.41377830505371
3970,38.14201354980469
3971,33.10902404785156
3972,50.17670440673828
3973,40.10460662841797
3974,41.79685974121094
3975,36.98366165161133
3976,28.194711685180664
3977,45.67449951171875
3978,31.810571670532227
3979,41.961116790771484
3980,39.048683166503906
3981,44.543556213378906
3982,37.98970413208008
3983,32.150062561035156
3984,32.94500732421875
3985,24.013622283935547
3986,43.84831237792969
3987,33.15840530395508
3988,36.579986572265625
3989,34.83729553222656
3990,35.528480529785156
3991,35.19892120361328
3992,53.67184066772461
3993,29.068811416625977
3994,36.083187103271484
3995,35.11488342285156
3996,34.15707015991211
3997,22.117115020751953
3998,42.689517974853516
3999,28.41350746154785
4000,38.139862060546875
4001,33.109527587890625
4002,50.17414474487305
4003,40.100589752197266
4004,41.79710006713867
4005,36.981292724609375
4006,28.19333839416504
4007,45.675350189208984
4008,31.8076171875
4009,41.95650863647461
4010,39.047550201416016
4011,44.54132080078125
4012,37.99143600463867
4013,32.147220611572266
4014,32.93894958496094
4015,24.015758514404297
4016,43.846824645996094
4017,33.156646728515625
4018,36.57868576049805
4019,34.8356819152832
4020,35.52503204345703
4021,35.194034576416016
4022,53.67243957519531
4023,29.067676544189453
4024,36.08770751953125
4025,35.11418151855469
4026,34.15673828125
4027,22.117033004760742
4028,42.69440841674805
4029,28.413209915161133
4030,38.13784408569336
4031,33.11000061035156
4032,50.171531677246094
4033,40.09659957885742
4034,41.797420501708984
4035,36.979087829589844
4036,28.191953659057617
4037,45.67631149291992
4038,31.804624557495117
4039,41.95206069946289
4040,39.046478271484375
4041,44.53937530517578
4042,37.993064880371094
4043,32.144412994384766
4044,32.93300247192383
4045,24.017887115478516
4046,43.845298767089844
4047,33.15515899658203
4048,36.577186584472656
4049,34.8342170715332
4050,35.521514892578125
4051,35.1893310546875
4052,53.67327117919922
4053,29.066564559936523
4054,36.09236145019531
4055,35.113426208496094
4056,34.15632629394531
4057,22.116947174072266
4058,42.699310302734375
4059,28.412803649902344
4060,38.13591384887695
4061,33.110572814941406
4062,50.168968200683594
4063,40.09272003173828
4064,41.79780578613281
4065,36.976905822753906
4066,28.190547943115234
4067,45.677520751953125
4068,31.801727294921875
4069,41.94773864746094
4070,39.04544448852539
4071,44.5375862121582
4072,37.99468994140625
4073,32.141807556152344
4074,32.92732620239258
4075,24.01988410949707
4076,43.84364318847656
4077,33.15373611450195
4078,36.57560348510742
4079,34.83266830444336
4080,35.518062591552734
4081,35.184814453125
4082,53.67438507080078
4083,29.0656795501709
4084,36.097076416015625
4085,35.11268615722656
4086,34.155723571777344
4087,22.11695098876953
4088,42.70432662963867
4089,28.412395477294922
4090,38.13404846191406
4091,33.11128234863281
4092,50.166378021240234
4093,40.088871002197266
4094,41.798274993896484
4095,36.97482681274414
4096,28.189128875732422
4097,45.67889404296875
4098,31.798770904541016
4099,41.94353485107422
4100,39.04450225830078
4101,44.535888671875
4102,37.99622344970703
4103,32.13938903808594
4104,32.92185974121094
4105,24.021934509277344
4106,43.842018127441406
4107,33.15247344970703
4108,36.57387924194336
4109,34.831180572509766
4110,35.514617919921875
4111,35.180423736572266
4112,53.67555618286133
4113,29.06488609313965
4114,36.101837158203125
4115,35.1120491027832
4116,34.15501403808594
4117,22.116931915283203
4118,42.70923614501953
4119,28.411909103393555
4120,38.13227081298828
4121,33.11198806762695
4122,50.16375732421875
4123,40.085113525390625
4124,41.79871368408203
4125,36.97289276123047
4126,28.187719345092773
4127,45.68033981323242
4128,31.79581642150879
4129,41.93946838378906
4130,39.043460845947266
4131,44.53434371948242
4132,37.99774169921875
4133,32.13700866699219
4134,32.91664505004883
4135,24.0238037109375
4136,43.84034729003906
4137,33.151363372802734
4138,36.57206344604492
4139,34.82970428466797
4140,35.51127624511719
4141,35.176204681396484
4142,53.67711639404297
4143,29.06409454345703
4144,36.10667037963867
4145,35.11138153076172
4146,34.1541748046875
4147,22.11687469482422
4148,42.714149475097656
4149,28.411304473876953
4150,38.13059616088867
4151,33.11273956298828
4152,50.16122817993164
4153,40.08137512207031
4154,41.7991943359375
4155,36.97100067138672
4156,28.186233520507812
4157,45.682106018066406
4158,31.79288101196289
4159,41.93549346923828
4160,39.042572021484375
4161,44.53296661376953
4162,37.99917984008789
4163,32.13490676879883
4164,32.911556243896484
4165,24.025697708129883
4166,43.83855056762695
4167,33.150390625
4168,36.57028579711914
4169,34.828250885009766
4170,35.5079231262207
4171,35.17211151123047
4172,53.6788330078125
4173,29.063480377197266
4174,36.11144256591797
4175,35.11083221435547
4176,34.15335464477539
4177,22.116857528686523
4178,42.71910858154297
4179,28.4107666015625
4180,38.12893295288086
4181,33.113548278808594
4182,50.15866470336914
4183,40.07769012451172
4184,41.79976272583008
4185,36.96925354003906
4186,28.18478775024414
4187,45.68393325805664
4188,31.789995193481445
4189,41.9316520690918
4190,39.04169845581055
4191,44.53178787231445
4192,38.00050735473633
4193,32.132835388183594
4194,32.906734466552734
4195,24.027446746826172
4196,43.83681869506836
4197,33.14958953857422
4198,36.5683479309082
4199,34.8267822265625
4200,35.504615783691406
4201,35.168052673339844
4202,53.68049621582031
4203,29.063156127929688
4204,36.11627197265625
4205,35.1103401184082
4206,34.15256881713867
4207,22.11715316772461
4208,42.72394561767578
4209,28.410083770751953
4210,38.127376556396484
4211,33.114501953125
4212,50.15592956542969
4213,40.07404708862305
4214,41.80031204223633
4215,36.9674072265625
4216,28.183307647705078
4217,45.685707092285156
4218,31.787160873413086
4219,41.927791595458984
4220,39.04083251953125
4221,44.530731201171875
4222,38.00201416015625
4223,32.13087844848633
4224,32.90192794799805
4225,24.02924919128418
4226,43.83517837524414
4227,33.14875793457031
4228,36.56622314453125
4229,34.825435638427734
4230,35.501251220703125
4231,35.164119720458984
4232,53.68263626098633
4233,29.06283187866211
4234,36.12125015258789
4235,35.109703063964844
4236,34.15153121948242
4237,22.117517471313477
4238,42.728790283203125
4239,28.409343719482422
4240,38.1259880065918
4241,33.11540985107422
4242,50.15332794189453
4243,40.070343017578125
4244,41.80101013183594
4245,36.96561813354492
4246,28.181747436523438
4247,45.68764114379883
4248,31.784231185913086
4249,41.92404556274414
4250,39.040069580078125
4251,44.529911041259766
4252,38.00341796875
4253,32.12900924682617
4254,32.89724349975586
4255,24.03091812133789
4256,43.833675384521484
4257,33.1480598449707
4258,36.56399917602539
4259,34.82414627075195
4260,35.49790954589844
4261,35.160179138183594
4262,53.68508529663086
4263,29.062524795532227
4264,36.12618637084961
4265,35.109134674072266
4266,34.15034103393555
4267,22.11775016784668
4268,42.7336311340332
4269,28.40845489501953
4270,38.124664306640625
4271,33.11643600463867
4272,50.15077209472656
4273,40.06670379638672
4274,41.8017692565918
4275,36.96382141113281
4276,28.180278778076172
4277,45.689666748046875
4278,31.781339645385742
4279,41.92039489746094
4280,39.039371490478516
4281,44.5294075012207
4282,38.004756927490234
4283,32.12722396850586
4284,32.892616271972656
4285,24.03254508972168
4286,43.832340240478516
4287,33.14742660522461
4288,36.561641693115234
4289,34.82292175292969
4290,35.494468688964844
4291,35.156349182128906
4292,53.68777084350586
4293,29.06237030029297
4294,36.13132095336914
4295,35.10855484008789
4296,34.148895263671875
4297,22.118093490600586
4298,42.738365173339844
4299,28.407373428344727
4300,38.12343215942383
4301,33.11747360229492
4302,50.1484260559082
4303,40.06303787231445
4304,41.80260467529297
4305,36.9620361328125
4306,28.178619384765625
4307,45.691932678222656
4308,31.77838134765625
4309,41.91680908203125
4310,39.038475036621094
4311,44.52909851074219
4312,38.006126403808594
4313,32.12556838989258
4314,32.888221740722656
4315,24.034168243408203
4316,43.83097839355469
4317,33.146995544433594
4318,36.55909729003906
4319,34.82174301147461
4320,35.49110794067383
4321,35.15260696411133
4322,53.690635681152344
4323,29.062299728393555
4324,36.13637161254883
4325,35.10797119140625
4326,34.14738464355469
4327,22.11836051940918
4328,42.74310302734375
4329,28.4062442779541
4330,38.1223030090332
4331,33.1185188293457
4332,50.14613723754883
4333,40.05942916870117
4334,41.803504943847656
4335,36.960296630859375
4336,28.177064895629883
4337,45.69416809082031
4338,31.7753963470459
4339,41.91329574584961
4340,39.03778839111328
4341,44.52901077270508
4342,38.00748825073242
4343,32.123939514160156
4344,32.88385772705078
4345,24.03559684753418
4346,43.82972717285156
4347,33.1465950012207
4348,36.556495666503906
4349,34.82066345214844
4350,35.487735748291016
4351,35.14887619018555
4352,53.693702697753906
4353,29.062301635742188
4354,36.141475677490234
4355,35.10734558105469
4356,34.145751953125
4357,22.118751525878906
4358,42.74775314331055
4359,28.40500259399414
4360,38.12118911743164
4361,33.11966323852539
4362,50.14387512207031
4363,40.05598068237305
4364,41.80452346801758
4365,36.95854949951172
4366,28.17544937133789
4367,45.69654846191406
4368,31.77240562438965
4369,41.90992736816406
4370,39.03707504272461
4371,44.52906799316406
4372,38.0087776184082
4373,32.12245559692383
4374,32.879676818847656
4375,24.037113189697266
4376,43.828575134277344
4377,33.14616775512695
4378,36.55379867553711
4379,34.819602966308594
4380,35.484375
4381,35.145267486572266
4382,53.697052001953125
4383,29.062400817871094
4384,36.14665603637695
4385,35.10676193237305
4386,34.144020080566406
4387,22.11910057067871
4388,42.75230026245117
4389,28.403785705566406
4390,38.120243072509766
4391,33.120784759521484
4392,50.14174270629883
4393,40.05247497558594
4394,41.805519104003906
4395,36.9569091796875
4396,28.17391014099121
4397,45.699012756347656
4398,31.769380569458008
4399,41.906551361083984
4400,39.03639221191406
4401,44.529335021972656
4402,38.010032653808594
4403,32.12098693847656
4404,32.87554931640625
4405,24.03856086730957
4406,43.82748794555664
4407,33.14592742919922
4408,36.55113220214844
4409,34.81857681274414
4410,35.480995178222656
4411,35.1417236328125
4412,53.70051193237305
4413,29.0625057220459
4414,36.151790618896484
4415,35.10617446899414
4416,34.142208099365234
4417,22.119461059570312
4418,42.75687026977539
4419,28.4024600982666
4420,38.11925506591797
4421,33.12192916870117
4422,50.139678955078125
4423,40.04904556274414
4424,41.80663299560547
4425,36.95518493652344
4426,28.172231674194336
4427,45.7015266418457
4428,31.76642608642578
4429,41.90338134765625
4430,39.03569412231445
4431,44.52969741821289
4432,38.01133728027344
4433,32.119693756103516
4434,32.87150955200195
4435,24.03997230529785
4436,43.82643127441406
4437,33.14567947387695
4438,36.54834747314453
4439,34.817630767822266
4440,35.47768020629883
4441,35.13828659057617
4442,53.70403289794922
4443,29.062742233276367
4444,36.15692138671875
4445,35.10564422607422
4446,34.14033889770508
4447,22.119882583618164
4448,42.76133346557617
4449,28.40094757080078
4450,38.11848831176758
4451,33.12307357788086
4452,50.137657165527344
4453,40.04567337036133
4454,41.80768585205078
4455,36.953495025634766
4456,28.17061424255371
4457,45.70404815673828
4458,31.763439178466797
4459,41.90016555786133
4460,39.03509521484375
4461,44.53020477294922
4462,38.01253128051758
4463,32.11835861206055
4464,32.867733001708984
4465,24.04133415222168
4466,43.82538604736328
4467,33.14552307128906
4468,36.54555892944336
4469,34.816673278808594
4470,35.47441864013672
4471,35.13490676879883
4472,53.707759857177734
4473,29.06295394897461
4474,36.16209030151367
4475,35.10505294799805
4476,34.13840103149414
4477,22.120288848876953
4478,42.76576232910156
4479,28.399612426757812
4480,38.11761474609375
4481,33.12425231933594
4482,50.135684967041016
4483,40.0423583984375
4484,41.80885696411133
4485,36.951900482177734
4486,28.169017791748047
4487,45.70667266845703
4488,31.760543823242188
4489,41.897064208984375
4490,39.03448486328125
4491,44.53081512451172
4492,38.013755798339844
4493,32.117164611816406
4494,32.86393356323242
4495,24.04265594482422
4496,43.82442855834961
4497,33.145423889160156
4498,36.542694091796875
4499,34.815757751464844
4500,35.47119140625
4501,35.131595611572266
4502,53.71151351928711
4503,29.063268661499023
4504,36.167179107666016
4505,35.10440444946289
4506,34.13645553588867
4507,22.1207218170166
4508,42.7701301574707
4509,28.398151397705078
4510,38.11684799194336
4511,33.125423431396484
4512,50.133750915527344
4513,40.03913116455078
4514,41.81001663208008
4515,36.95034408569336
4516,28.167417526245117
4517,45.709293365478516
4518,31.757570266723633
4519,41.894100189208984
4520,39.03388595581055
4521,44.53155517578125
4522,38.014892578125
4523,32.115997314453125
4524,32.86030578613281
4525,24.043926239013672
4526,43.82347869873047
4527,33.14540100097656
4528,36.539886474609375
4529,34.814849853515625
4530,35.46790313720703
4531,35.1284065246582
4532,53.7152099609375
4533,29.063526153564453
4534,36.17227554321289
4535,35.103919982910156
4536,34.134586334228516
4537,22.121164321899414
4538,42.774410247802734
4539,28.39670181274414
4540,38.11616134643555
4541,33.12653732299805
4542,50.13178253173828
4543,40.03592300415039
4544,41.81123352050781
4545,36.94871520996094
4546,28.165849685668945
4547,45.71184539794922
4548,31.754730224609375
4549,41.89124298095703
4550,39.03337097167969
4551,44.53236389160156
4552,38.01605987548828
4553,32.11494827270508
4554,32.856727600097656
4555,24.045333862304688
4556,43.822357177734375
4557,33.14521408081055
4558,36.53742599487305
4559,34.813926696777344
4560,35.46455764770508
4561,35.125144958496094
4562,53.71809768676758
4563,29.064170837402344
4564,36.17704772949219
4565,35.10354995727539
4566,34.133323669433594
4567,22.12197494506836
4568,42.77861785888672
4569,28.395408630371094
4570,38.115699768066406
4571,33.12754821777344
4572,50.12944793701172
4573,40.032779693603516
4574,41.81232452392578
4575,36.9471321105957
4576,28.164329528808594
4577,45.71420669555664
4578,31.752037048339844
4579,41.88865280151367
4580,39.03303527832031
4581,44.53303527832031
4582,38.017295837402344
4583,32.11402893066406
4584,32.85328674316406
4585,24.046829223632812
4586,43.82111740112305
4587,33.145050048828125
4588,36.53519821166992
4589,34.81287384033203
4590,35.4613037109375
4591,35.12199783325195
4592,53.72060012817383
4593,29.064693450927734
4594,36.181880950927734
4595,35.1031379699707
4596,34.13237380981445
4597,22.122652053833008
4598,42.782798767089844
4599,28.39423179626465
4600,38.11531066894531
4601,33.12830352783203
4602,50.12702178955078
4603,40.029788970947266
4604,41.81352996826172
4605,36.94556427001953
4606,28.162952423095703
4607,45.71651077270508
4608,31.749597549438477
4609,41.88624954223633
4610,39.03277587890625
4611,44.53373718261719
4612,38.01848602294922
4613,32.11308670043945
4614,32.84995651245117
4615,24.04835319519043
4616,43.81983947753906
4617,33.14487075805664
4618,36.53326416015625
4619,34.811710357666016
4620,35.45803451538086
4621,35.119041442871094
4622,53.7228889465332
4623,29.064970016479492
4624,36.186580657958984
4625,35.10285949707031
4626,34.13163375854492
4627,22.123374938964844
4628,42.786895751953125
4629,28.393095016479492
4630,38.114994049072266
4631,33.128963470458984
4632,50.12451934814453
4633,40.02686309814453
4634,41.814720153808594
4635,36.94405746459961
4636,28.161521911621094
4637,45.718685150146484
4638,31.747222900390625
4639,41.884063720703125
4640,39.03262710571289
4641,44.53422546386719
4642,38.01972579956055
4643,32.11236572265625
4644,32.846710205078125
4645,24.0499267578125
4646,43.81829071044922
4647,33.144622802734375
4648,36.53148651123047
4649,34.810585021972656
4650,35.4549446105957
4651,35.11624526977539
4652,53.72507858276367
4653,29.06534194946289
4654,36.19123077392578
4655,35.1025276184082
4656,34.1309700012207
4657,22.123985290527344
4658,42.790958404541016
4659,28.392044067382812
4660,38.114627838134766
4661,33.12968826293945
4662,50.122005462646484
4663,40.02403259277344
4664,41.81590270996094
4665,36.942596435546875
4666,28.160289764404297
4667,45.72092056274414
4668,31.74489974975586
4669,41.88199996948242
4670,39.03247833251953
4671,44.53469467163086
4672,38.020877838134766
4673,32.11154556274414
4674,32.84357833862305
4675,24.051483154296875
4676,43.81672286987305
4677,33.14442825317383
4678,36.529815673828125
4679,34.80925750732422
4680,35.45193862915039
4681,35.113525390625
4682,53.72715759277344
4683,29.06564712524414
4684,36.19580841064453
4685,35.10232925415039
4686,34.13045120239258
4687,22.124629974365234
4688,42.79496765136719
4689,28.391136169433594
4690,38.1142578125
4691,33.130252838134766
4692,50.11958694458008
4693,40.02128219604492
4694,41.817081451416016
4695,36.941314697265625
4696,28.158952713012695
4697,45.723106384277344
4698,31.74264907836914
4699,41.880035400390625
4700,39.0324821472168
4701,44.535152435302734
4702,38.022098541259766
4703,32.11094665527344
4704,32.84053039550781
4705,24.053010940551758
4706,43.815189361572266
4707,33.14432907104492
4708,36.52821350097656
4709,34.80803680419922
4710,35.448997497558594
4711,35.110897064208984
4712,53.729087829589844
4713,29.06590461730957
4714,36.20030975341797
4715,35.10211944580078
4716,34.129966735839844
4717,22.125198364257812
4718,42.79896545410156
4719,28.390216827392578
4720,38.11394119262695
4721,33.13092041015625
4722,50.117034912109375
4723,40.0186882019043
4724,41.818206787109375
4725,36.939979553222656
4726,28.15770149230957
4727,45.72535705566406
4728,31.740501403808594
4729,41.878013610839844
4730,39.03229522705078
4731,44.53550338745117
4732,38.02320861816406
4733,32.110260009765625
4734,32.837642669677734
4735,24.054540634155273
4736,43.81361389160156
4737,33.144195556640625
4738,36.52661895751953
4739,34.806732177734375
4740,35.44614028930664
4741,35.10838317871094
4742,53.73109817504883
4743,29.066301345825195
4744,36.20484924316406
4745,35.10202407836914
4746,34.129573822021484
4747,22.12578582763672
4748,42.80296325683594
4749,28.389328002929688
4750,38.11363220214844
4751,33.13151168823242
4752,50.114559173583984
4753,40.016029357910156
4754,41.8193244934082
4755,36.93878173828125
4756,28.156455993652344
4757,45.727596282958984
4758,31.738332748413086
4759,41.87613296508789
4760,39.03223419189453
4761,44.5358772277832
4762,38.02432632446289
4763,32.10964584350586
4764,32.834869384765625
4765,24.05609893798828
4766,43.811893463134766
4767,33.144134521484375
4768,36.52508544921875
4769,34.805484771728516
4770,35.443363189697266
4771,35.105960845947266
4772,53.73305892944336
4773,29.066606521606445
4774,36.209266662597656
4775,35.10188674926758
4776,34.12913513183594
4777,22.12635612487793
4778,42.806949615478516
4779,28.388484954833984
4780,38.113380432128906
4781,33.13212966918945
4782,50.11203384399414
4783,40.01344680786133
4784,41.82042694091797
4785,36.9376220703125
4786,28.155275344848633
4787,45.729801177978516
4788,31.736312866210938
4789,41.87437057495117
4790,39.032161712646484
4791,44.53629684448242
4792,38.02538299560547
4793,32.10917663574219
4794,32.83217239379883
4795,24.057607650756836
4796,43.810157775878906
4797,33.14421463012695
4798,36.52359390258789
4799,34.80419921875
4800,35.440635681152344
4801,35.10359191894531
4802,53.73496627807617
4803,29.066925048828125
4804,36.2137451171875
4805,35.101776123046875
4806,34.128700256347656
4807,22.12690544128418
4808,42.810768127441406
4809,28.387697219848633
4810,38.113155364990234
4811,33.1328239440918
4812,50.10965347290039
4813,40.01095199584961
4814,41.82149124145508
4815,36.93655776977539
4816,28.15401840209961
4817,45.73203659057617
4818,31.734283447265625
4819,41.87253952026367
4820,39.03221893310547
4821,44.53668975830078
4822,38.026432037353516
4823,32.10868835449219
4824,32.82947540283203
4825,24.059040069580078
4826,43.808433532714844
4827,33.14420700073242
4828,36.522151947021484
4829,34.80295181274414
4830,35.437931060791016
4831,35.10131072998047
4832,53.73686218261719
4833,29.067241668701172
4834,36.218013763427734
4835,35.10172653198242
4836,34.128360748291016
4837,22.12745475769043
4838,42.814605712890625
4839,28.386892318725586
4840,38.11290740966797
4841,33.133480072021484
4842,50.10718536376953
4843,40.008548736572266
4844,41.822601318359375
4845,36.9354362487793
4846,28.15285873413086
4847,45.73436737060547
4848,31.732227325439453
4849,41.8708381652832
4850,39.03216552734375
4851,44.53712844848633
4852,38.027488708496094
4853,32.108177185058594
4854,32.82691955566406
4855,24.060592651367188
4856,43.806766510009766
4857,33.144290924072266
4858,36.520713806152344
4859,34.80169677734375
4860,35.43533706665039
4861,35.0991325378418
4862,53.73876190185547
4863,29.067598342895508
4864,36.222354888916016
4865,35.1016731262207
4866,34.12797927856445
4867,22.127933502197266
4868,42.81850814819336
4869,28.386157989501953
4870,38.11261749267578
4871,33.13409423828125
4872,50.10485076904297
4873,40.006107330322266
4874,41.8237190246582
4875,36.934486389160156
4876,28.151687622070312
4877,45.73655319213867
4878,31.730327606201172
4879,41.869205474853516
4880,39.03215026855469
4881,44.53753662109375
4882,38.02846145629883
4883,32.10776901245117
4884,32.824378967285156
4885,24.061912536621094
4886,43.80501174926758
4887,33.14435958862305
4888,36.51924514770508
4889,34.80051803588867
4890,35.432777404785156
4891,35.09700012207031
4892,53.740718841552734
4893,29.06797218322754
4894,36.22673034667969
4895,35.101646423339844
4896,34.127586364746094
4897,22.128488540649414
4898,42.822269439697266
4899,28.385408401489258
4900,38.112342834472656
4901,33.134803771972656
4902,50.10244369506836
4903,40.003753662109375
4904,41.824825286865234
4905,36.93345642089844
4906,28.15056037902832
4907,45.738868713378906
4908,31.728347778320312
4909,41.86764907836914
4910,39.03211212158203
4911,44.53791427612305
4912,38.0294189453125
4913,32.10733413696289
4914,32.821983337402344
4915,24.06340980529785
4916,43.8033447265625
4917,33.14447784423828
4918,36.517791748046875
4919,34.7991943359375
4920,35.43024826049805
4921,35.094886779785156
4922,53.74276351928711
4923,29.06837272644043
4924,36.230960845947266
4925,35.1015625
4926,34.12721252441406
4927,22.12900733947754
4928,42.826072692871094
4929,28.384624481201172
4930,38.1121826171875
4931,33.13544845581055
4932,50.10007858276367
4933,40.00136947631836
4934,41.82589340209961
4935,36.93241882324219
4936,28.14937973022461
4937,45.741085052490234
4938,31.72639274597168
4939,41.865966796875
4940,39.032161712646484
4941,44.53838348388672
4942,38.03049087524414
4943,32.106990814208984
4944,32.81953811645508
4945,24.064788818359375
4946,43.80170822143555
4947,33.14461898803711
4948,36.51637268066406
4949,34.79798126220703
4950,35.4277229309082
4951,35.092830657958984
4952,53.744789123535156
4953,29.068696975708008
4954,36.23527145385742
4955,35.10148239135742
4956,34.1268196105957
4957,22.12957191467285
4958,42.82981491088867
4959,28.383893966674805
4960,38.11196517944336
4961,33.13613510131836
4962,50.09782409667969
4963,39.99911880493164
4964,41.826969146728516
4965,36.93148422241211
4966,28.148250579833984
4967,45.743324279785156
4968,31.724483489990234
4969,41.86433792114258
4970,39.032196044921875
4971,44.53892135620117
4972,38.03141784667969
4973,32.10659408569336
4974,32.817169189453125
4975,24.066213607788086
4976,43.80010223388672
4977,33.14482116699219
4978,36.51491165161133
4979,34.79680633544922
4980,35.425270080566406
4981,35.090789794921875
4982,53.746849060058594
4983,29.069067001342773
4984,36.239566802978516
4985,35.10144805908203
4986,34.12630844116211
4987,22.130054473876953
4988,42.833526611328125
4989,28.383129119873047
4990,38.11186599731445
4991,33.13685607910156
4992,50.09565353393555
4993,39.99677658081055
4994,41.8280143737793
4995,36.93054962158203
4996,28.147201538085938
4997,45.74560546875
4998,31.722627639770508
4999,41.86283493041992
5000,39.0322265625
5001,44.53944778442383
5002,38.03237533569336
5003,32.106300354003906
5004,32.814823150634766
5005,24.0675048828125
5006,43.79847717285156
5007,33.14499282836914
5008,36.513519287109375
5009,34.79564666748047
5010,35.422855377197266
5011,35.08877944946289
5012,53.7489013671875
5013,29.069448471069336
5014,36.24376678466797
5015,35.1014289855957
5016,34.12596130371094
5017,22.13057518005371
5018,42.837223052978516
5019,28.38234519958496
5020,38.11172103881836
5021,33.13747787475586
5022,50.093379974365234
5023,39.99451446533203
5024,41.8291130065918
5025,36.929656982421875
5026,28.146038055419922
5027,45.74786376953125
5028,31.720788955688477
5029,41.86132049560547
5030,39.032257080078125
5031,44.539974212646484
5032,38.03330993652344
5033,32.105979919433594
5034,32.81258010864258
5035,24.06890869140625
5036,43.796878814697266
5037,33.145225524902344
5038,36.512088775634766
5039,34.79450988769531
5040,35.42049789428711
5041,35.086875915527344
5042,53.750999450683594
5043,29.069854736328125
5044,36.2480354309082
5045,35.10148620605469
5046,34.12552261352539
5047,22.13106918334961
5048,42.84086227416992
5049,28.38166618347168
5050,38.11150360107422
5051,33.13828659057617
5052,50.0911979675293
5053,39.99230194091797
5054,41.830169677734375
5055,36.928794860839844
5056,28.144933700561523
5057,45.750125885009766
5058,31.719030380249023
5059,41.85981750488281
5060,39.03226089477539
5061,44.54048156738281
5062,38.034263610839844
5063,32.105716705322266
5064,32.81037139892578
5065,24.070310592651367
5066,43.79534149169922
5067,33.14545822143555
5068,36.510746002197266
5069,34.79340362548828
5070,35.418190002441406
5071,35.08498001098633
5072,53.753089904785156
5073,29.070316314697266
5074,36.252235412597656
5075,35.10152053833008
5076,34.12516784667969
5077,22.13161849975586
5078,42.84455490112305
5079,28.38096046447754
5080,38.111419677734375
5081,33.13901138305664
5082,50.08910369873047
5083,39.9901237487793
5084,41.83121871948242
5085,36.9279899597168
5086,28.143823623657227
5087,45.752342224121094
5088,31.71727180480957
5089,41.858375549316406
5090,39.0323371887207
5091,44.54100036621094
5092,38.03517150878906
5093,32.10540771484375
5094,32.8082160949707
5095,24.071643829345703
5096,43.79383850097656
5097,33.145816802978516
5098,36.5093879699707
5099,34.79233169555664
5100,35.41588592529297
5101,35.08312225341797
5102,53.755226135253906
5103,29.07066535949707
5104,36.25631332397461
5105,35.10154724121094
5106,34.12478256225586
5107,22.13214874267578
5108,42.84815979003906
5109,28.38028335571289
5110,38.11134338378906
5111,33.13982009887695
5112,50.08697509765625
5113,39.988037109375
5114,41.83230972290039
5115,36.9271240234375
5116,28.142860412597656
5117,45.75452423095703
5118,31.71550178527832
5119,41.85696029663086
5120,39.032386779785156
5121,44.541629791259766
5122,38.03608703613281
5123,32.10520935058594
5124,32.806087493896484
5125,24.07298469543457
5126,43.7923583984375
5127,33.14603042602539
5128,36.50796890258789
5129,34.79128646850586
5130,35.41362380981445
5131,35.08142852783203
5132,53.757347106933594
5133,29.071096420288086
5134,36.2603759765625
5135,35.101654052734375
5136,34.12442398071289
5137,22.132659912109375
5138,42.85173797607422
5139,28.379674911499023
5140,38.1112174987793
5141,33.14058303833008
5142,50.08501052856445
5143,39.9859733581543
5144,41.83335494995117
5145,36.92634201049805
5146,28.141721725463867
5147,45.75668716430664
5148,31.71384048461914
5149,41.85555648803711
5150,39.03253173828125
5151,44.54218292236328
5152,38.037025451660156
5153,32.10499572753906
5154,32.80399703979492
5155,24.074386596679688
5156,43.790916442871094
5157,33.1464729309082
5158,36.506744384765625
5159,34.79023361206055
5160,35.411434173583984
5161,35.079689025878906
5162,53.759498596191406
5163,29.071550369262695
5164,36.26445388793945
5165,35.10166931152344
5166,34.124114990234375
5167,22.13323402404785
5168,42.85531234741211
5169,28.37897491455078
5170,38.11117935180664
5171,33.14132308959961
5172,50.083099365234375
5173,39.98392868041992
5174,41.83446502685547
5175,36.925567626953125
5176,28.140783309936523
5177,45.75896453857422
5178,31.712215423583984
5179,41.85416793823242
5180,39.03262710571289
5181,44.5428352355957
5182,38.03799057006836
5183,32.10488510131836
5184,32.8018913269043
5185,24.075708389282227
5186,43.78947448730469
5187,33.14680099487305
5188,36.505409240722656
5189,34.789241790771484
5190,35.409244537353516
5191,35.077964782714844
5192,53.76167678833008
5193,29.071996688842773
5194,36.26856231689453
5195,35.101707458496094
5196,34.12380599975586
5197,22.133726119995117
5198,42.85884094238281
5199,28.378406524658203
5200,38.11116409301758
5201,33.14213943481445
5202,50.08110046386719
5203,39.98191452026367
5204,41.83552169799805
5205,36.92481994628906
5206,28.139760971069336
5207,45.761112213134766
5208,31.71058464050293
5209,41.8529052734375
5210,39.0327033996582
5211,44.54343032836914
5212,38.03889465332031
5213,32.10466003417969
5214,32.79994583129883
5215,24.076980590820312
5216,43.78809356689453
5217,33.14712905883789
5218,36.50417709350586
5219,34.78817367553711
5220,35.40714645385742
5221,35.07638931274414
5222,53.763893127441406
5223,29.072309494018555
5224,36.27253723144531
5225,35.10178756713867
5226,34.12351989746094
5227,22.13422203063965
5228,42.862308502197266
5229,28.37774658203125
5230,38.11116027832031
5231,33.1428337097168
5232,50.07927703857422
5233,39.97998809814453
5234,41.8365478515625
5235,36.92412567138672
5236,28.138797760009766
5237,45.76336669921875
5238,31.70900535583496
5239,41.85161209106445
5240,39.03288269042969
5241,44.54404830932617
5242,38.03984069824219
5243,32.10453414916992
5244,32.79804229736328
5245,24.078365325927734
5246,43.786842346191406
5247,33.14750289916992
5248,36.50294876098633
5249,34.78721618652344
5250,35.40510177612305
5251,35.074710845947266
5252,53.76606750488281
5253,29.07276153564453
5254,36.27658462524414
5255,35.101890563964844
5256,34.123172760009766
5257,22.134700775146484
5258,42.86577606201172
5259,28.377208709716797
5260,38.11117172241211
5261,33.14364242553711
5262,50.07737350463867
5263,39.97805404663086
5264,41.83767318725586
5265,36.92338562011719
5266,28.137842178344727
5267,45.765472412109375
5268,31.70746421813965
5269,41.85036849975586
5270,39.033077239990234
5271,44.54472732543945
5272,38.04077911376953
5273,32.10441970825195
5274,32.79608917236328
5275,24.079710006713867
5276,43.7854118347168
5277,33.14794158935547
5278,36.50177764892578
5279,34.7862663269043
5280,35.403072357177734
5281,35.073177337646484
5282,53.76826477050781
5283,29.073144912719727
5284,36.28058624267578
5285,35.101959228515625
5286,34.12290573120117
5287,22.135196685791016
5288,42.86919021606445
5289,28.376625061035156
5290,38.11125564575195
5291,33.144386291503906
5292,50.07564163208008
5293,39.97618103027344
5294,41.83882141113281
5295,36.92276382446289
5296,28.13685417175293
5297,45.76762390136719
5298,31.70595359802246
5299,41.8492317199707
5300,39.03318786621094
5301,44.545387268066406
5302,38.0417366027832
5303,32.10429763793945
5304,32.79420852661133
5305,24.08103370666504
5306,43.78410339355469
5307,33.14838409423828
5308,36.5006217956543
5309,34.78525924682617
5310,35.40104675292969
5311,35.07170867919922
5312,53.77043914794922
5313,29.073556900024414
5314,36.2845344543457
5315,35.102073669433594
5316,34.122676849365234
5317,22.135650634765625
5318,42.87259292602539
5319,28.37605094909668
5320,38.111289978027344
5321,33.14509963989258
5322,50.073856353759766
5323,39.974308013916016
5324,41.839874267578125
5325,36.92205047607422
5326,28.13594627380371
5327,45.76984786987305
5328,31.704387664794922
5329,41.84804153442383
5330,39.03343963623047
5331,44.54608154296875
5332,38.04261016845703
5333,32.10423278808594
5334,32.79240036010742
5335,24.08237075805664
5336,43.78285217285156
5337,33.14881896972656
5338,36.499481201171875
5339,34.78428268432617
5340,35.39912414550781
5341,35.070255279541016
5342,53.772621154785156
5343,29.073957443237305
5344,36.288455963134766
5345,35.10220718383789
5346,34.12245178222656
5347,22.136152267456055
5348,42.875972747802734
5349,28.375446319580078
5350,38.111392974853516
5351,33.14586639404297
5352,50.072105407714844
5353,39.972476959228516
5354,41.84091567993164
5355,36.92146682739258
5356,28.13503646850586
5357,45.77192687988281
5358,31.7029972076416
5359,41.84695053100586
5360,39.03360366821289
5361,44.54672622680664
5362,38.0435905456543
5363,32.10424041748047
5364,32.79059982299805
5365,24.083744049072266
5366,43.781585693359375
5367,33.14927673339844
5368,36.498409271240234
5369,34.7833251953125
5370,35.39724349975586
5371,35.06884002685547
5372,53.774803161621094
5373,29.074289321899414
5374,36.29240036010742
5375,35.10232925415039
5376,34.12224197387695
5377,22.136600494384766
5378,42.8792839050293
5379,28.374977111816406
5380,38.11149215698242
5381,33.146568298339844
5382,50.070430755615234
5383,39.97074890136719
5384,41.84206771850586
5385,36.920799255371094
5386,28.13420867919922
5387,45.77404022216797
5388,31.70160675048828
5389,41.84589385986328
5390,39.03386306762695
5391,44.547386169433594
5392,38.044551849365234
5393,32.10419464111328
5394,32.788909912109375
5395,24.08504295349121
5396,43.78028106689453
5397,33.14976501464844
5398,36.49739456176758
5399,34.78242492675781
5400,35.39537048339844
5401,35.06748580932617
5402,53.776981353759766
5403,29.07467269897461
5404,36.29627227783203
5405,35.10250473022461
5406,34.12202453613281
5407,22.137088775634766
5408,42.882606506347656
5409,28.374460220336914
5410,38.11162185668945
5411,33.147342681884766
5412,50.068702697753906
5413,39.96907424926758
5414,41.843177795410156
5415,36.92025375366211
5416,28.133325576782227
5417,45.7761344909668
5418,31.700286865234375
5419,41.84490966796875
5420,39.03409957885742
5421,44.5481071472168
5422,38.04546356201172
5423,32.104251861572266
5424,32.787174224853516
5425,24.086313247680664
5426,43.77895736694336
5427,33.15024948120117
5428,36.49641418457031
5429,34.781497955322266
5430,35.39358901977539
5431,35.066165924072266
5432,53.77910614013672
5433,29.075048446655273
5434,36.300132751464844
5435,35.10271072387695
5436,34.121883392333984
5437,22.13753890991211
5438,42.8858757019043
5439,28.37395668029785
5440,38.111820220947266
5441,33.14802169799805
5442,50.067039489746094
5443,39.9673957824707
5444,41.84419631958008
5445,36.91966247558594
5446,28.132457733154297
5447,45.77818298339844
5448,31.69890022277832
5449,41.84386444091797
5450,39.03435516357422
5451,44.54872512817383
5452,38.04638671875
5453,32.104244232177734
5454,32.78555679321289
5455,24.0876522064209
5456,43.77766036987305
5457,33.150733947753906
5458,36.49541091918945
5459,34.78052520751953
5460,35.391815185546875
5461,35.06482696533203
5462,53.781192779541016
5463,29.07541847229004
5464,36.30386734008789
5465,35.1029052734375
5466,34.12184143066406
5467,22.137968063354492
5468,42.889129638671875
5469,28.37348175048828
5470,38.11191177368164
5471,33.14873504638672
5472,50.06538391113281
5473,39.96573257446289
5474,41.845367431640625
5475,36.919212341308594
5476,28.13157081604004
5477,45.780242919921875
5478,31.697650909423828
5479,41.84294128417969
5480,39.03458786010742
5481,44.549339294433594
5482,38.047332763671875
5483,32.10429000854492
5484,32.78395462036133
5485,24.0889892578125
5486,43.7763786315918
5487,33.151241302490234
5488,36.4945068359375
5489,34.779624938964844
5490,35.39002990722656
5491,35.0636100769043
5492,53.78330612182617
5493,29.0757999420166
5494,36.3076171875
5495,35.10304260253906
5496,34.121707916259766
5497,22.13844871520996
5498,42.89231491088867
5499,28.37308120727539
5500,38.1120491027832
5501,33.14949417114258
5502,50.063751220703125
5503,39.964111328125
5504,41.84634017944336
5505,36.918697357177734
5506,28.130834579467773
5507,45.78233337402344
5508,31.696409225463867
5509,41.84202194213867
5510,39.03488540649414
5511,44.5499153137207
5512,38.04815673828125
5513,32.104427337646484
5514,32.782386779785156
5515,24.09026527404785
5516,43.7751350402832
5517,33.15178680419922
5518,36.493526458740234
5519,34.778751373291016
5520,35.38828659057617
5521,35.06244659423828
5522,53.7852668762207
5523,29.076190948486328
5524,36.31129455566406
5525,35.10331726074219
5526,34.12158203125
5527,22.138864517211914
5528,42.89549255371094
5529,28.37261390686035
5530,38.11219024658203
5531,33.150184631347656
5532,50.06221008300781
5533,39.962501525878906
5534,41.84742736816406
5535,36.91825866699219
5536,28.130001068115234
5537,45.784400939941406
5538,31.695165634155273
5539,41.84111022949219
5540,39.03517150878906
5541,44.55063247680664
5542,38.04911804199219
5543,32.104530334472656
5544,32.780887603759766
5545,24.091556549072266
5546,43.77383804321289
5547,33.15232849121094
5548,36.492713928222656
5549,34.77779769897461
5550,35.386653900146484
