iteration,loss
1,833.2630004882812
2,912.50341796875
3,802.201904296875
4,802.50830078125
5,790.8334350585938
6,908.2152709960938
7,678.3831787109375
8,745.65478515625
9,776.662109375
10,897.0581665039062
11,540.838623046875
12,795.527587890625
13,816.7860717773438
14,685.7924194335938
15,676.3630981445312
16,642.4901123046875
17,646.2434692382812
18,637.1163330078125
19,676.2697143554688
20,654.7868041992188
21,620.4288330078125
22,621.3253173828125
23,487.0489196777344
24,683.8023681640625
25,509.9737548828125
26,555.1024169921875
27,572.3468017578125
28,596.0719604492188
29,499.82415771484375
30,450.6652526855469
31,607.9410400390625
32,680.4736328125
33,603.7318115234375
34,609.0194702148438
35,575.0662841796875
36,659.1160888671875
37,479.171630859375
38,519.461181640625
39,546.757568359375
40,584.6600952148438
41,359.31500244140625
42,516.3052978515625
43,539.245361328125
44,434.61199951171875
45,416.2493591308594
46,396.9337158203125
47,368.12066650390625
48,351.425048828125
49,393.23736572265625
50,363.54034423828125
51,346.1578369140625
52,342.84063720703125
53,268.88995361328125
54,337.99859619140625
55,242.07774353027344
56,269.1832580566406
57,270.8074645996094
58,263.942138671875
59,251.37582397460938
60,208.63720703125
61,251.36383056640625
62,237.92324829101562
63,232.8365936279297
64,266.77972412109375
65,199.46603393554688
66,254.58700561523438
67,161.62457275390625
68,165.20816040039062
69,232.16830444335938
70,122.31693267822266
71,121.79989624023438
72,127.49323272705078
73,169.89141845703125
74,140.76048278808594
75,124.75454711914062
76,122.29946899414062
77,89.10175323486328
78,114.18890380859375
79,125.20364379882812
80,84.60076141357422
81,97.61135864257812
82,162.16539001464844
83,182.01329040527344
84,80.32913970947266
85,117.46673583984375
86,117.33294677734375
87,82.83998107910156
88,61.57205581665039
89,117.80644989013672
90,105.11625671386719
91,80.41293334960938
92,62.87236022949219
93,98.13644409179688
94,133.16427612304688
95,90.31391143798828
96,138.42550659179688
97,80.5395736694336
98,73.7199935913086
99,133.60479736328125
100,43.3337516784668
101,62.91320037841797
102,62.0882568359375
103,86.18008422851562
104,77.0079345703125
105,56.27752685546875
106,67.2086410522461
107,45.815181732177734
108,57.40679168701172
109,70.88865661621094
110,48.04740524291992
111,63.63330078125
112,76.93811798095703
113,71.8974838256836
114,57.08988952636719
115,55.1782341003418
116,52.85437774658203
117,52.03092956542969
118,43.83610534667969
119,66.6943588256836
120,47.710914611816406
121,50.19302749633789
122,39.48162078857422
123,53.94948959350586
124,72.87752532958984
125,49.25971221923828
126,64.37480926513672
127,44.690311431884766
128,39.54982376098633
129,53.34043884277344
130,35.79914093017578
131,37.8499641418457
132,44.674259185791016
133,58.88545227050781
134,47.79378890991211
135,28.163957595825195
136,47.86589813232422
137,30.253265380859375
138,35.36199951171875
139,47.60226821899414
140,39.798221588134766
141,57.45519256591797
142,49.00082778930664
143,33.54074478149414
144,56.47190856933594
145,40.29507827758789
146,39.656837463378906
147,47.97901916503906
148,46.05167770385742
149,55.813873291015625
150,32.76504898071289
151,48.13231658935547
152,39.8025016784668
153,50.48940658569336
154,64.71814727783203
155,44.245086669921875
156,57.91364288330078
157,37.94606018066406
158,36.914581298828125
159,41.51917266845703
160,41.294212341308594
161,37.54835891723633
162,43.17713928222656
163,55.71837615966797
164,47.246795654296875
165,29.887744903564453
166,46.89558029174805
167,30.38370132446289
168,34.81011962890625
169,46.90314865112305
170,40.3591194152832
171,57.97820281982422
172,47.97880172729492
173,32.11185836791992
174,58.11835479736328
175,39.458404541015625
176,39.872379302978516
177,46.98130416870117
178,45.44746780395508
179,55.33831024169922
180,32.122894287109375
181,46.85015869140625
182,39.11260223388672
183,48.67798614501953
184,62.74526596069336
185,43.176212310791016
186,56.026023864746094
187,37.26873779296875
188,35.68520736694336
189,41.69331741333008
190,40.810123443603516
191,37.10696792602539
192,41.94679260253906
193,54.80368423461914
194,46.89780044555664
195,28.068374633789062
196,46.0281982421875
197,29.380857467651367
198,34.17304992675781
199,47.1270866394043
200,39.71410369873047
201,56.691959381103516
202,47.32848358154297
203,32.13227462768555
204,55.34870147705078
205,39.140838623046875
206,39.0250129699707
207,46.35614776611328
208,44.4432373046875
209,54.97178268432617
210,31.406478881835938
211,45.672454833984375
212,38.90785217285156
213,47.853538513183594
214,61.93400955200195
215,42.75798034667969
216,56.17742919921875
217,35.97467041015625
218,35.31774139404297
219,40.99933624267578
220,39.88820266723633
221,36.278656005859375
222,40.55318832397461
223,53.698890686035156
224,46.63801193237305
225,26.9655704498291
226,45.474769592285156
227,28.82021713256836
228,33.74586486816406
229,47.21110916137695
230,39.703487396240234
231,55.692405700683594
232,46.495121002197266
233,31.81087303161621
234,53.63643264770508
235,38.863887786865234
236,38.587547302246094
237,45.87071990966797
238,43.97493362426758
239,54.529075622558594
240,30.4039363861084
241,44.823883056640625
242,38.85691452026367
243,47.2303352355957
244,61.130210876464844
245,42.43659210205078
246,56.43790817260742
247,34.71135330200195
248,34.94837951660156
249,40.55099105834961
250,39.41941452026367
251,35.67911148071289
252,39.242347717285156
253,52.63754653930664
254,46.568965911865234
255,26.084178924560547
256,44.96415710449219
257,28.290884017944336
258,33.39651870727539
259,47.49586486816406
260,39.70421600341797
261,54.73493194580078
262,45.748435974121094
263,31.70862579345703
264,52.0136604309082
265,38.62672424316406
266,38.22801208496094
267,45.400142669677734
268,43.482200622558594
269,54.15238952636719
270,29.528594970703125
271,43.992591857910156
272,38.86384201049805
273,46.627159118652344
274,60.37477493286133
275,42.21067428588867
276,56.748504638671875
277,33.599979400634766
278,34.661067962646484
279,40.224098205566406
280,39.02511978149414
281,35.16752243041992
282,38.088104248046875
283,51.71662139892578
284,46.543121337890625
285,25.27596092224121
286,44.59495544433594
287,27.838544845581055
288,33.14698791503906
289,47.92137908935547
290,39.79057693481445
291,53.951961517333984
292,45.07655334472656
293,31.67057228088379
294,50.61529541015625
295,38.4401741027832
296,37.94308853149414
297,45.016212463378906
298,43.0708122253418
299,53.83647537231445
300,28.783790588378906
301,43.27650833129883
302,38.92620849609375
303,46.10429763793945
304,59.6953010559082
305,42.06020736694336
306,57.046810150146484
307,32.68925094604492
308,34.43608856201172
309,40.01036834716797
310,38.65242385864258
311,34.74928283691406
312,37.12526321411133
313,50.9650764465332
314,46.52867889404297
315,24.59885025024414
316,44.306514739990234
317,27.459125518798828
318,32.95558547973633
319,48.27888107299805
320,39.832027435302734
321,53.28642654418945
322,44.501861572265625
323,31.687652587890625
324,49.46134567260742
325,38.26551818847656
326,37.72216796875
327,44.647586822509766
328,42.69597244262695
329,53.55220031738281
330,28.192214965820312
331,42.66801834106445
332,38.94174575805664
333,45.65760040283203
334,59.09461975097656
335,41.94388198852539
336,57.248695373535156
337,31.995136260986328
338,34.23686599731445
339,39.85310745239258
340,38.35685729980469
341,34.42792892456055
342,36.35857009887695
343,50.35296630859375
344,46.48822021484375
345,24.07320785522461
346,44.06632614135742
347,27.145998001098633
348,32.8001823425293
349,48.50154495239258
350,39.82061004638672
351,52.71783447265625
352,44.00267791748047
353,31.705453872680664
354,48.53817367553711
355,38.10445785522461
356,37.53113555908203
357,44.31786346435547
358,42.38287353515625
359,53.279788970947266
360,27.726119995117188
361,42.183109283447266
362,38.89603042602539
363,45.31339645385742
364,58.60902404785156
365,41.831275939941406
366,57.35226821899414
367,31.479110717773438
368,34.059322357177734
369,39.658958435058594
370,38.07972717285156
371,34.161556243896484
372,35.76176071166992
373,49.84782028198242
374,46.389984130859375
375,23.70134925842285
376,43.85696029663086
377,26.908300399780273
378,32.66145706176758
379,48.53372573852539
380,39.76755142211914
381,52.21182632446289
382,43.578487396240234
383,31.703636169433594
384,47.79944610595703
385,37.97715759277344
386,37.34511947631836
387,44.0540771484375
388,42.12086868286133
389,53.0311393737793
390,27.391986846923828
391,41.79574203491211
392,38.78752136230469
393,45.043678283691406
394,58.23400115966797
395,41.70762252807617
396,57.36549377441406
397,31.11783790588379
398,33.901084899902344
399,39.485774993896484
400,37.78773498535156
401,33.94733810424805
402,35.305484771728516
403,49.44266891479492
404,46.26605987548828
405,23.43702507019043
406,43.64952850341797
407,26.712800979614258
408,32.527137756347656
409,48.453250885009766
410,39.653526306152344
411,51.7826042175293
412,43.2303352355957
413,31.68764877319336
414,47.231544494628906
415,37.85999298095703
416,37.17734909057617
417,43.81935119628906
418,41.889102935791016
419,52.802188873291016
420,27.148916244506836
421,41.48027420043945
422,38.655818939208984
423,44.80875015258789
424,57.89481735229492
425,41.57197570800781
426,57.282135009765625
427,30.86078643798828
428,33.74525833129883
429,39.31633758544922
430,37.55051040649414
431,33.77833938598633
432,34.951053619384766
433,49.10068130493164
434,46.12240982055664
435,23.230937957763672
436,43.4624137878418
437,26.547334671020508
438,32.40625762939453
439,48.34210205078125
440,39.52511978149414
441,51.43572235107422
442,42.93000030517578
443,31.642126083374023
444,46.814701080322266
445,37.74827575683594
446,37.02827072143555
447,43.61082077026367
448,41.690635681152344
449,52.58566665649414
450,26.960254669189453
451,41.21827697753906
452,38.52494430541992
453,44.59263610839844
454,57.56585693359375
455,41.429405212402344
456,57.14088439941406
457,30.663545608520508
458,33.59202575683594
459,39.152687072753906
460,37.34832000732422
461,33.63559341430664
462,34.652610778808594
463,48.7950325012207
464,45.967342376708984
465,23.059280395507812
466,43.2894287109375
467,26.402000427246094
468,32.2945671081543
469,48.209930419921875
470,39.38930130004883
471,51.13114547729492
472,42.663352966308594
473,31.58577537536621
474,46.48518753051758
475,37.644256591796875
476,36.894493103027344
477,43.41752624511719
478,41.51066207885742
479,52.37690734863281
480,26.80493927001953
481,40.989749908447266
482,38.39198303222656
483,44.39030838012695
484,57.246192932128906
485,41.283531188964844
486,56.97038269042969
487,30.502647399902344
488,33.442142486572266
489,39.00061798095703
490,37.16625213623047
491,33.51007080078125
492,34.38668441772461
493,48.51150894165039
494,45.80662536621094
495,22.91107940673828
496,43.12433624267578
497,26.27037239074707
498,32.1888427734375
499,48.06013870239258
500,39.24869155883789
501,50.84913635253906
502,42.421775817871094
503,31.525548934936523
504,46.21156692504883
505,37.548370361328125
506,36.773193359375
507,43.23670959472656
508,41.34563446044922
509,52.174564361572266
510,26.671953201293945
511,40.787837982177734
512,38.25804901123047
513,44.201133728027344
514,56.93680191040039
515,41.13648986816406
516,56.782501220703125
517,30.367055892944336
518,33.29621124267578
519,38.85960388183594
520,37.002479553222656
521,33.39909362792969
522,34.145320892333984
523,48.24459457397461
524,45.6451301574707
525,22.780710220336914
526,42.96696090698242
527,26.149492263793945
528,32.0887565612793
529,47.90558624267578
530,39.10957336425781
531,50.58815002441406
532,42.19898223876953
533,31.460926055908203
534,45.98429870605469
535,37.45805358886719
536,36.663780212402344
537,43.066627502441406
538,41.19501495361328
539,51.978492736816406
540,26.553424835205078
541,40.606685638427734
542,38.12932586669922
543,44.02104568481445
544,56.63280487060547
545,40.99131393432617
546,56.586238861083984
547,30.247224807739258
548,33.15517044067383
549,38.725765228271484
550,36.85205841064453
551,33.29724884033203
552,33.919837951660156
553,47.99010467529297
554,45.484901428222656
555,22.661664962768555
556,42.8172721862793
557,26.03754234313965
558,31.9935302734375
559,47.74821472167969
560,38.973018646240234
561,50.33897018432617
562,41.991050720214844
563,31.397537231445312
564,45.78179168701172
565,37.374176025390625
566,36.56290054321289
567,42.90574264526367
568,41.05349349975586
569,51.78959274291992
570,26.446964263916016
571,40.439414978027344
572,38.00379180908203
573,43.8489990234375
574,56.337528228759766
575,40.84935760498047
576,56.388729095458984
577,30.139148712158203
578,33.01966857910156
579,38.599727630615234
580,36.71483612060547
581,33.20465087890625
582,33.70893478393555
583,47.745506286621094
584,45.32841873168945
585,22.55439567565918
586,42.67434310913086
587,25.93368911743164
588,31.902578353881836
589,47.5929069519043
590,38.843563079833984
591,50.104705810546875
592,41.79263687133789
593,31.329586029052734
594,45.60954284667969
595,37.29275131225586
596,36.4707145690918
597,42.754154205322266
598,40.926788330078125
599,51.605857849121094
600,26.34531021118164
601,40.287410736083984
602,37.88667297363281
603,43.68471908569336
604,56.04698944091797
605,40.71154022216797
606,56.190853118896484
607,30.037975311279297
608,32.88892364501953
609,38.47648239135742
610,36.58982849121094
611,33.118309020996094
612,33.508628845214844
613,47.509376525878906
614,45.17691421508789
615,22.454378128051758
616,42.5380744934082
617,25.836149215698242
618,31.81559181213379
619,47.44223403930664
620,38.71955108642578
621,49.880367279052734
622,41.60271072387695
623,31.262754440307617
624,45.451087951660156
625,37.21427536010742
626,36.38451385498047
627,42.60909652709961
628,40.80693435668945
629,51.42906951904297
630,26.250505447387695
631,40.14286422729492
632,37.774505615234375
633,43.5252571105957
634,55.763336181640625
635,40.57850646972656
636,55.99720764160156
637,29.94265365600586
638,32.76428985595703
639,38.35891342163086
640,36.466827392578125
641,33.03573989868164
642,33.31610870361328
643,47.282161712646484
644,45.03055953979492
645,22.358827590942383
646,42.4076042175293
647,25.7440185546875
648,31.731891632080078
649,47.29413986206055
650,38.5989990234375
651,49.662689208984375
652,41.42091369628906
653,31.19881820678711
654,45.300350189208984
655,37.1394157409668
656,36.30314636230469
657,42.47025680541992
658,40.69225311279297
659,51.25948715209961
660,26.16277503967285
661,40.00498962402344
662,37.66645812988281
663,43.37089157104492
664,55.487430572509766
665,40.450225830078125
666,55.80802536010742
667,29.85291290283203
668,32.64564895629883
669,38.24691390991211
670,36.34623718261719
671,32.95703887939453
672,33.131446838378906
673,47.06353759765625
674,44.88968276977539
675,22.26803207397461
676,42.28287124633789
677,25.657411575317383
678,31.651466369628906
679,47.14948654174805
680,38.482906341552734
681,49.452510833740234
682,41.247154235839844
683,31.137277603149414
684,45.158260345458984
685,37.06826400756836
686,36.22688293457031
687,42.33846664428711
688,40.58391571044922
689,51.097476959228516
690,26.081361770629883
691,39.87448501586914
692,37.564395904541016
693,43.22189712524414
694,55.21921920776367
695,40.32731628417969
696,55.62407302856445
697,29.76799964904785
698,32.533443450927734
699,38.139095306396484
700,36.22936248779297
701,32.8819694519043
702,32.955162048339844
703,46.85429000854492
704,44.755062103271484
705,22.18202018737793
706,42.16473388671875
707,25.577199935913086
708,31.574443817138672
709,47.00774383544922
710,38.371803283691406
711,49.25026321411133
712,41.08182907104492
713,31.077251434326172
714,45.026100158691406
715,37.00020980834961
716,36.155521392822266
717,42.214027404785156
718,40.482852935791016
719,50.94316482543945
720,26.006349563598633
721,39.75236892700195
722,37.46580505371094
723,43.07988357543945
724,54.961814880371094
725,40.20947265625
726,55.44425964355469
727,29.689743041992188
728,32.42737579345703
729,38.036869049072266
730,36.116844177246094
731,32.81184768676758
732,32.78889465332031
733,46.6554069519043
734,44.626953125
735,22.10086441040039
736,42.05271530151367
737,25.502338409423828
738,31.500699996948242
739,46.87076950073242
740,38.26496887207031
741,49.057373046875
742,40.924381256103516
743,31.018436431884766
744,44.9034423828125
745,36.93464660644531
746,36.08865737915039
747,42.095977783203125
748,40.38805389404297
749,50.79631805419922
750,25.93737030029297
751,39.636783599853516
752,37.37284469604492
753,42.94234848022461
754,54.711334228515625
755,40.09675216674805
756,55.26897430419922
757,29.616296768188477
758,32.327674865722656
759,37.93755340576172
760,36.00259780883789
761,32.74269485473633
762,32.62910842895508
763,46.4664306640625
764,44.5041618347168
765,22.021251678466797
766,41.94715118408203
767,25.43257713317871
768,31.43024444580078
769,46.735694885253906
770,38.16080856323242
771,48.8682975769043
772,40.77492904663086
773,30.96547508239746
774,44.77903366088867
775,36.87325668334961
776,36.02504348754883
777,41.98308563232422
778,40.295265197753906
779,50.65771484375
780,25.8752384185791
781,39.52479553222656
782,37.28218078613281
783,42.810123443603516
784,54.47208023071289
785,39.98952865600586
786,55.10131072998047
787,29.547834396362305
788,32.2346305847168
789,37.8442497253418
790,35.88743591308594
791,32.67630386352539
792,32.47709655761719
793,46.28754806518555
794,44.3878288269043
795,21.944799423217773
796,41.847373962402344
797,25.367597579956055
798,31.362979888916016
799,46.60492706298828
800,38.060462951660156
801,48.686580657958984
802,40.63267135620117
803,30.915285110473633
804,44.65897750854492
805,36.81511306762695
806,35.96494674682617
807,41.87686538696289
808,40.207794189453125
809,50.526798248291016
810,25.81868553161621
811,39.41893768310547
812,37.19679641723633
813,42.6837043762207
814,54.242305755615234
815,39.887630462646484
816,54.939842224121094
817,29.483476638793945
818,32.1474723815918
819,37.754913330078125
820,35.776432037353516
821,32.61342239379883
822,32.33271026611328
823,46.117332458496094
824,44.27787780761719
825,21.87221908569336
826,41.753360748291016
827,25.307228088378906
828,31.299219131469727
829,46.47954177856445
830,37.96475601196289
831,48.51237487792969
832,40.49754333496094
833,30.8680419921875
834,44.5440788269043
835,36.75989532470703
836,35.908966064453125
837,41.77620315551758
838,40.125030517578125
839,50.40305709838867
840,25.767044067382812
841,39.31814956665039
842,37.11598587036133
843,42.562477111816406
844,54.02122497558594
845,39.790958404541016
846,54.78593063354492
847,29.422489166259766
848,32.066219329833984
849,37.670169830322266
850,35.667232513427734
851,32.55300521850586
852,32.19468307495117
853,45.95552062988281
854,44.17378234863281
855,21.802881240844727
856,41.66468811035156
857,25.25139617919922
858,31.238712310791016
859,46.35752868652344
860,37.8731803894043
861,48.344207763671875
862,40.36937713623047
863,30.823894500732422
864,44.43315124511719
865,36.708290100097656
866,35.85667037963867
867,41.68187713623047
868,40.04761505126953
869,50.28636932373047
870,25.72030258178711
871,39.22359085083008
872,37.03993225097656
873,42.4473762512207
874,53.81016540527344
875,39.699302673339844
876,54.63823318481445
877,29.365665435791016
878,31.990510940551758
879,37.5897216796875
880,35.56265640258789
881,32.49647521972656
882,32.06470489501953
883,45.80241012573242
884,44.07625961303711
885,21.737884521484375
886,41.581295013427734
887,25.20024871826172
888,31.181385040283203
889,46.24067306518555
890,37.78654861450195
891,48.184566497802734
892,40.24790573120117
893,30.78073501586914
894,44.33002471923828
895,36.65911865234375
896,35.80816650390625
897,41.59453201293945
898,39.977012634277344
899,50.17719650268555
900,25.67840576171875
901,39.13560485839844
902,36.97035217285156
903,42.33734893798828
904,53.60683059692383
905,39.61283874511719
906,54.49524688720703
907,29.31243896484375
908,31.920400619506836
909,37.51130294799805
910,35.46112823486328
911,32.442359924316406
912,31.94228172302246
913,45.65846252441406
914,43.9849967956543
915,21.67572021484375
916,41.503780364990234
917,25.153837203979492
918,31.12702751159668
919,46.12794876098633
920,37.70339584350586
921,48.031314849853516
922,40.13380813598633
923,30.7404727935791
924,44.22984313964844
925,36.612937927246094
926,35.762794494628906
927,41.512359619140625
928,39.90930938720703
929,50.07566452026367
930,25.6424560546875
931,39.05083465576172
932,36.90253829956055
933,42.23115539550781
934,53.41292190551758
935,39.53095245361328
936,54.3587760925293
937,29.263290405273438
938,31.856494903564453
939,37.43879699707031
940,35.35667037963867
941,32.38991165161133
942,31.826053619384766
943,45.52365493774414
944,43.89946365356445
945,21.615591049194336
946,41.430580139160156
947,25.11155891418457
948,31.07498550415039
949,46.01741409301758
950,37.62269592285156
951,47.8836669921875
952,40.02665710449219
953,30.70194435119629
954,44.135318756103516
955,36.56914520263672
956,35.72090530395508
957,41.43511962890625
958,39.845916748046875
959,49.980491638183594
960,25.611400604248047
961,38.971012115478516
962,36.837528228759766
963,42.129276275634766
964,53.2265510559082
965,39.452964782714844
966,54.22589874267578
967,29.21796417236328
968,31.797426223754883
969,37.36943435668945
970,35.25423812866211
971,32.34004592895508
972,31.716737747192383
973,45.39680480957031
974,43.81865310668945
975,21.557804107666016
976,41.362613677978516
977,25.07332420349121
978,31.02518653869629
979,45.91025161743164
980,37.54408264160156
981,47.74295425415039
982,39.925880432128906
983,30.664278030395508
984,44.04509735107422
985,36.52752685546875
986,35.680904388427734
987,41.36233901977539
988,39.784488677978516
989,49.891658782958984
990,25.58704948425293
991,38.893829345703125
992,36.77495193481445
993,42.02931594848633
994,53.045616149902344
995,39.378150939941406
996,54.09463119506836
997,29.177047729492188
998,31.7431640625
999,37.301212310791016
1000,35.14944839477539
1001,32.290897369384766
1002,31.61415672302246
1003,45.27885055541992
1004,43.74099349975586
1005,21.50211524963379
1006,41.29948806762695
1007,25.039623260498047
1008,30.977487564086914
1009,45.80140686035156
1010,37.4658203125
1011,47.60902404785156
1012,39.831722259521484
1013,30.6265926361084
1014,43.95973205566406
1015,36.48768615722656
1016,35.641536712646484
1017,41.294288635253906
1018,39.72499465942383
1019,49.80982971191406
1020,25.571609497070312
1021,38.82025146484375
1022,36.71165084838867
1023,41.93333435058594
1024,52.874534606933594
1025,39.30590057373047
1026,53.96229553222656
1027,29.14472198486328
1028,31.692874908447266
1029,37.23719024658203
1030,35.047340393066406
1031,32.24616622924805
1032,31.522356033325195
1033,45.170475006103516
1034,43.667724609375
1035,21.452171325683594
1036,41.239933013916016
1037,25.010042190551758
1038,30.931861877441406
1039,45.691795349121094
1040,37.386436462402344
1041,47.48067855834961
1042,39.74443054199219
1043,30.591503143310547
1044,43.87260055541992
1045,36.449302673339844
1046,35.601741790771484
1047,41.22810745239258
1048,39.661651611328125
1049,49.73652267456055
1050,25.56668472290039
1051,38.74445343017578
1052,36.64584732055664
1053,41.83780288696289
1054,52.71251678466797
1055,39.2369384765625
1056,53.83184051513672
1057,29.119304656982422
1058,31.648134231567383
1059,37.17631149291992
1060,34.937461853027344
1061,32.20132827758789
1062,31.439029693603516
1063,45.07345962524414
1064,43.59685516357422
1065,21.399423599243164
1066,41.190765380859375
1067,24.984224319458008
1068,30.8892879486084
1069,45.5893440246582
1070,37.313560485839844
1071,47.35724639892578
1072,39.6619758605957
1073,30.559247970581055
1074,43.78054428100586
1075,36.418182373046875
1076,35.562339782714844
1077,41.17148971557617
1078,39.60361099243164
1079,49.66935729980469
1080,25.563812255859375
1081,38.67582702636719
1082,36.58518981933594
1083,41.75126266479492
1084,52.56328201293945
1085,39.172523498535156
1086,53.710933685302734
1087,29.093690872192383
1088,31.6065731048584
1089,37.124271392822266
1090,34.844459533691406
1091,32.165069580078125
1092,31.3604736328125
1093,44.97783279418945
1094,43.53607940673828
1095,21.352275848388672
1096,41.14422607421875
1097,24.960599899291992
1098,30.848697662353516
1099,45.50777816772461
1100,37.25624465942383
1101,47.250999450683594
1102,39.580833435058594
1103,30.51824951171875
1104,43.723785400390625
1105,36.383060455322266
1106,35.53346252441406
1107,41.12248229980469
1108,39.56702423095703
1109,49.60325241088867
1110,25.547998428344727
1111,38.61855697631836
1112,36.54697036743164
1113,41.66529846191406
1114,52.402992248535156
1115,39.11534881591797
1116,53.60131072998047
1117,29.055091857910156
1118,31.56997299194336
1119,37.0589599609375
1120,34.74711227416992
1121,32.11821365356445
1122,31.27545928955078
1123,44.885894775390625
1124,43.47837448120117
1125,21.29142951965332
1126,41.11312484741211
1127,24.94070816040039
1128,30.811655044555664
1129,45.431514739990234
1130,37.209922790527344
1131,47.12680435180664
1132,39.5058708190918
1133,30.495269775390625
1134,43.62895584106445
1135,36.37101745605469
1136,35.505123138427734
1137,41.08937072753906
1138,39.53468704223633
1139,49.541282653808594
1140,25.52915382385254
1141,38.57819366455078
1142,36.50629806518555
1143,41.605613708496094
1144,52.276832580566406
1145,39.06108856201172
1146,53.508888244628906
1147,29.017471313476562
1148,31.531448364257812
1149,37.02702713012695
1150,34.70954513549805
1151,32.103981018066406
1152,31.198646545410156
1153,44.78215026855469
1154,43.44123458862305
1155,21.26401710510254
1156,41.05976486206055
1157,24.920204162597656
1158,30.772167205810547
1159,45.371646881103516
1160,37.16279983520508
1161,47.04253387451172
1162,39.43544387817383
1163,30.447134017944336
1164,43.623313903808594
1165,36.32448959350586
1166,35.49201202392578
1167,41.0368537902832
1168,39.506526947021484
1169,49.48206329345703
1170,25.511531829833984
1171,38.516536712646484
1172,36.48420333862305
1173,41.50452423095703
1174,52.0955810546875
1175,39.013153076171875
1176,53.410301208496094
1177,28.968708038330078
1178,31.508773803710938
1179,36.940406799316406
1180,34.55876541137695
1181,32.02570343017578
1182,31.106918334960938
1183,44.71025848388672
1184,43.38130187988281
1185,21.177427291870117
1186,41.05615234375
1187,24.9110164642334
1188,30.740232467651367
1189,45.28147506713867
1190,37.1308708190918
1191,46.887882232666016
1192,39.37062454223633
1193,30.445613861083984
1194,43.479251861572266
1195,36.349674224853516
1196,35.463680267333984
1197,41.033668518066406
1198,39.490562438964844
1199,49.424522399902344
1200,25.489107131958008
1201,38.516082763671875
1202,36.433204650878906
1203,41.496036529541016
1204,52.033935546875
1205,38.95983123779297
1206,53.32801055908203
1207,28.94651985168457
1208,31.46282196044922
1209,36.96587371826172
1210,34.642391204833984
1211,32.080596923828125
1212,31.057771682739258
1213,44.58876037597656
1214,43.375972747802734
1215,21.211851119995117
1216,40.96409225463867
1217,24.888547897338867
1218,30.695764541625977
1219,45.268131256103516
1220,37.09264373779297
1221,46.91024398803711
1222,39.3043212890625
1223,30.32822036743164
1224,43.685951232910156
1225,36.237815856933594
1226,35.48272705078125
1227,40.96413803100586
1228,39.49986267089844
1229,49.36503219604492
1230,25.46343994140625
1231,38.437339782714844
1232,36.47699737548828
1233,41.323055267333984
1234,51.73006057739258
1235,38.92533874511719
1236,53.205833435058594
1237,28.867176055908203
1238,31.45771026611328
1239,36.7763671875
1240,34.37327575683594
1241,31.908815383911133
1242,30.93896484375
1243,44.549034118652344
1244,43.29467010498047
1245,21.056028366088867
1246,41.03343963623047
1247,24.907222747802734
1248,30.6756534576416
1249,45.100162506103516
1250,37.07759094238281
1251,46.61725997924805
1252,39.254638671875
1253,30.415084838867188
1254,43.2950553894043
1255,36.3711051940918
1256,35.42578887939453
1257,41.015010833740234
1258,39.463436126708984
1259,49.32072067260742
1260,25.462324142456055
1261,38.49386978149414
1262,36.33989334106445
1263,41.4362907409668
1264,51.866634368896484
1265,38.861183166503906
1266,53.150150299072266
1267,28.903972625732422
1268,31.396636962890625
1269,36.980743408203125
1270,34.68376922607422
1271,32.13360595703125
1272,30.965362548828125
1273,44.400115966796875
1274,43.33727264404297
1275,21.18396759033203
1276,40.893333435058594
1277,24.859210968017578
1278,30.622623443603516
1279,45.21565628051758
1280,37.04477310180664
1281,46.72024917602539
1282,39.203311920166016
1283,30.26966667175293
1284,43.58139419555664
1285,36.2580680847168
1286,35.46372604370117
1287,40.96440124511719
1288,39.505088806152344
1289,49.25654983520508
1290,25.397071838378906
1291,38.42893981933594
1292,36.50125503540039
1293,41.237239837646484
1294,51.457340240478516
1295,38.84383773803711
1296,53.08931350708008
1297,28.727598190307617
1298,31.399314880371094
1299,36.69619369506836
1300,34.36248779296875
1301,31.875629425048828
1302,30.756122589111328
1303,44.32414245605469
1304,43.2553596496582
1305,20.983491897583008
1306,40.96419143676758
1307,24.888347625732422
1308,30.599258422851562
1309,44.99386978149414
1310,37.033714294433594
1311,46.38166427612305
1312,39.16175079345703
1313,30.365983963012695
1314,43.23643112182617
1315,36.36808776855469
1316,35.4325065612793
1317,40.97970199584961
1318,39.45216369628906
1319,49.21355056762695
1320,25.4079532623291
1321,38.45723342895508
1322,36.304935455322266
1323,41.321136474609375
1324,51.592777252197266
1325,38.77326965332031
1326,53.000282287597656
1327,28.805856704711914
1328,31.352766036987305
1329,36.90794372558594
1330,34.546451568603516
1331,32.072410583496094
1332,30.805278778076172
1333,44.22553253173828
1334,43.27309799194336
1335,21.101591110229492
1336,40.8245964050293
1337,24.853227615356445
1338,30.540895462036133
1339,45.01547622680664
1340,36.931053161621094
1341,46.467716217041016
1342,39.12889099121094
1343,30.226943969726562
1344,43.46818161010742
1345,36.2475700378418
1346,35.43768310546875
1347,40.909034729003906
1348,39.43164825439453
1349,49.17412185668945
1350,25.421018600463867
1351,38.353546142578125
1352,36.38456726074219
1353,41.11229705810547
1354,51.23318099975586
1355,38.74203109741211
1356,52.87866973876953
1357,28.703466415405273
1358,31.35906982421875
1359,36.655235290527344
1360,34.20014190673828
1361,31.84012222290039
1362,30.65638542175293
1363,44.1911735534668
1364,43.188716888427734
1365,20.92504119873047
1366,40.895870208740234
1367,24.88645362854004
1368,30.520708084106445
1369,44.84550476074219
1370,36.95058822631836
1371,46.238121032714844
1372,39.059139251708984
1373,30.237810134887695
1374,43.29974365234375
1375,36.30680847167969
1376,35.41792297363281
1377,40.94992446899414
1378,39.47068405151367
1379,49.123470306396484
1380,25.397539138793945
1381,38.418128967285156
1382,36.28947830200195
1383,41.17048263549805
1384,51.275394439697266
1385,38.68352508544922
1386,52.77317428588867
1387,28.74493408203125
1388,31.316221237182617
1389,36.75608444213867
1390,34.344642639160156
1391,31.976152420043945
1392,30.67667579650879
1393,44.097042083740234
1394,43.200218200683594
1395,21.00678062438965
1396,40.776268005371094
1397,24.864486694335938
1398,30.465879440307617
1399,44.8698616027832
1400,36.875030517578125
1401,46.38217544555664
1402,39.02476501464844
1403,30.07411766052246
1404,43.60883712768555
1405,36.16197204589844
1406,35.43177795410156
1407,40.87702941894531
1408,39.450294494628906
1409,49.10056686401367
1410,25.417654037475586
1411,38.287010192871094
1412,36.38787078857422
1413,40.93455505371094
1414,50.89542007446289
1415,38.67470169067383
1416,52.65170669555664
1417,28.648067474365234
1418,31.323314666748047
1419,36.5365104675293
1420,34.05715560913086
1421,31.765613555908203
1422,30.548059463500977
1423,44.077796936035156
1424,43.15348815917969
1425,20.861133575439453
1426,40.83943176269531
1427,24.904178619384766
1428,30.453500747680664
1429,44.738792419433594
1430,36.92337417602539
1431,46.24616622924805
1432,38.93846893310547
1433,30.008575439453125
1434,43.657142639160156
1435,36.15895080566406
1436,35.43899154663086
1437,40.92764663696289
1438,39.58115768432617
1439,49.04005813598633
1440,25.37143898010254
1441,38.39717102050781
1442,36.34794616699219
1443,40.97409439086914
1444,50.86663818359375
1445,38.61288833618164
1446,52.485694885253906
1447,28.69303321838379
1448,31.287635803222656
1449,36.50086212158203
1450,34.11760330200195
1451,31.828414916992188
1452,30.57386016845703
1453,44.01803970336914
1454,43.1179313659668
1455,20.86455535888672
1456,40.828575134277344
1457,24.902191162109375
1458,30.41451072692871
1459,44.675479888916016
1460,36.822601318359375
1461,46.051395416259766
1462,38.930843353271484
1463,30.089841842651367
1464,43.271244049072266
1465,36.23637390136719
1466,35.36642837524414
1467,40.914222717285156
1468,39.43085479736328
1469,49.05021286010742
1470,25.437528610229492
1471,38.30708312988281
1472,36.248722076416016
1473,40.949493408203125
1474,50.880916595458984
1475,38.57940673828125
1476,52.4996223449707
1477,28.655954360961914
1478,31.292800903320312
1479,36.58021926879883
1480,34.0311279296875
1481,31.84052085876465
1482,30.507680892944336
1483,43.94652557373047
1484,43.13703918457031
1485,20.84412956237793
1486,40.766963958740234
1487,24.89190673828125
1488,30.37201690673828
1489,44.683990478515625
1490,36.808536529541016
1491,46.08030700683594
1492,38.88817596435547
1493,29.985790252685547
1494,43.45550537109375
1495,36.16697311401367
1496,35.389530181884766
1497,40.90408706665039
1498,39.479225158691406
1499,49.01435852050781
1500,25.400209426879883
1501,38.27983474731445
1502,36.341896057128906
1503,40.83247756958008
1504,50.627037048339844
1505,38.568424224853516
1506,52.4137077331543
1507,28.568607330322266
1508,31.283096313476562
1509,36.432586669921875
1510,33.96255111694336
1511,31.74656867980957
1512,30.41629981994629
1513,43.879241943359375
1514,43.12287139892578
1515,20.777324676513672
1516,40.79570007324219
1517,24.922876358032227
1518,30.35321617126465
1519,44.588951110839844
1520,36.83824157714844
1521,45.9447021484375
1522,38.83623504638672
1523,29.951709747314453
1524,43.46103286743164
1525,36.18450164794922
1526,35.40252685546875
1527,40.935569763183594
1528,39.552528381347656
1529,48.96401596069336
1530,25.37339973449707
1531,38.35045623779297
1532,36.30215072631836
1533,40.85284423828125
1534,50.586395263671875
1535,38.51722717285156
1536,52.298439025878906
1537,28.59551429748535
1538,31.256818771362305
1539,36.43973159790039
1540,33.99026107788086
1541,31.795045852661133
1542,30.417051315307617
1543,43.82172393798828
1544,43.09300994873047
1545,20.78502655029297
1546,40.760013580322266
1547,24.917509078979492
1548,30.316009521484375
1549,44.53147888183594
1550,36.76333999633789
1551,45.861236572265625
1552,38.830909729003906
1553,29.95146369934082
1554,43.3578987121582
1555,36.2005615234375
1556,35.38140869140625
1557,40.916534423828125
1558,39.486019134521484
1559,48.9506950378418
1560,25.40410614013672
1561,38.29511260986328
1562,36.27232360839844
1563,40.79878616333008
1564,50.50131607055664
1565,38.490394592285156
1566,52.268341064453125
1567,28.556201934814453
1568,31.255369186401367
1569,36.432708740234375
1570,33.9140739440918
1571,31.7666072845459
1572,30.352079391479492
1573,43.76457595825195
1574,43.08564758300781
1575,20.744712829589844
1576,40.74748992919922
1577,24.92091941833496
1578,30.289640426635742
1579,44.48575210571289
1580,36.75554656982422
1581,45.78257751464844
1582,38.79729461669922
1583,29.921913146972656
1584,43.36208724975586
1585,36.2017822265625
1586,35.38915252685547
1587,40.92262268066406
1588,39.511932373046875
1589,48.91477966308594
1590,25.384464263916016
1591,38.30839157104492
1592,36.269020080566406
1593,40.77618408203125
1594,50.41387176513672
1595,38.460289001464844
1596,52.2007942199707
1597,28.53497314453125
1598,31.240123748779297
1599,36.404476165771484
1600,33.90927505493164
1601,31.76714324951172
1602,30.314428329467773
1603,43.7027587890625
1604,43.07112121582031
1605,20.730329513549805
1606,40.727821350097656
1607,24.925321578979492
1608,30.26174545288086
1609,44.430564880371094
1610,36.728431701660156
1611,45.7135124206543
1612,38.77252960205078
1613,29.89548683166504
1614,43.353179931640625
1615,36.20311737060547
1616,35.3904914855957
1617,40.91976547241211
1618,39.513031005859375
1619,48.88515090942383
1620,25.383283615112305
1621,38.30095291137695
1622,36.268245697021484
1623,40.73944091796875
1624,50.31562042236328
1625,38.433204650878906
1626,52.14619064331055
1627,28.51173973083496
1628,31.22892189025879
1629,36.37779998779297
1630,33.88004684448242
1631,31.75180435180664
1632,30.27005386352539
1633,43.64704132080078
1634,43.05051803588867
1635,20.714088439941406
1636,40.713130950927734
1637,24.929035186767578
1638,30.242273330688477
1639,44.37621307373047
1640,36.72002029418945
1641,45.653343200683594
1642,38.749664306640625
1643,29.86912727355957
1644,43.37744903564453
1645,36.205848693847656
1646,35.40524673461914
1647,40.91716384887695
1648,39.5320930480957
1649,48.84731674194336
1650,25.367952346801758
1651,38.314788818359375
1652,36.25430679321289
1653,40.72303771972656
1654,50.24006271362305
1655,38.40507888793945
1656,52.093257904052734
1657,28.499113082885742
1658,31.214588165283203
1659,36.36436080932617
1660,33.8731803894043
1661,31.751375198364258
1662,30.236167907714844
1663,43.59178924560547
1664,43.027854919433594
1665,20.71162986755371
1666,40.689640045166016
1667,24.929317474365234
1668,30.223588943481445
1669,44.32088088989258
1670,36.70655822753906
1671,45.612117767333984
1672,38.732322692871094
1673,29.839645385742188
1674,43.42494583129883
1675,36.20375442504883
1676,35.423954010009766
1677,40.9100341796875
1678,39.55159378051758
1679,48.80768966674805
1680,25.349380493164062
1681,38.32674789428711
1682,36.26156997680664
1683,40.706233978271484
1684,50.16317367553711
1685,38.38185501098633
1686,52.056514739990234
1687,28.481382369995117
1688,31.199644088745117
1689,36.34697341918945
1690,33.87431716918945
1691,31.745519638061523
1692,30.199119567871094
1693,43.541160583496094
1694,43.00210952758789
1695,20.701547622680664
1696,40.67612838745117
1697,24.92518424987793
1698,30.209609985351562
1699,44.26974868774414
1700,36.68999481201172
1701,45.543418884277344
1702,38.71944046020508
1703,29.838977813720703
1704,43.4081916809082
1705,36.21519470214844
1706,35.43548583984375
1707,40.895835876464844
1708,39.54820251464844
1709,48.77204132080078
1710,25.3397274017334
1711,38.335025787353516
1712,36.22477722167969
1713,40.7077751159668
1714,50.13541793823242
1715,38.353885650634766
1716,52.02422332763672
1717,28.481977462768555
1718,31.186397552490234
1719,36.361907958984375
1720,33.86916732788086
1721,31.758255004882812
1722,30.176788330078125
1723,43.496681213378906
1724,42.97833251953125
1725,20.709590911865234
1726,40.64350509643555
1727,24.91719627380371
1728,30.19312286376953
1729,44.23655319213867
1730,36.66977310180664
1731,45.53822326660156
1732,38.70441818237305
1733,29.806489944458008
1734,43.4652099609375
1735,36.19890594482422
1736,35.44831085205078
1737,40.87718963623047
1738,39.55002212524414
1739,48.74132537841797
1740,25.326311111450195
1741,38.32106018066406
1742,36.238304138183594
1743,40.67227554321289
1744,50.04551315307617
1745,38.33993911743164
1746,52.00017166137695
1747,28.453699111938477
1748,31.17544174194336
1749,36.32926559448242
1750,33.85211944580078
1751,31.73225975036621
1752,30.132097244262695
1753,43.455322265625
1754,42.956687927246094
1755,20.679569244384766
1756,40.649959564208984
1757,24.914627075195312
1758,30.185527801513672
1759,44.18872833251953
1760,36.65910339355469
1761,45.433536529541016
1762,38.68566131591797
1763,29.834205627441406
1764,43.36868667602539
1765,36.22623825073242
1766,35.44752883911133
1767,40.867523193359375
1768,39.53797149658203
1769,48.710655212402344
1770,25.32333755493164
1771,38.336246490478516
1772,36.173831939697266
1773,40.6981315612793
1774,50.06883239746094
1775,38.30808639526367
1776,51.96775436401367
1777,28.47479248046875
1778,31.161760330200195
1779,36.37156295776367
1780,33.85791015625
1781,31.77159881591797
1782,30.13068199157715
1783,43.41581726074219
1784,42.93647384643555
1785,20.713449478149414
1786,40.59500503540039
1787,24.902585983276367
1788,30.166542053222656
1789,44.17901611328125
1790,36.6353645324707
1791,45.503536224365234
1792,38.670936584472656
1793,29.76825523376465
1794,43.50056076049805
1795,36.18241882324219
1796,35.45995330810547
1797,40.842769622802734
1798,39.533599853515625
1799,48.689945220947266
1800,25.311555862426758
1801,38.285255432128906
1802,36.24383544921875
1803,40.614837646484375
1804,49.908592224121094
1805,38.3125114440918
1806,51.966705322265625
1807,28.408784866333008
1808,31.157840728759766
1809,36.295249938964844
1810,33.81036376953125
1811,31.694700241088867
1812,30.055227279663086
1813,43.380130767822266
1814,42.92477035522461
1815,20.65731430053711
1816,40.61529541015625
1817,24.907806396484375
1818,30.165964126586914
1819,44.133888244628906
1820,36.65835189819336
1821,45.439945220947266
1822,38.63821792602539
1823,29.752946853637695
1824,43.53034973144531
1825,36.180755615234375
1826,35.475467681884766
1827,40.843101501464844
1828,39.57830810546875
1829,48.6483039855957
1830,25.294445037841797
1831,38.33768081665039
1832,36.19613265991211
1833,40.6443977355957
1834,49.91133499145508
1835,38.274757385253906
1836,51.88075256347656
1837,28.45430564880371
1838,31.133926391601562
1839,36.300838470458984
1840,33.845985412597656
1841,31.741466522216797
1842,30.07771873474121
1843,43.349056243896484
1844,42.88661575317383
1845,20.685911178588867
1846,40.59308624267578
1847,24.90249252319336
1848,30.15373420715332
1849,44.08506774902344
1850,36.616485595703125
1851,45.383872985839844
1852,38.62614822387695
1853,29.764266967773438
1854,43.451168060302734
1855,36.189022064208984
1856,35.463539123535156
1857,40.82783508300781
1858,39.55464172363281
1859,48.632450103759766
1860,25.29880714416504
1861,38.32099151611328
1862,36.18522644042969
1863,40.62663650512695
1864,49.87022018432617
1865,38.2613410949707
1866,51.85650634765625
1867,28.44377326965332
1868,31.127965927124023
1869,36.28351974487305
1870,33.8244514465332
1871,31.730079650878906
1872,30.05384635925293
1873,43.32305145263672
1874,42.87578201293945
1875,20.67314910888672
1876,40.586463928222656
1877,24.899309158325195
1878,30.146074295043945
1879,44.069183349609375
1880,36.61026382446289
1881,45.35553741455078
1882,38.606082916259766
1883,29.757097244262695
1884,43.437068939208984
1885,36.182796478271484
1886,35.464019775390625
1887,40.817134857177734
1888,39.55228042602539
1889,48.615318298339844
1890,25.291885375976562
1891,38.31190872192383
1892,36.17791748046875
1893,40.612796783447266
1894,49.834102630615234
1895,38.24946975708008
1896,51.83727264404297
1897,28.434274673461914
1898,31.12173843383789
1899,36.27273178100586
1900,33.80938720703125
1901,31.723552703857422
1902,30.03392219543457
1903,43.29890060424805
1904,42.863712310791016
1905,20.662229537963867
1906,40.58012390136719
1907,24.896411895751953
1908,30.13808822631836
1909,44.04846954345703
1910,36.598201751708984
1911,45.324214935302734
1912,38.58949661254883
1913,29.75290870666504
1914,43.413818359375
1915,36.179344177246094
1916,35.46180725097656
1917,40.806148529052734
1918,39.54439163208008
1919,48.60006332397461
1920,25.29157829284668
1921,38.30219650268555
1922,36.16365051269531
1923,40.60097885131836
1924,49.80543518066406
1925,38.23606872558594
1926,51.81585693359375
1927,28.42984390258789
1928,31.11591911315918
1929,36.26740646362305
1930,33.792476654052734
1931,31.720388412475586
1932,30.017698287963867
1933,43.27688980102539
1934,42.85154724121094
1935,20.654951095581055
1936,40.57068634033203
1937,24.89319610595703
1938,30.129926681518555
1939,44.03050994873047
1940,36.585960388183594
1941,45.3043098449707
1942,38.5734748840332
1943,29.743574142456055
1944,43.4033203125
1945,36.172611236572266
1946,35.460140228271484
1947,40.79538345336914
1948,39.53775405883789
1949,48.58573913574219
1950,25.289302825927734
1951,38.289329528808594
1952,36.15949249267578
1953,40.58394241333008
1954,49.76710510253906
1955,38.225765228271484
1956,51.79948425292969
1957,28.41858673095703
1958,31.110614776611328
1959,36.25490188598633
1960,33.775047302246094
1961,31.710317611694336
1962,29.995925903320312
1963,43.25448989868164
1964,42.8406982421875
1965,20.639474868774414
1966,40.56839370727539
1967,24.88994598388672
1968,30.123146057128906
1969,44.010799407958984
1970,36.57465362548828
1971,45.26164627075195
1972,38.55778884887695
1973,29.748472213745117
1974,43.36232376098633
1975,36.17337417602539
1976,35.45741271972656
1977,40.78301239013672
1978,39.52627182006836
1979,48.57066345214844
1980,25.288991928100586
1981,38.28171920776367
1982,36.132598876953125
1983,40.58000183105469
1984,49.755615234375
1985,38.210792541503906
1986,51.78063201904297
1987,28.420087814331055
1988,31.105085372924805
1989,36.26258087158203
1990,33.75605773925781
1991,31.714147567749023
1992,29.984331130981445
1993,43.23432159423828
1994,42.828468322753906
1995,20.64014434814453
1996,40.5501594543457
1997,24.885000228881836
1998,30.113710403442383
1999,43.998905181884766
2000,36.562381744384766
2001,45.270938873291016
2002,38.542179107666016
2003,29.724346160888672
2004,43.386817932128906
2005,36.157814025878906
2006,35.457096099853516
2007,40.772220611572266
2008,39.52238082885742
2009,48.55738830566406
2010,25.283222198486328
2011,38.259647369384766
2012,36.15552520751953
2013,40.547218322753906
2014,49.68766784667969
2015,38.20737075805664
2016,51.7738151550293
2017,28.39212417602539
2018,31.10040283203125
2019,36.22930145263672
2020,33.73809814453125
2021,31.685897827148438
2022,29.94918441772461
2023,43.20991897583008
2024,42.820735931396484
2025,20.612565994262695
2026,40.55646896362305
2027,24.883312225341797
2028,30.109899520874023
2029,43.97825622558594
2030,36.56106948852539
2031,45.22043991088867
2032,38.523223876953125
2033,29.729557037353516
2034,43.354530334472656
2035,36.158233642578125
2036,35.45768737792969
2037,40.760738372802734
2038,39.52001953125
2039,48.5378532409668
2040,25.281949996948242
2041,38.26547622680664
2042,36.113929748535156
2043,40.554107666015625
2044,49.690879821777344
2045,38.18600845336914
2046,51.7369499206543
2047,28.41144371032715
2048,31.091068267822266
2049,36.244728088378906
2050,33.72686767578125
2051,31.704042434692383
2052,29.952556610107422
2053,43.19289016723633
2054,42.80069351196289
2055,20.623119354248047
2056,40.536170959472656
2057,24.877357482910156
2058,30.099885940551758
2059,43.9598388671875
2060,36.5362663269043
2061,45.21558380126953
2062,38.51158142089844
2063,29.719120025634766
2064,43.340938568115234
2065,36.149818420410156
2066,35.45137023925781
2067,40.746307373046875
2068,39.501895904541016
2069,48.527034759521484
2070,25.279897689819336
2071,38.2377815246582
2072,36.12477111816406
2073,40.52659606933594
2074,49.640052795410156
2075,38.18248748779297
2076,51.74077606201172
2077,28.38310432434082
2078,31.087751388549805
2079,36.22267532348633
2080,33.703765869140625
2081,31.678464889526367
2082,29.916709899902344
2083,43.168880462646484
2084,42.79512405395508
2085,20.595487594604492
2086,40.540000915527344
2087,24.873004913330078
2088,30.0959415435791
2089,43.945858001708984
2090,36.53474044799805
2091,45.16624450683594
2092,38.49235916137695
2093,29.727745056152344
2094,43.30065155029297
2095,36.150569915771484
2096,35.4504508972168
2097,40.7332763671875
2098,39.49467468261719
2099,48.50897979736328
2100,25.278099060058594
2101,38.23820877075195
2102,36.0859489440918
2103,40.53082275390625
2104,49.64193344116211
2105,38.16309356689453
2106,51.710227966308594
2107,28.398359298706055
2108,31.079147338867188
2109,36.23790740966797
2110,33.689186096191406
2111,31.692949295043945
2112,29.917156219482422
2113,43.15238952636719
2114,42.776458740234375
2115,20.605165481567383
2116,40.518436431884766
2117,24.86693572998047
2118,30.086406707763672
2119,43.93064498901367
2120,36.514305114746094
2121,45.1745719909668
2122,38.47951126098633
2123,29.7089900970459
2124,43.3094367980957
2125,36.13747787475586
2126,35.4460334777832
2127,40.720550537109375
2128,39.48341751098633
2129,48.49734115600586
2130,25.272293090820312
2131,38.211830139160156
2132,36.108585357666016
2133,40.499698638916016
2134,49.58010482788086
2135,38.16196060180664
2136,51.71371841430664
2137,28.3660831451416
2138,31.074817657470703
2139,36.20496368408203
2140,33.67204666137695
2141,31.66259002685547
2142,29.879486083984375
2143,43.127777099609375
2144,42.77134704589844
2145,20.57777214050293
2146,40.52263259887695
2147,24.863712310791016
2148,30.0836124420166
2149,43.91791534423828
2150,36.518218994140625
2151,45.139225006103516
2152,38.458648681640625
2153,29.70734405517578
2154,43.29656982421875
2155,36.13220977783203
2156,35.44746017456055
2157,40.70859909057617
2158,39.483951568603516
2159,48.47777557373047
2160,25.268348693847656
2161,38.21490478515625
2162,36.076988220214844
2163,40.5008430480957
2164,49.573585510253906
2165,38.1431770324707
2166,51.678401947021484
2167,28.38143539428711
2168,31.064802169799805
2169,36.2122688293457
2170,33.66120147705078
2171,31.67430305480957
2172,29.880268096923828
2173,43.11271286010742
2174,42.750099182128906
2175,20.57954216003418
2176,40.51200485229492
2177,24.857297897338867
2178,30.075769424438477
2179,43.89360809326172
2180,36.489418029785156
2181,45.09624481201172
2182,38.449073791503906
2183,29.722993850708008
2184,43.22510528564453
2185,36.13698959350586
2186,35.43650817871094
2187,40.68971252441406
2188,39.45130157470703
2189,48.46731948852539
2190,25.274272918701172
2191,38.19303894042969
2192,36.04469680786133
2193,40.49456024169922
2194,49.57141876220703
2195,38.13070297241211
2196,51.67607116699219
2197,28.377382278442383
2198,31.060869216918945
2199,36.22719955444336
2200,33.63195037841797
2201,31.672672271728516
2202,29.863107681274414
2203,43.09497833251953
2204,42.74033737182617
2205,20.57370376586914
2206,40.49435806274414
2207,24.84862518310547
2208,30.067684173583984
2209,43.89038848876953
2210,36.4809455871582
2211,45.104942321777344
2212,38.43212890625
2213,29.703081130981445
2214,43.2463264465332
2215,36.120182037353516
2216,35.436214447021484
2217,40.67716979980469
2218,39.44955062866211
2219,48.45203399658203
2220,25.26019859313965
2221,38.17365264892578
2222,36.0686149597168
2223,40.467323303222656
2224,49.5109977722168
2225,38.12882995605469
2226,51.6746826171875
2227,28.348628997802734
2228,31.053796768188477
2229,36.19050598144531
2230,33.62283706665039
2231,31.64545249938965
2232,29.830398559570312
2233,43.070735931396484
2234,42.731632232666016
2235,20.5510196685791
2236,40.49700927734375
2237,24.845094680786133
2238,30.06511116027832
2239,43.87540817260742
2240,36.48146057128906
2241,45.0723991394043
2242,38.41167449951172
2243,29.70152473449707
2244,43.23141098022461
2245,36.11385726928711
2246,35.435237884521484
2247,40.66211700439453
2248,39.44418716430664
2249,48.4326286315918
2250,25.258638381958008
2251,38.1722297668457
2252,36.033607482910156
2253,40.46656799316406
2254,49.505916595458984
2255,38.10963439941406
2256,51.640960693359375
2257,28.364274978637695
2258,31.043262481689453
2259,36.20072555541992
2260,33.6070671081543
2261,31.655672073364258
2262,29.830184936523438
2263,43.05680847167969
2264,42.70929718017578
2265,20.551279067993164
2266,40.48493194580078
2267,24.83657455444336
2268,30.057340621948242
2269,43.852447509765625
2270,36.451683044433594
2271,45.03070831298828
2272,38.401405334472656
2273,29.71786117553711
2274,43.15997314453125
2275,36.11702346801758
2276,35.42369842529297
2277,40.64049530029297
2278,39.409423828125
2279,48.420841217041016
2280,25.26276397705078
2281,38.14854049682617
2282,36.00137710571289
2283,40.459510803222656
2284,49.50316619873047
2285,38.0971794128418
2286,51.639095306396484
2287,28.3597354888916
2288,31.037858963012695
2289,36.213478088378906
2290,33.57949447631836
2291,31.652822494506836
2292,29.812910079956055
2293,43.038787841796875
2294,42.69757843017578
2295,20.54483413696289
2296,40.467559814453125
2297,24.826616287231445
2298,30.049806594848633
2299,43.8488655090332
2300,36.442344665527344
2301,45.034568786621094
2302,38.38307189941406
2303,29.701519012451172
2304,43.17011642456055
2305,36.10173797607422
2306,35.42007064819336
2307,40.62852096557617
2308,39.40858459472656
2309,48.40544128417969
2310,25.25395965576172
2311,38.131187438964844
2312,36.03605651855469
2313,40.4238166809082
2314,49.42178726196289
2315,38.0934944152832
2316,51.60984802246094
2317,28.34027862548828
2318,31.027446746826172
2319,36.152584075927734
2320,33.57661437988281
2321,31.622026443481445
2322,29.79084014892578
2323,43.02027893066406
2324,42.68373489379883
2325,20.53308868408203
2326,40.46792221069336
2327,24.831016540527344
2328,30.05010986328125
2329,43.82294845581055
2330,36.458614349365234
2331,45.06257629394531
2332,38.3564453125
2333,29.65471649169922
2334,43.250003814697266
2335,36.08035659790039
2336,35.42259979248047
2337,40.631591796875
2338,39.43758773803711
2339,48.387413024902344
2340,25.245569229125977
2341,38.1384162902832
2342,36.058780670166016
2343,40.40694808959961
2344,49.368980407714844
2345,38.086307525634766
2346,51.57803726196289
2347,28.33469581604004
2348,31.017253875732422
2349,36.12060546875
2350,33.58286666870117
2351,31.612239837646484
2352,29.7789306640625
2353,43.00282669067383
2354,42.672401428222656
2355,20.528942108154297
2356,40.46317672729492
2357,24.830352783203125
2358,30.046072006225586
2359,43.809165954589844
2360,36.45573806762695
2361,45.06077575683594
2362,38.34381866455078
2363,29.64120101928711
2364,43.255455017089844
2365,36.07356643676758
2366,35.41962432861328
2367,40.62275314331055
2368,39.428619384765625
2369,48.37758255004883
2370,25.24736785888672
2371,38.123756408691406
2372,36.05681610107422
2373,40.390045166015625
2374,49.33858108520508
2375,38.07915496826172
2376,51.56910705566406
2377,28.325563430786133
2378,31.01348114013672
2379,36.11442565917969
2380,33.5617561340332
2381,31.599817276000977
2382,29.762210845947266
2383,42.990447998046875
2384,42.6639289855957
2385,20.51833152770996
2386,40.45486068725586
2387,24.826934814453125
2388,30.040193557739258
2389,43.79801559448242
2390,36.45225524902344
2391,45.06929397583008
2392,38.33393859863281
2393,29.623125076293945
2394,43.272281646728516
2395,36.067962646484375
2396,35.41749572753906
2397,40.61613464355469
2398,39.41801452636719
2399,48.36907958984375
2400,25.252361297607422
2401,38.105384826660156
2402,36.06768798828125
2403,40.366294860839844
2404,49.293941497802734
2405,38.07447052001953
2406,51.56360626220703
2407,28.310503005981445
2408,31.010515213012695
2409,36.101783752441406
2410,33.54315185546875
2411,31.581729888916016
2412,29.74142837524414
2413,42.97663116455078
2414,42.656585693359375
2415,20.507137298583984
2416,40.44589614868164
2417,24.82585334777832
2418,30.03473472595215
2419,43.78431701660156
2420,36.45625686645508
2421,45.097808837890625
2422,38.327632904052734
2423,29.59152603149414
2424,43.3253288269043
2425,36.06255340576172
2426,35.41808319091797
2427,40.61110305786133
2428,39.4012451171875
2429,48.363040924072266
2430,25.277305603027344
2431,38.080108642578125
2432,36.07732391357422
2433,40.32911682128906
2434,49.232730865478516
2435,38.06584167480469
2436,51.54380798339844
2437,28.305028915405273
2438,31.009918212890625
2439,36.09883499145508
2440,33.5057258605957
2441,31.560165405273438
2442,29.725032806396484
2443,42.971824645996094
2444,42.64368438720703
2445,20.493783950805664
2446,40.43563461303711
2447,24.827409744262695
2448,30.027164459228516
2449,43.73161697387695
2450,36.44257354736328
2451,45.094627380371094
2452,38.327999114990234
2453,29.564453125
2454,43.39332962036133
2455,36.05919647216797
2456,35.42914962768555
2457,40.613487243652344
2458,39.424163818359375
2459,48.34139633178711
2460,25.27918815612793
2461,38.10903549194336
2462,36.07102584838867
2463,40.333316802978516
2464,49.206390380859375
2465,38.047096252441406
2466,51.49131774902344
2467,28.3233699798584
2468,30.996170043945312
2469,36.08604049682617
2470,33.53451919555664
2471,31.57605743408203
2472,29.730648040771484
2473,42.95042419433594
2474,42.6214485168457
2475,20.5045166015625
2476,40.434234619140625
2477,24.828115463256836
2478,30.021343231201172
2479,43.71360397338867
2480,36.43088150024414
2481,45.055572509765625
2482,38.33051681518555
2483,29.575281143188477
2484,43.36244583129883
2485,36.06932830810547
2486,35.4345588684082
2487,40.600677490234375
2488,39.410213470458984
2489,48.327552795410156
2490,25.268844604492188
2491,38.108001708984375
2492,36.038516998291016
2493,40.34283447265625
2494,49.21943664550781
2495,38.037452697753906
2496,51.50526428222656
2497,28.314348220825195
2498,30.994775772094727
2499,36.1126823425293
2500,33.514713287353516
2501,31.57822608947754
2502,29.711692810058594
2503,42.9329719543457
2504,42.616085052490234
2505,20.494314193725586
2506,40.42462158203125
2507,24.81938934326172
2508,30.013235092163086
2509,43.704044342041016
2510,36.416961669921875
2511,45.012123107910156
2512,38.32558822631836
2513,29.58744239807129
2514,43.33403396606445
2515,36.07010269165039
2516,35.44015884399414
2517,40.58931350708008
2518,39.415077209472656
2519,48.30813217163086
2520,25.242673873901367
2521,38.121131896972656
2522,36.020652770996094
2523,40.35890197753906
2524,49.226871490478516
2525,38.028526306152344
2526,51.50159454345703
2527,28.309425354003906
2528,30.984508514404297
2529,36.109256744384766
2530,33.53490447998047
2531,31.58910369873047
2532,29.703887939453125
2533,42.90806579589844
2534,42.60453796386719
2535,20.494531631469727
2536,40.4222412109375
2537,24.812650680541992
2538,30.008909225463867
2539,43.6907958984375
2540,36.39867401123047
2541,44.92975997924805
2542,38.31319808959961
2543,29.62230110168457
2544,43.25350570678711
2545,36.068119049072266
2546,35.4399528503418
2547,40.56575393676758
2548,39.41365432739258
2549,48.285064697265625
2550,25.217065811157227
2551,38.14315414428711
2552,35.94722366333008
2553,40.397621154785156
2554,49.28948211669922
2555,38.00767517089844
2556,51.473419189453125
2557,28.33921241760254
2558,30.968481063842773
2559,36.138851165771484
2560,33.55121612548828
2561,31.631547927856445
2562,29.72477149963379
2563,42.89239501953125
2564,42.58189010620117
2565,20.510852813720703
2566,40.41064453125
2567,24.79767608642578
2568,30.003068923950195
2569,43.68252944946289
2570,36.3506965637207
2571,44.821250915527344
2572,38.3022575378418
2573,29.70696449279785
2574,42.99638366699219
2575,36.09760284423828
2576,35.40141677856445
2577,40.531246185302734
2578,39.32126235961914
2579,48.29053497314453
2580,25.232532501220703
2581,38.09046173095703
2582,35.86595916748047
2583,40.41044616699219
2584,49.36686706542969
2585,37.99826431274414
2586,51.51129913330078
2587,28.340843200683594
2588,30.96861457824707
2589,36.21188735961914
2590,33.51164627075195
2591,31.65277671813965
2592,29.71715545654297
2593,42.88228988647461
2594,42.58561325073242
2595,20.525819778442383
2596,40.361175537109375
2597,24.78107261657715
2598,29.992647171020508
2599,43.72541427612305
2600,36.364585876464844
2601,44.971561431884766
2602,38.27092361450195
2603,29.61086082458496
2604,43.16522979736328
2605,36.037071228027344
2606,35.39820098876953
2607,40.53243637084961
2608,39.34645080566406
2609,48.28917694091797
2610,25.199098587036133
2611,38.02445983886719
2612,36.053531646728516
2613,40.297908782958984
2614,49.140926361083984
2615,38.04044723510742
2616,51.55257797241211
2617,28.225276947021484
2618,30.970502853393555
2619,36.027400970458984
2620,33.49706268310547
2621,31.51727867126465
2622,29.63303565979004
2623,42.8669319152832
2624,42.599849700927734
2625,20.449756622314453
2626,40.40223693847656
2627,24.796438217163086
2628,30.006975173950195
2629,43.69121551513672
2630,36.42190933227539
2631,44.99654769897461
2632,38.23344802856445
2633,29.551042556762695
2634,43.300819396972656
2635,36.016990661621094
2636,35.404300689697266
2637,40.55265808105469
2638,39.40949249267578
2639,48.26373291015625
2640,25.225448608398438
2641,38.08204650878906
2642,36.0402946472168
2643,40.301204681396484
2644,49.10913848876953
2645,38.00170135498047
2646,51.403953552246094
2647,28.305381774902344
2648,30.94459342956543
2649,36.00636672973633
2650,33.529388427734375
2651,31.558696746826172
2652,29.685361862182617
2653,42.866764068603516
2654,42.55224609375
2655,20.485889434814453
2656,40.40431213378906
2657,24.80113410949707
2658,30.00242805480957
2659,43.652976989746094
2660,36.380088806152344
2661,44.93046569824219
2662,38.24558639526367
2663,29.58480453491211
2664,43.21326446533203
2665,36.02809143066406
2666,35.39978790283203
2667,40.5294189453125
2668,39.37855911254883
2669,48.25553512573242
2670,25.221702575683594
2671,38.083126068115234
2672,35.961402893066406
2673,40.33125686645508
2674,49.179168701171875
2675,37.98792266845703
2676,51.416648864746094
2677,28.31590461730957
2678,30.943939208984375
2679,36.0638313293457
2680,33.50210189819336
2681,31.581619262695312
2682,29.682920455932617
2683,42.860591888427734
2684,42.548500061035156
2685,20.473045349121094
2686,40.40410232543945
2687,24.78535270690918
2688,29.995441436767578
2689,43.64989471435547
2690,36.337032318115234
2691,44.79298782348633
2692,38.24669647216797
2693,29.68042755126953
2694,42.97343826293945
2695,36.060787200927734
2696,35.3770751953125
2697,40.498817443847656
2698,39.30979919433594
2699,48.25682067871094
2700,25.23416519165039
2701,38.07169723510742
2702,35.842185974121094
2703,40.3775634765625
2704,49.302364349365234
2705,37.967742919921875
2706,51.41615295410156
2707,28.36003303527832
2708,30.93997573852539
2709,36.16490936279297
2710,33.4999885559082
2711,31.64990997314453
2712,29.717031478881836
2713,42.856117248535156
2714,42.54413604736328
2715,20.527780532836914
2716,40.344085693359375
2717,24.771970748901367
2718,29.981977462768555
2719,43.69623565673828
2720,36.32889175415039
2721,44.93449401855469
2722,38.23051452636719
2723,29.60978126525879
2724,43.07278823852539
2725,36.01481628417969
2726,35.36546325683594
2727,40.4943733215332
2728,39.29674530029297
2729,48.269981384277344
2730,25.199398040771484
2731,37.97257995605469
2732,36.02280044555664
2733,40.26671600341797
2734,49.107666015625
2735,38.023704528808594
2736,51.53767013549805
2737,28.20589828491211
2738,30.954946517944336
2739,36.008480072021484
2740,33.45135498046875
2741,31.49455451965332
2742,29.60041618347168
2743,42.8390007019043
2744,42.57906723022461
2745,20.420137405395508
2746,40.38904571533203
2747,24.778865814208984
2748,29.995214462280273
2749,43.68933868408203
2750,36.39894104003906
2751,44.96192169189453
2752,38.19141387939453
2753,29.55022621154785
2754,43.21852111816406
2755,35.99251937866211
2756,35.375186920166016
2757,40.51517868041992
2758,39.363922119140625
2759,48.2432975769043
2760,25.223129272460938
2761,38.03214645385742
2762,36.01485061645508
2763,40.267547607421875
2764,49.06788635253906
2765,37.984039306640625
2766,51.380897521972656
2767,28.289560317993164
2768,30.926719665527344
2769,35.980987548828125
2770,33.495155334472656
2771,31.538293838500977
2772,29.657855987548828
2773,42.83991622924805
2774,42.5262565612793
2775,20.456939697265625
2776,40.395652770996094
2777,24.784568786621094
2778,29.990873336791992
2779,43.635799407958984
2780,36.34296798706055
2781,44.85820770263672
2782,38.209434509277344
2783,29.602731704711914
2784,43.10403060913086
2785,36.006587982177734
2786,35.371253967285156
2787,40.48467254638672
2788,39.332672119140625
2789,48.229949951171875
2790,25.227859497070312
2791,38.05427551269531
2792,35.89448928833008
2793,40.31721878051758
2794,49.17231369018555
2795,37.95651626586914
2796,51.343868255615234
2797,28.344648361206055
2798,30.91818618774414
2799,36.053855895996094
2800,33.489566802978516
2801,31.597423553466797
2802,29.694360733032227
2803,42.840904235839844
2804,42.507118225097656
2805,20.47907257080078
2806,40.38608932495117
2807,24.772775650024414
2808,29.9859561920166
2809,43.616676330566406
2810,36.28757858276367
2811,44.73075485229492
2812,38.210750579833984
2813,29.714353561401367
2814,42.77219009399414
2815,36.07168960571289
2816,35.32193374633789
2817,40.47575759887695
2818,39.23725509643555
2819,48.25399398803711
2820,25.25618553161621
2821,38.02082061767578
2822,35.825523376464844
2823,40.357200622558594
2824,49.28719711303711
2825,37.95524215698242
2826,51.39603805541992
2827,28.343992233276367
2828,30.925207138061523
2829,36.127079010009766
2830,33.49528884887695
2831,31.63958740234375
2832,29.695667266845703
2833,42.82292175292969
2834,42.53432083129883
2835,20.520389556884766
2836,40.33198165893555
2837,24.765804290771484
2838,29.976207733154297
2839,43.70032501220703
2840,36.336421966552734
2841,44.92121887207031
2842,38.18877410888672
2843,29.59539794921875
2844,43.04318618774414
2845,35.995296478271484
2846,35.34977340698242
2847,40.485565185546875
2848,39.298095703125
2849,48.25667190551758
2850,25.184572219848633
2851,37.95545959472656
2852,36.0491828918457
2853,40.2398567199707
2854,49.04712677001953
2855,38.02119064331055
2856,51.50883102416992
2857,28.188762664794922
2858,30.942459106445312
2859,35.9560546875
2860,33.45616149902344
2861,31.476652145385742
2862,29.58678436279297
2863,42.82136917114258
2864,42.56793975830078
2865,20.409399032592773
2866,40.388153076171875
2867,24.781625747680664
2868,29.991281509399414
2869,43.65432357788086
2870,36.38776397705078
2871,44.93296813964844
2872,38.16230010986328
2873,29.53784942626953
2874,43.193485260009766
2875,35.9786262512207
2876,35.3583869934082
2877,40.5141716003418
2878,39.37846755981445
2879,48.22972106933594
2880,25.224811553955078
2881,38.04602813720703
2882,36.01908493041992
2883,40.261234283447266
2884,49.03324890136719
2885,37.96909713745117
2886,51.303497314453125
2887,28.30899429321289
2888,30.906930923461914
2889,35.93203353881836
2890,33.52581787109375
2891,31.55011558532715
2892,29.67270851135254
2893,42.82299041748047
2894,42.50546646118164
2895,20.46767234802246
2896,40.40459442138672
2897,24.79100799560547
2898,29.990192413330078
2899,43.59806823730469
2900,36.31903076171875
2901,44.764652252197266
2902,38.19055938720703
2903,29.64960479736328
2904,42.92679214477539
2905,36.027339935302734
2906,35.337303161621094
2907,40.47462844848633
2908,39.28666687011719
2909,48.236793518066406
2910,25.260927200317383
2911,38.04922866821289
2912,35.806297302246094
2913,40.34579086303711
2914,49.255653381347656
2915,37.93630599975586
2916,51.31066131591797
2917,28.38628387451172
2918,30.915027618408203
2919,36.12493133544922
2920,33.48988723754883
2921,31.656309127807617
2922,29.725004196166992
2923,42.8331298828125
2924,42.512672424316406
2925,20.534008026123047
2926,40.32920837402344
2927,24.771169662475586
2928,29.96980857849121
2929,43.66764831542969
2930,36.29812240600586
2931,44.898216247558594
2932,38.18720245361328
2933,29.601333618164062
2934,42.97963333129883
2935,35.991844177246094
2936,35.327049255371094
2937,40.475162506103516
2938,39.267940521240234
2939,48.26171112060547
2940,25.203035354614258
2941,37.9385986328125
2942,36.020145416259766
2943,40.23629379272461
2944,49.05978012084961
2945,38.013153076171875
2946,51.49330139160156
2947,28.192588806152344
2948,30.9384765625
2949,35.957557678222656
2950,33.44247055053711
2951,31.480104446411133
2952,29.58486557006836
2953,42.81731033325195
2954,42.566471099853516
2955,20.39898681640625
2956,40.39380645751953
2957,24.7779598236084
2958,29.986465454101562
2959,43.680015563964844
2960,36.37936019897461
2961,44.909393310546875
2962,38.15092468261719
2963,29.55370330810547
2964,43.10939025878906
2965,35.97396469116211
2966,35.336708068847656
2967,40.49943923950195
2968,39.338653564453125
2969,48.2389030456543
2970,25.235763549804688
2971,38.00942611694336
2972,35.9969367980957
2973,40.24601364135742
2974,49.0388069152832
2975,37.96772003173828
2976,51.31138610839844
2977,28.298870086669922
2978,30.909025192260742
2979,35.9404411315918
2980,33.48523712158203
2981,31.538848876953125
2982,29.662158966064453
2983,42.82695388793945
2984,42.50788879394531
2985,20.44491195678711
2986,40.408573150634766
2987,24.7867431640625
2988,29.98459243774414
2989,43.598976135253906
2990,36.29767608642578
2991,44.726287841796875
2992,38.182579040527344
2993,29.6765079498291
2994,42.80789566040039
2995,36.03984832763672
2996,35.30755615234375
2997,40.46821975708008
2998,39.23923110961914
2999,48.24824523925781
3000,25.28851318359375
3001,38.0229606628418
3002,35.78166580200195
3003,40.3419075012207
3004,49.273590087890625
3005,37.93013381958008
3006,51.299522399902344
3007,28.390338897705078
3008,30.911962509155273
3009,36.12810134887695
3010,33.49951171875
3011,31.66967010498047
3012,29.73033332824707
3013,42.823402404785156
3014,42.51276779174805
3015,20.540498733520508
3016,40.32319641113281
3017,24.772695541381836
3018,29.96405792236328
3019,43.667476654052734
3020,36.28958511352539
3021,44.87870788574219
3022,38.179901123046875
3023,29.605443954467773
3024,42.94303512573242
3025,35.988731384277344
3026,35.31815719604492
3027,40.4713020324707
3028,39.25847244262695
3029,48.262062072753906
3030,25.199478149414062
3031,37.93203353881836
3032,36.01185607910156
3033,40.23627853393555
3034,49.0624885559082
3035,38.01136016845703
3036,51.4923095703125
3037,28.185335159301758
3038,30.935287475585938
3039,35.95486068725586
3040,33.44291305541992
3041,31.48148536682129
3042,29.578983306884766
3043,42.809539794921875
3044,42.56612014770508
3045,20.388134002685547
3046,40.40076446533203
3047,24.776893615722656
3048,29.981657028198242
3049,43.68636703491211
3050,36.364871978759766
3051,44.86551284790039
3052,38.14775466918945
3053,29.572696685791016
3054,43.046871185302734
3055,35.96840286254883
3056,35.32636642456055
3057,40.480369567871094
3058,39.310211181640625
3059,48.2395133972168
3060,25.244068145751953
3061,37.9974250793457
3062,35.936866760253906
3063,40.25208282470703
3064,49.07728958129883
3065,37.95478820800781
3066,51.29373550415039
3067,28.317739486694336
3068,30.906408309936523
3069,35.976078033447266
3070,33.453277587890625
3071,31.554685592651367
3072,29.673147201538086
3073,42.83561706542969
3074,42.497398376464844
3075,20.426776885986328
3076,40.421897888183594
3077,24.779159545898438
3078,29.97882652282715
3079,43.572303771972656
3080,36.23756408691406
3081,44.56941604614258
3082,38.20709991455078
3083,29.849674224853516
3084,42.2876091003418
3085,36.21501922607422
3086,35.23637771606445
3087,40.51707458496094
3088,39.063934326171875
3089,48.326499938964844
3090,25.46552276611328
3091,37.836204528808594
3092,35.82197570800781
3093,40.199832916259766
3094,49.16770935058594
3095,37.916526794433594
3096,51.301761627197266
3097,28.382413864135742
3098,30.94586753845215
3099,36.175086975097656
3100,33.184635162353516
3101,31.549524307250977
3102,29.690744400024414
3103,42.923648834228516
3104,42.485877990722656
3105,20.389835357666016
3106,40.378761291503906
3107,24.755615234375
3108,29.951007843017578
3109,43.55866622924805
3110,36.18241500854492
3111,44.667808532714844
3112,38.240901947021484
3113,29.735239028930664
3114,42.65403747558594
3115,36.087581634521484
3116,35.284481048583984
3117,40.45639419555664
3118,39.15351867675781
3119,48.26198196411133
3120,25.310306549072266
3121,37.999576568603516
3122,35.770198822021484
3123,40.35232162475586
3124,49.29548645019531
3125,37.932193756103516
3126,51.337135314941406
3127,28.355587005615234
3128,30.90328025817871
3129,36.112545013427734
3130,33.5767822265625
3131,31.68056869506836
3132,29.71234893798828
3133,42.78019332885742
3134,42.51780319213867
3135,20.53631019592285
3136,40.33236312866211
3137,24.773677825927734
3138,29.959901809692383
3139,43.645751953125
3140,36.2835578918457
3141,44.7266960144043
3142,38.1900634765625
3143,29.68161964416504
3144,42.80876922607422
3145,36.02645492553711
3146,35.32328796386719
3147,40.4560432434082
3148,39.24159622192383
3149,48.242958068847656
3150,25.200305938720703
3151,37.99456787109375
3152,35.84787368774414
3153,40.32698440551758
3154,49.23065948486328
3155,37.96430969238281
3156,51.4231071472168
3157,28.280784606933594
3158,30.915176391601562
3159,36.096553802490234
3160,33.47319793701172
3161,31.600204467773438
3162,29.651288986206055
3163,42.807861328125
3164,42.527442932128906
3165,20.442306518554688
3166,40.370418548583984
3167,24.75864601135254
3168,29.96217155456543
3169,43.63840103149414
3170,36.24141311645508
3171,44.63337707519531
3172,38.1962776184082
3173,29.778825759887695
3174,42.49980163574219
3175,36.102867126464844
3176,35.258602142333984
3177,40.45756149291992
3178,39.113990783691406
3179,48.28195571899414
3180,25.321212768554688
3181,37.921783447265625
3182,35.7841682434082
3183,40.300811767578125
3184,49.27061462402344
3185,37.93800735473633
3186,51.36549377441406
3187,28.33902359008789
3188,30.91592025756836
3189,36.1373176574707
3190,33.41924285888672
3191,31.621461868286133
3192,29.689651489257812
3193,42.83119201660156
3194,42.51142120361328
3195,20.468364715576172
3196,40.344215393066406
3197,24.757049560546875
3198,29.955942153930664
3199,43.646183013916016
3200,36.24208450317383
3201,44.71968078613281
3202,38.18785858154297
3203,29.696857452392578
3204,42.72878646850586
3205,36.016319274902344
3206,35.28657531738281
3207,40.43404006958008
3208,39.184295654296875
3209,48.25480651855469
3210,25.243572235107422
3211,37.95907211303711
3212,35.814903259277344
3213,40.30804443359375
3214,49.23878479003906
3215,37.9530029296875
3216,51.37838363647461
3217,28.308874130249023
3218,30.904783248901367
3219,36.085391998291016
3220,33.471092224121094
3221,31.60782814025879
3222,29.675609588623047
3223,42.816978454589844
3224,42.51321029663086
3225,20.453794479370117
3226,40.36613464355469
3227,24.75621223449707
3228,29.96355628967285
3229,43.64323806762695
3230,36.22861862182617
3231,44.63752365112305
3232,38.18242645263672
3233,29.785219192504883
3234,42.44642639160156
3235,36.09234619140625
3236,35.23440933227539
3237,40.44490432739258
3238,39.0823974609375
3239,48.29051208496094
3240,25.33504295349121
3241,37.88154220581055
3242,35.78217315673828
3243,40.27299499511719
3244,49.25859451293945
3245,37.93886947631836
3246,51.36269760131836
3247,28.33759880065918
3248,30.913000106811523
3249,36.134429931640625
3250,33.374107360839844
3251,31.60020637512207
3252,29.687461853027344
3253,42.85141372680664
3254,42.50452423095703
3255,20.442710876464844
3256,40.3519287109375
3257,24.747852325439453
3258,29.95648956298828
3259,43.64762878417969
3260,36.215389251708984
3261,44.690956115722656
3262,38.183170318603516
3263,29.734176635742188
3264,42.592681884765625
3265,36.03184509277344
3266,35.248008728027344
3267,40.421260833740234
3268,39.12109375
3269,48.268402099609375
3270,25.27692413330078
3271,37.92922592163086
3272,35.77996063232422
3273,40.31060028076172
3274,49.280391693115234
3275,37.94681167602539
3276,51.37074279785156
3277,28.320634841918945
3278,30.897916793823242
3279,36.08848571777344
3280,33.48707580566406
3281,31.622783660888672
3282,29.68873405456543
3283,42.81172561645508
3284,42.512081146240234
3285,20.468353271484375
3286,40.35454559326172
3287,24.751548767089844
3288,29.963035583496094
3289,43.6660041809082
3290,36.23319625854492
3291,44.64789581298828
3292,38.17072296142578
3293,29.78203582763672
3294,42.446510314941406
3295,36.07317352294922
3296,35.22810363769531
3297,40.4326057434082
3298,39.078834533691406
3299,48.28754425048828
3300,25.310884475708008
3301,37.87388229370117
3302,35.786415100097656
3303,40.27346420288086
3304,49.263553619384766
3305,37.94597244262695
3306,51.38304901123047
3307,28.319976806640625
3308,30.90787124633789
3309,36.123008728027344
3310,33.38298416137695
3311,31.59202766418457
3312,29.678936004638672
3313,42.84776306152344
3314,42.505916595458984
3315,20.430644989013672
3316,40.357547760009766
3317,24.742090225219727
3318,29.957834243774414
3319,43.653160095214844
3320,36.20446014404297
3321,44.650821685791016
3322,38.182125091552734
3323,29.780710220336914
3324,42.44814682006836
3325,36.06740188598633
3326,35.219207763671875
3327,40.42151641845703
3328,39.058685302734375
3329,48.288570404052734
3330,25.33205795288086
3331,37.869102478027344
3332,35.76792907714844
3333,40.267860412597656
3334,49.26469421386719
3335,37.937374114990234
3336,51.351314544677734
3337,28.340547561645508
3338,30.89995002746582
3339,36.118064880371094
3340,33.39687728881836
3341,31.601877212524414
3342,29.696443557739258
3343,42.849815368652344
3344,42.494476318359375
3345,20.44278335571289
3346,40.3552131652832
3347,24.74233627319336
3348,29.958459854125977
3349,43.644771575927734
3350,36.1954460144043
3351,44.64007568359375
3352,38.183231353759766
3353,29.796743392944336
3354,42.39410400390625
3355,36.08258819580078
3356,35.20665740966797
3357,40.422542572021484
3358,39.03292465209961
3359,48.2972412109375
3360,25.355453491210938
3361,37.83887481689453
3362,35.77039337158203
3363,40.24267578125
3364,49.24868392944336
3365,37.93505859375
3366,51.3470573425293
3367,28.344655990600586
3368,30.900671005249023
3369,36.130088806152344
3370,33.34628677368164
3371,31.583799362182617
3372,29.69498634338379
3373,42.871803283691406
3374,42.486358642578125
3375,20.420814514160156
3376,40.360321044921875
3377,24.735563278198242
3378,29.956966400146484
3379,43.63275146484375
3380,36.1723747253418
3381,44.6207389831543
3382,38.19359588623047
3383,29.823863983154297
3384,42.31589889526367
3385,36.107337951660156
3386,35.18877029418945
3387,40.42239761352539
3388,38.988895416259766
3389,48.31153869628906
3390,25.405929565429688
3391,37.79712677001953
3392,35.764892578125
3393,40.20486831665039
3394,49.22414016723633
3395,37.92531967163086
3396,51.320430755615234
3397,28.361875534057617
3398,30.901636123657227
3399,36.13514709472656
3400,33.273921966552734
3401,31.557903289794922
3402,29.700237274169922
3403,42.90278625488281
3404,42.46980667114258
3405,20.39467430114746
3406,40.37187576293945
3407,24.73069953918457
3408,29.956125259399414
3409,43.60646057128906
3410,36.148033142089844
3411,44.587459564208984
3412,38.210166931152344
3413,29.865001678466797
3414,42.20661926269531
3415,36.15843963623047
3416,35.171749114990234
3417,40.437679290771484
3418,38.94266128540039
3419,48.331642150878906
3420,25.479352951049805
3421,37.7471809387207
3422,35.77614212036133
3423,40.14963912963867
3424,49.173309326171875
3425,37.911399841308594
3426,51.281246185302734
3427,28.380447387695312
3428,30.9067325592041
3429,36.131683349609375
3430,33.16897964477539
3431,31.513656616210938
3432,29.703060150146484
3433,42.94596862792969
3434,42.44746017456055
3435,20.34743881225586
3436,40.402793884277344
3437,24.72759246826172
3438,29.954683303833008
3439,43.55927658081055
3440,36.1229133605957
3441,44.521697998046875
3442,38.246219635009766
3443,29.939899444580078
3444,42.02988815307617
3445,36.272151947021484
3446,35.159828186035156
3447,40.4900016784668
3448,38.89532470703125
3449,48.3629150390625
3450,25.613630294799805
3451,37.70213317871094
3452,35.801517486572266
3453,40.07548141479492
3454,49.08505630493164
3455,37.875370025634766
3456,51.144134521484375
3457,28.46125602722168
3458,30.902725219726562
3459,36.11677551269531
3460,33.08127212524414
3461,31.49372673034668
3462,29.761119842529297
3463,43.00025177001953
3464,42.394344329833984
3465,20.382585525512695
3466,40.378944396972656
3467,24.740678787231445
3468,29.94681739807129
3469,43.47816467285156
3470,36.100223541259766
3471,44.641944885253906
3472,38.253971099853516
3473,29.778196334838867
3474,42.46054458618164
3475,36.119258880615234
3476,35.18983840942383
3477,40.42134475708008
3478,38.9929084777832
3479,48.28246307373047
3480,25.44573211669922
3481,37.88009262084961
3482,35.70037841796875
3483,40.25364303588867
3484,49.27467727661133
3485,37.88903045654297
3486,51.21333312988281
3487,28.442399978637695
3488,30.861858367919922
3489,36.15760803222656
3490,33.446258544921875
3491,31.655433654785156
3492,29.77153778076172
3493,42.86617660522461
3494,42.437744140625
3495,20.497072219848633
3496,40.32424545288086
3497,24.73296356201172
3498,29.94866371154785
3499,43.61660385131836
3500,36.176490783691406
3501,44.6464958190918
3502,38.214134216308594
3503,29.800411224365234
3504,42.410980224609375
3505,36.11159133911133
3506,35.201602935791016
3507,40.42698287963867
3508,39.0224723815918
3509,48.27924346923828
3510,25.335840225219727
3511,37.84856033325195
3512,35.79982376098633
3513,40.23802185058594
3514,49.23211669921875
3515,37.93209457397461
3516,51.3559684753418
3517,28.324899673461914
3518,30.87076759338379
3519,36.1229362487793
3520,33.38451385498047
3521,31.569223403930664
3522,29.68525505065918
3523,42.86669158935547
3524,42.4620475769043
3525,20.398983001708984
3526,40.36421585083008
3527,24.716121673583984
3528,29.952665328979492
3529,43.63993835449219
3530,36.176753997802734
3531,44.56700897216797
3532,38.22341537475586
3533,29.894609451293945
3534,42.1649169921875
3535,36.207847595214844
3536,35.16965866088867
3537,40.46074295043945
3538,38.93697738647461
3539,48.32442092895508
3540,25.485044479370117
3541,37.74272537231445
3542,35.82400131225586
3543,40.12030029296875
3544,49.12089538574219
3545,37.90150451660156
3546,51.25102233886719
3547,28.378150939941406
3548,30.88255500793457
3549,36.106231689453125
3550,33.16945266723633
3551,31.485790252685547
3552,29.706789016723633
3553,42.95566940307617
3554,42.4156379699707
3555,20.347322463989258
3556,40.38816452026367
3557,24.720678329467773
3558,29.94751739501953
3559,43.50767135620117
3560,36.103355407714844
3561,44.51229476928711
3562,38.28197479248047
3563,29.944162368774414
3564,42.05866622924805
3565,36.29692840576172
3566,35.154579162597656
3567,40.48262023925781
3568,38.867733001708984
3569,48.3470458984375
3570,25.636083602905273
3571,37.72698974609375
3572,35.75396728515625
3573,40.092105865478516
3574,49.123199462890625
3575,37.850379943847656
3576,51.087913513183594
3577,28.516836166381836
3578,30.87291717529297
3579,36.159366607666016
3580,33.118675231933594
3581,31.530723571777344
3582,29.805200576782227
3583,43.01439666748047
3584,42.34895706176758
3585,20.384719848632812
3586,40.393455505371094
3587,24.72584342956543
3588,29.94236183166504
3589,43.44877243041992
3590,36.05754089355469
3591,44.51225280761719
3592,38.317928314208984
3593,29.958545684814453
3594,42.01954650878906
3595,36.3533821105957
3596,35.14922332763672
3597,40.50653076171875
3598,38.86408233642578
3599,48.3414192199707
3600,25.660228729248047
3601,37.770118713378906
3602,35.71696472167969
3603,40.13515090942383
3604,49.18141174316406
3605,37.82876205444336
3606,50.99874496459961
3607,28.603788375854492
3608,30.8398380279541
3609,36.18642807006836
3610,33.27444839477539
3611,31.643587112426758
3612,29.8992919921875
3613,42.99789810180664
3614,42.31865310668945
3615,20.50718116760254
3616,40.32939910888672
3617,24.72978401184082
3618,29.938697814941406
3619,43.4895133972168
3620,36.06846237182617
3621,44.6671257019043
3622,38.273643493652344
3623,29.794883728027344
3624,42.39256286621094
3625,36.15264129638672
3626,35.15543746948242
3627,40.42478942871094
3628,38.94232177734375
3629,48.284400939941406
3630,25.4536190032959
3631,37.81423568725586
3632,35.7739143371582
3633,40.17937088012695
3634,49.1862678527832
3635,37.89297103881836
3636,51.23453140258789
3637,28.389312744140625
3638,30.83732795715332
3639,36.11293411254883
3640,33.34234619140625
3641,31.551067352294922
3642,29.721378326416016
3643,42.90309524536133
3644,42.40639114379883
3645,20.38616943359375
3646,40.367515563964844
3647,24.701814651489258
3648,29.94777488708496
3649,43.608333587646484
3650,36.14916229248047
3651,44.53586959838867
3652,38.25285339355469
3653,29.945072174072266
3654,42.04336166381836
3655,36.2796630859375
3656,35.138824462890625
3657,40.476463317871094
3658,38.873165130615234
3659,48.33241271972656
3660,25.566537857055664
3661,37.71046829223633
3662,35.8143424987793
3663,40.07413101196289
3664,49.08970642089844
3665,37.865352630615234
3666,51.13142776489258
3667,28.450944900512695
3668,30.847370147705078
3669,36.098175048828125
3670,33.13755416870117
3671,31.480743408203125
3672,29.768484115600586
3673,43.002220153808594
3674,42.34605407714844
3675,20.35946273803711
3676,40.38499069213867
3677,24.710250854492188
3678,29.94106101989746
3679,43.44934844970703
3680,36.05437088012695
3681,44.49585723876953
3682,38.317081451416016
3683,29.98215675354004
3684,41.95867919921875
3685,36.36429214477539
3686,35.11905288696289
3687,40.48204040527344
3688,38.82090759277344
3689,48.324283599853516
3690,25.655973434448242
3691,37.79696273803711
3692,35.61418914794922
3693,40.197906494140625
3694,49.31917953491211
3695,37.80979919433594
3696,50.930904388427734
3697,28.689542770385742
3698,30.79039764404297
3699,36.22378921508789
3700,33.577430725097656
3701,31.808805465698242
3702,30.017860412597656
3703,42.950889587402344
3704,42.3045768737793
3705,20.6671199798584
3706,40.25791549682617
3707,24.73075294494629
3708,29.936260223388672
3709,43.5130615234375
3710,36.07764434814453
3711,44.80494689941406
3712,38.24934768676758
3713,29.67603302001953
3714,42.68205261230469
3715,36.01438903808594
3716,35.151798248291016
3717,40.360599517822266
3718,38.99803161621094
3719,48.225059509277344
3720,25.303409576416016
3721,37.90583801269531
3722,35.74372100830078
3723,40.273353576660156
3724,49.28281021118164
3725,37.9096565246582
3726,51.27338790893555
3727,28.34575843811035
3728,30.78510856628418
3729,36.052547454833984
3730,33.617557525634766
3731,31.619802474975586
3732,29.728151321411133
3733,42.815757751464844
3734,42.418209075927734
3735,20.443376541137695
3736,40.34859848022461
3737,24.685993194580078
3738,29.957082748413086
3739,43.767982482910156
3740,36.23371505737305
3741,44.610694885253906
3742,38.1762580871582
3743,29.893430709838867
3744,42.12095642089844
3745,36.174983978271484
3746,35.11457824707031
3747,40.42886734008789
3748,38.89308166503906
3749,48.30470275878906
3750,25.42746925354004
3751,37.689239501953125
3752,35.86578369140625
3753,40.07221603393555
3754,49.08765411376953
3755,37.90654754638672
3756,51.26151657104492
3757,28.3266658782959
3758,30.8288516998291
3759,36.04124450683594
3760,33.16313171386719
3761,31.41672706604004
3762,29.68339729309082
3763,42.96730041503906
3764,42.38465118408203
3765,20.311023712158203
3766,40.36565399169922
3767,24.686243057250977
3768,29.940488815307617
3769,43.51542282104492
3770,36.07552719116211
3771,44.52345657348633
3772,38.27061462402344
3773,29.94463539123535
3774,42.01708221435547
3775,36.25890350341797
3776,35.08030700683594
3777,40.418033599853516
3778,38.762107849121094
3779,48.33199691772461
3780,25.672954559326172
3781,37.68133544921875
3782,35.66455841064453
3783,40.06564712524414
3784,49.170677185058594
3785,37.81468200683594
3786,50.976829528808594
3787,28.600914001464844
3788,30.80989646911621
3789,36.1734504699707
3790,33.128639221191406
3791,31.55000877380371
3792,29.883005142211914
3793,43.0599250793457
3794,42.27284240722656
3795,20.411102294921875
3796,40.35805892944336
3797,24.691225051879883
3798,29.9344539642334
3799,43.48683166503906
3800,36.01326370239258
3801,44.579368591308594
3802,38.29172897338867
3803,29.92619514465332
3804,42.01394271850586
3805,36.27789306640625
3806,35.06623077392578
3807,40.43684768676758
3808,38.7670783996582
3809,48.331539154052734
3810,25.662216186523438
3811,37.67801284790039
3812,35.724945068359375
3813,40.05108642578125
3814,49.12574768066406
3815,37.82261657714844
3816,50.98562240600586
3817,28.55475425720215
3818,30.79193687438965
3819,36.09611511230469
3820,33.16889190673828
3821,31.517980575561523
3822,29.852785110473633
3823,43.03549575805664
3824,42.27436447143555
3825,20.384151458740234
3826,40.377784729003906
3827,24.687715530395508
3828,29.938730239868164
3829,43.487186431884766
3830,36.02463150024414
3831,44.524024963378906
3832,38.294307708740234
3833,29.994131088256836
3834,41.8474235534668
3835,36.35529327392578
3836,35.05146408081055
3837,40.433467864990234
3838,38.75309371948242
3839,48.29730987548828
3840,25.58547019958496
3841,37.816307067871094
3842,35.49452209472656
3843,40.30486297607422
3844,49.548152923583984
3845,37.82001876831055
3846,51.00693893432617
3847,28.62706756591797
3848,30.74815559387207
3849,36.231998443603516
3850,33.79276657104492
3851,31.860097885131836
3852,29.962696075439453
3853,42.84256362915039
3854,42.37529373168945
3855,20.591552734375
3856,40.29693603515625
3857,24.66985511779785
3858,29.954505920410156
3859,43.91936492919922
3860,36.28376007080078
3861,44.810977935791016
3862,38.13499069213867
3863,29.74081802368164
3864,42.48638153076172
3865,36.008583068847656
3866,35.13026428222656
3867,40.369632720947266
3868,39.00572204589844
3869,48.226173400878906
3870,25.147724151611328
3871,37.79591369628906
3872,35.94540023803711
3873,40.1793327331543
3874,49.14646530151367
3875,37.97616195678711
3876,51.46250534057617
3877,28.153547286987305
3878,30.77840232849121
3879,35.94801712036133
3880,33.47163772583008
3881,31.42865753173828
3882,29.581872940063477
3883,42.83970642089844
3884,42.43918228149414
3885,20.254671096801758
3886,40.42610549926758
3887,24.661434173583984
3888,29.955032348632812
3889,43.65916061401367
3890,36.15516662597656
3891,44.3585319519043
3892,38.2736701965332
3893,30.208311080932617
3894,41.40424728393555
3895,36.54588317871094
3896,35.05747985839844
3897,40.45566177368164
3898,38.72433090209961
3899,48.266944885253906
3900,25.35061264038086
3901,37.97923278808594
3902,35.29222869873047
3903,40.74271011352539
3904,50.25063705444336
3905,37.98288345336914
3906,51.69682693481445
3907,28.299654006958008
3908,30.899797439575195
3909,36.296512603759766
3910,33.286006927490234
3911,31.645042419433594
3912,29.60456657409668
3913,42.7369499206543
3914,42.663299560546875
3915,20.47329330444336
3916,40.146488189697266
3917,24.607759475708008
3918,29.92380142211914
3919,44.18021774291992
3920,36.47568130493164
3921,44.89005661010742
3922,38.09976577758789
3923,29.703149795532227
3924,42.916709899902344
3925,35.85029983520508
3926,35.29780578613281
3927,40.31436538696289
3928,39.166465759277344
3929,48.18489456176758
3930,24.862934112548828
3931,37.82558822631836
3932,36.061649322509766
3933,40.18461227416992
3934,49.064029693603516
3935,38.0677604675293
3936,51.660797119140625
3937,28.004358291625977
3938,30.800214767456055
3939,35.839080810546875
3940,33.55595779418945
3941,31.351032257080078
3942,29.512470245361328
3943,42.78955078125
3944,42.485076904296875
3945,20.32501792907715
3946,40.34322738647461
3947,24.70919418334961
3948,29.95487403869629
3949,43.61628723144531
3950,36.2859992980957
3951,44.788150787353516
3952,38.11265182495117
3953,29.5727596282959
3954,43.01201629638672
3955,35.851707458496094
3956,35.175907135009766
3957,40.32168197631836
3958,39.14830780029297
3959,48.14382553100586
3960,25.254858016967773
3961,38.03858947753906
3962,35.614646911621094
3963,40.305938720703125
3964,49.3163948059082
3965,37.82877731323242
3966,50.90180587768555
3967,28.596519470214844
3968,30.69831085205078
3969,36.04020309448242
3970,33.87864303588867
3971,31.799121856689453
3972,29.979944229125977
3973,42.862632751464844
3974,42.27077102661133
3975,20.62370491027832
3976,40.31338119506836
3977,24.715572357177734
3978,29.956571578979492
3979,43.70318603515625
3980,36.18073654174805
3981,44.8212776184082
3982,38.13155746459961
3983,29.678327560424805
3984,42.4815788269043
3985,35.99721145629883
3986,35.05003356933594
3987,40.36349105834961
3988,38.94110107421875
3989,48.23362350463867
3990,25.33270835876465
3991,37.78074645996094
3992,35.8150634765625
3993,40.137542724609375
3994,49.147369384765625
3995,37.89686965942383
3996,51.18650436401367
3997,28.332855224609375
3998,30.74361228942871
3999,35.985042572021484
4000,33.43781661987305
4001,31.508298873901367
4002,29.707895278930664
4003,42.88346481323242
4004,42.36117172241211
4005,20.336956024169922
4006,40.3766975402832
4007,24.657217025756836
4008,29.941844940185547
4009,43.70396041870117
4010,36.11008834838867
4011,44.49109649658203
4012,38.1954460144043
4013,30.0397891998291
4014,41.64662170410156
4015,36.304847717285156
4016,34.99549102783203
4017,40.38109588623047
4018,38.6849365234375
4019,48.299991607666016
4020,25.512142181396484
4021,37.731136322021484
4022,35.4525260925293
4023,40.29129409790039
4024,49.610565185546875
4025,37.8340950012207
4026,51.0780029296875
4027,28.560102462768555
4028,30.74092674255371
4029,36.231075286865234
4030,33.69107437133789
4031,31.80615997314453
4032,29.916385650634766
4033,42.849491119384766
4034,42.384910583496094
4035,20.522905349731445
4036,40.28813171386719
4037,24.64301300048828
4038,29.943462371826172
4039,43.97608184814453
4040,36.24199676513672
4041,44.78756332397461
4042,38.08735275268555
4043,29.771408081054688
4044,42.29551315307617
4045,35.961421966552734
4046,35.04719161987305
4047,40.31375503540039
4048,38.88422775268555
4049,48.25061798095703
4050,25.207080841064453
4051,37.668399810791016
4052,35.90046691894531
4053,40.08612060546875
4054,49.10651397705078
4055,37.96289825439453
4056,51.39529037475586
4057,28.1619873046875
4058,30.75889015197754
4059,35.900299072265625
4060,33.34780502319336
4061,31.367870330810547
4062,29.58843231201172
4063,42.88175964355469
4064,42.41409683227539
4065,20.235286712646484
4066,40.392730712890625
4067,24.653461456298828
4068,29.944395065307617
4069,43.626922607421875
4070,36.089935302734375
4071,44.40262985229492
4072,38.20962905883789
4073,30.112743377685547
4074,41.471839904785156
4075,36.38978576660156
4076,34.9644660949707
4077,40.372093200683594
4078,38.63392639160156
4079,48.28135299682617
4080,25.500545501708984
4081,37.8545036315918
4082,35.23230743408203
4083,40.55327224731445
4084,50.068599700927734
4085,37.889434814453125
4086,51.323726654052734
4087,28.47895622253418
4088,30.816457748413086
4089,36.27610778808594
4090,33.319114685058594
4091,31.70069694519043
4092,29.753156661987305
4093,42.810691833496094
4094,42.54844284057617
4095,20.467702865600586
4096,40.18088912963867
4097,24.596534729003906
4098,29.917964935302734
4099,44.103477478027344
4100,36.3103141784668
4101,44.668331146240234
4102,38.06427001953125
4103,29.871538162231445
4104,42.23664093017578
4105,35.9299430847168
4106,35.1196174621582
4107,40.28334426879883
4108,38.943519592285156
4109,48.22557830810547
4110,24.979473114013672
4111,37.72549819946289
4112,35.91507339477539
4113,40.1999397277832
4114,49.22352981567383
4115,38.01774978637695
4116,51.592811584472656
4117,28.06381607055664
4118,30.758930206298828
4119,35.93547439575195
4120,33.52043914794922
4121,31.420175552368164
4122,29.553388595581055
4123,42.806488037109375
4124,42.437904357910156
4125,20.2218017578125
4126,40.435829162597656
4127,24.648574829101562
4128,29.944108963012695
4129,43.68547439575195
4130,36.10430145263672
4131,44.31241226196289
4132,38.24146270751953
4133,30.259265899658203
4134,41.16385269165039
4135,36.57771682739258
4136,34.98541259765625
4137,40.421382904052734
4138,38.65214538574219
4139,48.24905776977539
4140,25.272594451904297
4141,38.05511474609375
4142,35.214298248291016
4143,40.9520263671875
4144,50.56245422363281
4145,38.08257293701172
4146,51.95197677612305
4147,28.196487426757812
4148,30.949050903320312
4149,36.1524543762207
4150,33.153724670410156
4151,31.546602249145508
4152,29.541488647460938
4153,42.684452056884766
4154,42.67839050292969
4155,20.477293014526367
4156,40.10692596435547
4157,24.620105743408203
4158,29.92184066772461
4159,44.2552490234375
4160,36.61793899536133
4161,45.0529670715332
4162,38.012508392333984
4163,29.61775779724121
4164,43.069576263427734
4165,35.7979850769043
4166,35.277244567871094
4167,40.32487869262695
4168,39.15486526489258
4169,48.196529388427734
4170,24.848981857299805
4171,37.72980880737305
4172,36.19769287109375
4173,40.070919036865234
4174,48.90479278564453
4175,38.118282318115234
4176,51.68534851074219
4177,27.956993103027344
4178,30.784170150756836
4179,35.81418228149414
4180,33.530330657958984
4181,31.288827896118164
4182,29.471437454223633
4183,42.809913635253906
4184,42.4925537109375
4185,20.2829532623291
4186,40.29689025878906
4187,24.723188400268555
4188,29.94247055053711
4189,43.43638610839844
4190,36.20332717895508
4191,44.78334045410156
4192,38.0932502746582
4193,29.50062370300293
4194,43.17566680908203
4195,35.77549743652344
4196,35.17110061645508
4197,40.311676025390625
4198,39.21186447143555
4199,48.10996627807617
4200,25.256582260131836
4201,38.07598114013672
4202,35.61266326904297
4203,40.265716552734375
4204,49.22911834716797
4205,37.79341125488281
4206,50.72001266479492
4207,28.666833877563477
4208,30.652841567993164
4209,35.9487190246582
4210,33.88023376464844
4211,31.77549934387207
4212,30.02826499938965
4213,42.89073181152344
4214,42.1910400390625
4215,20.60198211669922
4216,40.359046936035156
4217,24.722726821899414
4218,29.95619010925293
4219,43.62413024902344
4220,36.10878372192383
4221,44.706295013427734
4222,38.13813018798828
4223,29.782100677490234
4224,42.08497619628906
4225,36.126155853271484
4226,34.954925537109375
4227,40.388912200927734
4228,38.7474250793457
4229,48.308319091796875
4230,25.614877700805664
4231,37.570281982421875
4232,35.7918586730957
4233,39.921363830566406
4234,48.980010986328125
4235,37.83180236816406
4236,50.9891357421875
4237,28.41593360900879
4238,30.75064468383789
4239,35.96589279174805
4240,33.02338409423828
4241,31.35196304321289
4242,29.72944450378418
4243,43.034400939941406
4244,42.29438400268555
4245,20.26325798034668
4246,40.33676528930664
4247,24.659603118896484
4248,29.90949249267578
4249,43.46869659423828
4250,35.963680267333984
4251,44.525821685791016
4252,38.22086715698242
4253,29.904756546020508
4254,41.913700103759766
4255,36.15671157836914
4256,34.942378997802734
4257,40.30945587158203
4258,38.58745574951172
4259,48.32298278808594
4260,25.73800277709961
4261,37.564361572265625
4262,35.532413482666016
4263,39.980430603027344
4264,49.178401947021484
4265,37.764488220214844
4266,50.8125114440918
4267,28.667051315307617
4268,30.731021881103516
4269,36.159454345703125
4270,33.10315704345703
4271,31.54953956604004
4272,29.94873046875
4273,43.10151290893555
4274,42.18711471557617
4275,20.38091468811035
4276,40.351356506347656
4277,24.65258026123047
4278,29.91036033630371
4279,43.52235412597656
4280,35.90532302856445
4281,44.53365707397461
4282,38.244537353515625
4283,29.99883460998535
4284,41.62260437011719
4285,36.2884521484375
4286,34.90888595581055
4287,40.31898880004883
4288,38.562530517578125
4289,48.29078674316406
4290,25.57151985168457
4291,37.71943664550781
4292,35.3261604309082
4293,40.32581329345703
4294,49.73799133300781
4295,37.82235336303711
4296,51.0665168762207
4297,28.535558700561523
4298,30.709745407104492
4299,36.19673156738281
4300,33.62674331665039
4301,31.762006759643555
4302,29.8663387298584
4303,42.81916427612305
4304,42.410919189453125
4305,20.461227416992188
4306,40.26783752441406
4307,24.602596282958984
4308,29.93516731262207
4309,44.13859176635742
4310,36.2935676574707
4311,44.745262145996094
4312,38.02121353149414
4313,29.830408096313477
4314,42.1159553527832
4315,35.92845153808594
4316,34.998817443847656
4317,40.27488708496094
4318,38.81953048706055
4319,48.250587463378906
4320,25.139175415039062
4321,37.579524993896484
4322,35.92969512939453
4323,40.030452728271484
4324,49.076560974121094
4325,37.98391342163086
4326,51.44889450073242
4327,28.08244514465332
4328,30.730915069580078
4329,35.84621047973633
4330,33.29353713989258
4331,31.29103660583496
4332,29.5452880859375
4333,42.88432693481445
4334,42.408287048339844
4335,20.219356536865234
4336,40.32559585571289
4337,24.64280128479004
4338,29.92534828186035
4339,43.68107604980469
4340,36.135746002197266
4341,44.733421325683594
4342,38.07136917114258
4343,29.662939071655273
4344,42.52949142456055
4345,35.8046760559082
4346,34.967281341552734
4347,40.18415451049805
4348,38.804962158203125
4349,48.18833923339844
4350,25.35610008239746
4351,37.82710647583008
4352,35.44485855102539
4353,40.24266052246094
4354,49.44041442871094
4355,37.80796813964844
4356,50.87897491455078
4357,28.588895797729492
4358,30.640583038330078
4359,36.00155258178711
4360,33.85977554321289
4361,31.713756561279297
4362,29.943737030029297
4363,42.84989547729492
4364,42.20956039428711
4365,20.44936752319336
4366,40.45671844482422
4367,24.683704376220703
4368,29.9571533203125
4369,43.572608947753906
4370,35.99446105957031
4371,44.30776596069336
4372,38.26128387451172
4373,30.37421417236328
4374,40.7895393371582
4375,36.818687438964844
4376,34.935821533203125
4377,40.507835388183594
4378,38.565948486328125
4379,48.260963439941406
4380,25.224679946899414
4381,38.02389907836914
4382,35.215763092041016
4383,41.06258010864258
4384,50.76254653930664
4385,38.150657653808594
4386,52.15918731689453
4387,28.063804626464844
4388,30.918764114379883
4389,36.13048553466797
4390,33.22523498535156
4391,31.516387939453125
4392,29.469093322753906
4393,42.64951705932617
4394,42.7242431640625
4395,20.404218673706055
4396,40.12517547607422
4397,24.570810317993164
4398,29.921932220458984
4399,44.40048599243164
4400,36.57093811035156
4401,44.91678237915039
4402,37.982547760009766
4403,29.716100692749023
4404,42.779727935791016
4405,35.75450897216797
4406,35.20061492919922
4407,40.25284194946289
4408,39.07487487792969
4409,48.17924499511719
4410,24.81192398071289
4411,37.71585464477539
4412,36.062591552734375
4413,40.10615158081055
4414,49.025569915771484
4415,38.06867218017578
4416,51.62224578857422
4417,27.95843505859375
4418,30.733980178833008
4419,35.74503707885742
4420,33.549442291259766
4421,31.292272567749023
4422,29.498414993286133
4423,42.78874969482422
4424,42.44020462036133
4425,20.29649543762207
4426,40.304744720458984
4427,24.695655822753906
4428,29.933780670166016
4429,43.57711410522461
4430,36.229557037353516
4431,44.80946731567383
4432,38.03828048706055
4433,29.517763137817383
4434,42.99372863769531
4435,35.74747085571289
4436,35.07533264160156
4437,40.264892578125
4438,39.09560012817383
4439,48.11287307739258
4440,25.230844497680664
4441,37.99749755859375
4442,35.588844299316406
4443,40.25487518310547
4444,49.28439712524414
4445,37.79977798461914
4446,50.7704963684082
4447,28.60365867614746
4448,30.615747451782227
4449,35.907508850097656
4450,33.95469284057617
4451,31.74584197998047
4452,29.994112014770508
4453,42.85313034057617
4454,42.17000198364258
4455,20.524398803710938
4456,40.4238395690918
4457,24.709341049194336
4458,29.955615997314453
4459,43.541378021240234
4460,36.02030563354492
4461,44.44483947753906
4462,38.204795837402344
4463,30.115243911743164
4464,41.261314392089844
4465,36.528926849365234
4466,34.8929328918457
4467,40.40938186645508
4468,38.637271881103516
4469,48.22003173828125
4470,25.27969741821289
4471,38.070919036865234
4472,35.20418167114258
4473,40.958377838134766
4474,50.57829284667969
4475,38.08171463012695
4476,51.90586853027344
4477,28.171783447265625
4478,30.897541046142578
4479,36.05918502807617
4480,33.17341232299805
4481,31.51239585876465
4482,29.529233932495117
4483,42.66666030883789
4484,42.65927505493164
4485,20.451601028442383
4486,40.10274124145508
4487,24.59716033935547
4488,29.91558837890625
4489,44.32044219970703
4490,36.59947204589844
4491,45.000553131103516
4492,37.95891571044922
4493,29.648256301879883
4494,42.92293167114258
4495,35.74259948730469
4496,35.21330261230469
4497,40.275390625
4498,39.11238098144531
4499,48.17694091796875
4500,24.7979736328125
4501,37.70708084106445
4502,36.15277862548828
4503,40.06760025024414
4504,48.93754577636719
4505,38.10148239135742
4506,51.65216827392578
4507,27.92923927307129
4508,30.73951530456543
4509,35.74346160888672
4510,33.542503356933594
4511,31.263511657714844
4512,29.464839935302734
4513,42.7899169921875
4514,42.466609954833984
4515,20.28644371032715
4516,40.2685546875
4517,24.709190368652344
4518,29.93532371520996
4519,43.45976638793945
4520,36.198387145996094
4521,44.79234313964844
4522,38.03675842285156
4523,29.48856544494629
4524,43.123069763183594
4525,35.71577835083008
4526,35.11207962036133
4527,40.27226257324219
4528,39.16944122314453
4529,48.095741271972656
4530,25.221572875976562
4531,38.01932907104492
4532,35.61566162109375
4533,40.21250915527344
4534,49.189334869384766
4535,37.78534698486328
4536,50.688575744628906
4537,28.636171340942383
4538,30.612689971923828
4539,35.892757415771484
4540,33.813480377197266
4541,31.708606719970703
4542,30.007793426513672
4543,42.908687591552734
4544,42.15031814575195
4545,20.527183532714844
4546,40.387454986572266
4547,24.699403762817383
4548,29.94460105895996
4549,43.56184768676758
4550,36.003990173339844
4551,44.538204193115234
4552,38.170196533203125
4553,29.98491096496582
4554,41.516292572021484
4555,36.33856964111328
4556,34.86244583129883
4557,40.350425720214844
4558,38.576934814453125
4559,48.265289306640625
4560,25.512020111083984
4561,37.791473388671875
4562,35.2324333190918
4563,40.48569869995117
4564,50.016353607177734
4565,37.8729362487793
4566,51.27146530151367
4567,28.419933319091797
4568,30.752290725708008
4569,36.20848846435547
4570,33.341636657714844
4571,31.651935577392578
4572,29.70973777770996
4573,42.786224365234375
4574,42.532752990722656
4575,20.39409637451172
4576,40.186500549316406
4577,24.563377380371094
4578,29.909786224365234
4579,44.24134063720703
4580,36.31863021850586
4581,44.65811538696289
4582,37.991859436035156
4583,29.901086807250977
4584,42.03224563598633
4585,35.87964630126953
4586,35.016387939453125
4587,40.22920227050781
4588,38.81556701660156
4589,48.237709045410156
4590,25.010738372802734
4591,37.58295440673828
4592,35.9035530090332
4593,40.079856872558594
4594,49.14662170410156
4595,38.00682830810547
4596,51.52402114868164
4597,28.039766311645508
4598,30.713266372680664
4599,35.85693359375
4600,33.39321517944336
4601,31.325132369995117
4602,29.536344528198242
4603,42.85253143310547
4604,42.40016555786133
4605,20.171337127685547
4606,40.39789581298828
4607,24.634021759033203
4608,29.92241668701172
4609,43.603450775146484
4610,36.00655746459961
4611,44.322845458984375
4612,38.19362258911133
4613,30.177780151367188
4614,41.178466796875
4615,36.451072692871094
4616,34.860042572021484
4617,40.319435119628906
4618,38.5222282409668
4619,48.24234390258789
4620,25.407577514648438
4621,38.0051383972168
4622,35.064598083496094
4623,40.89302062988281
4624,50.58940124511719
4625,38.024837493896484
4626,51.676361083984375
4627,28.3544864654541
4628,30.875038146972656
4629,36.096397399902344
4630,33.049652099609375
4631,31.55070686340332
4632,29.67592430114746
4633,42.75354766845703
4634,42.54753875732422
4635,20.491317749023438
4636,40.087684631347656
4637,24.602895736694336
4638,29.895557403564453
4639,44.19484329223633
4640,36.4771842956543
4641,45.01807403564453
4642,37.97462463378906
4643,29.602262496948242
4644,42.90458679199219
4645,35.7125244140625
4646,35.14686584472656
4647,40.235740661621094
4648,39.020137786865234
4649,48.178016662597656
4650,24.900733947753906
4651,37.668399810791016
4652,36.058982849121094
4653,40.02793502807617
4654,48.92982482910156
4655,38.05172348022461
4656,51.53646469116211
4657,27.971839904785156
4658,30.72171974182129
4659,35.73668670654297
4660,33.47196960449219
4661,31.256349563598633
4662,29.482723236083984
4663,42.80228042602539
4664,42.439048767089844
4665,20.28436851501465
4666,40.25716781616211
4667,24.703996658325195
4668,29.926942825317383
4669,43.46787643432617
4670,36.18841552734375
4671,44.80956268310547
4672,38.017032623291016
4673,29.47670555114746
4674,43.10115432739258
4675,35.69648742675781
4676,35.08772659301758
4677,40.26374435424805
4678,39.15336608886719
4679,48.093502044677734
4680,25.199453353881836
4681,37.99451446533203
4682,35.64533615112305
4683,40.18925094604492
4684,49.15306091308594
4685,37.79175567626953
4686,50.70551300048828
4687,28.586505889892578
4688,30.59980583190918
4689,35.85612487792969
4690,33.81092071533203
4691,31.68562889099121
4692,29.977624893188477
4693,42.889713287353516
4694,42.15623474121094
4695,20.502595901489258
4696,40.38516616821289
4697,24.69001007080078
4698,29.936662673950195
4699,43.57420349121094
4700,35.98687744140625
4701,44.50143051147461
4702,38.1649055480957
4703,30.02011489868164
4704,41.405242919921875
4705,36.361881256103516
4706,34.840675354003906
4707,40.334415435791016
4708,38.54201889038086
4709,48.25689697265625
4710,25.465023040771484
4711,37.82347106933594
4712,35.181819915771484
4713,40.58543395996094
4714,50.17744064331055
4715,37.915618896484375
4716,51.417625427246094
4717,28.344514846801758
4718,30.77388572692871
4719,36.17546081542969
4720,33.256038665771484
4721,31.60371971130371
4722,29.65123176574707
4723,42.75688171386719
4724,42.570552825927734
4725,20.3831844329834
4726,40.157081604003906
4727,24.557674407958984
4728,29.901817321777344
4729,44.19861602783203
4730,36.28290557861328
4731,44.558738708496094
4732,38.00241470336914
4733,29.96951675415039
4734,41.86298751831055
4735,35.917842864990234
4736,34.988258361816406
4737,40.21327590942383
4738,38.72547912597656
4739,48.25358581542969
4740,25.092275619506836
4741,37.524803161621094
4742,35.82227325439453
4743,40.03933334350586
4744,49.15390396118164
4745,37.965782165527344
4746,51.436500549316406
4747,28.100292205810547
4748,30.70506477355957
4749,35.91059112548828
4750,33.285240173339844
4751,31.328001022338867
4752,29.57540512084961
4753,42.89608383178711
4754,42.35270690917969
4755,20.16727638244629
4756,40.39158630371094
4757,24.625749588012695
4758,29.907827377319336
4759,43.56496810913086
4760,35.94469451904297
4761,44.30554962158203
4762,38.21656799316406
4763,30.20603370666504
4764,41.09160614013672
4765,36.49725341796875
4766,34.84392547607422
4767,40.31412124633789
4768,38.51197052001953
4769,48.220890045166016
4770,25.32651710510254
4771,38.1087532043457
4772,35.05607604980469
4773,40.98977279663086
4774,50.631935119628906
4775,38.01931381225586
4776,51.627197265625
4777,28.350370407104492
4778,30.826255798339844
4779,36.14563751220703
4780,33.149356842041016
4781,31.613035202026367
4782,29.707714080810547
4783,42.76041793823242
4784,42.54379653930664
4785,20.44734764099121
4786,40.13084030151367
4787,24.567949295043945
4788,29.892900466918945
4789,44.15772247314453
4790,36.30841064453125
4791,44.57918930053711
4792,38.00708770751953
4793,29.918134689331055
4794,42.018062591552734
4795,35.91689682006836
4796,35.027889251708984
4797,40.24345779418945
4798,38.8313102722168
4799,48.2113151550293
4800,24.988895416259766
4801,37.635589599609375
4802,35.87811279296875
4803,40.11518859863281
4804,49.17303466796875
4805,37.97835922241211
4806,51.47822570800781
4807,28.069332122802734
4808,30.685068130493164
4809,35.913883209228516
4810,33.47721481323242
4811,31.387208938598633
4812,29.56639862060547
4813,42.82237243652344
4814,42.352779388427734
4815,20.184600830078125
4816,40.40736389160156
4817,24.62089729309082
4818,29.90543556213379
4819,43.60566711425781
4820,35.97478103637695
4821,44.2435417175293
4822,38.263824462890625
4823,30.313278198242188
4824,40.942386627197266
4825,36.64751434326172
4826,34.8956413269043
4827,40.361663818359375
4828,38.52828598022461
4829,48.200992584228516
4830,25.18168830871582
4831,38.1950569152832
4832,35.10685348510742
4833,41.09321975708008
4834,50.66792678833008
4835,38.03807067871094
4836,51.74967575073242
4837,28.24953842163086
4838,30.818994522094727
4839,36.273223876953125
4840,33.23063659667969
4841,31.648544311523438
4842,29.645994186401367
4843,42.7350959777832
4844,42.60491180419922
4845,20.38975715637207
4846,40.15113067626953
4847,24.53826904296875
4848,29.89348793029785
4849,44.37569808959961
4850,36.42544937133789
4851,44.66267776489258
4852,38.00803756713867
4853,29.886781692504883
4854,42.203208923339844
4855,35.89828109741211
4856,35.10044479370117
4857,40.26539611816406
4858,38.95037078857422
4859,48.18015670776367
4860,24.818008422851562
4861,37.72110366821289
4862,36.005428314208984
4863,40.181636810302734
4864,49.16427993774414
4865,38.03929138183594
4866,51.63787841796875
4867,27.953853607177734
4868,30.68446922302246
4869,35.84718322753906
4870,33.65296936035156
4871,31.376155853271484
4872,29.497148513793945
4873,42.74616241455078
4874,42.39855194091797
4875,20.185138702392578
4876,40.40317153930664
4877,24.631732940673828
4878,29.90814208984375
4879,43.608192443847656
4880,36.04269027709961
4881,44.241634368896484
4882,38.25784683227539
4883,30.26272964477539
4884,41.079994201660156
4885,36.621192932128906
4886,34.91320037841797
4887,40.377132415771484
4888,38.58626937866211
4889,48.178279876708984
4890,25.19331169128418
4891,38.24605941772461
4892,35.10274887084961
4893,41.09565734863281
4894,50.64187240600586
4895,38.01686096191406
4896,51.67116165161133
4897,28.30411720275879
4898,30.813457489013672
4899,36.26948547363281
4900,33.229183197021484
4901,31.667552947998047
4902,29.687929153442383
4903,42.74698257446289
4904,42.56306838989258
4905,20.424644470214844
4906,40.13637924194336
4907,24.55004119873047
4908,29.880990982055664
4909,44.282501220703125
4910,36.39572525024414
4911,44.65180587768555
4912,38.040061950683594
4913,29.861129760742188
4914,42.278541564941406
4915,35.91842269897461
4916,35.11833190917969
4917,40.277530670166016
4918,38.97108840942383
4919,48.16334915161133
4920,24.8187198638916
4921,37.76639938354492
4922,35.99277114868164
4923,40.20693588256836
4924,49.174320220947266
4925,38.02396011352539
4926,51.61774826049805
4927,27.96938705444336
4928,30.67684555053711
4929,35.88047790527344
4930,33.70774459838867
4931,31.412734985351562
4932,29.50901222229004
4933,42.7259635925293
4934,42.38369369506836
4935,20.193748474121094
4936,40.409061431884766
4937,24.62908363342285
4938,29.90201759338379
4939,43.6099739074707
4940,36.038902282714844
4941,44.20513916015625
4942,38.299556732177734
4943,30.325084686279297
4944,41.000640869140625
4945,36.715667724609375
4946,34.94765090942383
4947,40.409549713134766
4948,38.57304763793945
4949,48.1807975769043
4950,25.160171508789062
4951,38.233726501464844
4952,35.12376022338867
4953,41.11509323120117
4954,50.667083740234375
4955,38.040374755859375
4956,51.804443359375
4957,28.223600387573242
4958,30.83498191833496
4959,36.30455780029297
4960,33.206600189208984
4961,31.635326385498047
4962,29.609619140625
4963,42.715232849121094
4964,42.60380935668945
4965,20.400867462158203
4966,40.119197845458984
4967,24.544343948364258
4968,29.87156105041504
4969,44.225006103515625
4970,36.360984802246094
4971,44.55249786376953
4972,38.0854606628418
4973,29.930225372314453
4974,42.16083908081055
4975,35.983150482177734
4976,35.11869812011719
4977,40.278995513916016
4978,38.904876708984375
4979,48.17417907714844
4980,24.896533966064453
4981,37.73737335205078
4982,35.925472259521484
4983,40.18177795410156
4984,49.177772521972656
4985,37.98344039916992
4986,51.548648834228516
4987,28.02325439453125
4988,30.676401138305664
4989,35.94622039794922
4990,33.61514663696289
4991,31.42155647277832
4992,29.54037094116211
4993,42.75893020629883
4994,42.34629440307617
4995,20.2022705078125
4996,40.40046310424805
4997,24.625255584716797
4998,29.890111923217773
4999,43.55453872680664
5000,35.997222900390625
5001,44.18373489379883
5002,38.34840774536133
5003,30.357723236083984
5004,40.97888946533203
5005,36.78117752075195
5006,34.96998596191406
5007,40.43296813964844
5008,38.551918029785156
5009,48.18758773803711
5010,25.183490753173828
5011,38.200889587402344
5012,35.125850677490234
5013,41.1064338684082
5014,50.686363220214844
5015,38.05861282348633
5016,51.9050178527832
5017,28.177400588989258
5018,30.860897064208984
5019,36.29502487182617
5020,33.157623291015625
5021,31.58802032470703
5022,29.552114486694336
5023,42.691322326660156
5024,42.61903762817383
5025,20.401485443115234
5026,40.08994674682617
5027,24.549962997436523
5028,29.862655639648438
5029,44.10438537597656
5030,36.30352020263672
5031,44.47869110107422
5032,38.138099670410156
5033,29.9534969329834
5034,42.14834976196289
5035,36.01093292236328
5036,35.11509323120117
5037,40.25327682495117
5038,38.83543014526367
5039,48.17015075683594
5040,24.99056625366211
5041,37.74707794189453
5042,35.77448272705078
5043,40.19499206542969
5044,49.246376037597656
5045,37.9195556640625
5046,51.41371536254883
5047,28.140851974487305
5048,30.665096282958984
5049,36.048072814941406
5050,33.59162902832031
5051,31.501354217529297
5052,29.63654327392578
5053,42.79057312011719
5054,42.285865783691406
5055,20.245155334472656
5056,40.40625762939453
5057,24.62228012084961
5058,29.881916046142578
5059,43.466732025146484
5060,35.913333892822266
5061,44.1012077331543
5062,38.447139739990234
5063,30.54084014892578
5064,40.69386672973633
5065,37.04049301147461
5066,35.02843475341797
5067,40.54182815551758
5068,38.439945220947266
5069,48.26905822753906
5070,25.334684371948242
5071,37.949405670166016
5072,35.15477752685547
5073,40.96477127075195
5074,50.690547943115234
5075,38.11516189575195
5076,52.23174285888672
5077,28.03805923461914
5078,30.975719451904297
5079,36.26934051513672
5080,32.94635772705078
5081,31.425342559814453
5082,29.381956100463867
5083,42.64899826049805
5084,42.68843078613281
5085,20.337448120117188
5086,40.08995819091797
5087,24.557048797607422
5088,29.879589080810547
5089,44.30689239501953
5090,36.57887649536133
5091,44.76976013183594
5092,38.04976272583008
5093,29.72315788269043
5094,42.99197769165039
5095,35.80043411254883
5096,35.32270812988281
5097,40.2861328125
5098,39.257179260253906
5099,48.07715606689453
5100,24.619487762451172
5101,37.93723678588867
5102,36.04224395751953
5103,40.23625946044922
5104,49.07394027709961
5105,38.02096176147461
5106,51.551300048828125
5107,27.982091903686523
5108,30.65499496459961
5109,35.81258773803711
5110,33.81022644042969
5111,31.408557891845703
5112,29.524934768676758
5113,42.71220016479492
5114,42.34516525268555
5115,20.239845275878906
5116,40.39909744262695
5117,24.663158416748047
5118,29.89998435974121
5119,43.46763610839844
5120,36.056541442871094
5121,44.23173141479492
5122,38.330142974853516
5123,30.219589233398438
5124,41.260765075683594
5125,36.70252227783203
5126,34.96507263183594
5127,40.440040588378906
5128,38.67104721069336
5129,48.13323974609375
5130,25.18535041809082
