iteration,loss
1,856.0044555664062
2,734.670166015625
3,579.2459716796875
4,865.7291259765625
5,814.3974609375
6,819.0648803710938
7,596.3890380859375
8,696.1146240234375
9,895.7672119140625
10,769.2756958007812
11,564.803955078125
12,785.6787109375
13,601.7604370117188
14,909.5321044921875
15,818.9239501953125
16,710.3841552734375
17,836.0972900390625
18,619.2418212890625
19,792.8224487304688
20,752.7266235351562
21,621.8187866210938
22,981.19287109375
23,664.0538940429688
24,805.2064208984375
25,753.76513671875
26,717.1687622070312
27,849.0758056640625
28,634.249267578125
29,875.5281982421875
30,766.38037109375
31,842.8246459960938
32,733.1981201171875
33,578.2374877929688
34,864.0725708007812
35,812.7787475585938
36,817.3641967773438
37,595.2891845703125
38,694.8139038085938
39,894.01708984375
40,767.7257080078125
41,563.68359375
42,784.3048095703125
43,600.6137084960938
44,907.742431640625
45,817.2228393554688
46,708.89697265625
47,834.4515991210938
48,618.0691528320312
49,791.3079833984375
50,751.318603515625
51,620.600341796875
52,979.2571411132812
53,662.702392578125
54,803.6365356445312
55,752.278564453125
56,715.7863159179688
57,847.450439453125
58,632.9898681640625
59,873.9011840820312
60,764.8233642578125
61,841.0494995117188
62,731.6334838867188
63,577.16552734375
64,862.3099365234375
65,811.0552978515625
66,815.5538330078125
67,594.1179809570312
68,693.4273681640625
69,892.1513671875
70,766.0728759765625
71,562.489013671875
72,782.8392944335938
73,599.3902587890625
74,905.8317260742188
75,815.4067993164062
76,707.309326171875
77,832.6943359375
78,616.816650390625
79,789.690185546875
80,749.8143310546875
81,619.2988891601562
82,977.1888427734375
83,661.258544921875
84,801.958740234375
85,750.6898193359375
86,714.3092651367188
87,845.7132568359375
88,631.6442260742188
89,872.1629638671875
90,763.1591796875
91,839.1527099609375
92,729.9617919921875
93,576.0202026367188
94,860.4262084960938
95,809.21435546875
96,813.6202392578125
97,592.866943359375
98,691.9456787109375
99,890.1589965820312
100,764.3077392578125
101,561.213623046875
102,781.274169921875
103,598.083984375
104,903.7909545898438
105,813.4677124023438
106,705.6151123046875
107,830.8182373046875
108,615.479736328125
109,787.9636840820312
110,748.208984375
111,617.9104614257812
112,974.9822998046875
113,659.7186889648438
114,800.1691284179688
115,748.99560546875
116,712.7344970703125
117,843.861083984375
118,630.2098388671875
119,870.3107299804688
120,761.3856201171875
121,837.132080078125
122,728.1813354492188
123,574.8006591796875
124,858.4200439453125
125,807.2545776367188
126,811.5626220703125
127,591.5358276367188
128,690.36865234375
129,888.0396728515625
130,762.4307861328125
131,559.8577270507812
132,779.6104736328125
133,596.6957397460938
134,901.6214599609375
135,811.4071044921875
136,703.8155517578125
137,828.8256225585938
138,614.0599365234375
139,786.13037109375
140,746.504638671875
141,616.4371337890625
142,972.6408081054688
143,658.0852661132812
144,798.2708740234375
145,747.19873046875
146,711.06494140625
147,841.8976440429688
148,628.6898803710938
149,868.3483276367188
150,759.5065307617188
151,834.9921264648438
152,726.296142578125
153,573.5098266601562
154,856.2962646484375
155,805.1803588867188
156,809.385986328125
157,590.1279296875
158,688.699951171875
159,885.798095703125
160,760.4459228515625
161,558.4247436523438
162,777.85205078125
163,595.228759765625
164,899.3283081054688
165,809.229736328125
166,701.914794921875
167,826.7213745117188
168,612.5608520507812
169,784.1947631835938
170,744.705322265625
171,614.8826293945312
172,970.1698608398438
173,656.3621215820312
174,796.2680053710938
175,745.3031005859375
176,709.304443359375
177,839.8275146484375
178,627.0880126953125
179,866.2797241210938
180,757.5255737304688
181,832.737548828125
182,724.309814453125
183,572.1505126953125
184,854.058837890625
185,802.995361328125
186,807.0946655273438
187,588.6463012695312
188,686.9423828125
189,883.4379272460938
190,758.3565063476562
191,556.9171752929688
192,776.0022583007812
193,593.6857299804688
194,896.9150390625
195,806.9388427734375
196,699.915771484375
197,824.5093383789062
198,610.9851684570312
199,782.16015625
200,742.81396484375
201,613.2495727539062
202,967.5730590820312
203,654.5517578125
204,794.16357421875
205,743.3114013671875
206,707.4553833007812
207,837.6539306640625
208,625.4063720703125
209,864.107666015625
210,755.4454345703125
211,830.3716430664062
212,722.2254028320312
213,570.724609375
214,851.7107543945312
215,800.70166015625
216,804.6917724609375
217,587.0928344726562
218,685.0978393554688
219,880.9615478515625
220,756.164794921875
221,555.3367309570312
222,774.0631103515625
223,592.0682373046875
224,894.3839111328125
225,804.5367431640625
226,697.8199462890625
227,822.1915893554688
228,609.3341674804688
229,780.0282592773438
230,740.8321533203125
231,611.5394287109375
232,964.8525390625
233,652.6557006835938
234,791.9591064453125
235,741.2247924804688
236,705.51904296875
237,835.3783569335938
238,623.6463012695312
239,861.8333740234375
240,753.2671508789062
241,827.8953857421875
242,720.0436401367188
243,569.2330322265625
244,849.252685546875
245,798.3004150390625
246,802.1783447265625
247,585.4683837890625
248,683.1668090820312
249,878.3697509765625
250,753.871337890625
251,553.6839599609375
252,772.0352783203125
253,590.3768920898438
254,891.7353515625
255,802.0236206054688
256,695.6280517578125
257,819.7691040039062
258,607.6085205078125
259,777.7994995117188
260,738.7601928710938
261,609.752685546875
262,962.0084228515625
263,650.6741943359375
264,789.65478515625
265,739.0433959960938
266,703.4956665039062
267,833.0008544921875
268,621.8080444335938
269,859.45703125
270,750.9910888671875
271,825.3095092773438
272,717.7647705078125
273,567.676025390625
274,846.6849975585938
275,795.7914428710938
276,799.5546264648438
277,583.773193359375
278,681.1495361328125
279,875.6622314453125
280,751.4761962890625
281,551.9591064453125
282,769.9188232421875
283,588.6117553710938
284,888.9693603515625
285,799.3995361328125
286,693.3399658203125
287,817.2418212890625
288,605.8082275390625
289,775.4739990234375
290,736.5980224609375
291,607.8894653320312
292,959.0411376953125
293,648.6072387695312
294,787.250732421875
295,736.7672729492188
296,701.38525390625
297,830.5220336914062
298,619.8917236328125
299,856.9785766601562
300,748.6168823242188
301,822.6139526367188
302,715.388916015625
303,566.0535888671875
304,844.0075073242188
305,793.1746826171875
306,796.821044921875
307,582.0072631835938
308,679.04541015625
309,872.8389282226562
310,748.9791870117188
311,550.1621704101562
312,767.7137451171875
313,586.7727661132812
314,886.0855712890625
315,796.664306640625
316,690.9555053710938
317,814.6096801757812
318,603.933349609375
319,773.0516967773438
320,734.345703125
321,605.9496459960938
322,955.9501953125
323,646.4549560546875
324,784.74658203125
325,734.3961181640625
326,699.1876831054688
327,827.9414672851562
328,617.8972778320312
329,854.3977661132812
330,746.1445922851562
331,819.80859375
332,712.9158935546875
333,564.36572265625
334,841.2201538085938
335,790.4498291015625
336,793.9772338867188
337,580.1707153320312
338,676.8544921875
339,869.8994140625
340,746.380126953125
341,548.29296875
342,765.420166015625
343,584.8599853515625
344,883.0838623046875
345,793.817626953125
346,688.4745483398438
347,811.8729248046875
348,601.9837646484375
349,770.5324096679688
350,732.0029907226562
351,603.9334106445312
352,952.735595703125
353,644.2171020507812
354,782.142333984375
355,731.9298095703125
356,696.90283203125
357,825.2591552734375
358,615.8247680664062
359,851.714599609375
360,743.5737915039062
361,816.8935546875
362,710.3457641601562
363,562.6126708984375
364,838.3226318359375
365,787.6167602539062
366,791.0234375
367,578.2635498046875
368,674.57666015625
369,866.8436279296875
370,743.6788330078125
371,546.3516845703125
372,763.037841796875
373,582.8732299804688
374,879.9637451171875
375,790.8592529296875
376,685.8968505859375
377,809.0313720703125
378,599.9594116210938
379,767.9161376953125
380,729.56982421875
381,601.8407592773438
382,949.397216796875
383,641.8936157226562
384,779.4378662109375
385,729.3681640625
386,694.53076171875
387,822.47509765625
388,613.6741943359375
389,848.9288940429688
390,740.9047241210938
391,813.86865234375
392,707.6784057617188
393,560.7943115234375
394,835.3150634765625
395,784.675048828125
396,787.9595336914062
397,576.285888671875
398,672.2115478515625
399,863.671142578125
400,740.875244140625
401,544.338134765625
402,760.566650390625
403,580.8125610351562
404,876.7251586914062
405,787.7891235351562
406,683.222412109375
407,806.0848388671875
408,597.8604736328125
409,765.2027587890625
410,727.0460205078125
411,599.6716918945312
412,945.9345703125
413,639.4844970703125
414,776.6329345703125
415,726.7109375
416,692.0712890625
417,819.5892333984375
418,611.445556640625
419,846.040283203125
420,738.1367797851562
421,810.7340698242188
422,704.91357421875
423,558.9107666015625
424,832.1968383789062
425,781.6246337890625
426,784.7855224609375
427,574.2376708984375
428,669.7589111328125
429,860.3817138671875
430,737.9691162109375
431,542.25244140625
432,758.0068359375
433,578.6779174804688
434,873.36767578125
435,784.6068115234375
436,680.451171875
437,803.03369140625
438,595.686767578125
439,762.3919677734375
440,724.4315185546875
441,597.4262084960938
442,942.3477783203125
443,636.9896240234375
444,773.7274169921875
445,723.9580688476562
446,689.524169921875
447,816.6015625
448,609.138916015625
449,843.0487670898438
450,735.27001953125
451,807.489501953125
452,702.0513916015625
453,556.9619750976562
454,828.968017578125
455,778.46533203125
456,781.5015869140625
457,572.1190185546875
458,667.2185668945312
459,856.9749145507812
460,734.9601440429688
461,540.0943603515625
462,755.3580322265625
463,576.46923828125
464,869.890869140625
465,781.3118896484375
466,677.5826416015625
467,799.8775634765625
468,593.438232421875
469,759.48388671875
470,721.72607421875
471,595.1043090820312
472,938.6364135742188
473,634.4091186523438
474,770.7210693359375
475,721.1091918945312
476,686.889404296875
477,813.5119018554688
478,606.7540893554688
479,839.9540405273438
480,732.30419921875
481,804.1349487304688
482,699.091552734375
483,554.947998046875
484,825.62841796875
485,775.1966552734375
486,778.107421875
487,569.9298095703125
488,664.5902099609375
489,853.4505615234375
490,731.8483276367188
491,537.8640747070312
492,752.620361328125
493,574.1864013671875
494,866.2946166992188
495,777.9044799804688
496,674.6168212890625
497,796.616455078125
498,591.1148681640625
499,756.478271484375
500,718.9296875
501,592.7059326171875
502,934.80029296875
503,631.7424926757812
504,767.61376953125
505,718.1641845703125
506,684.1669921875
507,810.3202514648438
508,604.2911376953125
509,836.755859375
510,729.2391967773438
511,800.67041015625
512,696.0341186523438
513,552.868896484375
514,822.177734375
515,771.8186645507812
516,774.6033935546875
517,567.6703491210938
518,661.873779296875
519,849.8082275390625
520,728.6334228515625
521,535.5615234375
522,749.793701171875
523,571.8295288085938
524,862.5787353515625
525,774.3841552734375
526,671.5537109375
527,793.25048828125
528,588.7166748046875
529,753.375244140625
530,716.042236328125
531,590.2313232421875
532,930.8396606445312
533,628.9901733398438
534,764.4056396484375
535,715.1231079101562
536,681.3568115234375
537,807.0267333984375
538,601.7503662109375
539,833.4544677734375
540,726.074951171875
541,797.0962524414062
542,692.8792114257812
543,550.7249755859375
544,818.6161499023438
545,768.331298828125
546,770.9896240234375
547,565.3406982421875
548,659.0692138671875
549,846.0484008789062
550,725.3157958984375
551,533.1869506835938
552,746.8784790039062
553,569.3988647460938
554,858.7432861328125
555,770.7512817382812
556,668.3934326171875
557,789.7800903320312
558,586.2442016601562
559,750.175048828125
560,713.0640869140625
561,587.680908203125
562,926.754638671875
563,626.1525268554688
564,761.0969848632812
565,711.986083984375
566,678.4593505859375
567,803.6319580078125
568,599.1320190429688
569,830.0502319335938
570,722.81201171875
571,793.4127807617188
572,689.62744140625
573,548.5166015625
574,814.9442749023438
575,764.7352294921875
576,767.2671508789062
577,562.9415893554688
578,656.1768798828125
579,842.1712036132812
580,721.8958740234375
581,530.7408447265625
582,743.875244140625
583,566.8948364257812
584,854.7890014648438
585,767.00634765625
586,665.1367797851562
587,786.2060546875
588,583.6978149414062
589,746.87841796875
590,709.995849609375
591,585.05517578125
592,922.5463256835938
593,623.22998046875
594,757.6883544921875
595,708.7538452148438
596,675.4751586914062
597,800.1366577148438
598,596.4369506835938
599,826.5435791015625
600,719.450927734375
601,789.6212768554688
602,686.2794799804688
603,546.2443237304688
604,811.1627807617188
605,761.03076171875
606,763.4365234375
607,560.4735107421875
608,653.1972045898438
609,838.1771240234375
610,718.3741455078125
611,528.2237548828125
612,740.7843017578125
613,564.31787109375
614,850.7159423828125
615,763.1497802734375
616,661.783935546875
617,782.5291137695312
618,581.0780029296875
619,743.485595703125
620,706.837890625
621,582.354736328125
622,918.2147216796875
623,620.222900390625
624,754.1800537109375
625,705.426513671875
626,672.404541015625
627,796.5413208007812
628,593.6654663085938
629,822.934814453125
630,715.9918212890625
631,785.721923828125
632,682.8356323242188
633,543.90869140625
634,807.271728515625
635,757.21826171875
636,759.49853515625
637,557.9368286132812
638,650.1303100585938
639,834.0662841796875
640,714.7509765625
641,525.6358642578125
642,737.6063232421875
643,561.6683959960938
644,846.5247802734375
645,759.1817626953125
646,658.3353271484375
647,778.74951171875
648,578.3850708007812
649,739.9971923828125
650,703.59033203125
651,579.579833984375
652,913.7607421875
653,617.1318359375
654,750.5726318359375
655,702.0044555664062
656,669.247802734375
657,792.8462524414062
658,590.81787109375
659,819.224365234375
660,712.43505859375
661,781.7152099609375
662,679.296142578125
663,541.5099487304688
664,803.2716064453125
665,753.298095703125
666,755.4535522460938
667,555.3319091796875
668,646.9761962890625
669,829.8389892578125
670,711.0264892578125
671,522.9774780273438
672,734.3414306640625
673,558.9464721679688
674,842.2154541015625
675,755.1025390625
676,654.791015625
677,774.86767578125
678,575.6193237304688
679,736.413330078125
680,700.253662109375
681,576.73095703125
682,909.184326171875
683,613.9569091796875
684,746.8660888671875
685,698.48779296875
686,666.005126953125
687,789.0518798828125
688,587.89453125
689,815.412109375
690,708.7809448242188
691,777.6015625
692,675.6614990234375
693,539.04833984375
694,799.1624755859375
695,749.2701416015625
696,751.302001953125
697,552.6590576171875
698,643.7350463867188
699,825.4952392578125
700,707.201171875
701,520.2489624023438
702,730.9898681640625
703,556.1524658203125
704,837.7880859375
705,750.9121704101562
706,651.1514892578125
707,770.8840942382812
708,572.781005859375
709,732.734130859375
710,696.827880859375
711,573.8081665039062
712,904.4857177734375
713,610.6983642578125
714,743.060546875
715,694.8765869140625
716,662.6767578125
717,785.1585693359375
718,584.8956909179688
719,811.498291015625
720,705.029296875
721,773.3812255859375
722,671.9317626953125
723,536.5242309570312
724,794.9444580078125
725,745.1346435546875
726,747.0441284179688
727,549.9185791015625
728,640.4068603515625
729,821.034912109375
730,703.2748413085938
731,517.4503173828125
732,727.5518798828125
733,553.2864379882812
734,833.24267578125
735,746.6107788085938
736,647.4165649414062
737,766.798828125
738,569.8702392578125
739,728.9598388671875
740,693.3130493164062
741,570.811767578125
742,899.6649169921875
743,607.356201171875
744,739.15625
745,691.1707763671875
746,659.2626953125
747,781.1661987304688
748,581.8214721679688
749,807.4830322265625
750,701.1802978515625
751,769.0543823242188
752,668.1070556640625
753,533.9376831054688
754,790.6176147460938
755,740.891845703125
756,742.6802978515625
757,547.1105346679688
758,636.9915161132812
759,816.4581298828125
760,699.2477416992188
761,514.5816040039062
762,724.027587890625
763,550.3485107421875
764,828.5791015625
765,742.1981811523438
766,643.58642578125
767,762.6119384765625
768,566.8870849609375
769,725.0903930664062
770,689.7092895507812
771,567.7418823242188
772,894.721923828125
773,603.9306640625
774,735.1530151367188
775,687.37060546875
776,655.7630004882812
777,777.0750732421875
778,578.6720581054688
779,803.365966796875
780,697.2339477539062
781,764.6212158203125
782,664.1875
783,531.2890014648438
784,786.1820068359375
785,736.54150390625
786,738.2108154296875
787,544.2351684570312
788,633.489013671875
789,811.7648315429688
790,695.1199951171875
791,511.6431884765625
792,720.4169921875
793,547.3387451171875
794,823.7975463867188
795,737.6744995117188
796,639.6611938476562
797,758.3238525390625
798,563.831787109375
799,721.1259765625
800,686.0166625976562
801,564.5988159179688
802,889.6571044921875
803,600.421875
804,731.0510864257812
805,683.4759521484375
806,652.177734375
807,772.88525390625
808,575.4475708007812
809,799.1474609375
810,693.1903076171875
811,760.0819091796875
812,660.17333984375
813,528.5783081054688
814,781.6375732421875
815,732.0838623046875
816,733.6358032226562
817,541.2926635742188
818,629.899169921875
819,806.9547119140625
820,690.8916015625
821,508.6351318359375
822,716.7203369140625
823,544.2574462890625
824,818.897705078125
825,733.039794921875
826,635.64111328125
827,753.9344482421875
828,560.7044677734375
829,717.066650390625
830,682.235107421875
831,561.382568359375
832,884.47021484375
833,596.8299560546875
834,726.850341796875
835,679.48681640625
836,648.5072021484375
837,768.59716796875
838,572.1483154296875
839,794.8272705078125
840,689.0494384765625
841,755.4367065429688
842,656.0646362304688
843,525.805908203125
844,776.9844970703125
845,727.5191650390625
846,728.955810546875
847,538.2833862304688
848,626.2221069335938
849,802.028076171875
850,686.5628051757812
851,505.5575866699219
852,712.9378662109375
853,541.1045532226562
854,813.8798217773438
855,728.2938232421875
856,631.526123046875
857,749.444091796875
858,557.5052490234375
859,712.9124755859375
860,678.364990234375
861,558.0935668945312
862,879.1614990234375
863,593.155029296875
864,722.5510864257812
865,675.4033203125
866,644.751220703125
867,764.210693359375
868,568.7744750976562
869,790.4056396484375
870,684.8114013671875
871,750.6858520507812
872,651.8617553710938
873,522.9720458984375
874,772.222900390625
875,722.8474731445312
876,724.1710205078125
877,535.2074584960938
878,622.4579467773438
879,796.9847412109375
880,682.1339111328125
881,502.4107666015625
882,709.069580078125
883,537.88037109375
884,808.7437744140625
885,723.4369506835938
886,627.3165283203125
887,744.8531494140625
888,554.234375
889,708.6636962890625
890,674.40625
891,554.7318725585938
892,873.7310791015625
893,589.3973999023438
894,718.1533203125
895,671.2255859375
896,640.91015625
897,759.7262573242188
898,565.3262939453125
899,785.882568359375
900,680.4763793945312
901,745.8295288085938
902,647.5647583007812
903,520.0769653320312
904,767.3526611328125
905,718.0689697265625
906,719.2819213867188
907,532.0650634765625
908,618.6065063476562
909,791.8247680664062
910,677.60498046875
911,499.19488525390625
912,705.11572265625
913,534.5850219726562
914,803.4898071289062
915,718.46923828125
916,623.0126953125
917,740.1615600585938
918,550.8921508789062
919,704.3204956054688
920,670.3590087890625
921,551.2979125976562
922,868.1790771484375
923,585.5571899414062
924,713.6573486328125
925,666.953857421875
926,636.984130859375
927,755.1441650390625
928,561.803955078125
929,781.2579345703125
930,676.0443725585938
931,740.8681030273438
932,643.173828125
933,517.1209716796875
934,762.3742065429688
935,713.183837890625
936,714.2886962890625
937,528.8566284179688
938,614.66796875
939,786.5482177734375
940,672.9763793945312
941,495.9101867675781
942,701.0765380859375
943,531.2188110351562
944,798.1181640625
945,713.3906860351562
946,618.61474609375
947,735.3698120117188
948,547.4785766601562
949,699.8829345703125
950,666.2235107421875
951,547.7918090820312
952,862.505859375
953,581.6346435546875
954,709.0631103515625
955,662.5880737304688
956,632.9732666015625
957,750.464599609375
958,558.2076416015625
959,776.5321044921875
960,671.515625
961,735.802001953125
962,638.6895751953125
963,514.1043701171875
964,757.2874755859375
965,708.1925048828125
966,709.1920166015625
967,525.5823974609375
968,610.6423950195312
969,781.1553344726562
970,668.2484130859375
971,492.55694580078125
972,696.9522705078125
973,527.7818603515625
974,792.6286010742188
975,708.20166015625
976,614.1229248046875
977,730.478271484375
978,543.9940185546875
979,695.351318359375
980,662.0000610351562
981,544.2138671875
982,856.7115478515625
983,577.630126953125
984,704.3709716796875
985,658.1285400390625
986,628.8778076171875
987,745.6878662109375
988,554.5379638671875
989,771.7052001953125
990,666.8902587890625
991,730.6314086914062
992,634.1119995117188
993,511.0274963378906
994,752.0928955078125
995,703.0953369140625
996,703.9922485351562
997,522.24267578125
998,606.5297241210938
999,775.6461181640625
1000,663.42138671875
1001,489.1354064941406
1002,692.7432861328125
1003,524.2744140625
1004,787.0216064453125
1005,702.902099609375
1006,609.53759765625
1007,725.4868774414062
1008,540.4387817382812
1009,690.725830078125
1010,657.688720703125
1011,540.5645141601562
1012,850.7962646484375
1013,573.5438232421875
1014,699.5811157226562
1015,653.575439453125
1016,624.697998046875
1017,740.8143310546875
1018,550.794921875
1019,766.7772216796875
1020,662.168701171875
1021,725.3567504882812
1022,629.4415283203125
1023,507.890625
1024,746.7905883789062
1025,697.8924560546875
1026,698.68994140625
1027,518.8377685546875
1028,602.330322265625
1029,770.020751953125
1030,658.4957275390625
1031,485.6458740234375
1032,688.4498291015625
1033,520.6968994140625
1034,781.2972412109375
1035,697.4924926757812
1036,604.8592529296875
1037,720.3964233398438
1038,536.8131103515625
1039,686.0067138671875
1040,653.2896728515625
1041,536.843994140625
1042,844.7603759765625
1043,569.3761596679688
1044,694.69384765625
1045,648.928955078125
1046,620.43408203125
1047,735.84423828125
1048,546.97900390625
1049,761.7483520507812
1050,657.350830078125
1051,719.978515625
1052,624.6785888671875
1053,504.6943359375
1054,741.3807373046875
1055,692.58447265625
1056,693.2855834960938
1057,515.3679809570312
1058,598.044189453125
1059,764.2794799804688
1060,653.4718017578125
1061,482.088623046875
1062,684.0721435546875
1063,517.04931640625
1064,775.4559326171875
1065,691.9730224609375
1066,600.088134765625
1067,715.2071533203125
1068,533.1173706054688
1069,681.1943359375
1070,648.8033447265625
1071,533.0527954101562
1072,838.604248046875
1073,565.1273803710938
1074,689.7094116210938
1075,644.1895751953125
1076,616.0863037109375
1077,730.7781372070312
1078,543.090576171875
1079,756.6190185546875
1080,652.4373168945312
1081,714.4971313476562
1082,619.823486328125
1083,501.4388427734375
1084,735.86376953125
1085,687.1718139648438
1086,687.7797241210938
1087,511.8338623046875
1088,593.671630859375
1089,758.422607421875
1090,648.3501586914062
1091,478.46405029296875
1092,679.6107177734375
1093,513.332275390625
1094,769.4979248046875
1095,686.3438110351562
1096,595.2247924804688
1097,709.9193725585938
1098,529.3517456054688
1099,676.2889404296875
1100,644.2300415039062
1101,529.1911010742188
1102,832.3282470703125
1103,560.7978515625
1104,684.6281127929688
1105,639.3573608398438
1106,611.6550903320312
1107,725.6163940429688
1108,539.1299438476562
1109,751.38916015625
1110,647.42822265625
1111,708.9129638671875
1112,614.8767700195312
1113,498.1246032714844
1114,730.2398681640625
1115,681.655029296875
1116,682.173095703125
1117,508.2357177734375
1118,589.2127685546875
1119,752.4502563476562
1120,643.1312255859375
1121,474.7725830078125
1122,675.0657348632812
1123,509.5460205078125
1124,763.4234619140625
1125,680.60546875
1126,590.2696533203125
1127,704.5335693359375
1128,525.5167846679688
1129,671.2909545898438
1130,639.5700073242188
1131,525.259521484375
1132,825.9328002929688
1133,556.3880615234375
1134,679.450439453125
1135,634.4327392578125
1136,607.1405639648438
1137,720.3594970703125
1138,535.09765625
1139,746.0589599609375
1140,642.323974609375
1141,703.2266235351562
1142,609.8387451171875
1143,494.75213623046875
1144,724.5096435546875
1145,676.0346069335938
1146,676.4661865234375
1147,504.57391357421875
1148,584.6679077148438
1149,746.3629150390625
1150,637.8157348632812
1151,471.0144958496094
1152,670.4378662109375
1153,505.69085693359375
1154,757.2332763671875
1155,674.7582397460938
1156,585.223388671875
1157,699.0503540039062
1158,521.6128540039062
1159,666.20068359375
1160,634.82373046875
1161,521.25830078125
1162,819.418212890625
1163,551.8984375
1164,674.1766357421875
1165,629.416259765625
1166,602.5433959960938
1167,715.0079345703125
1168,530.9940795898438
1169,740.629150390625
1170,637.125
1171,697.4386596679688
1172,604.7100830078125
1173,491.3218994140625
1174,718.6732177734375
1175,670.3112182617188
1176,670.6598510742188
1177,500.84906005859375
1178,580.037353515625
1179,740.1607666015625
1180,632.4041137695312
1181,467.19036865234375
1182,665.7272338867188
1183,501.767333984375
1184,750.9274291992188
1185,668.8026123046875
1186,580.0865478515625
1187,693.469970703125
1188,517.6402587890625
1189,661.0185546875
1190,629.9915771484375
1191,517.1881103515625
1192,812.78515625
1193,547.3294677734375
1194,668.8072509765625
1195,624.3082275390625
1196,597.8638916015625
1197,709.562255859375
1198,526.8197021484375
1199,735.0996704101562
1200,631.8316650390625
1201,691.5496826171875
1202,599.4913330078125
1203,487.8343505859375
1204,712.731201171875
1205,664.4857788085938
1206,664.7547607421875
1207,497.0615234375
1208,575.3214111328125
1209,733.8445434570312
1210,626.897216796875
1211,463.300537109375
1212,660.9346923828125
1213,497.77569580078125
1214,744.5067749023438
1215,662.7391967773438
1216,574.8597412109375
1217,687.7932739257812
1218,513.5995483398438
1219,655.7451782226562
1220,625.073974609375
1221,513.0493774414062
1222,806.0341796875
1223,542.681640625
1224,663.3427734375
1225,619.1091918945312
1226,593.1024780273438
1227,704.0230712890625
1228,522.5750732421875
1229,729.4711303710938
1230,626.444580078125
1231,685.5604248046875
1232,594.18310546875
1233,484.2901611328125
1234,706.6842651367188
1235,658.5587158203125
1236,658.7518310546875
1237,493.2117919921875
1238,570.5204467773438
1239,727.41455078125
1240,621.295654296875
1241,459.3455810546875
1242,656.060546875
1243,493.7166748046875
1244,737.9716796875
1245,656.5682983398438
1246,569.543701171875
1247,682.0206298828125
1248,509.4912414550781
1249,650.3807983398438
1250,620.0714111328125
1251,508.8426208496094
1252,799.1658325195312
1253,537.9555053710938
1254,657.7838134765625
1255,613.819580078125
1256,588.2595825195312
1257,698.390869140625
1258,518.2607421875
1259,723.74365234375
1260,620.964111328125
1261,679.471435546875
1262,588.7859497070312
1263,480.6898193359375
1264,700.5325927734375
1265,652.5311279296875
1266,652.65185546875
1267,489.300537109375
1268,565.635009765625
1269,720.8712158203125
1270,615.6002807617188
1271,455.3260192871094
1272,651.10546875
1273,489.5904846191406
1274,731.322998046875
1275,650.290771484375
1276,564.13916015625
1277,676.1527099609375
1278,505.3157958984375
1279,644.9261474609375
1280,614.9845581054688
1281,504.5684814453125
1282,792.1806640625
1283,533.1517944335938
1284,652.130859375
1285,608.4400634765625
1286,583.3357543945312
1287,692.66650390625
1288,513.8773193359375
1289,717.91796875
1290,615.3909912109375
1291,673.2835083007812
1292,583.3007202148438
1293,477.03399658203125
1294,694.277099609375
1295,646.40380859375
1296,646.4556884765625
1297,485.3282165527344
1298,560.6654052734375
1299,714.21533203125
1300,609.8121337890625
1301,451.242431640625
1302,646.0699462890625
1303,485.3978271484375
1304,724.5611572265625
1305,643.9070434570312
1306,558.64697265625
1307,670.190185546875
1308,501.0737609863281
1309,639.3817138671875
1310,609.8138427734375
1311,500.2274169921875
1312,785.07958984375
1313,528.27099609375
1314,646.384521484375
1315,602.97119140625
1316,578.3316040039062
1317,686.8507080078125
1318,509.42535400390625
1319,711.994384765625
1320,609.7257080078125
1321,666.9974365234375
1322,577.72802734375
1323,473.32330322265625
1324,687.918212890625
1325,640.177734375
1326,640.164306640625
1327,481.2955322265625
1328,555.6121826171875
1329,707.4473876953125
1330,603.9317626953125
1331,447.09539794921875
1332,640.9547119140625
1333,481.1392517089844
1334,717.6871337890625
1335,637.4180297851562
1336,553.0679931640625
1337,664.1339111328125
1338,496.7657470703125
1339,633.7481689453125
1340,604.5598754882812
1341,495.8201904296875
1342,777.8632202148438
1343,523.3138427734375
1344,640.5455932617188
1345,597.4137573242188
1346,573.247802734375
1347,680.9439697265625
1348,504.90557861328125
1349,705.9735107421875
1350,603.9690551757812
1351,660.6140747070312
1352,572.0687866210938
1353,469.5585021972656
1354,681.4568481445312
1355,633.8539428710938
1356,633.77880859375
1357,477.203125
1358,550.4759521484375
1359,700.5682373046875
1360,597.9605712890625
1361,442.88555908203125
1362,635.7604370117188
1363,476.8154296875
1364,710.7017822265625
1365,630.824462890625
1366,547.4032592773438
1367,657.9845581054688
1368,492.3924560546875
1369,628.0262451171875
1370,599.2235107421875
1371,491.3475036621094
1372,770.5323486328125
1373,518.2811279296875
1374,634.61474609375
1375,591.7684936523438
1376,568.0848999023438
1377,674.947509765625
1378,500.31878662109375
1379,699.8558349609375
1380,598.1216430664062
1381,654.1343383789062
1382,566.32373046875
1383,465.74029541015625
1384,674.8936767578125
1385,627.43359375
1386,627.30029296875
1387,473.051513671875
1388,545.2572631835938
1389,693.57861328125
1390,591.8995361328125
1391,438.61358642578125
1392,630.4879150390625
1393,472.42694091796875
1394,703.6058349609375
1395,624.1270751953125
1396,541.65380859375
1397,651.7429809570312
1398,487.9544982910156
1399,622.216552734375
1400,593.8052978515625
1401,486.81005859375
1402,763.0879516601562
1403,513.1736450195312
1404,628.5928344726562
1405,586.0361328125
1406,562.8436279296875
1407,668.8619384765625
1408,495.66552734375
1409,693.6419677734375
1410,592.1843872070312
1411,647.5590209960938
1412,560.493896484375
1413,461.869384765625
1414,668.2294921875
1415,620.9181518554688
1416,620.7298583984375
1417,468.84161376953125
1418,539.9568481445312
1419,686.479248046875
1420,585.749755859375
1421,434.2803039550781
1422,625.1377563476562
1423,467.97454833984375
1424,696.4005126953125
1425,617.3268432617188
1426,535.8206176757812
1427,645.4100341796875
1428,483.45257568359375
1429,616.3199462890625
1430,588.3060913085938
1431,482.2086181640625
1432,755.531005859375
1433,507.9921875
1434,622.480712890625
1435,580.2176513671875
1436,557.5247802734375
1437,662.6881713867188
1438,490.94671630859375
1439,687.3326416015625
1440,586.1580810546875
1441,640.889404296875
1442,554.5802001953125
1443,457.94671630859375
1444,661.4652709960938
1445,614.30859375
1446,614.0686645507812
1447,464.5741882324219
1448,534.575439453125
1449,679.271240234375
1450,579.512451171875
1451,429.88641357421875
1452,619.7109375
1453,463.4589538574219
1454,689.0868530273438
1455,610.4249267578125
1456,529.9049072265625
1457,638.986572265625
1458,478.88751220703125
1459,610.337158203125
1460,582.726806640625
1461,477.5439758300781
1462,747.8626098632812
1463,502.7376708984375
1464,616.2792358398438
1465,574.3138427734375
1466,552.1290283203125
1467,656.427490234375
1468,486.16326904296875
1469,680.9285888671875
1470,580.043701171875
1471,634.1264038085938
1472,548.583740234375
1473,453.97308349609375
1474,654.6018676757812
1475,607.6064453125
1476,607.3180541992188
1477,460.25
1478,529.1138305664062
1479,671.95556640625
1480,573.18896484375
1481,425.4327392578125
1482,614.2084350585938
1483,458.8809814453125
1484,681.6658325195312
1485,603.4221801757812
1486,523.907958984375
1487,632.4737548828125
1488,474.2601013183594
1489,604.269287109375
1490,577.0682373046875
1491,472.81695556640625
1492,740.0836791992188
1493,497.4110412597656
1494,609.989501953125
1495,568.325927734375
1496,546.657470703125
1497,650.0806884765625
1498,481.31597900390625
1499,674.430419921875
1500,573.842041015625
1501,627.2711181640625
1502,542.5057373046875
1503,449.949462890625
1504,647.640380859375
1505,600.8133544921875
1506,600.4793701171875
1507,455.86981201171875
1508,523.5728149414062
1509,664.533203125
1510,566.7807006835938
1511,420.92010498046875
1512,608.631103515625
1513,454.24139404296875
1514,674.1389770507812
1515,596.3198852539062
1516,517.8310546875
1517,625.8724365234375
1518,469.5711669921875
1519,598.1170654296875
1520,571.3314208984375
1521,468.0285339355469
1522,732.1954345703125
1523,492.01336669921875
1524,603.6124877929688
1525,562.2546997070312
1526,541.11083984375
1527,643.6489868164062
1528,476.40582275390625
1529,667.8392333984375
1530,567.554443359375
1531,620.3248291015625
1532,536.3470458984375
1533,445.87677001953125
1534,640.5819702148438
1535,593.9307861328125
1536,593.55419921875
1537,451.43463134765625
1538,517.9534301757812
1539,657.0053100585938
1540,560.2893676757812
1541,416.34954833984375
1542,602.9799194335938
1543,449.5411376953125
1544,666.5074462890625
1545,589.1192016601562
1546,511.67572021484375
1547,619.183837890625
1548,464.8216552734375
1549,591.881591796875
1550,565.5172729492188
1551,463.1796569824219
1552,724.1992797851562
1553,486.54559326171875
1554,597.1494140625
1555,556.1014404296875
1556,535.4901123046875
1557,637.133544921875
1558,471.43377685546875
1559,661.1556396484375
1560,561.181884765625
1561,613.288818359375
1562,530.1092529296875
1563,441.7559814453125
1564,633.427734375
1565,586.96044921875
1566,586.543701171875
1567,446.9453430175781
1568,512.2565307617188
1569,649.373046875
1570,553.7161865234375
1571,411.721923828125
1572,597.2559814453125
1573,444.7812194824219
1574,658.7725830078125
1575,581.8212890625
1576,505.44329833984375
1577,612.4091186523438
1578,460.0124206542969
1579,585.5639038085938
1580,559.6270751953125
1581,458.271240234375
1582,716.096435546875
1583,481.0089111328125
1584,590.6013793945312
1585,549.867431640625
1586,529.79638671875
1587,630.5355224609375
1588,466.4009094238281
1589,654.3807373046875
1590,554.7254638671875
1591,606.164306640625
1592,523.7933349609375
1593,437.58819580078125
1594,626.1787719726562
1595,579.9041748046875
1596,579.44970703125
1597,442.40289306640625
1598,506.483154296875
1599,641.6378173828125
1600,547.0631103515625
1601,407.038330078125
1602,591.4603881835938
1603,439.96246337890625
1604,650.9361572265625
1605,574.427734375
1606,499.13543701171875
1607,605.5493774414062
1608,455.14459228515625
1609,579.1650390625
1610,553.66162109375
1611,453.304443359375
1612,707.8881225585938
1613,475.404541015625
1614,583.9696655273438
1615,543.5538940429688
1616,524.0305786132812
1617,623.8564453125
1618,461.3083190917969
1619,647.5152587890625
1620,548.1865234375
1621,598.9528198242188
1622,517.40087890625
1623,433.37451171875
1624,618.8365478515625
1625,572.7638549804688
1626,572.2738037109375
1627,437.808349609375
1628,500.6344909667969
1629,633.801025390625
1630,540.331787109375
1631,402.2996826171875
1632,585.5943603515625
1633,435.08599853515625
1634,642.9995727539062
1635,566.93994140625
1636,492.7538146972656
1637,598.60595703125
1638,450.2190246582031
1639,572.6864013671875
1640,547.6224365234375
1641,448.2802734375
1642,699.5760498046875
1643,469.733642578125
1644,577.255615234375
1645,537.162109375
1646,518.1940307617188
1647,617.0975341796875
1648,456.15716552734375
1649,640.560546875
1650,541.56640625
1651,591.6557006835938
1652,510.93328857421875
1653,429.11614990234375
1654,611.4024047851562
1655,565.5416259765625
1656,565.0177612304688
1657,433.16278076171875
1658,494.71173095703125
1659,625.8640747070312
1660,533.524169921875
1661,397.5072326660156
1662,579.6589965820312
1663,430.15289306640625
1664,634.964599609375
1665,559.3594360351562
1666,486.3001708984375
1667,591.5804443359375
1668,445.23699951171875
1669,566.1290283203125
1670,541.5106201171875
1671,443.199951171875
1672,691.1617431640625
1673,463.9976501464844
1674,570.460693359375
1675,530.693603515625
1676,512.2877807617188
1677,610.2603149414062
1678,450.9486389160156
1679,633.517578125
1680,534.8665161132812
1681,584.2745971679688
1682,504.3921203613281
1683,424.81427001953125
1684,603.8779296875
1685,558.239501953125
1686,557.6832275390625
1687,428.4673156738281
1688,488.71600341796875
1689,617.82861328125
1690,526.6421508789062
1691,392.6620788574219
1692,573.6558227539062
1693,425.1643371582031
1694,626.8331909179688
1695,551.6878662109375
1696,479.77642822265625
1697,584.473876953125
1698,440.19970703125
1699,559.4943237304688
1700,535.3276977539062
1701,438.0645751953125
1702,682.6468505859375
1703,458.19781494140625
1704,563.58642578125
1705,524.14990234375
1706,506.31317138671875
1707,603.3463134765625
1708,445.6839904785156
1709,626.3875122070312
1710,528.0884399414062
1711,576.8109741210938
1712,497.7789306640625
1713,420.4700927734375
1714,596.264404296875
1715,550.85986328125
1716,550.2723999023438
1717,423.72308349609375
1718,482.64886474609375
1719,609.6961669921875
1720,519.6879272460938
1721,387.76556396484375
1722,567.5859375
1723,420.1214904785156
1724,618.6070556640625
1725,543.9269409179688
1726,473.1844482421875
1727,577.2879028320312
1728,435.108154296875
1729,552.78369140625
1730,529.074951171875
1731,432.87554931640625
1732,674.0331420898438
1733,452.335693359375
1734,556.63427734375
1735,517.53271484375
1736,500.2715148925781
1737,596.357177734375
1738,440.3646545410156
1739,619.171630859375
1740,521.2335205078125
1741,569.266845703125
1742,491.0954284667969
1743,416.0850830078125
1744,588.5637817382812
1745,543.4050903320312
1746,542.7869873046875
1747,418.9314270019531
1748,476.51165771484375
1749,601.4686279296875
1750,512.6636352539062
1751,382.8188171386719
1752,561.4511108398438
1753,415.025634765625
1754,610.2885131835938
1755,536.07861328125
1756,466.5265197753906
1757,570.0241088867188
1758,429.9638366699219
1759,545.9986572265625
1760,522.7540283203125
1761,427.6341857910156
1762,665.3224487304688
1763,446.4128112792969
1764,549.6060791015625
1765,510.84375
1766,494.1642761230469
1767,589.2944946289062
1768,434.9920349121094
1769,611.8712768554688
1770,514.3037719726562
1771,561.643798828125
1772,484.3435363769531
1773,411.66058349609375
1774,580.7777099609375
1775,535.8778076171875
1776,535.2293090820312
1777,414.09356689453125
1778,470.305908203125
1779,593.1480102539062
1780,505.57171630859375
1781,377.82342529296875
1782,555.2528076171875
1783,409.8781433105469
1784,601.879638671875
1785,528.1448974609375
1786,459.8046875
1787,562.6842651367188
1788,424.7680358886719
1789,539.1407470703125
1790,516.366455078125
1791,422.341796875
1792,656.516845703125
1793,440.4307556152344
1794,542.5035400390625
1795,504.08465576171875
1796,487.9928894042969
1797,582.16015625
1798,429.5674743652344
1799,604.48779296875
1800,507.3008117675781
1801,553.9437255859375
1802,477.5249938964844
1803,407.1981201171875
1804,572.907958984375
1805,528.2805786132812
1806,527.6013793945312
1807,409.2109069824219
1808,464.033203125
1809,584.736083984375
1810,498.41455078125
1811,372.7806701660156
1812,548.992431640625
1813,404.680419921875
1814,593.3826904296875
1815,520.127685546875
1816,453.021240234375
1817,555.27001953125
1818,419.522216796875
1819,532.2115478515625
1820,509.9139099121094
1821,416.99993896484375
1822,647.6182861328125
1823,434.39129638671875
1824,535.32861328125
1825,497.2575988769531
1826,481.7589416503906
1827,574.9561767578125
1828,424.09271240234375
1829,597.022705078125
1830,500.2265319824219
1831,546.1686401367188
1832,470.6419372558594
1833,402.69915771484375
1834,564.95654296875
1835,520.6162719726562
1836,519.9056396484375
1837,404.2847900390625
1838,457.69537353515625
1839,576.2349853515625
1840,491.1947021484375
1841,367.6921081542969
1842,542.671875
1843,399.43389892578125
1844,584.80029296875
1845,512.0294189453125
1846,446.1786804199219
1847,547.7831420898438
1848,414.2276916503906
1849,525.212890625
1850,503.39813232421875
1851,411.61004638671875
1852,638.6289672851562
1853,428.29608154296875
1854,528.0830688476562
1855,490.3643493652344
1856,475.4640197753906
1857,567.684326171875
1858,418.56915283203125
1859,589.4774169921875
1860,493.08282470703125
1861,538.3206176757812
1862,463.6961669921875
1863,398.1654052734375
1864,556.9254760742188
1865,512.8878173828125
1866,512.1443481445312
1867,399.31671142578125
1868,451.2940673828125
1869,567.64697265625
1870,483.91485595703125
1871,362.5592041015625
1872,536.292724609375
1873,394.14019775390625
1874,576.134765625
1875,503.85211181640625
1876,439.27947998046875
1877,540.2255249023438
1878,408.88616943359375
1879,518.1464233398438
1880,496.82110595703125
1881,406.17376708984375
1882,629.5511474609375
1883,422.1471252441406
1884,520.7692260742188
1885,483.4072265625
1886,469.10992431640625
1887,560.3468017578125
1888,412.99871826171875
1889,581.853759765625
1890,485.8719177246094
1891,530.40185546875
1892,456.6901550292969
1893,393.598388671875
1894,548.81689453125
1895,505.098388671875
1896,504.3201904296875
1897,394.3082275390625
1898,444.83123779296875
1899,558.9745483398438
1900,476.5780029296875
1901,357.3836975097656
1902,529.8570556640625
1903,388.80078125
1904,567.3890991210938
1905,495.598388671875
1906,432.326416015625
1907,532.5992431640625
1908,403.4992980957031
1909,511.0141906738281
1910,490.18475341796875
1911,400.6928405761719
1912,620.3873901367188
1913,415.9462890625
1914,513.3892822265625
1915,476.3884582519531
1916,462.6984558105469
1917,552.9456176757812
1918,407.3830871582031
1919,574.1533203125
1920,478.5958557128906
1921,522.41455078125
1922,449.6260070800781
1923,389.0000915527344
1924,540.6332397460938
1925,497.25140380859375
1926,496.4356384277344
1927,389.26104736328125
1928,438.3089904785156
1929,550.2198486328125
1930,469.1869812011719
1931,352.16729736328125
1932,523.3665161132812
1933,383.41741943359375
1934,558.56591796875
1935,487.27069091796875
1936,425.322265625
1937,524.9063110351562
1938,398.0685729980469
1939,503.8180847167969
1940,483.4910583496094
1941,395.1688537597656
1942,611.1400146484375
1943,409.69561767578125
1944,505.9452209472656
1945,469.310302734375
1946,456.23138427734375
1947,545.4830932617188
1948,401.7240295410156
1949,566.3778076171875
1950,471.25701904296875
1951,514.3610229492188
1952,442.506103515625
1953,384.3721008300781
1954,532.3765869140625
1955,489.3500671386719
1956,488.49346923828125
1957,384.1766662597656
1958,431.72943115234375
1959,541.3856811523438
1960,461.7450256347656
1961,346.9117431640625
1962,516.8234252929688
1963,377.9919738769531
1964,549.6685180664062
1965,478.87188720703125
1966,418.26995849609375
1967,517.1490478515625
1968,392.59600830078125
1969,496.56036376953125
1970,476.74237060546875
1971,389.603759765625
1972,601.8118896484375
1973,403.3973083496094
1974,498.43988037109375
1975,462.17547607421875
1976,449.7109375
1977,537.9619140625
1978,396.023681640625
1979,558.5294189453125
1980,463.8580017089844
1981,506.2439880371094
1982,435.3331604003906
1983,379.716552734375
1984,524.0498046875
1985,481.39837646484375
1986,480.4966125488281
1987,379.0570373535156
1988,425.0948486328125
1989,532.4749145507812
1990,454.2555847167969
1991,341.6190185546875
1992,510.2298583984375
1993,372.5262451171875
1994,540.699951171875
1995,470.40484619140625
1996,411.1727600097656
1997,509.3297119140625
1998,387.08343505859375
1999,489.2431945800781
2000,469.9408264160156
2001,383.9994812011719
2002,592.4058837890625
2003,397.0536804199219
2004,490.87554931640625
2005,454.98638916015625
2006,443.1390686035156
2007,530.3843383789062
2008,390.283935546875
2009,550.6099853515625
2010,456.4012145996094
2011,498.06585693359375
2012,428.109619140625
2013,375.0353088378906
2014,515.6553955078125
2015,473.39996337890625
2016,472.4480285644531
2017,373.9039001464844
2018,418.40753173828125
2019,523.4902954101562
2020,446.721923828125
2021,336.291015625
2022,503.58795166015625
2023,367.02215576171875
2024,531.6635131835938
2025,461.87225341796875
2026,404.0336608886719
2027,501.45062255859375
2028,381.5326843261719
2029,481.86871337890625
2030,463.0888366699219
2031,378.35784912109375
2032,582.9244995117188
2033,390.6668701171875
2034,483.2548522949219
2035,447.74578857421875
2036,436.51776123046875
2037,522.7528076171875
2038,384.50689697265625
2039,542.621337890625
2040,448.88916015625
2041,489.8292236328125
2042,420.8381652832031
2043,370.3304138183594
2044,507.1959228515625
2045,465.35858154296875
2046,464.3506164550781
2047,368.71905517578125
2048,411.6698913574219
2049,514.4346923828125
2050,439.14752197265625
2051,330.9297180175781
2052,496.9000244140625
2053,361.481689453125
2054,522.5626220703125
2055,453.27734375
2056,396.8560485839844
2057,493.51422119140625
2058,375.9457092285156
2059,474.43939208984375
2060,456.18878173828125
2061,372.6809997558594
2062,573.3709106445312
2063,384.2393493652344
2064,475.58062744140625
2065,440.45648193359375
2066,429.84954833984375
2067,515.0701293945312
2068,378.69476318359375
2069,534.56591796875
2070,441.3246765136719
2071,481.5369873046875
2072,413.52166748046875
2073,365.6041259765625
2074,498.6743469238281
2075,457.27862548828125
2076,456.20770263671875
2077,363.5045166015625
2078,404.884521484375
2079,505.31121826171875
2080,431.5362243652344
2081,325.5372009277344
2082,490.1683349609375
2083,355.9068603515625
2084,513.40087890625
2085,444.6231384277344
2086,389.6435241699219
2087,485.52301025390625
2088,370.32464599609375
2089,466.9576416015625
2090,449.2433166503906
2091,366.97100830078125
2092,563.7483520507812
2093,377.77374267578125
2094,467.855712890625
2095,433.1214599609375
2096,423.13653564453125
2097,507.339111328125
2098,372.8497619628906
2099,526.4457397460938
2100,433.710693359375
2101,473.1919860839844
2102,406.1630554199219
2103,360.8585510253906
2104,490.0935974121094
2105,449.1642761230469
2106,448.02252197265625
2107,358.2623291015625
2108,398.05413818359375
2109,496.12322998046875
2110,423.8919372558594
2111,320.11572265625
2112,483.39569091796875
2113,350.3000183105469
2114,504.182373046875
2115,435.91339111328125
2116,382.3997497558594
2117,477.4798889160156
2118,364.671875
2119,459.4261779785156
2120,442.25518798828125
2121,361.2301025390625
2122,554.0601806640625
2123,371.27264404296875
2124,460.0831298828125
2125,425.7438659667969
2126,416.38134765625
2127,499.562744140625
2128,366.9743347167969
2129,518.2633056640625
2130,426.05035400390625
2131,464.79718017578125
2132,398.7654724121094
2133,356.0960998535156
2134,481.4569091796875
2135,441.0202941894531
2136,439.79864501953125
2137,352.9946594238281
2138,391.181640625
2139,486.87420654296875
2140,416.2187805175781
2141,314.66754150390625
2142,476.58441162109375
2143,344.66326904296875
2144,494.91082763671875
2145,427.1513366699219
2146,375.1285400390625
2147,469.387451171875
2148,358.9892578125
2149,451.8475646972656
2150,435.2272033691406
2151,355.46063232421875
2152,544.3097534179688
2153,364.73876953125
2154,452.26605224609375
2155,418.32696533203125
2156,409.58648681640625
2157,491.7439880371094
2158,361.0710144042969
2159,510.02105712890625
2160,418.3466491699219
2161,456.35595703125
2162,391.33209228515625
2163,351.31927490234375
2164,472.7674865722656
2165,432.8512878417969
2166,431.53973388671875
2167,347.7037048339844
2168,384.2699890136719
2169,477.56781005859375
2170,408.5211181640625
2171,309.1951599121094
2172,469.7375183105469
2173,338.9991149902344
2174,485.5907287597656
2175,418.34088134765625
2176,367.833984375
2177,461.2488098144531
2178,353.27960205078125
2179,444.224853515625
2180,428.1622619628906
2181,349.6649169921875
2182,534.500732421875
2183,358.175048828125
2184,444.40777587890625
2185,410.87420654296875
2186,402.75457763671875
2187,483.88616943359375
2188,355.1423034667969
2189,501.7215270996094
2190,410.60302734375
2191,447.87139892578125
2192,383.8663024902344
2193,346.5304260253906
2194,464.02880859375
2195,424.6622314453125
2196,423.2493591308594
2197,342.3917236328125
2198,377.322265625
2199,468.2076416015625
2200,400.80322265625
2201,303.700927734375
2202,462.8575439453125
2203,333.3099060058594
2204,476.22607421875
2205,409.4856872558594
2206,360.52020263671875
2207,453.0667724609375
2208,347.5450439453125
2209,436.560791015625
2210,421.0635681152344
2211,343.8456115722656
2212,524.6368408203125
2213,351.58441162109375
2214,436.5118103027344
2215,403.3890380859375
2216,395.88848876953125
2217,475.992431640625
2218,349.19085693359375
2219,493.3673400878906
2220,402.8229675292969
2221,439.3470458984375
2222,376.37158203125
2223,341.73236083984375
2224,455.244384765625
2225,416.45849609375
2226,414.9316101074219
2227,337.0611267089844
2228,370.3418273925781
2229,458.79779052734375
2230,393.07000732421875
2231,298.18743896484375
2232,455.94781494140625
2233,327.5983581542969
2234,466.8218688964844
2235,400.590087890625
2236,353.191650390625
2237,444.84478759765625
2238,341.7883605957031
2239,428.858642578125
2240,413.93426513671875
2241,338.0051574707031
2242,514.7220458984375
2243,344.9700927734375
2244,428.58160400390625
2245,395.8752746582031
2246,388.9910888671875
2247,468.0663757324219
2248,343.21954345703125
2249,484.96136474609375
2250,395.010009765625
2251,430.7862243652344
2252,368.8515930175781
2253,336.9276123046875
2254,446.41796875
2255,408.24530029296875
2256,406.59039306640625
2257,331.71441650390625
2258,363.33209228515625
2259,449.3421630859375
2260,385.3260498046875
2261,292.65740966796875
2262,449.0111083984375
2263,321.866943359375
2264,457.38275146484375
2265,391.65814208984375
2266,345.8528137207031
2267,436.5859375
2268,336.01202392578125
2269,421.1214904785156
2270,406.7777404785156
2271,332.14630126953125
2272,504.76043701171875
2273,338.335205078125
2274,420.62115478515625
2275,388.33685302734375
2276,382.06536865234375
2277,460.1116638183594
2278,337.23126220703125
2279,476.50653076171875
2280,387.1680603027344
2281,422.1929931640625
2282,361.3102111816406
2283,332.1192626953125
2284,437.5535888671875
2285,400.0285339355469
2286,398.2301330566406
2287,326.35418701171875
2288,356.29669189453125
2289,439.845458984375
2290,377.5767822265625
2291,287.1137390136719
2292,442.05084228515625
2293,316.11871337890625
2294,447.9137878417969
2295,382.6944274902344
2296,338.5086669921875
2297,428.2938537597656
2298,330.2191162109375
2299,413.3529052734375
2300,399.5975341796875
2301,326.2720031738281
2302,494.7564392089844
2303,331.6832275390625
2304,412.63427734375
2305,380.7778625488281
2306,375.1146545410156
2307,452.1319885253906
2308,331.2291259765625
2309,468.0058288574219
2310,379.3010559082031
2311,413.57098388671875
2312,353.75128173828125
2313,327.31005859375
2314,428.65521240234375
2315,391.81396484375
2316,389.8550109863281
2317,320.98309326171875
2318,349.2392883300781
2319,430.31182861328125
2320,369.82720947265625
2321,281.5592346191406
2322,435.0703125
2323,310.35638427734375
2324,438.4202575683594
2325,373.7033996582031
2326,331.1639709472656
2327,419.971923828125
2328,324.41229248046875
2329,405.5562438964844
2330,392.39739990234375
2331,320.385009765625
2332,484.71441650390625
2333,325.0177001953125
2334,404.6251220703125
2335,373.2024841308594
2336,368.14202880859375
2337,444.13116455078125
2338,325.2160949707031
2339,459.46246337890625
2340,371.41314697265625
2341,404.9241638183594
2342,346.1790466308594
2343,322.5031433105469
2344,419.7270812988281
2345,383.60784912109375
2346,381.4697265625
2347,315.6038818359375
2348,342.1639099121094
2349,420.74615478515625
2350,362.0830078125
2351,275.9969482421875
2352,428.0729675292969
2353,304.5830383300781
2354,428.9075927734375
2355,364.68994140625
2356,323.82391357421875
2357,411.6240234375
2358,318.5946044921875
2359,397.7351379394531
2360,385.18109130859375
2361,314.48834228515625
2362,474.6390380859375
2363,318.34228515625
2364,396.597900390625
2365,365.6152038574219
2366,361.1510925292969
2367,436.11346435546875
2368,319.19561767578125
2369,450.8797912597656
2370,363.50860595703125
2371,396.2567443847656
2372,338.59765625
2373,317.70172119140625
2374,410.77362060546875
2375,375.4165954589844
2376,373.078857421875
2377,310.219482421875
2378,335.0745849609375
2379,411.1532897949219
2380,354.34979248046875
2381,270.42999267578125
2382,421.0624694824219
2383,298.8017272949219
2384,419.381591796875
2385,355.65911865234375
2386,316.4940185546875
2387,403.2537841796875
2388,312.7691345214844
2389,389.8934326171875
2390,377.9525451660156
2391,308.585205078125
2392,464.5350646972656
2393,311.66064453125
2394,388.5570983886719
2395,358.0205078125
2396,354.1451721191406
2397,428.08282470703125
2398,313.1709289550781
2399,442.2610778808594
2400,355.5918884277344
2401,387.572998046875
2402,331.0115966796875
2403,312.9089660644531
2404,401.7994384765625
2405,367.2469482421875
2406,364.6874084472656
2407,304.8327941894531
2408,327.9755859375
2409,401.53826904296875
2410,346.63360595703125
2411,264.861572265625
2412,414.04248046875
2413,293.0157775878906
2414,409.8480529785156
2415,346.61614990234375
2416,309.1797790527344
2417,394.86541748046875
2418,306.9391174316406
2419,382.03497314453125
2420,370.7158203125
2421,302.6788024902344
2422,454.4075927734375
2423,304.976806640625
2424,380.50726318359375
2425,350.42327880859375
2426,347.1280822753906
2427,420.04388427734375
2428,307.1455993652344
2429,433.6099853515625
2430,347.6677551269531
2431,378.8774108886719
2432,323.425537109375
2433,308.1283264160156
2434,392.809326171875
2435,359.1057434082031
2436,356.30035400390625
2437,299.44696044921875
2438,320.8714599609375
2439,391.9064636230469
2440,338.9406433105469
2441,259.2951354980469
2442,407.01702880859375
2443,287.228515625
2444,400.31341552734375
2445,337.5664367675781
2446,301.88714599609375
2447,386.4629821777344
2448,301.10797119140625
2449,374.1640625
2450,363.4754333496094
2451,296.7725830078125
2452,444.261962890625
2453,298.2949523925781
2454,372.4533996582031
2455,342.82861328125
2456,340.10369873046875
2457,412.0010681152344
2458,301.1233825683594
2459,424.9302673339844
2460,339.7410888671875
2461,370.17462158203125
2462,315.84429931640625
2463,303.3634338378906
2464,383.8084411621094
2465,351.00048828125
2466,347.92303466796875
2467,294.06524658203125
2468,313.7668151855469
2469,382.2635192871094
2470,331.2774658203125
2471,253.7342529296875
2472,399.9901123046875
2473,281.4435119628906
2474,390.7841796875
2475,328.5157775878906
2476,294.6220703125
2477,378.0507507324219
2478,295.2791442871094
2479,366.28472900390625
2480,356.2357482910156
2481,290.8699035644531
2482,434.10345458984375
2483,291.61920166015625
2484,364.4003601074219
2485,335.2415771484375
2486,333.07586669921875
2487,403.9591369628906
2488,295.10791015625
2489,416.2256164550781
2490,331.81683349609375
2491,361.46929931640625
2492,308.27276611328125
2493,298.6177978515625
2494,374.8016357421875
2495,342.9385986328125
2496,339.560791015625
2497,288.6908264160156
2498,306.6664733886719
2499,372.614990234375
2500,323.65057373046875
2501,248.182373046875
2502,392.9658508300781
2503,275.66424560546875
2504,381.2668762207031
2505,319.469970703125
2506,287.39093017578125
2507,369.63330078125
2508,289.4562072753906
2509,358.40155029296875
2510,349.00146484375
2511,284.9745178222656
2512,423.93780517578125
2513,284.9540710449219
2514,356.3533935546875
2515,327.66766357421875
2516,326.048828125
2517,395.9229736328125
2518,289.103271484375
2519,407.5002136230469
2520,323.9004211425781
2521,352.76666259765625
2522,300.71630859375
2523,293.8954162597656
2524,365.7947082519531
2525,334.9281005859375
2526,331.21954345703125
2527,283.327392578125
2528,299.57574462890625
2529,362.9672546386719
2530,316.06732177734375
2531,242.6436004638672
2532,385.9488525390625
2533,269.89483642578125
2534,371.76898193359375
2535,310.43548583984375
2536,280.20050048828125
2537,361.2154235839844
2538,283.64312744140625
2539,350.519287109375
2540,341.7776184082031
2541,279.09027099609375
2542,413.77117919921875
2543,278.3043212890625
2544,348.3182067871094
2545,320.11273193359375
2546,319.02703857421875
2547,387.89794921875
2548,283.11358642578125
2549,398.75830078125
2550,315.9974060058594
2551,344.0718994140625
2552,293.1803283691406
2553,289.20013427734375
2554,356.7931213378906
2555,326.9771728515625
2556,322.9049377441406
2557,277.978271484375
2558,292.49969482421875
2559,353.3263244628906
2560,308.5346984863281
2561,237.12156677246094
2562,378.9435119628906
2563,264.13885498046875
2564,362.2974853515625
2565,301.41839599609375
2566,273.0572814941406
2567,352.8017578125
2568,277.843505859375
2569,342.6424560546875
2570,334.56890869140625
2571,273.22088623046875
2572,403.6092529296875
2573,271.67437744140625
2574,340.300048828125
2575,312.5822448730469
2576,312.01458740234375
2577,379.8888854980469
2578,277.1429138183594
2579,390.00390625
2580,308.11328125
2581,335.39007568359375
2582,285.6700744628906
2583,284.535888671875
2584,347.8025817871094
2585,319.093994140625
2586,314.6229248046875
2587,272.6470947265625
2588,285.4437255859375
2589,343.69854736328125
2590,301.0601501464844
2591,231.62030029296875
2592,371.954345703125
2593,258.4003601074219
2594,352.8599853515625
2595,292.42535400390625
2596,265.96844482421875
2597,344.3970947265625
2598,272.0613708496094
2599,334.7760009765625
2600,327.38067626953125
2601,267.37030029296875
2602,393.45849609375
2603,265.0693054199219
2604,332.30487060546875
2605,305.08251953125
2606,305.0162658691406
2607,371.90142822265625
2608,271.1956481933594
2609,381.24163818359375
2610,300.2540588378906
2611,326.72686767578125
2612,278.1916809082031
2613,279.9070129394531
2614,338.82928466796875
2615,311.28778076171875
2616,306.3799133300781
2617,267.33782958984375
2618,278.4137878417969
2619,334.0908508300781
2620,293.6517028808594
2621,226.1441192626953
2622,364.9864196777344
2623,252.6836700439453
2624,343.46453857421875
2625,283.4634094238281
2626,258.94140625
2627,336.00689697265625
2628,266.301025390625
2629,326.9251708984375
2630,320.218505859375
2631,261.5428466796875
2632,383.3256530761719
2633,258.49420166015625
2634,324.33892822265625
2635,297.6199035644531
2636,298.0368957519531
2637,363.9412841796875
2638,265.2763671875
2639,372.47613525390625
2640,292.4259338378906
2641,318.0879821777344
2642,270.7509460449219
2643,275.31781005859375
2644,329.87945556640625
2645,303.567626953125
2646,298.182373046875
2647,262.0543212890625
2648,271.4156494140625
2649,324.51031494140625
2650,286.3173828125
2651,220.697265625
2652,358.04461669921875
2653,246.99307250976562
2654,334.1193542480469
2655,274.53973388671875
2656,251.98374938964844
2657,327.63641357421875
2658,260.56671142578125
2659,319.09527587890625
2660,313.08782958984375
2661,255.74270629882812
2662,373.21728515625
2663,251.954345703125
2664,316.4083251953125
2665,290.2008972167969
2666,291.081298828125
2667,356.0141906738281
2668,259.38970947265625
2669,363.7121276855469
2670,284.63525390625
2671,309.4792785644531
2672,263.3541259765625
2673,270.772705078125
2674,320.9596862792969
2675,295.94293212890625
2676,290.03692626953125
2677,256.80059814453125
2678,264.45550537109375
2679,314.9640808105469
2680,279.0655517578125
2681,215.28427124023438
2682,351.1341552734375
2683,241.3330078125
2684,324.83294677734375
2685,265.66180419921875
2686,245.10342407226562
2687,319.2911376953125
2688,254.8628387451172
2689,311.2918701171875
2690,305.9945983886719
2691,249.974365234375
2692,363.1407775878906
2693,245.45529174804688
2694,308.519775390625
2695,282.8323974609375
2696,284.15472412109375
2697,348.12646484375
2698,253.5406036376953
2699,354.9548034667969
2700,276.8888244628906
2701,300.9071044921875
2702,256.00775146484375
2703,266.27642822265625
2704,312.07684326171875
2705,288.42388916015625
2706,281.95062255859375
2707,251.58091735839844
2708,257.53997802734375
2709,305.4599304199219
2710,271.9051513671875
2711,209.90982055664062
2712,344.2604675292969
2713,235.70828247070312
2714,315.61444091796875
2715,256.8374938964844
2716,238.30873107910156
2717,310.9769287109375
2718,249.194091796875
2719,303.52069091796875
2720,298.94488525390625
2721,244.24246215820312
2722,353.1033630371094
2723,239.00271606445312
2724,300.6800842285156
2725,275.52154541015625
2726,277.2624816894531
2727,340.2841796875
2728,247.7340850830078
2729,346.209228515625
2730,269.1934509277344
2731,292.37774658203125
2732,248.71853637695312
2733,261.8337707519531
2734,303.2379150390625
2735,281.02056884765625
2736,273.9306945800781
2737,246.39962768554688
2738,250.6756591796875
2739,296.0057373046875
2740,264.8450927734375
2741,204.57870483398438
2742,337.42913818359375
2743,230.12359619140625
2744,306.472900390625
2745,248.07481384277344
2746,231.60816955566406
2747,302.69970703125
2748,243.56524658203125
2749,295.78765869140625
2750,291.94500732421875
2751,238.55172729492188
2752,343.11273193359375
2753,232.60244750976562
2754,292.8962707519531
2755,268.2756652832031
2756,270.4101257324219
2757,332.493896484375
2758,241.97528076171875
2759,337.4808044433594
2760,261.5563659667969
2761,283.897705078125
2762,241.49337768554688
2763,257.4496154785156
2764,294.4502258300781
2765,273.7437438964844
2766,265.984375
2767,241.26113891601562
2768,243.86947631835938
2769,286.6095886230469
2770,257.8948059082031
2771,199.29592895507812
2772,330.6459655761719
2773,224.58399963378906
2774,297.4181213378906
2775,239.38218688964844
2776,225.01058959960938
2777,294.46563720703125
2778,237.981201171875
2779,288.0990295410156
2780,285.00146484375
2781,232.90704345703125
2782,333.1767578125
2783,226.26065063476562
2784,285.17572021484375
2785,261.1024475097656
2786,263.603271484375
2787,324.762451171875
2788,236.26966857910156
2789,328.7751159667969
2790,253.98497009277344
2791,275.473876953125
2792,234.3394775390625
2793,253.12908935546875
2794,285.7214050292969
2795,266.6044616699219
2796,258.1195373535156
2797,236.17013549804688
2798,237.12875366210938
2799,277.2801818847656
2800,251.0640869140625
2801,194.06663513183594
2802,323.9168701171875
2803,219.09469604492188
2804,288.4600524902344
2805,230.76840209960938
2806,218.52517700195312
2807,286.2811279296875
2808,232.44712829589844
2809,280.461181640625
2810,278.1210632324219
2811,227.3135528564453
2812,323.30377197265625
2813,219.98367309570312
2814,277.5260009765625
2815,254.0098876953125
2816,256.8479919433594
2817,317.0966796875
2818,230.6227264404297
2819,320.0979919433594
2820,246.48712158203125
2821,267.11334228515625
2822,227.26426696777344
2823,248.87744140625
2824,277.0593566894531
2825,259.6142272949219
2826,250.34402465820312
2827,231.13131713867188
2828,230.4609375
2829,268.0262145996094
2830,244.36297607421875
2831,188.89614868164062
2832,317.2479248046875
2833,213.66090393066406
2834,279.6090087890625
2835,222.2424774169922
2836,212.16151428222656
2837,278.1527099609375
2838,226.96829223632812
2839,272.88067626953125
2840,271.310791015625
2841,221.77642822265625
2842,313.5022888183594
2843,213.77798461914062
2844,269.955078125
2845,247.0061492919922
2846,250.1503448486328
2847,309.5039367675781
2848,225.0403289794922
2849,311.45538330078125
2850,239.0708465576172
2851,258.82342529296875
2852,220.27557373046875
2853,244.70013427734375
2854,268.472412109375
2855,252.78492736816406
2856,242.66615295410156
2857,226.1497344970703
2858,223.8739013671875
2859,258.8570556640625
2860,237.8020477294922
2861,183.7900390625
2862,310.6456298828125
2863,208.28831481933594
2864,270.8759765625
2865,213.81393432617188
2866,205.92941284179688
2867,270.08740234375
2868,221.5501708984375
2869,265.3644714355469
2870,264.57794189453125
2871,216.30111694335938
2872,303.7810974121094
2873,207.65040588378906
2874,262.4710693359375
2875,240.09988403320312
2876,243.5166778564453
2877,301.99151611328125
2878,219.52828979492188
2879,302.8536071777344
2880,231.74441528320312
2881,250.6116485595703
2882,213.38128662109375
2883,240.60260009765625
2884,259.9688415527344
2885,246.12884521484375
2886,235.09420776367188
2887,221.23028564453125
2888,217.37570190429688
2889,249.78213500976562
2890,231.39187622070312
2891,178.75389099121094
2892,304.116455078125
2893,202.9824676513672
2894,262.27191162109375
2895,205.4924774169922
2896,199.83905029296875
2897,262.0921325683594
2898,216.19834899902344
2899,257.919677734375
2900,257.9300842285156
2901,210.89320373535156
2902,294.14947509765625
2903,201.6079559326172
2904,255.08245849609375
2905,233.2998809814453
2906,236.95361328125
2907,294.56719970703125
2908,214.09280395507812
2909,294.299072265625
2910,224.51657104492188
2911,242.48583984375
2912,206.5897674560547
2913,236.5906982421875
2914,251.5577392578125
2915,239.6588134765625
2916,227.63723754882812
2917,216.37835693359375
2918,210.974853515625
2919,240.81158447265625
2920,225.14390563964844
2921,173.79371643066406
2922,297.667236328125
2923,197.7493896484375
2924,253.8086700439453
2925,197.28842163085938
2926,193.90109252929688
2927,254.17433166503906
2928,210.9187774658203
2929,250.55364990234375
2930,251.37493896484375
2931,205.55845642089844
2932,284.61688232421875
2933,195.65777587890625
2934,247.79812622070312
2935,226.61534118652344
2936,230.46791076660156
2937,287.23895263671875
2938,208.74021911621094
2939,285.79852294921875
2940,217.39625549316406
2941,234.45411682128906
2942,199.9095458984375
2943,232.67022705078125
2944,243.248046875
2945,233.387939453125
2946,220.3040771484375
2947,211.59921264648438
2948,204.67996215820312
2949,231.95553588867188
2950,219.06954956054688
2951,168.91549682617188
2952,291.3049011230469
2953,192.59512329101562
2954,245.4981231689453
2955,189.21218872070312
2956,188.12637329101562
2957,246.34144592285156
2958,205.71731567382812
2959,243.27395629882812
2960,244.92059326171875
2961,200.302734375
2962,275.19317626953125
2963,189.80743408203125
2964,240.626953125
2965,220.05581665039062
2966,224.06663513183594
2967,280.0147705078125
2968,203.47698974609375
2969,277.3589172363281
2970,210.3927001953125
2971,226.52471923828125
2972,193.34942626953125
2973,228.84715270996094
2974,235.04928588867188
2975,227.3297882080078
2976,213.10406494140625
2977,206.89833068847656
2978,198.5000762939453
2979,223.2247314453125
2980,213.18072509765625
2981,164.1255340576172
2982,285.0365905761719
2983,187.5259246826172
2984,237.3527374267578
2985,181.27479553222656
2986,182.52622985839844
2987,238.60147094726562
2988,200.60028076171875
2989,236.0885772705078
2990,238.57540893554688
2991,195.13214111328125
2992,265.888671875
2993,184.06459045410156
2994,233.5785369873047
2995,213.63113403320312
2996,217.75704956054688
2997,272.9032897949219
2998,198.30995178222656
2999,268.987548828125
3000,203.5156707763672
3001,218.70651245117188
3002,186.91876220703125
3003,225.12770080566406
3004,226.97154235839844
3005,221.49853515625
3006,206.04701232910156
3007,202.28158569335938
3008,192.44468688964844
3009,214.6304931640625
3010,207.48988342285156
3011,159.43040466308594
3012,278.86981201171875
3013,182.54840087890625
3014,229.38568115234375
3015,173.48788452148438
3016,177.11239624023438
3017,230.96255493164062
3018,195.5740966796875
3019,229.00582885742188
3020,232.3480682373047
3021,190.0531463623047
3022,256.71417236328125
3023,178.43740844726562
3024,226.6626739501953
3025,207.35166931152344
3026,211.54693603515625
3027,265.9132385253906
3028,193.2460479736328
3029,260.692138671875
3030,196.77528381347656
3031,211.00848388671875
3032,180.62704467773438
3033,221.51806640625
3034,219.02503967285156
3035,215.9086151123047
3036,199.14288330078125
3037,197.7547149658203
3038,186.52349853515625
3039,206.1845245361328
3040,202.00967407226562
3041,154.83677673339844
3042,272.81219482421875
3043,177.66921997070312
3044,221.61026000976562
3045,165.8632354736328
3046,171.8969268798828
3047,223.43316650390625
3048,190.64544677734375
3049,222.03407287597656
3050,226.24742126464844
3051,185.07203674316406
3052,247.68063354492188
3053,172.93409729003906
3054,219.88931274414062
3055,201.22787475585938
3056,205.44384765625
3057,259.053466796875
3058,188.29234313964844
3059,252.48045349121094
3060,190.18179321289062
3061,203.4398651123047
3062,174.4840850830078
3063,218.02464294433594
3064,211.22024536132812
3065,210.57484436035156
3066,192.40171813964844
3067,193.32362365722656
3068,180.7465057373047
3069,197.89869689941406
3070,196.7531280517578
3071,150.35142517089844
3072,266.8714599609375
3073,172.89520263671875
3074,214.04029846191406
3075,158.41317749023438
3076,166.8921356201172
3077,216.02186584472656
3078,185.8209686279297
3079,215.18209838867188
3080,220.28265380859375
3081,180.19544982910156
3082,238.7994384765625
3083,167.5630645751953
3084,213.2688751220703
3085,195.2706298828125
3086,199.45603942871094
3087,252.33311462402344
3088,183.4561767578125
3089,244.36073303222656
3090,183.7458953857422
3091,196.01022338867188
3092,168.49998474121094
3093,214.65379333496094
3094,203.5683135986328
3095,205.5125274658203
3096,185.83428955078125
3097,188.99447631835938
3098,175.12405395507812
3099,189.7856903076172
3100,191.73353576660156
3101,145.9815673828125
3102,261.0555725097656
3103,168.23353576660156
3104,206.69017028808594
3105,151.1505889892578
3106,162.1107940673828
3107,208.73782348632812
3108,181.1077880859375
3109,208.45912170410156
3110,214.46324157714844
3111,175.4302520751953
3112,230.08273315429688
3113,162.3332061767578
3114,206.812255859375
3115,189.4912872314453
3116,193.5918426513672
3117,245.76170349121094
3118,178.7450714111328
3119,236.3417205810547
3120,177.4788360595703
3121,188.7296905517578
3122,162.68536376953125
3123,211.41200256347656
3124,196.0807342529297
3125,200.73715209960938
3126,179.4513702392578
3127,184.77357482910156
3128,169.66693115234375
3129,181.8586883544922
3130,186.96473693847656
3131,141.73446655273438
3132,255.37278747558594
3133,163.6915283203125
3134,199.5747833251953
3135,144.0889434814453
3136,157.5659637451172
3137,201.5904083251953
3138,176.5131378173828
3139,201.87448120117188
3140,208.7989959716797
3141,170.78343200683594
3142,221.54296875
3143,157.2535858154297
3144,200.53045654296875
3145,183.90147399902344
3146,187.86000061035156
3147,239.3489532470703
3148,174.16671752929688
3149,228.43260192871094
3150,171.3921661376953
3151,181.608642578125
3152,157.0510711669922
3153,208.3057403564453
3154,188.7805938720703
3155,196.27162170410156
3156,173.28175354003906
3157,180.6773223876953
3158,164.4174346923828
3159,174.1945037841797
3160,182.48321533203125
3161,137.64395141601562
3162,249.8611602783203
3163,159.30860900878906
3164,192.7783660888672
3165,137.3253631591797
3166,153.30467224121094
3167,194.65553283691406
3168,172.08204650878906
3169,195.50596618652344
3170,203.3538818359375
3171,166.29568481445312
3172,213.2982940673828
3173,152.38577270507812
3174,194.5047607421875
3175,178.57901000976562
3176,182.33831787109375
3177,233.15733337402344
3178,169.76541137695312
3179,220.76121520996094
3180,165.57672119140625
3181,174.74122619628906
3182,151.6748046875
3183,205.33538818359375
3184,181.75979614257812
3185,192.1430206298828
3186,167.358642578125
3187,176.716552734375
3188,159.39222717285156
3189,166.80616760253906
3190,178.28941345214844
3191,133.7055206298828
3192,244.51100158691406
3193,155.0717315673828
3194,186.2671661376953
3195,130.81430053710938
3196,149.30609130859375
3197,187.89036560058594
3198,167.7884979248047
3199,189.3042755126953
3200,198.08677673339844
3201,161.94056701660156
3202,205.26510620117188
3203,147.6868896484375
3204,188.67654418945312
3205,173.4674835205078
3206,176.96763610839844
3207,227.14036560058594
3208,165.5085906982422
3209,213.22317504882812
3210,159.96157836914062
3211,168.05274963378906
3212,146.49603271484375
3213,202.5043182373047
3214,174.93629455566406
3215,188.33203125
3216,161.64688110351562
3217,172.87779235839844
3218,154.5581817626953
3219,159.63992309570312
3220,174.3740692138672
3221,129.90707397460938
3222,239.31170654296875
3223,150.97166442871094
3224,180.02552795410156
3225,124.53876495361328
3226,145.570556640625
3227,181.2865753173828
3228,163.63043212890625
3229,183.2649383544922
3230,192.99700927734375
3231,157.7194061279297
3232,197.44158935546875
3233,143.1593017578125
3234,183.0490264892578
3235,168.57167053222656
3236,171.75086975097656
3237,221.3033905029297
3238,161.40113830566406
3239,205.8217315673828
3240,154.55418395996094
3241,161.55039978027344
3242,141.52301025390625
3243,199.81814575195312
3244,168.31927490234375
3245,184.8520965576172
3246,156.15626525878906
3247,169.166748046875
3248,149.92494201660156
3249,152.7083282470703
3250,170.74952697753906
3251,126.2556381225586
3252,234.27125549316406
3253,147.0157928466797
3254,174.06809997558594
3255,118.51300048828125
3256,142.1104736328125
3257,174.8546905517578
3258,159.61544799804688
3259,177.3985137939453
3260,188.09494018554688
3261,153.63954162597656
3262,189.84242248535156
3263,138.81275939941406
3264,177.63430786132812
3265,163.90386962890625
3266,166.69808959960938
3267,215.65689086914062
3268,157.45127868652344
3269,198.5691375732422
3270,149.36734008789062
3271,155.2465362548828
3272,136.7677459716797
3273,197.2823028564453
3274,161.92282104492188
3275,181.71751403808594
3276,150.903564453125
3277,165.59315490722656
3278,145.5192413330078
3279,146.06690979003906
3280,167.43373107910156
3281,122.77455139160156
3282,229.41456604003906
3283,143.23226928710938
3284,168.45547485351562
3285,112.81456756591797
3286,138.94955444335938
3287,168.65785217285156
3288,155.77723693847656
3289,171.76882934570312
3290,183.4276885986328
3291,149.72962951660156
3292,182.56910705566406
3293,134.69371032714844
3294,172.49465942382812
3295,159.5209197998047
3296,161.8741912841797
3297,210.2456817626953
3298,153.6886444091797
3299,191.58546447753906
3300,144.47291564941406
3301,149.2216033935547
3302,132.2896270751953
3303,194.87794494628906
3304,155.8447265625
3305,178.93043518066406
3306,145.9294891357422
3307,162.1695098876953
3308,141.3699493408203
3309,139.7589569091797
3310,164.42942810058594
3311,119.46858978271484
3312,224.7429656982422
3313,139.61920166015625
3314,163.17559814453125
3315,107.42223358154297
3316,136.08116149902344
3317,162.67271423339844
3318,152.1022186279297
3319,166.34584045410156
3320,178.97169494628906
3321,145.97633361816406
3322,175.56361389160156
3323,130.77586364746094
3324,167.5924530029297
3325,155.38743591308594
3326,157.23745727539062
3327,205.0431365966797
3328,150.09591674804688
3329,184.78648376464844
3330,139.8217315673828
3331,143.4217529296875
3332,128.04872131347656
3333,192.62315368652344
3334,150.01475524902344
3335,176.49359130859375
3336,141.2078399658203
3337,158.88943481445312
3338,137.44924926757812
3339,133.7341766357422
3340,161.73658752441406
3341,116.33265686035156
3342,220.25672912597656
3343,136.17919921875
3344,158.23753356933594
3345,102.35755920410156
3346,133.50970458984375
3347,156.93576049804688
3348,148.6115264892578
3349,161.1809844970703
3350,174.7640838623047
3351,142.40333557128906
3352,168.93661499023438
3353,127.10523223876953
3354,162.99380493164062
3355,151.5614776611328
3356,152.8694305419922
3357,200.0977783203125
3358,146.7023468017578
3359,178.35366821289062
3360,135.5058135986328
3361,137.96104431152344
3362,124.11992645263672
3363,190.46351623535156
3364,144.57557678222656
3365,174.35826110839844
3366,136.7970733642578
3367,155.76832580566406
3368,133.83274841308594
3369,128.17977905273438
3370,159.3370361328125
3371,113.40569305419922
3372,215.98513793945312
3373,132.9467010498047
3374,153.70150756835938
3375,97.70539855957031
3376,131.22384643554688
3377,151.4915008544922
3378,145.31431579589844
3379,156.28616333007812
3380,170.79969787597656
3381,139.0047607421875
3382,162.65806579589844
3383,123.66079711914062
3384,158.66392517089844
3385,148.00531005859375
3386,148.7240753173828
3387,195.3790740966797
3388,143.4871063232422
3389,172.17457580566406
3390,131.45741271972656
3391,132.76278686523438
3392,120.44548797607422
3393,188.4325408935547
3394,139.418212890625
3395,172.53855895996094
3396,132.64955139160156
3397,152.79318237304688
3398,130.4518280029297
3399,122.94828796386719
3400,157.2230682373047
3401,110.65357208251953
3402,211.90174865722656
3403,129.8904571533203
3404,149.501220703125
3405,93.3853759765625
3406,129.21148681640625
3407,146.29800415039062
3408,142.19375610351562
3409,151.63499450683594
3410,167.0631866455078
3411,135.7763214111328
3412,156.71231079101562
3413,120.4369888305664
3414,154.59829711914062
3415,144.71482849121094
3416,144.80516052246094
3417,190.8917236328125
3418,140.45281982421875
3419,166.27487182617188
3420,127.68612670898438
3421,127.84652709960938
3422,117.03572082519531
3423,186.51971435546875
3424,134.5682373046875
3425,171.0150604248047
3426,128.7767791748047
3427,149.96768188476562
3428,127.31391906738281
3429,118.06451416015625
3430,155.38165283203125
3431,108.07881164550781
3432,208.0078582763672
3433,127.0118637084961
3434,145.63499450683594
3435,89.40116119384766
3436,127.45907592773438
3437,141.36032104492188
3438,139.24887084960938
3439,147.2290496826172
3440,163.55091857910156
3441,132.7151336669922
3442,151.1013946533203
3443,117.4298324584961
3444,150.79222106933594
3445,141.6825408935547
3446,141.11109924316406
3447,186.63040161132812
3448,137.59423828125
3449,160.66404724121094
3450,124.18946838378906
3451,123.21702575683594
3452,113.88740539550781
3453,184.7025604248047
3454,130.03627014160156
3455,169.74461364746094
3456,125.17311096191406
3457,147.28427124023438
3458,124.41693115234375
3459,113.54447174072266
3460,153.7850341796875
3461,105.67768859863281
3462,204.29664611816406
3463,124.30803680419922
3464,142.09738159179688
3465,85.76466369628906
3466,125.9349136352539
3467,136.69581604003906
3468,136.47991943359375
3469,143.0847930908203
3470,160.2615509033203
3471,129.8162078857422
3472,145.86509704589844
3473,114.64092254638672
3474,147.2522735595703
3475,138.90536499023438
3476,137.6649169921875
3477,182.59010314941406
3478,134.90066528320312
3479,155.4227752685547
3480,120.97840881347656
3481,118.90202331542969
3482,111.00049591064453
3483,182.92335510253906
3484,125.85116577148438
3485,168.63479614257812
3486,121.82516479492188
3487,144.72523498535156
3488,121.7535400390625
3489,109.4314956665039
3490,152.36318969726562
3491,103.44403839111328
3492,200.7533416748047
3493,121.77449035644531
3494,138.8744354248047
3495,82.48292541503906
3496,124.59590148925781
3497,132.3051300048828
3498,133.87579345703125
3499,139.1905059814453
3500,157.17552185058594
3501,127.06607055664062
3502,140.97508239746094
3503,112.049072265625
3504,143.95033264160156
3505,136.35296630859375
3506,134.44107055664062
3507,178.7467803955078
3508,132.35276794433594
3509,150.52378845214844
3510,118.02094268798828
3511,114.87511444091797
3512,108.34513092041016
3513,181.1602325439453
3514,121.98153686523438
3515,167.63009643554688
3516,118.70187377929688
3517,142.2700958251953
3518,119.29214477539062
3519,105.7091064453125
3520,151.04571533203125
3521,101.35630798339844
3522,197.34703063964844
3523,119.39279174804688
3524,135.93226623535156
3525,79.57810974121094
3526,123.33230590820312
3527,128.228759765625
3528,131.4269561767578
3529,135.58421325683594
3530,154.2757568359375
3531,124.43783569335938
3532,136.5255889892578
3533,109.642578125
3534,140.88226318359375
3535,133.99636840820312
3536,131.47625732421875
3537,175.06614685058594
3538,129.90847778320312
3539,146.11866760253906
3540,115.31693267822266
3541,111.17320251464844
3542,105.90179443359375
3543,179.28321838378906
3544,118.46770477294922
3545,166.52349853515625
3546,115.75902557373047
3547,139.87640380859375
3548,116.99895477294922
3549,102.39335632324219
3550,149.72216796875
3551,99.38662719726562
3552,194.0421600341797
3553,117.13536071777344
3554,133.2103271484375
3555,76.99689483642578
3556,122.08220672607422
3557,124.43255615234375
3558,129.10533142089844
3559,132.2292938232422
3560,151.51963806152344
3561,121.89985656738281
3562,132.4873809814453
3563,107.38026428222656
3564,138.00381469726562
3565,131.775634765625
3566,128.7574920654297
3567,171.49647521972656
3568,127.51690673828125
3569,142.27874755859375
3570,112.82884216308594
3571,107.79664611816406
3572,103.62384033203125
3573,177.1573028564453
3574,115.32455444335938
3575,165.0581817626953
3576,112.92586517333984
3577,137.47850036621094
3578,114.82002258300781
3579,99.54847717285156
3580,148.16233825683594
3581,97.48846435546875
3582,190.7613983154297
3583,114.96153259277344
3584,130.63259887695312
3585,74.76469421386719
3586,120.65228271484375
3587,120.93700408935547
3588,126.87283325195312
3589,129.11863708496094
3590,148.85366821289062
3591,119.40914154052734
3592,128.8180389404297
3593,105.21549987792969
3594,135.2554473876953
3595,129.63507080078125
3596,126.21315002441406
3597,168.00155639648438
3598,125.16313171386719
3599,138.8064422607422
3600,110.47754669189453
3601,104.63165283203125
3602,101.45584106445312
3603,174.9137725830078
3604,112.39544677734375
3605,163.4359893798828
3606,110.18582916259766
3607,135.1061553955078
3608,112.71221923828125
3609,96.93656921386719
3610,146.5432586669922
3611,95.65029907226562
3612,187.52902221679688
3613,112.85179138183594
3614,128.1514434814453
3615,72.70166015625
3616,119.2057113647461
3617,117.60289001464844
3618,124.7095947265625
3619,126.14278411865234
3620,146.26211547851562
3621,116.9779052734375
3622,125.35027313232422
3623,103.12889862060547
3624,132.6038360595703
3625,127.56491088867188
3626,123.78299713134766
3627,164.5853729248047
3628,122.85992431640625
3629,135.56407165527344
3630,108.22933959960938
3631,101.6270523071289
3632,99.37989807128906
3633,172.61956787109375
3634,109.62428283691406
3635,161.73997497558594
3636,107.53925323486328
3637,132.77383422851562
3638,110.66462707519531
3639,94.49726104736328
3640,144.90338134765625
3641,93.86946105957031
3642,184.35255432128906
3643,110.80224609375
3644,125.75353240966797
3645,70.7765884399414
3646,117.75836181640625
3647,114.41075134277344
3648,122.6093978881836
3649,123.2854995727539
3650,143.7382354736328
3651,114.6043701171875
3652,122.05717468261719
3653,101.11181640625
3654,130.0374755859375
3655,125.55692291259766
3656,121.44947814941406
3657,161.2466278076172
3658,120.6107177734375
3659,132.49249267578125
3660,106.06901550292969
3661,98.75588989257812
3662,97.38771057128906
3663,170.3137664794922
3664,106.97987365722656
3665,160.01600646972656
3666,104.9848861694336
3667,130.48696899414062
3668,108.67051696777344
3669,92.19844055175781
3670,143.2611846923828
3671,92.14266204833984
3672,181.23330688476562
3673,108.80897521972656
3674,123.429443359375
3675,68.96900177001953
3676,116.31944274902344
3677,111.34608459472656
3678,120.56693267822266
3679,120.53488159179688
3680,141.27716064453125
3681,112.28717041015625
3682,118.91947937011719
3683,99.15835571289062
3684,127.5488052368164
3685,123.6044921875
3686,119.20471954345703
3687,157.98008728027344
3688,118.41012573242188
3689,129.59234619140625
3690,103.98916625976562
3691,96.01384735107422
3692,95.4707260131836
3693,167.98573303222656
3694,104.45722198486328
3695,158.2430877685547
3696,102.51329040527344
3697,128.23985290527344
3698,106.72196197509766
3699,90.0361328125
3700,141.5991668701172
3701,90.46391296386719
3702,178.16651916503906
3703,106.86672973632812
3704,121.16766357421875
3705,67.27104187011719
3706,114.875
3707,108.40524291992188
3708,118.5763168334961
3709,117.88648986816406
3710,138.8722686767578
3711,110.02103424072266
3712,115.93128967285156
3713,97.26131439208984
3714,125.1300048828125
3715,121.698486328125
3716,117.04254150390625
3717,154.77810668945312
3718,116.25178527832031
3719,126.859619140625
3720,101.98109436035156
3721,93.39213562011719
3722,93.62127685546875
3723,165.6404266357422
3724,102.04361724853516
3725,156.43392944335938
3726,100.12199401855469
3727,126.03533935546875
3728,104.81613159179688
3729,87.9904556274414
3730,139.93507385253906
3731,88.83293914794922
3732,175.15660095214844
3733,104.97496032714844
3734,118.96633911132812
3735,65.66674041748047
3736,113.4455795288086
3737,105.57516479492188
3738,116.63638305664062
3739,115.3304214477539
3740,136.52479553222656
3741,107.81009674072266
3742,113.07255554199219
3743,95.420654296875
3744,122.77955627441406
3745,119.84188842773438
3746,114.95367431640625
3747,151.6466827392578
3748,114.14311981201172
3749,124.25784301757812
3750,100.04058074951172
3751,90.87907409667969
3752,91.83851623535156
3753,163.30030822753906
3754,99.72688293457031
3755,154.6137237548828
3756,97.8120346069336
3757,123.876953125
3758,102.95159149169922
3759,86.04841613769531
3760,138.27740478515625
3761,87.24822998046875
3762,172.20370483398438
3763,103.13148498535156
3764,116.82168579101562
3765,64.14682006835938
3766,112.03400421142578
3767,102.84794616699219
3768,114.74414825439453
3769,112.8597412109375
3770,134.2315216064453
3771,105.65216827392578
3772,110.33207702636719
3773,93.63273620605469
3774,120.49288940429688
3775,118.03119659423828
3776,112.93192291259766
3777,148.58251953125
3778,112.08219909667969
3779,121.77458953857422
3780,98.1623306274414
3781,88.46676635742188
3782,90.11748504638672
3783,160.9679718017578
3784,97.49918365478516
3785,152.7848663330078
3786,95.57852935791016
3787,121.76292419433594
3788,101.12545776367188
3789,84.20026397705078
3790,136.6263885498047
3791,85.70687866210938
3792,169.30491638183594
3793,101.33319091796875
3794,114.72932434082031
3795,62.70428466796875
3796,110.6381607055664
3797,100.21790313720703
3798,112.89677429199219
3799,110.46956634521484
3800,131.98916625976562
3801,103.54460144042969
3802,107.70336151123047
3803,91.89381408691406
3804,118.26609802246094
3805,116.26261901855469
3806,110.97320556640625
3807,145.5823211669922
3808,110.06646728515625
3809,119.40430450439453
3810,96.34204864501953
3811,86.15009307861328
3812,88.45374298095703
3813,158.64234924316406
3814,95.35572814941406
3815,150.94369506835938
3816,93.41667938232422
3817,119.69099426269531
3818,99.33465576171875
3819,82.44070434570312
3820,134.9781951904297
3821,84.2059326171875
3822,166.4579620361328
3823,99.57732391357422
3824,112.6848373413086
3825,61.33342361450195
3826,109.25530242919922
3827,97.68038940429688
3828,111.09150695800781
3829,108.1556396484375
3830,129.79483032226562
3831,101.48505401611328
3832,105.17970275878906
3833,90.20076751708984
3834,116.09569549560547
3835,114.53318786621094
3836,109.0730972290039
3837,142.6434326171875
3838,108.09429168701172
3839,117.1371078491211
3840,94.57568359375
3841,83.92243194580078
3842,86.8435287475586
3843,156.32679748535156
3844,93.28973388671875
3845,149.09507751464844
3846,91.32292938232422
3847,117.66024780273438
3848,97.57774353027344
3849,80.76008605957031
3850,133.33689880371094
3851,82.74369812011719
3852,163.66065979003906
3853,97.86160278320312
3854,110.68634796142578
3855,60.02778625488281
3856,107.88758087158203
3857,95.22905731201172
3858,109.32710266113281
3859,105.91226196289062
3860,127.64656829833984
3861,99.4721908569336
3862,102.751708984375
3863,88.55146789550781
3864,113.97899627685547
3865,112.84149169921875
3866,107.22721099853516
3867,139.7632598876953
3868,106.16350555419922
3869,114.96654510498047
3870,92.85846710205078
3871,81.77810668945312
3872,85.2809066772461
3873,154.01414489746094
3874,91.29683685302734
3875,147.22340393066406
3876,89.287841796875
3877,115.66388702392578
3878,95.84915161132812
3879,79.1548843383789
3880,131.68663024902344
3881,81.31391143798828
3882,160.90353393554688
3883,96.1794662475586
3884,108.72406005859375
3885,58.7819938659668
3886,106.5149917602539
3887,92.8593978881836
3888,107.59551239013672
3889,103.73404693603516
3890,125.53205108642578
3891,97.49309539794922
3892,100.4187240600586
3893,86.93244171142578
3894,111.90184783935547
3895,111.16773223876953
3896,105.43043518066406
3897,136.91909790039062
3898,104.25277709960938
3899,112.9180908203125
3900,91.17530822753906
3901,79.71095275878906
3902,83.74359893798828
3903,151.6494140625
3904,89.3759994506836
3905,145.22885131835938
3906,87.2745590209961
3907,113.67108917236328
3908,94.1250228881836
3909,77.63690948486328
3910,129.9404296875
3911,79.89285278320312
3912,158.1534423828125
3913,94.50825500488281
3914,106.75885009765625
3915,57.589210510253906
3916,105.05439758300781
3917,90.56970977783203
3918,105.87235260009766
3919,101.61541748046875
3920,123.4203109741211
3921,95.51655578613281
3922,98.18912506103516
3923,85.31324768066406
3924,109.8352279663086
3925,109.47008514404297
3926,103.6746597290039
3927,134.071044921875
3928,102.3274917602539
3929,111.02918243408203
3930,89.50487518310547
3931,77.71122741699219
3932,82.20536041259766
3933,149.18096923828125
3934,87.52118682861328
3935,143.03265380859375
3936,85.25115203857422
3937,111.65807342529297
3938,92.38677978515625
3939,76.20469665527344
3940,128.04769897460938
3941,78.46391296386719
3942,155.38856506347656
3943,92.83199310302734
3944,104.76580047607422
3945,56.437103271484375
3946,103.47513580322266
3947,88.34920501708984
3948,104.1480712890625
3949,99.54600524902344
3950,121.30625915527344
3951,93.5421142578125
3952,96.0433120727539
3953,83.69666290283203
3954,107.78207397460938
3955,107.76109313964844
3956,101.9517822265625
3957,131.23338317871094
3958,100.40419006347656
3959,109.24906158447266
3960,87.85108184814453
3961,75.76824951171875
3962,80.67926788330078
3963,146.67306518554688
3964,85.71742248535156
3965,140.76138305664062
3966,83.25314331054688
3967,109.65923309326172
3968,90.66036224365234
3969,74.82423400878906
3970,126.12812805175781
3971,77.05370330810547
3972,152.64817810058594
3973,91.17573547363281
3974,102.79247283935547
3975,55.32148361206055
3976,101.8890609741211
3977,86.18694305419922
3978,102.44718170166016
3979,97.52143096923828
3980,119.21906280517578
3981,91.59880828857422
3982,93.95726013183594
3983,82.10691833496094
3984,105.76384735107422
3985,106.07461547851562
3986,100.26072692871094
3987,128.43849182128906
3988,98.51426696777344
3989,107.51876068115234
3990,86.22920989990234
3991,73.8794937133789
3992,79.18740844726562
3993,144.18841552734375
3994,83.95812225341797
3995,138.50669860839844
3996,81.30653381347656
3997,107.69570922851562
3998,88.96040344238281
3999,73.48229217529297
4000,124.2336654663086
4001,75.67388153076172
4002,149.9478759765625
4003,89.54912567138672
4004,100.85565185546875
4005,54.2425537109375
4006,100.3310546875
4007,84.08111572265625
4008,100.77735137939453
4009,95.54148864746094
4010,117.16555786132812
4011,89.6921157836914
4012,91.927734375
4013,80.54662322998047
4014,103.78215026855469
4015,104.41204833984375
4016,98.60108184814453
4017,125.6860122680664
4018,96.65652465820312
4019,105.840576171875
4020,84.63737487792969
4021,72.0440673828125
4022,77.72599029541016
4023,141.71737670898438
4024,82.24341583251953
4025,136.24774169921875
4026,79.40320587158203
4027,105.76069641113281
4028,87.28160858154297
4029,72.18245697021484
4030,122.34261322021484
4031,74.31855773925781
4032,147.28001403808594
4033,87.94642639160156
4034,98.94513702392578
4035,53.19847106933594
4036,98.77891540527344
4037,82.03158569335938
4038,99.13245391845703
4039,93.60523986816406
4040,115.13970947265625
4041,87.81641387939453
4042,89.95606231689453
4043,79.01094818115234
4044,101.83293914794922
4045,102.76785278320312
4046,96.97149658203125
4047,122.97103881835938
4048,94.82660675048828
4049,104.21917724609375
4050,83.07261657714844
4051,70.26024627685547
4052,76.29110717773438
4053,139.25320434570312
4054,80.57256317138672
4055,133.9736785888672
4056,77.53840637207031
4057,103.85093688964844
4058,85.62161254882812
4059,70.92520141601562
4060,120.4468765258789
4061,72.98513793945312
4062,144.64181518554688
4063,86.36528778076172
4064,97.05705261230469
4065,52.18743133544922
4066,97.22561645507812
4067,80.037353515625
4068,97.51050567626953
4069,91.71199798583984
4070,113.14099884033203
4071,85.97174072265625
4072,88.04103088378906
4073,77.50041198730469
4074,99.91730499267578
4075,101.14423370361328
4076,95.37181854248047
4077,120.29682159423828
4078,93.02772521972656
4079,102.64845275878906
4080,81.53691864013672
4081,68.52793884277344
4082,74.88601684570312
4083,136.8065185546875
4084,78.94474029541016
4085,131.69888305664062
4086,75.71525573730469
4087,101.96851348876953
4088,83.98124694824219
4089,69.71007537841797
4090,118.54637145996094
4091,71.67290496826172
4092,142.03334045410156
4093,84.80448913574219
4094,95.18849182128906
4095,51.207847595214844
4096,95.66483306884766
4097,78.097900390625
4098,95.90803527832031
4099,89.8616714477539
4100,111.16632080078125
4101,84.1546630859375
4102,86.18460083007812
4103,76.010986328125
4104,98.03192901611328
4105,99.53585052490234
4106,93.80128479003906
4107,117.65839385986328
4108,91.25432586669922
4109,101.1383285522461
4110,80.02661895751953
4111,66.84615325927734
4112,73.50492095947266
4113,134.3648681640625
4114,77.36027526855469
4115,129.40663146972656
4116,73.92894744873047
4117,100.11109161376953
4118,82.35883331298828
4119,68.53926086425781
4120,116.63874816894531
4121,70.38175201416016
4122,139.4582977294922
4123,83.2653579711914
4124,93.34076690673828
4125,50.25960922241211
4126,94.10246276855469
4127,76.21428680419922
4128,94.3260269165039
4129,88.05661010742188
4130,109.21821594238281
4131,82.36692810058594
4132,84.38909912109375
4133,74.54296112060547
4134,96.17835235595703
4135,97.94364166259766
4136,92.2610855102539
4137,115.0580825805664
4138,89.50667572021484
4139,99.6925048828125
4140,78.5421371459961
4141,65.21570587158203
4142,72.14726257324219
4143,131.92845153808594
4144,75.82046508789062
4145,127.09652709960938
4146,72.17928314208984
4147,98.27935028076172
4148,80.75418853759766
4149,67.41466522216797
4150,114.72340393066406
4151,69.11167907714844
4152,136.92001342773438
4153,81.74851989746094
4154,91.51388549804688
4155,49.34206008911133
4156,92.54055786132812
4157,74.38672637939453
4158,92.76444244384766
4159,86.29792022705078
4160,107.29830169677734
4161,80.60965728759766
4162,82.65475463867188
4163,73.0969467163086
4164,94.35798645019531
4165,96.3695068359375
4166,90.75155639648438
4167,112.49848175048828
4168,87.78648376464844
4169,98.3085708618164
4170,77.08450317382812
4171,63.636146545410156
4172,70.81419372558594
4173,129.50267028808594
4174,74.3249740600586
4175,124.77918243408203
4176,70.469482421875
4177,96.47688293457031
4178,79.17017364501953
4179,66.33386993408203
4180,112.81298828125
4181,67.86568450927734
4182,134.42372131347656
4183,80.25727844238281
4184,89.7141342163086
4185,48.45551681518555
4186,90.9936294555664
4187,72.61444091796875
4188,91.22746276855469
4189,84.58583068847656
4190,105.4117660522461
4191,78.88785552978516
4192,80.97859954833984
4193,71.67769622802734
4194,92.57543182373047
4195,94.82044982910156
4196,89.27362823486328
4197,109.98690795898438
4198,86.10038757324219
4199,96.97602081298828
4200,75.65777587890625
4201,62.108001708984375
4202,69.51155090332031
4203,127.1028823852539
4204,72.87390899658203
4205,122.47734832763672
4206,68.80595397949219
4207,94.7088623046875
4208,77.6104965209961
4209,65.29441833496094
4210,110.91757202148438
4211,66.6462173461914
4212,131.9732666015625
4213,78.79365539550781
4214,87.94454193115234
4215,47.59989547729492
4216,89.46611785888672
4217,70.89737701416016
4218,89.71699523925781
4219,82.92047119140625
4220,103.56034088134766
4221,77.20263671875
4222,79.35946655273438
4223,70.28585052490234
4224,90.83158874511719
4225,93.29776763916016
4226,87.82727813720703
4227,107.52462768554688
4228,84.44921112060547
4229,95.69276428222656
4230,74.26210021972656
4231,60.6303825378418
4232,68.23941040039062
4233,124.73098754882812
4234,71.46712493896484
4235,120.19325256347656
4236,67.18836975097656
4237,92.97562408447266
4238,76.07571411132812
4239,64.29528045654297
4240,109.03791046142578
4241,65.45323944091797
4242,129.56935119628906
4243,77.35773468017578
4244,86.20541381835938
4245,46.774349212646484
4246,87.95796203613281
4247,69.23526000976562
4248,88.23363494873047
4249,81.30181121826172
4250,101.74470520019531
4251,75.55414581298828
4252,77.7966537475586
4253,68.9212417602539
4254,89.12689971923828
4255,91.80193328857422
4256,86.41253662109375
4257,105.11222839355469
4258,82.83320617675781
4259,94.45782470703125
4260,72.89735412597656
4261,59.20237731933594
4262,66.99745178222656
4263,122.38802337646484
4264,70.1044921875
4265,117.9280776977539
4266,65.61612701416016
4267,91.27743530273438
4268,74.56641387939453
4269,63.334930419921875
4270,107.17642211914062
4271,64.28694915771484
4272,127.2119140625
4273,75.94956970214844
4274,84.49788665771484
4275,45.97825241088867
4276,86.47198486328125
4277,67.62638092041016
4278,86.7779312133789
4279,79.72825622558594
4280,99.96498107910156
4281,73.94261932373047
4282,76.28730773925781
4283,67.58451080322266
4284,87.4613037109375
4285,90.33381652832031
4286,85.0284423828125
4287,102.7496566772461
4288,81.25308227539062
4289,93.26629638671875
4290,71.56353759765625
4291,57.822444915771484
4292,65.78617858886719
4293,120.0769271850586
4294,68.78401947021484
4295,115.68744659423828
4296,64.08984375
4297,89.61474609375
4298,73.08329772949219
4299,62.41119384765625
4300,105.3367691040039
4301,63.147701263427734
4302,124.90074920654297
4303,74.56938171386719
4304,82.82283020019531
4305,45.21110534667969
4306,85.00965118408203
4307,66.07009887695312
4308,85.35039520263672
4309,78.19950866699219
4310,98.22181701660156
4311,72.36832427978516
4312,74.83096313476562
4313,66.2757339477539
4314,85.8352279663086
4315,88.89392852783203
4316,83.67536163330078
4317,100.43767547607422
4318,79.70915222167969
4319,92.11860656738281
4320,70.26066589355469
4321,56.49027633666992
4322,64.60528564453125
4323,117.79803466796875
4324,67.50617218017578
4325,113.4706039428711
4326,62.60850524902344
4327,87.98755645751953
4328,71.62648010253906
4329,61.5245475769043
4330,103.5173568725586
4331,62.03516387939453
4332,122.63699340820312
4333,73.21720123291016
4334,81.17972564697266
4335,44.472312927246094
4336,83.56926727294922
4337,64.56668853759766
4338,83.95111846923828
4339,76.71623229980469
4340,96.51571655273438
4341,70.83113098144531
4342,73.42814636230469
4343,64.99441528320312
4344,84.2489242553711
4345,87.48235321044922
4346,82.35382843017578
4347,98.17676544189453
4348,78.20109558105469
4349,91.01641082763672
4350,68.98855590820312
4351,55.205379486083984
4352,63.454105377197266
4353,115.5512924194336
4354,66.2714614868164
4355,111.27685546875
4356,61.1711311340332
4357,86.39592742919922
4358,70.19622802734375
4359,60.67481994628906
4360,101.71781921386719
4361,60.94926834106445
4362,120.42156219482422
4363,71.89319610595703
4364,79.56867218017578
4365,43.76122283935547
4366,82.15045166015625
4367,63.116207122802734
4368,82.58078002929688
4369,75.27888488769531
4370,94.84768676757812
4371,69.33136749267578
4372,72.07901000976562
4373,63.74065017700195
4374,82.70323944091797
4375,86.09967041015625
4376,81.06468963623047
4377,95.96844482421875
4378,76.72943878173828
4379,89.96089172363281
4380,67.74762725830078
4381,53.96767807006836
4382,62.3325309753418
4383,113.33804321289062
4384,65.0807113647461
4385,109.10657501220703
4386,59.77717590332031
4387,84.84049987792969
4388,68.79362487792969
4389,59.862491607666016
4390,99.9382553100586
4391,59.890228271484375
4392,118.25633239746094
4393,70.59800720214844
4394,77.99042510986328
4395,43.07743453979492
4396,80.75314331054688
4397,61.71872329711914
4398,81.23975372314453
4399,73.88772583007812
4400,93.21829986572266
4401,67.86933898925781
4402,70.78323364257812
4403,62.514522552490234
4404,81.19840240478516
4405,84.74620819091797
4406,79.80803680419922
4407,93.81310272216797
4408,75.29420471191406
4409,88.95159149169922
4410,66.53778839111328
4411,52.77633285522461
4412,61.2401237487793
4413,111.15926361083984
4414,63.93343734741211
4415,106.9608383178711
4416,58.42591094970703
4417,83.3212890625
4418,67.41912841796875
4419,59.08710479736328
4420,98.17926025390625
4421,58.857879638671875
4422,116.1417465209961
4423,69.33163452148438
4424,76.44515991210938
4425,42.42021179199219
4426,79.37775421142578
4427,60.3731803894043
4428,79.9277572631836
4429,72.54190826416016
4430,91.62722778320312
4431,66.44451904296875
4432,69.53919219970703
4433,61.315773010253906
4434,79.73375701904297
4435,83.42169952392578
4436,78.58302307128906
4437,91.70980072021484
4438,73.8949203491211
4439,87.9864730834961
4440,65.35851287841797
4441,51.6297492980957
4442,60.176368713378906
4443,109.01557159423828
4444,62.82807922363281
4445,104.84139251708984
4446,57.116607666015625
4447,81.8380355834961
4448,66.07268524169922
4449,58.34743118286133
4450,96.44230651855469
4451,57.85197830200195
4452,114.07730865478516
4453,68.0938720703125
4454,74.93301391601562
4455,41.78886032104492
4456,78.02530670166016
4457,59.078243255615234
4458,78.64470672607422
4459,71.24055480957031
4460,90.07460021972656
4461,65.05680847167969
4462,68.34561920166016
4463,60.14447021484375
4464,78.30923461914062
4465,82.1265869140625
4466,77.38938903808594
4467,89.65837097167969
4468,72.53168487548828
4469,87.0633773803711
4470,64.20964813232422
4471,50.52679443359375
4472,59.14130783081055
4473,106.90847778320312
4474,61.76310729980469
4475,102.75141906738281
4476,55.84926223754883
4477,80.3906478881836
4478,64.75443267822266
4479,57.641685485839844
4480,94.73040771484375
4481,56.87247848510742
4482,112.06180572509766
4483,66.88445281982422
4484,73.45450592041016
4485,41.18280792236328
4486,76.69788360595703
4487,57.83183288574219
4488,77.39010620117188
4489,69.98177337646484
4490,88.5595932006836
4491,63.70568084716797
4492,67.2000503540039
4493,59.000770568847656
4494,76.92399597167969
4495,80.86083221435547
4496,76.2260513305664
4497,87.6578598022461
4498,71.20438385009766
4499,86.17926025390625
4500,63.090885162353516
4501,49.46612548828125
4502,58.134849548339844
4503,104.83897399902344
4504,60.73719024658203
4505,100.69294738769531
4506,54.623531341552734
4507,78.97901153564453
4508,63.464508056640625
4509,56.968685150146484
4510,93.04483795166016
4511,55.91920852661133
4512,110.0948257446289
4513,65.70320129394531
4514,72.009765625
4515,40.60147476196289
4516,75.3961410522461
4517,56.632747650146484
4518,76.16377258300781
4519,68.76468658447266
4520,87.0818862915039
4521,62.390804290771484
4522,66.10113525390625
4523,57.88452911376953
4524,75.57762145996094
4525,79.6243667602539
4526,75.092529296875
4527,85.70780944824219
4528,69.91277313232422
4529,85.3326187133789
4530,62.00191879272461
4531,48.446781158447266
4532,57.15671157836914
4533,102.80768585205078
4534,59.749881744384766
4535,98.6670150756836
4536,53.4388313293457
4537,77.60315704345703
4538,62.203243255615234
4539,56.32760238647461
4540,91.38632202148438
4541,54.99220275878906
4542,108.17669677734375
4543,64.55024719238281
4544,70.59912872314453
4545,40.04434585571289
4546,74.12040710449219
4547,55.48037338256836
4548,74.96627044677734
4549,67.5887680053711
4550,85.64180755615234
4551,61.11223220825195
4552,65.04765319824219
4553,56.795894622802734
4554,74.27017974853516
4555,78.4177017211914
4556,73.98870849609375
4557,83.8083724975586
4558,68.65711212158203
4559,84.52177429199219
4560,60.94281768798828
4561,47.46793746948242
4562,56.206993103027344
4563,100.8157730102539
4564,58.8004035949707
4565,96.67546844482422
4566,52.29499053955078
4567,76.26309967041016
4568,60.970947265625
4569,55.71735763549805
4570,89.75653839111328
4571,54.09143829345703
4572,106.30699920654297
4573,63.42550277709961
4574,69.22295379638672
4575,39.51095962524414
4576,72.87162780761719
4577,54.37366485595703
4578,73.7976303100586
4579,66.4533462524414
4580,84.23930358886719
4581,59.86982345581055
4582,64.03858947753906
4583,55.734901428222656
4584,73.00159454345703
4585,77.24092864990234
4586,72.91445922851562
4587,81.95966339111328
4588,67.43743133544922
4589,83.745849609375
4590,59.91351318359375
4591,46.52885818481445
4592,55.28556442260742
4593,98.86398315429688
4594,57.88837432861328
4595,94.7193832397461
4596,51.191558837890625
4597,74.95890808105469
4598,59.76792907714844
4599,55.137054443359375
4600,88.15660095214844
4601,53.21699523925781
4602,104.48574829101562
4603,62.3291130065918
4604,67.88165283203125
4605,39.001007080078125
4606,71.6506118774414
4607,53.311832427978516
4608,72.65811920166016
4609,65.3577651977539
4610,82.87435150146484
4611,58.6635627746582
4612,63.072723388671875
4613,54.70169448852539
4614,71.7717514038086
4615,76.09426879882812
4616,71.86958312988281
4617,80.16152954101562
4618,66.25374603271484
4619,83.00347137451172
4620,58.913902282714844
4621,45.628822326660156
4622,54.392303466796875
4623,96.9530029296875
4624,57.013153076171875
4625,92.79987335205078
4626,50.12809371948242
4627,73.69055938720703
4628,58.59449005126953
4629,54.586151123046875
4630,86.58717346191406
4631,52.36873245239258
4632,102.713134765625
4633,61.26113510131836
4634,66.57544708251953
4635,38.51398849487305
4636,70.45753479003906
4637,52.294273376464844
4638,71.54790496826172
4639,64.30172729492188
4640,81.54718017578125
4641,57.49330520629883
4642,62.149452209472656
4643,53.69622802734375
4644,70.58055877685547
4645,74.97781372070312
4646,70.85408782958984
4647,78.41386413574219
4648,65.10579681396484
4649,82.29446411132812
4650,57.943782806396484
4651,44.766971588134766
4652,53.526763916015625
4653,95.08301544189453
4654,56.17466735839844
4655,90.91629028320312
4656,49.10330581665039
4657,72.45775604248047
4658,57.45090103149414
4659,54.06462097167969
4660,85.04698944091797
4661,51.546390533447266
4662,100.99000549316406
4663,60.2215690612793
4664,65.30392456054688
4665,38.049049377441406
4666,69.29064178466797
4667,51.32087707519531
4668,70.46729278564453
4669,63.28559494018555
4670,80.25833892822266
4671,56.35881423950195
4672,61.268714904785156
4673,52.71775817871094
4674,69.42823028564453
4675,73.89155578613281
4676,69.8686294555664
4677,76.71713256835938
4678,63.993003845214844
4679,81.6211166381836
4680,57.00258255004883
4681,43.9422607421875
4682,52.68754959106445
4683,93.25303649902344
4684,55.37352752685547
4685,89.06600189208984
4686,48.114830017089844
4687,71.26007080078125
4688,56.337528228759766
4689,53.573177337646484
4690,83.53392028808594
4691,50.7493782043457
4692,99.31771087646484
4693,59.21052169799805
4694,64.0667724609375
4695,37.605167388916016
4696,68.14801025390625
4697,50.391517639160156
4698,69.41616821289062
4699,62.30994415283203
4700,79.0084457397461
4701,55.259979248046875
4702,60.4310302734375
4703,51.76608657836914
4704,68.31539154052734
4705,72.83573150634766
4706,68.91421508789062
4707,75.07257843017578
4708,62.91547775268555
4709,80.98561096191406
4710,56.09077453613281
4711,43.15428924560547
4712,51.874271392822266
4713,91.46446990966797
4714,54.61005783081055
4715,87.24971008300781
4716,47.16170883178711
4717,70.09785461425781
4718,55.25559616088867
4719,53.112266540527344
4720,82.04867553710938
4721,49.97794723510742
4722,97.69857025146484
4723,58.22886276245117
4724,62.86514663696289
4725,37.181888580322266
4726,67.02975463867188
4727,49.50656509399414
4728,68.39524841308594
4729,61.376102447509766
4730,77.79920959472656
4731,54.19801712036133
4732,59.63750457763672
4733,50.842193603515625
4734,67.2435531616211
4735,71.81148529052734
4736,67.99246978759766
4737,73.4830322265625
4738,61.87422561645508
4739,80.3902587890625
4740,55.20955276489258
4741,42.40330505371094
4742,51.086936950683594
4743,89.7206802368164
4744,53.88485336303711
4745,85.47013854980469
4746,46.24386978149414
4747,68.97264862060547
4748,54.20763397216797
4749,52.682823181152344
4750,80.59342193603516
4751,49.23270797729492
4752,96.1354751586914
4753,57.27790451049805
4754,61.70075988769531
4755,36.778831481933594
4756,65.93684387207031
4757,48.66574478149414
4758,67.40498352050781
4759,60.48438262939453
4760,76.63147735595703
4761,53.17342758178711
4762,58.887779235839844
4763,49.9466667175293
4764,66.21315002441406
4765,70.81942749023438
4766,67.10379028320312
4767,71.94915008544922
4768,60.86954879760742
4769,79.83455657958984
4770,54.35923767089844
4771,41.68849182128906
4772,50.32558822631836
4773,88.02365112304688
4774,53.197261810302734
4775,83.73002624511719
4776,45.361053466796875
4777,67.88500213623047
4778,53.19474792480469
4779,52.28445816040039
4780,79.17046356201172
4781,48.514007568359375
4782,94.6296157836914
4783,56.35836410522461
4784,60.574851989746094
4785,36.39573287963867
4786,64.87096405029297
4787,47.868099212646484
4788,66.44567108154297
4789,59.63433837890625
4790,75.50566101074219
4791,52.18648910522461
4792,58.180694580078125
4793,49.08018493652344
4794,65.22418212890625
4795,69.86015319824219
4796,66.24809265136719
4797,70.47101593017578
4798,59.90174865722656
4799,79.31657409667969
4800,53.5400505065918
4801,41.00902557373047
4802,49.590545654296875
4803,86.37518310546875
4804,52.54610061645508
4805,82.03253173828125
4806,44.513423919677734
4807,66.83531951904297
4808,52.2174072265625
4809,51.91603088378906
4810,77.78248596191406
4811,47.822025299072266
4812,93.18065643310547
4813,55.470436096191406
4814,59.4879264831543
4815,36.032264709472656
4816,63.83383560180664
4817,47.11212921142578
4818,65.51734924316406
4819,58.824710845947266
4820,74.42132568359375
4821,51.23692321777344
4822,57.51438522338867
4823,48.242923736572266
4824,64.27603149414062
4825,68.93374633789062
4826,65.42464447021484
4827,69.04777526855469
4828,58.970611572265625
4829,78.83377075195312
4830,52.751808166503906
4831,40.36378860473633
4832,48.881832122802734
4833,84.77619934082031
4834,51.929744720458984
4835,80.3801498413086
4836,43.701045989990234
4837,65.82331848144531
4838,51.275421142578125
4839,51.57574462890625
4840,76.43172454833984
4841,47.15643310546875
4842,91.78667449951172
4843,54.6135139465332
4844,58.439998626708984
4845,35.68809127807617
4846,62.82701873779297
4847,46.395668029785156
4848,64.61923217773438
4849,58.0534782409668
4850,73.37704467773438
4851,50.32388687133789
4852,56.88646697998047
4853,47.434837341308594
4854,63.36731719970703
4855,68.03961181640625
4856,64.63198852539062
4857,67.67765808105469
4858,58.075504302978516
4859,78.38253784179688
4860,51.993839263916016
4861,39.75150680541992
4862,48.199378967285156
4863,83.22673797607422
4864,51.34611129760742
4865,78.77474212646484
4866,42.92389678955078
4867,64.84835052490234
4868,50.368194580078125
4869,51.26165771484375
4870,75.12018585205078
4871,46.516971588134766
4872,90.44573974609375
4873,53.78709030151367
4874,57.43106460571289
4875,35.36294174194336
4876,61.85173797607422
4877,45.717002868652344
4878,63.750732421875
4879,57.31903839111328
4880,72.37174224853516
4881,49.446773529052734
4882,56.29521560668945
4883,46.655784606933594
4884,62.49708557128906
4885,67.17716217041016
4886,63.86924743652344
4887,66.3593521118164
4888,57.21564483642578
4889,77.96133422851562
4890,51.26552963256836
4891,39.17097473144531
4892,47.54235076904297
4893,81.72643280029297
4894,50.7938232421875
4895,77.21612548828125
4896,42.1806755065918
4897,63.90952682495117
4898,49.495399475097656
4899,50.97322463989258
4900,73.84733581542969
4901,45.90288162231445
4902,89.1566390991211
4903,52.99037551879883
4904,56.46022415161133
4905,35.05598449707031
4906,60.90702438354492
4907,45.07439422607422
4908,62.910682678222656
4909,56.619991302490234
4910,71.40413665771484
4911,48.60426330566406
4912,55.73897171020508
4913,45.90486145019531
4914,61.663856506347656
4915,66.34539794921875
4916,63.13535690307617
4917,65.0909194946289
4918,56.38982009887695
4919,77.56856536865234
4920,50.5659065246582
4921,38.620697021484375
4922,46.90996170043945
4923,80.27417755126953
4924,50.271278381347656
4925,75.70362854003906
4926,41.470130920410156
4927,63.00560760498047
4928,48.655845642089844
4929,50.708892822265625
4930,72.61274719238281
4931,45.313209533691406
4932,87.916748046875
4933,52.222110748291016
4934,55.52607727050781
4935,34.766563415527344
4936,59.992637634277344
4937,44.46571350097656
4938,62.09799575805664
4939,55.95408630371094
4940,70.47228240966797
4941,47.79465103149414
4942,55.2153205871582
4943,45.18092346191406
4944,60.86568069458008
4945,65.54314422607422
4946,62.42852783203125
4947,63.86952209472656
4948,55.59665298461914
4949,77.201171875
4950,49.89363479614258
4951,38.09908676147461
4952,46.30158233642578
4953,78.86810302734375
4954,49.77656555175781
4955,74.23662567138672
4956,40.79143142700195
4957,62.13505935668945
4958,47.8477668762207
4959,50.46692657470703
4960,71.41593933105469
4961,44.7470817565918
4962,86.72364044189453
4963,51.481204986572266
4964,54.627296447753906
4965,34.49398422241211
4966,59.108150482177734
4967,43.88927459716797
4968,61.311805725097656
4969,55.31982421875
4970,69.574951171875
4971,47.01688766479492
4972,54.722652435302734
4973,44.48332595825195
4974,60.10143280029297
4975,64.76962280273438
4976,61.747955322265625
4977,62.69373321533203
4978,54.835243225097656
4979,76.85782623291016
4980,49.2479362487793
4981,37.60509490966797
4982,45.71662902832031
4983,77.50740814208984
4984,49.30864334106445
4985,72.81476593017578
4986,40.143741607666016
4987,61.29710006713867
4988,47.07045364379883
4989,50.246253967285156
4990,70.2566909790039
4991,44.20397186279297
4992,85.5759506225586
4993,50.76698303222656
4994,53.763240814208984
4995,34.237796783447266
4996,58.25337219238281
4997,43.34385299682617
4998,60.55160903930664
4999,54.716129302978516
5000,68.71125793457031
5001,46.27014923095703
5002,54.259830474853516
5003,43.81153106689453
5004,59.3702278137207
5005,64.02433013916016
5006,61.09302520751953
5007,61.56257247924805
5008,54.10491180419922
5009,76.53765869140625
5010,48.62834548950195
5011,37.137813568115234
5012,45.15455627441406
5013,76.1917724609375
5014,48.86655044555664
5015,71.43798828125
5016,39.52627944946289
5017,60.49119186401367
5018,46.32369613647461
5019,50.04629135131836
5020,69.1351547241211
5021,43.68346405029297
5022,84.47307586669922
5023,50.07916259765625
5024,52.93366241455078
5025,33.99755096435547
5026,57.4280891418457
5027,42.82843780517578
5028,59.81684112548828
5029,54.142234802246094
5030,67.88056945800781
5031,45.553871154785156
5032,53.82582092285156
5033,43.165252685546875
5034,58.67129135131836
5035,63.30666732788086
5036,60.46312713623047
5037,60.47500991821289
5038,53.40495300292969
5039,76.23946380615234
5040,48.0343017578125
5041,36.696311950683594
5042,44.61484146118164
5043,74.92093658447266
5044,48.449378967285156
5045,70.10618591308594
5046,38.93811798095703
5047,59.71691131591797
5048,45.607582092285156
5049,49.86686706542969
5050,68.05123901367188
5051,43.18513870239258
5052,83.4151382446289
5053,49.41765213012695
5054,52.13853454589844
5055,33.7725830078125
5056,56.63165283203125
5057,42.34230422973633
5058,59.106990814208984
5059,53.59792709350586
5060,67.0826644897461
5061,44.86775207519531
5062,53.420467376708984
5063,42.544307708740234
5064,58.00436782836914
5065,62.61630630493164
5066,59.85825729370117
5067,59.431087493896484
5068,52.734840393066406
5069,75.96404266357422
5070,47.465576171875
5071,36.27983474731445
5072,44.096641540527344
5073,73.69496154785156
5074,48.056495666503906
5075,68.81916046142578
5076,38.377986907958984
5077,58.97372817993164
5078,44.92236328125
5079,49.70785140991211
5080,67.004638671875
5081,42.708534240722656
5082,82.40203857421875
5083,48.78221130371094
5084,51.37754821777344
5085,33.56233215332031
5086,55.863433837890625
5087,41.884403228759766
5088,58.42142868041992
5089,53.08249282836914
5090,66.31690979003906
5091,44.211036682128906
5092,53.04275894165039
5093,41.94818115234375
5094,57.36873245239258
5095,61.95264434814453
5096,59.27790832519531
5097,58.42986297607422
5098,52.09371566772461
5099,75.71070861816406
5100,46.921573638916016
5101,35.88738250732422
5102,43.59928894042969
5103,72.51326751708984
5104,47.68699264526367
5105,67.57646942138672
5106,37.844970703125
5107,58.2609748840332
5108,44.267574310302734
5109,49.56856155395508
5110,65.99507904052734
5111,42.25310516357422
5112,81.43290710449219
5113,48.17232894897461
5114,50.650062561035156
5115,33.36626052856445
5116,55.12312316894531
5117,41.45356369018555
5118,57.75960922241211
5119,52.59493637084961
5120,65.58248901367188
5121,43.583011627197266
5122,52.691612243652344
5123,41.376338958740234
5124,56.76340103149414
5125,61.3151741027832
5126,58.72139358520508
5127,57.4701042175293
5128,51.48090744018555
5129,75.47827911376953
5130,46.401710510253906
5131,35.51802062988281
5132,43.12230682373047
5133,71.37503814697266
5134,47.33977508544922
5135,66.37770080566406
5136,37.33832931518555
5137,57.57776641845703
5138,43.642215728759766
5139,49.447879791259766
5140,65.02218627929688
5141,41.818233489990234
5142,80.50584411621094
5143,47.58708953857422
5144,49.95512008666992
5145,33.18395233154297
5146,54.41037368774414
5147,41.04844284057617
5148,57.120765686035156
5149,52.13382339477539
5150,64.87804412841797
5151,42.98255920410156
5152,52.36541748046875
5153,40.82808303833008
5154,56.18708038330078
5155,60.70286178588867
5156,58.18753433227539
5157,56.550010681152344
5158,50.89535903930664
5159,75.26490020751953
5160,45.90506362915039
5161,35.17078399658203
5162,42.66511535644531
5163,70.27902221679688
5164,47.01375198364258
5165,65.22210693359375
5166,36.857269287109375
5167,56.92303466796875
5168,43.045467376708984
5169,49.3448371887207
5170,64.08554077148438
5171,41.403297424316406
5172,79.61958312988281
5173,47.02587127685547
5174,49.29210662841797
5175,33.01487350463867
5176,53.72476577758789
5177,40.66804885864258
5178,56.504356384277344
5179,51.69830322265625
5180,64.20293426513672
5181,42.40904235839844
5182,52.063323974609375
5183,40.303035736083984
5184,55.63913345336914
5185,60.11529541015625
5186,57.675941467285156
5187,55.66901397705078
5188,50.33646774291992
5189,75.07002258300781
5190,45.4311637878418
5191,34.844879150390625
5192,42.22720718383789
5193,69.22473907470703
5194,46.708030700683594
5195,64.1092758178711
5196,36.401065826416016
5197,56.29619216918945
5198,42.47679138183594
5199,49.258544921875
5200,63.18524169921875
5201,41.00804901123047
5202,78.7730712890625
5203,46.488407135009766
5204,48.66058349609375
5205,32.85881805419922
5206,53.06706619262695
5207,40.31157302856445
5208,55.910560607910156
5209,51.28751754760742
5210,63.556678771972656
5211,41.86228561401367
5212,51.784156799316406
5213,39.80128479003906
5214,55.118995666503906
5215,59.55253982543945
5216,57.186180114746094
5217,54.82670974731445
5218,49.80427551269531
5219,74.89144134521484
5220,44.98002243041992
5221,34.54011917114258
5222,41.80924606323242
5223,68.2126235961914
5224,46.42188262939453
5225,63.040916442871094
5226,35.97046661376953
5227,55.69731521606445
5228,41.93547058105469
5229,49.18726348876953
5230,62.32273483276367
5231,40.63254928588867
5232,77.96533966064453
5233,45.97470474243164
5234,48.06048583984375
5235,32.71591567993164
5236,52.43886947631836
5237,39.978477478027344
5238,55.340126037597656
5239,50.900657653808594
5240,62.93931579589844
5241,41.34258270263672
5242,51.526615142822266
5243,39.32356643676758
5244,54.6265983581543
5245,59.01544952392578
5246,56.71831130981445
5247,54.023868560791016
5248,49.29967498779297
5249,74.72599029541016
5250,44.55217742919922
5251,34.25693893432617
5252,41.41304016113281
5253,67.244873046875
5254,46.15499496459961
5255,62.02121353149414
5256,35.56790542602539
5257,55.1279411315918
5258,41.421119689941406
5259,49.12841033935547
5260,61.50157928466797
5261,40.27768325805664
5262,77.1965560913086
5263,45.485591888427734
5264,47.492279052734375
5265,32.58620834350586
5266,51.84262466430664
5267,39.668582916259766
5268,54.79457473754883
5269,50.53748321533203
5270,62.35151290893555
5271,40.85041427612305
5272,51.29003143310547
5273,38.870304107666016
5274,54.161983489990234
5275,58.504600524902344
5276,56.273014068603516
5277,53.26133728027344
5278,48.822574615478516
5279,74.57451629638672
5280,44.147789001464844
5281,33.99465560913086
5282,41.03805160522461
5283,66.3223876953125
5284,45.90724182128906
5285,61.05015563964844
5286,35.19160842895508
5287,54.5878791809082
5288,40.93423843383789
5289,49.082550048828125
5290,60.72021484375
5291,39.94269943237305
5292,76.46804809570312
5293,45.021018981933594
5294,46.95536804199219
5295,32.4685173034668
5296,51.276248931884766
5297,39.38092803955078
5298,54.27323913574219
5299,50.198036193847656
5300,61.79331588745117
5301,40.3848991394043
5302,51.07435607910156
5303,38.440574645996094
5304,53.724727630615234
5305,58.019405364990234
5306,55.850399017333984
5307,52.538543701171875
5308,48.371726989746094
5309,74.43893432617188
5310,43.76604461669922
5311,33.75163650512695
5312,40.68263244628906
5313,65.44410705566406
5314,45.677955627441406
5315,60.12558364868164
5316,34.8390007019043
5317,54.075958251953125
5318,40.47441101074219
5319,49.049781799316406
5320,59.97661590576172
5321,39.626556396484375
5322,75.77921295166016
5323,44.58029556274414
5324,46.44876480102539
5325,32.36198043823242
5326,50.739105224609375
5327,39.114505767822266
5328,53.775909423828125
5329,49.88133239746094
5330,61.263980865478516
5331,39.94552993774414
5332,50.87801742553711
5333,38.03422546386719
5334,53.31375503540039
5335,57.559513092041016
5336,55.44960403442383
5337,51.85438919067383
5338,47.94694900512695
5339,74.3153076171875
5340,43.40655517578125
5341,33.52788543701172
5342,40.34779357910156
5343,64.60980987548828
5344,45.46589660644531
5345,59.24897384643555
5346,34.51156234741211
5347,53.592124938964844
5348,40.039939880371094
5349,49.02732849121094
5350,59.27198791503906
5351,39.32923126220703
5352,75.12797546386719
5353,44.162906646728516
5354,45.97142028808594
5355,32.266292572021484
5356,50.23096466064453
5357,38.868099212646484
5358,53.301883697509766
5359,49.58597946166992
5360,60.76213455200195
5361,39.530941009521484
5362,50.69973373413086
5363,37.65000915527344
5364,52.92752456665039
5365,57.12354278564453
5366,55.06956100463867
5367,51.206809997558594
5368,47.5465087890625
5369,74.20384979248047
5370,43.06783676147461
5371,33.32171630859375
5372,40.03177261352539
5373,63.81696701049805
5374,45.2700080871582
5375,58.41679382324219
5376,34.20656967163086
5377,53.13450622558594
5378,39.629878997802734
5379,49.015380859375
5380,58.60309982299805
5381,39.04920196533203
5382,74.51294708251953
5383,43.76742935180664
5384,45.52145767211914
5385,32.18014144897461
5386,49.74846267700195
5387,38.640037536621094
5388,52.84908676147461
5389,49.31095886230469
5390,60.28617477416992
5391,39.13911056518555
5392,50.53876495361328
5393,37.28593063354492
5394,52.56449508666992
5395,56.70964431762695
5396,54.709266662597656
5397,50.59314727783203
5398,47.168174743652344
5399,74.10602569580078
5400,42.74823760986328
5401,33.13113021850586
5402,39.73196029663086
5403,63.062255859375
5404,45.089271545410156
5405,57.624359130859375
5406,33.92051315307617
5407,52.70079040527344
5408,39.24330520629883
5409,49.01441192626953
5410,57.966461181640625
5411,38.784969329833984
5412,73.93275451660156
5413,43.39250946044922
5414,45.09732437133789
5415,32.102508544921875
5416,49.28938293457031
5417,38.42890167236328
5418,52.41598892211914
5419,49.0552864074707
5420,59.83490753173828
5421,38.76869201660156
5422,50.394283294677734
5423,36.94087219238281
5424,52.22348403930664
5425,56.31671905517578
5426,54.367916107177734
5427,50.011898040771484
5428,46.810604095458984
5429,74.02166748046875
5430,42.44675064086914
5431,32.954891204833984
5432,39.44732666015625
5433,62.34416961669922
5434,44.92272186279297
5435,56.87001419067383
5436,33.65202331542969
5437,52.289798736572266
5438,38.87934112548828
5439,49.02395248413086
5440,57.360721588134766
5441,38.5357666015625
5442,73.38589477539062
5443,43.03730010986328
5444,44.69784927368164
5445,32.03278732299805
5446,48.85267639160156
5447,38.23355484008789
5448,52.001773834228516
5449,48.81782150268555
5450,59.40711975097656
5451,38.41864776611328
5452,50.26519775390625
5453,36.61399841308594
5454,51.9034538269043
5455,55.9438362121582
5456,54.04474639892578
5457,49.461666107177734
5458,46.472801208496094
5459,73.95027160644531
5460,42.16255569458008
5461,32.79195022583008
5462,39.17690658569336
5463,61.66135025024414
5464,44.76939392089844
5465,56.15238571166992
5466,33.39984893798828
5467,51.90043640136719
5468,38.53723907470703
5469,49.04331970214844
5470,56.784767150878906
5471,38.30083084106445
5472,72.87080383300781
5473,42.700870513916016
5474,44.32197570800781
5475,31.9704532623291
5476,48.436946868896484
5477,38.05282211303711
5478,51.60509490966797
5479,48.59745788574219
5480,59.00142288208008
5481,38.087650299072266
5482,50.15049362182617
5483,36.30414581298828
5484,51.60295486450195
5485,55.589569091796875
5486,53.738468170166016
5487,48.94021987915039
5488,46.15330123901367
5489,73.89100646972656
5490,41.89433288574219
5491,32.64128494262695
5492,38.919551849365234
5493,61.011356353759766
5494,44.62824630737305
5495,55.46879577636719
5496,33.16275405883789
5497,51.53105163574219
5498,38.21575927734375
5499,49.0720100402832
5500,56.23670196533203
5501,38.07914733886719
5502,72.38507080078125
5503,42.38179016113281
5504,43.968231201171875
5505,31.915010452270508
5506,48.040687561035156
5507,37.88554763793945
5508,51.22441482543945
5509,48.39281463623047
5510,58.61594009399414
5511,37.77420425415039
5512,50.04920959472656
5513,36.01011657714844
5514,51.32058334350586
5515,55.25237274169922
5516,53.447662353515625
5517,48.44522476196289
5518,45.850738525390625
5519,73.84292602539062
5520,41.64094924926758
5521,32.501991271972656
5522,38.6741828918457
5523,60.39167404174805
5524,44.49806213378906
5525,54.81673812866211
5526,32.939571380615234
5527,51.180145263671875
5528,37.9136848449707
5529,49.109619140625
5530,55.71475601196289
5531,37.869781494140625
5532,71.92635345458984
5533,42.07881546020508
5534,43.63532638549805
5535,31.866172790527344
5536,47.66276168823242
5537,37.73076248168945
5538,50.85859680175781
5539,48.20271682739258
5540,58.24930953979492
5541,37.477378845214844
5542,49.960357666015625
5543,35.73116683959961
5544,51.055084228515625
5545,54.9312858581543
5546,53.17135238647461
5547,47.97515869140625
5548,45.564300537109375
5549,73.80473327636719
5550,41.40172576904297
5551,32.373600006103516
5552,38.44061279296875
5553,59.801429748535156
5554,44.37811279296875
5555,54.19581604003906
5556,32.730403900146484
5557,50.847190856933594
5558,37.62996292114258
5559,49.15489196777344
5560,55.21885681152344
5561,37.67240905761719
5562,71.49317169189453
5563,41.79151153564453
5564,43.32258224487305
5565,31.823806762695312
5566,47.303436279296875
5567,37.58794403076172
5568,50.507625579833984
5569,48.02634048461914
5570,57.9007453918457
5571,37.196781158447266
5572,49.88289260864258
5573,35.4671745300293
5574,50.80571365356445
5575,54.625831604003906
5576,52.90886688232422
5577,47.529232025146484
5578,45.293678283691406
5579,73.77473449707031
5580,41.17613983154297
5581,32.25587463378906
5582,38.218772888183594
5583,59.23966598510742
5584,44.267578125
5585,53.60533142089844
5586,32.53500747680664
5587,50.53150177001953
5588,37.36355972290039
5589,49.206932067871094
5590,54.748313903808594
5591,37.486541748046875
5592,71.084228515625
5593,41.51909637451172
5594,43.02906799316406
5595,31.787614822387695
5596,46.96216583251953
5597,37.456398010253906
5598,50.170902252197266
5599,47.862831115722656
5600,57.56939697265625
5601,36.93162155151367
5602,49.81614685058594
5603,35.217411041259766
5604,50.57158279418945
5605,54.335323333740234
5606,52.659461975097656
5607,47.10628128051758
5608,45.03805160522461
5609,73.7520523071289
5610,40.963584899902344
5611,32.14822769165039
5612,38.0083122253418
5613,58.70524215698242
5614,44.1657600402832
5615,53.04435729980469
5616,32.35319137573242
5617,50.23234176635742
5618,37.11347579956055
5619,49.26470184326172
5620,54.30271911621094
5621,37.31175231933594
5622,70.69766235351562
5623,41.260982513427734
5624,42.75392150878906
5625,31.7574405670166
5626,46.63872528076172
5627,37.33542251586914
5628,49.8479118347168
5629,47.71111297607422
5630,57.2540397644043
5631,36.681270599365234
5632,49.75907516479492
5633,34.98141098022461
5634,50.35158157348633
5635,54.05878448486328
5636,52.422119140625
5637,46.70478439331055
5638,44.79676818847656
5639,73.73497772216797
5640,40.76333236694336
5641,32.05048370361328
5642,37.808982849121094
5643,58.19671630859375
5644,44.07173538208008
5645,52.51169967651367
5646,32.184810638427734
5647,49.94890594482422
5648,36.87836456298828
5649,49.32720947265625
5650,53.880977630615234
5651,37.14744567871094
5652,70.33174133300781
5653,41.01625442504883
5654,42.49592208862305
5655,31.733030319213867
5656,46.33246612548828
5657,37.22439956665039
5658,49.53809356689453
5659,47.57032012939453
5660,56.953712463378906
5661,36.44489288330078
5662,49.71089172363281
5663,34.758636474609375
5664,50.14474105834961
5665,53.79558563232422
5666,52.1960563659668
5667,46.32357406616211
5668,44.56916427612305
5669,73.72264099121094
5670,40.574623107910156
5671,31.96208953857422
5672,37.62042999267578
5673,57.712738037109375
5674,43.98494338989258
5675,52.005897521972656
5676,32.02935028076172
5677,49.680389404296875
5678,36.65717315673828
5679,49.393836975097656
5680,53.48185348510742
5681,36.9930419921875
5682,69.98511505126953
5683,40.784141540527344
5684,42.25399398803711
5685,31.714021682739258
5686,46.04253005981445
5687,37.12273406982422
5688,49.2409553527832
5689,47.439788818359375
5690,56.6675910949707
5691,36.221832275390625
5692,49.67087173461914
5693,34.54835891723633
5694,49.95037078857422
5695,53.544986724853516
5696,51.980777740478516
5697,45.96158218383789
5698,44.35454559326172
5699,73.71455383300781
5700,40.39690399169922
5701,31.88262367248535
5702,37.44216537475586
5703,57.25212097167969
5704,43.904964447021484
5705,51.52558898925781
5706,31.885944366455078
5707,49.42604446411133
5708,36.449195861816406
5709,49.464298248291016
5710,53.1041145324707
5711,36.848018646240234
5712,69.65686798095703
5713,40.56406784057617
5714,42.027339935302734
5715,31.70003890991211
5716,45.76778030395508
5717,37.0297737121582
5718,48.955650329589844
5719,47.3189582824707
5720,56.395042419433594
5721,36.011173248291016
5722,49.638710021972656
5723,34.349796295166016
5724,49.76775360107422
5725,53.30636215209961
5726,51.775726318359375
5727,45.61772155761719
5728,44.15205001831055
5729,73.71114349365234
5730,40.229434967041016
5731,31.81118392944336
5732,37.27321243286133
5733,56.813507080078125
5734,43.83140182495117
5735,51.06903076171875
5736,31.753549575805664
5737,49.18495559692383
5738,36.253822326660156
5739,49.53856658935547
5740,52.74641799926758
5741,36.711761474609375
5742,69.34603881835938
5743,40.35531997680664
5744,41.81499099731445
5745,31.690738677978516
5746,45.50751495361328
5747,36.945037841796875
5748,48.681884765625
5749,47.20717239379883
5750,56.13529968261719
5751,35.81247329711914
5752,49.61361312866211
5753,34.16255187988281
5754,49.59612274169922
5755,53.07914733886719
5756,51.580379486083984
5757,45.2911376953125
5758,43.96131896972656
5759,73.71102905273438
5760,40.071807861328125
5761,31.747743606567383
5762,37.113731384277344
5763,56.396183013916016
5764,43.763694763183594
5765,50.635772705078125
5766,31.63235092163086
5767,48.95682907104492
5768,36.07008361816406
5769,49.615394592285156
5770,52.40855026245117
5771,36.584041595458984
5772,69.05139923095703
5773,40.157447814941406
5774,41.61626052856445
5775,31.685941696166992
5776,45.2617073059082
5777,36.86814880371094
5778,48.41956329345703
5779,47.10380172729492
5780,55.88777160644531
5781,35.62531661987305
5782,49.5949592590332
5783,33.986297607421875
5784,49.43491744995117
5785,52.86296844482422
5786,51.39423751831055
5787,44.98124694824219
5788,43.781959533691406
5789,73.7133560180664
5790,39.923648834228516
5791,31.691959381103516
5792,36.96353530883789
5793,55.99953842163086
5794,43.701454162597656
5795,50.22532653808594
5796,31.522052764892578
5797,48.741207122802734
5798,35.897193908691406
5799,49.69412612915039
5800,52.089927673339844
5801,36.464508056640625
5802,68.77226257324219
5803,39.9702033996582
5804,41.430519104003906
5805,31.6853084564209
5806,45.02987289428711
5807,36.79857635498047
5808,48.16831588745117
5809,47.00837707519531
5810,55.65205383300781
5811,35.4490966796875
5812,49.58220291137695
5813,33.82051086425781
5814,49.28358459472656
5815,52.657413482666016
5816,51.21707534790039
5817,44.68740463256836
5818,43.613346099853516
5819,73.7182388305664
5820,39.78445053100586
5821,31.643230438232422
5822,36.82209014892578
5823,55.62288284301758
5824,43.64424514770508
5825,49.83675003051758
5826,31.42185401916504
5827,48.53761672973633
5828,35.734771728515625
5829,49.774532318115234
5830,51.789649963378906
5831,36.35271072387695
5832,68.5081787109375
5833,39.79312515258789
5834,41.25703430175781
5835,31.68840980529785
5836,44.81136703491211
5837,36.73579788208008
5838,47.9277458190918
5839,46.92048263549805
5840,55.42772674560547
5841,35.283348083496094
5842,49.57503128051758
5843,33.664737701416016
5844,49.14161682128906
5845,52.46194839477539
5846,51.04855728149414
5847,44.40901565551758
5848,43.4549560546875
5849,73.72525024414062
5850,39.65380096435547
5851,31.60115623474121
5852,36.6890983581543
5853,55.26549530029297
5854,43.5916862487793
5855,49.46927261352539
5856,31.33125114440918
5857,48.34553909301758
5858,35.58211898803711
5859,49.85595703125
5860,51.50705337524414
5861,36.24824142456055
5862,68.25833129882812
5863,39.62575912475586
5864,41.09516525268555
5865,31.69497299194336
5866,44.605743408203125
5867,36.67929458618164
5868,47.69755935668945
5869,46.839630126953125
5870,55.214141845703125
5871,35.12754440307617
5872,49.57284927368164
5873,33.51847457885742
5874,49.008338928222656
5875,52.27613067626953
5876,50.8881950378418
5877,44.14523696899414
5878,43.306129455566406
5879,73.73432159423828
5880,39.531185150146484
5881,31.565204620361328
5882,36.56391143798828
5883,54.92634963989258
5884,43.543304443359375
5885,49.12178039550781
5886,31.24950408935547
5887,48.164306640625
5888,35.438636779785156
5889,49.938385009765625
5890,51.24110412597656
5891,36.15061569213867
5892,68.02205657958984
5893,39.46759033203125
5894,40.94410705566406
5895,31.7045955657959
5896,44.412086486816406
5897,36.62858200073242
5898,47.477134704589844
5899,46.76532745361328
5900,55.01089096069336
5901,34.98103713989258
5902,49.57533264160156
5903,33.381126403808594
5904,48.8832893371582
5905,52.099464416503906
5906,50.73579025268555
5907,43.8953742980957
5908,43.16631317138672
5909,73.74574279785156
5910,39.416099548339844
5911,31.53472137451172
5912,36.44598388671875
5913,54.60464096069336
5914,43.498878479003906
5915,48.79310989379883
5916,31.1756591796875
5917,47.993247985839844
5918,35.3040885925293
5919,50.0218505859375
5920,50.99073028564453
5921,36.05935287475586
5922,67.79888153076172
5923,39.31820297241211
5924,40.803287506103516
5925,31.716915130615234
5926,44.22963333129883
5927,36.58308792114258
5928,47.26597595214844
5929,46.697269439697266
5930,54.81742477416992
5931,34.84328842163086
5932,49.58221435546875
5933,33.252227783203125
5934,48.76601791381836
5935,51.931495666503906
5936,50.59090042114258
5937,43.65872573852539
5938,43.034881591796875
5939,73.7593765258789
5940,39.30809020996094
5941,31.50923728942871
5942,36.33476638793945
5943,54.29951095581055
5944,43.45806121826172
5945,48.48229217529297
5946,31.109004974365234
5947,47.831817626953125
5948,35.17802429199219
5949,50.1062126159668
5950,50.75508499145508
5951,35.97404861450195
5952,67.58808898925781
5953,39.177059173583984
5954,40.672203063964844
5955,31.731714248657227
5956,44.05770492553711
5957,36.54254150390625
5958,47.06362533569336
5959,46.63496017456055
5960,54.633296966552734
5961,34.71379089355469
5962,49.592994689941406
5963,33.131195068359375
5964,48.65607833862305
5965,51.77175521850586
5966,50.45319366455078
5967,43.43457794189453
5968,42.91129684448242
5969,73.77544403076172
5970,39.20674133300781
5971,31.488239288330078
5972,36.2296142578125
5973,54.00990676879883
5974,43.420753479003906
5975,48.18799591064453
5976,31.048683166503906
5977,47.67931365966797
5978,35.06016159057617
5979,50.19169616699219
5980,50.533058166503906
5981,35.89426803588867
5982,67.38919830322266
5983,39.043697357177734
5984,40.55025100708008
5985,31.748615264892578
5986,43.89535903930664
5987,36.50638198852539
5988,46.86936950683594
5989,46.57817459106445
5990,54.45795440673828
5991,34.591915130615234
5992,49.60758972167969
5993,33.017494201660156
5994,48.55304718017578
5995,51.61967468261719
5996,50.32232666015625
5997,43.22211837768555
5998,42.79492950439453
5999,73.79405975341797
6000,39.11153030395508
6001,31.471281051635742
6002,36.13005447387695
6003,53.734962463378906
6004,43.386558532714844
6005,47.90928268432617
6006,30.994110107421875
6007,47.535194396972656
6008,34.950096130371094
6009,50.278221130371094
6010,50.323768615722656
6011,35.81965255737305
6012,67.20160675048828
6013,38.91764450073242
6014,40.436859130859375
6015,31.767471313476562
6016,43.741878509521484
6017,36.474281311035156
6018,46.68268966674805
6019,46.52653503417969
6020,54.290958404541016
6021,34.47714614868164
6022,49.62575149536133
6023,32.91057205200195
6024,48.45641326904297
6025,51.47482681274414
6026,50.197845458984375
6027,43.02058792114258
6028,42.685272216796875
6029,73.81529998779297
6030,39.02207565307617
6031,31.457977294921875
6032,36.03556823730469
6033,53.4737434387207
6034,43.355281829833984
6035,47.645050048828125
6036,30.944644927978516
6037,47.398841857910156
6038,34.8474006652832
6039,50.36585998535156
6040,50.126441955566406
6041,35.74980926513672
6042,67.02457427978516
6043,38.798404693603516
6044,40.3315544128418
6045,31.78803825378418
6046,43.596622467041016
6047,36.4458122253418
6048,46.502960205078125
6049,46.47966766357422
6050,54.13172912597656
6051,34.36893844604492
6052,49.64732360839844
6053,32.809993743896484
6054,48.36587905883789
6055,51.33669662475586
6056,50.079444885253906
6057,42.82918167114258
6058,42.58181381225586
6059,73.83940124511719
6060,38.93794631958008
6061,31.447853088378906
6062,35.94559097290039
6063,53.225406646728516
6064,43.32667541503906
6065,47.39432144165039
6066,30.899709701538086
6067,47.26970291137695
6068,34.75185775756836
6069,50.45480728149414
6070,49.94021987915039
6071,35.684417724609375
6072,66.85757446289062
6073,38.68557357788086
6074,40.23385238647461
6075,31.8102970123291
6076,43.459068298339844
6077,36.420711517333984
6078,46.32976150512695
6079,46.437259674072266
6080,53.9797477722168
6081,34.266937255859375
6082,49.67203140258789
6083,32.71543884277344
6084,48.28098678588867
6085,51.20487594604492
6086,49.96669387817383
6087,42.64738464355469
6088,42.484188079833984
6089,73.86583709716797
6090,38.85881805419922
6091,31.440826416015625
6092,35.8599739074707
6093,52.989227294921875
6094,43.300418853759766
6095,47.15642166137695
6096,30.859167098999023
6097,47.14738464355469
6098,34.66297912597656
6099,50.544734954833984
6100,49.764610290527344
6101,35.62321090698242
6102,66.69989776611328
6103,38.578773498535156
6104,40.143333435058594
6105,31.834020614624023
6106,43.328819274902344
6107,36.39874267578125
6108,46.162696838378906
6109,46.398963928222656
6110,53.83462905883789
6111,34.17075729370117
6112,49.69957733154297
6113,32.62648010253906
6114,48.20136260986328
6115,51.07904052734375
6116,49.8592643737793
6117,42.47467041015625
6118,42.392066955566406
6119,73.89441680908203
6120,38.78438186645508
6121,31.436626434326172
6122,35.778480529785156
6123,52.764549255371094
6124,43.276397705078125
6125,46.930606842041016
6126,30.82272720336914
6127,47.03146743774414
6128,34.580345153808594
6129,50.635536193847656
6130,49.59898376464844
6131,35.56593322753906
6132,66.55096435546875
6133,38.477638244628906
6134,40.059566497802734
6135,31.859182357788086
6136,43.20538330078125
6137,36.37971878051758
6138,46.00145721435547
6139,46.36449432373047
6140,53.6959342956543
6141,34.08005142211914
6142,49.7297248840332
6143,32.54286575317383
6144,48.12663269042969
6145,50.95874786376953
6146,49.75682830810547
6147,42.31035614013672
6148,42.30516815185547
6149,73.92477416992188
6150,38.71438217163086
6151,31.43520164489746
6152,35.70102310180664
6153,52.550777435302734
6154,43.25429916381836
6155,46.71641159057617
6156,30.790481567382812
6157,46.92171859741211
6158,34.50327682495117
6159,50.72657012939453
6160,49.44309616088867
6161,35.512420654296875
6162,66.40985870361328
6163,38.38188552856445
6164,39.98204803466797
6165,31.88567543029785
6166,43.08877182006836
6167,36.36343765258789
6168,45.846065521240234
6169,46.33345413208008
6170,53.5632438659668
6171,33.9946174621582
6172,49.762062072753906
6173,32.46441650390625
6174,48.05643844604492
6175,50.84381866455078
6176,49.65903854370117
6177,42.15406799316406
6178,42.22327423095703
6179,73.95610046386719
6180,38.648536682128906
6181,31.436426162719727
6182,35.62759017944336
6183,52.34746551513672
6184,43.23394775390625
6185,46.51337432861328
6186,30.762340545654297
6187,46.81790542602539
6188,34.43132019042969
6189,50.81730651855469
6190,49.2964973449707
6191,35.462486267089844
6192,66.27613067626953
6193,38.291194915771484
6194,39.91027069091797
6195,31.913400650024414
6196,42.97883987426758
6197,36.34979248046875
6198,45.696502685546875
6199,46.3055305480957
6200,53.43629837036133
6201,33.91432189941406
6202,49.79610824584961
6203,32.39096450805664
6204,47.9903564453125
6205,50.7340087890625
6206,49.565643310546875
6207,42.005638122558594
6208,42.14628219604492
6209,73.98760223388672
6210,38.58668518066406
6211,31.440336227416992
6212,35.558349609375
6213,52.154293060302734
6214,43.2150993347168
6215,46.321353912353516
6216,30.738527297973633
6217,46.71986389160156
6218,34.363853454589844
6219,50.906986236572266
6220,49.15898132324219
6221,35.416011810302734
6222,66.1491470336914
6223,38.20543670654297
6224,39.84380340576172
6225,31.942136764526367
6226,42.875484466552734
6227,36.33859634399414
6228,45.55280685424805
6229,46.28036117553711
6230,53.31489181518555
6231,33.838836669921875
6232,49.83151626586914
6233,32.322303771972656
6234,47.928157806396484
6235,50.62912368774414
6236,49.47646713256836
6237,41.864566802978516
6238,42.073951721191406
6239,74.01895904541016
6240,38.52861785888672
6241,31.446693420410156
6242,35.493194580078125
6243,51.97077560424805
6244,43.19760513305664
6245,46.13975143432617
6246,30.718883514404297
6247,46.62739562988281
6248,34.30033874511719
6249,50.995155334472656
6250,49.03014373779297
6251,35.372764587402344
6252,66.02838134765625
6253,38.12430191040039
6254,39.782169342041016
6255,31.971776962280273
6256,42.77849197387695
6257,36.32967758178711
6258,45.41487503051758
6259,46.25775909423828
6260,53.198673248291016
6261,33.76797866821289
6262,49.86798858642578
6263,32.258140563964844
6264,47.86947250366211
6265,50.528953552246094
6266,49.391204833984375
6267,41.73051834106445
6268,42.00602340698242
6269,74.04997253417969
6270,38.474063873291016
6271,31.455297470092773
6272,35.43190002441406
6273,51.79653549194336
6274,43.18123245239258
6275,45.96809005737305
6276,30.7029972076416
6277,46.54015350341797
6278,34.24057388305664
6279,51.08181381225586
6280,48.90940856933594
6281,35.332496643066406
6282,65.9135971069336
6283,38.047584533691406
6284,39.724979400634766
6285,32.00212478637695
6286,42.6873893737793
6287,36.32270812988281
6288,45.282413482666016
6289,46.2374267578125
6290,53.087406158447266
6291,33.70137023925781
6292,49.90537643432617
6293,32.19816207885742
6294,47.81407928466797
6295,50.43319320678711
6296,49.30982971191406
6297,41.60310363769531
6298,41.94215393066406
6299,74.08072662353516
6300,38.42280197143555
6301,31.465904235839844
6302,35.37415313720703
6303,51.631011962890625
6304,43.165916442871094
6305,45.8057861328125
6306,30.69045066833496
6307,46.45785903930664
6308,34.18418502807617
6309,51.16698455810547
6310,48.79624557495117
6311,35.294986724853516
6312,65.80451202392578
6313,37.97504425048828
6314,39.671966552734375
6315,32.03303527832031
6316,42.601806640625
6317,36.31747817993164
6318,45.15517044067383
6319,46.21929168701172
6320,52.98092269897461
6321,33.63874816894531
6322,49.943607330322266
6323,32.142093658447266
6324,47.76176452636719
6325,50.34170150756836
6326,49.23211669921875
6327,41.48199462890625
6328,41.882118225097656
6329,74.11139678955078
6330,38.374542236328125
6331,31.478179931640625
6332,35.3197135925293
6333,51.47385025024414
6334,43.15158462524414
6335,45.65230178833008
6336,30.680828094482422
6337,46.380184173583984
6338,34.13117599487305
6339,51.25068664550781
6340,48.69009780883789
6341,35.26003646850586
6342,65.70098114013672
6343,37.90644073486328
6344,39.62287521362305
6345,32.06424331665039
6346,42.521392822265625
6347,36.31377029418945
6348,45.03285598754883
6349,46.20318603515625
6350,52.87901306152344
6351,33.579856872558594
6352,49.98249816894531
6353,32.089759826660156
6354,47.71240234375
6355,50.25428009033203
6356,49.15798568725586
6357,41.36689376831055
6358,41.82554626464844
6359,74.14215850830078
6360,38.32915496826172
6361,31.49187660217285
6362,35.26825714111328
6363,51.32455825805664
6364,43.13808059692383
6365,45.507164001464844
6366,30.673654556274414
6367,46.30683517456055
6368,34.081336975097656
6369,51.333099365234375
6370,48.59052658081055
6371,35.22738265991211
6372,65.60284423828125
6373,37.841575622558594
6374,39.577308654785156
6375,32.095703125
6376,42.445682525634766
6377,36.31131362915039
6378,44.91525650024414
6379,46.18898391723633
6380,52.781551361083984
6381,33.52440643310547
6382,50.02199935913086
6383,32.040740966796875
6384,47.665714263916016
6385,50.1707763671875
6386,49.08736801147461
6387,41.257381439208984
6388,41.77219772338867
6389,74.1734390258789
6390,38.28647232055664
6391,31.506589889526367
6392,35.21938705444336
6393,51.182838439941406
6394,43.125404357910156
6395,45.36981201171875
6396,30.66836166381836
6397,46.23752212524414
6398,34.03469467163086
6399,51.41453552246094
6400,48.496986389160156
6401,35.19688034057617
6402,65.51004028320312
6403,37.78028869628906
6404,39.53523635864258
6405,32.127220153808594
6406,42.37430191040039
6407,36.309814453125
6408,44.801918029785156
6409,46.176597595214844
6410,52.688297271728516
6411,33.47208023071289
6412,50.06209945678711
6413,31.994844436645508
6414,47.6217041015625
6415,50.0909309387207
6416,49.0201530456543
6417,41.15327072143555
6418,41.72172927856445
6419,74.2053451538086
6420,38.24617004394531
6421,31.52220344543457
6422,35.17291259765625
6423,51.048274993896484
6424,43.113399505615234
6425,45.23990249633789
6426,30.664777755737305
6427,46.171974182128906
6428,33.990928649902344
6429,51.49479675292969
6430,48.40922546386719
6431,35.168296813964844
6432,65.42227935791016
6433,37.72234344482422
6434,39.49624252319336
6435,32.15864944458008
6436,42.307098388671875
6437,36.309226989746094
6438,44.692832946777344
6439,46.16583251953125
6440,52.59907150268555
6441,33.422733306884766
6442,50.1025390625
6443,31.951902389526367
6444,47.58001708984375
6445,50.01462936401367
6446,48.95606231689453
6447,41.054161071777344
6448,41.67407989501953
6449,74.23736572265625
6450,38.20820999145508
6451,31.538686752319336
6452,35.12881088256836
6453,50.92053985595703
6454,43.10188674926758
6455,45.117122650146484
6456,30.662891387939453
6457,46.11003875732422
6458,33.949798583984375
6459,51.57366180419922
6460,48.3269157409668
6461,35.14157485961914
6462,65.3391342163086
6463,37.66755676269531
6464,39.46012878417969
6465,32.189979553222656
6466,42.243839263916016
6467,36.309356689453125
6468,44.58778762817383
6469,46.15647506713867
6470,52.51369857788086
6471,33.376182556152344
6472,50.14315414428711
6473,31.91176414489746
6474,47.540523529052734
6475,49.94169616699219
6476,48.894981384277344
6477,40.959877014160156
6478,41.629051208496094
6479,74.26949310302734
6480,38.17237854003906
6481,31.555824279785156
6482,35.08690643310547
6483,50.799312591552734
6484,43.09091567993164
6485,45.00105667114258
6486,30.662437438964844
6487,46.0515251159668
6488,33.91108322143555
6489,51.65107345581055
6490,48.249629974365234
6491,35.11654281616211
6492,65.26045227050781
6493,37.61579513549805
6494,39.426658630371094
6495,32.221065521240234
6496,42.184261322021484
6497,36.31013488769531
6498,44.4867057800293
6499,46.14846420288086
6500,52.431915283203125
6501,33.332252502441406
6502,50.183841705322266
6503,31.874204635620117
6504,47.50310134887695
6505,49.871944427490234
6506,48.836856842041016
6507,40.87015151977539
6508,41.58637619018555
6509,74.30188751220703
6510,38.13853073120117
6511,31.57340431213379
6512,35.047000885009766
6513,50.6841926574707
6514,43.080322265625
6515,44.89134979248047
6516,30.663103103637695
6517,45.99614334106445
6518,33.87469482421875
6519,51.72713851928711
6520,48.177085876464844
6521,35.093017578125
6522,65.18604278564453
6523,37.566890716552734
6524,39.395633697509766
6525,32.2518310546875
6526,42.12812423706055
6527,36.31134796142578
6528,44.38935852050781
6529,46.14165115356445
6530,52.35368728637695
6531,33.29071044921875
6532,50.22453689575195
6533,31.83904266357422
6534,47.467586517333984
6535,49.805259704589844
6536,48.781494140625
6537,40.78478240966797
6538,41.54594421386719
6539,74.33435821533203
6540,38.1065788269043
6541,31.59134864807129
6542,35.008995056152344
6543,50.57493591308594
6544,43.070068359375
6545,44.78758239746094
6546,30.664705276489258
6547,45.94377136230469
6548,33.840431213378906
6549,51.80170822143555
6550,48.1090202331543
6551,35.0709114074707
6552,65.1156005859375
6553,37.52060317993164
6554,39.366817474365234
6555,32.2822380065918
6556,42.0753059387207
6557,36.31291961669922
6558,44.29561996459961
6559,46.13585662841797
6560,52.278709411621094
6561,33.25148010253906
6562,50.264984130859375
6563,31.806175231933594
6564,47.43370056152344
6565,49.741455078125
6566,48.728736877441406
6567,40.703372955322266
6568,41.507625579833984
6569,74.36656951904297
6570,38.0763053894043
6571,31.609621047973633
6572,34.972862243652344
6573,50.47126388549805
6574,43.060020446777344
6575,44.689640045166016
6576,30.66753578186035
6577,45.89424514770508
6578,33.80786895751953
6579,51.874305725097656
6580,48.04536056518555
6581,35.05011749267578
6582,65.04850769042969
6583,37.476810455322266
6584,39.33992004394531
6585,32.31230163574219
6586,42.02579879760742
6587,36.31486892700195
6588,44.20538330078125
6589,46.130836486816406
6590,52.20661926269531
6591,33.21440124511719
6592,50.305110931396484
6593,31.77549171447754
6594,47.40120315551758
6595,49.680152893066406
6596,48.678218841552734
6597,40.625762939453125
6598,41.47132110595703
6599,74.39814758300781
6600,38.047645568847656
6601,31.628314971923828
6602,34.93855667114258
6603,50.37285614013672
6604,43.049922943115234
6605,44.597225189208984
6606,30.671459197998047
6607,45.84748458862305
6608,33.77687072753906
6609,51.945003509521484
6610,47.9858512878418
6611,35.03058624267578
6612,64.98460388183594
6613,37.43540573120117
6614,39.314842224121094
6615,32.34193801879883
6616,41.97932815551758
6617,36.3170051574707
6618,44.11841583251953
6619,46.12651824951172
6620,52.137359619140625
6621,33.17926025390625
6622,50.34484100341797
6623,31.746858596801758
6624,47.370025634765625
6625,49.62135314941406
6626,48.62995529174805
6627,40.551673889160156
6628,41.43675231933594
6629,74.42937469482422
6630,38.020381927490234
6631,31.647159576416016
6632,34.90590286254883
6633,50.2794303894043
6634,43.03970718383789
6635,44.509971618652344
6636,30.676237106323242
6637,45.80317306518555
6638,33.74738311767578
6639,52.01387405395508
6640,47.93014907836914
6641,35.01210403442383
6642,64.92383575439453
6643,37.396148681640625
6644,39.29145812988281
6645,32.3710823059082
6646,41.93559646606445
6647,36.31914520263672
6648,44.03453063964844
6649,46.12282180786133
6650,52.07076644897461
6651,33.14596939086914
6652,50.38414764404297
6653,31.720090866088867
6654,47.34006881713867
6655,49.5649299621582
6656,48.58383560180664
6657,40.48089599609375
6658,41.40380859375
6659,74.46027374267578
6660,37.99442672729492
6661,31.666046142578125
6662,34.87468338012695
6663,50.19076919555664
6664,43.02936553955078
6665,44.42767333984375
6666,30.681718826293945
6667,45.761234283447266
6668,33.719268798828125
6669,52.0809211730957
6670,47.87813186645508
6671,34.99462890625
6672,64.8658676147461
6673,37.35899353027344
6674,39.26952362060547
6675,32.399635314941406
6676,41.894569396972656
6677,36.321346282958984
6678,43.95362854003906
6679,46.119625091552734
6680,52.006683349609375
6681,33.11437225341797
6682,50.42290496826172
6683,31.695079803466797
6684,47.31116485595703
6685,49.51072311401367
6686,48.53971862792969
6687,40.413299560546875
6688,41.37236022949219
6689,74.49066925048828
6690,37.96977615356445
6691,31.684886932373047
6692,34.84489059448242
6693,50.10661315917969
6694,43.01883316040039
6695,44.350006103515625
6696,30.687671661376953
6697,45.721466064453125
6698,33.692466735839844
6699,52.14614486694336
6700,47.829437255859375
6701,34.97804260253906
6702,64.81077575683594
6703,37.323760986328125
6704,39.24900817871094
6705,32.42758560180664
6706,41.855995178222656
6707,36.32341766357422
6708,43.87548828125
6709,46.11688995361328
6710,51.94504165649414
6711,33.08430862426758
6712,50.46111297607422
6713,31.67168426513672
6714,47.28330993652344
6715,49.45858383178711
6716,48.497581481933594
6717,40.34867858886719
6718,41.342227935791016
6719,74.52090454101562
6720,37.946163177490234
6721,31.703495025634766
6722,34.81624984741211
6723,50.02674865722656
6724,43.00802230834961
6725,44.276756286621094
6726,30.693889617919922
6727,45.68370819091797
6728,33.666954040527344
6729,52.20972442626953
6730,47.78385543823242
6731,34.96216583251953
6732,64.75835418701172
6733,37.29041290283203
6734,39.22975158691406
6735,32.454830169677734
6736,41.81968307495117
6737,36.32517623901367
6738,43.799922943115234
6739,46.11453628540039
6740,51.88567352294922
6741,33.05561065673828
6742,50.498741149902344
6743,31.64974021911621
6744,47.25634002685547
6745,49.40843963623047
6746,48.45731735229492
6747,40.28688049316406
6748,41.31328582763672
6749,74.55084228515625
6750,37.923606872558594
6751,31.7218074798584
6752,34.788665771484375
6753,49.950923919677734
6754,42.99696731567383
6755,44.2076530456543
6756,30.70029067993164
6757,45.647804260253906
6758,33.64265823364258
6759,52.27162551879883
6760,47.741241455078125
6761,34.94698715209961
6762,64.70845031738281
6763,37.258724212646484
6764,39.2116813659668
6765,32.48134231567383
6766,41.785484313964844
6767,36.32673645019531
6768,43.72688674926758
6769,46.1124382019043
6770,51.8284912109375
6771,33.028255462646484
6772,50.535667419433594
6773,31.62919044494629
6774,47.23020935058594
6775,49.360191345214844
6776,48.41876220703125
6777,40.227745056152344
6778,41.285499572753906
6779,74.58032989501953
6780,37.90201187133789
6781,31.739830017089844
6782,34.76215362548828
6783,49.87887954711914
6784,42.985538482666016
6785,44.14251708984375
6786,30.70684051513672
6787,45.613643646240234
6788,33.61933898925781
6789,52.33168411254883
6790,47.7014274597168
6791,34.93251037597656
6792,64.66078186035156
6793,37.22868347167969
6794,39.194618225097656
6795,32.50717544555664
6796,41.75327682495117
6797,36.32797622680664
6798,43.656272888183594
6799,46.11054992675781
6800,51.77328872680664
6801,33.00209426879883
6802,50.57180404663086
6803,31.609943389892578
6804,47.20478439331055
6805,49.31370544433594
6806,48.38182067871094
6807,40.17104721069336
6808,41.258724212646484
6809,74.60929107666016
6810,37.88124465942383
6811,31.757490158081055
6812,34.73661422729492
6813,49.81045150756836
6814,42.97380828857422
6815,44.0810661315918
6816,30.713525772094727
6817,45.581138610839844
6818,33.59703063964844
6819,52.38999557495117
6820,47.664215087890625
6821,34.91861343383789
6822,64.61527252197266
6823,37.200111389160156
6824,39.17852783203125
6825,32.53226852416992
6826,41.72298049926758
6827,36.32887649536133
6828,43.58785629272461
6829,46.10880661010742
6830,51.71998977661133
6831,32.9770622253418
6832,50.60724639892578
6833,31.591896057128906
6834,47.18001937866211
6835,49.268802642822266
6836,48.34636306762695
6837,40.11667251586914
6838,41.232887268066406
6839,74.63775634765625
6840,37.86132049560547
6841,31.77475929260254
6842,34.71199035644531
6843,49.745399475097656
6844,42.961631774902344
6845,44.023094177246094
6846,30.720298767089844
6847,45.55013656616211
6848,33.575477600097656
6849,52.446441650390625
6850,47.62944030761719
6851,34.90519332885742
6852,64.57162475585938
6853,37.172908782958984
6854,39.16316604614258
6855,32.55659484863281
6856,41.694461822509766
6857,36.32942199707031
6858,43.52165222167969
6859,46.107120513916016
6860,51.668460845947266
6861,32.95297622680664
6862,50.64177703857422
6863,31.574907302856445
6864,47.15574264526367
6865,49.22549057006836
6866,48.31234359741211
6867,40.064491271972656
6868,41.2078857421875
6869,74.66558074951172
6870,37.84203338623047
6871,31.791608810424805
6872,34.68821716308594
6873,49.6835823059082
6874,42.94904327392578
6875,43.968448638916016
6876,30.727060317993164
6877,45.520565032958984
6878,33.5545654296875
6879,52.50103759765625
6880,47.596946716308594
6881,34.89216613769531
6882,64.52976989746094
6883,37.14707946777344
6884,39.14846420288086
6885,32.58012771606445
6886,41.66761016845703
6887,36.3294563293457
6888,43.457515716552734
6889,46.10541915893555
6890,51.61855697631836
6891,32.929893493652344
6892,50.67546081542969
6893,31.558940887451172
6894,47.131919860839844
6895,49.18357849121094
6896,48.279693603515625
6897,40.01432418823242
6898,41.18357467651367
6899,74.69282531738281
6900,37.82343292236328
6901,31.807950973510742
6902,34.665199279785156
6903,49.62477111816406
6904,42.93592834472656
6905,43.916988372802734
6906,30.733739852905273
6907,45.49236297607422
6908,33.5343017578125
6909,52.55377197265625
6910,47.56647491455078
6911,34.87956619262695
6912,64.48963165283203
6913,37.122406005859375
6914,39.13434600830078
6915,32.602806091308594
6916,41.642269134521484
6917,36.328983306884766
6918,43.395320892333984
6919,46.10365676879883
6920,51.570281982421875
6921,32.90756607055664
6922,50.7082405090332
6923,31.54388427734375
6924,47.10849380493164
6925,49.143043518066406
6926,48.24830627441406
6927,39.966068267822266
6928,41.159969329833984
6929,74.71954345703125
6930,37.80536651611328
6931,31.82375144958496
6932,34.642887115478516
6933,49.5688362121582
6934,42.92230987548828
6935,43.86846160888672
6936,30.740201950073242
6937,45.46529006958008
6938,33.514617919921875
6939,52.60479736328125
6940,47.538002014160156
6941,34.86722183227539
6942,64.45118713378906
6943,37.098899841308594
6944,39.120723724365234
6945,32.624595642089844
6946,41.61838150024414
6947,36.32789611816406
6948,43.33498764038086
6949,46.10184097290039
6950,51.52348327636719
6951,32.8859748840332
6952,50.740089416503906
6953,31.529664993286133
6954,47.085411071777344
6955,49.10382080078125
6956,48.21816635131836
6957,39.91964340209961
6958,41.136837005615234
6959,74.74571990966797
6960,37.787776947021484
6961,31.838890075683594
6962,34.62116622924805
6963,49.515621185302734
6964,42.90819549560547
6965,43.82276153564453
6966,30.74637794494629
6967,45.43938064575195
6968,33.49541473388672
6969,52.65408706665039
6970,47.51133346557617
6971,34.85512924194336
6972,64.41427612304688
6973,37.07645797729492
6974,39.107513427734375
6975,32.645572662353516
6976,41.595787048339844
6977,36.326229095458984
6978,43.276371002197266
6979,46.099849700927734
6980,51.4781494140625
6981,32.865089416503906
6982,50.77106475830078
6983,31.516170501708984
6984,47.06260299682617
6985,49.065818786621094
6986,48.18918228149414
6987,39.874847412109375
6988,41.11424255371094
6989,74.77144622802734
6990,37.77069091796875
6991,31.853404998779297
6992,34.59998321533203
6993,49.464969635009766
6994,42.89348602294922
6995,43.77968978881836
6996,30.752161026000977
6997,45.41447448730469
6998,33.476654052734375
6999,52.70173263549805
7000,47.486297607421875
7001,34.84322738647461
7002,64.3788833618164
7003,37.05500030517578
7004,39.094669342041016
7005,32.665679931640625
7006,41.574440002441406
7007,36.32389831542969
7008,43.21937942504883
7009,46.09778594970703
7010,51.434078216552734
7011,32.8447151184082
7012,50.80113983154297
7013,31.503379821777344
7014,47.03997802734375
7015,49.028907775878906
7016,48.16131591796875
7017,39.83161544799805
7018,41.09209060668945
7019,74.79669952392578
7020,37.75396728515625
7021,31.867279052734375
7022,34.5793342590332
7023,49.416656494140625
7024,42.878353118896484
7025,43.73904037475586
7026,30.757640838623047
7027,45.390541076660156
7028,33.4582633972168
7029,52.747798919677734
7030,47.46281051635742
7031,34.83147048950195
7032,64.34475708007812
7033,37.03446960449219
7034,39.08211135864258
7035,32.68495178222656
7036,41.55420684814453
7037,36.32096481323242
7038,43.1639404296875
7039,46.09554672241211
7040,51.391239166259766
7041,32.8249397277832
7042,50.830322265625
7043,31.49120330810547
7044,47.01759338378906
7045,48.99311828613281
7046,48.134429931640625
7047,39.78982162475586
7048,41.0703239440918
7049,74.82147979736328
7050,37.73765182495117
7051,31.880556106567383
7052,34.559120178222656
7053,49.37062072753906
7054,42.86265182495117
7055,43.700714111328125
7056,30.76276397705078
7057,45.36748504638672
7058,33.44026184082031
7059,52.792354583740234
7060,47.44071960449219
7061,34.81991195678711
7062,64.31195068359375
7063,37.01477813720703
7064,39.0698127746582
7065,32.70341873168945
7066,41.53502655029297
7067,36.31740951538086
7068,43.10995101928711
7069,46.093143463134766
7070,51.34955978393555
7071,32.80558776855469
7072,50.858638763427734
7073,31.479656219482422
7074,46.99536895751953
7075,48.95830154418945
7076,48.10852813720703
7077,39.74936294555664
7078,41.048885345458984
7079,74.84577178955078
7080,37.721595764160156
7081,31.89319610595703
7082,34.53933334350586
7083,49.326690673828125
7084,42.84644317626953
7085,43.66453552246094
7086,30.767444610595703
7087,45.345237731933594
7088,33.42255401611328
7089,52.83549118041992
7090,47.42000198364258
7091,34.80842971801758
7092,64.28032684326172
7093,36.99591064453125
7094,39.057769775390625
7095,32.72110366821289
7096,41.516815185546875
7097,36.31324005126953
7098,43.05726623535156
7099,46.09054183959961
7100,51.30897903442383
7101,32.78670120239258
7102,50.88618850708008
7103,31.468599319458008
7104,46.97328186035156
7105,48.924415588378906
7106,48.08351516723633
7107,39.71014404296875
7108,41.02778625488281
7109,74.86969757080078
7110,37.705936431884766
7111,31.905248641967773
7112,34.519859313964844
7113,49.28467559814453
7114,42.82978439331055
7115,43.630306243896484
7116,30.771772384643555
7117,45.32372283935547
7118,33.40518569946289
7119,52.87723159790039
7120,47.40041732788086
7121,34.79709243774414
7122,64.24979400634766
7123,36.97775650024414
7124,39.04591751098633
7125,32.7380485534668
7126,41.499488830566406
7127,36.30846405029297
7128,43.0058479309082
7129,46.087806701660156
7130,51.269412994384766
7131,32.76821517944336
7132,50.91287612915039
7133,31.457998275756836
7134,46.95131301879883
7135,48.89140701293945
7136,48.059295654296875
7137,39.67207336425781
7138,41.00692367553711
7139,74.89320373535156
7140,37.69044876098633
7141,31.916643142700195
7142,34.50079345703125
7143,49.24444580078125
7144,42.81264114379883
7145,43.597957611083984
7146,30.775758743286133
7147,45.30289840698242
7148,33.388023376464844
7149,52.91759490966797
7150,47.38200759887695
7151,34.78578186035156
7152,64.22014617919922
7153,36.96034240722656
7154,39.03420639038086
7155,32.7542724609375
7156,41.483036041259766
7157,36.30320739746094
7158,42.95566940307617
7159,46.084808349609375
7160,51.23075485229492
7161,32.750091552734375
7162,50.93877410888672
7163,31.447885513305664
7164,46.92947006225586
7165,48.85912322998047
7166,48.03590774536133
7167,39.635074615478516
7168,40.98634338378906
7169,74.9161376953125
7170,37.67527389526367
7171,31.92760467529297
7172,34.482086181640625
7173,49.205909729003906
7174,42.79501724243164
7175,43.5673713684082
7176,30.7794189453125
7177,45.28276062011719
7178,33.37106704711914
7179,52.956626892089844
7180,47.364688873291016
7181,34.77454376220703
7182,64.19142150878906
7183,36.9434928894043
7184,39.02262496948242
7185,32.769813537597656
7186,41.46733474731445
7187,36.297279357910156
7188,42.906620025634766
7189,46.08155822753906
7190,51.19296646118164
7191,32.732322692871094
7192,50.96391677856445
7193,31.43819236755371
7194,46.9075927734375
7195,48.82761764526367
7196,48.0131950378418
7197,39.59904098510742
7198,40.96599197387695
7199,74.93859100341797
7200,37.66025161743164
7201,31.937971115112305
7202,34.46367263793945
7203,49.16901397705078
7204,42.776912689208984
7205,43.53839874267578
7206,30.782773971557617
7207,45.26323699951172
7208,33.354248046875
7209,52.9942741394043
7210,47.348323822021484
7211,34.763389587402344
7212,64.16348266601562
7213,36.927249908447266
7214,39.01110076904297
7215,32.784698486328125
7216,41.45243835449219
7217,36.290958404541016
7218,42.85865783691406
7219,46.07814407348633
7220,51.15597152709961
7221,32.71481704711914
7222,50.98824691772461
7223,31.428926467895508
7224,46.88581466674805
7225,48.79685592651367
7226,47.99116516113281
7227,39.5639762878418
7228,40.945831298828125
7229,74.9605484008789
7230,37.645442962646484
7231,31.947803497314453
7232,34.44557571411133
7233,49.133583068847656
7234,42.75835418701172
7235,43.510955810546875
7236,30.785804748535156
7237,45.2442512512207
7238,33.337493896484375
7239,53.03065490722656
7240,47.33292770385742
7241,34.752315521240234
7242,64.13630676269531
7243,36.91155242919922
7244,38.99964904785156
7245,32.79890823364258
7246,41.43819808959961
7247,36.28401565551758
7248,42.8117561340332
7249,46.074501037597656
7250,51.119747161865234
7251,32.69763946533203
7252,51.01185989379883
7253,31.4199275970459
7254,46.864036560058594
7255,48.76667404174805
7256,47.9697380065918
7257,39.529788970947266
7258,40.925846099853516
7259,74.9820556640625
7260,37.63081741333008
7261,31.957141876220703
7262,34.42774200439453
7263,49.09955978393555
7264,42.73938751220703
7265,43.484962463378906
7266,30.788511276245117
7267,45.22576904296875
7268,33.32087707519531
7269,53.06581497192383
7270,47.31834411621094
7271,34.74119186401367
7272,64.10985565185547
7273,36.8963508605957
7274,38.98820495605469
7275,32.8125114440918
7276,41.42463684082031
7277,36.27662658691406
7278,42.76584243774414
7279,46.070621490478516
7280,51.08428192138672
7281,32.680667877197266
7282,51.034732818603516
7283,31.41130256652832
7284,46.84225845336914
7285,48.737159729003906
7286,47.94894790649414
7287,39.49637985229492
7288,40.906028747558594
7289,75.00308227539062
7290,37.6163330078125
7291,31.965930938720703
7292,34.410213470458984
7293,49.06687545776367
7294,42.719970703125
7295,43.46033477783203
7296,30.790870666503906
7297,45.20784378051758
7298,33.30434799194336
7299,53.09974670410156
7300,47.30455017089844
7301,34.73008346557617
7302,64.08396911621094
7303,36.88163375854492
7304,38.97679138183594
7305,32.82546615600586
7306,41.41168212890625
7307,36.2686653137207
7308,42.72083282470703
7309,46.06646728515625
7310,51.04941177368164
7311,32.66397476196289
7312,51.05683135986328
7313,31.402978897094727
7314,46.82048034667969
7315,48.708213806152344
7316,47.92866134643555
7317,39.46376419067383
7318,40.88634490966797
7319,75.02352905273438
7320,37.601951599121094
7321,31.97430419921875
7322,34.39293670654297
7323,49.03546142578125
7324,42.70011901855469
7325,43.43700408935547
7326,30.792951583862305
7327,45.19033432006836
7328,33.287784576416016
7329,53.13241195678711
7330,47.29152297973633
7331,34.71901321411133
7332,64.05870056152344
7333,36.86738967895508
7334,38.9653434753418
7335,32.837806701660156
7336,41.399322509765625
7337,36.2602424621582
7338,42.6767692565918
7339,46.06205749511719
7340,51.01524353027344
7341,32.647430419921875
7342,51.0782356262207
7343,31.39490509033203
7344,46.798648834228516
7345,48.679840087890625
7346,47.908912658691406
7347,39.43182373046875
7348,40.866817474365234
7349,75.04353332519531
7350,37.58771896362305
7351,31.98211669921875
7352,34.375911712646484
7353,49.00518035888672
7354,42.679805755615234
7355,43.414913177490234
7356,30.79474639892578
7357,45.17325210571289
7358,33.271278381347656
7359,53.16386032104492
7360,47.2791633605957
7361,34.707908630371094
7362,64.033935546875
7363,36.85353469848633
7364,38.953800201416016
7365,32.84955978393555
7366,41.38752746582031
7367,36.251365661621094
7368,42.63356399536133
7369,46.05739974975586
7370,50.98161315917969
7371,32.631099700927734
7372,51.09891891479492
7373,31.3870792388916
7374,46.77674865722656
7375,48.6519775390625
7376,47.889705657958984
7377,39.40060806274414
7378,40.84734344482422
7379,75.06297302246094
7380,37.5736083984375
7381,31.989513397216797
7382,34.35909652709961
7383,48.976104736328125
7384,42.65909194946289
7385,43.393943786621094
7386,30.796213150024414
7387,45.156578063964844
7388,33.25468444824219
7389,53.19425964355469
7390,47.26747512817383
7391,34.696773529052734
7392,64.00970458984375
7393,36.84007263183594
7394,38.94223403930664
7395,32.86074447631836
7396,41.376197814941406
7397,36.241947174072266
7398,42.5911750793457
7399,46.05250549316406
7400,50.948570251464844
7401,32.61491394042969
7402,51.11886978149414
7403,31.379526138305664
7404,46.75484848022461
7405,48.62456512451172
7406,47.870941162109375
7407,39.36998748779297
7408,40.82795715332031
7409,75.08197784423828
7410,37.559547424316406
7411,31.996362686157227
7412,34.34249496459961
7413,48.94803237915039
7414,42.637996673583984
7415,43.374080657958984
7416,30.79734992980957
7417,45.14026641845703
7418,33.23811340332031
7419,53.22344970703125
7420,47.25638198852539
7421,34.68561935424805
7422,63.986000061035156
7423,36.82697677612305
7424,38.930572509765625
7425,32.87133026123047
7426,41.365394592285156
7427,36.23206329345703
7428,42.549617767333984
7429,46.04734802246094
7430,50.916099548339844
7431,32.59885025024414
7432,51.138206481933594
7433,31.372121810913086
7434,46.732818603515625
7435,48.597660064697266
7436,47.85263442993164
7437,39.3399658203125
7438,40.80866622924805
7439,75.10061645507812
7440,37.54560089111328
7441,32.00278091430664
7442,34.326053619384766
7443,48.92096710205078
7444,42.61648941040039
7445,43.355220794677734
7446,30.798137664794922
7447,45.12431335449219
7448,33.22151184082031
7449,53.25163650512695
7450,47.24580764770508
7451,34.674407958984375
7452,63.96271514892578
7453,36.81422805786133
7454,38.918827056884766
7455,32.88144302368164
7456,41.355010986328125
7457,36.22174835205078
7458,42.50874710083008
7459,46.04192352294922
7460,50.88410186767578
7461,32.58295440673828
7462,51.15684509277344
7463,31.364959716796875
7464,46.71078109741211
7465,48.571170806884766
7466,47.83475112915039
7467,39.310543060302734
7468,40.7894287109375
7469,75.11878204345703
7470,37.53173065185547
7471,32.008724212646484
7472,34.30980682373047
7473,48.894832611083984
7474,42.594627380371094
7475,43.33734130859375
7476,30.79857063293457
7477,45.10870361328125
7478,33.20489501953125
7479,53.27880859375
7480,47.23578643798828
7481,34.66316604614258
7482,63.93983840942383
7483,36.801841735839844
7484,38.90697479248047
7485,32.89094924926758
7486,41.34503173828125
7487,36.210914611816406
7488,42.46860885620117
7489,46.036285400390625
7490,50.852596282958984
7491,32.56718444824219
7492,51.17485046386719
7493,31.35794448852539
7494,46.688663482666016
7495,48.54511642456055
7496,47.81732940673828
7497,39.281646728515625
7498,40.77023696899414
7499,75.13652038574219
7500,37.51791000366211
7501,32.01422119140625
7502,34.29374313354492
7503,48.869590759277344
7504,42.57236862182617
7505,43.320404052734375
7506,30.798778533935547
7507,45.0933837890625
7508,33.18825149536133
7509,53.30496597290039
7510,47.226200103759766
7511,34.65190124511719
7512,63.91737747192383
7513,36.7896728515625
7514,38.89506149291992
7515,32.89999008178711
7516,41.335445404052734
7517,36.19970703125
7518,42.429141998291016
7519,46.0304069519043
7520,50.821537017822266
7521,32.55144500732422
7522,51.19230270385742
7523,31.35108757019043
7524,46.666473388671875
7525,48.519447326660156
7526,47.80025100708008
7527,39.25322341918945
7528,40.75108337402344
7529,75.15398406982422
7530,37.504180908203125
7531,32.0192756652832
7532,34.27773666381836
7533,48.84514617919922
7534,42.549800872802734
7535,43.304283142089844
7536,30.798595428466797
7537,45.078285217285156
7538,33.171539306640625
7539,53.33029556274414
7540,47.21704864501953
7541,34.64055633544922
7542,63.8953857421875
7543,36.777870178222656
7544,38.8830451965332
7545,32.90846633911133
7546,41.326210021972656
7547,36.18798065185547
7548,42.39033508300781
7549,46.02427673339844
7550,50.790950775146484
7551,32.535823822021484
7552,51.20909118652344
7553,31.34438705444336
7554,46.64423370361328
7555,48.49418640136719
7556,47.783565521240234
7557,39.225242614746094
7558,40.731929779052734
7559,75.17103576660156
7560,37.490440368652344
7561,32.02387237548828
7562,34.26190948486328
7563,48.821533203125
7564,42.52690887451172
7565,43.28898620605469
7566,30.798049926757812
7567,45.063514709472656
7568,33.15473937988281
7569,53.354652404785156
7570,47.20833206176758
7571,34.629146575927734
7572,63.87366485595703
7573,36.76626968383789
7574,38.870906829833984
7575,32.91648483276367
7576,41.31736755371094
7577,36.175907135009766
7578,42.35213851928711
7579,46.01795959472656
7580,50.76076126098633
7581,32.52029800415039
7582,51.225318908691406
7583,31.337804794311523
7584,46.621883392333984
7585,48.469242095947266
7586,47.767189025878906
7587,39.1977653503418
7588,40.71278381347656
7589,75.18772888183594
7590,37.47677993774414
7591,32.02806091308594
7592,34.246212005615234
7593,48.79872512817383
7594,42.503684997558594
7595,43.27448272705078
7596,30.797266006469727
7597,45.048954010009766
7598,33.13792037963867
7599,53.37806701660156
7600,47.20000076293945
7601,34.617679595947266
7602,63.85226821899414
7603,36.7549934387207
7604,38.85859680175781
7605,32.92396926879883
7606,41.308834075927734
7607,36.16337203979492
7608,42.31449508666992
7609,46.0113410949707
7610,50.73090362548828
7611,32.50477981567383
7612,51.240882873535156
7613,31.331336975097656
7614,46.599456787109375
7615,48.44463348388672
7616,47.75117874145508
7617,39.170677185058594
7618,40.69367218017578
7619,75.20389556884766
7620,37.46315002441406
7621,32.0318603515625
7622,34.230682373046875
7623,48.776554107666016
7624,42.480072021484375
7625,43.2607421875
7626,30.79616928100586
7627,45.03462219238281
7628,33.12092971801758
7629,53.40049743652344
7630,47.19205856323242
7631,34.60614013671875
7632,63.8311653137207
7633,36.74388885498047
7634,38.84607696533203
7635,32.93103790283203
7636,41.30061340332031
7637,36.15047836303711
7638,42.27750015258789
7639,46.00449752807617
7640,50.70144271850586
7641,32.48938751220703
7642,51.255863189697266
7643,31.32495880126953
7644,46.57685852050781
7645,48.42036056518555
7646,47.7354621887207
7647,39.144012451171875
7648,40.674591064453125
7649,75.21964263916016
7650,37.44951248168945
7651,32.035221099853516
7652,34.215274810791016
7653,48.75514602661133
7654,42.45609664916992
7655,43.24771499633789
7656,30.79479217529297
7657,45.02055740356445
7658,33.10383224487305
7659,53.4219970703125
7660,47.18443298339844
7661,34.59449005126953
7662,63.81032180786133
7663,36.733036041259766
7664,38.83350372314453
7665,32.937618255615234
7666,41.29273986816406
7667,36.137123107910156
7668,42.24104309082031
7669,45.997413635253906
7670,50.67230987548828
7671,32.47401428222656
7672,51.27033233642578
7673,31.3187198638916
7674,46.55416488647461
7675,48.396392822265625
7676,47.72005081176758
7677,39.11764907836914
7678,40.65542984008789
7679,75.23509979248047
7680,37.435935974121094
7681,32.038230895996094
7682,34.200016021728516
7683,48.734336853027344
7684,42.43190002441406
7685,43.23539733886719
7686,30.793136596679688
7687,45.00666427612305
7688,33.08661651611328
7689,53.44266128540039
7690,47.17705535888672
7691,34.58279800415039
7692,63.78977584838867
7693,36.72243118286133
7694,38.82070541381836
7695,32.94371795654297
7696,41.285125732421875
7697,36.123374938964844
7698,42.20514678955078
7699,45.990074157714844
7700,50.643524169921875
7701,32.45866394042969
7702,51.28422546386719
7703,31.31256103515625
7704,46.53142547607422
7705,48.37269973754883
7706,47.70497131347656
7707,39.09170913696289
7708,40.636295318603516
7709,75.25016021728516
7710,37.4223518371582
7711,32.04084014892578
7712,34.184776306152344
7713,48.71415328979492
7714,42.407318115234375
7715,43.22367858886719
7716,30.791141510009766
7717,44.99299621582031
7718,33.06930923461914
7719,53.46257781982422
7720,47.17000961303711
7721,34.5710563659668
7722,63.76950454711914
7723,36.711952209472656
7724,38.807743072509766
7725,32.94942092895508
7726,41.277732849121094
7727,36.109249114990234
7728,42.16975402832031
7729,45.9825325012207
7730,50.61505126953125
7731,32.44333267211914
7732,51.29758834838867
7733,31.30649185180664
7734,46.50852584838867
7735,48.349300384521484
7736,47.69016647338867
7737,39.06608200073242
7738,40.617103576660156
7739,75.26494598388672
7740,37.40883255004883
7741,32.04301834106445
7742,34.169715881347656
7743,48.69457244873047
7744,42.382511138916016
7745,43.212581634521484
7746,30.788822174072266
7747,44.97946548461914
7748,33.0518798828125
7749,53.48167037963867
7750,47.16323471069336
7751,34.559165954589844
7752,63.74950408935547
7753,36.70172882080078
7754,38.79462814331055
7755,32.954673767089844
7756,41.2706298828125
7757,36.09474563598633
7758,42.13479232788086
7759,45.97484588623047
7760,50.586917877197266
7761,32.42799377441406
7762,51.3104248046875
7763,31.300447463989258
7764,46.485599517822266
7765,48.32619094848633
7766,47.67560577392578
7767,39.04078674316406
7768,40.59790802001953
7769,75.2794418334961
7770,37.39528274536133
7771,32.04486846923828
7772,34.154659271240234
7773,48.67558670043945
7774,42.357418060302734
7775,43.20209884643555
7776,30.78623390197754
7777,44.96609115600586
7778,33.034385681152344
7779,53.500083923339844
7780,47.15666580200195
7781,34.5472412109375
7782,63.72975540161133
7783,36.69166564941406
7784,38.78144073486328
7785,32.95953369140625
7786,41.263702392578125
7787,36.0798454284668
7788,42.10029983520508
7789,45.96685791015625
7790,50.5590934753418
7791,32.4127311706543
7792,51.32277297973633
7793,31.294452667236328
7794,46.4625244140625
7795,48.303340911865234
7796,47.66131591796875
7797,39.01581954956055
7798,40.57869338989258
7799,75.29364013671875
7800,37.381752014160156
7801,32.046302795410156
7802,34.13972473144531
7803,48.657073974609375
7804,42.332054138183594
7805,43.19209289550781
7806,30.783363342285156
7807,44.952877044677734
7808,33.01675796508789
7809,53.517784118652344
7810,47.15033721923828
7811,34.535255432128906
7812,63.710243225097656
7813,36.68177032470703
7814,38.76803207397461
7815,32.96400451660156
7816,41.257057189941406
7817,36.06460952758789
7818,42.06626510620117
7819,45.95875930786133
7820,50.53147506713867
7821,32.39743423461914
7822,51.33473587036133
7823,31.288583755493164
7824,46.439395904541016
7825,48.28072738647461
7826,47.64727783203125
7827,38.99110412597656
7828,40.5594482421875
7829,75.30760955810547
7830,37.36823272705078
7831,32.04743957519531
7832,34.12482833862305
7833,48.639060974121094
7834,42.3065071105957
7835,43.18265914916992
7836,30.780202865600586
7837,44.93979263305664
7838,32.999088287353516
7839,53.534847259521484
7840,47.14422607421875
7841,34.52314758300781
7842,63.69097900390625
7843,36.67203140258789
7844,38.75448989868164
7845,32.96809005737305
7846,41.25055694580078
7847,36.049076080322266
7848,42.03262710571289
7849,45.95047378540039
7850,50.50421905517578
7851,32.38215637207031
7852,51.34622573852539
7853,31.2827091217041
7854,46.41621780395508
7855,48.25831985473633
7856,47.633514404296875
7857,38.9666748046875
7858,40.5401496887207
7859,75.32131958007812
7860,37.354736328125
7861,32.0482292175293
7862,34.11002731323242
7863,48.62146759033203
7864,42.28071594238281
7865,43.173641204833984
7866,30.77678680419922
7867,44.92687225341797
7868,32.98133850097656
7869,53.55126953125
7870,47.13825225830078
7871,34.51100540161133
7872,63.67192459106445
7873,36.66246032714844
7874,38.74086380004883
7875,32.971832275390625
7876,41.244232177734375
7877,36.03321075439453
7878,41.999366760253906
7879,45.94202423095703
7880,50.47713851928711
7881,32.3669319152832
7882,51.35727310180664
7883,31.276874542236328
7884,46.39295196533203
7885,48.236175537109375
7886,47.61994171142578
7887,38.942481994628906
7888,40.52083206176758
7889,75.33477020263672
7890,37.34123992919922
7891,32.04872512817383
7892,34.095306396484375
7893,48.60435104370117
7894,42.254703521728516
7895,43.16509246826172
7896,30.77312469482422
7897,44.91407012939453
7898,32.96347427368164
7899,53.56708908081055
7900,47.13249588012695
7901,34.498783111572266
7902,63.653045654296875
7903,36.65304183959961
7904,38.7270622253418
7905,32.9752311706543
7906,41.23808288574219
7907,36.01708221435547
7908,41.96644592285156
7909,45.93339157104492
7910,50.4503059387207
7911,32.351627349853516
7912,51.367942810058594
7913,31.27109146118164
7914,46.369625091552734
7915,48.21425247192383
7916,47.606605529785156
7917,38.918575286865234
7918,40.501502990722656
7919,75.3479995727539
7920,37.32777404785156
7921,32.0489387512207
7922,34.08061218261719
7923,48.587623596191406
7924,42.228492736816406
7925,43.157005310058594
7926,30.769224166870117
7927,44.901390075683594
7928,32.94552993774414
7929,53.582366943359375
7930,47.12690353393555
7931,34.48648452758789
7932,63.63444137573242
7933,36.643714904785156
7934,38.71316909790039
7935,32.97834777832031
7936,41.23214340209961
7937,36.000614166259766
7938,41.9339599609375
7939,45.924644470214844
7940,50.42375183105469
7941,32.33638000488281
7942,51.378273010253906
7943,31.26535987854004
7944,46.34617233276367
7945,48.19248962402344
7946,47.59344482421875
7947,38.89485549926758
7948,40.48216247558594
7949,75.36107635498047
7950,37.314308166503906
7951,32.04884338378906
7952,34.066017150878906
7953,48.5712776184082
7954,42.202117919921875
7955,43.149314880371094
7956,30.76512908935547
7957,44.88880157470703
7958,32.92750930786133
7959,53.59707260131836
7960,47.12142562866211
7961,34.47417068481445
7962,63.615989685058594
7963,36.634559631347656
7964,38.69914245605469
7965,32.981170654296875
7966,41.2263069152832
7967,35.983924865722656
7968,41.90174865722656
7969,45.9157600402832
7970,50.39738845825195
7971,32.32114791870117
7972,51.38820266723633
7973,31.259675979614258
7974,46.322715759277344
7975,48.17095947265625
7976,47.58051300048828
7977,38.87137985229492
7978,40.4627685546875
7979,75.37383270263672
7980,37.30086898803711
7981,32.04853057861328
7982,34.05145263671875
7983,48.55535125732422
7984,42.17558288574219
7985,43.142005920410156
7986,30.760759353637695
7987,44.876338958740234
7988,32.90944290161133
7989,53.61131286621094
7990,47.116111755371094
7991,34.461769104003906
7992,63.5976676940918
7993,36.62550354003906
7994,38.68496322631836
7995,32.983673095703125
7996,41.22064971923828
7997,35.967002868652344
7998,41.86990737915039
7999,45.90668487548828
8000,50.371246337890625
8001,32.305885314941406
8002,51.39777755737305
8003,31.2540225982666
8004,46.29920959472656
8005,48.14960861206055
8006,47.56778335571289
8007,38.84810256958008
8008,40.44335174560547
8009,75.3864974975586
8010,37.287445068359375
8011,32.047874450683594
8012,34.03697204589844
8013,48.53970718383789
8014,42.14884567260742
8015,43.13503646850586
8016,30.756189346313477
8017,44.86397171020508
8018,32.89126205444336
8019,53.62503433227539
8020,47.11096954345703
8021,34.44935607910156
8022,63.57957077026367
8023,36.61660385131836
8024,38.67073440551758
8025,32.985897064208984
8026,41.215145111083984
8027,35.94978713989258
8028,41.83837127685547
8029,45.89752197265625
8030,50.34526824951172
8031,32.290645599365234
8032,51.40700912475586
8033,31.248380661010742
8034,46.27562713623047
8035,48.12839126586914
8036,47.55520248413086
8037,38.82505416870117
8038,40.42399215698242
8039,75.39897155761719
8040,37.274044036865234
8041,32.047027587890625
8042,34.02255630493164
8043,48.52442169189453
8044,42.1220588684082
8045,43.12844467163086
8046,30.75139808654785
8047,44.85171127319336
8048,32.87309265136719
8049,53.63826370239258
8050,47.10591125488281
8051,34.43684005737305
8052,63.561607360839844
8053,36.607810974121094
8054,38.65637969970703
8055,32.98786163330078
8056,41.20975875854492
8057,35.932403564453125
8058,41.80715560913086
8059,45.888221740722656
8060,50.31953430175781
8061,32.275447845458984
8062,51.41591262817383
8063,31.242782592773438
8064,46.25202941894531
8065,48.107418060302734
8066,47.54280090332031
8067,38.802188873291016
8068,40.40447998046875
8069,75.41121673583984
8070,37.260650634765625
8071,32.04588317871094
8072,34.0081672668457
8073,48.50946807861328
8074,42.09502410888672
8075,43.122161865234375
8076,30.74641990661621
8077,44.83951187133789
8078,32.854801177978516
8079,53.651065826416016
8080,47.10095977783203
8081,34.42428207397461
8082,63.5438346862793
8083,36.599082946777344
8084,38.641883850097656
8085,32.98955154418945
8086,41.204490661621094
8087,35.91474914550781
8088,41.77617645263672
8089,45.878780364990234
8090,50.29397964477539
8091,32.260215759277344
8092,51.424564361572266
8093,31.23722267150879
8094,46.228336334228516
8095,48.08659362792969
8096,47.53058624267578
8097,38.77949142456055
8098,40.38502502441406
8099,75.42333984375
8100,37.24728775024414
8101,32.044532775878906
8102,33.99385070800781
8103,48.494789123535156
8104,42.067928314208984
8105,43.11622619628906
8106,30.741230010986328
8107,44.827415466308594
8108,32.83648681640625
8109,53.66348648071289
8110,47.09609603881836
8111,34.41167449951172
8112,63.52621841430664
8113,36.59051513671875
8114,38.627342224121094
8115,32.99101257324219
8116,41.19934844970703
8117,35.89688491821289
8118,41.74550247192383
8119,45.86927795410156
8120,50.26862335205078
8121,32.24496078491211
8122,51.432857513427734
8123,31.2316837310791
8124,46.204647064208984
8125,48.06589889526367
8126,47.51852035522461
8127,38.756988525390625
8128,40.365535736083984
8129,75.43535614013672
8130,37.233917236328125
8131,32.042964935302734
8132,33.97956466674805
8133,48.48040771484375
8134,42.04071807861328
8135,43.11060333251953
8136,30.73589515686035
8137,44.815433502197266
8138,32.818115234375
8139,53.6754150390625
8140,47.09138488769531
8141,34.39907455444336
8142,63.508758544921875
8143,36.58201599121094
8144,38.612728118896484
8145,32.99226760864258
8146,41.194339752197266
8147,35.87887954711914
8148,41.7150993347168
8149,45.859676361083984
8150,50.24341583251953
8151,32.229740142822266
8152,51.44094467163086
8153,31.226112365722656
8154,46.18091583251953
8155,48.045372009277344
8156,47.506595611572266
8157,38.734657287597656
8158,40.346038818359375
8159,75.44713592529297
8160,37.22060012817383
8161,32.04121017456055
8162,33.965370178222656
8163,48.46625900268555
8164,42.01338577270508
8165,43.10517883300781
8166,30.7303466796875
8167,44.8034782409668
8168,32.79970932006836
8169,53.6870002746582
8170,47.08671569824219
8171,34.38634490966797
8172,63.491458892822266
8173,36.57359313964844
8174,38.597957611083984
8175,32.99330520629883
8176,41.189414978027344
8177,35.860652923583984
8178,41.68495559692383
8179,45.84994125366211
8180,50.21839141845703
8181,32.21452331542969
8182,51.4487190246582
8183,31.22066879272461
8184,46.15715026855469
8185,48.025020599365234
8186,47.494873046875
8187,38.712528228759766
8188,40.326541900634766
8189,75.45878601074219
8190,37.20730972290039
8191,32.039249420166016
8192,33.951171875
8193,48.45237350463867
8194,41.98594284057617
8195,43.10006332397461
8196,30.724651336669922
8197,44.7916145324707
8198,32.78122329711914
8199,53.69823455810547
8200,47.082157135009766
8201,34.373653411865234
8202,63.47425842285156
8203,36.56531524658203
8204,38.58316421508789
8205,32.99412155151367
8206,41.1845703125
8207,35.84225845336914
8208,41.6550178527832
8209,45.84013366699219
8210,50.19352722167969
8211,32.19926834106445
8212,51.45620346069336
8213,31.21514892578125
8214,46.13338088989258
8215,48.004817962646484
8216,47.483253479003906
8217,38.69053268432617
8218,40.3070182800293
8219,75.47032928466797
8220,37.19399642944336
8221,32.03712844848633
8222,33.93708038330078
8223,48.43873596191406
8224,41.958412170410156
8225,43.095211029052734
8226,30.718812942504883
8227,44.77983093261719
8228,32.76271057128906
8229,53.70913314819336
8230,47.07769775390625
8231,34.36092758178711
8232,63.45719909667969
8233,36.557098388671875
8234,38.56828308105469
8235,32.994754791259766
8236,41.179840087890625
8237,35.823734283447266
8238,41.625389099121094
8239,45.83028030395508
8240,50.168827056884766
8241,32.1840705871582
8242,51.46352767944336
8243,31.209712982177734
8244,46.10957717895508
8245,47.9847412109375
8246,47.47177505493164
8247,38.668670654296875
8248,40.287506103515625
8249,75.48170471191406
8250,37.18069076538086
8251,32.03478240966797
8252,33.92298889160156
8253,48.42533493041992
8254,41.93085861206055
8255,43.09055709838867
8256,30.712841033935547
8257,44.76809310913086
8258,32.744136810302734
8259,53.71961212158203
8260,47.07327651977539
8261,34.34811019897461
8262,63.44023513793945
8263,36.5489501953125
8264,38.55332565307617
8265,32.995235443115234
8266,41.17519760131836
8267,35.80503845214844
8268,41.59590148925781
8269,45.8203010559082
8270,50.14423751831055
8271,32.168853759765625
8272,51.47061538696289
8273,31.204303741455078
8274,46.085750579833984
8275,47.964786529541016
8276,47.46039581298828
8277,38.64701843261719
8278,40.2679557800293
8279,75.49300384521484
8280,37.167449951171875
8281,32.032310485839844
8282,33.908958435058594
8283,48.41209030151367
8284,41.90316390991211
8285,43.086158752441406
8286,30.706710815429688
8287,44.756473541259766
8288,32.72556686401367
8289,53.7298698425293
8290,47.068946838378906
8291,34.335323333740234
8292,63.42346954345703
8293,36.54091262817383
8294,38.53827667236328
8295,32.99550247192383
8296,41.17066192626953
8297,35.786216735839844
8298,41.56667709350586
8299,45.81026840209961
8300,50.11982345581055
8301,32.153656005859375
8302,51.47745132446289
8303,31.19886016845703
8304,46.0619010925293
8305,47.94496536254883
8306,47.449188232421875
8307,38.62546157836914
8308,40.248374938964844
8309,75.50415802001953
8310,37.15424346923828
8311,32.02968215942383
8312,33.894989013671875
8313,48.399085998535156
8314,41.87547302246094
8315,43.081966400146484
8316,30.70048713684082
8317,44.74485397338867
8318,32.706932067871094
8319,53.73978042602539
8320,47.064697265625
8321,34.32244873046875
8322,63.40673065185547
8323,36.53293991088867
8324,38.523197174072266
8325,32.99564743041992
8326,41.16621398925781
8327,35.76729202270508
8328,41.5377082824707
8329,45.800174713134766
8330,50.09552764892578
8331,32.138458251953125
8332,51.484130859375
8333,31.193466186523438
8334,46.038047790527344
8335,47.92530822753906
8336,47.438087463378906
8337,38.604026794433594
8338,40.22883605957031
8339,75.51522064208984
8340,37.14104461669922
8341,32.02688217163086
8342,33.88106918334961
8343,48.38628387451172
8344,41.84770584106445
8345,43.077964782714844
8346,30.694095611572266
8347,44.73335266113281
8348,32.68828582763672
8349,53.749427795410156
8350,47.06044387817383
8351,34.309627532958984
8352,63.390174865722656
8353,36.525054931640625
8354,38.50804138183594
8355,32.99561309814453
8356,41.16181182861328
8357,35.74821853637695
8358,41.50890350341797
8359,45.7900505065918
8360,50.07140350341797
8361,32.12327575683594
8362,51.490577697753906
8363,31.188074111938477
8364,46.01423263549805
8365,47.905731201171875
8366,47.42709732055664
8367,38.58271026611328
8368,40.20926284790039
8369,75.52617645263672
8370,37.12788009643555
8371,32.023956298828125
8372,33.8671989440918
8373,48.37359619140625
8374,41.819908142089844
8375,43.07414627075195
8376,30.687589645385742
8377,44.72187805175781
8378,32.66963577270508
8379,53.75883865356445
8380,47.05629348754883
8381,34.29676055908203
8382,63.37370681762695
8383,36.51723098754883
8384,38.492862701416016
8385,32.99543380737305
8386,41.15752029418945
8387,35.72904586791992
8388,41.48024368286133
8389,45.77985382080078
8390,50.04737854003906
8391,32.10808181762695
8392,51.496856689453125
8393,31.182729721069336
8394,45.9903564453125
8395,47.88628005981445
8396,47.416255950927734
8397,38.561580657958984
8398,40.18974304199219
8399,75.53703308105469
8400,37.1147575378418
8401,32.02092361450195
8402,33.853363037109375
8403,48.36116027832031
8404,41.79201889038086
8405,43.0705680847168
8406,30.68098258972168
8407,44.71044921875
8408,32.650917053222656
8409,53.76795959472656
8410,47.05218505859375
8411,34.28386688232422
8412,63.35736846923828
8413,36.50947952270508
8414,38.47760009765625
8415,32.995140075683594
8416,41.15329360961914
8417,35.70976257324219
8418,41.451839447021484
8419,45.769630432128906
8420,50.023521423339844
8421,32.09294509887695
8422,51.50294876098633
8423,31.177387237548828
8424,45.966495513916016
8425,47.8669319152832
8426,47.40549850463867
8427,38.54054641723633
8428,40.17021179199219
8429,75.54779815673828
8430,37.10167694091797
8431,32.017738342285156
8432,33.83957290649414
8433,48.348819732666016
8434,41.764183044433594
8435,43.06711196899414
8436,30.67426109313965
8437,44.6990966796875
8438,32.63224411010742
8439,53.776878356933594
8440,47.048072814941406
8441,34.27096939086914
8442,63.34114456176758
8443,36.50177764892578
8444,38.46232986450195
8445,32.99467086791992
8446,41.14908981323242
8447,35.69041442871094
8448,41.42361068725586
8449,45.75933837890625
8450,49.999786376953125
8451,32.07777786254883
8452,51.5088996887207
8453,31.172039031982422
8454,45.94271469116211
8455,47.847782135009766
8456,47.394866943359375
8457,38.5196647644043
8458,40.15065383911133
8459,75.55856323242188
8460,37.08858871459961
8461,32.014373779296875
8462,33.825836181640625
8463,48.33670425415039
8464,41.736297607421875
8465,43.06380844116211
8466,30.667335510253906
8467,44.68777847290039
8468,32.61359405517578
8469,53.78559494018555
8470,47.04403305053711
8471,34.25804901123047
8472,63.32509231567383
8473,36.49420928955078
8474,38.44699478149414
8475,32.99407196044922
8476,41.14495849609375
8477,35.670928955078125
8478,41.39552688598633
8479,45.749046325683594
8480,49.9762077331543
8481,32.062618255615234
8482,51.51466369628906
8483,31.166748046875
8484,45.9189338684082
8485,47.828697204589844
8486,47.38434982299805
8487,38.49892044067383
8488,40.1310920715332
8489,75.56922149658203
8490,37.07556915283203
8491,32.01095962524414
8492,33.81212615966797
8493,48.324676513671875
8494,41.70845413208008
8495,43.060672760009766
8496,30.660337448120117
8497,44.67652130126953
8498,32.594913482666016
8499,53.794132232666016
8500,47.040016174316406
8501,34.245086669921875
8502,63.3091926574707
8503,36.48664093017578
8504,38.431640625
8505,32.993350982666016
8506,41.14087677001953
8507,35.651390075683594
8508,41.36765670776367
8509,45.73871612548828
8510,49.952781677246094
8511,32.0474853515625
8512,51.52027893066406
8513,31.161428451538086
8514,45.89513397216797
8515,47.80973815917969
8516,47.37398910522461
8517,38.4782600402832
8518,40.11155700683594
8519,75.5798568725586
8520,37.06257629394531
8521,32.007354736328125
8522,33.798465728759766
8523,48.31281280517578
8524,41.68059539794922
8525,43.057701110839844
8526,30.653234481811523
8527,44.665306091308594
8528,32.57622528076172
8529,53.80242156982422
8530,47.036048889160156
8531,34.2321891784668
8532,63.29338836669922
8533,36.479156494140625
8534,38.416236877441406
8535,32.99250793457031
8536,41.13688659667969
8537,35.63174057006836
8538,41.33998489379883
8539,45.728370666503906
8540,49.929443359375
8541,32.03236770629883
8542,51.52573776245117
8543,31.156108856201172
8544,45.87139129638672
8545,47.790870666503906
8546,47.36370086669922
8547,38.45777130126953
8548,40.0920295715332
8549,75.59040069580078
8550,37.049617767333984
8551,32.00369644165039
8552,33.78484344482422
8553,48.30109786987305
8554,41.65276336669922
8555,43.05482864379883
8556,30.64607048034668
8557,44.65413284301758
8558,32.55755615234375
8559,53.810489654541016
8560,47.0321044921875
8561,34.21928024291992
8562,63.27765655517578
8563,36.47177505493164
8564,38.40084457397461
8565,32.9915771484375
8566,41.132904052734375
8567,35.61206817626953
8568,41.312477111816406
8569,45.71796798706055
8570,49.90623474121094
8571,32.017242431640625
8572,51.53105545043945
8573,31.150798797607422
8574,45.84768295288086
8575,47.77219009399414
8576,47.353519439697266
8577,38.43739700317383
8578,40.072540283203125
8579,75.600830078125
8580,37.0367317199707
8581,31.999916076660156
8582,33.77130889892578
8583,48.289512634277344
8584,41.624935150146484
8585,43.0521240234375
8586,30.638822555541992
8587,44.64301300048828
8588,32.53886413574219
8589,53.81843185424805
8590,47.02818298339844
8591,34.20631790161133
8592,63.26204299926758
8593,36.4644660949707
8594,38.38536834716797
8595,32.99056625366211
8596,41.12898254394531
8597,35.592369079589844
8598,41.28513717651367
8599,45.70760726928711
8600,49.883174896240234
8601,32.00216293334961
8602,51.53627395629883
8603,31.14554214477539
8604,45.823970794677734
8605,47.75355911254883
8606,47.343406677246094
8607,38.41712951660156
8608,40.05303192138672
8609,75.6112060546875
8610,37.02384948730469
8611,31.99605369567871
8612,33.7578239440918
8613,48.277984619140625
8614,41.59714889526367
8615,43.04950714111328
8616,30.631481170654297
8617,44.63193130493164
8618,32.52019500732422
8619,53.82612609863281
8620,47.0242919921875
8621,34.19337463378906
8622,63.24652862548828
8623,36.45713806152344
8624,38.36991882324219
8625,32.98942947387695
8626,41.125144958496094
8627,35.57260513305664
8628,41.25798034667969
8629,45.69715881347656
8630,49.86021423339844
8631,31.987083435058594
8632,51.54128646850586
8633,31.140281677246094
8634,45.80031204223633
8635,47.73505783081055
8636,47.333431243896484
8637,38.39694595336914
8638,40.03356170654297
8639,75.62152862548828
8640,37.01102066040039
8641,31.99207878112793
8642,33.744354248046875
8643,48.2666015625
8644,41.56936264038086
8645,43.04703140258789
8646,30.6240291595459
8647,44.620906829833984
8648,32.501529693603516
8649,53.83367919921875
8650,47.020362854003906
8651,34.18046188354492
8652,63.231170654296875
8653,36.44994354248047
8654,38.354393005371094
8655,32.988189697265625
8656,41.12135696411133
8657,35.55278015136719
8658,41.230960845947266
8659,45.68675994873047
8660,49.837398529052734
8661,31.972034454345703
8662,51.546260833740234
8663,31.135042190551758
8664,45.776668548583984
8665,47.71664810180664
8666,47.323516845703125
8667,38.37691879272461
8668,40.014137268066406
8669,75.63175964355469
8670,36.99822998046875
8671,31.98805809020996
8672,33.7309455871582
8673,48.255367279052734
8674,41.54159927368164
8675,43.04462432861328
8676,30.616512298583984
8677,44.609920501708984
8678,32.482872009277344
8679,53.84104537963867
8680,47.01647186279297
8681,34.16752243041992
8682,63.21583938598633
8683,36.44273376464844
8684,38.33889389038086
8685,32.986900329589844
8686,41.117576599121094
8687,35.53291320800781
8688,41.20411682128906
8689,45.676326751708984
8690,49.814693450927734
8691,31.95700454711914
8692,51.55106735229492
8693,31.12981414794922
8694,45.753108978271484
8695,47.69841003417969
8696,47.31373596191406
8697,38.356998443603516
8698,39.994667053222656
8699,75.64201354980469
8700,36.98552703857422
8701,31.98394012451172
8702,33.717594146728516
8703,48.244178771972656
8704,41.513885498046875
8705,43.04238510131836
8706,30.608966827392578
8707,44.59901428222656
8708,32.4642219543457
8709,53.848304748535156
8710,47.01262664794922
8711,34.15460968017578
8712,63.20061492919922
8713,36.43560028076172
8714,38.3233528137207
8715,32.9854850769043
8716,41.11384582519531
8717,35.513031005859375
8718,41.177425384521484
8719,45.6658821105957
8720,49.792076110839844
8721,31.941980361938477
8722,51.55575942993164
8723,31.124582290649414
8724,45.729591369628906
8725,47.68018341064453
8726,47.30400466918945
8727,38.33716583251953
8728,39.97527313232422
8729,75.65219116210938
8730,36.972816467285156
8731,31.979772567749023
8732,33.70430374145508
8733,48.23308563232422
8734,41.4862174987793
8735,43.0401611328125
8736,30.601409912109375
8737,44.58810806274414
8738,32.445579528808594
8739,53.85538864135742
8740,47.008811950683594
8741,34.1417121887207
8742,63.18547821044922
8743,36.42853546142578
8744,38.307830810546875
8745,32.98410415649414
8746,41.11017990112305
8747,35.493194580078125
8748,41.15089797973633
8749,45.65547180175781
8750,49.76955795288086
8751,31.927038192749023
8752,51.5604133605957
8753,31.11937713623047
8754,45.70610427856445
8755,47.66207504272461
8756,47.29431915283203
8757,38.31743240356445
8758,39.95590591430664
8759,75.66226196289062
8760,36.96015167236328
8761,31.97556495666504
8762,33.69107437133789
8763,48.2220573425293
8764,41.458641052246094
8765,43.03802490234375
8766,30.59379768371582
8767,44.577239990234375
8768,32.42694091796875
8769,53.86229705810547
8770,47.00497817993164
8771,34.12882995605469
8772,63.17041778564453
8773,36.4215087890625
8774,38.29228591918945
8775,32.98262023925781
8776,41.10654830932617
8777,35.47333526611328
8778,41.1245231628418
8779,45.64502716064453
8780,49.74715042114258
8781,31.912086486816406
8782,51.564910888671875
8783,31.11420249938965
8784,45.68263244628906
8785,47.64406967163086
8786,47.284725189208984
8787,38.29781723022461
8788,39.936607360839844
8789,75.67221069335938
8790,36.94756317138672
8791,31.971343994140625
8792,33.67793273925781
8793,48.21110153198242
8794,41.43107223510742
8795,43.0360107421875
8796,30.586162567138672
8797,44.56644821166992
8798,32.40831756591797
8799,53.86906051635742
8800,47.00120544433594
8801,34.115997314453125
8802,63.15537643432617
8803,36.41453552246094
8804,38.27674102783203
8805,32.98107147216797
8806,41.1029167175293
8807,35.45349884033203
8808,41.098262786865234
8809,45.634613037109375
8810,49.724853515625
8811,31.897199630737305
8812,51.56935119628906
8813,31.109046936035156
8814,45.65925216674805
8815,47.626163482666016
8816,47.27520751953125
8817,38.278282165527344
8818,39.91732406616211
8819,75.6821517944336
8820,36.935001373291016
8821,31.967052459716797
8822,33.66484832763672
8823,48.200252532958984
8824,41.403594970703125
8825,43.03403091430664
8826,30.578510284423828
8827,44.555728912353516
8828,32.38971710205078
8829,53.875701904296875
8830,46.9974365234375
8831,34.10316848754883
8832,63.140411376953125
8833,36.40761184692383
8834,38.26123046875
8835,32.97955322265625
8836,41.09938049316406
8837,35.43365478515625
8838,41.07218551635742
8839,45.62416458129883
8840,49.70264434814453
8841,31.882339477539062
8842,51.57369613647461
8843,31.103904724121094
8844,45.635929107666016
8845,47.608280181884766
8846,47.265750885009766
8847,38.25883865356445
8848,39.898067474365234
8849,75.69197082519531
8850,36.92252731323242
8851,31.962751388549805
8852,33.651817321777344
8853,48.18947219848633
8854,41.37615203857422
8855,43.03214645385742
8856,30.570871353149414
8857,44.545005798339844
8858,32.37114715576172
8859,53.88222885131836
8860,46.993675231933594
8861,34.09040451049805
8862,63.125518798828125
8863,36.400753021240234
8864,38.24567794799805
8865,32.97795486450195
8866,41.095882415771484
8867,35.41386795043945
8868,41.046234130859375
8869,45.61374282836914
8870,49.68050765991211
8871,31.86750030517578
8872,51.57795715332031
8873,31.098764419555664
8874,45.612613677978516
8875,47.59054183959961
8876,47.25642013549805
8877,38.23953628540039
8878,39.878868103027344
8879,75.7017593383789
8880,36.910057067871094
8881,31.958398818969727
8882,33.63887405395508
8883,48.17870330810547
8884,41.34878921508789
8885,43.030269622802734
8886,30.563236236572266
8887,44.53432083129883
8888,32.35261917114258
8889,53.88862609863281
8890,46.98992156982422
8891,34.07759094238281
8892,63.11068344116211
8893,36.39389419555664
8894,38.23015213012695
8895,32.976314544677734
8896,41.09239959716797
8897,35.394046783447266
8898,41.02043533325195
8899,45.60340118408203
8900,49.65852355957031
8901,31.852664947509766
8902,51.58218002319336
8903,31.093677520751953
8904,45.58940887451172
8905,47.5728759765625
8906,47.24705123901367
8907,38.22026824951172
8908,39.8597297668457
8909,75.71146392822266
8910,36.897682189941406
8911,31.954065322875977
8912,33.62594223022461
8913,48.168052673339844
8914,41.32150650024414
8915,43.028480529785156
8916,30.555559158325195
8917,44.523746490478516
8918,32.33406066894531
8919,53.89493942260742
8920,46.98616409301758
8921,34.0648307800293
8922,63.095924377441406
8923,36.38711166381836
8924,38.214664459228516
8925,32.974609375
8926,41.0889778137207
8927,35.374271392822266
8928,40.9947509765625
8929,45.59299087524414
8930,49.636566162109375
8931,31.837909698486328
8932,51.58628845214844
8933,31.088592529296875
8934,45.56618881225586
8935,47.55528259277344
8936,47.23781204223633
8937,38.201148986816406
8938,39.84059143066406
8939,75.72117614746094
8940,36.88533020019531
8941,31.949657440185547
8942,33.61312484741211
8943,48.15745544433594
8944,41.29426193237305
8945,43.026798248291016
8946,30.54783058166504
8947,44.51311111450195
8948,32.31555938720703
8949,53.9011116027832
8950,46.98248291015625
8951,34.052093505859375
8952,63.081275939941406
8953,36.38037109375
8954,38.19914245605469
8955,32.9729118347168
8956,41.08558654785156
8957,35.35453414916992
8958,40.96921157836914
8959,45.58262634277344
8960,49.614749908447266
8961,31.823183059692383
8962,51.59030532836914
8963,31.08349609375
8964,45.5430793762207
8965,47.53779602050781
8966,47.22861099243164
8967,38.182090759277344
8968,39.82152557373047
8969,75.73080444335938
8970,36.873069763183594
8971,31.945205688476562
8972,33.60030746459961
8973,48.14691162109375
8974,41.267066955566406
8975,43.025108337402344
8976,30.540090560913086
8977,44.502586364746094
8978,32.297115325927734
8979,53.90723419189453
8980,46.97871780395508
8981,34.03939437866211
8982,63.066654205322266
8983,36.3736686706543
8984,38.18366241455078
8985,32.97116470336914
8986,41.082191467285156
8987,35.33478546142578
8988,40.943782806396484
8989,45.572261810302734
8990,49.59300231933594
8991,31.808481216430664
8992,51.594329833984375
8993,31.07845687866211
8994,45.520015716552734
8995,47.5203857421875
8996,47.21946716308594
8997,38.16311264038086
8998,39.80244827270508
8999,75.74039459228516
9000,36.860801696777344
9001,31.940767288208008
9002,33.58757400512695
9003,48.13643264770508
9004,41.2400016784668
9005,43.023502349853516
9006,30.53238296508789
9007,44.4920768737793
9008,32.27864456176758
9009,53.913204193115234
9010,46.97509002685547
9011,34.02669906616211
9012,63.052059173583984
9013,36.36701583862305
9014,38.168212890625
9015,32.96944046020508
9016,41.0788688659668
9017,35.31510925292969
9018,40.91849136352539
9019,45.56194305419922
9020,49.57134246826172
9021,31.79381561279297
9022,51.598262786865234
9023,31.073444366455078
9024,45.497013092041016
9025,47.50307083129883
9026,47.2104377746582
9027,38.14425277709961
9028,39.78346633911133
9029,75.74989318847656
9030,36.84860610961914
9031,31.936290740966797
9032,33.57490539550781
9033,48.12599182128906
9034,41.21293640136719
9035,43.02195739746094
9036,30.52461051940918
9037,44.48162841796875
9038,32.26025390625
9039,53.91914749145508
9040,46.971370697021484
9041,34.0140495300293
9042,63.03761291503906
9043,36.3603630065918
9044,38.15273666381836
9045,32.96763610839844
9046,41.075557708740234
9047,35.295440673828125
9048,40.893348693847656
9049,45.551605224609375
9050,49.5497932434082
9051,31.779176712036133
9052,51.60215377807617
9053,31.068424224853516
9054,45.474063873291016
9055,47.48580551147461
9056,47.20143127441406
9057,38.1254997253418
9058,39.76449966430664
9059,75.75939178466797
9060,36.836463928222656
9061,31.931808471679688
9062,33.56230545043945
9063,48.115562438964844
9064,41.186012268066406
9065,43.02043533325195
9066,30.516870498657227
9067,44.47117614746094
9068,32.24189376831055
9069,53.92500305175781
9070,46.967689514160156
9071,34.001441955566406
9072,63.023197174072266
9073,36.35380554199219
9074,38.137306213378906
9075,32.96580505371094
9076,41.072265625
9077,35.27577590942383
9078,40.868255615234375
9079,45.54131317138672
9080,49.52827453613281
9081,31.76458740234375
9082,51.60594177246094
9083,31.063457489013672
9084,45.451194763183594
9085,47.468650817871094
9086,47.19248962402344
9087,38.106754302978516
9088,39.74557876586914
9089,75.76883697509766
9090,36.824363708496094
9091,31.927288055419922
9092,33.54965591430664
9093,48.105224609375
9094,41.15915298461914
9095,43.018951416015625
9096,30.50905418395996
9097,44.46075439453125
9098,32.22357177734375
9099,53.930747985839844
9100,46.96403121948242
9101,33.98884582519531
9102,63.008872985839844
9103,36.34728240966797
9104,38.121883392333984
9105,32.963985443115234
9106,41.0689697265625
9107,35.256126403808594
9108,40.84334182739258
9109,45.5310173034668
9110,49.50693130493164
9111,31.750011444091797
9112,51.60969924926758
9113,31.058420181274414
9114,45.42839050292969
9115,47.45154571533203
9116,47.18360137939453
9117,38.088165283203125
9118,39.72670364379883
9119,75.77827453613281
9120,36.812347412109375
9121,31.922746658325195
9122,33.53718566894531
9123,48.09493637084961
9124,41.132347106933594
9125,43.017520904541016
9126,30.501251220703125
9127,44.450401306152344
9128,32.205322265625
9129,53.93647384643555
9130,46.96038055419922
9131,33.976261138916016
9132,62.99459457397461
9133,36.34077072143555
9134,38.10647201538086
9135,32.96209716796875
9136,41.065738677978516
9137,35.236549377441406
9138,40.8184928894043
9139,45.52079772949219
9140,49.48561477661133
9141,31.735492706298828
9142,51.61341094970703
9143,31.053476333618164
9144,45.40559387207031
9145,47.43450927734375
9146,47.174747467041016
9147,38.06967544555664
9148,39.7078857421875
9149,75.78765869140625
9150,36.80036163330078
9151,31.918193817138672
9152,33.52472686767578
9153,48.0847282409668
9154,41.10562515258789
9155,43.016151428222656
9156,30.493459701538086
9157,44.44004821777344
9158,32.187068939208984
9159,53.942081451416016
9160,46.956729888916016
9161,33.96372604370117
9162,62.98039627075195
9163,36.334346771240234
9164,38.091129302978516
9165,32.96025848388672
9166,41.062557220458984
9167,35.21700668334961
9168,40.79379653930664
9169,45.510581970214844
9170,49.464439392089844
9171,31.720991134643555
9172,51.6170654296875
9173,31.04857063293457
9174,45.382904052734375
9175,47.41761016845703
9176,47.166019439697266
9177,38.05119323730469
9178,39.689083099365234
9179,75.79698944091797
9180,36.788414001464844
9181,31.91363525390625
9182,33.51228713989258
9183,48.074493408203125
9184,41.07899856567383
9185,43.014808654785156
9186,30.485631942749023
9187,44.42978286743164
9188,32.16887283325195
9189,53.947608947753906
9190,46.95307922363281
9191,33.95121765136719
9192,62.96621322631836
9193,36.327938079833984
9194,38.07577896118164
9195,32.958335876464844
9196,41.05937957763672
9197,35.197509765625
9198,40.769222259521484
9199,45.50035858154297
9200,49.443275451660156
9201,31.70656394958496
9202,51.62068176269531
9203,31.043617248535156
9204,45.360260009765625
9205,47.40070343017578
9206,47.1572380065918
9207,38.032859802246094
9208,39.670345306396484
9209,75.80618286132812
9210,36.77651596069336
9211,31.9090518951416
9212,33.5
9213,48.064327239990234
9214,41.05244445800781
9215,43.01353073120117
9216,30.47789192199707
9217,44.41952896118164
9218,32.15061950683594
9219,53.9529914855957
9220,46.949432373046875
9221,33.93873977661133
9222,62.952049255371094
9223,36.32154083251953
9224,38.060401916503906
9225,32.956451416015625
9226,41.0562744140625
9227,35.17808151245117
9228,40.744781494140625
9229,45.49015808105469
9230,49.422203063964844
9231,31.692119598388672
9232,51.62419509887695
9233,31.038724899291992
9234,45.33768081665039
9235,47.383872985839844
9236,47.1485710144043
9237,38.01456832885742
9238,39.65169906616211
9239,75.8153305053711
9240,36.76469802856445
9241,31.904523849487305
9242,33.48774719238281
9243,48.05422592163086
9244,41.02592468261719
9245,43.012245178222656
9246,30.470115661621094
9247,44.409305572509766
9248,32.132450103759766
9249,53.9582405090332
9250,46.945804595947266
9251,33.92631530761719
9252,62.93793487548828
9253,36.31517028808594
9254,38.04506301879883
9255,32.95451736450195
9256,41.05316162109375
9257,35.15866470336914
9258,40.72050094604492
9259,45.479984283447266
9260,49.40122604370117
9261,31.677734375
9262,51.627620697021484
9263,31.033842086791992
9264,45.31514358520508
9265,47.36717987060547
9266,47.13991165161133
9267,37.99637222290039
9268,39.633056640625
9269,75.8243408203125
9270,36.7529411315918
9271,31.899932861328125
9272,33.4755744934082
9273,48.04414367675781
9274,40.9995231628418
9275,43.01103210449219
9276,30.462358474731445
9277,44.39912796020508
9278,32.114253997802734
9279,53.96339797973633
9280,46.94218826293945
9281,33.913875579833984
9282,62.92386245727539
9283,36.30886459350586
9284,38.02970504760742
9285,32.95259094238281
9286,41.050071716308594
9287,35.139259338378906
9288,40.6962890625
9289,45.469757080078125
9290,49.380313873291016
9291,31.66339111328125
9292,51.630985260009766
9293,31.028974533081055
9294,45.292667388916016
9295,47.35053253173828
9296,47.131351470947266
9297,37.97827911376953
9298,39.61444854736328
9299,75.83332061767578
9300,36.74117660522461
9301,31.895309448242188
9302,33.46344757080078
9303,48.03407287597656
9304,40.973182678222656
9305,43.00985336303711
9306,30.45462417602539
9307,44.389015197753906
9308,32.096099853515625
9309,53.96844482421875
9310,46.93857192993164
9311,33.901493072509766
9312,62.90984344482422
9313,36.3026008605957
9314,38.014408111572266
9315,32.95061492919922
9316,41.04706573486328
9317,35.119911193847656
9318,40.67224884033203
9319,45.45960998535156
9320,49.359527587890625
9321,31.649091720581055
9322,51.63430404663086
9323,31.024091720581055
9324,45.27021026611328
9325,47.33392333984375
9326,47.12277603149414
9327,37.96027374267578
9328,39.595890045166016
9329,75.84222412109375
9330,36.7294807434082
9331,31.89079475402832
9332,33.45140838623047
9333,48.024078369140625
9334,40.94692611694336
9335,43.00870132446289
9336,30.446880340576172
9337,44.37892532348633
9338,32.077972412109375
9339,53.9734001159668
9340,46.934967041015625
9341,33.88910675048828
9342,62.895896911621094
9343,36.296356201171875
9344,37.999061584472656
9345,32.94859313964844
9346,41.04405212402344
9347,35.10061264038086
9348,40.64834213256836
9349,45.44950485229492
9350,49.338783264160156
9351,31.634796142578125
9352,51.6375846862793
9353,31.019283294677734
9354,45.24784851074219
9355,47.317405700683594
9356,47.11429977416992
9357,37.94233322143555
9358,39.577388763427734
9359,75.85107421875
9360,36.71788024902344
9361,31.886131286621094
9362,33.43941116333008
9363,48.01408004760742
9364,40.920738220214844
9365,43.0075798034668
9366,30.439144134521484
9367,44.368839263916016
9368,32.059844970703125
9369,53.97822570800781
9370,46.93135070800781
9371,33.87678909301758
9372,62.88200759887695
9373,36.2901496887207
9374,37.98369598388672
9375,32.94659423828125
9376,41.04108810424805
9377,35.081321716308594
9378,40.624568939208984
9379,45.439353942871094
9380,49.31808853149414
9381,31.620576858520508
9382,51.64078903198242
9383,31.01442527770996
9384,45.22550964355469
9385,47.301002502441406
9386,47.10587692260742
9387,37.924503326416016
9388,39.55891036987305
9389,75.85987091064453
9390,36.70627212524414
9391,31.881479263305664
9392,33.427486419677734
9393,48.00420379638672
9394,40.894649505615234
9395,43.006492614746094
9396,30.431385040283203
9397,44.358829498291016
9398,32.04173278808594
9399,53.9830322265625
9400,46.92772674560547
9401,33.8645133972168
9402,62.86814498901367
9403,36.28398895263672
9404,37.96842575073242
9405,32.944576263427734
9406,41.038116455078125
9407,35.0621223449707
9408,40.60087966918945
9409,45.429264068603516
9410,49.29753494262695
9411,31.606369018554688
9412,51.6439208984375
9413,31.00963592529297
9414,45.20328140258789
9415,47.28467559814453
9416,47.09748458862305
9417,37.9067268371582
9418,39.54048156738281
9419,75.86859893798828
9420,36.694740295410156
9421,31.8768367767334
9422,33.41558074951172
9423,47.99430465698242
9424,40.868621826171875
9425,43.00546646118164
9426,30.423625946044922
9427,44.34880828857422
9428,32.02369689941406
9429,53.98771286010742
9430,46.924110412597656
9431,33.85221862792969
9432,62.854400634765625
9433,36.27788543701172
9434,37.95314407348633
9435,32.942501068115234
9436,41.035179138183594
9437,35.04291534423828
9438,40.577301025390625
9439,45.41915512084961
9440,49.277076721191406
9441,31.592159271240234
9442,51.64698791503906
9443,31.004812240600586
9444,45.18109130859375
9445,47.268367767333984
9446,47.08916473388672
9447,37.88904571533203
9448,39.52212142944336
9449,75.87728118896484
9450,36.68327331542969
9451,31.872215270996094
9452,33.403785705566406
9453,47.98444747924805
9454,40.842674255371094
9455,43.00446319580078
9456,30.415849685668945
9457,44.33885955810547
9458,32.00566482543945
9459,53.99232482910156
9460,46.920501708984375
9461,33.83993911743164
9462,62.84067916870117
9463,36.27175521850586
9464,37.93783950805664
9465,32.94044876098633
9466,41.03230285644531
9467,35.02372360229492
9468,40.553863525390625
9469,45.409122467041016
9470,49.25664520263672
9471,31.578041076660156
9472,51.65003204345703
9473,31.000038146972656
9474,45.15895462036133
9475,47.252201080322266
9476,47.08087921142578
9477,37.87146759033203
9478,39.5037956237793
9479,75.88592529296875
9480,36.671836853027344
9481,31.867555618286133
9482,33.392032623291016
9483,47.974647521972656
9484,40.816856384277344
9485,43.00346374511719
9486,30.40808868408203
9487,44.32895278930664
9488,31.987688064575195
9489,53.996849060058594
9490,46.91684341430664
9491,33.827720642089844
9492,62.82698440551758
9493,36.26573181152344
9494,37.92262649536133
9495,32.938350677490234
9496,41.02937316894531
9497,35.004615783691406
9498,40.53054428100586
9499,45.39910125732422
9500,49.23634719848633
9501,31.563926696777344
9502,51.65300750732422
9503,30.99526023864746
9504,45.13689422607422
9505,47.23604965209961
9506,47.072635650634766
9507,37.85395431518555
9508,39.48548126220703
9509,75.89453887939453
9510,36.66044616699219
9511,31.86286735534668
9512,33.38031005859375
9513,47.96481704711914
9514,40.791107177734375
9515,43.00251007080078
9516,30.40030860900879
9517,44.319034576416016
9518,31.969736099243164
9519,54.00132751464844
9520,46.91324234008789
9521,33.815513610839844
9522,62.81340408325195
9523,36.25968551635742
9524,37.907371520996094
9525,32.93625259399414
9526,41.026527404785156
9527,34.985538482666016
9528,40.507347106933594
9529,45.389076232910156
9530,49.21612548828125
9531,31.549854278564453
9532,51.65592575073242
9533,30.990480422973633
9534,45.11491775512695
9535,47.22000503540039
9536,47.06448745727539
9537,37.83653259277344
9538,39.46720504760742
9539,75.90308380126953
9540,36.64911651611328
9541,31.858131408691406
9542,33.368675231933594
9543,47.9550666809082
9544,40.765438079833984
9545,43.001609802246094
9546,30.392545700073242
9547,44.30915069580078
9548,31.951786041259766
9549,54.005714416503906
9550,46.90959548950195
9551,33.80339431762695
9552,62.79983901977539
9553,36.253719329833984
9554,37.89213943481445
9555,32.934112548828125
9556,41.0236701965332
9557,34.96649169921875
9558,40.4842529296875
9559,45.37911605834961
9560,49.195960998535156
9561,31.535865783691406
9562,51.65880584716797
9563,30.985706329345703
9564,45.09297180175781
9565,47.20401382446289
9566,47.05635070800781
9567,37.81916046142578
9568,39.448997497558594
9569,75.91156768798828
9570,36.6378059387207
9571,31.853435516357422
9572,33.35709762573242
9573,47.94537353515625
9574,40.739845275878906
9575,43.000694274902344
9576,30.384796142578125
9577,44.299320220947266
9578,31.93394660949707
9579,54.010032653808594
9580,46.905948638916016
9581,33.79124450683594
9582,62.786380767822266
9583,36.247779846191406
9584,37.8769416809082
9585,32.93198776245117
9586,41.02081298828125
9587,34.947532653808594
9588,40.46125793457031
9589,45.36918640136719
9590,49.17589569091797
9591,31.521821975708008
9592,51.661624908447266
9593,30.98097801208496
9594,45.07111358642578
9595,47.188106536865234
9596,47.04826354980469
9597,37.8018913269043
9598,39.43088912963867
9599,75.92005920410156
9600,36.62660217285156
9601,31.848770141601562
9602,33.34556579589844
9603,47.93564987182617
9604,40.71436309814453
9605,42.99980926513672
9606,30.376989364624023
9607,44.289527893066406
9608,31.916109085083008
9609,54.01433181762695
9610,46.90232467651367
9611,33.7791862487793
9612,62.772945404052734
9613,36.24184036254883
9614,37.861751556396484
9615,32.92985153198242
9616,41.01799392700195
9617,34.928611755371094
9618,40.438392639160156
9619,45.35926818847656
9620,49.15591049194336
9621,31.507888793945312
9622,51.6644287109375
9623,30.976276397705078
9624,45.04930877685547
9625,47.17227554321289
9626,47.04023361206055
9627,37.784725189208984
9628,39.41274642944336
9629,75.92842102050781
9630,36.61543273925781
9631,31.84404945373535
9632,33.33407974243164
9633,47.92596435546875
9634,40.68900680541992
9635,42.99898147583008
9636,30.36924171447754
9637,44.27976608276367
9638,31.89825439453125
9639,54.01850128173828
9640,46.898677825927734
9641,33.767086029052734
9642,62.75957489013672
9643,36.235992431640625
9644,37.846553802490234
9645,32.92770767211914
9646,41.01523208618164
9647,34.90971755981445
9648,40.41565704345703
9649,45.349365234375
9650,49.135982513427734
9651,31.49390411376953
9652,51.66716003417969
9653,30.9715576171875
9654,45.027587890625
9655,47.156497955322266
9656,47.03224563598633
9657,37.76759719848633
9658,39.39468765258789
9659,75.936767578125
9660,36.60429382324219
9661,31.839336395263672
9662,33.32268524169922
9663,47.91633605957031
9664,40.663692474365234
9665,42.99808883666992
9666,30.361469268798828
9667,44.27003479003906
9668,31.880477905273438
9669,54.02259826660156
9670,46.89501190185547
9671,33.75506591796875
9672,62.746212005615234
9673,36.23015213012695
9674,37.83145523071289
9675,32.92555618286133
9676,41.012447357177734
9677,34.89089584350586
9678,40.39300537109375
9679,45.33946990966797
9680,49.116146087646484
9681,31.48004150390625
9682,51.66987228393555
9683,30.966833114624023
9684,45.00591278076172
9685,47.14082336425781
9686,47.02426528930664
9687,37.75053787231445
9688,39.376686096191406
9689,75.94503021240234
9690,36.59321975708008
9691,31.83464813232422
9692,33.31135559082031
9693,47.906681060791016
9694,40.638484954833984
9695,42.997276306152344
9696,30.353734970092773
9697,44.26032257080078
9698,31.862747192382812
9699,54.0266227722168
9700,46.891361236572266
9701,33.74307632446289
9702,62.73295211791992
9703,36.22431182861328
9704,37.81631851196289
9705,32.92336654663086
9706,41.00968933105469
9707,34.87213134765625
9708,40.37046432495117
9709,45.329673767089844
9710,49.09638977050781
9711,31.46617317199707
9712,51.67251205444336
9713,30.962133407592773
9714,44.984283447265625
9715,47.12515640258789
9716,47.016395568847656
9717,37.73362731933594
9718,39.35872268676758
9719,75.95326232910156
9720,36.58221435546875
9721,31.829936981201172
9722,33.300079345703125
9723,47.89711380004883
9724,40.61341094970703
9725,42.996463775634766
9726,30.346023559570312
9727,44.25066375732422
9728,31.844993591308594
9729,54.03059387207031
9730,46.88767623901367
9731,33.731136322021484
9732,62.71966552734375
9733,36.218505859375
9734,37.801204681396484
9735,32.921207427978516
9736,41.006980895996094
9737,34.85343551635742
9738,40.348079681396484
9739,45.31986618041992
9740,49.07670593261719
9741,31.45236587524414
9742,51.675106048583984
9743,30.95746612548828
9744,44.962764739990234
9745,47.109580993652344
9746,47.008480072021484
9747,37.71672821044922
9748,39.340843200683594
9749,75.96142578125
9750,36.571231842041016
9751,31.825237274169922
9752,33.28885269165039
9753,47.88752746582031
9754,40.58839416503906
9755,42.995662689208984
9756,30.33832550048828
9757,44.24101638793945
9758,31.827312469482422
9759,54.03447723388672
9760,46.88401412963867
9761,33.71920394897461
9762,62.706504821777344
9763,36.21275329589844
9764,37.78612518310547
9765,32.9190559387207
9766,41.00425338745117
9767,34.83476257324219
9768,40.32578659057617
9769,45.310081481933594
9770,49.05713653564453
9771,31.438602447509766
9772,51.677642822265625
9773,30.952791213989258
9774,44.9412841796875
9775,47.094112396240234
9776,47.000701904296875
9777,37.69993209838867
9778,39.322975158691406
9779,75.9695816040039
9780,36.56034469604492
9781,31.820510864257812
9782,33.27767562866211
9783,47.877952575683594
9784,40.56349563598633
9785,42.99488830566406
9786,30.330554962158203
9787,44.23138427734375
9788,31.809690475463867
9789,54.038326263427734
9790,46.880306243896484
9791,33.707313537597656
9792,62.693389892578125
9793,36.207035064697266
9794,37.77106475830078
9795,32.91685485839844
9796,41.001564025878906
9797,34.816162109375
9798,40.30355453491211
9799,45.300323486328125
9800,49.0375862121582
9801,31.424823760986328
9802,51.680213928222656
9803,30.948144912719727
9804,44.91990661621094
9805,47.07872009277344
9806,46.99292755126953
9807,37.68321228027344
9808,39.305145263671875
9809,75.97769165039062
9810,36.549442291259766
9811,31.815813064575195
9812,33.26655197143555
9813,47.8684196472168
9814,40.538726806640625
9815,42.99412155151367
9816,30.322847366333008
9817,44.221805572509766
9818,31.7921085357666
9819,54.04214859008789
9820,46.876617431640625
9821,33.69544219970703
9822,62.68032455444336
9823,36.20137023925781
9824,37.756038665771484
9825,32.9146728515625
9826,40.9989013671875
9827,34.79763412475586
9828,40.2815055847168
9829,45.290626525878906
9830,49.01814651489258
9831,31.411108016967773
9832,51.68265914916992
9833,30.9434871673584
9834,44.89857864379883
9835,47.06334686279297
9836,46.98517990112305
9837,37.666568756103516
9838,39.28740692138672
9839,75.98577117919922
9840,36.53862762451172
9841,31.811134338378906
9842,33.25550842285156
9843,47.85890579223633
9844,40.513999938964844
9845,42.99335861206055
9846,30.315156936645508
9847,44.21227264404297
9848,31.774560928344727
9849,54.04585647583008
9850,46.87295150756836
9851,33.68366241455078
9852,62.667327880859375
9853,36.195716857910156
9854,37.74100112915039
9855,32.91248321533203
9856,40.996219635009766
9857,34.77909469604492
9858,40.25952911376953
9859,45.280948638916016
9860,48.998783111572266
9861,31.397445678710938
9862,51.68508529663086
9863,30.93886947631836
9864,44.87732696533203
9865,47.048099517822266
9866,46.97751998901367
9867,37.6500358581543
9868,39.269718170166016
9869,75.99378204345703
9870,36.527896881103516
9871,31.806379318237305
9872,33.244510650634766
9873,47.849422454833984
9874,40.48941421508789
9875,42.99259567260742
9876,30.307464599609375
9877,44.20277404785156
9878,31.757022857666016
9879,54.04954528808594
9880,46.86920928955078
9881,33.6718864440918
9882,62.65431213378906
9883,36.190086364746094
9884,37.72602844238281
9885,32.910274505615234
9886,40.9935302734375
9887,34.76070785522461
9888,40.23766326904297
9889,45.27130889892578
9890,48.97949981689453
9891,31.383825302124023
9892,51.687503814697266
9893,30.93424415588379
9894,44.85615921020508
9895,47.03291320800781
9896,46.96990203857422
9897,37.63352584838867
9898,39.252071380615234
9899,76.001708984375
9900,36.51716232299805
9901,31.801719665527344
9902,33.23354721069336
9903,47.839935302734375
9904,40.464908599853516
9905,42.99187469482422
9906,30.299774169921875
9907,44.19328689575195
9908,31.73954963684082
9909,54.053131103515625
9910,46.86549758911133
9911,33.66014099121094
9912,62.64143371582031
9913,36.184471130371094
9914,37.71109390258789
9915,32.90810012817383
9916,40.990901947021484
9917,34.742286682128906
9918,40.215938568115234
9919,45.261680603027344
9920,48.96030044555664
9921,31.370229721069336
9922,51.68989181518555
9923,30.929611206054688
9924,44.835044860839844
9925,47.01775360107422
9926,46.962257385253906
9927,37.61712646484375
9928,39.23443603515625
9929,76.0096435546875
9930,36.506500244140625
9931,31.79697608947754
9932,33.22269058227539
9933,47.8304557800293
9934,40.44048309326172
9935,42.99113845825195
9936,30.29210090637207
9937,44.183815002441406
9938,31.722143173217773
9939,54.05669403076172
9940,46.86179733276367
9941,33.64839172363281
9942,62.62855911254883
9943,36.17890930175781
9944,37.69615173339844
9945,32.90586853027344
9946,40.9882926940918
9947,34.72400665283203
9948,40.194244384765625
9949,45.25209045410156
9950,48.94118118286133
9951,31.356693267822266
9952,51.69221878051758
9953,30.925029754638672
9954,44.81398391723633
9955,47.00271224975586
9956,46.9547004699707
9957,37.600799560546875
9958,39.21687698364258
9959,76.01751708984375
9960,36.49587631225586
9961,31.792274475097656
9962,33.21187210083008
9963,47.82099914550781
9964,40.41620635986328
9965,42.99040985107422
9966,30.284395217895508
9967,44.174400329589844
9968,31.704740524291992
9969,54.06020736694336
9970,46.858036041259766
9971,33.636741638183594
9972,62.61572265625
9973,36.173397064208984
9974,37.681243896484375
9975,32.9036979675293
9976,40.98566818237305
9977,34.705745697021484
9978,40.17272186279297
9979,45.24258041381836
9980,48.922115325927734
9981,31.343156814575195
9982,51.6944694519043
9983,30.920429229736328
9984,44.79304504394531
9985,46.98768997192383
9986,46.94718933105469
9987,37.58457565307617
9988,39.19934844970703
9989,76.02531433105469
9990,36.485313415527344
9991,31.78752899169922
9992,33.20108413696289
9993,47.81161880493164
9994,40.39202117919922
9995,42.98971939086914
9996,30.27671241760254
9997,44.165000915527344
9998,31.687419891357422
9999,54.06362533569336
10000,46.85432434082031
10001,33.62509536743164
10002,62.60300064086914
10003,36.16790008544922
10004,37.666343688964844
10005,32.90143966674805
10006,40.983055114746094
10007,34.68756103515625
10008,40.151283264160156
10009,45.233036041259766
10010,48.90315246582031
10011,31.32968521118164
10012,51.696720123291016
10013,30.915863037109375
10014,44.772151947021484
10015,46.972740173339844
10016,46.93971633911133
10017,37.56837844848633
10018,39.181888580322266
10019,76.0330810546875
10020,36.474815368652344
10021,31.782867431640625
10022,33.19040298461914
10023,47.80223083496094
10024,40.36788558959961
10025,42.9890251159668
10026,30.269113540649414
10027,44.155601501464844
10028,31.670076370239258
10029,54.06700134277344
10030,46.85057830810547
10031,33.61350631713867
10032,62.59027099609375
10033,36.16240310668945
10034,37.651519775390625
10035,32.89926528930664
10036,40.980525970458984
10037,34.669410705566406
10038,40.12997817993164
10039,45.2235221862793
10040,48.88424301147461
10041,31.316255569458008
10042,51.698944091796875
10043,30.91128158569336
10044,44.75129699707031
10045,46.9578742980957
10046,46.93226623535156
10047,37.552276611328125
10048,39.164493560791016
10049,76.040771484375
10050,36.4643440246582
10051,31.778167724609375
10052,33.17976760864258
10053,47.79285430908203
10054,40.34390640258789
10055,42.98832702636719
10056,30.261476516723633
10057,44.146278381347656
10058,31.652841567993164
10059,54.0703239440918
10060,46.846839904785156
10061,33.6019287109375
10062,62.57757568359375
10063,36.156959533691406
10064,37.63669967651367
10065,32.89704513549805
10066,40.977970123291016
10067,34.65135192871094
10068,40.10875701904297
10069,45.21406173706055
10070,48.865482330322266
10071,31.302814483642578
10072,51.701080322265625
10073,30.90672492980957
10074,44.73052978515625
10075,46.94307327270508
10076,46.924861907958984
10077,37.5362434387207
10078,39.147159576416016
10079,76.04842376708984
10080,36.45392608642578
10081,31.77349090576172
10082,33.16917037963867
10083,47.78342819213867
10084,40.31997299194336
10085,42.9876708984375
10086,30.253854751586914
10087,44.13698196411133
10088,31.635618209838867
10089,54.07358169555664
10090,46.843048095703125
10091,33.59040451049805
10092,62.56490707397461
10093,36.151554107666016
10094,37.62189483642578
10095,32.89482498168945
10096,40.97541427612305
10097,34.63333511352539
10098,40.087669372558594
10099,45.20466995239258
10100,48.846702575683594
10101,31.28946876525879
10102,51.70321273803711
10103,30.902189254760742
10104,44.70983123779297
10105,46.9283447265625
10106,46.9174919128418
10107,37.52029800415039
10108,39.12985610961914
10109,76.05601501464844
10110,36.44356155395508
10111,31.768814086914062
10112,33.15864181518555
10113,47.77410125732422
10114,40.29619216918945
10115,42.986976623535156
10116,30.24629783630371
10117,44.1276969909668
10118,31.6184139251709
10119,54.0767936706543
10120,46.839298248291016
10121,33.578922271728516
10122,62.5523567199707
10123,36.14617156982422
10124,37.60709762573242
10125,32.89265441894531
10126,40.97289276123047
10127,34.615394592285156
10128,40.06666564941406
10129,45.195247650146484
10130,48.827999114990234
10131,31.276182174682617
10132,51.705299377441406
10133,30.897659301757812
10134,44.68921661376953
10135,46.91364288330078
10136,46.910160064697266
10137,37.50444030761719
10138,39.112640380859375
10139,76.06352996826172
10140,36.43326187133789
10141,31.76416778564453
10142,33.14820098876953
10143,47.76476287841797
10144,40.27248001098633
10145,42.98630905151367
10146,30.238744735717773
10147,44.11848068237305
10148,31.601274490356445
10149,54.0799446105957
10150,46.8355712890625
10151,33.5674934387207
10152,62.539791107177734
10153,36.14082717895508
10154,37.592376708984375
10155,32.89043426513672
10156,40.97037887573242
10157,34.59754180908203
10158,40.045772552490234
10159,45.185916900634766
10160,48.809410095214844
10161,31.262880325317383
10162,51.70735549926758
10163,30.893159866333008
10164,44.66866683959961
10165,46.89902114868164
10166,46.902854919433594
10167,37.488609313964844
10168,39.095428466796875
10169,76.07100677490234
10170,36.423030853271484
10171,31.7595157623291
10172,33.13774490356445
10173,47.75543975830078
10174,40.24888610839844
10175,42.98564147949219
10176,30.231176376342773
10177,44.10927200317383
10178,31.58416748046875
10179,54.083038330078125
10180,46.83176040649414
10181,33.55606460571289
10182,62.52730941772461
10183,36.1354866027832
10184,37.57765197753906
10185,32.888214111328125
10186,40.96785354614258
10187,34.579681396484375
10188,40.02497863769531
10189,45.176570892333984
10190,48.79087448120117
10191,31.249652862548828
10192,51.70939636230469
10193,30.888639450073242
10194,44.648193359375
10195,46.88447189331055
10196,46.89560317993164
10197,37.47291564941406
10198,39.07829284667969
10199,76.07852935791016
10200,36.41280746459961
10201,31.754806518554688
10202,33.12736892700195
10203,47.74615478515625
10204,40.22539520263672
10205,42.984989166259766
10206,30.223569869995117
10207,44.10007858276367
10208,31.567119598388672
10209,54.086124420166016
10210,46.827980041503906
10211,33.54469680786133
10212,62.51491928100586
10213,36.130210876464844
10214,37.56298828125
10215,32.88600540161133
10216,40.96537399291992
10217,34.561920166015625
10218,40.0042724609375
10219,45.16729736328125
10220,48.772422790527344
10221,31.23646354675293
10222,51.711402893066406
10223,30.88414192199707
10224,44.6278190612793
10225,46.87004470825195
10226,46.888397216796875
10227,37.457275390625
10228,39.06121063232422
10229,76.08597564697266
10230,36.40264129638672
10231,31.75013542175293
10232,33.117088317871094
10233,47.736881256103516
10234,40.20204544067383
10235,42.984352111816406
10236,30.215965270996094
10237,44.09092330932617
10238,31.5501651763916
10239,54.089168548583984
10240,46.82414627075195
10241,33.533363342285156
10242,62.502586364746094
10243,36.12492370605469
10244,37.54834747314453
10245,32.88377380371094
10246,40.962890625
10247,34.54422378540039
10248,39.983726501464844
10249,45.15804672241211
10250,48.75409698486328
10251,31.2232723236084
10252,51.713375091552734
10253,30.879655838012695
10254,44.607505798339844
10255,46.855674743652344
10256,46.88124465942383
10257,37.44175338745117
10258,39.04417419433594
10259,76.0933837890625
10260,36.392520904541016
10261,31.74545669555664
10262,33.106807708740234
10263,47.727622985839844
10264,40.17878723144531
10265,42.983707427978516
10266,30.208385467529297
10267,44.08176803588867
10268,31.533252716064453
10269,54.09215545654297
10270,46.820343017578125
10271,33.52207946777344
10272,62.49027633666992
10273,36.11968231201172
10274,37.53374099731445
10275,32.88151168823242
10276,40.96042251586914
10277,34.52659225463867
10278,39.96324920654297
10279,45.14885330200195
10280,48.73583221435547
10281,31.210145950317383
10282,51.715232849121094
10283,30.875150680541992
10284,44.58728790283203
10285,46.841339111328125
10286,46.874149322509766
10287,37.42626953125
10288,39.02719497680664
10289,76.10073852539062
10290,36.38248062133789
10291,31.740724563598633
10292,33.096622467041016
10293,47.7183952331543
10294,40.15562438964844
10295,42.98306655883789
10296,30.200849533081055
10297,44.07268142700195
10298,31.51637840270996
10299,54.09505844116211
10300,46.81652069091797
10301,33.51082992553711
10302,62.47802734375
10303,36.1144905090332
10304,37.51915740966797
10305,32.87932586669922
10306,40.957977294921875
10307,34.5090217590332
10308,39.94285583496094
10309,45.13963317871094
10310,48.71763610839844
10311,31.197057723999023
10312,51.71709442138672
10313,30.87071418762207
10314,44.567161560058594
10315,46.827083587646484
10316,46.86701583862305
10317,37.410892486572266
10318,39.01027297973633
10319,76.10801696777344
10320,36.372493743896484
10321,31.736068725585938
10322,33.086456298828125
10323,47.70915985107422
10324,40.13259506225586
10325,42.982425689697266
10326,30.193294525146484
10327,44.06360626220703
10328,31.499589920043945
10329,54.09794235229492
10330,46.812705993652344
10331,33.49959945678711
10332,62.46587371826172
10333,36.10930633544922
10334,37.5046272277832
10335,32.87710189819336
10336,40.95552444458008
10337,34.49151611328125
10338,39.9226188659668
10339,45.13050842285156
10340,48.69953918457031
10341,31.18404197692871
10342,51.71896743774414
10343,30.866220474243164
10344,44.54706573486328
10345,46.812931060791016
10346,46.860008239746094
10347,37.39556884765625
10348,38.9934196472168
10349,76.11530303955078
10350,36.362518310546875
10351,31.731374740600586
10352,33.0764045715332
10353,47.69998550415039
10354,40.10966873168945
10355,42.981781005859375
10356,30.185773849487305
10357,44.054603576660156
10358,31.4827938079834
10359,54.100738525390625
10360,46.80884552001953
10361,33.48843765258789
10362,62.453758239746094
10363,36.104148864746094
10364,37.49009704589844
10365,32.87485885620117
10366,40.95310974121094
10367,34.47410202026367
10368,39.90248489379883
10369,45.12137985229492
10370,48.681495666503906
10371,31.17104148864746
10372,51.720741271972656
10373,30.86176109313965
10374,44.52705001831055
10375,46.79882049560547
10376,46.85297775268555
10377,37.38032531738281
10378,38.97661209106445
10379,76.12246704101562
10380,36.35263442993164
10381,31.726734161376953
10382,33.06637954711914
10383,47.69078063964844
10384,40.08683776855469
10385,42.981163024902344
10386,30.178247451782227
10387,44.04560089111328
10388,31.466032028198242
10389,54.10348892211914
10390,46.804996490478516
10391,33.477294921875
10392,62.441654205322266
10393,36.09905242919922
10394,37.47563552856445
10395,32.872642517089844
10396,40.95064926147461
10397,34.456748962402344
10398,39.882476806640625
10399,45.112327575683594
10400,48.663570404052734
10401,31.15808868408203
10402,51.722511291503906
10403,30.85730743408203
10404,44.50718688964844
10405,46.784759521484375
10406,46.845977783203125
10407,37.36518478393555
10408,38.9598503112793
10409,76.12960815429688
10410,36.34279251098633
10411,31.722091674804688
10412,33.056392669677734
10413,47.68159484863281
10414,40.06414031982422
10415,42.980499267578125
10416,30.170717239379883
10417,44.03664016723633
10418,31.44940757751465
10419,54.106170654296875
10420,46.80113220214844
10421,33.46622848510742
10422,62.429630279541016
10423,36.09395217895508
10424,37.461151123046875
10425,32.87041091918945
10426,40.94824981689453
10427,34.439430236816406
10428,39.86256790161133
10429,45.103271484375
10430,48.645729064941406
10431,31.14517593383789
10432,51.7242431640625
10433,30.852872848510742
10434,44.48728561401367
10435,46.770774841308594
10436,46.83907699584961
10437,37.35009765625
10438,38.94318771362305
10439,76.13671112060547
10440,36.333011627197266
10441,31.71739387512207
10442,33.046485900878906
10443,47.67242431640625
10444,40.04151916503906
10445,42.979888916015625
10446,30.16324234008789
10447,44.02766036987305
10448,31.432785034179688
10449,54.10888671875
10450,46.79724884033203
10451,33.45515060424805
10452,62.41765594482422
10453,36.088897705078125
10454,37.44674301147461
10455,32.868167877197266
10456,40.94582748413086
10457,34.42219543457031
10458,39.84276580810547
10459,45.094268798828125
10460,48.627899169921875
10461,31.132320404052734
10462,51.72591781616211
10463,30.848459243774414
10464,44.4675407409668
10465,46.75689697265625
10466,46.832157135009766
10467,37.33510971069336
10468,38.926544189453125
10469,76.14372253417969
10470,36.32325744628906
10471,31.712759017944336
10472,33.03664016723633
10473,47.66329574584961
10474,40.01902770996094
10475,42.9792594909668
10476,30.1557559967041
10477,44.01873779296875
10478,31.416202545166016
10479,54.11144256591797
10480,46.79338073730469
10481,33.444149017333984
10482,62.405731201171875
10483,36.08385467529297
10484,37.43233871459961
10485,32.86587905883789
10486,40.94343185424805
10487,34.40501403808594
10488,39.823081970214844
10489,45.08526611328125
10490,48.61021041870117
10491,31.119470596313477
10492,51.727561950683594
10493,30.844026565551758
10494,44.447845458984375
10495,46.743045806884766
10496,46.82529067993164
10497,37.32016372680664
10498,38.90993118286133
10499,76.15072631835938
10500,36.313560485839844
10501,31.70805549621582
10502,33.026790618896484
10503,47.65420150756836
10504,39.99664306640625
10505,42.97863006591797
10506,30.148225784301758
10507,44.009849548339844
10508,31.39968490600586
10509,54.11399841308594
10510,46.78943634033203
10511,33.43315887451172
10512,62.39384841918945
10513,36.078853607177734
10514,37.418006896972656
10515,32.8636589050293
10516,40.94102478027344
10517,34.38792419433594
10518,39.80347442626953
10519,45.07633972167969
10520,48.59258270263672
10521,31.106691360473633
10522,51.7291374206543
10523,30.839637756347656
10524,44.42823791503906
10525,46.72929382324219
10526,46.818485260009766
10527,37.3053092956543
10528,38.89337921142578
10529,76.15769958496094
10530,36.30390167236328
10531,31.70339584350586
10532,33.017024993896484
10533,47.64509582519531
10534,39.974361419677734
10535,42.978004455566406
10536,30.140731811523438
10537,44.000972747802734
10538,31.383201599121094
10539,54.116519927978516
10540,46.78554916381836
10541,33.4222412109375
10542,62.382049560546875
10543,36.0738639831543
10544,37.403656005859375
10545,32.86140823364258
10546,40.93865203857422
10547,34.37085723876953
10548,39.78398895263672
10549,45.06745529174805
10550,48.575035095214844
10551,31.093914031982422
10552,51.730674743652344
10553,30.835201263427734
10554,44.408695220947266
10555,46.71560287475586
10556,46.81171417236328
10557,37.290565490722656
10558,38.87690353393555
10559,76.16458892822266
10560,36.294315338134766
10561,31.69872283935547
10562,33.00733184814453
10563,47.63600540161133
10564,39.95220947265625
10565,42.977413177490234
10566,30.133272171020508
10567,43.99216079711914
10568,31.366819381713867
10569,54.11896514892578
10570,46.7816276550293
10571,33.411346435546875
10572,62.37028121948242
10573,36.06893539428711
10574,37.38938903808594
10575,32.85912322998047
10576,40.9362907409668
10577,34.353858947753906
10578,39.764610290527344
10579,45.05855941772461
10580,48.55757522583008
10581,31.081207275390625
10582,51.73222351074219
10583,30.83082389831543
10584,44.38924026489258
10585,46.70195770263672
10586,46.80497741699219
10587,37.27587890625
10588,38.860477447509766
10589,76.17143249511719
10590,36.28476333618164
10591,31.694034576416016
10592,32.997684478759766
10593,47.62692642211914
10594,39.93014907836914
10595,42.97678756713867
10596,30.125776290893555
10597,43.98332977294922
10598,31.35043716430664
10599,54.12137222290039
10600,46.77766418457031
10601,33.400489807128906
10602,62.35859298706055
10603,36.06401443481445
10604,37.37513732910156
10605,32.856868743896484
10606,40.93391036987305
10607,34.33694076538086
10608,39.74528503417969
10609,45.04972839355469
10610,48.54019546508789
10611,31.068540573120117
10612,51.73368835449219
10613,30.82642936706543
10614,44.36985778808594
10615,46.688385009765625
10616,46.79825210571289
10617,37.26131820678711
10618,38.84410095214844
10619,76.17826080322266
10620,36.27522277832031
10621,31.689319610595703
10622,32.98810958862305
10623,47.61787033081055
10624,39.908203125
10625,42.9761962890625
10626,30.118289947509766
10627,43.97452926635742
10628,31.334163665771484
10629,54.123722076416016
10630,46.77376937866211
10631,33.38967514038086
10632,62.34695053100586
10633,36.059120178222656
10634,37.36091232299805
10635,32.854576110839844
10636,40.931583404541016
10637,34.32005310058594
10638,39.72612762451172
10639,45.04091262817383
10640,48.52287673950195
10641,31.055932998657227
10642,51.73508071899414
10643,30.822038650512695
10644,44.35055923461914
10645,46.6749153137207
10646,46.79158401489258
10647,37.246788024902344
10648,38.82780075073242
10649,76.18498992919922
10650,36.265769958496094
10651,31.68463134765625
10652,32.978538513183594
10653,47.60884475708008
10654,39.88632583618164
10655,42.97562789916992
10656,30.11083221435547
10657,43.96577835083008
10658,31.317903518676758
10659,54.12599182128906
10660,46.76981735229492
10661,33.37889099121094
10662,62.335357666015625
10663,36.054237365722656
10664,37.346702575683594
10665,32.8522834777832
10666,40.92924880981445
10667,34.30328369140625
10668,39.70705795288086
10669,45.03212356567383
10670,48.50566101074219
10671,31.04330825805664
10672,51.736488342285156
10673,30.817663192749023
10674,44.331336975097656
10675,46.66147232055664
10676,46.784915924072266
10677,37.23233413696289
10678,38.811527252197266
10679,76.191650390625
10680,36.256385803222656
10681,31.679922103881836
10682,32.96904754638672
10683,47.5998420715332
10684,39.864601135253906
10685,42.97499465942383
10686,30.103389739990234
10687,43.95709228515625
10688,31.30172348022461
10689,54.12822341918945
10690,46.76583480834961
10691,33.3681526184082
10692,62.32380676269531
10693,36.049400329589844
10694,37.3325309753418
10695,32.85000228881836
10696,40.92691421508789
10697,34.28653335571289
10698,39.6881103515625
10699,45.02336883544922
10700,48.48849868774414
10701,31.03076934814453
10702,51.73783874511719
10703,30.81329345703125
10704,44.31218338012695
10705,46.648094177246094
10706,46.77833938598633
10707,37.21795654296875
10708,38.7952995300293
10709,76.19827270507812
10710,36.247013092041016
10711,31.675291061401367
10712,32.95964813232422
10713,47.5908203125
10714,39.84294128417969
10715,42.97441482543945
10716,30.09596061706543
10717,43.948387145996094
10718,31.285547256469727
10719,54.13037109375
10720,46.76188278198242
10721,33.357452392578125
10722,62.31228256225586
10723,36.0445556640625
10724,37.318397521972656
10725,32.84770965576172
10726,40.92456817626953
10727,34.26987075805664
10728,39.66925811767578
10729,45.01462173461914
10730,48.47142028808594
10731,31.018274307250977
10732,51.739131927490234
10733,30.80894660949707
10734,44.2930908203125
10735,46.634796142578125
10736,46.7717399597168
10737,37.20367431640625
10738,38.7791633605957
10739,76.20479583740234
10740,36.23768997192383
10741,31.670642852783203
10742,32.950225830078125
10743,47.581825256347656
10744,39.8213996887207
10745,42.97383499145508
10746,30.088560104370117
10747,43.93970489501953
10748,31.269437789916992
10749,54.13247299194336
10750,46.75788497924805
10751,33.3468132019043
10752,62.300804138183594
10753,36.03978729248047
10754,37.30431365966797
10755,32.84543991088867
10756,40.92226791381836
10757,34.253334045410156
10758,39.65053176879883
10759,45.00593948364258
10760,48.45441818237305
10761,31.00580596923828
10762,51.74040222167969
10763,30.804555892944336
10764,44.27408218383789
10765,46.62152099609375
10766,46.76514434814453
10767,37.189453125
10768,38.7630729675293
10769,76.21125793457031
10770,36.228431701660156
10771,31.66594696044922
10772,32.94093322753906
10773,47.57284927368164
10774,39.799983978271484
10775,42.97316360473633
10776,30.08119010925293
10777,43.93107604980469
10778,31.253387451171875
10779,54.134517669677734
10780,46.753963470458984
10781,33.33617401123047
10782,62.28935241699219
10783,36.03501510620117
10784,37.29025650024414
10785,32.8431510925293
10786,40.91997146606445
10787,34.23683166503906
10788,39.63186264038086
10789,44.997249603271484
10790,48.43748092651367
10791,30.993391036987305
10792,51.741600036621094
10793,30.800233840942383
10794,44.25516128540039
10795,46.60837173461914
10796,46.758644104003906
10797,37.17527770996094
10798,38.74702835083008
10799,76.21768951416016
10800,36.2192268371582
10801,31.66128158569336
10802,32.93165588378906
10803,47.563899993896484
10804,39.77864456176758
10805,42.97258377075195
10806,30.073801040649414
10807,43.92247009277344
10808,31.237401962280273
10809,54.13655471801758
10810,46.74995803833008
10811,33.325584411621094
10812,62.27796936035156
10813,36.03026580810547
10814,37.27621841430664
10815,32.84084701538086
10816,40.917694091796875
10817,34.220333099365234
10818,39.61333084106445
10819,44.98862075805664
10820,48.420623779296875
10821,30.981019973754883
10822,51.742801666259766
10823,30.795875549316406
10824,44.23628616333008
10825,46.59522247314453
10826,46.75211715698242
10827,37.16124725341797
10828,38.73106384277344
10829,76.22402954101562
10830,36.21004867553711
10831,31.656627655029297
10832,32.92244338989258
10833,47.55495834350586
10834,39.75747299194336
10835,42.971954345703125
10836,30.066429138183594
10837,43.913856506347656
10838,31.221446990966797
10839,54.13849639892578
10840,46.74595642089844
10841,33.31508255004883
10842,62.26667404174805
10843,36.025535583496094
10844,37.26226043701172
10845,32.83855056762695
10846,40.91538619995117
10847,34.203983306884766
10848,39.594905853271484
10849,44.98002243041992
10850,48.403865814208984
10851,30.968664169311523
10852,51.74394607543945
10853,30.791580200195312
10854,44.21753692626953
10855,46.582176208496094
10856,46.74565124511719
10857,37.14726257324219
10858,38.715118408203125
10859,76.23036193847656
10860,36.200923919677734
10861,31.651947021484375
10862,32.913272857666016
10863,47.546024322509766
10864,39.73633575439453
10865,42.97135925292969
10866,30.059078216552734
10867,43.90531539916992
10868,31.205530166625977
10869,54.14036178588867
10870,46.74195861816406
10871,33.304569244384766
10872,62.255313873291016
10873,36.020851135253906
10874,37.24827194213867
10875,32.836265563964844
10876,40.91307067871094
10877,34.18765640258789
10878,39.57655715942383
10879,44.97146224975586
10880,48.38714599609375
10881,30.956384658813477
10882,51.74504470825195
10883,30.7872371673584
10884,44.19882583618164
10885,46.569210052490234
10886,46.73921585083008
10887,37.133331298828125
10888,38.69926834106445
10889,76.23658752441406
10890,36.19187545776367
10891,31.64729118347168
10892,32.90419006347656
10893,47.53710174560547
10894,39.71539306640625
10895,42.97078323364258
10896,30.051755905151367
10897,43.89680099487305
10898,31.18968963623047
10899,54.1422004699707
10900,46.73796081542969
10901,33.29412078857422
10902,62.24406433105469
10903,36.01618576049805
10904,37.234336853027344
10905,32.8339729309082
10906,40.910850524902344
10907,34.17142868041992
10908,39.558353424072266
10909,44.96289825439453
10910,48.370506286621094
10911,30.944095611572266
10912,51.74614334106445
10913,30.782957077026367
10914,44.1801872253418
10915,46.55626678466797
10916,46.732784271240234
10917,37.11946487426758
10918,38.6834602355957
10919,76.24275207519531
10920,36.182830810546875
10921,31.642667770385742
10922,32.89514923095703
10923,47.528167724609375
10924,39.69444274902344
10925,42.97011184692383
10926,30.044431686401367
10927,43.8882942199707
10928,31.173927307128906
10929,54.14397430419922
10930,46.73394012451172
10931,33.283695220947266
10932,62.23286819458008
10933,36.011505126953125
10934,37.22047424316406
10935,32.831626892089844
10936,40.9085693359375
10937,34.15522003173828
10938,39.540245056152344
10939,44.95439910888672
10940,48.353965759277344
10941,30.931903839111328
10942,51.74709701538086
10943,30.778640747070312
10944,44.16164779663086
10945,46.543434143066406
10946,46.726409912109375
10947,37.105712890625
10948,38.667720794677734
10949,76.24882507324219
10950,36.1738395690918
10951,31.638004302978516
10952,32.88615417480469
10953,47.51930236816406
10954,39.67363357543945
10955,42.96953201293945
10956,30.037128448486328
10957,43.87982177734375
10958,31.158184051513672
10959,54.14567947387695
10960,46.72989273071289
10961,33.27332305908203
10962,62.221717834472656
10963,36.00690460205078
10964,37.20659637451172
10965,32.829341888427734
10966,40.90635299682617
10967,34.139095306396484
10968,39.5222053527832
10969,44.945892333984375
10970,48.33748245239258
10971,30.919740676879883
10972,51.748069763183594
10973,30.77434539794922
10974,44.14315414428711
10975,46.530616760253906
10976,46.720054626464844
10977,37.092044830322266
10978,38.652000427246094
10979,76.25486755371094
10980,36.16489791870117
10981,31.63333511352539
10982,32.87723922729492
10983,47.510406494140625
10984,39.65298843383789
10985,42.9688835144043
10986,30.02983856201172
10987,43.87135696411133
10988,31.142515182495117
10989,54.14739227294922
10990,46.7258186340332
10991,33.263031005859375
10992,62.21059799194336
10993,36.002323150634766
10994,37.192787170410156
10995,32.8270149230957
10996,40.904083251953125
10997,34.12311935424805
10998,39.504295349121094
10999,44.937435150146484
11000,48.3210563659668
11001,30.90763282775879
11002,51.749019622802734
11003,30.770048141479492
11004,44.1247444152832
11005,46.517879486083984
11006,46.71373748779297
11007,37.07841491699219
11008,38.63637924194336
11009,76.26082611083984
11010,36.156005859375
11011,31.62872314453125
11012,32.86835479736328
11013,47.50153350830078
11014,39.63240432739258
11015,42.9682731628418
11016,30.022594451904297
11017,43.86293029785156
11018,31.126873016357422
11019,54.14897155761719
11020,46.72179412841797
11021,33.252716064453125
11022,62.199493408203125
11023,35.99772262573242
11024,37.17900466918945
11025,32.82473373413086
11026,40.901859283447266
11027,34.10714340209961
11028,39.48653793334961
11029,44.92902755737305
11030,48.304744720458984
11031,30.89552879333496
11032,51.74992752075195
11033,30.765806198120117
11034,44.1064338684082
11035,46.505165100097656
11036,46.707427978515625
11037,37.064849853515625
11038,38.62078857421875
11039,76.2667236328125
11040,36.14716720581055
11041,31.624088287353516
11042,32.859554290771484
11043,47.49266052246094
11044,39.6119384765625
11045,42.96759796142578
11046,30.01535987854004
11047,43.85453796386719
11048,31.11127471923828
11049,54.15046691894531
11050,46.71773147583008
11051,33.24245071411133
11052,62.18840789794922
11053,35.9931526184082
11054,37.16522216796875
11055,32.8223991394043
11056,40.899627685546875
11057,34.091285705566406
11058,39.46880340576172
11059,44.920650482177734
11060,48.288482666015625
11061,30.883508682250977
11062,51.75078582763672
11063,30.76148796081543
11064,44.088191986083984
11065,46.49257278442383
11066,46.70112228393555
11067,37.051387786865234
11068,38.60527801513672
11069,76.2724838256836
11070,36.13837814331055
11071,31.61949920654297
11072,32.85079574584961
11073,47.48385238647461
11074,39.591529846191406
11075,42.96699905395508
11076,30.008146286010742
11077,43.8462028503418
11078,31.0957088470459
11079,54.151954650878906
11080,46.71365737915039
11081,33.23223114013672
11082,62.177371978759766
11083,35.98862838745117
11084,37.151512145996094
11085,32.82014465332031
11086,40.897422790527344
11087,34.075443267822266
11088,39.451255798339844
11089,44.912269592285156
11090,48.272247314453125
11091,30.87151336669922
11092,51.751556396484375
11093,30.757234573364258
11094,44.06999969482422
11095,46.480010986328125
11096,46.69485092163086
11097,37.037994384765625
11098,38.58982849121094
11099,76.27823638916016
11100,36.129642486572266
11101,31.614887237548828
11102,32.84208297729492
11103,47.47499084472656
11104,39.5712890625
11105,42.96632385253906
11106,30.00092887878418
11107,43.83787536621094
11108,31.080196380615234
11109,54.15333557128906
11110,46.709556579589844
11111,33.2220458984375
11112,62.166419982910156
11113,35.98411178588867
11114,37.1378288269043
11115,32.817813873291016
11116,40.89521789550781
11117,34.0596923828125
11118,39.4337272644043
11119,44.90388488769531
11120,48.25613021850586
11121,30.859560012817383
11122,51.752315521240234
11123,30.75294303894043
11124,44.051883697509766
11125,46.4675178527832
11126,46.68867492675781
11127,37.024620056152344
11128,38.57441711425781
11129,76.28392791748047
11130,36.120914459228516
11131,31.610240936279297
11132,32.833431243896484
11133,47.46614456176758
11134,39.55111312866211
11135,42.96570587158203
11136,29.993757247924805
11137,43.829532623291016
11138,31.064760208129883
11139,54.15467834472656
11140,46.70546340942383
11141,33.2119140625
11142,62.155479431152344
11143,35.9796257019043
11144,37.12416076660156
11145,32.815460205078125
11146,40.89302444458008
11147,34.04399871826172
11148,39.41632843017578
11149,44.89558410644531
11150,48.24008560180664
11151,30.847623825073242
11152,51.753108978271484
11153,30.74872589111328
11154,44.033809661865234
11155,46.45505905151367
11156,46.68244552612305
11157,37.01136779785156
11158,38.55903244018555
11159,76.28953552246094
11160,36.11222839355469
11161,31.60562515258789
11162,32.824825286865234
11163,47.45735549926758
11164,39.53106689453125
11165,42.96504211425781
11166,29.986541748046875
11167,43.82127380371094
11168,31.049386978149414
11169,54.15605163574219
11170,46.70138168334961
11171,33.201805114746094
11172,62.144615173339844
11173,35.97517395019531
11174,37.110496520996094
11175,32.81314468383789
11176,40.89080047607422
11177,34.028343200683594
11178,39.3990478515625
11179,44.887325286865234
11180,48.2241325378418
11181,30.835744857788086
11182,51.75374221801758
11183,30.744457244873047
11184,44.01585006713867
11185,46.44271469116211
11186,46.67627716064453
11187,36.998226165771484
11188,38.543766021728516
11189,76.29508972167969
11190,36.10365676879883
11191,31.60107421875
11192,32.816307067871094
11193,47.448570251464844
11194,39.5110969543457
11195,42.96438217163086
11196,29.979415893554688
11197,43.81300354003906
11198,31.034027099609375
11199,54.157249450683594
11200,46.69729995727539
11201,33.1917610168457
11202,62.13370895385742
11203,35.970680236816406
11204,37.096900939941406
11205,32.810848236083984
11206,40.88862228393555
11207,34.01285934448242
11208,39.38188552856445
11209,44.87903594970703
11210,48.20820617675781
11211,30.82394790649414
11212,51.75441360473633
11213,30.7402286529541
11214,43.99799728393555
11215,46.43037414550781
11216,46.670101165771484
11217,36.9850959777832
11218,38.52851867675781
11219,76.3005599975586
11220,36.09505844116211
11221,31.59641456604004
11222,32.807823181152344
11223,47.439762115478516
11224,39.49124526977539
11225,42.96371841430664
11226,29.972246170043945
11227,43.804786682128906
11228,31.01875877380371
11229,54.158424377441406
11230,46.693206787109375
11231,33.181766510009766
11232,62.12289810180664
11233,35.96625900268555
11234,37.083343505859375
11235,32.808502197265625
11236,40.886444091796875
11237,33.99738311767578
11238,39.364776611328125
11239,44.870826721191406
11240,48.1923828125
11241,30.81214141845703
11242,51.75497055053711
11243,30.736003875732422
11244,43.980159759521484
11245,46.418121337890625
11246,46.66398620605469
11247,36.97208786010742
11248,38.51329803466797
11249,76.30601501464844
11250,36.08653259277344
11251,31.591785430908203
11252,32.79934310913086
11253,47.4310188293457
11254,39.471527099609375
11255,42.96308898925781
11256,29.965085983276367
11257,43.79655075073242
11258,31.003517150878906
11259,54.15958786010742
11260,46.689048767089844
11261,33.171775817871094
11262,62.11216735839844
11263,35.96189498901367
11264,37.06983184814453
11265,32.806129455566406
11266,40.884273529052734
11267,33.98188781738281
11268,39.34779357910156
11269,44.86259078979492
11270,48.17665100097656
11271,30.80038070678711
11272,51.755531311035156
11273,30.731754302978516
11274,43.96245574951172
11275,46.405914306640625
11276,46.657920837402344
11277,36.9590950012207
11278,38.49819564819336
11279,76.31139373779297
11280,36.07805633544922
11281,31.587116241455078
11282,32.79093933105469
11283,47.42226791381836
11284,39.45186996459961
11285,42.9624137878418
11286,29.957937240600586
11287,43.78837966918945
11288,30.98834991455078
11289,54.160709381103516
11290,46.68491744995117
11291,33.16184997558594
11292,62.101436614990234
11293,35.95750427246094
11294,37.056312561035156
11295,32.80376434326172
11296,40.882110595703125
11297,33.96651840209961
11298,39.330894470214844
11299,44.85441589355469
11300,48.16100311279297
11301,30.78862953186035
11302,51.75601577758789
11303,30.72748565673828
11304,43.94475555419922
11305,46.393795013427734
11306,46.6518440246582
11307,36.94621658325195
11308,38.483089447021484
11309,76.31674194335938
11310,36.06960678100586
11311,31.582509994506836
11312,32.78254699707031
11313,47.41353988647461
11314,39.43229675292969
11315,42.96175765991211
11316,29.950780868530273
11317,43.78018569946289
11318,30.973255157470703
11319,54.1617317199707
11320,46.680755615234375
11321,33.15196228027344
11322,62.09080123901367
11323,35.95313262939453
11324,37.04287338256836
11325,32.80141067504883
11326,40.879947662353516
11327,33.951210021972656
11328,39.3140754699707
11329,44.846275329589844
11330,48.14537811279297
11331,30.776958465576172
11332,51.756507873535156
11333,30.72327423095703
11334,43.927146911621094
11335,46.38172149658203
11336,46.64579391479492
11337,36.93342590332031
11338,38.46803665161133
11339,76.32201385498047
11340,36.0611572265625
11341,31.577882766723633
11342,32.77420425415039
11343,47.40478515625
11344,39.41287612915039
11345,42.961082458496094
11346,29.943647384643555
11347,43.772056579589844
11348,30.958187103271484
11349,54.1627311706543
11350,46.67659378051758
11351,33.142086029052734
11352,62.080169677734375
11353,35.94877243041992
11354,37.0294075012207
11355,32.79905319213867
11356,40.87778854370117
11357,33.93595504760742
11358,39.297367095947266
11359,44.838104248046875
11360,48.129817962646484
11361,30.765338897705078
11362,51.756935119628906
11363,30.719051361083984
11364,43.90963363647461
11365,46.36972427368164
11366,46.63978958129883
11367,36.92068099975586
11368,38.45304870605469
11369,76.3271713256836
11370,36.05281066894531
11371,31.573200225830078
11372,32.7659797668457
11373,47.3961067199707
11374,39.39350128173828
11375,42.96044158935547
11376,29.9365234375
11377,43.76395797729492
11378,30.943151473999023
11379,54.163639068603516
11380,46.67244338989258
11381,33.132259368896484
11382,62.06964111328125
11383,35.9444694519043
11384,37.01603698730469
11385,32.796669006347656
11386,40.87560272216797
11387,33.92079162597656
11388,39.28077697753906
11389,44.830020904541016
11390,48.114356994628906
11391,30.75373649597168
11392,51.7573127746582
11393,30.714828491210938
11394,43.89216232299805
11395,46.35774230957031
11396,46.63379669189453
11397,36.907989501953125
11398,38.43813705444336
11399,76.33229064941406
11400,36.04447555541992
11401,31.568571090698242
11402,32.75776290893555
11403,47.38740921020508
11404,39.37422180175781
11405,42.959808349609375
11406,29.929424285888672
11407,43.75587844848633
11408,30.928178787231445
11409,54.16450500488281
11410,46.668270111083984
11411,33.1224479675293
11412,62.05902862548828
11413,35.940189361572266
11414,37.002689361572266
11415,32.79429244995117
11416,40.87346649169922
11417,33.905696868896484
11418,39.26426315307617
11419,44.82194519042969
11420,48.09898376464844
11421,30.74220848083496
11422,51.75761795043945
11423,30.710599899291992
11424,43.874759674072266
11425,46.345802307128906
11426,46.62784194946289
11427,36.89539337158203
11428,38.423274993896484
11429,76.3373031616211
11430,36.03620147705078
11431,31.563976287841797
11432,32.74958801269531
11433,47.37876510620117
11434,39.35508346557617
11435,42.9590950012207
11436,29.922332763671875
11437,43.74781799316406
11438,30.91324806213379
11439,54.16527557373047
11440,46.66411209106445
11441,33.112693786621094
11442,62.04854202270508
11443,35.93589782714844
11444,36.989376068115234
11445,32.79188919067383
11446,40.871315002441406
11447,33.890602111816406
11448,39.247825622558594
11449,44.81388473510742
11450,48.08360290527344
11451,30.730669021606445
11452,51.757938385009766
11453,30.70639991760254
11454,43.8574333190918
11455,46.33397674560547
11456,46.6218376159668
11457,36.882877349853516
11458,38.408409118652344
11459,76.34233093261719
11460,36.02793884277344
11461,31.559337615966797
11462,32.74149703979492
11463,47.37003707885742
11464,39.33602523803711
11465,42.95844650268555
11466,29.915307998657227
11467,43.73977279663086
11468,30.89839744567871
11469,54.166046142578125
11470,46.65995788574219
11471,33.103004455566406
11472,62.03804016113281
11473,35.9316520690918
11474,36.976051330566406
11475,32.78950119018555
11476,40.869205474853516
11477,33.8756217956543
11478,39.231536865234375
11479,44.805843353271484
11480,48.068336486816406
11481,30.719209671020508
11482,51.7581672668457
11483,30.70216941833496
11484,43.840206146240234
11485,46.32219314575195
11486,46.61590576171875
11487,36.87043762207031
11488,38.39365768432617
11489,76.34722900390625
11490,36.0197639465332
11491,31.554676055908203
11492,32.7334098815918
11493,47.36137771606445
11494,39.31707000732422
11495,42.957740783691406
11496,29.9082088470459
11497,43.73173141479492
11498,30.883581161499023
11499,54.166748046875
11500,46.65573501586914
11501,33.09330368041992
11502,62.02762985229492
11503,35.92741775512695
11504,36.962791442871094
11505,32.78712463378906
11506,40.86705017089844
11507,33.860740661621094
11508,39.21531295776367
11509,44.797847747802734
11510,48.053138732910156
11511,30.70775604248047
11512,51.758384704589844
11513,30.698013305664062
11514,43.823020935058594
11515,46.31043243408203
11516,46.6099967956543
11517,36.85801315307617
11518,38.37896728515625
11519,76.35201263427734
11520,36.011619567871094
11521,31.55010223388672
11522,32.72541809082031
11523,47.352752685546875
11524,39.298187255859375
11525,42.957061767578125
11526,29.901222229003906
11527,43.723758697509766
11528,30.868854522705078
11529,54.16737365722656
11530,46.65155792236328
11531,33.08366775512695
11532,62.01718521118164
11533,35.92318344116211
11534,36.949581146240234
11535,32.78472900390625
11536,40.86495590209961
11537,33.845890045166016
11538,39.19917678833008
11539,44.78988265991211
11540,48.03805923461914
11541,30.696388244628906
11542,51.758541107177734
11543,30.693819046020508
11544,43.805938720703125
11545,46.29875183105469
11546,46.60406494140625
11547,36.84569549560547
11548,38.36433029174805
11549,76.35680389404297
11550,36.00349044799805
11551,31.545442581176758
11552,32.71743392944336
11553,47.34410858154297
11554,39.279441833496094
11555,42.95640563964844
11556,29.894168853759766
11557,43.71579360961914
11558,30.85418701171875
11559,54.167938232421875
11560,46.64736557006836
11561,33.07407760620117
11562,62.006805419921875
11563,35.91897201538086
11564,36.93638229370117
11565,32.78235626220703
11566,40.86281204223633
11567,33.83108901977539
11568,39.18317794799805
11569,44.78190612792969
11570,48.022987365722656
11571,30.685035705566406
11572,51.75870895385742
11573,30.689619064331055
11574,43.78889846801758
11575,46.2871208190918
11576,46.59823226928711
11577,36.833457946777344
11578,38.34971618652344
11579,76.36144256591797
11580,35.99540710449219
11581,31.54086685180664
11582,32.70956039428711
11583,47.33549118041992
11584,39.26076889038086
11585,42.95569610595703
11586,29.88724136352539
11587,43.70782470703125
11588,30.83946990966797
11589,54.168434143066406
11590,46.64316940307617
11591,33.064544677734375
11592,61.99648666381836
11593,35.91476058959961
11594,36.9232063293457
11595,32.779937744140625
11596,40.8607177734375
11597,33.81642532348633
11598,39.167236328125
11599,44.77397155761719
11600,48.007938385009766
11601,30.67372703552246
11602,51.75875473022461
11603,30.685447692871094
11604,43.77191925048828
11605,46.2755241394043
11606,46.592376708984375
11607,36.8212776184082
11608,38.33517074584961
11609,76.36605072021484
11610,35.98737335205078
11611,31.536237716674805
11612,32.70169448852539
11613,47.32686996459961
11614,39.24224090576172
11615,42.95500564575195
11616,29.880273818969727
11617,43.69993591308594
11618,30.824865341186523
11619,54.16890335083008
11620,46.638954162597656
11621,33.05503463745117
11622,61.986141204833984
11623,35.91062545776367
11624,36.91010665893555
11625,32.777523040771484
11626,40.858604431152344
11627,33.8017578125
11628,39.151405334472656
11629,44.76607894897461
11630,47.993011474609375
11631,30.662446975708008
11632,51.75876235961914
11633,30.681255340576172
11634,43.75502014160156
11635,46.26399230957031
11636,46.58648681640625
11637,36.8092041015625
11638,38.320674896240234
11639,76.37054443359375
11640,35.97939682006836
11641,31.53162384033203
11642,32.69389343261719
11643,47.318260192871094
11644,39.22373962402344
11645,42.954288482666016
11646,29.873332977294922
11647,43.69204330444336
11648,30.810333251953125
11649,54.16925811767578
11650,46.63478088378906
11651,33.0455322265625
11652,61.97586441040039
11653,35.906471252441406
11654,36.89701843261719
11655,32.775123596191406
11656,40.85651779174805
11657,33.78717803955078
11658,39.13567352294922
11659,44.75818634033203
11660,47.97818374633789
11661,30.65121078491211
11662,51.758766174316406
11663,30.677101135253906
11664,43.73822021484375
11665,46.252525329589844
11666,46.58070755004883
11667,36.79714584350586
11668,38.30625915527344
11669,76.37500762939453
11670,35.97141647338867
11671,31.527013778686523
11672,32.686153411865234
11673,47.309696197509766
11674,39.20537185668945
11675,42.95356750488281
11676,29.86636734008789
11677,43.68418502807617
11678,30.795822143554688
11679,54.16962432861328
11680,46.630523681640625
11681,33.03611755371094
11682,61.965694427490234
11683,35.9023323059082
11684,36.88397216796875
11685,32.77268600463867
11686,40.85441207885742
11687,33.77271270751953
11688,39.120025634765625
11689,44.75029373168945
11690,47.963401794433594
11691,30.640012741088867
11692,51.75871658325195
11693,30.67290687561035
11694,43.72146987915039
11695,46.241172790527344
11696,46.57492446899414
11697,36.785152435302734
11698,38.29185104370117
11699,76.37945556640625
11700,35.96350860595703
11701,31.522384643554688
11702,32.678401947021484
11703,47.301124572753906
11704,39.18709182739258
11705,42.95288848876953
11706,29.85938262939453
11707,43.67633056640625
11708,30.78141212463379
11709,54.16993713378906
11710,46.626312255859375
11711,33.02672576904297
11712,61.95553207397461
11713,35.89824676513672
11714,36.8709716796875
11715,32.770225524902344
11716,40.852294921875
11717,33.75821304321289
11718,39.10443878173828
11719,44.74250793457031
11720,47.948734283447266
11721,30.628877639770508
11722,51.75864028930664
11723,30.668725967407227
11724,43.70484161376953
11725,46.229820251464844
11726,46.569149017333984
11727,36.77326583862305
11728,38.27754592895508
11729,76.38384246826172
11730,35.95566177368164
11731,31.51770782470703
11732,32.670719146728516
11733,47.2926139831543
11734,39.168949127197266
11735,42.9521598815918
11736,29.8524227142334
11737,43.668495178222656
11738,30.76706886291504
11739,54.17024612426758
11740,46.622047424316406
11741,33.01734161376953
11742,61.94541931152344
11743,35.894195556640625
11744,36.85802459716797
11745,32.76779556274414
11746,40.85017776489258
11747,33.743831634521484
11748,39.0890007019043
11749,44.734703063964844
11750,47.934104919433594
11751,30.617788314819336
11752,51.75856018066406
11753,30.664579391479492
11754,43.68822479248047
11755,46.218536376953125
11756,46.56340026855469
11757,36.761451721191406
11758,38.26329803466797
11759,76.38819885253906
11760,35.94783401489258
11761,31.51307487487793
11762,32.66304397583008
11763,47.28406524658203
11764,39.15089416503906
11765,42.951416015625
11766,29.845489501953125
11767,43.66072082519531
11768,30.752790451049805
11769,54.17051696777344
11770,46.61782455444336
11771,33.0080451965332
11772,61.935333251953125
11773,35.890071868896484
11774,36.84513854980469
11775,32.76534652709961
11776,40.848087310791016
11777,33.72950744628906
11778,39.07356643676758
11779,44.72697448730469
11780,47.91950988769531
11781,30.606725692749023
11782,51.7584228515625
11783,30.660417556762695
11784,43.6717643737793
11785,46.20730972290039
11786,46.557674407958984
11787,36.74967956542969
11788,38.24908447265625
11789,76.39254760742188
11790,35.93999481201172
11791,31.508460998535156
11792,32.655460357666016
11793,47.27549743652344
11794,39.132965087890625
11795,42.950618743896484
11796,29.838550567626953
11797,43.65291213989258
11798,30.738615036010742
11799,54.170833587646484
11800,46.61356735229492
11801,32.99877166748047
11802,61.925323486328125
11803,35.88603973388672
11804,36.83226013183594
11805,32.7629280090332
11806,40.84600830078125
11807,33.715301513671875
11808,39.05828094482422
11809,44.71923828125
11810,47.9050407409668
11811,30.595684051513672
11812,51.75826644897461
11813,30.656272888183594
11814,43.655338287353516
11815,46.19612503051758
11816,46.55199432373047
11817,36.73798370361328
11818,38.23490905761719
11819,76.39681243896484
11820,35.9322509765625
11821,31.503849029541016
11822,32.64789581298828
11823,47.266963958740234
11824,39.11515426635742
11825,42.94988250732422
11826,29.83162498474121
11827,43.645164489746094
11828,30.724489212036133
11829,54.171024322509766
11830,46.60930252075195
11831,32.98955154418945
11832,61.915313720703125
11833,35.881988525390625
11834,36.81947708129883
11835,32.7605094909668
11836,40.84384536743164
11837,33.70112228393555
11838,39.043033599853516
11839,44.71154022216797
11840,47.89059066772461
11841,30.584745407104492
11842,51.75808334350586
11843,30.652170181274414
11844,43.63898468017578
11845,46.18496322631836
11846,46.54631042480469
11847,36.72636795043945
11848,38.22083282470703
11849,76.40097045898438
11850,35.924530029296875
11851,31.49920654296875
11852,32.64033126831055
11853,47.25844955444336
11854,39.09739303588867
11855,42.949092864990234
11856,29.82474136352539
11857,43.63742446899414
11858,30.710411071777344
11859,54.17118835449219
11860,46.60505676269531
11861,32.980369567871094
11862,61.9053840637207
11863,35.87797546386719
11864,36.80671691894531
11865,32.75806427001953
11866,40.84175491333008
11867,33.687068939208984
11868,39.02788162231445
11869,44.703826904296875
11870,47.87622833251953
11871,30.573820114135742
11872,51.75787353515625
11873,30.64798927307129
11874,43.62271499633789
11875,46.17390060424805
11876,46.540592193603516
11877,36.714778900146484
11878,38.2067756652832
11879,76.40509796142578
11880,35.91682052612305
11881,31.494585037231445
11882,32.63286590576172
11883,47.24995803833008
11884,39.07976531982422
11885,42.948265075683594
11886,29.8178768157959
11887,43.62969207763672
11888,30.696428298950195
11889,54.171356201171875
11890,46.60076904296875
11891,32.97121810913086
11892,61.895408630371094
11893,35.874000549316406
11894,36.79401397705078
11895,32.75569534301758
11896,40.83967971801758
11897,33.673038482666016
11898,39.01283645629883
11899,44.69620132446289
11900,47.86193084716797
11901,30.56293296813965
11902,51.757625579833984
11903,30.64386749267578
11904,43.60654067993164
11905,46.16286087036133
11906,46.53497314453125
11907,36.70328140258789
11908,38.19279479980469
11909,76.40914916992188
11910,35.909236907958984
11911,31.490022659301758
11912,32.62541961669922
11913,47.241432189941406
11914,39.06222152709961
11915,42.94743347167969
11916,29.81105613708496
11917,43.62201690673828
11918,30.682498931884766
11919,54.17144012451172
11920,46.59650802612305
11921,32.9621467590332
11922,61.885501861572266
11923,35.869998931884766
11924,36.781333923339844
11925,32.753257751464844
11926,40.83758544921875
11927,33.65910339355469
11928,38.99788284301758
11929,44.6885986328125
11930,47.84769821166992
11931,30.55208969116211
11932,51.75734329223633
11933,30.6397762298584
11934,43.590423583984375
11935,46.15188217163086
11936,46.529296875
11937,36.69184875488281
11938,38.178871154785156
11939,76.41313934326172
11940,35.90163803100586
11941,31.48537826538086
11942,32.618019104003906
11943,47.23295211791992
11944,39.04479217529297
11945,42.94660186767578
11946,29.804214477539062
11947,43.61433410644531
11948,30.668621063232422
11949,54.17155456542969
11950,46.59223937988281
11951,32.95307540893555
11952,61.87566375732422
11953,35.86603546142578
11954,36.768714904785156
11955,32.750823974609375
11956,40.835418701171875
11957,33.64525604248047
11958,38.982975006103516
11959,44.680992126464844
11960,47.83350372314453
11961,30.54132843017578
11962,51.757041931152344
11963,30.635629653930664
11964,43.574405670166016
11965,46.140968322753906
11966,46.523681640625
11967,36.68046569824219
11968,38.16501998901367
11969,76.41707611083984
11970,35.89403533935547
11971,31.48080825805664
11972,32.61067199707031
11973,47.224456787109375
11974,39.027435302734375
11975,42.94574737548828
11976,29.797399520874023
11977,43.60664367675781
11978,30.65486717224121
11979,54.1716194152832
11980,46.587989807128906
11981,32.944095611572266
11982,61.865840911865234
11983,35.86207962036133
11984,36.756160736083984
11985,32.74842071533203
11986,40.83333969116211
11987,33.63142395019531
11988,38.968162536621094
11989,44.673423767089844
11990,47.81941604614258
11991,30.53056526184082
11992,51.75670623779297
11993,30.631519317626953
11994,43.558433532714844
11995,46.13007354736328
11996,46.51808547973633
11997,36.66920471191406
11998,38.15121078491211
11999,76.42096710205078
12000,35.88651657104492
