iteration,loss
1,596.259521484375
2,553.6626586914062
3,744.8370361328125
4,767.44384765625
5,730.2313232421875
6,867.54833984375
7,848.72216796875
8,670.8604736328125
9,799.187744140625
10,579.5448608398438
11,670.5095825195312
12,439.78070068359375
13,662.0709228515625
14,672.7064819335938
15,687.5491333007812
16,822.0008544921875
17,670.6019897460938
18,760.6870727539062
19,739.1595458984375
20,756.0075073242188
21,740.825927734375
22,704.414306640625
23,553.1876831054688
24,730.2740478515625
25,587.9910888671875
26,720.1395874023438
27,537.7546997070312
28,545.5400390625
29,626.0278930664062
30,685.1212158203125
31,543.243408203125
32,505.13299560546875
33,679.0570068359375
34,692.652587890625
35,654.2438354492188
36,786.1136474609375
37,758.173583984375
38,598.0364379882812
39,717.2218627929688
40,513.3643798828125
41,603.697265625
42,386.70318603515625
43,583.7198486328125
44,591.0675048828125
45,605.4180908203125
46,717.8470458984375
47,583.731201171875
48,661.716064453125
49,647.5399169921875
50,657.1881103515625
51,641.4945068359375
52,607.8538818359375
53,482.0206604003906
54,620.293701171875
55,505.33392333984375
56,617.0997314453125
57,456.37152099609375
58,453.72357177734375
59,526.45849609375
60,586.7308349609375
61,467.6665954589844
62,428.4563293457031
63,575.1600341796875
64,573.9310913085938
65,535.9657592773438
66,659.6754760742188
67,619.3245849609375
68,488.16058349609375
69,592.669677734375
70,416.1218566894531
71,504.5551452636719
72,310.0168151855469
73,468.90234375
74,471.75811767578125
75,484.59454345703125
76,566.3861083984375
77,459.4412841796875
78,518.9198608398438
79,521.1863403320312
80,516.1402587890625
81,502.0828552246094
82,472.178955078125
83,384.6253356933594
84,469.974365234375
85,393.6985168457031
86,476.5999755859375
87,349.35260009765625
88,334.3839416503906
89,393.44903564453125
90,453.9808349609375
91,368.203125
92,329.5051574707031
93,438.4790954589844
94,416.76708984375
95,382.019775390625
96,496.7558288574219
97,442.298583984375
98,352.5830993652344
99,436.39959716796875
100,300.73480224609375
101,382.75994873046875
102,221.5831756591797
103,331.18572998046875
104,328.8782958984375
105,336.7414855957031
106,383.5057373046875
107,313.265869140625
108,347.5650939941406
109,384.0735778808594
110,348.19775390625
111,340.8833312988281
112,312.5013732910156
113,275.802001953125
114,304.57366943359375
115,273.1172180175781
116,319.33087158203125
117,238.794677734375
118,215.70114135742188
119,250.368896484375
120,305.47198486328125
121,262.6217041015625
122,230.754638671875
123,291.6966857910156
124,248.0352783203125
125,218.61717224121094
126,329.9366149902344
127,263.3831481933594
128,226.64035034179688
129,285.05535888671875
130,203.07852172851562
131,266.5386657714844
132,152.88290405273438
133,209.69493103027344
134,202.79258728027344
135,196.91058349609375
136,214.13394165039062
137,186.53854370117188
138,189.77200317382812
139,295.18212890625
140,195.3807830810547
141,203.87997436523438
142,167.13201904296875
143,189.41787719726562
144,186.07412719726562
145,190.17031860351562
146,194.95135498046875
147,172.6063995361328
148,158.40130615234375
149,152.55149841308594
150,186.25320434570312
151,187.78021240234375
152,177.74497985839844
153,186.96365356445312
154,136.1328582763672
155,109.51612091064453
156,228.011474609375
157,161.8596649169922
158,171.516845703125
159,206.61146545410156
160,170.08071899414062
161,201.303955078125
162,139.9169158935547
163,162.2305450439453
164,149.5412139892578
165,129.26449584960938
166,137.16575622558594
167,134.82687377929688
168,117.92205810546875
169,263.4681091308594
170,129.58668518066406
171,139.03982543945312
172,103.19345092773438
173,142.08966064453125
174,143.16436767578125
175,152.43421936035156
176,140.73777770996094
177,141.79574584960938
178,132.45901489257812
179,115.20785522460938
180,129.65525817871094
181,139.60064697265625
182,142.33287048339844
183,139.39463806152344
184,100.31871032714844
185,76.70491027832031
186,172.8024139404297
187,124.361083984375
188,132.6781768798828
189,155.2298583984375
190,124.89119720458984
191,152.318603515625
192,112.04106903076172
193,125.22525787353516
194,104.51254272460938
195,93.34480285644531
196,98.21276092529297
197,98.98235321044922
198,80.01924896240234
199,192.3377685546875
200,96.36937713623047
201,90.49480438232422
202,72.31473541259766
203,97.18672943115234
204,99.88872528076172
205,110.85088348388672
206,99.87237548828125
207,102.42715454101562
208,91.26242065429688
209,83.91763305664062
210,88.07723999023438
211,95.50447082519531
212,101.54280090332031
213,102.66683959960938
214,74.33952331542969
215,56.69515609741211
216,124.2991943359375
217,93.6695785522461
218,94.65774536132812
219,108.08623504638672
220,82.35729217529297
221,110.27572631835938
222,83.61735534667969
223,93.12002563476562
224,67.00650787353516
225,65.0982666015625
226,68.70339965820312
227,71.39765930175781
228,53.09593200683594
229,131.34857177734375
230,72.37377166748047
231,56.97047805786133
232,52.202667236328125
233,63.428157806396484
234,67.28976440429688
235,79.72358703613281
236,70.7562026977539
237,71.1928939819336
238,59.60218048095703
239,62.45154571533203
240,58.90696334838867
241,64.13674926757812
242,69.03682708740234
243,77.96782684326172
244,56.493629455566406
245,45.78657913208008
246,90.42346954345703
247,72.91978454589844
248,66.85147094726562
249,74.62592315673828
250,52.20175552368164
251,81.82496643066406
252,59.65193557739258
253,70.34500885009766
254,41.812503814697266
255,47.71946716308594
256,50.67283630371094
257,53.54904556274414
258,38.30654525756836
259,86.61637878417969
260,60.88516616821289
261,38.81604766845703
262,43.45613098144531
263,42.41585922241211
264,46.579994201660156
265,58.7258186340332
266,54.336883544921875
267,49.019866943359375
268,35.68244552612305
269,49.90432357788086
270,43.46896743774414
271,44.525779724121094
272,46.039337158203125
273,64.62454986572266
274,47.265899658203125
275,41.80586624145508
276,72.57274627685547
277,63.09499740600586
278,49.87925720214844
279,57.24304962158203
280,35.725914001464844
281,67.16568756103516
282,44.14872360229492
283,58.13599395751953
284,30.24473762512207
285,39.96223449707031
286,42.892738342285156
287,45.872135162353516
288,33.18645477294922
289,65.95830535888672
290,57.36042404174805
291,33.198143005371094
292,41.40739822387695
293,34.16720199584961
294,39.25794982910156
295,49.73505401611328
296,48.652687072753906
297,40.32354736328125
298,25.71428108215332
299,45.677589416503906
300,38.44172668457031
301,36.631534576416016
302,36.716278076171875
303,60.18582534790039
304,44.86711120605469
305,41.66863250732422
306,67.29508972167969
307,61.67633056640625
308,43.67588424682617
309,52.70663070678711
310,29.878807067871094
311,62.45622634887695
312,36.422298431396484
313,53.32448959350586
314,27.05125617980957
315,38.12352752685547
316,40.670135498046875
317,43.60520553588867
318,32.27865219116211
319,59.69257354736328
320,57.31568145751953
321,32.76293182373047
322,41.82197952270508
323,32.01180648803711
324,37.81204605102539
325,46.62311553955078
326,47.20078659057617
327,38.083778381347656
328,22.98169708251953
329,44.50916290283203
330,36.84209442138672
331,33.94333267211914
332,33.59599304199219
333,58.52288055419922
334,44.075042724609375
335,42.00654220581055
336,65.10713195800781
337,61.64598083496094
338,41.89927291870117
339,51.593414306640625
340,28.754493713378906
341,60.83897399902344
342,33.664608001708984
343,51.612754821777344
344,26.61712646484375
345,37.73076248168945
346,40.12643814086914
347,43.16956329345703
348,32.184967041015625
349,58.47621154785156
350,57.61102294921875
351,33.20156478881836
352,42.285343170166016
353,31.614295959472656
354,37.83298110961914
355,45.54071807861328
356,46.89952850341797
357,37.70478439331055
358,22.281288146972656
359,43.91414260864258
360,36.25783157348633
361,32.68333435058594
362,32.46466064453125
363,57.6594123840332
364,43.67316436767578
365,42.108123779296875
366,63.925987243652344
367,61.78926467895508
368,41.09510803222656
369,51.21845245361328
370,28.450870513916016
371,59.980987548828125
372,32.12270736694336
373,50.68149948120117
374,26.551727294921875
375,37.48371124267578
376,39.79141616821289
377,43.042877197265625
378,31.935617446899414
379,58.46201705932617
380,57.734745025634766
381,33.43132019042969
382,42.44283676147461
383,31.451847076416016
384,38.04355239868164
385,44.869659423828125
386,46.78236770629883
387,37.67838668823242
388,21.884061813354492
389,43.35614776611328
390,35.91569519042969
391,31.7206974029541
392,31.861011505126953
393,56.96750259399414
394,43.2972526550293
395,42.043949127197266
396,62.87591552734375
397,61.75918197631836
398,40.54743194580078
399,50.837947845458984
400,28.455360412597656
401,59.22288513183594
402,31.151988983154297
403,49.983436584472656
404,26.586320877075195
405,37.199581146240234
406,39.53501892089844
407,43.03592300415039
408,31.70733642578125
409,58.647335052490234
410,57.64455795288086
411,33.658634185791016
412,42.49668884277344
413,31.353811264038086
414,38.23223876953125
415,44.383056640625
416,46.69916534423828
417,37.73545455932617
418,21.63205909729004
419,42.8363151550293
420,35.64798355102539
421,30.913118362426758
422,31.45611572265625
423,56.400848388671875
424,42.991546630859375
425,41.94757080078125
426,62.06901550292969
427,61.781272888183594
428,40.09672546386719
429,50.58045196533203
430,28.433670043945312
431,58.62583541870117
432,30.296098709106445
433,49.417423248291016
434,26.593299865722656
435,36.95038604736328
436,39.29414749145508
437,43.02628707885742
438,31.434518814086914
439,58.9237174987793
440,57.57305908203125
441,33.7884635925293
442,42.49589157104492
443,31.26981544494629
444,38.406646728515625
445,43.977806091308594
446,46.637393951416016
447,37.810916900634766
448,21.435274124145508
449,42.36375045776367
450,35.422019958496094
451,30.219799041748047
452,31.14508819580078
453,55.90592575073242
454,42.70610427856445
455,41.83420181274414
456,61.34806823730469
457,61.76848220825195
458,39.72142791748047
459,50.34000778198242
460,28.45269203186035
461,58.10184860229492
462,29.599681854248047
463,48.94023513793945
464,26.607425689697266
465,36.723453521728516
466,39.0902214050293
467,43.03187942504883
468,31.190019607543945
469,59.19855499267578
470,57.4849739074707
471,33.89613723754883
472,42.480098724365234
473,31.20366096496582
474,38.56003189086914
475,43.635746002197266
476,46.58787536621094
477,37.8864631652832
478,21.277387619018555
479,41.94496154785156
480,35.23268127441406
481,29.61951446533203
482,30.89289665222168
483,55.48243713378906
484,42.46125030517578
485,41.72865295410156
486,60.738094329833984
487,61.76397705078125
488,39.399635314941406
489,50.14088821411133
490,28.470504760742188
491,57.65550231933594
492,28.99874496459961
493,48.533424377441406
494,26.618093490600586
495,36.527610778808594
496,38.91523742675781
497,43.03921890258789
498,30.970563888549805
499,59.4537239074707
500,57.404502868652344
501,33.98134994506836
502,42.460147857666016
503,31.150197982788086
504,38.69436264038086
505,43.34153366088867
506,46.546546936035156
507,37.95405960083008
508,21.148313522338867
509,41.57829284667969
510,35.07129669189453
511,29.1015625
512,30.680517196655273
513,55.11824417114258
514,42.2512092590332
515,41.63502502441406
516,60.22296905517578
517,61.76777267456055
518,39.121498107910156
519,49.97916793823242
520,28.479578018188477
521,57.27847671508789
522,28.47400665283203
523,48.18517303466797
524,26.623645782470703
525,36.36351776123047
526,38.76521301269531
527,43.04217529296875
528,30.775236129760742
529,59.677188873291016
530,57.340335845947266
531,34.04173278808594
532,42.439659118652344
533,31.105783462524414
534,38.81028366088867
535,43.085575103759766
536,46.50934600830078
537,38.00828170776367
538,21.04037857055664
539,41.264007568359375
540,34.93416976928711
541,28.661481857299805
542,30.4987850189209
543,54.80530548095703
544,42.0693359375
545,41.55094528198242
546,59.77854537963867
547,61.7626953125
548,38.88397979736328
549,49.836753845214844
550,28.493162155151367
551,56.95317840576172
552,28.03580093383789
553,47.88654327392578
554,26.630388259887695
555,36.22452926635742
556,38.64021301269531
557,43.04340362548828
558,30.611194610595703
559,59.85967254638672
560,57.27699661254883
561,34.08871078491211
562,42.41900634765625
563,31.06951332092285
564,38.90555953979492
565,42.864463806152344
566,46.47248458862305
567,38.04824447631836
568,20.952632904052734
569,40.996219635009766
570,34.81626510620117
571,28.29026222229004
572,30.3426456451416
573,54.53725814819336
574,41.914146423339844
575,41.4755973815918
576,59.40158462524414
577,61.753822326660156
578,38.67951202392578
579,49.71504592895508
580,28.502857208251953
581,56.67527770996094
582,27.665054321289062
583,47.62923812866211
584,26.634885787963867
585,36.10813903808594
586,38.534114837646484
587,43.03917694091797
588,30.47044563293457
589,60.00423812866211
590,57.21651840209961
591,34.11945343017578
592,42.39667510986328
593,31.03851890563965
594,38.98172378540039
595,42.67152786254883
596,46.4339485168457
597,38.074275970458984
598,20.881595611572266
599,40.76784896850586
600,34.71284866333008
601,27.978403091430664
602,30.207239151000977
603,54.305152893066406
604,41.779296875
605,41.40570831298828
606,59.076904296875
607,61.73621368408203
608,38.50301742553711
609,49.606163024902344
610,28.512924194335938
611,56.43301773071289
612,27.357507705688477
613,47.40517807006836
614,26.639385223388672
615,36.00822067260742
616,38.44419860839844
617,43.03147506713867
618,30.351730346679688
619,60.11430740356445
620,57.15053939819336
621,34.140323638916016
622,42.37177658081055
623,31.011789321899414
624,39.04021453857422
625,42.502288818359375
626,46.39275360107422
627,38.08855056762695
628,20.824731826782227
629,40.570335388183594
630,34.62019348144531
631,27.713449478149414
632,30.088865280151367
633,54.10213851928711
634,41.661903381347656
635,41.3398323059082
636,58.797794342041016
637,61.71464538574219
638,38.347412109375
639,49.510101318359375
640,28.51791763305664
641,56.22172546386719
642,27.09413719177246
643,47.20723342895508
644,26.640762329101562
645,35.921974182128906
646,38.3651008605957
647,43.018470764160156
648,30.24665641784668
649,60.19729232788086
650,57.08352279663086
651,34.14848327636719
652,42.34355163574219
653,30.98719024658203
654,39.084224700927734
655,42.350669860839844
656,46.3489875793457
657,38.09255599975586
658,20.77766227722168
659,40.39714813232422
660,34.53562545776367
661,27.48577117919922
662,29.983675003051758
663,53.921390533447266
664,41.55681610107422
665,41.27574920654297
666,58.55106735229492
667,61.68587875366211
668,38.208560943603516
669,49.42075729370117
670,28.52100944519043
671,56.033329010009766
672,26.86898422241211
673,47.02989959716797
674,26.640058517456055
675,35.84615707397461
676,38.29502487182617
677,43.001346588134766
678,30.153648376464844
679,60.2563591003418
680,57.013858795166016
681,34.147239685058594
682,42.31258010864258
683,30.96401596069336
684,39.11579132080078
685,42.213077545166016
686,46.30292510986328
687,38.08747482299805
688,20.7374210357666
689,40.24388885498047
690,34.45762252807617
691,27.287952423095703
692,29.888513565063477
693,53.75904083251953
694,41.46199417114258
695,41.21352005004883
696,58.33087921142578
697,61.6517219543457
698,38.08285903930664
699,49.33610916137695
700,28.521926879882812
701,55.863311767578125
702,26.674537658691406
703,46.868980407714844
704,26.637086868286133
705,35.77838134765625
706,38.23211669921875
707,42.98073196411133
708,30.070648193359375
709,60.294960021972656
710,56.941925048828125
711,34.13869857788086
712,42.27959442138672
713,30.941781997680664
714,39.13644027709961
715,42.08727264404297
716,46.254791259765625
717,38.0745735168457
718,20.703649520874023
719,40.10670471191406
720,34.3842887878418
721,27.11516761779785
722,29.801883697509766
723,53.61174774169922
724,41.37498474121094
725,41.15191650390625
726,58.13224411010742
727,61.6124153137207
728,37.968048095703125
729,49.25478744506836
730,28.52057456970215
731,55.70883560180664
732,26.505653381347656
733,46.72186279296875
734,26.631532669067383
735,35.71702194213867
736,38.17470169067383
737,42.95682144165039
738,29.994672775268555
739,60.31737518310547
740,56.86838150024414
741,34.12226867675781
742,42.243953704833984
743,30.91991424560547
744,39.1478157043457
745,41.97104263305664
746,46.204986572265625
747,38.05537033081055
748,20.674924850463867
749,39.982486724853516
750,34.31472396850586
751,26.963130950927734
752,29.722900390625
753,53.47679901123047
754,41.29380798339844
755,41.08991241455078
756,57.950496673583984
757,61.56748580932617
758,37.86239242553711
759,49.17490005493164
760,28.518400192260742
761,55.56663513183594
762,26.3594970703125
763,46.586265563964844
764,26.623811721801758
765,35.660423278808594
766,38.12181854248047
767,42.930328369140625
768,29.924196243286133
769,60.326839447021484
770,56.79244613647461
771,34.099056243896484
772,42.205535888671875
773,30.898174285888672
774,39.15121078491211
775,41.86283874511719
776,46.15372085571289
777,38.03095626831055
778,20.650371551513672
779,39.86839294433594
780,34.2480583190918
781,26.827789306640625
782,29.650583267211914
783,53.35192108154297
784,41.21725845336914
785,41.02701187133789
786,57.78253936767578
787,61.51768493652344
788,37.76426696777344
789,49.09578323364258
790,28.515546798706055
791,55.434513092041016
792,26.232179641723633
793,46.460166931152344
794,26.61405372619629
795,35.60726547241211
796,38.0723876953125
797,42.901817321777344
798,29.857969284057617
799,60.3260612487793
800,56.71393585205078
801,34.06996536254883
802,42.164363861083984
803,30.87646484375
804,39.14768981933594
805,41.76144790649414
806,46.101375579833984
807,38.0023078918457
808,20.629592895507812
809,39.76234436035156
810,34.18363571166992
811,26.706439971923828
812,29.584136962890625
813,53.23532485961914
814,41.14424514770508
815,40.96290588378906
816,57.625919342041016
817,61.46360397338867
818,37.67229461669922
819,49.017024993896484
820,28.51209831237793
821,55.31071472167969
822,26.12064552307129
823,46.34208297729492
824,26.60239028930664
825,35.55681228637695
826,38.0258674621582
827,42.871578216552734
828,29.79500389099121
829,60.31687545776367
830,56.63280487060547
831,34.035888671875
832,42.120567321777344
833,30.854768753051758
834,39.138206481933594
835,41.66593933105469
836,46.048065185546875
837,37.97003936767578
838,20.612096786499023
839,39.66294860839844
840,34.12098693847656
841,26.596729278564453
842,29.522754669189453
843,53.12590789794922
844,41.0742073059082
845,40.89765167236328
846,57.47896194458008
847,61.40597152709961
848,37.58549118041992
849,48.93832778930664
850,28.508041381835938
851,55.19404983520508
852,26.022279739379883
853,46.23069381713867
854,26.58892250061035
855,35.50845718383789
856,37.98180389404297
857,42.84017562866211
858,29.734954833984375
859,60.30052947998047
860,56.54905700683594
861,33.99814987182617
862,42.07474899291992
863,30.833086013793945
864,39.1234130859375
865,41.5755500793457
866,45.9941520690918
867,37.934783935546875
868,20.597370147705078
869,39.56917190551758
870,34.05994415283203
871,26.496824264526367
872,29.465600967407227
873,53.02284240722656
874,41.00687789916992
875,40.8316535949707
876,57.34061050415039
877,61.346092224121094
878,37.502803802490234
879,48.85979461669922
880,28.5029239654541
881,55.083595275878906
882,25.93450355529785
883,46.125064849853516
884,26.57358169555664
885,35.46195983886719
886,37.93974304199219
887,42.80759048461914
888,29.676969528198242
889,60.27846908569336
890,56.464073181152344
891,33.956790924072266
892,42.02736282348633
893,30.811342239379883
894,39.1043815612793
895,41.48927688598633
896,45.93989944458008
897,37.89690017700195
898,20.58446502685547
899,39.479984283447266
900,34.00041961669922
901,26.40479278564453
902,29.41197395324707
903,52.925113677978516
904,40.94162368774414
905,40.76493835449219
906,57.208885192871094
907,61.284019470214844
908,37.4237174987793
909,48.780765533447266
910,28.49754524230957
911,54.97805404663086
912,25.856088638305664
913,46.024356842041016
914,26.556827545166016
915,35.416648864746094
916,37.89936447143555
917,42.77443313598633
918,29.62101173400879
919,60.25190353393555
920,56.37754440307617
921,33.913002014160156
922,41.97860336303711
923,30.789531707763672
924,39.0817756652832
925,41.4066047668457
926,45.885623931884766
927,37.85710525512695
928,20.5732479095459
929,39.39451217651367
930,33.94216537475586
931,26.319124221801758
932,29.361387252807617
933,52.83195877075195
934,40.878196716308594
935,40.697696685791016
936,57.08293151855469
937,61.22066116333008
938,37.34741973876953
939,48.70143127441406
940,28.49184226989746
941,54.87664031982422
942,25.785062789916992
943,45.927669525146484
944,26.538841247558594
945,35.37236022949219
946,37.860450744628906
947,42.740909576416016
948,29.566478729248047
949,60.22230911254883
950,56.29022979736328
951,33.867183685302734
952,41.92894744873047
953,30.767812728881836
954,39.05650329589844
955,41.32677459716797
956,45.831581115722656
957,37.81589889526367
958,20.563196182250977
959,39.31196975708008
960,33.88518524169922
961,26.238407135009766
962,29.313304901123047
963,52.74269104003906
964,40.81629943847656
965,40.630104064941406
966,56.96181106567383
967,61.15676498413086
968,37.27333450317383
969,48.62194061279297
970,28.48570442199707
971,54.77876663208008
972,25.719581604003906
973,45.8343505859375
974,26.519739151000977
975,35.328834533691406
976,37.822601318359375
977,42.7071533203125
978,29.51283836364746
979,60.19072723388672
980,56.20289611816406
981,33.81943130493164
982,41.87857437133789
983,30.746021270751953
984,39.029293060302734
985,41.249122619628906
986,45.777957916259766
987,37.77366256713867
988,20.55368995666504
989,39.231754302978516
990,33.829254150390625
991,26.161380767822266
992,29.267290115356445
993,52.656368255615234
994,40.75505065917969
995,40.56178283691406
996,56.84300994873047
997,61.091068267822266
998,37.20127487182617
999,48.540653228759766
1000,28.481096267700195
1001,54.68256759643555
1002,25.66047477722168
1003,45.74359893798828
1004,26.50027847290039
1005,35.285118103027344
1006,37.78599166870117
1007,42.67393493652344
1008,29.460477828979492
1009,60.15828323364258
1010,56.113975524902344
1011,33.7711181640625
1012,41.82748794555664
1013,30.724401473999023
1014,39.00046157836914
1015,41.17348098754883
1016,45.725006103515625
1017,37.73102951049805
1018,20.54488754272461
1019,39.152801513671875
1020,33.774288177490234
1021,26.086671829223633
1022,29.223182678222656
1023,52.57270050048828
1024,40.69479751586914
1025,40.49308776855469
1026,56.727622985839844
1027,61.025794982910156
1028,37.13044357299805
1029,48.45913314819336
1030,28.476261138916016
1031,54.588584899902344
1032,25.60462760925293
1033,45.65507125854492
1034,26.47995948791504
1035,35.241493225097656
1036,37.75
1037,42.64108657836914
1038,29.408706665039062
1039,60.12532424926758
1040,56.024593353271484
1041,33.72231674194336
1042,41.77593994140625
1043,30.702865600585938
1044,38.9703254699707
1045,41.09941482543945
1046,45.67265319824219
1047,37.68793487548828
1048,20.536779403686523
1049,39.07503128051758
1050,33.7201042175293
1051,26.01409912109375
1052,29.180423736572266
1053,52.4913444519043
1054,40.63546371459961
1055,40.42436981201172
1056,56.61508560180664
1057,60.9611701965332
1058,37.06053924560547
1059,48.37753677368164
1060,28.47089385986328
1061,54.49666213989258
1062,25.550880432128906
1063,45.56831359863281
1064,26.45876121520996
1065,35.19822311401367
1066,37.714637756347656
1067,42.60843276977539
1068,29.3572998046875
1069,60.091861724853516
1070,55.93567657470703
1071,33.672882080078125
1072,41.72446060180664
1073,30.681455612182617
1074,38.93935775756836
1075,41.02656555175781
1076,45.62089920043945
1077,37.64433670043945
1078,20.52876853942871
1079,38.99844741821289
1080,33.66670227050781
1081,25.94319725036621
1082,29.138700485229492
1083,52.41203689575195
1084,40.576927185058594
1085,40.355873107910156
1086,56.504642486572266
1087,60.89723587036133
1088,36.99140167236328
1089,48.295562744140625
1090,28.46526527404785
1091,54.406368255615234
1092,25.498916625976562
1093,45.48313903808594
1094,26.436824798583984
1095,35.15522766113281
1096,37.67984390258789
1097,42.576011657714844
1098,29.306325912475586
1099,60.058048248291016
1100,55.847206115722656
1101,33.623268127441406
1102,41.673248291015625
1103,30.66006851196289
1104,38.90752410888672
1105,40.954769134521484
1106,45.56996154785156
1107,37.600440979003906
1108,20.52094268798828
1109,38.922760009765625
1110,33.61408996582031
1111,25.873611450195312
1112,29.097854614257812
1113,52.334617614746094
1114,40.51914596557617
1115,40.28755187988281
1116,56.39627456665039
1117,60.834197998046875
1118,36.92283630371094
1119,48.213321685791016
1120,28.459230422973633
1121,54.3175048828125
1122,25.44838523864746
1123,45.39943313598633
1124,26.414155960083008
1125,35.11228561401367
1126,37.645530700683594
1127,42.5440559387207
1128,29.25580406188965
1129,60.02412033081055
1130,55.759185791015625
1131,33.573551177978516
1132,41.62217712402344
1133,30.63884162902832
1134,38.87507247924805
1135,40.88391876220703
1136,45.519779205322266
1137,37.55631637573242
1138,20.513160705566406
1139,38.84782409667969
1140,33.562129974365234
1141,25.805051803588867
1142,29.057823181152344
1143,52.25886535644531
1144,40.461971282958984
1145,40.219425201416016
1146,56.289634704589844
1147,60.77197265625
1148,36.85482406616211
1149,48.13068389892578
1150,28.45304298400879
1151,54.22987365722656
1152,25.399301528930664
1153,45.31698989868164
1154,26.390827178955078
1155,35.069374084472656
1156,37.61176300048828
1157,42.512569427490234
1158,29.205644607543945
1159,59.99025344848633
1160,55.67136764526367
1161,33.524024963378906
1162,41.57136154174805
1163,30.617752075195312
1164,38.84204864501953
1165,40.814048767089844
1166,45.470394134521484
1167,37.512062072753906
1168,20.50550651550293
1169,38.773597717285156
1170,33.51091003417969
1171,25.73761558532715
1172,29.018651962280273
1173,52.18473434448242
1174,40.405303955078125
1175,40.151424407958984
1176,56.18436813354492
1177,60.71042251586914
1178,36.78739547729492
1179,48.04758071899414
1180,28.446868896484375
1181,54.14334487915039
1182,25.351924896240234
1183,45.23591995239258
1184,26.36711883544922
1185,35.0264778137207
1186,37.57850646972656
1187,42.481666564941406
1188,29.156105041503906
1189,59.956298828125
1190,55.58366012573242
1191,33.47473907470703
1192,41.520774841308594
1193,30.59686279296875
1194,38.808414459228516
1195,40.745147705078125
1196,45.421756744384766
1197,37.467613220214844
1198,20.49801254272461
1199,38.69995880126953
1200,33.46041488647461
1201,25.671031951904297
1202,28.98033905029297
1203,52.11220169067383
1204,40.34941101074219
1205,40.083736419677734
1206,56.08104705810547
1207,60.65009689331055
1208,36.72032165527344
1209,47.96441650390625
1210,28.440269470214844
1211,54.05815887451172
1212,25.305240631103516
1213,45.155975341796875
1214,26.342716217041016
1215,34.983760833740234
1216,37.54567337036133
1217,42.4511833190918
1218,29.10672378540039
1219,59.92258071899414
1220,55.49656295776367
1221,33.425537109375
1222,41.470577239990234
1223,30.57607650756836
1224,38.77443313598633
1225,40.677085876464844
1226,45.37385559082031
1227,37.42311096191406
1228,20.490610122680664
1229,38.627017974853516
1230,33.410606384277344
1231,25.605310440063477
1232,28.942657470703125
1233,52.041133880615234
1234,40.294124603271484
1235,40.016357421875
1236,55.979068756103516
1237,60.59075164794922
1238,36.653648376464844
1239,47.881134033203125
1240,28.433448791503906
1241,53.974021911621094
1242,25.259382247924805
1243,45.07716369628906
1244,26.3178768157959
1245,34.94110870361328
1246,37.51324462890625
1247,42.421180725097656
1248,29.05776023864746
1249,59.88917922973633
1250,55.410125732421875
1251,33.376617431640625
1252,41.42071533203125
1253,30.555458068847656
1254,38.74013137817383
1255,40.60971450805664
1256,45.32686996459961
1257,37.37862777709961
1258,20.483264923095703
1259,38.55455780029297
1260,33.36143112182617
1261,25.540136337280273
1262,28.905651092529297
1263,51.971378326416016
1264,40.239376068115234
1265,39.949337005615234
1266,55.878360748291016
1267,60.5326042175293
1268,36.58721160888672
1269,47.79776382446289
1270,28.426179885864258
1271,53.890869140625
1272,25.213897705078125
1273,44.99930191040039
1274,26.292490005493164
1275,34.89851760864258
1276,37.481101989746094
1277,42.39176940917969
1278,29.00905418395996
1279,59.856117248535156
1280,55.32425308227539
1281,33.328094482421875
1282,41.371402740478516
1283,30.535036087036133
1284,38.70562744140625
1285,40.54298400878906
1286,45.280677795410156
1287,37.33423614501953
1288,20.475801467895508
1289,38.48255157470703
1290,33.31303405761719
1291,25.47540855407715
1292,28.86920166015625
1293,51.9029655456543
1294,40.185211181640625
1295,39.88276290893555
1296,55.77878189086914
1297,60.47564697265625
1298,36.521080017089844
1299,47.71417236328125
1300,28.418733596801758
1301,53.80860900878906
1302,25.16891098022461
1303,44.92243957519531
1304,26.266695022583008
1305,34.85593032836914
1306,37.44937515258789
1307,42.3629035949707
1308,28.96054458618164
1309,59.823726654052734
1310,55.239036560058594
1311,33.27997589111328
1312,41.32249450683594
1313,30.51483154296875
1314,38.67108917236328
1315,40.476871490478516
1316,45.23535919189453
1317,37.28987503051758
1318,20.468257904052734
1319,38.41090774536133
1320,33.265342712402344
1321,25.41087532043457
1322,28.833330154418945
1323,51.83574295043945
1324,40.13161087036133
1325,39.816612243652344
1326,55.68037796020508
1327,60.42008590698242
1328,36.45506286621094
1329,47.63044738769531
1330,28.411046981811523
1331,53.727195739746094
1332,25.124065399169922
1333,44.84642028808594
1334,26.240398406982422
1335,34.81331253051758
1336,37.41790771484375
1337,42.334678649902344
1338,28.912206649780273
1339,59.79209899902344
1340,55.15448760986328
1341,33.23227310180664
1342,41.2741584777832
1343,30.494779586791992
1344,38.63637924194336
1345,40.41135025024414
1346,45.19097137451172
1347,37.24580001831055
1348,20.460607528686523
1349,38.33952331542969
1350,33.21825408935547
1351,25.346609115600586
1352,28.798051834106445
1353,51.76973342895508
1354,40.07856750488281
1355,39.7508544921875
1356,55.58314514160156
1357,60.365962982177734
1358,36.38920211791992
1359,47.5466194152832
1360,28.403066635131836
1361,53.646697998046875
1362,25.079347610473633
1363,44.77131652832031
1364,26.21360969543457
1365,34.77064895629883
1366,37.38663101196289
1367,42.30710983276367
1368,28.8638858795166
1369,59.761417388916016
1370,55.070587158203125
1371,33.1849479675293
1372,41.22616195678711
1373,30.474884033203125
1374,38.601585388183594
1375,40.34661102294922
1376,45.14741134643555
1377,37.201904296875
1378,20.453323364257812
1379,38.26841354370117
1380,33.171783447265625
1381,25.28278160095215
1382,28.763336181640625
1383,51.70486831665039
1384,40.025901794433594
1385,39.68543243408203
1386,55.48677062988281
1387,60.31303405761719
1388,36.3236083984375
1389,47.46270751953125
1390,28.394725799560547
1391,53.56711196899414
1392,25.034461975097656
1393,44.69703674316406
1394,26.18617057800293
1395,34.72806930541992
1396,37.35562515258789
1397,42.28002166748047
1398,28.815584182739258
1399,59.73158645629883
1400,54.988094329833984
1401,33.1380729675293
1402,41.178897857666016
1403,30.455259323120117
1404,38.566829681396484
1405,40.28240966796875
1406,45.10496520996094
1407,37.1582145690918
1408,20.446054458618164
1409,38.1977424621582
1410,33.12580490112305
1411,25.219261169433594
1412,28.729034423828125
1413,51.64109420776367
1414,39.97359085083008
1415,39.62059020996094
1416,55.390899658203125
1417,60.26127243041992
1418,36.258216857910156
1419,47.378326416015625
1420,28.386430740356445
1421,53.48817443847656
1422,24.990020751953125
1423,44.62369918823242
1424,26.158557891845703
1425,34.68546676635742
1426,37.32499694824219
1427,42.253875732421875
1428,28.767927169799805
1429,59.702232360839844
1430,54.90585708618164
1431,33.092342376708984
1432,41.132347106933594
1433,30.43592643737793
1434,38.5318717956543
1435,40.21915054321289
1436,45.06344223022461
1437,37.11492156982422
1438,20.439254760742188
1439,38.12723922729492
1440,33.08039474487305
1441,25.155975341796875
1442,28.695484161376953
1443,51.57840347290039
1444,39.921993255615234
1445,39.55635452270508
1446,55.296451568603516
1447,60.21152114868164
1448,36.19293975830078
1449,47.294498443603516
1450,28.377498626708984
1451,53.410316467285156
1452,24.94483757019043
1453,44.551239013671875
1454,26.1303653717041
1455,34.64295959472656
1456,37.2945556640625
1457,42.228271484375
1458,28.719968795776367
1459,59.67436218261719
1460,54.824913024902344
1461,33.047218322753906
1462,41.08637619018555
1463,30.41683578491211
1464,38.497188568115234
1465,40.15655517578125
1466,45.02296447753906
1467,37.072242736816406
1468,20.432783126831055
1469,38.05657958984375
1470,33.03540802001953
1471,25.092391967773438
1472,28.662368774414062
1473,51.516456604003906
1474,39.87058639526367
1475,39.492652893066406
1476,55.20256805419922
1477,60.16358184814453
1478,36.1275749206543
1479,47.210662841796875
1480,28.36823844909668
1481,53.33308792114258
1482,24.89862060546875
1483,44.479434967041016
1484,26.10167121887207
1485,34.60028839111328
1486,37.263980865478516
1487,42.20352554321289
1488,28.671613693237305
1489,59.64841079711914
1490,54.7453727722168
1491,33.002742767333984
1492,41.04111099243164
1493,30.397937774658203
1494,38.462989807128906
1495,40.09431076049805
1496,44.98368453979492
1497,37.030235290527344
1498,20.426076889038086
1499,37.985843658447266
1500,32.990989685058594
1501,25.02837562561035
1502,28.629695892333984
1503,51.455238342285156
1504,39.819435119628906
1505,39.42942810058594
1506,55.108787536621094
1507,60.11699676513672
1508,36.06234359741211
1509,47.12656021118164
1510,28.35939598083496
1511,53.25613784790039
1512,24.852420806884766
1513,44.408199310302734
1514,26.072891235351562
1515,34.557350158691406
1516,37.23372268676758
1517,42.179779052734375
1518,28.623493194580078
1519,59.62407684326172
1520,54.666656494140625
1521,32.95941162109375
1522,40.996585845947266
1523,30.37931251525879
1524,38.429176330566406
1525,40.03266906738281
1526,44.94562530517578
1527,36.988895416259766
1528,20.419458389282227
1529,37.91498565673828
1530,32.94713592529297
1531,24.964019775390625
1532,28.59750747680664
1533,51.394893646240234
1534,39.768733978271484
1535,39.366886138916016
1536,55.01570129394531
1537,60.072208404541016
1538,35.9971809387207
1539,47.04248809814453
1540,28.350406646728516
1541,53.179786682128906
1542,24.805761337280273
1543,44.337860107421875
1544,26.043790817260742
1545,34.51442337036133
1546,37.20360565185547
1547,42.156978607177734
1548,28.57526969909668
1549,59.60126495361328
1550,54.58929443359375
1551,32.91688919067383
1552,40.952945709228516
1553,30.360836029052734
1554,38.39573669433594
1555,39.97150421142578
1556,44.90866470336914
1557,36.94818115234375
1558,20.41257095336914
1559,37.844268798828125
1560,32.903953552246094
1561,24.89954376220703
1562,28.565868377685547
1563,51.335506439208984
1564,39.71855545043945
1565,39.30508804321289
1566,54.9230842590332
1567,60.028873443603516
1568,35.93228530883789
1569,46.95825958251953
1570,28.34165382385254
1571,53.10395050048828
1572,24.759275436401367
1573,44.268310546875
1574,26.014564514160156
1575,34.47134780883789
1576,37.17375183105469
1577,42.135066986083984
1578,28.5273494720459
1579,59.57987594604492
1580,54.51280975341797
1581,32.87532043457031
1582,40.910037994384766
1583,30.342632293701172
1584,38.36259078979492
1585,39.91101837158203
1586,44.872920989990234
1587,36.90808868408203
1588,20.40559196472168
1589,37.773651123046875
1590,32.861515045166016
1591,24.834775924682617
1592,28.534873962402344
1593,51.277164459228516
1594,39.66897964477539
1595,39.243934631347656
1596,54.83140563964844
1597,59.98727798461914
1598,35.867523193359375
1599,46.8741569519043
1600,28.3327693939209
1601,53.028846740722656
1602,24.712539672851562
1603,44.19974899291992
1604,25.984987258911133
1605,34.42820358276367
1606,37.14401626586914
1607,42.114017486572266
1608,28.479312896728516
1609,59.560001373291016
1610,54.437660217285156
1611,32.83438491821289
1612,40.86779022216797
1613,30.32460594177246
1614,38.32981872558594
1615,39.85114288330078
1616,44.838348388671875
1617,36.86856460571289
1618,20.398393630981445
1619,37.703208923339844
1620,32.81982421875
1621,24.77011489868164
1622,28.504680633544922
1623,51.219905853271484
1624,39.61989212036133
1625,39.18331527709961
1626,54.74041748046875
1627,59.94694519042969
1628,35.803131103515625
1629,46.78984451293945
1630,28.324182510375977
1631,52.95443344116211
1632,24.66634750366211
1633,44.13224792480469
1634,25.955106735229492
1635,34.385005950927734
1636,37.11463165283203
1637,42.094017028808594
1638,28.431427001953125
1639,59.54158401489258
1640,54.36313247680664
1641,32.79436111450195
1642,40.82613754272461
1643,30.306838989257812
1644,38.29720687866211
1645,39.79206466674805
1646,44.80486297607422
1647,36.82965087890625
1648,20.391342163085938
1649,37.632877349853516
1650,32.77879333496094
1651,24.705434799194336
1652,28.475263595581055
1653,51.16372299194336
1654,39.57145690917969
1655,39.123321533203125
1656,54.65049743652344
1657,59.90835189819336
1658,35.73896408081055
1659,46.7058219909668
1660,28.315332412719727
1661,52.88089370727539
1662,24.620046615600586
1663,44.06575012207031
1664,25.924976348876953
1665,34.34177780151367
1666,37.085384368896484
1667,42.0748176574707
1668,28.383655548095703
1669,59.52459716796875
1670,54.28971481323242
1671,32.755149841308594
1672,40.78520584106445
1673,30.28932762145996
1674,38.26492691040039
1675,39.733741760253906
1676,44.772552490234375
1677,36.791358947753906
1678,20.384431838989258
1679,37.56283187866211
1680,32.73847198486328
1681,24.64086151123047
1682,28.446548461914062
1683,51.10862731933594
1684,39.523651123046875
1685,39.06406784057617
1686,54.5614013671875
1687,59.87126922607422
1688,35.67523956298828
1689,46.621891021728516
1690,28.306724548339844
1691,52.808101654052734
1692,24.5740909576416
1693,44.000274658203125
1694,25.894710540771484
1695,34.298622131347656
1696,37.056480407714844
1697,42.05657196044922
1698,28.337600708007812
1699,59.50725173950195
1700,54.207393646240234
1701,32.72218704223633
1702,40.74242401123047
1703,30.274065017700195
1704,38.22892761230469
1705,39.6824951171875
1706,44.73920440673828
1707,36.75419235229492
1708,20.38709831237793
1709,37.49442672729492
1710,32.696868896484375
1711,24.58324432373047
1712,28.422605514526367
1713,51.0553092956543
1714,39.476627349853516
1715,39.003944396972656
1716,54.48182678222656
1717,59.83636474609375
1718,35.61471939086914
1719,46.5491828918457
1720,28.291196823120117
1721,52.74456024169922
1722,24.522598266601562
1723,43.938758850097656
1724,25.862356185913086
1725,34.260616302490234
1726,37.026248931884766
1727,42.03468704223633
1728,28.286237716674805
1729,59.49320602416992
1730,54.14458465576172
1731,32.67700958251953
1732,40.70209884643555
1733,30.2568302154541
1734,38.198997497558594
1735,39.62640380859375
1736,44.707794189453125
1737,36.71677017211914
1738,20.380083084106445
1739,37.42985534667969
1740,32.659584045410156
1741,24.525856018066406
1742,28.396852493286133
1743,51.0025634765625
1744,39.43006134033203
1745,38.94607162475586
1746,54.392845153808594
1747,59.79294967651367
1748,35.55706787109375
1749,46.46562576293945
1750,28.28997802734375
1751,52.673194885253906
1752,24.49081802368164
1753,43.87813186645508
1754,25.83732795715332
1755,34.220306396484375
1756,37.0012321472168
1757,42.01804733276367
1758,28.244733810424805
1759,59.47420883178711
1760,54.07227325439453
1761,32.6412239074707
1762,40.66326141357422
1763,30.24138641357422
1764,38.1673469543457
1765,39.57320785522461
1766,44.676841735839844
1767,36.6796760559082
1768,20.375104904174805
1769,37.365943908691406
1770,32.623443603515625
1771,24.468544006347656
1772,28.372121810913086
1773,50.9531364440918
1774,39.387935638427734
1775,38.89146423339844
1776,54.313575744628906
1777,59.75952911376953
1778,35.497989654541016
1779,46.389244079589844
1780,28.280141830444336
1781,52.60736083984375
1782,24.449344635009766
1783,43.81855010986328
1784,25.80872344970703
1785,34.1819953918457
1786,36.9745979309082
1787,41.999935150146484
1788,28.199979782104492
1789,59.45692443847656
1790,54.007137298583984
1791,32.60255813598633
1792,40.62592315673828
1793,30.225566864013672
1794,38.136661529541016
1795,39.51970672607422
1796,44.64702224731445
1797,36.64262771606445
1798,20.369152069091797
1799,37.303436279296875
1800,32.588008880615234
1801,24.412857055664062
1802,28.34766960144043
1803,50.904136657714844
1804,39.344970703125
1805,38.83663558959961
1806,54.231136322021484
1807,59.722816467285156
1808,35.440608978271484
1809,46.309391021728516
1810,28.274497985839844
1811,52.54039001464844
1812,24.414382934570312
1813,43.76043701171875
1814,25.781707763671875
1815,34.14334487915039
1816,36.949615478515625
1817,41.98341751098633
1818,28.157785415649414
1819,59.438838958740234
1820,53.94308090209961
1821,32.56435012817383
1822,40.591064453125
1823,30.209619522094727
1824,38.108665466308594
1825,39.46391296386719
1826,44.61882781982422
1827,36.60574722290039
1828,20.356525421142578
1829,37.244041442871094
1830,32.55600357055664
1831,24.356895446777344
1832,28.321575164794922
1833,50.85627746582031
1834,39.30353927612305
1835,38.7851676940918
1836,54.145511627197266
1837,59.68387222290039
1838,35.38529586791992
1839,46.22715377807617
1840,28.27447509765625
1841,52.471187591552734
1842,24.38749122619629
1843,43.70328903198242
1844,25.758813858032227
1845,34.105587005615234
1846,36.9276123046875
1847,41.96942901611328
1848,28.121721267700195
1849,59.41731262207031
1850,53.87887191772461
1851,32.53104782104492
1852,40.559913635253906
1853,30.194740295410156
1854,38.082706451416016
1855,39.40797805786133
1856,44.59168243408203
1857,36.569618225097656
1858,20.341283798217773
1859,37.188045501708984
1860,32.52656173706055
1861,24.302040100097656
1862,28.294437408447266
1863,50.8099365234375
1864,39.26491165161133
1865,38.73774719238281
1866,54.0614013671875
1867,59.64662170410156
1868,35.33152770996094
1869,46.14754104614258
1870,28.275569915771484
1871,52.402854919433594
1872,24.362598419189453
1873,43.64753723144531
1874,25.738445281982422
1875,34.069793701171875
1876,36.90732192993164
1877,41.956356048583984
1878,28.08920669555664
1879,59.39412307739258
1880,53.81683349609375
1881,32.500946044921875
1882,40.53137969970703
1883,30.18092918395996
1884,38.0579719543457
1885,39.353511810302734
1886,44.56513977050781
1887,36.53451919555664
1888,20.32657814025879
1889,37.13460922241211
1890,32.49840545654297
1891,24.249530792236328
1892,28.267866134643555
1893,50.76496887207031
1894,39.22813034057617
1895,38.692684173583984
1896,53.97990417480469
1897,59.610626220703125
1898,35.27979278564453
1899,46.07120132446289
1900,28.27682113647461
1901,52.33675003051758
1902,24.33900260925293
1903,43.59360122680664
1904,25.71951675415039
1905,34.03584671020508
1906,36.88801956176758
1907,41.943660736083984
1908,28.05828094482422
1909,59.371131896972656
1910,53.75695037841797
1911,32.472076416015625
1912,40.50400161743164
1913,30.16790008544922
1914,38.03435134887695
1915,39.3007926940918
1916,44.53923416137695
1917,36.500606536865234
1918,20.31260108947754
1919,37.083370208740234
1920,32.471439361572266
1921,24.199363708496094
1922,28.242414474487305
1923,50.721256256103516
1924,39.19268035888672
1925,38.64915466308594
1926,53.90046691894531
1927,59.574806213378906
1928,35.23019027709961
1929,45.99746322631836
1930,28.27893829345703
1931,52.27250671386719
1932,24.317697525024414
1933,43.54166793823242
1934,25.702003479003906
1935,34.00330352783203
1936,36.86970520019531
1937,41.9316291809082
1938,28.02889060974121
1939,59.34864044189453
1940,53.69855880737305
1941,32.44427490234375
1942,40.477542877197266
1943,30.155542373657227
1944,38.01179122924805
1945,39.24959182739258
1946,44.51398468017578
1947,36.46788024902344
1948,20.2989444732666
1949,37.034244537353516
1950,32.445770263671875
1951,24.151395797729492
1952,28.217939376831055
1953,50.678768157958984
1954,39.15852737426758
1955,38.60717010498047
1956,53.823246002197266
1957,59.53916931152344
1958,35.18272018432617
1959,45.92623519897461
1960,28.28226089477539
1961,52.209983825683594
1962,24.298843383789062
1963,43.491607666015625
1964,25.686235427856445
1965,33.972129821777344
1966,36.85248947143555
1967,41.92020034790039
1968,28.001298904418945
1969,59.326351165771484
1970,53.64153289794922
1971,32.41777420043945
1972,40.452178955078125
1973,30.143857955932617
1974,37.99037551879883
1975,39.19997024536133
1976,44.48932647705078
1977,36.436397552490234
1978,20.285675048828125
1979,36.9872932434082
1980,32.42129898071289
1981,24.105653762817383
1982,28.194406509399414
1983,50.63740158081055
1984,39.125816345214844
1985,38.56681442260742
1986,53.74826431274414
1987,59.503868103027344
1988,35.137351989746094
1989,45.85785675048828
1990,28.286365509033203
1991,52.14935302734375
1992,24.282018661499023
1993,43.44337463378906
1994,25.671916961669922
1995,33.942501068115234
1996,36.836219787597656
1997,41.909156799316406
1998,27.975238800048828
1999,59.30428695678711
2000,53.586204528808594
2001,32.39237976074219
2002,40.427734375
2003,30.132823944091797
2004,37.96995162963867
2005,39.15185546875
2006,44.46514892578125
2007,36.40601348876953
2008,20.272830963134766
2009,36.94247817993164
2010,32.398048400878906
2011,24.062028884887695
2012,28.171794891357422
2013,50.597267150878906
2014,39.09436798095703
2015,38.52808380126953
2016,53.67539596557617
2017,59.468685150146484
2018,35.09402847290039
2019,45.792205810546875
2020,28.291210174560547
2021,52.090641021728516
2022,24.267229080200195
2023,43.396976470947266
2024,25.65907096862793
2025,33.91437911987305
2026,36.82084655761719
2027,41.89852523803711
2028,27.950695037841797
2029,59.28226089477539
2030,53.53216552734375
2031,32.36791229248047
2032,40.40412139892578
2033,30.122404098510742
2034,37.95054626464844
2035,39.10533142089844
2036,44.441383361816406
2037,36.37661361694336
2038,20.260417938232422
2039,36.8997802734375
2040,32.37587356567383
2041,24.02069664001465
2042,28.15009307861328
2043,50.55817413330078
2044,39.064151763916016
2045,38.49068069458008
2046,53.604736328125
2047,59.433570861816406
2048,35.05278778076172
2049,45.72909927368164
2050,28.29688262939453
2051,52.033565521240234
2052,24.254491806030273
2053,43.35236358642578
2054,25.6477108001709
2055,33.8875846862793
2056,36.806400299072266
2057,41.888267517089844
2058,27.9277400970459
2059,59.26042556762695
2060,53.479515075683594
2061,32.34455108642578
2062,40.381385803222656
2063,30.112579345703125
2064,37.93220138549805
2065,39.06031036376953
2066,44.4181022644043
2067,36.34833526611328
2068,20.24842071533203
2069,36.859130859375
2070,32.35478591918945
2071,23.981393814086914
2072,28.12921714782715
2073,50.5201416015625
2074,39.03518295288086
2075,38.454891204833984
2076,53.53615188598633
2077,59.39850997924805
2078,35.013526916503906
2079,45.668922424316406
2080,28.30330467224121
2081,51.978336334228516
2082,24.24362564086914
2083,43.30944061279297
2084,25.63787078857422
2085,33.862266540527344
2086,36.79296112060547
2087,41.878387451171875
2088,27.906234741210938
2089,59.23856735229492
2090,53.42820739746094
2091,32.32233428955078
2092,40.3594970703125
2093,30.103378295898438
2094,37.914794921875
2095,39.016849517822266
2096,44.395103454589844
2097,36.32113265991211
2098,20.23697853088379
2099,36.82048797607422
2100,32.334632873535156
2101,23.944107055664062
2102,28.10906219482422
2103,50.48302459716797
2104,39.007545471191406
2105,38.420692443847656
2106,53.469905853271484
2107,59.36384582519531
2108,34.976234436035156
2109,45.61174774169922
2110,28.310190200805664
2111,51.92485809326172
2112,24.234094619750977
2113,43.2680549621582
2114,25.629549026489258
2115,33.838539123535156
2116,36.780269622802734
2117,41.86864471435547
2118,27.886272430419922
2119,59.216861724853516
2120,53.37851333618164
2121,32.3012580871582
2122,40.3385009765625
2123,30.094785690307617
2124,37.89859390258789
2125,38.97481155395508
2126,44.37250900268555
2127,36.295108795166016
2128,20.22606658935547
2129,36.78376770019531
2130,32.31544494628906
2131,23.908842086791992
2132,28.089519500732422
2133,50.44673156738281
2134,38.980892181396484
2135,38.38805389404297
2136,53.405582427978516
2137,59.32929229736328
2138,34.94078063964844
2139,45.55754089355469
2140,28.317855834960938
2141,51.872982025146484
2142,24.22597312927246
2143,43.2280387878418
2144,25.622770309448242
2145,33.81616973876953
2146,36.768428802490234
2147,41.85924530029297
2148,27.86779022216797
2149,59.19544982910156
2150,53.330352783203125
2151,32.281307220458984
2152,40.31835174560547
2153,30.086862564086914
2154,37.88347625732422
2155,38.93418884277344
2156,44.35025405883789
2157,36.270233154296875
2158,20.2156982421875
2159,36.74903869628906
2160,32.297115325927734
2161,23.87540626525879
2162,28.070486068725586
2163,50.41126251220703
2164,38.95545959472656
2165,38.356956481933594
2166,53.34334945678711
2167,59.29507064819336
2168,34.9072151184082
2169,45.50638198852539
2170,28.326087951660156
2171,51.8228645324707
2172,24.21898078918457
2173,43.18943405151367
2174,25.617536544799805
2175,33.79529571533203
2176,36.757408142089844
2177,41.85002899169922
2178,27.850648880004883
2179,59.17433166503906
2180,53.283782958984375
2181,32.26252365112305
2182,40.29911422729492
2183,30.079448699951172
2184,37.869564056396484
2185,38.89492416381836
2186,44.328304290771484
2187,36.24650955200195
2188,20.20574378967285
2189,36.716182708740234
2190,32.279640197753906
2191,23.84375
2192,28.051904678344727
2193,50.376468658447266
2194,38.93107986450195
2195,38.32745361328125
2196,53.283119201660156
2197,59.26124572753906
2198,34.87543869018555
2199,45.45822525024414
2200,28.334814071655273
2201,51.77436065673828
2202,24.212894439697266
2203,43.152034759521484
2204,25.613862991333008
2205,33.775909423828125
2206,36.7470588684082
2207,41.84093475341797
2208,27.83498191833496
2209,59.153446197509766
2210,53.23884201049805
2211,32.24488067626953
2212,40.28073501586914
2213,30.07268714904785
2214,37.856842041015625
2215,38.85689926147461
2216,44.30668258666992
2217,36.22388458251953
2218,20.196630477905273
2219,36.68513107299805
2220,32.262779235839844
2221,23.813880920410156
2222,28.03375244140625
2223,50.34239196777344
2224,38.907752990722656
2225,38.29948043823242
2226,53.22479248046875
2227,59.227806091308594
2228,34.8453254699707
2229,45.413177490234375
2230,28.34392738342285
2231,51.727508544921875
2232,24.207599639892578
2233,43.11589050292969
2234,25.611526489257812
2235,33.75794982910156
2236,36.737518310546875
2237,41.831974029541016
2238,27.82067108154297
2239,59.13268280029297
2240,53.19564437866211
2241,32.2282600402832
2242,40.263336181640625
2243,30.066486358642578
2244,37.84524917602539
2245,38.8203125
2246,44.285377502441406
2247,36.20237731933594
2248,20.18802833557129
2249,36.65583419799805
2250,32.24676513671875
2251,23.785680770874023
2252,28.016016006469727
2253,50.3089714050293
2254,38.885475158691406
2255,38.27303695678711
2256,53.168701171875
2257,59.19478988647461
2258,34.81682586669922
2259,45.371273040771484
2260,28.353137969970703
2261,51.68232345581055
2262,24.20281410217285
2263,43.08089828491211
2264,25.61045265197754
2265,33.741485595703125
2266,36.728515625
2267,41.82304000854492
2268,27.807422637939453
2269,59.1121940612793
2270,53.154083251953125
2271,32.21257019042969
2272,40.24650192260742
2273,30.06075668334961
2274,37.83456802368164
2275,38.78499984741211
2276,44.26429748535156
2277,36.18190002441406
2278,20.18009376525879
2279,36.62827682495117
2280,32.23137283325195
2281,23.75908660888672
2282,27.998815536499023
2283,50.27629852294922
2284,38.86423110961914
2285,38.24794387817383
2286,53.114742279052734
2287,59.1624641418457
2288,34.78989028930664
2289,45.332359313964844
2290,28.362411499023438
2291,51.63890838623047
2292,24.19829750061035
2293,43.04697799682617
2294,25.610429763793945
2295,33.726226806640625
2296,36.72003173828125
2297,41.81413269042969
2298,27.795137405395508
2299,59.09213638305664
2300,53.114139556884766
2301,32.19774627685547
2302,40.230499267578125
2303,30.05556869506836
2304,37.82488250732422
2305,38.751014709472656
2306,44.24346160888672
2307,36.16244888305664
2308,20.17286491394043
2309,36.60214614868164
2310,32.21657943725586
2311,23.73397445678711
2312,27.981962203979492
2313,50.24427032470703
2314,38.843936920166016
2315,38.2242546081543
2316,53.062904357910156
2317,59.130828857421875
2318,34.7642936706543
2319,45.29644775390625
2320,28.3715877532959
2321,51.597129821777344
2322,24.1937255859375
2323,43.01399230957031
2324,25.611486434936523
2325,33.712345123291016
2326,36.71196746826172
2327,41.80515670776367
2328,27.78369903564453
2329,59.072540283203125
2330,53.075950622558594
2331,32.18374252319336
2332,40.21508026123047
2333,30.050853729248047
2334,37.81623077392578
2335,38.718238830566406
2336,44.22293472290039
2337,36.14408874511719
2338,20.16632652282715
2339,36.577415466308594
2340,32.20229721069336
2341,23.710098266601562
2342,27.96546745300293
2343,50.21282958984375
2344,38.82460403442383
2345,38.201900482177734
2346,53.013153076171875
2347,59.100067138671875
2348,34.7399787902832
2349,45.26359939575195
2350,28.380542755126953
2351,51.55690002441406
2352,24.188644409179688
2353,42.981910705566406
2354,25.613386154174805
2355,33.699649810791016
2356,36.70426559448242
2357,41.796119689941406
2358,27.77281951904297
2359,59.053611755371094
2360,53.03962707519531
2361,32.17045211791992
2362,40.200321197509766
2363,30.046527862548828
2364,37.80851364135742
2365,38.686641693115234
2366,44.202659606933594
2367,36.12665939331055
2368,20.160531997680664
2369,36.55392837524414
2370,32.18840789794922
2371,23.687484741210938
2372,27.949304580688477
2373,50.18183517456055
2374,38.805904388427734
2375,38.18065643310547
2376,52.96514892578125
2377,59.06999969482422
2378,34.71684646606445
2379,45.23343276977539
2380,28.38935089111328
2381,51.51819610595703
2382,24.1833553314209
2383,42.950626373291016
2384,25.616086959838867
2385,33.68798828125
2386,36.69688415527344
2387,41.78702926635742
2388,27.762691497802734
2389,59.03529739379883
2390,53.004791259765625
2391,32.157875061035156
2392,40.18608856201172
2393,30.042634963989258
2394,37.80169677734375
2395,38.656105041503906
2396,44.18266296386719
2397,36.11021423339844
2398,20.155345916748047
2399,36.531585693359375
2400,32.17500686645508
2401,23.66583251953125
2402,27.933460235595703
2403,50.151336669921875
2404,38.78805923461914
2405,38.16058349609375
2406,52.918975830078125
2407,59.04065704345703
2408,34.69480895996094
2409,45.20583724975586
2410,28.398048400878906
2411,51.48078918457031
2412,24.177675247192383
2413,42.920047760009766
2414,25.619638442993164
2415,33.677391052246094
2416,36.68977355957031
2417,41.77799606323242
2418,27.753196716308594
2419,59.01751708984375
2420,52.96881103515625
2421,32.14773178100586
2422,40.170291900634766
2423,30.03965950012207
2424,37.792240142822266
2425,38.630340576171875
2426,44.161827087402344
2427,36.094215393066406
2428,20.157333374023438
2429,36.508243560791016
2430,32.160099029541016
2431,23.645753860473633
2432,27.920190811157227
2433,50.12299346923828
2434,38.77289581298828
2435,38.141387939453125
2436,52.8834342956543
2437,59.02064895629883
2438,34.67097854614258
2439,45.18695068359375
2440,28.3958683013916
2441,51.44967269897461
2442,24.15867042541504
2443,42.889366149902344
2444,25.617734909057617
2445,33.668270111083984
2446,36.67922592163086
2447,41.765689849853516
2448,27.737468719482422
2449,59.0033073425293
2450,52.94136428833008
2451,32.13261032104492
2452,40.15523910522461
2453,30.035903930664062
2454,37.78453063964844
2455,38.603519439697266
2456,44.14187240600586
2457,36.078704833984375
2458,20.1580753326416
2459,36.485252380371094
2460,32.144962310791016
2461,23.62632179260254
2462,27.906742095947266
2463,50.09347915649414
2464,38.7548713684082
2465,38.120582580566406
2466,52.841552734375
2467,58.994361877441406
2468,34.649227142333984
2469,45.16287612915039
2470,28.400789260864258
2471,51.4158821105957
2472,24.148151397705078
2473,42.859920501708984
2474,25.6186580657959
2475,33.6579475402832
2476,36.67062759399414
2477,41.75566864013672
2478,27.724775314331055
2479,58.989131927490234
2480,52.90979766845703
2481,32.12015914916992
2482,40.139652252197266
2483,30.03256607055664
2484,37.776145935058594
2485,38.57817840576172
2486,44.122318267822266
2487,36.06367492675781
2488,20.1594181060791
2489,36.46228790283203
2490,32.130409240722656
2491,23.606599807739258
2492,27.894075393676758
2493,50.0654296875
2494,38.738670349121094
2495,38.10082244873047
2496,52.80429458618164
2497,58.972434997558594
2498,34.626773834228516
2499,45.14204788208008
2500,28.401748657226562
2501,51.38448715209961
2502,24.13300323486328
2503,42.83066940307617
2504,25.617794036865234
2505,33.64822006225586
2506,36.661067962646484
2507,41.74491882324219
2508,27.710384368896484
2509,58.976158142089844
2510,52.88108444213867
2511,32.106651306152344
2512,40.124629974365234
2513,30.02906608581543
2514,37.76844787597656
2515,38.552696228027344
2516,44.103294372558594
2517,36.048919677734375
2518,20.16042137145996
2519,36.439510345458984
2520,32.115901947021484
2521,23.5871524810791
2522,27.881399154663086
2523,50.037353515625
2524,38.721805572509766
2525,38.08101272583008
2526,52.76551818847656
2527,58.9492301940918
2528,34.605140686035156
2529,45.12001419067383
2530,28.404579162597656
2531,51.352664947509766
2532,24.12006378173828
2533,42.80205535888672
2534,25.617698669433594
2535,33.638206481933594
2536,36.65203857421875
2537,41.73490905761719
2538,27.69698143005371
2539,58.96358871459961
2540,52.851898193359375
2541,32.093997955322266
2542,40.10966491699219
2543,30.02568817138672
2544,37.76070785522461
2545,38.52779769897461
2546,44.084720611572266
2547,36.03450012207031
2548,20.161407470703125
2549,36.41692352294922
2550,32.101715087890625
2551,23.567670822143555
2552,27.86909294128418
2553,50.0100212097168
2554,38.705596923828125
2555,38.06159973144531
2556,52.72813415527344
2557,58.92731475830078
2558,34.58357238769531
2559,45.098697662353516
2560,28.40660858154297
2561,51.32163619995117
2562,24.10642433166504
2563,42.77382278442383
2564,25.617168426513672
2565,33.62838363647461
2566,36.64291763305664
2567,41.72501754760742
2568,27.683290481567383
2569,58.95155715942383
2570,52.82363510131836
2571,32.08134460449219
2572,40.09503173828125
2573,30.02228355407715
2574,37.75313949584961
2575,38.503273010253906
2576,44.06659698486328
2577,36.020416259765625
2578,20.162322998046875
2579,36.3946533203125
2580,32.087730407714844
2581,23.54839515686035
2582,27.856962203979492
2583,49.98298263549805
2584,38.68935775756836
2585,38.04240036010742
2586,52.69095993041992
2587,58.90556716918945
2588,34.562400817871094
2589,45.077396392822266
2590,28.409086227416992
2591,51.29099655151367
2592,24.093395233154297
2593,42.746097564697266
2594,25.616710662841797
2595,33.618465423583984
2596,36.63406753540039
2597,41.71546173095703
2598,27.66994857788086
2599,58.940025329589844
2600,52.795570373535156
2601,32.06906509399414
2602,40.080631256103516
2603,30.01896858215332
2604,37.74575424194336
2605,38.47917556762695
2606,44.04885482788086
2607,36.00668716430664
2608,20.16320037841797
2609,36.37255859375
2610,32.07404708862305
2611,23.529293060302734
2612,27.845081329345703
2613,49.95651626586914
2614,38.673492431640625
2615,38.02360916137695
2616,52.654563903808594
2617,58.884559631347656
2618,34.54143142700195
2619,45.05643081665039
2620,28.411212921142578
2621,51.260826110839844
2622,24.080270767211914
2623,42.7188606262207
2624,25.616209030151367
2625,33.608707427978516
2626,36.625301361083984
2627,41.70614242553711
2628,27.656742095947266
2629,58.92892837524414
2630,52.76811218261719
2631,32.05715560913086
2632,40.06648254394531
2633,30.015810012817383
2634,37.73818588256836
2635,38.45582580566406
2636,44.03135681152344
2637,35.993247985839844
2638,20.164897918701172
2639,36.35087585449219
2640,32.06032180786133
2641,23.510671615600586
2642,27.833541870117188
2643,49.93043518066406
2644,38.65753936767578
2645,38.00474548339844
2646,52.61907958984375
2647,58.86377716064453
2648,34.52107238769531
2649,45.03667068481445
2650,28.412811279296875
2651,51.23180389404297
2652,24.06664276123047
2653,42.69216537475586
2654,25.615427017211914
2655,33.599365234375
2656,36.61639404296875
2657,41.6965446472168
2658,27.643245697021484
2659,58.918174743652344
2660,52.74229049682617
2661,32.04479217529297
2662,40.052520751953125
2663,30.012596130371094
2664,37.73118209838867
2665,38.43270492553711
2666,44.01424026489258
2667,35.97996139526367
2668,20.165809631347656
2669,36.32979202270508
2670,32.047203063964844
2671,23.49248695373535
2672,27.822092056274414
2673,49.90492630004883
2674,38.64228820800781
2675,37.98674774169922
2676,52.584014892578125
2677,58.84333419799805
2678,34.5010871887207
2679,45.01673126220703
2680,28.415098190307617
2681,51.20281219482422
2682,24.054256439208984
2683,42.66600036621094
2684,25.61504554748535
2685,33.59004592895508
2686,36.60797882080078
2687,41.687522888183594
2688,27.630630493164062
2689,58.90734100341797
2690,52.71597671508789
2691,32.03329086303711
2692,40.039005279541016
2693,30.00946617126465
2694,37.72425842285156
2695,38.409908294677734
2696,43.99748992919922
2697,35.967041015625
2698,20.166576385498047
2699,36.30904006958008
2700,32.03428649902344
2701,23.47441291809082
2702,27.810836791992188
2703,49.87985610961914
2704,38.627323150634766
2705,37.968994140625
2706,52.54949951171875
2707,58.82345199584961
2708,34.481292724609375
2709,44.9970817565918
2710,28.417234420776367
2711,51.174339294433594
2712,24.04202651977539
2713,42.6402702331543
2714,25.61467742919922
2715,33.580814361572266
2716,36.59970474243164
2717,41.678733825683594
2718,27.618122100830078
2719,58.89684295654297
2720,52.69016647338867
2721,32.021915435791016
2722,40.025718688964844
2723,30.006383895874023
2724,37.7174186706543
2725,38.38750076293945
2726,43.98109436035156
2727,35.954349517822266
2728,20.167343139648438
2729,36.28849411010742
2730,32.02165222167969
2731,23.456565856933594
2732,27.79989242553711
2733,49.855316162109375
2734,38.612525939941406
2735,37.951499938964844
2736,52.51545715332031
2737,58.80384063720703
2738,34.4619140625
2739,44.97743225097656
2740,28.41954231262207
2741,51.14619064331055
2742,24.03022003173828
2743,42.615013122558594
2744,25.61425018310547
2745,33.57155227661133
2746,36.591522216796875
2747,41.6701545715332
2748,27.60582733154297
2749,58.886722564697266
2750,52.664615631103516
2751,32.01078414916992
2752,40.01253890991211
2753,30.00331687927246
2754,37.710716247558594
2755,38.36545944213867
2756,43.965171813964844
2757,35.94184875488281
2758,20.168067932128906
2759,36.26824951171875
2760,32.00920486450195
2761,23.438936233520508
2762,27.789127349853516
2763,49.83128356933594
2764,38.59801483154297
2765,37.93424606323242
2766,52.482059478759766
2767,58.78470993041992
2768,34.442718505859375
2769,44.95804214477539
2770,28.42177391052246
2771,51.11863327026367
2772,24.018653869628906
2773,42.59028244018555
2774,25.61367416381836
2775,33.56232833862305
2776,36.58350372314453
2777,41.66183853149414
2778,27.593698501586914
2779,58.876853942871094
2780,52.639404296875
2781,31.999893188476562
2782,39.99961853027344
2783,30.00025177001953
2784,37.704036712646484
2785,38.343849182128906
2786,43.949462890625
2787,35.929569244384766
2788,20.168724060058594
2789,36.24828338623047
2790,31.997028350830078
2791,23.421554565429688
2792,27.778640747070312
2793,49.807640075683594
2794,38.58369827270508
2795,37.91724395751953
2796,52.44926834106445
2797,58.76607131958008
2798,34.42390823364258
2799,44.93873977661133
2800,28.423938751220703
2801,51.09144973754883
2802,24.007413864135742
2803,42.56605911254883
2804,25.613088607788086
2805,33.55330276489258
2806,36.57567596435547
2807,41.653743743896484
2808,27.581787109375
2809,58.86717224121094
2810,52.614681243896484
2811,31.989208221435547
2812,39.98691177368164
2813,29.99726104736328
2814,37.69734573364258
2815,38.32261657714844
2816,43.934104919433594
2817,35.91743087768555
2818,20.169391632080078
2819,36.228607177734375
2820,31.985044479370117
2821,23.4044132232666
2822,27.768461227416992
2823,49.784549713134766
2824,38.5697135925293
2825,37.90045166015625
2826,52.417057037353516
2827,58.74772644042969
2828,34.40532684326172
2829,44.919612884521484
2830,28.426063537597656
2831,51.06477355957031
2832,23.996471405029297
2833,42.54227828979492
2834,25.61240577697754
2835,33.54423141479492
2836,36.56792068481445
2837,41.645774841308594
2838,27.570016860961914
2839,58.85759735107422
2840,52.590213775634766
2841,31.978675842285156
2842,39.97446823120117
2843,29.994264602661133
2844,37.690650939941406
2845,38.30188751220703
2846,43.91912078857422
2847,35.905479431152344
2848,20.1700496673584
2849,36.20924377441406
2850,31.973276138305664
2851,23.387632369995117
2852,27.758420944213867
2853,49.76201248168945
2854,38.55588912963867
2855,37.88393783569336
2856,52.38529968261719
2857,58.729736328125
2858,34.387107849121094
2859,44.900672912597656
2860,28.428203582763672
2861,51.03858184814453
2862,23.985979080200195
2863,42.51903533935547
2864,25.611675262451172
2865,33.53525924682617
2866,36.560302734375
2867,41.63810729980469
2868,27.558496475219727
2869,58.84830093383789
2870,52.566097259521484
2871,31.968305587768555
2872,39.962093353271484
2873,29.99131965637207
2874,37.6839714050293
2875,38.28150177001953
2876,43.90440368652344
2877,35.893707275390625
2878,20.170656204223633
2879,36.19024658203125
2880,31.961828231811523
2881,23.37116050720215
2882,27.748767852783203
2883,49.73990249633789
2884,38.54242706298828
2885,37.867679595947266
2886,52.35429763793945
2887,58.712196350097656
2888,34.369163513183594
2889,44.881935119628906
2890,28.430240631103516
2891,51.01289749145508
2892,23.97563362121582
2893,42.496253967285156
2894,25.610774993896484
2895,33.52637481689453
2896,36.55280303955078
2897,41.63057327270508
2898,27.54698371887207
2899,58.83926010131836
2900,52.54246520996094
2901,31.957983016967773
2902,39.94990158081055
2903,29.988374710083008
2904,37.67737579345703
2905,38.26150894165039
2906,43.889991760253906
2907,35.88216018676758
2908,20.171255111694336
2909,36.171470642089844
2910,31.950538635253906
2911,23.354881286621094
2912,27.73924446105957
2913,49.71831512451172
2914,38.529014587402344
2915,37.85155487060547
2916,52.32378005981445
2917,58.69485092163086
2918,34.35151672363281
2919,44.86325454711914
2920,28.432287216186523
2921,50.987640380859375
2922,23.965726852416992
2923,42.47402572631836
2924,25.609769821166992
2925,33.517452239990234
2926,36.5453987121582
2927,41.62324523925781
2928,27.53561019897461
2929,58.830501556396484
2930,52.51900863647461
2931,31.94793128967285
2932,39.93782424926758
2933,29.98550033569336
2934,37.67072677612305
2935,38.24195098876953
2936,43.87592697143555
2937,35.87068557739258
2938,20.171838760375977
2939,36.1529655456543
2940,31.939477920532227
2941,23.339059829711914
2942,27.730133056640625
2943,49.697208404541016
2944,38.51599884033203
2945,37.835670471191406
2946,52.29402160644531
2947,58.67805862426758
2948,34.33414077758789
2949,44.84490203857422
2950,28.434104919433594
2951,50.962928771972656
2952,23.955841064453125
2953,42.45220184326172
2954,25.608665466308594
2955,33.5086669921875
2956,36.53805923461914
2957,41.61603927612305
2958,27.524351119995117
2959,58.82188415527344
2960,52.49608612060547
2961,31.93781280517578
2962,39.92598342895508
2963,29.982519149780273
2964,37.66416931152344
2965,38.222721099853516
2966,43.86214065551758
2967,35.85947036743164
2968,20.172372817993164
2969,36.13481521606445
2970,31.928552627563477
2971,23.323421478271484
2972,27.721147537231445
2973,49.67649841308594
2974,38.50304412841797
2975,37.82000732421875
2976,52.26456069946289
2977,58.66145706176758
2978,34.317039489746094
2979,44.82655334472656
2980,28.43604850769043
2981,50.93865203857422
2982,23.946449279785156
2983,42.43086242675781
2984,25.60749626159668
2985,33.49991989135742
2986,36.5308952331543
2987,41.60900115966797
2988,27.513221740722656
2989,58.81357192993164
2990,52.473331451416016
2991,31.928014755249023
2992,39.914310455322266
2993,29.979705810546875
2994,37.657615661621094
2995,38.203941345214844
2996,43.84859848022461
2997,35.84834289550781
2998,20.1729793548584
2999,36.11687469482422
3000,31.917970657348633
3001,23.308027267456055
3002,27.712482452392578
3003,49.6562614440918
3004,38.49045181274414
3005,37.80451965332031
3006,52.23580551147461
3007,58.64534378051758
3008,34.300167083740234
3009,44.8084602355957
3010,28.437767028808594
3011,50.914798736572266
3012,23.937131881713867
3013,42.409889221191406
3014,25.606224060058594
3015,33.491329193115234
3016,36.52378845214844
3017,41.60211944580078
3018,27.502239227294922
3019,58.80534744262695
3020,52.45112609863281
3021,31.918272018432617
3022,39.90281295776367
3023,29.976825714111328
3024,37.65098571777344
3025,38.185482025146484
3026,43.835365295410156
3027,35.83738708496094
3028,20.173587799072266
3029,36.099273681640625
3030,31.907522201538086
3031,23.292970657348633
3032,27.70395851135254
3033,49.636478424072266
3034,38.478050231933594
3035,37.78934097290039
3036,52.20745849609375
3037,58.62944412231445
3038,34.28364944458008
3039,44.790489196777344
3040,28.43954849243164
3041,50.891326904296875
3042,23.928213119506836
3043,42.38942337036133
3044,25.604917526245117
3045,33.482749938964844
3046,36.51688003540039
3047,41.59538269042969
3048,27.491426467895508
3049,58.79723358154297
3050,52.42909622192383
3051,31.908628463745117
3052,39.89147186279297
3053,29.973960876464844
3054,37.64449691772461
3055,38.167396545410156
3056,43.822410583496094
3057,35.82655334472656
3058,20.174076080322266
3059,36.08197021484375
3060,31.897262573242188
3061,23.278263092041016
3062,27.69569206237793
3063,49.617156982421875
3064,38.46579360961914
3065,37.774314880371094
3066,52.179630279541016
3067,58.613807678222656
3068,34.267478942871094
3069,44.77257537841797
3070,28.441373825073242
3071,50.868309020996094
3072,23.919719696044922
3073,42.36941909790039
3074,25.603532791137695
3075,33.47414779663086
3076,36.50998306274414
3077,41.58887481689453
3078,27.480798721313477
3079,58.7893180847168
3080,52.40739440917969
3081,31.899181365966797
3082,39.880245208740234
3083,29.97113037109375
3084,37.63792419433594
3085,38.14970397949219
3086,43.80970764160156
3087,35.815895080566406
3088,20.174591064453125
3089,36.06493377685547
3090,31.887256622314453
3091,23.26373291015625
3092,27.687776565551758
3093,49.59821319580078
3094,38.45378875732422
3095,37.759422302246094
3096,52.15229797363281
3097,58.598453521728516
3098,34.251468658447266
3099,44.754798889160156
3100,28.443161010742188
3101,50.84574890136719
3102,23.911666870117188
3103,42.349891662597656
3104,25.602067947387695
3105,33.46571731567383
3106,36.50324630737305
3107,41.58250427246094
3108,27.47028923034668
3109,58.7816276550293
3110,52.385955810546875
3111,31.88978385925293
3112,39.869136810302734
3113,29.96832275390625
3114,37.631351470947266
3115,38.13236618041992
3116,43.79728698730469
3117,35.80538558959961
3118,20.17507553100586
3119,36.04819107055664
3120,31.877395629882812
3121,23.249526977539062
3122,27.68003273010254
3123,49.57975769042969
3124,38.441978454589844
3125,37.74478530883789
3126,52.125526428222656
3127,58.58331298828125
3128,34.23578643798828
3129,44.73715591430664
3130,28.444942474365234
3131,50.823570251464844
3132,23.90382194519043
3133,42.33079147338867
3134,25.600515365600586
3135,33.45730972290039
3136,36.496673583984375
3137,41.57623291015625
3138,27.459915161132812
3139,58.77409744262695
3140,52.36482238769531
3141,31.8804988861084
3142,39.85817337036133
3143,29.965551376342773
3144,37.62479782104492
3145,38.115360260009766
3146,43.78507614135742
3147,35.794979095458984
3148,20.17555809020996
3149,36.0316276550293
3150,31.867801666259766
3151,23.235597610473633
3152,27.67255401611328
3153,49.56170654296875
3154,38.43040084838867
3155,37.73025894165039
3156,52.099281311035156
3157,58.56842041015625
3158,34.22038650512695
3159,44.71955490112305
3160,28.44673728942871
3161,50.80186080932617
3162,23.896387100219727
3163,42.3121223449707
3164,25.598970413208008
3165,33.44888687133789
3166,36.49015426635742
3167,41.57025146484375
3168,27.449668884277344
3169,58.76668930053711
3170,52.34394073486328
3171,31.871261596679688
3172,39.84733581542969
3173,29.962717056274414
3174,37.618228912353516
3175,38.098670959472656
3176,43.77318572998047
3177,35.78474044799805
3178,20.176027297973633
3179,36.01537322998047
3180,31.858413696289062
3181,23.22183609008789
3182,27.66529655456543
3183,49.54414749145508
3184,38.419002532958984
3185,37.715885162353516
3186,52.07352066040039
3187,58.55385971069336
3188,34.205230712890625
3189,44.702171325683594
3190,28.448476791381836
3191,50.78049087524414
3192,23.88922119140625
3193,42.29389572143555
3194,25.59729766845703
3195,33.44057846069336
3196,36.48377227783203
3197,41.5643310546875
3198,27.43954849243164
3199,58.75946807861328
3200,52.32339859008789
3201,31.86217498779297
3202,39.83659744262695
3203,29.959962844848633
3204,37.61166000366211
3205,38.0823974609375
3206,43.7614631652832
3207,35.774574279785156
3208,20.176496505737305
3209,35.9993896484375
3210,31.849184036254883
3211,23.208465576171875
3212,27.658288955688477
3213,49.52693557739258
3214,38.4078254699707
3215,37.70170211791992
3216,52.048255920410156
3217,58.53948974609375
3218,34.19038391113281
3219,44.68478012084961
3220,28.45029067993164
3221,50.759437561035156
3222,23.882511138916016
3223,42.27607345581055
3224,25.595617294311523
3225,33.43236541748047
3226,36.47757339477539
3227,41.558570861816406
3228,27.42963218688965
3229,58.75237274169922
3230,52.30290603637695
3231,31.85321044921875
3232,39.82595443725586
3233,29.95721435546875
3234,37.60511779785156
3235,38.06648254394531
3236,43.750064849853516
3237,35.76459503173828
3238,20.176937103271484
3239,35.98360824584961
3240,31.840133666992188
3241,23.1953125
3242,27.651527404785156
3243,49.51017379760742
3244,38.3968391418457
3245,37.68766403198242
3246,52.02350997924805
3247,58.52546691894531
3248,34.175758361816406
3249,44.66765594482422
3250,28.45197868347168
3251,50.73896408081055
3252,23.876035690307617
3253,42.258636474609375
3254,25.593807220458984
3255,33.42416000366211
3256,36.471370697021484
3257,41.55296325683594
3258,27.419816970825195
3259,58.74539566040039
3260,52.282814025878906
3261,31.844255447387695
3262,39.81549072265625
3263,29.95444679260254
3264,37.59857177734375
3265,38.050846099853516
3266,43.738853454589844
3267,35.754703521728516
3268,20.177309036254883
3269,35.968116760253906
3270,31.83131217956543
3271,23.182401657104492
3272,27.644989013671875
3273,49.49383544921875
3274,38.385990142822266
3275,37.67375183105469
3276,51.99911117553711
3277,58.5115966796875
3278,34.16142272949219
3279,44.650482177734375
3280,28.453767776489258
3281,50.71872329711914
3282,23.869922637939453
3283,42.241634368896484
3284,25.592041015625
3285,33.416015625
3286,36.465370178222656
3287,41.5474967956543
3288,27.410137176513672
3289,58.73862075805664
3290,52.26296615600586
3291,31.835433959960938
3292,39.80512237548828
3293,29.95180892944336
3294,37.592002868652344
3295,38.03561782836914
3296,43.72789764404297
3297,35.744991302490234
3298,20.177711486816406
3299,35.952823638916016
3300,31.82267951965332
3301,23.16975212097168
3302,27.638689041137695
3303,49.47782897949219
3304,38.375423431396484
3305,37.65999984741211
3306,51.975364685058594
3307,58.49793243408203
3308,34.14731216430664
3309,44.63351058959961
3310,28.45551109313965
3311,50.698936462402344
3312,23.864181518554688
3313,42.22502899169922
3314,25.590072631835938
3315,33.40792465209961
3316,36.459407806396484
3317,41.54218673706055
3318,27.4005184173584
3319,58.73198318481445
3320,52.243324279785156
3321,31.826736450195312
3322,39.79481887817383
3323,29.94905662536621
3324,37.585411071777344
3325,38.02065658569336
3326,43.71712875366211
3327,35.735328674316406
3328,20.17813491821289
3329,35.93778610229492
3330,31.814165115356445
3331,23.157390594482422
3332,27.632551193237305
3333,49.462257385253906
3334,38.36501693725586
3335,37.646446228027344
3336,51.95195770263672
3337,58.484622955322266
3338,34.133460998535156
3339,44.61662292480469
3340,28.457252502441406
3341,50.679443359375
3342,23.858640670776367
3343,42.20884323120117
3344,25.588150024414062
3345,33.39989471435547
3346,36.453556060791016
3347,41.53704071044922
3348,27.39112091064453
3349,58.72549057006836
3350,52.22394943237305
3351,31.81806755065918
3352,39.784664154052734
3353,29.946359634399414
3354,37.57884216308594
3355,38.00604248046875
3356,43.70663833618164
3357,35.72574234008789
3358,20.1785945892334
3359,35.92311477661133
3360,31.805862426757812
3361,23.145292282104492
3362,27.626693725585938
3363,49.44704818725586
3364,38.3547477722168
3365,37.63302230834961
3366,51.9289436340332
3367,58.4714241027832
3368,34.119895935058594
3369,44.599735260009766
3370,28.45905113220215
3371,50.66040802001953
3372,23.853588104248047
3373,42.19303894042969
3374,25.586181640625
3375,33.391944885253906
3376,36.4478645324707
3377,41.531986236572266
3378,27.381866455078125
3379,58.71894073486328
3380,52.204864501953125
3381,31.809539794921875
3382,39.77460861206055
3383,29.943632125854492
3384,37.572330474853516
3385,37.99166488647461
3386,43.696292877197266
3387,35.71635055541992
3388,20.1789493560791
3389,35.9085693359375
3390,31.79776382446289
3391,23.133512496948242
3392,27.621028900146484
3393,49.43220138549805
3394,38.34468460083008
3395,37.619773864746094
3396,51.906394958496094
3397,58.45838928222656
3398,34.10657501220703
3399,44.58293914794922
3400,28.460844039916992
3401,50.64162063598633
3402,23.848909378051758
3403,42.17760467529297
3404,25.584148406982422
3405,33.38397979736328
3406,36.44228744506836
3407,41.527103424072266
3408,27.372819900512695
3409,58.71256637573242
3410,52.185882568359375
3411,31.801105499267578
3412,39.764671325683594
3413,29.94097137451172
3414,37.565696716308594
3415,37.97770690917969
3416,43.686214447021484
3417,35.70703887939453
3418,20.17928123474121
3419,35.89433288574219
3420,31.789766311645508
3421,23.122007369995117
3422,27.6156005859375
3423,49.417789459228516
3424,38.334815979003906
3425,37.60667037963867
3426,51.88424301147461
3427,58.445556640625
3428,34.09351348876953
3429,44.56615447998047
3430,28.462602615356445
3431,50.62321472167969
3432,23.844579696655273
3433,42.16259002685547
3434,25.582067489624023
3435,33.37611770629883
3436,36.43678665161133
3437,41.52236557006836
3438,27.363832473754883
3439,58.70622253417969
3440,52.16720199584961
3441,31.792722702026367
3442,39.75491714477539
3443,29.938344955444336
3444,37.559051513671875
3445,37.9639892578125
3446,43.67633056640625
3447,35.69778060913086
3448,20.179668426513672
3449,35.8803825378418
3450,31.781986236572266
3451,23.11068344116211
3452,27.610340118408203
3453,49.403831481933594
3454,38.32504653930664
3455,37.59364318847656
3456,51.86259078979492
3457,58.43295669555664
3458,34.08070755004883
3459,44.549556732177734
3460,28.46442413330078
3461,50.605228424072266
3462,23.84067153930664
3463,42.148014068603516
3464,25.579933166503906
3465,33.36832046508789
3466,36.43143844604492
3467,41.51773452758789
3468,27.35508155822754
3469,58.699981689453125
3470,52.14877700805664
3471,31.784423828125
3472,39.74515914916992
3473,29.935646057128906
3474,37.552371978759766
3475,37.95065689086914
3476,43.66667175292969
3477,35.688663482666016
3478,20.180044174194336
3479,35.86658477783203
3480,31.77447509765625
3481,23.09972381591797
3482,27.605363845825195
3483,49.390167236328125
3484,38.31558609008789
3485,37.58084487915039
3486,51.84145736694336
3487,58.42053985595703
3488,34.068119049072266
3489,44.53293228149414
3490,28.466222763061523
3491,50.58761978149414
3492,23.837038040161133
3493,42.133792877197266
3494,25.577726364135742
3495,33.36048889160156
3496,36.42626190185547
3497,41.51323699951172
3498,27.34635353088379
3499,58.69387435913086
3500,52.13047790527344
3501,31.776203155517578
3502,39.735538482666016
3503,29.932952880859375
3504,37.54567337036133
3505,37.937625885009766
3506,43.65723419189453
3507,35.67965316772461
3508,20.180395126342773
3509,35.85310363769531
3510,31.76704216003418
3511,23.088966369628906
3512,27.600656509399414
3513,49.37691879272461
3514,38.306236267089844
3515,37.56809997558594
3516,51.820743560791016
3517,58.408363342285156
3518,34.0557746887207
3519,44.51649475097656
3520,28.46793556213379
3521,50.57033920288086
3522,23.833786010742188
3523,42.12000274658203
3524,25.575448989868164
3525,33.352787017822266
3526,36.42106246948242
3527,41.50885009765625
3528,27.337745666503906
3529,58.68789291381836
3530,52.112403869628906
3531,31.76800537109375
3532,39.7259521484375
3533,29.930273056030273
3534,37.53897476196289
3535,37.924896240234375
3536,43.6479606628418
3537,35.670692443847656
3538,20.18075180053711
3539,35.839820861816406
3540,31.75975227355957
3541,23.0784912109375
3542,27.596033096313477
3543,49.36406326293945
3544,38.29710006713867
3545,37.55552291870117
3546,51.800418853759766
3547,58.396331787109375
3548,34.043724060058594
3549,44.5000114440918
3550,28.469778060913086
3551,50.5533332824707
3552,23.83094024658203
3553,42.106536865234375
3554,25.57316017150879
3555,33.34511947631836
3556,36.416072845458984
3557,41.504669189453125
3558,27.329431533813477
3559,58.68183898925781
3560,52.09453582763672
3561,31.76000213623047
3562,39.71660614013672
3563,29.927690505981445
3564,37.5322265625
3565,37.91248321533203
3566,43.63887023925781
3567,35.661781311035156
3568,20.181087493896484
3569,35.82680130004883
3570,31.75172996520996
3571,23.06949806213379
3572,27.590970993041992
3573,49.34848403930664
3574,38.28377151489258
3575,37.54116439819336
3576,51.7736930847168
3577,58.37885665893555
3578,34.03376770019531
3579,44.48078155517578
3580,28.47738265991211
3581,50.534934997558594
3582,23.832820892333984
3583,42.09344482421875
3584,25.57341194152832
3585,33.33746337890625
3586,36.41238784790039
3587,41.5013427734375
3588,27.32314682006836
3589,58.67657470703125
3590,52.076202392578125
3591,31.753156661987305
3592,39.7075309753418
3593,29.92571449279785
3594,37.52619552612305
3595,37.90149688720703
3596,43.62971496582031
3597,35.654991149902344
3598,20.188081741333008
3599,35.81511306762695
3600,31.741901397705078
3601,23.05890464782715
3602,27.582496643066406
3603,49.33514404296875
3604,38.27886962890625
3605,37.53655242919922
3606,51.76284408569336
3607,58.38379669189453
3608,34.018226623535156
3609,44.479835510253906
3610,28.466176986694336
3611,50.52353286743164
3612,23.80497169494629
3613,42.07423782348633
3614,25.56894874572754
3615,33.3353271484375
3616,36.404579162597656
3617,41.492488861083984
3618,27.312511444091797
3619,58.67294692993164
3620,52.07856369018555
3621,31.745027542114258
3622,39.70755386352539
3623,29.924299240112305
3624,37.528602600097656
3625,37.88318634033203
3626,43.623382568359375
3627,35.64971160888672
3628,20.18486213684082
3629,35.8050651550293
3630,31.733491897583008
3631,23.048120498657227
3632,27.572845458984375
3633,49.31706619262695
3634,38.26318359375
3635,37.52313995361328
3636,51.727176666259766
3637,58.360008239746094
3638,34.01142501831055
3639,44.45515823364258
3640,28.48721694946289
3641,50.500511169433594
3642,23.8188419342041
3643,42.06145095825195
3644,25.57672119140625
3645,33.326534271240234
3646,36.404964447021484
3647,41.49333953857422
3648,27.31322479248047
3649,58.6707649230957
3650,52.05302429199219
3651,31.744932174682617
3652,39.69804382324219
3653,29.92399787902832
3654,37.52376937866211
3655,37.87331008911133
3656,43.6155891418457
3657,35.64424514770508
3658,20.187332153320312
3659,35.79292297363281
3660,31.728313446044922
3661,23.03548240661621
3662,27.567785263061523
3663,49.30727767944336
3664,38.26023864746094
3665,37.5162467956543
3666,51.721736907958984
3667,58.364105224609375
3668,33.997493743896484
3669,44.45286560058594
3670,28.478364944458008
3671,50.49053955078125
3672,23.79823112487793
3673,42.04580307006836
3674,25.57219696044922
3675,33.3223876953125
3676,36.39790725708008
3677,41.48601531982422
3678,27.30272674560547
3679,58.6695442199707
3680,52.04789352416992
3681,31.736404418945312
3682,39.693668365478516
3683,29.92262077331543
3684,37.5230827331543
3685,37.85897445678711
3686,43.60885238647461
3687,35.638580322265625
3688,20.186769485473633
3689,35.78273010253906
3690,31.72105598449707
3691,23.02568244934082
3692,27.560596466064453
3693,49.29273223876953
3694,38.248592376708984
3695,37.50465774536133
3696,51.696250915527344
3697,58.3484001159668
3698,33.98920822143555
3699,44.43495178222656
3700,28.490211486816406
3701,50.47235870361328
3702,23.803030014038086
3703,42.03304672241211
3704,25.576032638549805
3705,33.31538391113281
3706,36.39645004272461
3707,41.48432540893555
3708,27.300655364990234
3709,58.66646957397461
3710,52.029029846191406
3711,31.733625411987305
3712,39.686092376708984
3713,29.922014236450195
3714,37.519100189208984
3715,37.84822463989258
3716,43.601505279541016
3717,35.63282775878906
3718,20.1883544921875
3719,35.77212905883789
3720,31.715595245361328
3721,23.015066146850586
3722,27.555316925048828
3723,49.28217315673828
3724,38.243316650390625
3725,37.49650192260742
3726,51.68522644042969
3727,58.34600830078125
3728,33.97766876220703
3729,44.427589416503906
3730,28.4879093170166
3731,50.46047592163086
3732,23.791948318481445
3733,42.01921463012695
3734,25.574098587036133
3735,33.31061553955078
3736,36.3914680480957
3737,41.47883224487305
3738,27.293214797973633
3739,58.6638069152832
3740,52.01953125
3741,31.726848602294922
3742,39.680625915527344
3743,29.920822143554688
3744,37.51692581176758
3745,37.83570098876953
3746,43.59467315673828
3747,35.62693405151367
3748,20.188528060913086
3749,35.7624626159668
3750,31.709314346313477
3751,23.00605583190918
3752,27.549264907836914
3753,49.269779205322266
3754,38.23417282104492
3755,37.486061096191406
3756,51.66538619995117
3757,58.33446502685547
3758,33.96883010864258
3759,44.41307067871094
3760,28.49496841430664
3761,50.445098876953125
3762,23.79285430908203
3763,42.006961822509766
3764,25.57581329345703
3765,33.30447769165039
3766,36.389129638671875
3767,41.47600173950195
3768,27.289653778076172
3769,58.66036605834961
3770,52.003719329833984
3771,31.722505569458008
3772,39.67361068725586
3773,29.919994354248047
3774,37.51308059692383
3775,37.82510757446289
3776,43.587501525878906
3777,35.620933532714844
3778,20.189762115478516
3779,35.752750396728516
3780,31.703819274902344
3781,22.996868133544922
3782,27.544322967529297
3783,49.259552001953125
3784,38.22806167602539
3785,37.4772834777832
3786,51.6525764465332
3787,58.32921600341797
3788,33.958648681640625
3789,44.403465270996094
3790,28.495468139648438
3791,50.43283462524414
3792,23.786544799804688
3793,41.99445724487305
3794,25.5748233795166
3795,33.29941940307617
3796,36.38524627685547
3797,41.4714469909668
3798,27.283681869506836
3799,58.65705108642578
3800,51.99231719970703
3801,31.716276168823242
3802,39.667640686035156
3803,29.91895866394043
3804,37.51005172729492
3805,37.81379699707031
3806,43.58072280883789
3807,35.61484909057617
3808,20.19036293029785
3809,35.74363327026367
3810,31.698122024536133
3811,22.9886474609375
3812,27.53915786743164
3813,49.24851989746094
3814,38.22022247314453
3815,37.46741485595703
3816,51.63579177856445
3817,58.319602966308594
3818,33.94987106323242
3819,44.39049530029297
3820,28.500402450561523
3821,50.41911315917969
3822,23.786104202270508
3823,41.98288345336914
3824,25.57552719116211
3825,33.29372787475586
3826,36.3825569152832
3827,41.46811294555664
3828,27.27947235107422
3829,58.65348815917969
3830,51.97798538208008
3831,31.7111759185791
3832,39.660888671875
3833,29.917991638183594
3834,37.50619888305664
3835,37.803531646728516
3836,43.573883056640625
3837,35.60877227783203
3838,20.191410064697266
3839,35.73453903198242
3840,31.692874908447266
3841,22.980422973632812
3842,27.534568786621094
3843,49.23874282836914
3844,38.21390151977539
3845,37.45832824707031
3846,51.6225700378418
3847,58.313026428222656
3848,33.940513610839844
3849,44.37990951538086
3850,28.502159118652344
3851,50.407047271728516
3852,23.782480239868164
3853,41.97136306762695
3854,25.574769973754883
3855,33.28854751586914
3856,36.37920379638672
3857,41.46393966674805
3858,27.274139404296875
3859,58.64988708496094
3860,51.9658317565918
3861,31.70510482788086
3862,39.65464782714844
3863,29.916833877563477
3864,37.502628326416016
3865,37.79314422607422
3866,43.56721115112305
3867,35.602664947509766
3868,20.192214965820312
3869,35.72581481933594
3870,31.68758201599121
3871,22.972768783569336
3872,27.530092239379883
3873,49.22877883911133
3874,38.20669937133789
3875,37.448753356933594
3876,51.60752487182617
3877,58.30447006225586
3878,33.931976318359375
3879,44.3676643371582
3880,28.506023406982422
3881,50.3944091796875
3882,23.781818389892578
3883,41.96044921875
3884,25.574859619140625
3885,33.283119201660156
3886,36.37645721435547
3887,41.460514068603516
3888,27.269683837890625
3889,58.64619827270508
3890,51.95220947265625
3891,31.69959831237793
3892,39.64799118041992
3893,29.915847778320312
3894,37.498619079589844
3895,37.783302307128906
3896,43.560630798339844
3897,35.59654235839844
3898,20.193222045898438
3899,35.71718215942383
3900,31.682601928710938
3901,22.965232849121094
3902,27.525949478149414
3903,49.21957015991211
3904,38.2004280090332
3905,37.439632415771484
3906,51.59461212158203
3907,58.29741668701172
3908,33.92318344116211
3909,44.35664749145508
3910,28.508291244506836
3911,50.382747650146484
3912,23.77972984313965
3913,41.94961929321289
3914,25.574146270751953
3915,33.277915954589844
3916,36.37343978881836
3917,41.45665740966797
3918,27.264741897583008
3919,58.642520904541016
3920,51.939781188964844
3921,31.693662643432617
3922,39.641639709472656
3923,29.91475486755371
3924,37.49465560913086
3925,37.77351760864258
3926,43.55414581298828
3927,35.59046936035156
3928,20.19411849975586
3929,35.70882797241211
3930,31.67763900756836
3931,22.958152770996094
3932,27.521930694580078
3933,49.210365295410156
3934,38.1937255859375
3935,37.430328369140625
3936,51.580806732177734
3937,58.28945541381836
3938,33.91488265991211
3939,44.34483337402344
3940,28.51154899597168
3941,50.37083435058594
3942,23.77921485900879
3943,41.9393424987793
3944,25.573881149291992
3945,33.272666931152344
3946,36.370723724365234
3947,41.45327377319336
3948,27.260356903076172
3949,58.63870620727539
3950,51.92669677734375
3951,31.687976837158203
3952,39.63516616821289
3953,29.913650512695312
3954,37.49055099487305
3955,37.76408004760742
3956,43.54775619506836
3957,35.58435821533203
3958,20.195058822631836
3959,35.700565338134766
3960,31.67287826538086
3961,22.951190948486328
3962,27.51812744140625
3963,49.20162582397461
3964,38.187625885009766
3965,37.42119216918945
3966,51.56817626953125
3967,58.28230285644531
3968,33.906558990478516
3969,44.33357620239258
3970,28.514013290405273
3971,50.35956573486328
3972,23.77805519104004
3973,41.92925262451172
3974,25.573150634765625
3975,33.26752471923828
3976,36.367862701416016
3977,41.44962692260742
3978,27.25570297241211
3979,58.63498306274414
3980,51.914241790771484
3981,31.682104110717773
3982,39.628761291503906
3983,29.912593841552734
3984,37.48643493652344
3985,37.75483703613281
3986,43.54157257080078
3987,35.578250885009766
3988,20.19605827331543
3989,35.6926155090332
3990,31.668161392211914
3991,22.94449806213379
3992,27.514511108398438
3993,49.193084716796875
3994,38.18140411376953
3995,37.41209411621094
3996,51.555362701416016
3997,58.27470779418945
3998,33.89854049682617
3999,44.32194900512695
4000,28.516977310180664
4001,50.34836959838867
4002,23.777854919433594
4003,41.91956329345703
4004,25.57260513305664
4005,33.26226043701172
4006,36.365238189697266
4007,41.44620895385742
4008,27.251300811767578
4009,58.63120651245117
4010,51.90141677856445
4011,31.676420211791992
4012,39.62239074707031
4013,29.911474227905273
4014,37.482147216796875
4015,37.74595260620117
4016,43.535423278808594
4017,35.57219314575195
4018,20.196956634521484
4019,35.6846809387207
4020,31.663654327392578
4021,22.93802261352539
4022,27.51105499267578
4023,49.18488693237305
4024,38.175437927246094
4025,37.40314483642578
4026,51.5433464050293
4027,58.26776123046875
4028,33.8905029296875
4029,44.31081008911133
4030,28.51930809020996
4031,50.33757400512695
4032,23.777124404907227
4033,41.90998077392578
4034,25.57172393798828
4035,33.25722122192383
4036,36.36258316040039
4037,41.4427490234375
4038,27.246858596801758
4039,58.627357482910156
4040,51.88918685913086
4041,31.670625686645508
4042,39.61613845825195
4043,29.910375595092773
4044,37.477867126464844
4045,37.73712158203125
4046,43.529396057128906
4047,35.5661506652832
4048,20.19793128967285
4049,35.67703628540039
4050,31.659107208251953
4051,22.931743621826172
4052,27.50771141052246
4053,49.17689514160156
4054,38.169410705566406
4055,37.39413833618164
4056,51.53117752075195
4057,58.26057815551758
4058,33.88280487060547
4059,44.29931640625
4060,28.5221004486084
4061,50.326839447021484
4062,23.777332305908203
4063,41.900733947753906
4064,25.57102394104004
4065,33.25214385986328
4066,36.36006164550781
4067,41.43951416015625
4068,27.24256706237793
4069,58.62351608276367
4070,51.876712799072266
4071,31.664974212646484
4072,39.60985565185547
4073,29.90934181213379
4074,37.473541259765625
4075,37.72859573364258
4076,43.52346420288086
4077,35.560184478759766
4078,20.198915481567383
4079,35.66951370239258
4080,31.654794692993164
4081,22.92560386657715
4082,27.504579544067383
4083,49.16920852661133
4084,38.16371536254883
4085,37.38533401489258
4086,51.51964569091797
4087,58.253753662109375
4088,33.875064849853516
4089,44.28813552856445
4090,28.52444839477539
4091,50.316524505615234
4092,23.777204513549805
4093,41.891727447509766
4094,25.570016860961914
4095,33.2470817565918
4096,36.35749053955078
4097,41.436214447021484
4098,27.238311767578125
4099,58.619728088378906
4100,51.86448287963867
4101,31.65928077697754
4102,39.603668212890625
4103,29.908227920532227
4104,37.469120025634766
4105,37.72030258178711
4106,43.51767349243164
4107,35.5541877746582
4108,20.19984245300293
4109,35.662147521972656
4110,31.650590896606445
4111,22.91977882385254
4112,27.501554489135742
4113,49.16175079345703
4114,38.158016204833984
4115,37.37663269042969
4116,51.508155822753906
4117,58.24692916870117
4118,33.86753845214844
4119,44.276832580566406
4120,28.526926040649414
4121,50.30633544921875
4122,23.77752685546875
4123,41.8829231262207
4124,25.56911277770996
4125,33.242042541503906
4126,36.355072021484375
4127,41.43302917480469
4128,27.23418617248535
4129,58.61581039428711
4130,51.85240173339844
4131,31.653656005859375
4132,39.59757995605469
4133,29.907150268554688
4134,37.46470260620117
4135,37.71205520629883
4136,43.511966705322266
4137,35.54816436767578
4138,20.200815200805664
4139,35.654911041259766
4140,31.646411895751953
4141,22.914094924926758
4142,27.498640060424805
4143,49.15452194213867
4144,38.152462005615234
4145,37.36793518066406
4146,51.49699401855469
4147,58.240135192871094
4148,33.860198974609375
4149,44.26561737060547
4150,28.5294132232666
4151,50.296409606933594
4152,23.778085708618164
4153,41.87439727783203
4154,25.568082809448242
4155,33.237098693847656
4156,36.35272979736328
4157,41.42994689941406
4158,27.23016357421875
4159,58.611995697021484
4160,51.84037399291992
4161,31.648103713989258
4162,39.59151840209961
4163,29.90605354309082
4164,37.46017074584961
4165,37.70411682128906
4166,43.50638961791992
4167,35.54231262207031
4168,20.201749801635742
4169,35.64784622192383
4170,31.642370223999023
4171,22.908485412597656
4172,27.495906829833984
4173,49.14752960205078
4174,38.14711380004883
4175,37.35939407348633
4176,51.48612594604492
4177,58.233604431152344
4178,33.852928161621094
4179,44.25444030761719
4180,28.53174591064453
4181,50.286659240722656
4182,23.77873420715332
4183,41.86613845825195
4184,25.566957473754883
4185,33.232139587402344
4186,36.35039520263672
4187,41.426918029785156
4188,27.226125717163086
4189,58.6081428527832
4190,51.82852554321289
4191,31.64253044128418
4192,39.58543395996094
4193,29.90494155883789
4194,37.455711364746094
4195,37.69636917114258
4196,43.50092315673828
4197,35.53641128540039
4198,20.202733993530273
4199,35.64094161987305
4200,31.638446807861328
4201,22.903146743774414
4202,27.493301391601562
4203,49.14080047607422
4204,38.14173126220703
4205,37.35078048706055
4206,51.475528717041016
4207,58.227088928222656
4208,33.84587097167969
4209,44.243186950683594
4210,28.5341796875
4211,50.27715301513672
4212,23.77983283996582
4213,41.858150482177734
4214,25.565860748291016
4215,33.22719955444336
4216,36.348121643066406
4217,41.423912048339844
4218,27.222131729125977
4219,58.60445022583008
4220,51.816558837890625
4221,31.636980056762695
4222,39.57936477661133
4223,29.90381622314453
4224,37.45111846923828
4225,37.688812255859375
4226,43.49561309814453
4227,35.53058624267578
4228,20.203636169433594
4229,35.63407516479492
4230,31.634672164916992
4231,22.89780044555664
4232,27.490942001342773
4233,49.13434600830078
4234,38.136566162109375
4235,37.34231185913086
4236,51.46546173095703
4237,58.22089385986328
4238,33.83881378173828
4239,44.23224639892578
4240,28.536357879638672
4241,50.2679443359375
4242,23.780576705932617
4243,41.85032272338867
4244,25.564544677734375
4245,33.222251892089844
4246,36.34585189819336
4247,41.42101287841797
4248,27.218093872070312
4249,58.600929260253906
4250,51.80501174926758
4251,31.631322860717773
4252,39.57343673706055
4253,29.902700424194336
4254,37.446537017822266
4255,37.681400299072266
4256,43.49037170410156
4257,35.52483367919922
4258,20.204500198364258
4259,35.627349853515625
4260,31.630970001220703
4261,22.892650604248047
4262,27.488615036010742
4263,49.12806701660156
4264,38.131507873535156
4265,37.333866119384766
4266,51.45535659790039
4267,58.21470260620117
4268,33.831939697265625
4269,44.221153259277344
4270,28.538652420043945
4271,50.258872985839844
4272,23.781837463378906
4273,41.84269714355469
4274,25.563322067260742
4275,33.217342376708984
4276,36.343605041503906
4277,41.418174743652344
4278,27.214126586914062
4279,58.59745407104492
4280,51.79337692260742
4281,31.6258487701416
4282,39.56743621826172
4283,29.90157127380371
4284,37.44193649291992
4285,37.67417526245117
4286,43.48524856567383
4287,35.51910400390625
4288,20.205421447753906
4289,35.62070846557617
4290,31.627344131469727
4291,22.887544631958008
4292,27.486461639404297
4293,49.121952056884766
4294,38.12648391723633
4295,37.32548904418945
4296,51.44569778442383
4297,58.208763122558594
4298,33.825111389160156
4299,44.21025848388672
4300,28.540773391723633
4301,50.25001907348633
4302,23.7829532623291
4303,41.835323333740234
4304,25.56190299987793
4305,33.2123908996582
4306,36.34139633178711
4307,41.4154052734375
4308,27.210201263427734
4309,58.594120025634766
4310,51.782005310058594
4311,31.62034797668457
4312,39.56157302856445
4313,29.900449752807617
4314,37.4373664855957
4315,37.66705322265625
4316,43.48029327392578
4317,35.513526916503906
4318,20.206315994262695
4319,35.6141242980957
4320,31.623802185058594
4321,22.882617950439453
4322,27.48436737060547
4323,49.11603546142578
4324,38.12153244018555
4325,37.31722640991211
4326,51.43616485595703
4327,58.20281219482422
4328,33.81852722167969
4329,44.19926071166992
4330,28.543041229248047
4331,50.24128341674805
4332,23.78440284729004
4333,41.82809829711914
4334,25.560565948486328
4335,33.20743179321289
4336,36.33927917480469
4337,41.412784576416016
4338,27.20635414123535
4339,58.590904235839844
4340,51.77058792114258
4341,31.614912033081055
4342,39.55561447143555
4343,29.899295806884766
4344,37.432823181152344
4345,37.66017532348633
4346,43.475467681884766
4347,35.5079231262207
4348,20.20720863342285
4349,35.60763168334961
4350,31.62032127380371
4351,22.877714157104492
4352,27.482484817504883
4353,49.11029815673828
4354,38.116703033447266
4355,37.308990478515625
4356,51.426937103271484
4357,58.197174072265625
4358,33.81193923950195
4359,44.18854904174805
4360,28.545137405395508
4361,50.2327880859375
4362,23.785690307617188
4363,41.82102584838867
4364,25.559043884277344
4365,33.20254135131836
4366,36.33710479736328
4367,41.41015625
4368,27.2023868560791
4369,58.5877685546875
4370,51.759483337402344
4371,31.609399795532227
4372,39.54976272583008
4373,29.89813995361328
4374,37.42826843261719
4375,37.65336608886719
4376,43.47074890136719
4377,35.50239944458008
4378,20.208009719848633
4379,35.601280212402344
4380,31.61699676513672
4381,22.872928619384766
4382,27.480628967285156
4383,49.104774475097656
4384,38.11186218261719
4385,37.30070495605469
4386,51.41781997680664
4387,58.19139099121094
4388,33.805572509765625
4389,44.177513122558594
4390,28.547548294067383
4391,50.22438430786133
4392,23.7875919342041
4393,41.81432342529297
4394,25.557662963867188
4395,33.1976318359375
4396,36.33506393432617
4397,41.40767288208008
4398,27.198610305786133
4399,58.58477783203125
4400,51.74810791015625
4401,31.604000091552734
4402,39.543880462646484
4403,29.89704704284668
4404,37.423553466796875
4405,37.64679718017578
4406,43.46607971191406
4407,35.496910095214844
4408,20.20879554748535
4409,35.59506607055664
4410,31.613746643066406
4411,22.868362426757812
4412,27.479055404663086
4413,49.09952163696289
4414,38.10729217529297
4415,37.29254913330078
4416,51.409210205078125
4417,58.18592834472656
4418,33.799232482910156
4419,44.16685104370117
4420,28.54950714111328
4421,50.21642303466797
4422,23.789371490478516
4423,41.807762145996094
4424,25.556034088134766
4425,33.19280242919922
4426,36.333106994628906
4427,41.40513229370117
4428,27.194807052612305
4429,58.581668853759766
4430,51.73711013793945
4431,31.59847068786621
4432,39.538089752197266
4433,29.895959854125977
4434,37.41889190673828
4435,37.64042663574219
4436,43.461448669433594
4437,35.49139404296875
4438,20.209678649902344
4439,35.5889778137207
4440,31.610654830932617
4441,22.86395263671875
4442,27.477575302124023
4443,49.09440612792969
4444,38.10279083251953
4445,37.28438186645508
4446,51.40077590942383
4447,58.180362701416016
4448,33.79307174682617
4449,44.156166076660156
4450,28.55154800415039
4451,50.208518981933594
4452,23.791412353515625
4453,41.80144500732422
4454,25.554487228393555
4455,33.18796920776367
4456,36.33110427856445
4457,41.402645111083984
4458,27.191043853759766
4459,58.57870101928711
4460,51.72598648071289
4461,31.59307289123535
4462,39.532188415527344
4463,29.894775390625
4464,37.41416549682617
4465,37.6341438293457
4466,43.456966400146484
4467,35.485923767089844
4468,20.210529327392578
4469,35.582984924316406
4470,31.607542037963867
4471,22.859731674194336
4472,27.476211547851562
4473,49.08958435058594
4474,38.09833526611328
4475,37.27627944946289
4476,51.39260482788086
4477,58.17500305175781
4478,33.78700637817383
4479,44.145442962646484
4480,28.553653717041016
4481,50.200828552246094
4482,23.79364013671875
4483,41.795230865478516
4484,25.552764892578125
4485,33.18310546875
4486,36.329185485839844
4487,41.40031051635742
4488,27.187393188476562
4489,58.57560729980469
4490,51.714962005615234
4491,31.5876407623291
4492,39.526451110839844
4493,29.89368438720703
4494,37.4094352722168
4495,37.62807846069336
4496,43.4525260925293
4497,35.48045349121094
4498,20.21140480041504
4499,35.5771598815918
4500,31.60458755493164
4501,22.855615615844727
4502,27.47492027282715
4503,49.08489227294922
4504,38.09405517578125
4505,37.26841354370117
4506,51.38481140136719
4507,58.16989517211914
4508,33.781028747558594
4509,44.13494873046875
4510,28.555498123168945
4511,50.19339370727539
4512,23.795793533325195
4513,41.789276123046875
4514,25.551105499267578
4515,33.17845153808594
4516,36.32734680175781
4517,41.39787292480469
4518,27.18383026123047
4519,58.572452545166016
4520,51.70417022705078
4521,31.582334518432617
4522,39.52080535888672
4523,29.892555236816406
4524,37.404659271240234
4525,37.62208938598633
4526,43.448184967041016
4527,35.47507858276367
4528,20.212249755859375
4529,35.571495056152344
4530,31.601703643798828
4531,22.85169219970703
4532,27.47372055053711
4533,49.080322265625
4534,38.089752197265625
4535,37.260406494140625
4536,51.37688446044922
4537,58.1645393371582
4538,33.77520751953125
4539,44.12423324584961
4540,28.557640075683594
4541,50.1859245300293
4542,23.798595428466797
4543,41.78343963623047
4544,25.54946517944336
4545,33.17369842529297
4546,36.32558059692383
4547,41.39568328857422
4548,27.18044090270996
4549,58.56929016113281
4550,51.69327926635742
4551,31.577043533325195
4552,39.51503372192383
4553,29.891502380371094
4554,37.39979553222656
4555,37.6163444519043
4556,43.443946838378906
4557,35.46967315673828
4558,20.21319580078125
4559,35.565895080566406
4560,31.598873138427734
4561,22.847917556762695
4562,27.472671508789062
4563,49.07606506347656
4564,38.085731506347656
4565,37.25263214111328
4566,51.36949157714844
4567,58.159637451171875
4568,33.7694091796875
4569,44.11376190185547
4570,28.559389114379883
4571,50.178829193115234
4572,23.801069259643555
4573,41.77775573730469
4574,25.54766273498535
4575,33.16908645629883
4576,36.3238410949707
4577,41.39340591430664
4578,27.177047729492188
4579,58.56617736816406
4580,51.68266677856445
4581,31.571733474731445
4582,39.509456634521484
4583,29.890409469604492
4584,37.39497375488281
4585,37.61067581176758
4586,43.439823150634766
4587,35.4643440246582
4588,20.214088439941406
4589,35.560462951660156
4590,31.5961856842041
4591,22.844240188598633
4592,27.471668243408203
4593,49.071903228759766
4594,38.08161926269531
4595,37.24478530883789
4596,51.36201095581055
4597,58.154563903808594
4598,33.76382827758789
4599,44.103153228759766
4600,28.56142807006836
4601,50.17176818847656
4602,23.804109573364258
4603,41.7723274230957
4604,25.545930862426758
4605,33.1644287109375
4606,36.32219314575195
4607,41.391265869140625
4608,27.17375946044922
4609,58.56302261352539
4610,51.671939849853516
4611,31.56654167175293
4612,39.503929138183594
4613,29.889339447021484
4614,37.3900146484375
4615,37.605228424072266
4616,43.43566131591797
4617,35.45893478393555
4618,20.214998245239258
4619,35.55521011352539
4620,31.59362030029297
4621,22.840749740600586
4622,27.470802307128906
4623,49.0680046081543
4624,38.07775115966797
4625,37.23719024658203
4626,51.355045318603516
4627,58.14973449707031
4628,33.75830841064453
4629,44.092559814453125
4630,28.563724517822266
4631,50.164669036865234
4632,23.807851791381836
4633,41.76708221435547
4634,25.544387817382812
4635,33.15984344482422
4636,36.32052993774414
4637,41.38896942138672
4638,27.169870376586914
4639,58.56063461303711
4640,51.66267776489258
4641,31.560569763183594
4642,39.498382568359375
4643,29.88808822631836
4644,37.385738372802734
4645,37.59952163696289
4646,43.43206024169922
4647,35.45383071899414
4648,20.215801239013672
4649,35.54983901977539
4650,31.590349197387695
4651,22.83802032470703
4652,27.470314025878906
4653,49.06342697143555
4654,38.072078704833984
4655,37.22786331176758
4656,51.34541320800781
4657,58.14143753051758
4658,33.75399398803711
4659,44.07979202270508
4660,28.568504333496094
4661,50.15741729736328
4662,23.81441879272461
4663,41.76291275024414
4664,25.543264389038086
4665,33.15447998046875
4666,36.31965637207031
4667,41.38773727416992
4668,27.16623878479004
4669,58.56080627441406
4670,51.652015686035156
4671,31.55353546142578
4672,39.49101257324219
4673,29.886415481567383
4674,37.38118362426758
4675,37.59464645385742
4676,43.42894744873047
4677,35.449180603027344
4678,20.215566635131836
4679,35.54344177246094
4680,31.58925437927246
4681,22.833690643310547
4682,27.47215461730957
4683,49.06081008911133
4684,38.06682586669922
4685,37.21666717529297
4686,51.33392333984375
4687,58.12729263305664
4688,33.752010345458984
4689,44.06182861328125
4690,28.580774307250977
4691,50.14776611328125
4692,23.831106185913086
4693,41.7603874206543
4694,25.545141220092773
4695,33.148284912109375
4696,36.320735931396484
4697,41.38867950439453
4698,27.16801643371582
4699,58.554683685302734
4700,51.63072204589844
4701,31.553030014038086
4702,39.483551025390625
4703,29.886442184448242
4704,37.37269592285156
4705,37.592811584472656
4706,43.4234619140625
4707,35.442996978759766
4708,20.22091293334961
4709,35.539337158203125
4710,31.587738037109375
4711,22.830177307128906
4712,27.470373153686523
4713,49.06061553955078
4714,38.0705680847168
4715,37.21638488769531
4716,51.33340072631836
4717,58.12765121459961
4718,33.74679946899414
4719,44.040321350097656
4720,28.605735778808594
4721,50.123260498046875
4722,23.885540008544922
4723,41.75303268432617
4724,25.565990447998047
4725,33.15095520019531
4726,36.331214904785156
4727,41.3858528137207
4728,27.166919708251953
4729,58.54659652709961
4730,51.65768814086914
4731,31.521743774414062
4732,39.48314666748047
4733,29.87833595275879
4734,37.38346481323242
4735,37.5726432800293
4736,43.42784881591797
4737,35.4400749206543
4738,20.184343338012695
4739,35.53551483154297
4740,31.600505828857422
4741,22.822071075439453
4742,27.477115631103516
4743,49.05817413330078
4744,38.05723190307617
4745,37.19203567504883
4746,51.318939208984375
4747,58.095245361328125
4748,33.754371643066406
4749,44.02812957763672
4750,28.618507385253906
4751,50.130821228027344
4752,23.88918113708496
4753,41.76463317871094
4754,25.55843734741211
4755,33.1332893371582
4756,36.329227447509766
4757,41.39640808105469
4758,27.176563262939453
4759,58.556182861328125
4760,51.571739196777344
4761,31.55299949645996
4762,39.456260681152344
4763,29.887359619140625
4764,37.35434341430664
4765,37.600215911865234
4766,43.41255187988281
4767,35.43460464477539
4768,20.23297119140625
4769,35.53158187866211
4770,31.591230392456055
4771,22.823123931884766
4772,27.47331428527832
4773,49.069427490234375
4774,38.09419631958008
4775,37.22600555419922
4776,51.39479064941406
4777,58.197261810302734
4778,33.715545654296875
4779,44.105506896972656
4780,28.498456954956055
4781,50.1627197265625
4782,23.7331600189209
4783,41.73020935058594
4784,25.51190185546875
4785,33.15558624267578
4786,36.29729080200195
4787,41.357322692871094
4788,27.13747215270996
4789,58.5352783203125
4790,51.67030334472656
4791,31.524755477905273
4792,39.495582580566406
4793,29.882944107055664
4794,37.3785285949707
4795,37.559749603271484
4796,43.41413116455078
4797,35.42950439453125
4798,20.205459594726562
4799,35.5395622253418
4800,31.580810546875
4801,22.826610565185547
4802,27.450706481933594
4803,49.037418365478516
4804,38.051063537597656
4805,37.20394515991211
4806,51.280967712402344
4807,58.09526062011719
4808,33.73868179321289
4809,44.019466400146484
4810,28.608068466186523
4811,50.111572265625
4812,23.86419677734375
4813,41.73775100708008
4814,25.559717178344727
4815,33.141117095947266
4816,36.32773971557617
4817,41.38508605957031
4818,27.182165145874023
4819,58.52115249633789
4820,51.594085693359375
4821,31.552263259887695
4822,39.47633361816406
4823,29.88716697692871
4824,37.36077880859375
4825,37.57258987426758
4826,43.406959533691406
4827,35.42621994018555
4828,20.223119735717773
4829,35.53019332885742
4830,31.579833984375
4831,22.82211685180664
4832,27.460704803466797
4833,49.04608154296875
4834,38.06377029418945
4835,37.20100784301758
4836,51.32720947265625
4837,58.13425064086914
4838,33.72272491455078
4839,44.04780197143555
4840,28.560836791992188
4841,50.12977600097656
4842,23.808422088623047
4843,41.73057556152344
4844,25.533203125
4845,33.13908004760742
4846,36.3092155456543
4847,41.36917495727539
4848,27.15108299255371
4849,58.53451919555664
4850,51.611873626708984
4851,31.527477264404297
4852,39.47099304199219
4853,29.882816314697266
4854,37.361724853515625
4855,37.563575744628906
4856,43.40559005737305
4857,35.42221450805664
4858,20.21991729736328
4859,35.524749755859375
4860,31.574695587158203
4861,22.822248458862305
4862,27.46163558959961
4863,49.03648376464844
4864,38.045753479003906
4865,37.18159103393555
4866,51.295005798339844
4867,58.09877395629883
4868,33.72772979736328
4869,44.01435089111328
4870,28.595623016357422
4871,50.11349105834961
4872,23.852962493896484
4873,41.73344802856445
4874,25.543474197387695
4875,33.12876892089844
4876,36.315921783447266
4877,41.37660217285156
4878,27.158063888549805
4879,58.53489685058594
4880,51.57784652709961
4881,31.528827667236328
4882,39.456722259521484
4883,29.882707595825195
4884,37.35091781616211
4885,37.566650390625
4886,43.40132141113281
4887,35.417510986328125
4888,20.225357055664062
4889,35.51802444458008
4890,31.576396942138672
4891,22.815996170043945
4892,27.46464729309082
4893,49.041542053222656
4894,38.05555725097656
4895,37.1827392578125
4896,51.31791305541992
4897,58.12415313720703
4898,33.71430206298828
4899,44.02668762207031
4900,28.56684684753418
4901,50.11882781982422
4902,23.8189640045166
4903,41.72396469116211
4904,25.529571533203125
4905,33.129005432128906
4906,36.30674743652344
4907,41.36678695678711
4908,27.14518928527832
4909,58.53160858154297
4910,51.58993148803711
4911,31.518112182617188
4912,39.45934295654297
4913,29.880836486816406
4914,37.351600646972656
4915,37.555877685546875
4916,43.39917755126953
4917,35.412803649902344
4918,20.22235679626465
4919,35.515316009521484
4920,31.57085418701172
4921,22.81622886657715
4922,27.461658477783203
4923,49.03183364868164
4924,38.040279388427734
4925,37.16825866699219
4926,51.28646469116211
4927,58.09379577636719
4928,33.71755599975586
4929,43.996315002441406
4930,28.596574783325195
4931,50.103302001953125
4932,23.856996536254883
4933,41.72500228881836
4934,25.53850746154785
4935,33.12047576904297
4936,36.31272506713867
4937,41.37284851074219
4938,27.151697158813477
4939,58.52980041503906
4940,51.561370849609375
4941,31.51899528503418
4942,39.447811126708984
4943,29.880538940429688
4944,37.34218978881836
4945,37.55739974975586
4946,43.39533615112305
4947,35.40811538696289
4948,20.22633934020996
4949,35.50933837890625
4950,31.572187423706055
4951,22.810863494873047
4952,27.46419906616211
4953,49.035728454589844
4954,38.047611236572266
4955,37.167701721191406
4956,51.30397033691406
4957,58.11326599121094
4958,33.70626449584961
4959,44.004058837890625
4960,28.574308395385742
4961,50.10676956176758
4962,23.831512451171875
4963,41.71720886230469
4964,25.52703094482422
4965,33.119606018066406
4966,36.30528259277344
4967,41.36491775512695
4968,27.14091682434082
4969,58.52709197998047
4970,51.568599700927734
4971,31.5094051361084
4972,39.44852066040039
4973,29.878864288330078
4974,37.34147644042969
4975,37.54853820800781
4976,43.39311981201172
4977,35.403404235839844
4978,20.224302291870117
4979,35.50637435913086
4980,31.567636489868164
4981,22.81064796447754
4982,27.46229362487793
4983,49.028079986572266
4984,38.03532028198242
4985,37.15497589111328
4986,51.279022216796875
4987,58.0891227722168
4988,33.70794677734375
4989,43.978458404541016
4990,28.597623825073242
4991,50.09397888183594
4992,23.862102508544922
4993,41.717681884765625
4994,25.53345489501953
4995,33.112144470214844
4996,36.30976486206055
4997,41.36936569213867
4998,27.145408630371094
4999,58.52530288696289
5000,51.544647216796875
5001,31.508947372436523
5002,39.438480377197266
5003,29.878442764282227
5004,37.33312225341797
5005,37.54906463623047
5006,43.38959503173828
5007,35.39877700805664
5008,20.227556228637695
5009,35.50106430053711
5010,31.568479537963867
5011,22.8061580657959
5012,27.464473724365234
5013,49.030941009521484
5014,38.040374755859375
5015,37.15300369262695
5016,51.29185104370117
5017,58.103389739990234
5018,33.69839859008789
5019,43.98211669921875
5020,28.580841064453125
5021,50.09574508666992
5022,23.843812942504883
5023,41.71113967895508
5024,25.524076461791992
5025,33.11054229736328
5026,36.30384063720703
5027,41.36296081542969
5028,27.136554718017578
5029,58.522674560546875
5030,51.54823684692383
5031,31.500545501708984
5032,39.43799591064453
5033,29.87693214416504
5034,37.331504821777344
5035,37.541534423828125
5036,43.38737869262695
5037,35.3941650390625
5038,20.226192474365234
5039,35.497955322265625
5040,31.5646915435791
5041,22.80571746826172
5042,27.463237762451172
5043,49.024818420410156
5044,38.03025436401367
5045,37.141605377197266
5046,51.271724700927734
5047,58.08390426635742
5048,33.69902420043945
5049,43.960025787353516
5050,28.599576950073242
5051,50.08491134643555
5052,23.869035720825195
5053,41.71112060546875
5054,25.52864646911621
5055,33.10380935668945
5056,36.30721664428711
5057,41.36623001098633
5058,27.139509201049805
5059,58.52084732055664
5060,51.527748107910156
5061,31.499128341674805
5062,39.42905044555664
5063,29.87636375427246
5064,37.32387924194336
5065,37.541343688964844
5066,43.384254455566406
5067,35.389488220214844
5068,20.228296279907227
5069,35.49297332763672
5070,31.565994262695312
5071,22.801593780517578
5072,27.465999603271484
5073,49.0279426574707
5074,38.03415298461914
5075,37.13785171508789
5076,51.27901840209961
5077,58.09065628051758
5078,33.692169189453125
5079,43.9581413269043
5080,28.590843200683594
5081,50.084293365478516
5082,23.860958099365234
5083,41.70647430419922
5084,25.522415161132812
5085,33.10101318359375
5086,36.30345153808594
5087,41.3621940612793
5088,27.13351058959961
5089,58.5186882019043
5090,51.52562713623047
5091,31.492464065551758
5092,39.426612854003906
5093,29.875144958496094
5094,37.320892333984375
5095,37.53593826293945
5096,43.38185119628906
5097,35.38512420654297
5098,20.228620529174805
5099,35.489845275878906
5100,31.562437057495117
5101,22.800867080688477
5102,27.464778900146484
5103,49.02302932739258
5104,38.027183532714844
5105,37.129268646240234
5106,51.26382827758789
5107,58.073509216308594
5108,33.6952018737793
5109,43.933650970458984
5110,28.62812042236328
5111,50.068233489990234
5112,23.90257453918457
5113,41.705238342285156
5114,25.538244247436523
5115,33.096370697021484
5116,36.30876159667969
5117,41.363399505615234
5118,27.13070297241211
5119,58.521270751953125
5120,51.526145935058594
5121,31.475765228271484
5122,39.41963195800781
5123,29.871028900146484
5124,37.31962203979492
5125,37.529388427734375
5126,43.38188934326172
5127,35.380653381347656
5128,20.21676254272461
5129,35.485511779785156
5130,31.57006072998047
5131,22.79663848876953
5132,27.472829818725586
5133,49.027591705322266
5134,38.023681640625
5135,37.1131706237793
5136,51.254112243652344
5137,58.05143356323242
5138,33.69670486450195
5139,43.916812896728516
5140,28.630971908569336
5141,50.066993713378906
5142,23.920063018798828
5143,41.71199417114258
5144,25.53325080871582
5145,33.08665466308594
5146,36.31166076660156
5147,41.369625091552734
5148,27.136642456054688
5149,58.52030944824219
5150,51.48707580566406
5151,31.478116989135742
5152,39.4024658203125
5153,29.86951446533203
5154,37.304752349853516
5155,37.53474044799805
5156,43.37741470336914
5157,35.37129592895508
5158,20.20934295654297
5159,35.477413177490234
5160,31.58652114868164
5161,22.790760040283203
5162,27.494064331054688
5163,49.0517692565918
5164,38.04343795776367
5165,37.101806640625
5166,51.27069854736328
5167,58.028324127197266
5168,33.706398010253906
5169,43.87163543701172
5170,28.698081970214844
5171,50.042884826660156
5172,24.02248764038086
5173,41.726112365722656
5174,25.567005157470703
5175,33.07663345336914
5176,36.33436584472656
5177,41.388397216796875
5178,27.16716766357422
5179,58.51449966430664
5180,51.42710876464844
5181,31.496671676635742
5182,39.385196685791016
5183,29.875768661499023
5184,37.2908935546875
5185,37.551116943359375
5186,43.36991500854492
5187,35.37192916870117
5188,20.241594314575195
5189,35.48017883300781
5190,31.575109481811523
5191,22.793893814086914
5192,27.4796142578125
5193,49.04704666137695
5194,38.063438415527344
5195,37.13619613647461
5196,51.35250473022461
5197,58.15420150756836
5198,33.65987777709961
5199,43.98968505859375
5200,28.5158634185791
5201,50.103721618652344
5202,23.79024314880371
5203,41.68671417236328
5204,25.486221313476562
5205,33.1028938293457
5206,36.28248977661133
5207,41.33230972290039
5208,27.102413177490234
5209,58.498573303222656
5210,51.54764938354492
5211,31.456239700317383
5212,39.426841735839844
5213,29.87081527709961
5214,37.31517791748047
5215,37.511295318603516
5216,43.370914459228516
5217,35.36597442626953
5218,20.2191162109375
5219,35.49220275878906
5220,31.560279846191406
5221,22.804706573486328
5222,27.45441246032715
5223,49.01152420043945
5224,38.01454162597656
5225,37.113948822021484
5226,51.22353744506836
5227,58.04001998901367
5228,33.687862396240234
5229,43.89560317993164
5230,28.637224197387695
5231,50.048545837402344
5232,23.935367584228516
5233,41.696136474609375
5234,25.540863037109375
5235,33.090396881103516
5236,36.318321228027344
5237,41.36368942260742
5238,27.15538787841797
5239,58.47968673706055
5240,51.471439361572266
5241,31.48897933959961
5242,39.41099166870117
5243,29.875804901123047
5244,37.29854202270508
5245,37.52480697631836
5246,43.3650016784668
5247,35.36387252807617
5248,20.23611831665039
5249,35.484493255615234
5250,31.560302734375
5251,22.800338745117188
5252,27.46415138244629
5253,49.02156066894531
5254,38.02867889404297
5255,37.113128662109375
5256,51.272613525390625
5257,58.08247756958008
5258,33.672271728515625
5259,43.926326751708984
5260,28.587812423706055
5261,50.06886291503906
5262,23.876970291137695
5263,41.68989181518555
5264,25.512985229492188
5265,33.08845901489258
5266,36.2992057800293
5267,41.34793472290039
5268,27.123796463012695
5269,58.494956970214844
5270,51.49188232421875
5271,31.464780807495117
5272,39.406742095947266
5273,29.871601104736328
5274,37.300235748291016
5275,37.51688766479492
5276,43.365089416503906
5277,35.360816955566406
5278,20.231935501098633
5279,35.48033142089844
5280,31.556602478027344
5281,22.80055809020996
5282,27.46526336669922
5283,49.0139045715332
5284,38.01261901855469
5285,37.0960807800293
5286,51.2430419921875
5287,58.050106048583984
5288,33.67816925048828
5289,43.89482498168945
5290,28.622106552124023
5291,50.054176330566406
5292,23.92089080810547
5293,41.69388961791992
5294,25.52396011352539
5295,33.079322814941406
5296,36.30677032470703
5297,41.35628128051758
5298,27.132266998291016
5299,58.496055603027344
5300,51.46120834350586
5301,31.467819213867188
5302,39.394588470458984
5303,29.871742248535156
5304,37.29099655151367
5305,37.52081298828125
5306,43.36233901977539
5307,35.35747528076172
5308,20.237333297729492
5309,35.47456741333008
5310,31.558115005493164
5311,22.795597076416016
5312,27.469097137451172
5313,49.01919174194336
5314,38.02073669433594
5315,37.096126556396484
5316,51.26469421386719
5317,58.07279968261719
5318,33.667091369628906
5319,43.90535354614258
5320,28.597036361694336
5321,50.060359954833984
5322,23.892227172851562
5323,41.687171936035156
5324,25.510648727416992
5325,33.07863235473633
5326,36.29832077026367
5327,41.347991943359375
5328,27.119810104370117
5329,58.49566650390625
5330,51.471561431884766
5331,31.45734977722168
5332,39.39585494995117
5333,29.86996078491211
5334,37.29112243652344
5335,37.51266098022461
5336,43.361209869384766
5337,35.35359191894531
5338,20.234670639038086
5339,35.472408294677734
5340,31.554168701171875
5341,22.796159744262695
5342,27.467967987060547
5343,49.012290954589844
5344,38.00786590576172
5345,37.08295822143555
5346,51.23893737792969
5347,58.04683303833008
5348,33.6708984375
5349,43.8782958984375
5350,28.624393463134766
5351,50.047821044921875
5352,23.92777442932129
5353,41.68980026245117
5354,25.518770217895508
5355,33.0707893371582
5356,36.30412292480469
5357,41.35430908203125
5358,27.125825881958008
5359,58.496280670166016
5360,51.44636535644531
5361,31.458393096923828
5362,39.38539505004883
5363,29.8697509765625
5364,37.28287124633789
5365,37.515174865722656
5366,43.35893249511719
5367,35.35016632080078
5368,20.238248825073242
5369,35.467220306396484
5370,31.55600357055664
5371,22.791324615478516
5372,27.4711856842041
5373,49.01723098754883
5374,38.01522445678711
5375,37.082889556884766
5376,51.257659912109375
5377,58.066829681396484
5378,33.66082763671875
5379,43.88638687133789
5380,28.60258674621582
5381,50.05272674560547
5382,23.903640747070312
5383,41.683692932128906
5384,25.507091522216797
5385,33.06991958618164
5386,36.29698181152344
5387,41.346961975097656
5388,27.11533546447754
5389,58.49482345581055
5390,51.45468521118164
5391,31.449098587036133
5392,39.386390686035156
5393,29.868118286132812
5394,37.28250503540039
5395,37.50770950317383
5396,43.357784271240234
5397,35.34627151489258
5398,20.236059188842773
5399,35.465248107910156
5400,31.552364349365234
5401,22.79214859008789
5402,27.47026824951172
5403,49.01103210449219
5404,38.00341796875
5405,37.07052230834961
5406,51.2342643737793
5407,58.04304122924805
5408,33.664154052734375
5409,43.86101531982422
5410,28.627607345581055
5411,50.041282653808594
5412,23.936813354492188
5413,41.68624496459961
5414,25.514331817626953
5415,33.062599182128906
5416,36.30245590209961
5417,41.35273361206055
5418,27.12068748474121
5419,58.495262145996094
5420,51.43122863769531
5421,31.449539184570312
5422,39.37644958496094
5423,29.867881774902344
5424,37.2746467590332
5425,37.51009750366211
5426,43.35554504394531
5427,35.34280014038086
5428,20.2393798828125
5429,35.4605598449707
5430,31.5541934967041
5431,22.787792205810547
5432,27.473485946655273
5433,49.01582336425781
5434,38.01033020019531
5435,37.070091247558594
5436,51.251869201660156
5437,58.06155776977539
5438,33.654808044433594
5439,43.86809158325195
5440,28.607471466064453
5441,50.0458984375
5442,23.914945602416992
5443,41.680606842041016
5444,25.503381729125977
5445,33.06171417236328
5446,36.2959098815918
5447,41.345848083496094
5448,27.11109733581543
5449,58.493587493896484
5450,51.43864059448242
5451,31.440643310546875
5452,39.37721252441406
5453,29.86638832092285
5454,37.27381896972656
5455,37.50324249267578
5456,43.35438537597656
5457,35.33888244628906
5458,20.237476348876953
5459,35.45885467529297
5460,31.55086898803711
5461,22.788814544677734
5462,27.47300148010254
5463,49.010467529296875
5464,37.999420166015625
5465,37.05830383300781
5466,51.230342864990234
5467,58.039302825927734
5468,33.65793228149414
5469,43.844058990478516
5470,28.630876541137695
5471,50.03532791137695
5472,23.946720123291016
5473,41.683231353759766
5474,25.510086059570312
5475,33.05476379394531
5476,36.301029205322266
5477,41.35116958618164
5478,27.116138458251953
5479,58.49370574951172
5480,51.416419982910156
5481,31.440773010253906
5482,39.367733001708984
5483,29.866119384765625
5484,37.26621627807617
5485,37.50541305541992
5486,43.352352142333984
5487,35.33543395996094
5488,20.240591049194336
5489,35.454551696777344
5490,31.552696228027344
5491,22.785118103027344
5492,27.476234436035156
5493,49.01508712768555
5494,38.005760192871094
5495,37.05751037597656
5496,51.24681854248047
5497,58.05615234375
5498,33.649314880371094
5499,43.8499641418457
5500,28.61255645751953
5501,50.03971481323242
5502,23.927494049072266
5503,41.67827606201172
5504,25.49979591369629
5505,33.05379104614258
5506,36.2950439453125
5507,41.344722747802734
5508,27.107208251953125
5509,58.4920539855957
5510,51.42253112792969
5511,31.43219566345215
5512,39.3680534362793
5513,29.864727020263672
5514,37.26511001586914
5515,37.49924087524414
5516,43.351200103759766
5517,35.33144760131836
5518,20.23903465270996
5519,35.453060150146484
5520,31.549760818481445
5521,22.78623390197754
5522,27.475990295410156
5523,49.01045608520508
5524,37.99581527709961
5525,37.046287536621094
5526,51.22738265991211
5527,58.03559875488281
5528,33.652191162109375
5529,43.827457427978516
5530,28.63405418395996
5531,50.0301513671875
5532,23.95732307434082
5533,41.68088150024414
5534,25.505807876586914
5535,33.04723358154297
5536,36.29990768432617
5537,41.34964370727539
5538,27.111825942993164
5539,58.492000579833984
5540,51.40176010131836
5541,31.431913375854492
5542,39.359092712402344
5543,29.864458084106445
5544,37.25775909423828
5545,37.501285552978516
5546,43.349239349365234
5547,35.327980041503906
5548,20.242006301879883
5549,35.44913101196289
5550,31.551546096801758
5551,22.783061981201172
5552,27.47924041748047
5553,49.01499938964844
5554,38.0015983581543
5555,37.045143127441406
5556,51.242671966552734
5557,58.05087661743164
5558,33.64423751831055
5559,43.83228302001953
5560,28.61745834350586
5561,50.03416061401367
5562,23.940673828125
5563,41.67649459838867
5564,25.496253967285156
5565,33.046058654785156
5566,36.294490814208984
5567,41.34377670288086
5568,27.103622436523438
5569,58.490230560302734
5570,51.40682601928711
5571,31.42378044128418
5572,39.35899353027344
5573,29.863203048706055
5574,37.25623321533203
5575,37.49571228027344
5576,43.3480224609375
5577,35.32406997680664
5578,20.240644454956055
5579,35.447696685791016
5580,31.548986434936523
5581,22.78436279296875
5582,27.479337692260742
5583,49.01102828979492
5584,37.99250793457031
5585,37.03445053100586
5586,51.225181579589844
5587,58.0319938659668
5588,33.646846771240234
5589,43.811134338378906
5590,28.637365341186523
5591,50.025455474853516
5592,23.96872901916504
5593,41.67908477783203
5594,25.501609802246094
5595,33.039947509765625
5596,36.298988342285156
5597,41.3481559753418
5598,27.107818603515625
5599,58.49013900756836
5600,51.38740539550781
5601,31.42304229736328
5602,39.350460052490234
5603,29.862890243530273
5604,37.24918746948242
5605,37.497623443603516
5606,43.34621810913086
5607,35.320735931396484
5608,20.243471145629883
5609,35.444129943847656
5610,31.550722122192383
5611,22.781652450561523
5612,27.482614517211914
5613,49.01544952392578
5614,37.99779510498047
5615,37.032962799072266
5616,51.23939895629883
5617,58.0457763671875
5618,33.63966751098633
5619,43.81498336791992
5620,28.622394561767578
5621,50.02922058105469
5622,23.95433235168457
5623,41.675262451171875
5624,25.49278450012207
5625,33.038658142089844
5626,36.29408645629883
5627,41.3427848815918
5628,27.100332260131836
5629,58.48837661743164
5630,51.391441345214844
5631,31.41522216796875
5632,39.350059509277344
5633,29.861690521240234
5634,37.247501373291016
5635,37.49258041381836
5636,43.34511184692383
5637,35.31681823730469
5638,20.242395401000977
5639,35.4428825378418
5640,31.548389434814453
5641,22.783035278320312
5642,27.482999801635742
5643,49.01204299926758
5644,37.989498138427734
5645,37.022769927978516
5646,51.223724365234375
5647,58.02848434448242
5648,33.642059326171875
5649,43.79511642456055
5650,28.640769958496094
5651,50.0213737487793
5652,23.980754852294922
5653,41.67776870727539
5654,25.497587203979492
5655,33.03291320800781
5656,36.2983512878418
5657,41.346744537353516
5658,27.104190826416016
5659,58.488121032714844
5660,51.37318801879883
5661,31.414283752441406
5662,39.34196090698242
5663,29.86136817932129
5664,37.24073028564453
5665,37.49435806274414
5666,43.34333419799805
5667,35.31343078613281
5668,20.245031356811523
5669,35.43968963623047
5670,31.55012321472168
5671,22.780776977539062
5672,27.48624610900879
5673,49.016326904296875
5674,37.994285583496094
5675,37.02104187011719
5676,51.236846923828125
5677,58.04094696044922
5678,33.63538360595703
5679,43.79800796508789
5680,28.6274356842041
5681,50.024818420410156
5682,23.968576431274414
5683,41.67445755004883
5684,25.489370346069336
5685,33.031517028808594
5686,36.294063568115234
5687,41.34186935424805
5688,27.09732437133789
5689,58.48649978637695
5690,51.376319885253906
5691,31.40679931640625
5692,39.34122848510742
5693,29.860254287719727
5694,37.23879623413086
5695,37.489871978759766
5696,43.34228515625
5697,35.30965805053711
5698,20.24419593811035
5699,35.43854522705078
5700,31.548137664794922
5701,22.782163619995117
5702,27.4868221282959
5703,49.013484954833984
5704,37.98680114746094
5705,37.01137161254883
5706,51.22294998168945
5707,58.02508544921875
5708,33.63755798339844
5709,43.77946472167969
5710,28.644256591796875
5711,50.01772689819336
5712,23.993364334106445
5713,41.67692565917969
5714,25.493711471557617
5715,33.026100158691406
5716,36.298004150390625
5717,41.345462799072266
5718,27.100772857666016
5719,58.48625564575195
5720,51.359378814697266
5721,31.405553817749023
5722,39.33353042602539
5723,29.859981536865234
5724,37.23230743408203
5725,37.49150466918945
5726,43.34062194824219
5727,35.306278228759766
5728,20.2467098236084
5729,35.435611724853516
5730,31.549800872802734
5731,22.780290603637695
5732,27.490066528320312
5733,49.017662048339844
5734,37.99114990234375
5735,37.00933837890625
5736,51.235069274902344
5737,58.03624725341797
5738,33.63153076171875
5739,43.78152084350586
5740,28.63238525390625
5741,50.020851135253906
5742,23.98304557800293
5743,41.67415237426758
5744,25.486177444458008
5745,33.024620056152344
5746,36.29413604736328
5747,41.34098434448242
5748,27.094608306884766
5749,58.484615325927734
5750,51.36157989501953
5751,31.398427963256836
5752,39.332523345947266
5753,29.858932495117188
5754,37.23019790649414
5755,37.4874267578125
5756,43.33967590332031
5757,35.3026237487793
5758,20.24606704711914
5759,35.4345817565918
5760,31.54810905456543
5761,22.781766891479492
5762,27.490863800048828
5763,49.01530075073242
5764,37.98432159423828
5765,37.00010681152344
5766,51.222652435302734
5767,58.02179718017578
5768,33.633506774902344
5769,43.76409912109375
5770,28.647859573364258
5771,50.01449203491211
5772,24.00638198852539
5773,41.67658615112305
5774,25.48994255065918
5775,33.0195198059082
5776,36.297786712646484
5777,41.34425735473633
5778,27.097753524780273
5779,58.48430252075195
5780,51.34576416015625
5781,31.39691925048828
5782,39.325260162353516
5783,29.858755111694336
5784,37.223995208740234
5785,37.489013671875
5786,43.338130950927734
5787,35.299381256103516
5788,20.248411178588867
5789,35.43199157714844
5790,31.549713134765625
5791,22.780216217041016
5792,27.494121551513672
5793,49.019344329833984
5794,37.988155364990234
5795,36.99776840209961
5796,51.23387908935547
5797,58.031742095947266
5798,33.628074645996094
5799,43.76525115966797
5800,28.63745880126953
5801,50.01734161376953
5802,23.998106002807617
5803,41.67415237426758
5804,25.48308753967285
5805,33.0179328918457
5806,36.29442596435547
5807,41.340213775634766
5808,27.092124938964844
5809,58.48281478881836
5810,51.347164154052734
5811,31.390092849731445
5812,39.323997497558594
5813,29.857805252075195
5814,37.2216796875
5815,37.48544692993164
5816,43.33725357055664
5817,35.295772552490234
5818,20.247953414916992
5819,35.43102264404297
5820,31.548337936401367
5821,22.78167152404785
5822,27.495176315307617
5823,49.01750183105469
5824,37.9820671081543
5825,36.989070892333984
5826,51.22305679321289
5827,58.01876449584961
5828,33.62983703613281
5829,43.74907684326172
5830,28.651641845703125
5831,50.01179122924805
5832,24.019851684570312
5833,41.67657470703125
5834,25.486343383789062
5835,33.01313018798828
5836,36.29783248901367
5837,41.34312438964844
5838,27.09486961364746
5839,58.48252868652344
5840,51.33243179321289
5841,31.388338088989258
5842,39.31706619262695
5843,29.85755157470703
5844,37.21579360961914
5845,37.48686599731445
5846,43.3358154296875
5847,35.292537689208984
5848,20.250219345092773
5849,35.42868423461914
5850,31.549888610839844
5851,22.78053092956543
5852,27.49837303161621
5853,49.02145004272461
5854,37.98551940917969
5855,36.98651123046875
5856,51.23341369628906
5857,58.02750015258789
5858,33.624916076660156
5859,43.74956512451172
5860,28.64250373840332
5861,50.01439666748047
5862,24.01328468322754
5863,41.67464828491211
5864,25.48006820678711
5865,33.011417388916016
5866,36.294864654541016
5867,41.33942794799805
5868,27.08985137939453
5869,58.48115539550781
5870,51.3331413269043
5871,31.38195037841797
5872,39.31557083129883
5873,29.856670379638672
5874,37.21339797973633
5875,37.48365783691406
5876,43.33489227294922
5877,35.2890625
5878,20.249868392944336
5879,35.427852630615234
5880,31.5487060546875
5881,22.781957626342773
5882,27.49956703186035
5883,49.020042419433594
5884,37.9799690246582
5885,36.978179931640625
5886,51.22394943237305
5887,58.01573944091797
5888,33.6264533996582
5889,43.73448181152344
5890,28.655515670776367
5891,50.00941848754883
5892,24.033761978149414
5893,41.67692184448242
5894,25.48294448852539
5895,33.0069694519043
5896,36.29804992675781
5897,41.34209442138672
5898,27.092357635498047
5899,58.48088455200195
5900,51.319400787353516
5901,31.38001251220703
5902,39.30900192260742
5903,29.856447219848633
5904,37.2077751159668
5905,37.485015869140625
5906,43.33366394042969
5907,35.285892486572266
5908,20.252033233642578
5909,35.425819396972656
5910,31.550312042236328
5911,22.7811279296875
5912,27.502731323242188
5913,49.02382278442383
5914,37.98306655883789
5915,36.97541046142578
5916,51.23349380493164
5917,58.02345275878906
5918,33.622161865234375
5919,43.73422622680664
5920,28.64776039123535
5921,50.01181411743164
5922,24.028953552246094
5923,41.675350189208984
5924,25.47730255126953
5925,33.005226135253906
5926,36.295597076416016
5927,41.33884048461914
5928,27.087915420532227
5929,58.47959899902344
5930,51.31948471069336
5931,31.37381935119629
5932,39.30723190307617
5933,29.855634689331055
5934,37.205223083496094
5935,37.48230743408203
5936,43.33278274536133
5937,35.282554626464844
5938,20.251873016357422
5939,35.42503356933594
5940,31.549400329589844
5941,22.782665252685547
5942,27.504140853881836
5943,49.02289962768555
5944,37.978153228759766
5945,36.967586517333984
5946,51.22542190551758
5947,58.012962341308594
5948,33.62345504760742
5949,43.720211029052734
5950,28.65953254699707
5951,50.00749206542969
5952,24.04800796508789
5953,41.67768478393555
5954,25.47975730895996
5955,33.00102615356445
5956,36.29848098754883
5957,41.34111785888672
5958,27.09008026123047
5959,58.479339599609375
5960,51.306758880615234
5961,31.37162971496582
5962,39.30106735229492
5963,29.8554744720459
5964,37.19990921020508
5965,37.4835319519043
5966,43.33162307739258
5967,35.27947235107422
5968,20.253883361816406
5969,35.4232177734375
5970,31.550914764404297
5971,22.78202247619629
5972,27.507278442382812
5973,49.026573181152344
5974,37.98085403442383
5975,36.96464538574219
5976,51.23419952392578
5977,58.01957702636719
5978,33.61965560913086
5979,43.719329833984375
5980,28.65300178527832
5981,50.00967025756836
5982,24.044736862182617
5983,41.67645263671875
5984,25.47468376159668
5985,32.999237060546875
5986,36.296363830566406
5987,41.33824157714844
5988,27.086103439331055
5989,58.478153228759766
5990,51.306148529052734
5991,31.36585807800293
5992,39.29916000366211
5993,29.85480308532715
5994,37.19725799560547
5995,37.48114776611328
5996,43.330841064453125
5997,35.2762451171875
5998,20.253862380981445
5999,35.42256546020508
6000,31.55023765563965
6001,22.783565521240234
6002,27.508859634399414
6003,49.02602767944336
6004,37.97655487060547
6005,36.95718765258789
6006,51.227378845214844
6007,58.010169982910156
6008,33.620887756347656
6009,43.70634078979492
6010,28.66377830505371
6011,50.005882263183594
6012,24.062637329101562
6013,41.67875671386719
6014,25.476804733276367
6015,32.99529266357422
6016,36.29913330078125
6017,41.340309143066406
6018,27.088058471679688
6019,58.47798538208008
6020,51.294281005859375
6021,31.363548278808594
6022,39.29329299926758
6023,29.854549407958984
6024,37.192264556884766
6025,37.482269287109375
6026,43.329776763916016
6027,35.27324295043945
6028,20.255762100219727
6029,35.421016693115234
6030,31.551746368408203
6031,22.78319549560547
6032,27.511938095092773
6033,49.02954864501953
6034,37.97898864746094
6035,36.95405197143555
6036,51.235511779785156
6037,58.01604461669922
6038,33.6175422668457
6039,43.704978942871094
6040,28.658306121826172
6041,50.00791549682617
6042,24.060632705688477
6043,41.67780685424805
6044,25.472246170043945
6045,32.99343490600586
6046,36.297428131103516
6047,41.33771514892578
6048,27.0845947265625
6049,58.47692108154297
6050,51.29322814941406
6051,31.35795783996582
6052,39.29119873046875
6053,29.853933334350586
6054,37.18960952758789
6055,37.480228424072266
6056,43.329017639160156
6057,35.27008819580078
6058,20.25592803955078
6059,35.42048645019531
6060,31.551225662231445
6061,22.78479766845703
6062,27.51358413696289
6063,49.0294303894043
6064,37.97506332397461
6065,36.94697952270508
6066,51.229793548583984
6067,58.0075798034668
6068,33.618629455566406
6069,43.69291687011719
6070,28.668193817138672
6071,50.004669189453125
6072,24.077505111694336
6073,41.68000411987305
6074,25.474130630493164
6075,32.989776611328125
6076,36.299949645996094
6077,41.33955001831055
6078,27.086366653442383
6079,58.47671890258789
6080,51.28220748901367
6081,31.355545043945312
6082,39.28562545776367
6083,29.8537654876709
6084,37.18474197387695
6085,37.48133087158203
6086,43.3281135559082
6087,35.267269134521484
6088,20.25767707824707
6089,35.41917419433594
6090,31.552762985229492
6091,22.784666061401367
6092,27.51668930053711
6093,49.03288650512695
6094,37.9772834777832
6095,36.9438591003418
6096,51.23745346069336
6097,58.01277160644531
6098,33.61566162109375
6099,43.69117736816406
6100,28.663564682006836
6101,50.00654983520508
6102,24.076658248901367
6103,41.67941665649414
6104,25.469947814941406
6105,32.987979888916016
6106,36.298587799072266
6107,41.33714294433594
6108,27.08330535888672
6109,58.47578430175781
6110,51.28081130981445
6111,31.350229263305664
6112,39.283512115478516
6113,29.853275299072266
6114,37.182132720947266
6115,37.47953796386719
6116,43.327396392822266
6117,35.26419448852539
6118,20.257904052734375
6119,35.41878128051758
6120,31.552453994750977
6121,22.7862491607666
6122,27.518434524536133
6123,49.03299331665039
6124,37.97383117675781
6125,36.93706130981445
6126,51.232574462890625
6127,58.00506591796875
6128,33.61668014526367
6129,43.67982864379883
6130,28.6728572845459
6131,50.003780364990234
6132,24.092727661132812
6133,41.68164825439453
6134,25.471635818481445
6135,32.98445510864258
6136,36.30105972290039
6137,41.33880615234375
6138,27.08492088317871
6139,58.475563049316406
6140,51.27043914794922
6141,31.347763061523438
6142,39.278202056884766
6143,29.853151321411133
6144,37.177589416503906
6145,37.48067092895508
6146,43.326576232910156
6147,35.26141357421875
6148,20.25960922241211
6149,35.41762161254883
6150,31.553945541381836
6151,22.786348342895508
6152,27.521432876586914
6153,49.03643035888672
6154,37.97585678100586
6155,36.93389129638672
6156,51.23986053466797
6157,58.00967788696289
6158,33.61403274536133
6159,43.67789077758789
6160,28.669002532958984
6161,50.0056037902832
6162,24.092731475830078
6163,41.681304931640625
6164,25.46793556213379
6165,32.98272705078125
6166,36.29994583129883
6167,41.336734771728516
6168,27.08222770690918
6169,58.47477340698242
6170,51.26876449584961
6171,31.34275245666504
6172,39.27597427368164
6173,29.85266876220703
6174,37.1749267578125
6175,37.47917556762695
6176,43.325931549072266
6177,35.25852584838867
6178,20.260028839111328
6179,35.41734313964844
6180,31.553865432739258
6181,22.78797149658203
6182,27.523271560668945
6183,49.03684997558594
6184,37.97277069091797
6185,36.92738723754883
6186,51.23586654663086
6187,58.002620697021484
6188,33.6151008605957
6189,43.66728210449219
6190,28.6776123046875
6191,50.00319290161133
6192,24.108245849609375
6193,41.683570861816406
6194,25.469430923461914
6195,32.97943878173828
6196,36.30229187011719
6197,41.33818435668945
6198,27.083877563476562
6199,58.474609375
6200,51.259063720703125
6201,31.340160369873047
6202,39.27095413208008
6203,29.85260581970215
6204,37.17052459716797
6205,37.480255126953125
6206,43.32521438598633
6207,35.25587463378906
6208,20.261638641357422
6209,35.41640853881836
6210,31.555419921875
6211,22.788305282592773
6212,27.52626609802246
6213,49.040130615234375
6214,37.97461700439453
6215,36.924190521240234
6216,51.24275207519531
6217,58.00674819946289
6218,33.612770080566406
6219,43.665096282958984
6220,28.674428939819336
6221,50.00495147705078
6222,24.10906410217285
6223,41.68345642089844
6224,25.466129302978516
6225,32.977760314941406
6226,36.301490783691406
6227,41.336280822753906
6228,27.081514358520508
6229,58.47382354736328
6230,51.25713348388672
6231,31.33526611328125
6232,39.26866912841797
6233,29.852222442626953
6234,37.16795349121094
6235,37.47896194458008
6236,43.3245849609375
6237,35.25309371948242
6238,20.2620792388916
6239,35.41626739501953
6240,31.555463790893555
6241,22.790029525756836
6242,27.528221130371094
6243,49.040802001953125
6244,37.971885681152344
6245,36.91802215576172
6246,51.23957061767578
6247,58.00039291381836
6248,33.6138916015625
6249,43.65516662597656
6250,28.682628631591797
6251,50.00294876098633
6252,24.123857498168945
6253,41.6856689453125
6254,25.4675350189209
6255,32.97468566894531
6256,36.30376434326172
6257,41.33766555786133
6258,27.083032608032227
6259,58.47378921508789
6260,51.24799346923828
6261,31.332775115966797
6262,39.263816833496094
6263,29.852157592773438
6264,37.16381072998047
6265,37.48005294799805
6266,43.323951721191406
6267,35.250511169433594
6268,20.263626098632812
6269,35.41559600830078
6270,31.55702781677246
6271,22.79050636291504
6272,27.531166076660156
6273,49.04412841796875
6274,37.973628997802734
6275,36.91476058959961
6276,51.24626922607422
6277,58.00406265258789
6278,33.61185073852539
6279,43.65291213989258
6280,28.680023193359375
6281,50.00476837158203
6282,24.12550926208496
6283,41.6858024597168
6284,25.464513778686523
6285,32.97299575805664
6286,36.30311965942383
6287,41.335914611816406
6288,27.08098793029785
6289,58.47309112548828
6290,51.245933532714844
6291,31.32809829711914
6292,39.26150131225586
6293,29.85183334350586
6294,37.161258697509766
6295,37.47905349731445
6296,43.323402404785156
6297,35.247894287109375
6298,20.264142990112305
6299,35.41566467285156
6300,31.55713653564453
6301,22.792327880859375
6302,27.533220291137695
6303,49.04495620727539
6304,37.97117614746094
6305,36.908958435058594
6306,51.24374008178711
6307,57.99824523925781
6308,33.61301803588867
6309,43.64360809326172
6310,28.687774658203125
6311,50.002986907958984
6312,24.139781951904297
6313,41.68804931640625
6314,25.465906143188477
6315,32.97016143798828
6316,36.30546188354492
6317,41.337093353271484
6318,27.082494735717773
6319,58.47301483154297
6320,51.237281799316406
6321,31.325471878051758
6322,39.256874084472656
6323,29.85187339782715
6324,37.1573371887207
6325,37.48017501831055
6326,43.32279968261719
6327,35.24547576904297
6328,20.26572608947754
6329,35.415157318115234
6330,31.558805465698242
6331,22.79295539855957
6332,27.536073684692383
6333,49.04833984375
6334,37.97291946411133
6335,36.90583038330078
6336,51.25038146972656
6337,58.0016975402832
6338,33.61127853393555
6339,43.64143753051758
6340,28.685497283935547
6341,50.00486755371094
6342,24.14177703857422
6343,41.68836975097656
6344,25.463218688964844
6345,32.96866989135742
6346,36.30498123168945
6347,41.33547592163086
6348,27.080781936645508
6349,58.472259521484375
6350,51.23529052734375
6351,31.321020126342773
6352,39.25468444824219
6353,29.85167694091797
6354,37.15491485595703
6355,37.47928237915039
6356,43.32236099243164
6357,35.24287033081055
6358,20.26622772216797
6359,35.41533279418945
6360,31.559070587158203
6361,22.794878005981445
6362,27.538005828857422
6363,49.049293518066406
6364,37.970611572265625
6365,36.900123596191406
6366,51.24818420410156
6367,57.99603271484375
6368,33.61249923706055
6369,43.63247299194336
6370,28.693180084228516
6371,50.003387451171875
6372,24.156015396118164
6373,41.690731048583984
6374,25.464738845825195
6375,32.965911865234375
6376,36.30740737915039
6377,41.33688735961914
6378,27.08265495300293
6379,58.47244644165039
6380,51.2264404296875
6381,31.318941116333008
6382,39.250064849853516
6383,29.851802825927734
6384,37.15106964111328
6385,37.480628967285156
6386,43.321800231933594
6387,35.240726470947266
6388,20.268077850341797
6389,35.41490936279297
6390,31.5607967376709
6391,22.79513168334961
6392,27.540586471557617
6393,49.052799224853516
6394,37.97315979003906
6395,36.89807891845703
6396,51.25593566894531
6397,58.00143814086914
6398,33.610130310058594
6399,43.6318359375
6400,28.689144134521484
6401,50.00554656982422
6402,24.155162811279297
6403,41.69021224975586
6404,25.46150016784668
6405,32.964900970458984
6406,36.30641555786133
6407,41.3345947265625
6408,27.08045196533203
6409,58.47137451171875
6410,51.226905822753906
6411,31.314132690429688
6412,39.2490119934082
6413,29.851442337036133
6414,37.149505615234375
6415,37.478878021240234
6416,43.321563720703125
6417,35.23830795288086
6418,20.267667770385742
6419,35.415531158447266
6420,31.561054229736328
6421,22.797163009643555
6422,27.54204559326172
6423,49.05323791503906
6424,37.97014236450195
6425,36.892215728759766
6426,51.25168228149414
6427,57.99359130859375
6428,33.6123046875
6429,43.621551513671875
6430,28.69951629638672
6431,50.003326416015625
6432,24.172569274902344
6433,41.69310760498047
6434,25.464689254760742
6435,32.96202087402344
6436,36.3100471496582
6437,41.337059020996094
6438,27.084087371826172
6439,58.47172546386719
6440,51.215572357177734
6441,31.313884735107422
6442,39.2440185546875
6443,29.851987838745117
6444,37.14533615112305
6445,37.48112106323242
6446,43.32088851928711
6447,35.23657989501953
6448,20.27043914794922
6449,35.41490173339844
6450,31.562816619873047
6451,22.79667854309082
6452,27.544387817382812
6453,49.057212829589844
6454,37.97422409057617
6455,36.89188003540039
6456,51.26262283325195
6457,58.003475189208984
6458,33.60859298706055
6459,43.624549865722656
6460,28.691091537475586
6461,50.00673294067383
6462,24.165027618408203
6463,41.691104888916016
6464,25.459741592407227
6465,32.9617919921875
6466,36.30750274658203
6467,41.33327865600586
6468,27.08001708984375
6469,58.470706939697266
6470,51.22064971923828
6471,31.308067321777344
6472,39.244651794433594
6473,29.851490020751953
6474,37.1452751159668
6475,37.477867126464844
6476,43.32102584838867
6477,35.23445510864258
6478,20.268482208251953
6479,35.41595458984375
6480,31.562808990478516
6481,22.79877471923828
6482,27.544937133789062
6483,49.05638122558594
6484,37.96957015991211
6485,36.88536071777344
6486,51.25395202636719
6487,57.99134063720703
6488,33.61231231689453
6489,43.61132049560547
6490,28.706626892089844
6491,50.00265884399414
6492,24.188432693481445
6493,41.69486618041992
6494,25.4656982421875
6495,32.9586067199707
6496,36.31288528442383
6497,41.3375244140625
6498,27.08625602722168
6499,58.47132873535156
6500,51.20576095581055
6501,31.309982299804688
6502,39.238800048828125
6503,29.85234260559082
6504,37.140872955322266
6505,37.48130798339844
6506,43.32036590576172
6507,35.233341217041016
6508,20.272462844848633
6509,35.41487503051758
6510,31.564632415771484
6511,22.797592163085938
6512,27.5473690032959
6513,49.06101989746094
6514,37.97517013549805
6515,36.88637161254883
6516,51.26885223388672
6517,58.005741119384766
6518,33.60722351074219
6519,43.61810302734375
6520,28.693666458129883
6521,50.007659912109375
6522,24.17412567138672
6523,41.69175720214844
6524,25.458768844604492
6525,32.95884323120117
6526,36.30874252319336
6527,41.33222579956055
6528,27.080013275146484
6529,58.47110366821289
6530,51.215187072753906
6531,31.302736282348633
6532,39.240753173828125
6533,29.851627349853516
6534,37.14216232299805
6535,37.476749420166016
6536,43.320838928222656
6537,35.231563568115234
6538,20.26923942565918
6539,35.41630172729492
6540,31.564476013183594
6541,22.799728393554688
6542,27.54727554321289
6543,49.05902862548828
6544,37.96888732910156
6545,36.8791389465332
6546,51.25621032714844
6547,57.98950958251953
6548,33.612552642822266
6549,43.602325439453125
6550,28.714141845703125
6551,50.002052307128906
6552,24.203189849853516
6553,41.69639205932617
6554,25.467262268066406
6555,32.95542526245117
6556,36.315704345703125
6557,41.33809280395508
6558,27.08863639831543
6559,58.47218322753906
6560,51.19688415527344
6561,31.306734085083008
6562,39.23411560058594
6563,29.852853775024414
6564,37.13746643066406
6565,37.48143005371094
6566,43.3200569152832
6567,35.230926513671875
6568,20.274372100830078
6569,35.41497802734375
6570,31.566448211669922
6571,22.79781723022461
6572,27.54985237121582
6573,49.0643424987793
6574,37.97602081298828
6575,36.88149642944336
6576,51.27507019042969
6577,58.0084228515625
6578,33.60609817504883
6579,43.61296463012695
6580,28.696523666381836
6581,50.0086784362793
6582,24.182113647460938
6583,41.692020416259766
6584,25.45842170715332
6585,32.956233978271484
6586,36.30986785888672
6587,41.331199645996094
6588,27.080217361450195
6589,58.4725227355957
6590,51.210689544677734
6591,31.298097610473633
6592,39.237457275390625
6593,29.851945877075195
6594,37.14010238647461
6595,37.47557830810547
6596,43.32084274291992
6597,35.229373931884766
6598,20.269676208496094
6599,35.41685104370117
6600,31.56612777709961
6601,22.80023193359375
6602,27.549072265625
6603,49.06123352050781
6604,37.96806716918945
6605,36.87345504760742
6606,51.25832748413086
6607,57.98778533935547
6608,33.61311340332031
6609,43.594417572021484
6610,28.722187042236328
6611,50.00141525268555
6612,24.217239379882812
6613,41.69763946533203
6614,25.46964454650879
6615,32.952484130859375
6616,36.31863784790039
6617,41.3387565612793
6618,27.091339111328125
6619,58.473915100097656
6620,51.188819885253906
6621,31.304157257080078
6622,39.2298583984375
6623,29.853559494018555
6624,37.13504409790039
6625,37.481536865234375
6626,43.32002639770508
6627,35.22936248779297
6628,20.275997161865234
6629,35.41518020629883
6630,31.568309783935547
6631,22.797666549682617
6632,27.551790237426758
6633,49.06732177734375
6634,37.97713088989258
6635,36.87751007080078
6636,51.28150177001953
6637,58.011600494384766
6638,33.60521697998047
6639,43.609230041503906
6640,28.69948959350586
6641,50.009742736816406
6642,24.188867568969727
6643,41.69195556640625
6644,25.458799362182617
6645,32.95409393310547
6646,36.310977935791016
6647,41.330162048339844
6648,27.080663681030273
6649,58.474525451660156
6650,51.207427978515625
6651,31.294084548950195
6652,39.23474884033203
6653,29.85230255126953
6654,37.13909149169922
6655,37.474273681640625
6656,43.32115173339844
6657,35.22797775268555
6658,20.269906997680664
6659,35.41755676269531
6660,31.567670822143555
6661,22.800405502319336
6662,27.550344467163086
6663,49.063045501708984
6664,37.9672966003418
6665,36.86852264404297
6666,51.26022720336914
6667,57.98604202270508
6668,33.613956451416016
6669,43.587608337402344
6670,28.730724334716797
6671,50.00078201293945
6672,24.230730056762695
6673,41.69869613647461
6674,25.47295379638672
6675,32.9500732421875
6676,36.321815490722656
6677,41.339561462402344
6678,27.094566345214844
6679,58.476112365722656
6680,51.18152618408203
6681,31.30228614807129
6682,39.22611999511719
6683,29.85431671142578
6684,37.13351821899414
6685,37.48167419433594
6686,43.320068359375
6687,35.22844696044922
6688,20.277484893798828
6689,35.4156379699707
6690,31.57002067565918
6691,22.797199249267578
6692,27.553173065185547
6693,49.06996154785156
6694,37.9783821105957
6695,36.8742790222168
6696,51.28822326660156
6697,58.01523971557617
6698,33.604610443115234
6699,43.60700607299805
6700,28.702539443969727
6701,50.01099395751953
6702,24.194637298583984
6703,41.69160842895508
6704,25.459712982177734
6705,32.952362060546875
6706,36.312171936035156
6707,41.3289794921875
6708,27.081483840942383
6709,58.477020263671875
6710,51.20509338378906
6711,31.29056739807129
6712,39.23262405395508
6713,29.85285758972168
6714,37.13902282714844
6715,37.472957611083984
6716,43.32154083251953
6717,35.227272033691406
6718,20.26984977722168
6719,35.41867446899414
6720,31.569164276123047
6721,22.800434112548828
6722,27.550973892211914
6723,49.06433868408203
6724,37.96654510498047
6725,36.86434555053711
6726,51.26211929321289
6727,57.98436737060547
6728,33.61537551879883
6729,43.582088470458984
6730,28.739744186401367
6731,50.00019836425781
6732,24.243824005126953
6733,41.6995849609375
6734,25.477149963378906
6735,32.94805145263672
6736,36.32503890991211
6737,41.340309143066406
6738,27.098312377929688
6739,58.47883605957031
6740,51.17508316040039
6741,31.301067352294922
6742,39.22285842895508
6743,29.85530662536621
6744,37.132930755615234
6745,37.48184585571289
6746,43.320289611816406
6747,35.22822189331055
6748,20.2788143157959
6749,35.416526794433594
6750,31.571916580200195
6751,22.79653549194336
6752,27.55405044555664
6753,49.07233810424805
6754,37.979915618896484
6755,36.871891021728516
6756,51.2953987121582
6757,58.019203186035156
6758,33.604339599609375
6759,43.606468200683594
6760,28.705486297607422
6761,50.01246643066406
6762,24.199417114257812
6763,41.69099807739258
6764,25.461471557617188
6765,32.951290130615234
6766,36.313419342041016
6767,41.327720642089844
6768,27.082590103149414
6769,58.479801177978516
6770,51.204139709472656
6771,31.287586212158203
6772,39.23109817504883
6773,29.853551864624023
6774,37.14006423950195
6775,37.471439361572266
6776,43.322044372558594
6777,35.227237701416016
6778,20.269563674926758
6779,35.420265197753906
6780,31.57066535949707
6781,22.80042266845703
6782,27.550975799560547
6783,49.06525802612305
6784,37.965850830078125
6785,36.8608512878418
6786,51.263885498046875
6787,57.98240280151367
6788,33.61735534667969
6789,43.577842712402344
6790,28.749460220336914
6791,49.9996337890625
6792,24.256799697875977
6793,41.70041275024414
6794,25.482290267944336
6795,32.946678161621094
6796,36.32859802246094
6797,41.34107971191406
6798,27.102630615234375
6799,58.48183822631836
6800,51.169517517089844
6801,31.300371170043945
6802,39.220027923583984
6803,29.85643768310547
6804,37.13331985473633
6805,37.48200988769531
6806,43.32060623168945
6807,35.22877502441406
6808,20.27994155883789
6809,35.41777038574219
6810,31.57387924194336
6811,22.795940399169922
6812,27.554519653320312
6813,49.07439041137695
6814,37.981414794921875
6815,36.870121002197266
6816,51.3023567199707
6817,58.02268600463867
6818,33.60471725463867
6819,43.60708999633789
6820,28.70935821533203
6821,50.01397705078125
6822,24.20423126220703
6823,41.69036865234375
6824,25.464027404785156
6825,32.95059585571289
6826,36.3149299621582
6827,41.32644271850586
6828,27.08439826965332
6829,58.48289489746094
6830,51.20354080200195
6831,31.28531265258789
6832,39.22990417480469
6833,29.85450553894043
6834,37.14183044433594
6835,37.4702033996582
6836,43.322509765625
6837,35.227867126464844
6838,20.269603729248047
6839,35.42225646972656
6840,31.572086334228516
6841,22.800548553466797
6842,27.550676345825195
6843,49.06578063964844
6844,37.96507263183594
6845,36.85794448852539
6846,51.26393508911133
6847,57.97709655761719
6848,33.62150192260742
6849,43.56852340698242
6850,28.771936416625977
6851,49.992706298828125
6852,24.29236602783203
6853,41.702239990234375
6854,25.49651527404785
6855,32.94647979736328
6856,36.335365295410156
6857,41.342105865478516
6858,27.10403823852539
6859,58.49123001098633
6860,51.17386245727539
6861,31.291439056396484
6862,39.21611404418945
6863,29.8558406829834
6864,37.138729095458984
6865,37.48012161254883
6866,43.323822021484375
6867,35.231536865234375
6868,20.278011322021484
6869,35.417362213134766
6870,31.57413101196289
6871,22.797229766845703
6872,27.55951499938965
6873,49.072383880615234
6874,37.970489501953125
6875,36.85456848144531
6876,51.2948112487793
6877,58.0009651184082
6878,33.615631103515625
6879,43.592044830322266
6880,28.742351531982422
6881,50.01124572753906
6882,24.24441146850586
6883,41.70038604736328
6884,25.477149963378906
6885,32.94292449951172
6886,36.323020935058594
6887,41.33501434326172
6888,27.08611488342285
6889,58.51252746582031
6890,51.186668395996094
6891,31.279375076293945
6892,39.212398529052734
6893,29.853992462158203
6894,37.14458084106445
6895,37.477779388427734
6896,43.3285026550293
6897,35.23504638671875
6898,20.27227210998535
6899,35.41501998901367
6900,31.574867248535156
