iteration,loss
1,707.0548706054688
2,690.541015625
3,860.0924072265625
4,700.2255249023438
5,527.3714599609375
6,655.4714965820312
7,547.3087768554688
8,845.9072265625
9,668.990478515625
10,830.9754638671875
11,762.6529541015625
12,719.7222290039062
13,505.32037353515625
14,839.5958251953125
15,738.8232421875
16,593.6466064453125
17,615.7379150390625
18,787.5068969726562
19,607.4466552734375
20,550.427001953125
21,807.6832275390625
22,698.1429443359375
23,769.7672119140625
24,665.5555419921875
25,760.494384765625
26,763.34521484375
27,803.890625
28,688.5526733398438
29,846.8931884765625
30,768.0557250976562
31,679.5439453125
32,679.638427734375
33,846.6527099609375
34,689.7006225585938
35,518.8185424804688
36,645.2450561523438
37,539.0715942382812
38,832.8541259765625
39,657.9456787109375
40,817.5267944335938
41,750.5377197265625
42,708.0398559570312
43,496.6669616699219
44,825.974853515625
45,727.11962890625
46,584.4931030273438
47,605.3836669921875
48,774.7806396484375
49,597.5958251953125
50,541.5795288085938
51,794.6952514648438
52,686.988525390625
53,757.802490234375
54,654.3417358398438
55,747.9971923828125
56,749.5823974609375
57,790.031494140625
58,676.31787109375
59,831.6265258789062
60,755.3388671875
61,666.61376953125
62,667.5855712890625
63,831.7697143554688
64,678.0604248046875
65,509.35430908203125
66,633.93017578125
67,529.962646484375
68,818.389892578125
69,645.721435546875
70,802.6322631835938
71,737.1275634765625
72,695.100341796875
73,487.107177734375
74,810.9042358398438
75,714.1719360351562
76,574.3677368164062
77,593.9367065429688
78,760.708740234375
79,586.721923828125
80,531.8050537109375
81,780.327880859375
82,674.67138671875
83,744.5968627929688
84,641.9850463867188
85,734.20166015625
86,734.399169921875
87,774.7418212890625
88,662.836669921875
89,814.7859497070312
90,741.3251953125
91,652.389892578125
92,654.3280029296875
93,815.3853759765625
94,665.270263671875
95,498.95574951171875
96,621.5052490234375
97,519.9702758789062
98,802.494873046875
99,632.310546875
100,786.2884521484375
101,722.4224243164062
102,680.9060668945312
103,476.6536865234375
104,794.3973388671875
105,699.9947509765625
106,563.2843017578125
107,581.4175415039062
108,745.3148803710938
109,574.8507080078125
110,521.1253051757812
111,764.6067504882812
112,661.2203979492188
113,730.182861328125
114,628.5220336914062
115,719.1416625976562
116,717.8353271484375
117,758.060546875
118,648.1485595703125
119,796.4136962890625
120,726.0533447265625
121,636.9188842773438
122,639.9068603515625
123,797.5452880859375
124,651.3717651367188
125,487.6566467285156
126,608.0099487304688
127,509.12847900390625
128,785.2123413085938
129,617.7554321289062
130,768.5444946289062
131,706.4661865234375
132,665.4962158203125
133,465.34515380859375
134,776.5029907226562
135,684.629638671875
136,551.275146484375
137,567.8655395507812
138,728.6425170898438
139,562.0219116210938
140,509.57244873046875
141,747.56982421875
142,646.6739501953125
143,714.601318359375
144,613.9967651367188
145,702.8564453125
146,699.9351196289062
147,740.0299682617188
148,632.2947998046875
149,776.552734375
150,709.5619506835938
151,620.248291015625
152,624.3624877929688
153,778.2939453125
154,636.4049072265625
155,475.48895263671875
156,593.4815673828125
157,497.4693603515625
158,766.5819091796875
159,602.09521484375
160,749.446044921875
161,689.298583984375
162,648.9061889648438
163,453.2181396484375
164,757.2655639648438
165,668.114501953125
166,538.3690795898438
167,553.3171997070312
168,710.7304077148438
169,548.2724609375
170,497.17578125
171,729.25048828125
172,631.0668334960938
173,697.8896484375
174,598.4500122070312
175,685.3817138671875
176,680.7395629882812
177,720.6893310546875
178,615.31494140625
179,755.2442016601562
180,691.8887939453125
181,602.4263916015625
182,607.735107421875
183,757.6767578125
184,620.411376953125
185,462.4863586425781
186,577.959716796875
187,485.02734375
188,746.646240234375
189,585.3727416992188
190,729.045166015625
191,670.9640502929688
192,631.1768188476562
193,440.31512451171875
194,736.737060546875
195,650.494384765625
196,524.6014404296875
197,537.818115234375
198,691.6276245117188
199,533.648193359375
200,483.9732360839844
201,709.6959838867188
202,614.4453735351562
203,680.0985107421875
204,581.93505859375
205,666.768310546875
206,660.30712890625
207,700.0958251953125
208,597.2650146484375
209,732.5506591796875
210,673.089111328125
211,583.521240234375
212,590.0808715820312
213,735.7601928710938
214,603.4482421875
215,448.69476318359375
216,561.4984741210938
217,471.84814453125
218,725.46630859375
219,567.646728515625
220,707.4149169921875
221,651.5234375
222,612.3648681640625
223,426.691162109375
224,714.9876708984375
225,631.8301391601562
226,510.01904296875
227,521.427734375
228,671.3986206054688
229,518.206787109375
230,470.01312255859375
231,688.967529296875
232,596.8681030273438
233,661.290771484375
234,564.516845703125
235,647.0787963867188
236,638.708740234375
237,678.3189086914062
238,578.211181640625
239,708.5468139648438
240,653.22802734375
241,563.6119384765625
242,571.4651489257812
243,712.6213989257812
244,585.5816040039062
245,434.16729736328125
246,544.1600341796875
247,457.9839172363281
248,703.11181640625
249,548.9830322265625
250,684.6358642578125
251,631.0445556640625
252,592.5328979492188
253,412.40631103515625
254,692.0942993164062
255,612.187744140625
256,494.6723327636719
257,504.2096252441406
258,650.11181640625
259,502.01031494140625
260,455.34619140625
261,667.129150390625
262,578.3967895507812
263,641.5327758789062
264,546.2639770507812
265,626.3777465820312
266,616.017578125
267,655.4306030273438
268,558.2224731445312
269,683.30859375
270,632.3722534179688
271,542.78076171875
272,551.9556274414062
273,688.3402099609375
274,566.8801879882812
275,418.95904541015625
276,526.0095825195312
277,443.4892578125
278,679.6552734375
279,529.4508056640625
280,660.793212890625
281,609.5999755859375
282,571.747802734375
283,397.52508544921875
284,668.14111328125
285,591.6400756835938
286,478.616943359375
287,486.2340087890625
288,627.843505859375
289,485.12799072265625
290,440.0296630859375
291,644.2532958984375
292,559.1021118164062
293,620.9005126953125
294,527.256103515625
295,604.739990234375
296,592.3190307617188
297,631.5159301757812
298,537.3795776367188
299,656.9261474609375
300,610.6011962890625
301,521.1241455078125
302,531.6328125
303,663.0118408203125
304,547.425537109375
305,403.13568115234375
306,507.124755859375
307,428.4287109375
308,655.1841430664062
309,509.1328125
310,635.9874877929688
311,587.2763061523438
312,550.0888671875
313,382.12164306640625
314,643.2263793945312
315,570.2711181640625
316,461.9168701171875
317,467.58099365234375
318,604.6806640625
319,467.63787841796875
320,424.1273498535156
321,620.4215087890625
322,539.0626220703125
323,599.47802734375
324,507.5802001953125
325,582.246826171875
326,567.7047119140625
327,606.66650390625
328,515.7682495117188
329,629.49462890625
330,587.9973754882812
331,498.7440185546875
332,510.57958984375
333,636.734375
334,527.3011474609375
335,386.7640075683594
336,487.5843200683594
337,412.8672790527344
338,629.78515625
339,488.110595703125
340,610.3193359375
341,564.158447265625
342,527.6332397460938
343,366.269775390625
344,617.4464721679688
345,548.1635131835938
346,444.6343994140625
347,448.32965087890625
348,580.70654296875
349,449.61639404296875
350,407.7008361816406
351,595.7117309570312
352,518.354248046875
353,577.3464965820312
354,487.3206481933594
355,558.9754638671875
356,542.2623901367188
357,580.9708251953125
358,493.47174072265625
359,601.1055908203125
360,564.6412353515625
361,475.74249267578125
362,488.87677001953125
363,609.605224609375
364,506.5899658203125
365,369.91009521484375
366,467.4667053222656
367,396.86907958984375
368,603.5440673828125
369,466.46551513671875
370,583.8905029296875
371,540.3307495117188
372,504.45794677734375
373,350.04461669921875
374,590.899169921875
375,525.4014892578125
376,426.83209228515625
377,428.56134033203125
378,556.0057983398438
379,431.1417236328125
380,390.81317138671875
381,570.2041015625
382,497.05548095703125
383,554.58984375
384,466.5650634765625
385,535.005615234375
386,516.082763671875
387,554.521484375
388,470.576904296875
389,571.8553466796875
390,540.6168823242188
391,452.2283935546875
392,466.60906982421875
393,581.727294921875
394,485.3794860839844
395,352.643798828125
396,446.85491943359375
397,380.50201416015625
398,576.5516357421875
399,444.28363037109375
400,556.8096923828125
401,515.8831176757812
402,480.644775390625
403,333.526123046875
404,563.6885986328125
405,502.0748596191406
406,408.57659912109375
407,408.36322021484375
408,530.6682739257812
409,412.297607421875
410,373.5313720703125
411,543.9844360351562
412,475.250244140625
413,531.2977905273438
414,445.40740966796875
415,510.4221496582031
416,489.262939453125
417,527.4181518554688
418,447.1767272949219
419,541.8468627929688
420,516.01416015625
421,428.3197021484375
422,443.866943359375
423,553.2118530273438
424,463.7637939453125
425,335.04010009765625
426,425.83843994140625
427,363.83843994140625
428,548.9053344726562
429,421.65716552734375
430,529.194580078125
431,490.91192626953125
432,456.2815246582031
433,316.80010986328125
434,535.9273071289062
435,478.2806091308594
436,389.93951416015625
437,387.82965087890625
438,504.7903747558594
439,393.1741027832031
440,355.9273681640625
441,517.1453857421875
442,453.0289306640625
443,507.5675048828125
444,423.94854736328125
445,485.316162109375
446,461.90673828125
447,499.76910400390625
448,423.3713684082031
449,511.1917724609375
450,490.9302673339844
451,404.14495849609375
452,420.74774169921875
453,524.1797485351562
454,441.844482421875
455,317.1800842285156
456,404.5141906738281
457,346.9564208984375
458,520.7108154296875
459,398.68548583984375
460,501.1732177734375
461,465.5212707519531
462,431.46331787109375
463,299.9593505859375
464,507.73760986328125
465,454.1243591308594
466,370.9981384277344
467,367.0634460449219
468,478.47601318359375
469,373.86859130859375
470,338.0787353515625
471,489.78753662109375
472,430.4899597167969
473,483.5040588378906
474,402.2979431152344
475,459.78594970703125
476,434.1263732910156
477,471.692138671875
478,399.2693176269531
479,480.01116943359375
480,465.47027587890625
481,379.8447265625
482,397.356689453125
483,494.76336669921875
484,419.73193359375
485,299.151611328125
486,382.9874267578125
487,329.9399719238281
488,492.0830078125
489,375.47637939453125
490,472.88525390625
491,439.82421875
492,406.2931213378906
493,283.10382080078125
494,479.2524108886719
495,429.72088623046875
496,351.8359680175781
497,346.1761779785156
498,451.8377380371094
499,354.4864196777344
500,320.0692443847656
501,462.02069091796875
502,407.73980712890625
503,459.2215576171875
504,380.57391357421875
505,433.93780517578125
506,406.04315185546875
507,443.31573486328125
508,374.9881286621094
509,448.43695068359375
510,439.7484130859375
511,355.5726318359375
512,373.80731201171875
513,465.10662841796875
514,397.5458068847656
515,281.0499572753906
516,361.37274169921875
517,312.8799133300781
518,463.14666748046875
519,352.146240234375
520,444.48291015625
521,413.943115234375
522,380.8828430175781
523,266.34173583984375
524,450.61651611328125
525,405.1953125
526,332.543701171875
527,325.289794921875
528,424.9971618652344
529,335.141845703125
530,301.9892578125
531,433.9641418457031
532,384.8946228027344
533,434.84393310546875
534,358.9048156738281
535,407.88641357421875
536,377.7881164550781
537,414.7801513671875
538,350.65509033203125
539,416.6124267578125
540,413.88836669921875
541,331.49658203125
542,350.222412109375
543,435.3671875
544,375.4158630371094
545,262.9783935546875
546,339.79443359375
547,295.8741149902344
548,434.03741455078125
549,328.82110595703125
550,416.1322326660156
551,388.0109558105469
552,355.35382080078125
553,249.79002380371094
554,421.9873352050781
555,380.68377685546875
556,313.21923828125
557,304.5367431640625
558,398.0856628417969
559,315.9584655761719
560,283.93658447265625
561,405.74786376953125
562,362.08013916015625
563,410.50555419921875
564,337.42950439453125
565,381.7559509277344
566,349.50286865234375
567,386.23822021484375
568,326.408203125
569,384.6937255859375
570,388.0240478515625
571,307.8003845214844
572,326.7347412109375
573,405.7170104980469
574,353.48291015625
575,245.04916381835938
576,318.3878479003906
577,279.0283203125
578,404.90313720703125
579,305.6376647949219
580,388.01470947265625
581,362.1716613769531
582,329.8379821777344
583,233.5751190185547
584,393.53643798828125
585,356.334716796875
586,293.9686584472656
587,284.0616760253906
588,371.2456359863281
589,297.0701904296875
590,266.016845703125
591,377.5135803222656
592,339.43328857421875
593,386.3525695800781
594,316.2984924316406
595,355.6806335449219
596,321.34075927734375
597,357.8569030761719
598,302.3971862792969
599,352.85107421875
600,362.30126953125
601,284.6849060058594
602,303.48779296875
603,376.3441162109375
604,331.89971923828125
605,227.38404846191406
606,297.3001708984375
607,262.4566650390625
608,375.9045715332031
609,282.74383544921875
610,360.3283386230469
611,336.5816650390625
612,304.47882080078125
613,217.83380126953125
614,365.45074462890625
615,332.30975341796875
616,274.90704345703125
617,264.0221252441406
618,344.6314392089844
619,278.62225341796875
620,248.34429931640625
621,349.4158935546875
622,317.1029052734375
623,362.5436096191406
624,295.6749267578125
625,329.8059997558594
626,293.46783447265625
627,329.8187255859375
628,278.78448486328125
629,321.27008056640625
630,336.87811279296875
631,262.3701171875
632,280.6370544433594
633,347.45428466796875
634,310.8322448730469
635,210.11538696289062
636,276.691650390625
637,246.28225708007812
638,347.2171630859375
639,260.30023193359375
640,333.2893371582031
641,311.4111022949219
642,279.4324951171875
643,202.71401977539062
644,337.933837890625
645,308.7853088378906
646,256.15887451171875
647,244.58987426757812
648,318.4100341796875
649,260.77178955078125
650,231.0426025390625
651,321.6236877441406
652,295.2508850097656
653,339.2508544921875
654,275.7353515625
655,304.2896423339844
656,266.0641174316406
657,302.32281494140625
658,255.74644470214844
659,290.1534118652344
660,311.9261474609375
661,241.09632873535156
662,258.3504638671875
663,319.27215576171875
664,290.4601135253906
665,193.3869171142578
666,256.7362365722656
667,230.63792419433594
668,319.03179931640625
669,238.480712890625
670,307.1336669921875
671,286.843994140625
672,254.8688507080078
673,188.37550354003906
674,311.20721435546875
675,285.9529113769531
676,237.85885620117188
677,225.95181274414062
678,292.7622375488281
679,243.68838500976562
680,214.24513244628906
681,294.32080078125
682,274.05255126953125
683,316.66064453125
684,256.67059326171875
685,279.30206298828125
686,239.32437133789062
687,275.5862731933594
688,233.47415161132812
689,259.7223205566406
690,287.63140869140625
691,221.1258544921875
692,236.80953979492188
693,292.0431213378906
694,270.97747802734375
695,177.35447692871094
696,237.62274169921875
697,215.66635131835938
698,291.5562438964844
699,217.47344970703125
700,282.1182556152344
701,263.07989501953125
702,230.9727325439453
703,174.99053955078125
704,285.5114440917969
705,264.02081298828125
706,220.15232849121094
707,208.3109893798828
708,267.8836975097656
709,227.55508422851562
710,198.09603881835938
711,267.70819091796875
712,253.69827270507812
713,294.9744567871094
714,238.6861114501953
715,255.02798461914062
716,213.46017456054688
717,249.84609985351562
718,212.1748504638672
719,230.21896362304688
720,264.1956481933594
721,202.74464416503906
722,216.21017456054688
723,266.0350341796875
724,252.593994140625
725,162.18711853027344
726,219.55560302734375
727,201.52059936523438
728,265.01690673828125
729,197.4822235107422
730,258.52301025390625
731,240.3347930908203
732,207.94566345214844
733,162.74468994140625
734,261.1075744628906
735,243.21493530273438
736,203.19607543945312
737,191.88768005371094
738,243.98623657226562
739,212.56808471679688
740,182.75070190429688
741,242.00558471679688
742,234.3936004638672
743,274.4095458984375
744,222.00257873535156
745,231.66815185546875
746,188.70169067382812
747,225.36056518554688
748,192.07321166992188
749,201.90982055664062
750,241.83770751953125
751,186.2633056640625
752,196.76376342773438
753,241.5399627685547
754,235.53445434570312
755,148.0679473876953
756,202.75564575195312
757,188.36404418945312
758,239.6609649658203
759,178.72738647460938
760,236.65184020996094
761,218.8419952392578
762,186.00808715820312
763,151.83670043945312
764,238.2781524658203
765,223.77944946289062
766,187.15858459472656
767,176.91961669921875
768,221.2996063232422
769,198.93649291992188
770,168.37673950195312
771,217.4549560546875
772,216.36044311523438
773,255.19888305664062
774,206.8546142578125
775,209.44168090820312
776,165.30116271972656
777,202.41163635253906
778,173.41331481933594
779,175.09100341796875
780,220.79579162597656
781,172.01687622070312
782,178.6984100341797
783,218.87692260742188
784,220.03848266601562
785,135.19508361816406
786,187.45974731445312
787,176.3694610595703
788,215.76004028320312
789,161.44735717773438
790,216.8341064453125
791,198.8535614013672
792,165.40371704101562
793,142.47731018066406
794,217.32810974121094
795,205.9774169921875
796,172.22116088867188
797,163.6614990234375
798,200.0752716064453
799,186.87921142578125
800,155.15548706054688
801,194.32742309570312
802,199.83758544921875
803,237.59127807617188
804,193.4880828857422
805,188.59298706054688
806,143.5411834716797
807,181.30960083007812
808,156.46197509765625
809,150.10064697265625
810,201.33279418945312
811,160.36050415039062
812,162.26193237304688
813,198.39642333984375
814,206.358154296875
815,123.78333282470703
816,173.92086791992188
817,165.71780395507812
818,193.6212615966797
819,145.903076171875
820,199.426513671875
821,180.64549255371094
822,146.41146850585938
823,134.8847198486328
824,198.5885009765625
825,190.09356689453125
826,158.5826873779297
827,152.38290405273438
828,180.6002655029297
829,176.6200408935547
830,143.2948455810547
831,172.97998046875
832,185.10595703125
833,221.8736572265625
834,182.1495819091797
835,169.4874267578125
836,123.85363006591797
837,162.5017547607422
838,141.59375
839,127.5619888305664
840,183.87680053710938
841,151.6431884765625
842,147.80722045898438
843,180.637939453125
844,194.7618408203125
845,114.14344024658203
846,162.46109008789062
847,156.59999084472656
848,173.92874145507812
849,132.51318359375
850,184.93463134765625
851,164.70828247070312
852,129.7117919921875
853,129.2206268310547
854,182.60577392578125
855,176.60211181640625
856,146.6678466796875
857,143.3734130859375
858,163.61297607421875
859,168.26797485351562
860,133.22702026367188
861,154.46246337890625
862,172.64492797851562
863,208.44207763671875
864,172.9093017578125
865,152.92132568359375
866,107.05817413330078
867,146.6302032470703
868,129.2756805419922
869,108.49407196044922
870,168.99813842773438
871,145.8626251220703
872,135.67245483398438
873,166.04913330078125
874,185.3376007080078
875,106.46003723144531
876,153.2099151611328
877,149.08151245117188
878,157.2607879638672
879,121.54155731201172
880,173.5316162109375
881,151.33673095703125
882,115.79998779296875
883,125.35589599609375
884,169.53985595703125
885,165.58731079101562
886,136.61599731445312
887,136.52703857421875
888,149.37496948242188
889,161.67706298828125
890,125.01890563964844
891,139.07803344726562
892,162.45596313476562
893,197.29063415527344
894,165.5767059326172
895,139.21133422851562
896,93.50221252441406
897,133.81900024414062
898,119.58482360839844
899,93.41041564941406
900,156.9462432861328
901,142.401611328125
902,125.9410629272461
903,154.63894653320312
904,177.8242645263672
905,100.61783599853516
906,145.93212890625
907,142.9727020263672
908,143.82403564453125
909,112.91340637207031
910,164.88198852539062
911,140.4705810546875
912,104.83653259277344
913,122.76295471191406
914,159.11715698242188
915,156.76878356933594
916,128.37200927734375
917,131.3186492919922
918,138.0232391357422
919,156.26295471191406
920,118.56922149658203
921,127.13887023925781
922,154.25782775878906
923,188.05755615234375
924,159.4093780517578
925,128.48133850097656
926,83.20650482177734
927,123.73323822021484
928,112.13146209716797
929,82.2874984741211
930,147.4469757080078
931,139.983154296875
932,118.17930603027344
933,145.751708984375
934,171.4500732421875
935,96.12126159667969
936,139.93661499023438
937,137.71412658691406
938,133.3634490966797
939,106.08977508544922
940,158.00830078125
941,131.58924865722656
942,96.52259063720703
943,120.5905532836914
944,150.54525756835938
945,149.43905639648438
946,121.55015563964844
947,126.86845397949219
948,129.0851593017578
949,151.2428436279297
950,113.4048080444336
951,118.16559600830078
952,147.40074157714844
953,180.08218383789062
954,153.6065216064453
955,120.28912353515625
956,75.63480377197266
957,115.675537109375
958,106.23886108398438
959,74.5623550415039
960,139.96620178222656
961,137.21287536621094
962,111.8136215209961
963,138.5355682373047
964,165.44119262695312
965,92.32942962646484
966,134.48194885253906
967,132.8008575439453
968,125.20809936523438
969,100.43767547607422
970,152.00535583496094
971,124.04032897949219
972,90.1883316040039
973,118.20305633544922
974,143.01475524902344
975,142.89544677734375
976,115.64105224609375
977,122.59835052490234
978,121.80546569824219
979,146.2165069580078
980,109.00788116455078
981,111.18927764892578
982,141.26832580566406
983,172.8123321533203
984,147.84251403808594
985,113.73299407958984
986,69.78913879394531
987,108.8014144897461
988,101.21612548828125
989,68.876220703125
990,133.6509552001953
991,133.90792846679688
992,106.26151275634766
993,132.1949005126953
994,159.5436553955078
995,88.85675811767578
996,129.2375946044922
997,128.02711486816406
998,118.42193603515625
999,95.44833374023438
1000,146.3656463623047
1001,117.26688385009766
1002,85.06011199951172
1003,115.46322631835938
1004,136.0066375732422
1005,136.71221923828125
1006,110.26343536376953
1007,118.25445556640625
1008,115.58184051513672
1009,141.03387451171875
1010,105.03893280029297
1011,105.51079559326172
1012,135.50466918945312
1013,165.9383087158203
1014,141.9680633544922
1015,108.27696228027344
1016,65.09791564941406
1017,102.67082977294922
1018,96.69985961914062
1019,64.53044128417969
1020,128.08177185058594
1021,130.0367889404297
1022,101.24610137939453
1023,126.39253997802734
1024,153.67922973632812
1025,85.5311279296875
1026,124.08549499511719
1027,123.32798767089844
1028,112.5381088256836
1029,90.88873291015625
1030,140.91957092285156
1031,111.02106475830078
1032,80.7217025756836
1033,112.40962982177734
1034,129.34364318847656
1035,130.7652130126953
1036,105.25814056396484
1037,113.84898376464844
1038,110.07683563232422
1039,135.76673889160156
1040,101.33187103271484
1041,100.6450424194336
1042,129.96644592285156
1043,159.32948303222656
1044,136.0357208251953
1045,103.50885772705078
1046,61.13251876831055
1047,97.01404571533203
1048,92.48807525634766
1049,61.02145004272461
1050,122.96521759033203
1051,125.71434020996094
1052,96.57119750976562
1053,120.90104675292969
1054,147.8169708251953
1055,82.29854583740234
1056,119.00753021240234
1057,118.68672180175781
1058,107.21515655517578
1059,86.62416076660156
1060,135.59706115722656
1061,105.14962005615234
1062,76.88121795654297
1063,109.22079467773438
1064,122.96067810058594
1065,125.0223159790039
1066,100.53809356689453
1067,109.44489288330078
1068,105.059326171875
1069,130.5180206298828
1070,97.82388305664062
1071,96.30249786376953
1072,124.64413452148438
1073,152.97946166992188
1074,130.19822692871094
1075,99.20250701904297
1076,57.65854263305664
1077,91.74541473388672
1078,88.53764343261719
1079,58.02959442138672
1080,118.15802001953125
1081,121.27515411376953
1082,92.20479583740234
1083,115.68925476074219
1084,142.09742736816406
1085,79.21746063232422
1086,114.1168212890625
1087,114.19609069824219
1088,102.3174057006836
1089,82.66588592529297
1090,130.48284912109375
1091,99.66548156738281
1092,73.4377212524414
1093,106.05663299560547
1094,116.92573547363281
1095,119.55501556396484
1096,96.11998748779297
1097,105.15791320800781
1098,100.49495697021484
1099,125.41581726074219
1100,94.52130126953125
1101,92.39579010009766
1102,119.57340240478516
1103,146.96420288085938
1104,124.58514404296875
1105,95.30937194824219
1106,54.615455627441406
1107,86.88670349121094
1108,84.85625457763672
1109,55.46897506713867
1110,113.65383911132812
1111,116.82000732421875
1112,88.16503143310547
1113,110.79457092285156
1114,136.58876037597656
1115,76.30259704589844
1116,109.46141052246094
1117,109.89561462402344
1118,97.83289337158203
1119,79.01298522949219
1120,125.59765625
1121,94.57383728027344
1122,70.35799407958984
1123,102.93770599365234
1124,111.23336791992188
1125,114.36021423339844
1126,91.98475646972656
1127,101.00358581542969
1128,96.33446502685547
1129,120.47257995605469
1130,91.40050506591797
1131,88.85493469238281
1132,114.72222900390625
1133,141.25021362304688
1134,119.17546081542969
1135,91.76216888427734
1136,51.93431091308594
1137,82.37283325195312
1138,81.39202880859375
1139,53.26976776123047
1140,109.40410614013672
1141,112.2912826538086
1142,84.38780212402344
1143,106.14950561523438
1144,131.2164764404297
1145,73.49068450927734
1146,104.95641326904297
1147,105.7165756225586
1148,93.70401000976562
1149,75.58462524414062
1150,120.84871673583984
1151,89.78707122802734
1152,67.60191345214844
1153,99.72859191894531
1154,105.76203918457031
1155,109.33621215820312
1156,88.0912094116211
1157,96.83645629882812
1158,92.54873657226562
1159,115.51425170898438
1160,88.40547180175781
1161,85.73163604736328
1162,109.99542999267578
1163,135.75408935546875
1164,113.76079559326172
1165,88.57939910888672
1166,49.58835983276367
1167,78.15034484863281
1168,78.05005645751953
1169,51.45343017578125
1170,105.38386535644531
1171,107.45252227783203
1172,80.78604888916016
1173,101.67851257324219
1174,125.86666870117188
1175,70.69619750976562
1176,100.50617218017578
1177,101.58199310302734
1178,89.90896606445312
1179,72.298095703125
1180,116.14918518066406
1181,85.2379379272461
1182,65.1259536743164
1183,96.35359954833984
1184,100.44127655029297
1185,104.43867492675781
1186,84.41048431396484
1187,92.63452911376953
1188,89.0847396850586
1189,110.53192901611328
1190,85.51090240478516
1191,82.96408081054688
1192,105.37223815917969
1193,130.4685821533203
1194,108.36331939697266
1195,85.69834899902344
1196,47.50664138793945
1197,74.18732452392578
1198,74.81312561035156
1199,49.926883697509766
1200,101.56031036376953
1201,102.42000579833984
1202,77.35200500488281
1203,97.3888168334961
1204,120.59870147705078
1205,67.94025421142578
1206,96.15265655517578
1207,97.5326156616211
1208,86.3768539428711
1209,69.16123962402344
1210,111.56575012207031
1211,80.91226196289062
1212,62.86098861694336
1213,92.93435668945312
1214,95.30487060546875
1215,99.6987533569336
1216,80.91645812988281
1217,88.49918365478516
1218,85.87960052490234
1219,105.64173126220703
1220,82.7221450805664
1221,80.43701934814453
1222,100.88311004638672
1223,125.4139633178711
1224,103.10574340820312
1225,83.03639221191406
1226,45.628883361816406
1227,70.46373748779297
1228,71.70686340332031
1229,48.590782165527344
1230,97.9070816040039
1231,97.39757537841797
1232,74.10314178466797
1233,93.29975891113281
1234,115.49148559570312
1235,65.26976776123047
1236,91.95448303222656
1237,93.61766052246094
1238,83.06072235107422
1239,66.19857788085938
1240,107.16065216064453
1241,76.8153076171875
1242,60.77238082885742
1243,89.56796264648438
1244,90.39099884033203
1245,95.14859771728516
1246,77.60250091552734
1247,84.49561309814453
1248,82.90480041503906
1249,100.91322326660156
1250,80.04873657226562
1251,78.09607696533203
1252,96.55133819580078
1253,120.60266876220703
1254,98.05118560791016
1255,80.55595397949219
1256,43.92805862426758
1257,66.97134399414062
1258,68.7460708618164
1259,47.39957809448242
1260,94.41378021240234
1261,92.48859405517578
1262,71.0477523803711
1263,89.41986083984375
1264,110.58393096923828
1265,62.70954132080078
1266,87.9415512084961
1267,89.86209869384766
1268,79.94159698486328
1269,63.42036819458008
1270,102.96073150634766
1271,72.95148468017578
1272,58.846160888671875
1273,86.30110168457031
1274,85.7188491821289
1275,90.80615997314453
1276,74.46772003173828
1277,80.65511322021484
1278,80.14713287353516
1279,96.38116455078125
1280,77.49762725830078
1281,75.91454315185547
1282,92.39286041259766
1283,116.04180908203125
1284,93.2369155883789
1285,78.23751068115234
1286,42.3890380859375
1287,63.70525360107422
1288,65.9418716430664
1289,46.32817840576172
1290,91.07577514648438
1291,87.75479888916016
1292,68.19022369384766
1293,85.75214385986328
1294,105.89852905273438
1295,60.276649475097656
1296,84.1320571899414
1297,86.28095245361328
1298,77.00724792480469
1299,60.83278274536133
1300,98.98115539550781
1301,69.32125091552734
1302,57.071556091308594
1303,83.16680145263672
1304,81.29778289794922
1305,86.6786880493164
1306,71.50616455078125
1307,76.99474334716797
1308,77.59111785888672
1309,92.06501770019531
1310,75.07131958007812
1311,73.86933135986328
1312,88.41503143310547
1313,111.72547149658203
1314,88.677734375
1315,76.06470489501953
1316,41.000362396240234
1317,60.6554069519043
1318,63.29851531982422
1319,45.361534118652344
1320,87.88878631591797
1321,83.22723388671875
1322,65.52991485595703
1323,82.2938461303711
1324,101.44401550292969
1325,57.9792594909668
1326,80.5323715209961
1327,82.88057708740234
1328,74.25198364257812
1329,58.43720626831055
1330,95.228515625
1331,65.92326354980469
1332,55.44273376464844
1333,80.18190002441406
1334,77.1330795288086
1335,82.77093505859375
1336,68.71623229980469
1337,73.52239227294922
1338,75.23040008544922
1339,87.97276306152344
1340,72.7731704711914
1341,71.9571762084961
1342,84.62435913085938
1343,107.65452575683594
1344,84.37641906738281
1345,74.03617858886719
1346,39.75701141357422
1347,57.81913375854492
1348,60.81623458862305
1349,44.496334075927734
1350,84.8563003540039
1351,78.90998840332031
1352,63.063289642333984
1353,79.04415893554688
1354,97.2230453491211
1355,55.81808090209961
1356,77.14393615722656
1357,79.66395568847656
1358,71.6783218383789
1359,56.22907638549805
1360,91.70289611816406
1361,62.757774353027344
1362,53.95872497558594
1363,77.34735870361328
1364,73.22708892822266
1365,79.08900451660156
1366,66.10370635986328
1367,70.24012756347656
1368,73.06688690185547
1369,84.10668182373047
1370,70.60833740234375
1371,70.18826293945312
1372,81.030517578125
1373,103.83793640136719
1374,80.33292388916016
1375,72.1599349975586
1376,38.6553840637207
1377,55.19944763183594
1378,58.49407958984375
1379,43.73670959472656
1380,81.99298858642578
1381,74.78701782226562
1382,60.7834587097168
1383,76.00633239746094
1384,93.2344970703125
1385,53.78480911254883
1386,73.96166229248047
1387,76.6296615600586
1388,69.29608917236328
1389,54.19374084472656
1390,88.39798736572266
1391,59.822025299072266
1392,52.6194953918457
1393,74.6421127319336
1394,69.57271575927734
1395,75.63569641113281
1396,63.67973709106445
1397,67.13604736328125
1398,71.10733032226562
1399,80.45098876953125
1400,68.57862091064453
1401,68.58846282958984
1402,77.6357421875
1403,100.28668975830078
1404,76.52754974365234
1405,70.4515609741211
1406,37.68766403198242
1407,52.798492431640625
1408,56.32418441772461
1409,43.085453033447266
1410,79.31375122070312
1411,70.84262084960938
1412,58.681541442871094
1413,73.18472290039062
1414,89.48281860351562
1415,51.87488555908203
1416,70.98612976074219
1417,73.78165435791016
1418,67.10982513427734
1419,52.32095718383789
1420,85.314453125
1421,57.113162994384766
1422,51.41978454589844
1423,72.06507110595703
1424,66.16839599609375
1425,72.41507720947266
1426,61.44684600830078
1427,64.21282196044922
1428,69.34595489501953
1429,77.00859069824219
1430,66.68619537353516
1431,67.15696716308594
1432,74.44551086425781
1433,97.00363159179688
1434,72.96116638183594
1435,68.90779113769531
1436,36.84159851074219
1437,50.61058807373047
1438,54.305477142333984
1439,42.53272247314453
1440,76.8232192993164
1441,67.09143829345703
1442,56.75248336791992
1443,70.5796127319336
1444,85.97563171386719
1445,50.09035110473633
1446,68.22024536132812
1447,71.12480926513672
1448,65.11518096923828
1449,50.60564041137695
1450,82.45669555664062
1451,54.62594985961914
1452,50.3502082824707
1453,69.62651824951172
1454,63.015254974365234
1455,69.4306869506836
1456,59.40269088745117
1457,61.47954177856445
1458,67.7715072631836
1459,73.79113006591797
1460,64.93394470214844
1461,65.88422393798828
1462,71.46912384033203
1463,93.98877716064453
1464,69.64151000976562
1465,67.52136993408203
1466,36.10579299926758
1467,48.63117599487305
1468,52.44216537475586
1469,42.070377349853516
1470,74.5341567993164
1471,63.560298919677734
1472,54.99827194213867
1473,68.20020294189453
1474,82.7320785522461
1475,48.43745803833008
1476,65.6725845336914
1477,68.67158508300781
1478,63.316375732421875
1479,49.049720764160156
1480,79.8424301147461
1481,52.36153793334961
1482,49.40296936035156
1483,67.34326171875
1484,60.124176025390625
1485,66.69267272949219
1486,57.54713821411133
1487,58.95414733886719
1488,66.37321472167969
1489,70.82098388671875
1490,63.32823181152344
1491,64.75993347167969
1492,68.72367858886719
1493,91.24604797363281
1494,66.58391571044922
1495,66.28331756591797
1496,35.47088623046875
1497,46.853248596191406
1498,50.738033294677734
1499,41.68531036376953
1500,72.44389343261719
1501,60.27312088012695
1502,53.41427230834961
1503,66.03931427001953
1504,79.75193786621094
1505,46.917076110839844
1506,63.339046478271484
1507,66.41810607910156
1508,61.6971435546875
1509,47.6457633972168
1510,77.46293640136719
1511,50.305694580078125
1512,48.56511688232422
1513,65.22113037109375
1514,57.48268508911133
1515,64.18844604492188
1516,55.864723205566406
1517,56.63166046142578
1518,65.13230895996094
1519,68.09136199951172
1520,61.86095428466797
1521,63.7633171081543
1522,66.19786834716797
1523,88.7552719116211
1524,63.7801513671875
1525,65.17642974853516
1526,34.92487335205078
1527,45.25860595703125
1528,49.18487548828125
1529,41.36454391479492
1530,70.5374984741211
1531,57.229557037353516
1532,51.98820495605469
1533,64.08172607421875
1534,77.02310943603516
1535,45.52388000488281
1536,61.20907211303711
1537,64.35570526123047
1538,60.244239807128906
1539,46.38216018676758
1540,75.30670166015625
1541,48.44435501098633
1542,47.826541900634766
1543,63.25639343261719
1544,55.07813262939453
1545,61.90810012817383
1546,54.34678268432617
1547,54.505523681640625
1548,64.03652954101562
1549,65.59456634521484
1550,60.527679443359375
1551,62.88814163208008
1552,63.88741683959961
1553,86.50691223144531
1554,61.21929168701172
1555,64.19322967529297
1556,34.45722579956055
1557,43.83543014526367
1558,47.775596618652344
1559,41.100608825683594
1560,68.80854797363281
1561,54.42607116699219
1562,50.709747314453125
1563,62.316959381103516
1564,74.53652954101562
1565,44.2525520324707
1566,59.273216247558594
1567,62.47685623168945
1568,58.94868087768555
1569,45.24867248535156
1570,73.364990234375
1571,46.76543426513672
1572,47.177406311035156
1573,61.44442367553711
1574,52.89942932128906
1575,59.84245681762695
1576,52.98481369018555
1577,52.569644927978516
1578,63.072601318359375
1579,63.32368087768555
1580,59.3228874206543
1581,62.124629974365234
1582,61.78677749633789
1583,84.48747253417969
1584,58.891197204589844
1585,63.32379150390625
1586,34.05836486816406
1587,42.57126998901367
1588,46.5040397644043
1589,40.88600158691406
1590,67.24673461914062
1591,51.85960006713867
1592,49.569000244140625
1593,60.730194091796875
1594,72.2777328491211
1595,43.09874725341797
1596,57.5195198059082
1597,60.76889419555664
1598,57.791099548339844
1599,44.23725128173828
1600,71.61897277832031
1601,45.25223922729492
1602,46.606773376464844
1603,59.78438949584961
1604,50.92795181274414
1605,57.97160720825195
1606,51.75973892211914
1607,50.81046676635742
1608,62.222965240478516
1609,61.26199722290039
1610,58.23384475708008
1611,61.45161819458008
1612,59.87538146972656
1613,82.66976165771484
1614,56.77943801879883
1615,62.55131149291992
1616,33.71989440917969
1617,41.44667434692383
1618,45.35836410522461
1619,40.71173858642578
1620,65.83238983154297
1621,49.51527786254883
1622,48.552581787109375
1623,59.30195236206055
1624,70.2259750366211
1625,42.053977966308594
1626,55.932350158691406
1627,59.217124938964844
1628,56.755882263183594
1629,43.33619689941406
1630,70.04953002929688
1631,43.888580322265625
1632,46.106109619140625
1633,58.26628875732422
1634,49.144710540771484
1635,56.27804183959961
1636,50.658260345458984
1637,49.2130241394043
1638,61.47526550292969
1639,59.391475677490234
1640,57.250579833984375
1641,60.859371185302734
1642,58.13713836669922
1643,81.03562927246094
1644,54.86528015136719
1645,61.866580963134766
1646,33.4337272644043
1647,40.4477424621582
1648,44.326786041259766
1649,40.57259750366211
1650,64.55545806884766
1651,47.37428283691406
1652,47.6474723815918
1653,58.01948928833008
1654,68.3656234741211
1655,41.107887268066406
1656,54.49776077270508
1657,57.809940338134766
1658,55.83384704589844
1659,42.53279495239258
1660,68.6422119140625
1661,42.66075897216797
1662,45.6679801940918
1663,56.8765754699707
1664,47.53356170654297
1665,54.7487907409668
1666,49.672454833984375
1667,47.7645149230957
1668,60.82035827636719
1669,57.696632385253906
1670,56.366127014160156
1671,60.3462028503418
1672,56.56237030029297
1673,79.57408142089844
1674,53.130401611328125
1675,61.26472091674805
1676,33.19139099121094
1677,39.56412124633789
1678,43.39903259277344
1679,40.465206146240234
1680,63.41178894042969
1681,45.421268463134766
1682,46.842872619628906
1683,56.8745231628418
1684,66.68592834472656
1685,40.25185012817383
1686,53.20462417602539
1687,56.538795471191406
1688,55.01823425292969
1689,41.81696319580078
1690,67.38699340820312
1691,41.55830764770508
1692,45.28562927246094
1693,55.606998443603516
1694,46.082679748535156
1695,53.37298583984375
1696,48.793418884277344
1697,46.45587921142578
1698,60.248382568359375
1699,56.16641616821289
1700,55.572967529296875
1701,59.90262985229492
1702,55.13984680175781
1703,78.26973724365234
1704,51.562660217285156
1705,60.73637008666992
1706,32.98719787597656
1707,38.7841796875
1708,42.567264556884766
1709,40.38438034057617
1710,62.389041900634766
1711,43.645477294921875
1712,46.12946319580078
1713,55.85361099243164
1714,65.17141723632812
1715,39.47945022583008
1716,52.04082489013672
1717,55.39167022705078
1718,54.296993255615234
1719,41.181312561035156
1720,66.26927185058594
1721,40.56938171386719
1722,44.952388763427734
1723,54.451133728027344
1724,44.777992248535156
1725,52.136505126953125
1726,48.009727478027344
1727,45.27570724487305
1728,59.7491455078125
1729,54.78764724731445
1730,54.86284255981445
1731,59.519134521484375
1732,53.857017517089844
1733,77.10676574707031
1734,50.14818572998047
1735,60.273170471191406
1736,32.81604766845703
1737,38.09691619873047
1738,41.82322311401367
1739,40.32631301879883
1740,61.47572708129883
1741,42.034019470214844
1742,45.498233795166016
1743,54.94435501098633
1744,63.807735443115234
1745,38.78445053100586
1746,50.995460510253906
1747,54.35817337036133
1748,53.660221099853516
1749,40.61894989013672
1750,65.27632904052734
1751,39.68402862548828
1752,44.663082122802734
1753,53.40361404418945
1754,43.60797119140625
1755,51.02748107910156
1756,47.31171798706055
1757,44.21510696411133
1758,59.314064025878906
1759,53.550437927246094
1760,54.22893142700195
1761,59.18626022338867
1762,52.70375442504883
1763,76.07131958007812
1764,48.87759780883789
1765,59.86680221557617
1766,32.674522399902344
1767,37.49287033081055
1768,41.16116714477539
1769,40.286903381347656
1770,60.66147232055664
1771,40.5801887512207
1772,44.943145751953125
1773,54.13640213012695
1774,62.58359909057617
1775,38.16265869140625
1776,50.059635162353516
1777,53.42963790893555
1778,53.09824752807617
1779,40.12532043457031
1780,64.39686584472656
1781,38.89363479614258
1782,44.412818908691406
1783,52.459938049316406
1784,42.56217575073242
1785,50.034324645996094
1786,46.689510345458984
1787,43.26494216918945
1788,58.93496322631836
1789,52.44401550292969
1790,53.66392517089844
1791,58.89460754394531
1792,51.66830062866211
1793,75.1489028930664
1794,47.74061965942383
1795,59.509334564208984
1796,32.55965805053711
1797,36.96244812011719
1798,40.574005126953125
1799,40.2623176574707
1800,59.9340934753418
1801,39.27238082885742
1802,44.45655822753906
1803,53.41827392578125
1804,61.485652923583984
1805,37.608070373535156
1806,49.22319030761719
1807,52.59620666503906
1808,52.60250473022461
1809,39.69341278076172
1810,63.618743896484375
1811,38.188907623291016
1812,44.197017669677734
1813,51.61087417602539
1814,41.62827682495117
1815,49.145870208740234
1816,46.13559341430664
1817,42.41447067260742
1818,58.60517883300781
1819,51.45559310913086
1820,53.161041259765625
1821,58.6395378112793
1822,50.73981857299805
1823,74.32788848876953
1824,46.72373962402344
1825,59.19517135620117
1826,32.46750259399414
1827,36.497344970703125
1828,40.053958892822266
1829,40.250423431396484
1830,59.28574752807617
1831,38.096744537353516
1832,44.03063201904297
1833,52.78107833862305
1834,60.501708984375
1835,37.11332321166992
1836,48.47541809082031
1837,51.848350524902344
1838,52.16645812988281
1839,39.31570053100586
1840,62.931640625
1841,37.56021499633789
1842,44.010921478271484
1843,50.84600067138672
1844,40.79440689086914
1845,48.351043701171875
1846,45.642738342285156
1847,41.65358352661133
1848,58.31795883178711
1849,50.57313919067383
1850,52.7137336730957
1851,58.41680145263672
1852,49.90800857543945
1853,73.59638214111328
1854,45.81337356567383
1855,58.918609619140625
1856,32.3946647644043
1857,36.089324951171875
1858,39.59374237060547
1859,40.24922561645508
1860,58.707576751708984
1861,37.04009246826172
1862,43.658416748046875
1863,52.215049743652344
1864,59.61919021606445
1865,36.67221450805664
1866,47.806251525878906
1867,51.17662811279297
1868,51.78227233886719
1869,38.9862174987793
1870,62.3248405456543
1871,36.998924255371094
1872,43.850555419921875
1873,50.15742111206055
1874,40.04977798461914
1875,47.63945007324219
1876,45.20352554321289
1877,40.97341537475586
1878,58.067317962646484
1879,49.78656005859375
1880,52.31614685058594
1881,58.22085952758789
1882,49.16368865966797
1883,72.94412231445312
1884,45.00046157836914
1885,58.674198150634766
1886,32.3390007019043
1887,35.731781005859375
1888,39.1881103515625
1889,40.25638198852539
1890,58.191917419433594
1891,36.09459686279297
1892,43.335052490234375
1893,51.712806701660156
1894,58.82938003540039
1895,36.28061294555664
1896,47.208763122558594
1897,50.57447052001953
1898,51.44429016113281
1899,38.700416564941406
1900,61.790470123291016
1901,36.498870849609375
1902,43.712730407714844
1903,49.53944778442383
1904,39.38648223876953
1905,47.00342559814453
1906,44.81248092651367
1907,40.36696243286133
1908,57.84859085083008
1909,49.087181091308594
1910,51.963382720947266
1911,58.04828643798828
1912,48.49900436401367
1913,72.36279296875
1914,44.27507781982422
1915,58.45817184448242
1916,32.29766082763672
1917,35.41863250732422
1918,38.83088302612305
1919,40.27035903930664
1920,57.733028411865234
1921,35.248573303222656
1922,43.054443359375
1923,51.26756286621094
1924,58.122650146484375
1925,35.93242263793945
1926,46.67461013793945
1927,50.03450012207031
1928,51.14702606201172
1929,38.45231628417969
1930,61.32001876831055
1931,36.05275344848633
1932,43.594295501708984
1933,48.98427200317383
1934,38.79532241821289
1935,46.434608459472656
1936,44.4639778137207
1937,39.82636642456055
1938,57.657318115234375
1939,48.46563720703125
1940,51.65044021606445
1941,57.89604187011719
1942,47.9058837890625
1943,71.84464263916016
1944,43.628108978271484
1945,58.266963958740234
1946,32.26837921142578
1947,35.144596099853516
1948,38.51673889160156
1949,40.28937911987305
1950,57.32464599609375
1951,34.49320602416992
1952,42.81163024902344
1953,50.872962951660156
1954,57.4910888671875
1955,35.624000549316406
1956,46.198123931884766
1957,49.55109786987305
1958,50.88534164428711
1959,38.2382698059082
1960,60.906005859375
1961,35.655860900878906
1962,43.493003845214844
1963,48.4876823425293
1964,38.26954650878906
1965,45.926334381103516
1966,44.15328598022461
1967,39.345279693603516
1968,57.49021530151367
1969,47.914127349853516
1970,51.3731575012207
1971,57.760643005371094
1972,47.3768424987793
1973,71.38275146484375
1974,43.05255889892578
1975,58.09746551513672
1976,32.24934768676758
1977,34.904815673828125
1978,38.240745544433594
1979,40.311824798583984
1980,56.9606819152832
1981,33.819358825683594
1982,42.601802825927734
1983,50.52298355102539
1984,56.92667770385742
1985,35.351036071777344
1986,45.77326202392578
1987,49.118534088134766
1988,50.654842376708984
1989,38.05375671386719
1990,60.54132080078125
1991,35.30271530151367
1992,43.406578063964844
1993,48.04274368286133
1994,37.801292419433594
1995,45.47205352783203
1996,43.87659454345703
1997,38.916419982910156
1998,57.344505310058594
1999,47.42339324951172
2000,51.12738800048828
2001,57.64250183105469
2002,46.904685974121094
2003,70.97203826904297
2004,42.537559509277344
2005,57.94837188720703
2006,32.237327575683594
2007,34.695125579833984
2008,37.996559143066406
2009,40.33736801147461
2010,56.638572692871094
2011,33.21405029296875
2012,42.418758392333984
2013,50.213504791259766
2014,56.42182159423828
2015,35.10681915283203
2016,45.39265060424805
2017,48.73057556152344
2018,50.4531135559082
2019,37.891815185546875
2020,60.220436096191406
2021,34.98659896850586
2022,43.33213424682617
2023,47.63996505737305
2024,37.382293701171875
2025,45.065364837646484
2026,43.63078308105469
2027,38.532920837402344
2028,57.217124938964844
2029,46.98512649536133
2030,50.90935516357422
2031,57.54119873046875
2032,46.48298645019531
2033,70.60664367675781
2034,42.07402420043945
2035,57.81740188598633
2036,32.23031234741211
2037,34.51141357421875
2038,37.77974319458008
2039,40.36552810668945
2040,56.35380554199219
2041,32.668609619140625
2042,42.25864028930664
2043,49.93941116333008
2044,55.96887969970703
2045,34.887516021728516
2046,45.05025863647461
2047,48.3813362121582
2048,50.276123046875
2049,37.749488830566406
2050,59.93740463256836
2051,34.70244598388672
2052,43.267642974853516
2053,47.27433395385742
2054,37.006229400634766
2055,44.699771881103516
2056,43.41129684448242
2057,38.18914031982422
2058,57.104896545410156
2059,46.592933654785156
2060,50.71526336669922
2061,57.45341873168945
2062,46.10543441772461
2063,70.2797622680664
2064,41.65562057495117
2065,57.70137023925781
2066,32.22765350341797
2067,34.34986114501953
2068,37.587032318115234
2069,40.39566421508789
2070,56.10093307495117
2071,32.176448822021484
2072,42.11867904663086
2073,49.695560455322266
2074,55.56111526489258
2075,34.69026565551758
2076,44.74113464355469
2077,48.065773010253906
2078,50.11998748779297
2079,37.62482452392578
2080,59.68702697753906
2081,34.44630432128906
2082,43.211692810058594
2083,46.94239044189453
2084,36.66789627075195
2085,44.36968231201172
2086,43.21385955810547
2087,37.88044738769531
2088,57.005001068115234
2089,46.241844177246094
2090,50.541744232177734
2091,57.374942779541016
2092,45.766334533691406
2093,69.98474884033203
2094,41.27816390991211
2095,57.59690475463867
2096,32.22948455810547
2097,34.20696258544922
2098,37.4161262512207
2099,40.42695999145508
2100,55.87416076660156
2101,31.732881546020508
2102,41.99708557128906
2103,49.477169036865234
2104,55.19266128540039
2105,34.51343536376953
2106,44.461448669433594
2107,47.77975845336914
2108,49.98096466064453
2109,37.516693115234375
2110,59.46453857421875
2111,34.21500778198242
2112,43.16312789916992
2113,46.64155197143555
2114,36.3630256652832
2115,44.0704460144043
2116,43.03511428833008
2117,37.602909088134766
2118,56.91543197631836
2119,45.92733383178711
2120,50.38618850708008
2121,57.30381774902344
2122,45.461360931396484
2123,69.71755981445312
2124,40.937171936035156
2125,57.502315521240234
2126,32.234954833984375
2127,34.080162048339844
2128,37.264373779296875
2129,40.458885192871094
2130,55.67076873779297
2131,31.332489013671875
2132,41.891353607177734
2133,49.28139877319336
2134,54.85930252075195
2135,34.35419845581055
2136,44.20750045776367
2137,47.51993179321289
2138,49.85702896118164
2139,37.4222412109375
2140,59.26662826538086
2141,34.005252838134766
2142,43.120574951171875
2143,46.367340087890625
2144,36.08728790283203
2145,43.79840850830078
2146,42.87295150756836
2147,37.35275650024414
2148,56.83457946777344
2149,45.64468765258789
2150,50.24644470214844
2151,57.23994064331055
2152,45.186763763427734
2153,69.47532653808594
2154,40.62736892700195
2155,57.41665267944336
2156,32.24284362792969
2157,33.96734619140625
2158,37.12889862060547
2159,40.4913444519043
2160,55.48883056640625
2161,30.969512939453125
2162,41.79891586303711
2163,49.10587692260742
2164,54.55696105957031
2165,34.20982360839844
2166,43.97595977783203
2167,47.28323745727539
2168,49.746578216552734
2169,37.33906555175781
2170,59.09040069580078
2171,33.814083099365234
2172,43.08301544189453
2173,46.11616134643555
2174,35.836952209472656
2175,43.55038833618164
2176,42.72554016113281
2177,37.126670837402344
2178,56.76124954223633
2179,45.390106201171875
2180,50.12061309814453
2181,57.182193756103516
2182,44.93887710571289
2183,69.25469970703125
2184,40.345420837402344
2185,57.338497161865234
2186,32.25301742553711
2187,33.866615295410156
2188,37.00802993774414
2189,40.523834228515625
2190,55.324893951416016
2191,30.640338897705078
2192,41.718475341796875
2193,48.947593688964844
2194,54.2818717956543
2195,34.079017639160156
2196,43.76424789428711
2197,47.06689453125
2198,49.64752960205078
2199,37.26612091064453
2200,58.932796478271484
2201,33.639434814453125
2202,43.04984664916992
2203,45.885826110839844
2204,35.60909652709961
2205,43.32339859008789
2206,42.590972900390625
2207,36.921791076660156
2208,56.69438552856445
2209,45.160099029541016
2210,50.006935119628906
2211,57.129756927490234
2212,44.71451187133789
2213,69.05303955078125
2214,40.08778381347656
2215,57.26691436767578
2216,32.26490020751953
2217,33.77631759643555
2218,36.89962387084961
2219,40.556373596191406
2220,55.17716979980469
2221,30.340362548828125
2222,41.648162841796875
2223,48.804534912109375
2224,54.030574798583984
2225,33.959720611572266
2226,43.569725036621094
2227,46.86834716796875
2228,49.55855178833008
2229,37.201568603515625
2230,58.791507720947266
2231,33.47895431518555
2232,43.020389556884766
2233,45.673118591308594
2234,35.40052795410156
2235,43.11481857299805
2236,42.46782302856445
2237,36.73535919189453
2238,56.63329315185547
2239,44.951297760009766
2240,49.9039306640625
2241,57.08278274536133
2242,44.510887145996094
2243,68.86847686767578
2244,39.850547790527344
2245,57.201560974121094
2246,32.27767562866211
2247,33.695213317871094
2248,36.80177688598633
2249,40.58913040161133
2250,55.04457092285156
2251,30.065143585205078
2252,41.586246490478516
2253,48.67526626586914
2254,53.800445556640625
2255,33.84996032714844
2256,43.39000701904297
2257,46.68549728393555
2258,49.4786491394043
2259,37.14387512207031
2260,58.66466522216797
2261,33.330589294433594
2262,42.99386215209961
2263,45.47544479370117
2264,35.2088737487793
2265,42.922481536865234
2266,42.35485076904297
2267,36.56513595581055
2268,56.576900482177734
2269,44.76128387451172
2270,49.81032943725586
2271,57.04072570800781
2272,44.32587432861328
2273,68.69905090332031
2274,39.631134033203125
2275,57.141632080078125
2276,32.29103088378906
2277,33.62202072143555
2278,36.71311950683594
2279,40.62200164794922
2280,54.9256706237793
2281,29.8120174407959
2282,41.531654357910156
2283,48.55830001831055
2284,53.589111328125
2285,33.74839782714844
2286,43.223270416259766
2287,46.51649856567383
2288,49.40671920776367
2289,37.092105865478516
2290,58.55075454711914
2291,33.192893981933594
2292,42.969757080078125
2293,45.29127502441406
2294,35.032188415527344
2295,42.74453353881836
2296,42.250770568847656
2297,36.409542083740234
2298,56.524539947509766
2299,44.588096618652344
2300,49.72507858276367
2301,57.00281524658203
2302,44.15758514404297
2303,68.5428466796875
2304,39.42774963378906
2305,57.08628463745117
2306,32.30476379394531
2307,33.55580139160156
2308,36.63275909423828
2309,40.65484619140625
2310,54.81890106201172
2311,29.578969955444336
2312,41.48362731933594
2313,48.45222473144531
2314,53.39462661743164
2315,33.65431213378906
2316,43.06804275512695
2317,46.35982894897461
2318,49.34173583984375
2319,37.045692443847656
2320,58.44816207885742
2321,33.064697265625
2322,42.947696685791016
2323,45.11929702758789
2324,34.86887741088867
2325,42.579254150390625
2326,42.1544303894043
2327,36.267032623291016
2328,56.4754638671875
2329,44.43003463745117
2330,49.64713668823242
2331,56.96813201904297
2332,44.004119873046875
2333,68.39799499511719
2334,39.238853454589844
2335,57.03467559814453
2336,32.319026947021484
2337,33.49555969238281
2338,36.559879302978516
2339,40.68754577636719
2340,54.722503662109375
2341,29.364070892333984
2342,41.44154739379883
2343,48.35559844970703
2344,53.21499252319336
2345,33.566917419433594
2346,42.92300796508789
2347,46.21413040161133
2348,49.28255844116211
2349,37.00420379638672
2350,58.355464935302734
2351,32.94487762451172
2352,42.92734909057617
2353,44.95832061767578
2354,34.71745681762695
2355,42.425079345703125
2356,42.064701080322266
2357,36.136226654052734
2358,56.42905044555664
2359,44.285526275634766
2360,49.5755615234375
2361,56.93584442138672
2362,43.86390686035156
2363,68.26306915283203
2364,39.06283187866211
2365,56.98619842529297
2366,32.333641052246094
2367,33.440494537353516
2368,36.493648529052734
2369,40.720027923583984
2370,54.635433197021484
2371,29.16545867919922
2372,41.404701232910156
2373,48.267391204833984
2374,53.04872131347656
2375,33.48598098754883
2376,42.78781509399414
2377,46.079097747802734
2378,49.22721862792969
2379,36.9697380065918
2380,58.270118713378906
2381,32.836753845214844
2382,42.910057067871094
2383,44.818115234375
2384,34.58259963989258
2385,42.283836364746094
2386,41.97807312011719
2387,36.02080154418945
2388,56.38579177856445
2389,44.16135025024414
2390,49.509647369384766
2391,56.888343811035156
2392,43.735591888427734
2393,68.13455200195312
2394,38.926109313964844
2395,56.93404006958008
2396,32.35544204711914
2397,33.387935638427734
2398,36.44149398803711
2399,40.739681243896484
2400,54.53948211669922
2401,29.009723663330078
2402,41.37875747680664
2403,48.181175231933594
2404,52.903480529785156
2405,33.42607498168945
2406,42.676212310791016
2407,45.96401596069336
2408,49.16968536376953
2409,36.947105407714844
2410,58.188926696777344
2411,32.74662399291992
2412,42.89619064331055
2413,44.703025817871094
2414,34.46485900878906
2415,42.15665817260742
2416,41.896705627441406
2417,35.918155670166016
2418,56.345252990722656
2419,44.049102783203125
2420,49.44966125488281
2421,56.847415924072266
2422,43.62001037597656
2423,68.02033996582031
2424,38.79411697387695
2425,56.888553619384766
2426,32.3709602355957
2427,33.33987045288086
2428,36.38862228393555
2429,40.76040267944336
2430,54.46309280395508
2431,28.85704803466797
2432,41.35042190551758
2433,48.107845306396484
2434,52.77110290527344
2435,33.362098693847656
2436,42.567508697509766
2437,45.8564453125
2438,49.12093734741211
2439,36.91775131225586
2440,58.11806106567383
2441,32.656856536865234
2442,42.880043029785156
2443,44.58401107788086
2444,34.35059356689453
2445,42.03745651245117
2446,41.823341369628906
2447,35.82199478149414
2448,56.30608367919922
2449,43.942325592041016
2450,49.394657135009766
2451,56.81727600097656
2452,43.515220642089844
2453,67.91740417480469
2454,38.66273880004883
2455,56.848297119140625
2456,32.38210678100586
2457,33.29528045654297
2458,36.336647033691406
2459,40.78192138671875
2460,54.399436950683594
2461,28.710105895996094
2462,41.322509765625
2463,48.0428352355957
2464,52.648345947265625
2465,33.29799270629883
2466,42.46240234375
2467,45.754878997802734
2468,49.07730484008789
2469,36.88711929321289
2470,58.05420684814453
2471,32.5693244934082
2472,42.86322021484375
2473,44.46659851074219
2474,34.241085052490234
2475,41.924407958984375
2476,41.75481414794922
2477,35.73194885253906
2478,56.267765045166016
2479,43.84209442138672
2480,49.34341812133789
2481,56.79146194458008
2482,43.418704986572266
2483,67.8211898803711
2484,38.535614013671875
2485,56.810462951660156
2486,32.39187240600586
2487,33.25337219238281
2488,36.28742218017578
2489,40.803802490234375
2490,54.34311294555664
2491,28.570833206176758
2492,41.29679489135742
2493,47.98324966430664
2494,52.5330924987793
2495,33.23590850830078
2496,42.36117935180664
2497,45.65827178955078
2498,49.03688049316406
2499,36.85780334472656
2500,57.995635986328125
2501,32.48483657836914
2502,42.84645080566406
2503,44.35310745239258
2504,34.136722564697266
2505,41.816490173339844
2506,41.6895751953125
2507,35.64756774902344
2508,56.230098724365234
2509,43.74843978881836
2510,49.29526138305664
2511,56.76731491088867
2512,43.32933807373047
2513,67.72950744628906
2514,38.41383743286133
2515,56.77412414550781
2516,32.4013671875
2517,33.21379089355469
2518,36.24131774902344
2519,40.82587432861328
2520,54.292110443115234
2521,28.439443588256836
2522,41.27363586425781
2523,47.927921295166016
2524,52.42425537109375
2525,33.17629623413086
2526,42.263702392578125
2527,45.56605911254883
2528,48.998924255371094
2529,36.830467224121094
2530,57.94144058227539
2531,32.40342712402344
2532,42.82994079589844
2533,44.24394989013672
2534,34.037269592285156
2535,41.7130126953125
2536,41.62705612182617
2537,35.56843566894531
2538,56.19295883178711
2539,43.66102600097656
2540,49.249759674072266
2541,56.74397659301758
2542,43.24622344970703
2543,67.64155578613281
2544,38.2973518371582
2545,56.7387580871582
2546,32.4109001159668
2547,33.17619705200195
2548,36.1983642578125
2549,40.84810256958008
2550,54.245418548583984
2551,28.315675735473633
2552,41.25303649902344
2553,47.87627410888672
2554,52.32115936279297
2555,33.119140625
2556,42.16965866088867
2557,45.477813720703125
2558,48.9630241394043
2559,36.805213928222656
2560,57.89122009277344
2561,32.324859619140625
2562,42.813751220703125
2563,44.1390266418457
2564,33.942447662353516
2565,41.613548278808594
2566,41.566795349121094
2567,35.494140625
2568,56.15619659423828
2569,43.57938766479492
2570,49.20660400390625
2571,56.721073150634766
2572,43.16881561279297
2573,67.55682373046875
2574,38.1859130859375
2575,56.704193115234375
2576,32.42051696777344
2577,33.14031982421875
2578,36.158287048339844
2579,40.87041091918945
2580,54.2026481628418
2581,28.198871612548828
2582,41.234771728515625
2583,47.82796859741211
2584,52.22335433959961
2585,33.06428146362305
2586,42.078800201416016
2587,45.39316940307617
2588,48.92897415161133
2589,36.78178024291992
2590,57.844478607177734
2591,32.24897384643555
2592,42.79769515991211
2593,44.038028717041016
2594,33.851806640625
2595,41.51774215698242
2596,41.508544921875
2597,35.42431640625
2598,56.119728088378906
2599,43.503047943115234
2600,49.16560363769531
2601,56.698551177978516
2602,43.09670639038086
2603,67.4750747680664
2604,38.07903289794922
2605,56.67026901245117
2606,32.430206298828125
2607,33.106021881103516
2608,36.1208381652832
2609,40.8927116394043
2610,54.16349792480469
2611,28.088510513305664
2612,41.218570709228516
2613,47.78261947631836
2614,52.13042449951172
2615,33.01145935058594
2616,41.990753173828125
2617,45.31185531616211
2618,48.89655303955078
2619,36.75992202758789
2620,57.80104064941406
2621,32.17534637451172
2622,42.78176498413086
2623,43.94044494628906
2624,33.764862060546875
2625,41.425262451171875
2626,41.452152252197266
2627,35.35849380493164
2628,56.08342361450195
2629,43.431514739990234
2630,49.12656021118164
2631,56.676414489746094
2632,43.0294189453125
2633,67.39601135253906
2634,37.976131439208984
2635,56.63706588745117
2636,32.439781188964844
2637,33.07311248779297
2638,36.08567428588867
2639,40.91505432128906
2640,54.12783432006836
2641,27.983854293823242
2642,41.204219818115234
2643,47.740211486816406
2644,52.042015075683594
2645,32.96035385131836
2646,41.90522766113281
2647,45.233577728271484
2648,48.8657112121582
2649,36.73930740356445
2650,57.76055145263672
2651,32.10369110107422
2652,42.76582717895508
2653,43.845706939697266
2654,33.681217193603516
2655,41.33577346801758
2656,41.39755630493164
2657,35.29634094238281
2658,56.047279357910156
2659,43.36422348022461
2660,49.089290618896484
2661,56.65494155883789
2662,42.96663284301758
2663,67.31951141357422
2664,37.87664031982422
2665,56.60456848144531
2666,32.44914627075195
2667,33.04150390625
2668,36.05237579345703
2669,40.937564849853516
2670,54.09573745727539
2671,27.884109497070312
2672,41.19133758544922
2673,47.7005729675293
2674,51.95771789550781
2675,32.91058349609375
2676,41.821834564208984
2677,45.15803527832031
2678,48.83647537231445
2679,36.71963119506836
2680,57.72298049926758
2681,32.03374481201172
2682,42.7498779296875
2683,43.75330352783203
2684,33.60050964355469
2685,41.249000549316406
2686,41.3447151184082
2687,35.23743438720703
2688,56.01131057739258
2689,43.30082321166992
2690,49.05363845825195
2691,56.63407897949219
2692,42.90795135498047
2693,67.2453842163086
2694,37.78021240234375
2695,56.572715759277344
2696,32.45833969116211
2697,33.01100158691406
2698,36.02095413208008
2699,40.96016311645508
2700,54.066749572753906
2701,27.789030075073242
2702,41.18000411987305
2703,47.66343688964844
2704,51.87706756591797
2705,32.86208724975586
2706,41.740482330322266
2707,45.084896087646484
2708,48.80854797363281
2709,36.70098114013672
2710,57.68794250488281
2711,31.965316772460938
2712,42.733856201171875
2713,43.6632194519043
2714,33.522525787353516
2715,41.164669036865234
2716,41.293216705322266
2717,35.18156814575195
2718,55.97539138793945
2719,43.241119384765625
2720,49.0193977355957
2721,56.61349105834961
2722,42.852989196777344
2723,67.17305755615234
2724,37.68680953979492
2725,56.54121017456055
2726,32.4676399230957
2727,32.98142623901367
2728,35.991451263427734
2729,40.98289489746094
2730,54.04030227661133
2731,27.69859504699707
2732,41.1702880859375
2733,47.62832260131836
2734,51.79978942871094
2735,32.81496810913086
2736,41.66083908081055
2737,45.0139274597168
2738,48.78153610229492
2739,36.68366241455078
2740,57.655113220214844
2741,31.898263931274414
2742,42.71780776977539
2743,43.57548141479492
2744,33.44700622558594
2745,41.08230209350586
2746,41.24276351928711
2747,35.12863540649414
2748,55.93928909301758
2749,43.184837341308594
2750,48.986419677734375
2751,56.59275817871094
2752,42.80152893066406
2753,67.10218048095703
2754,37.59611892700195
2755,56.50985336303711
2756,32.47698974609375
2757,32.9526252746582
2758,35.96364212036133
2759,41.00569152832031
2760,54.016258239746094
2761,27.61231803894043
2762,41.162071228027344
2763,47.59514617919922
2764,51.72551345825195
2765,32.76890563964844
2766,41.5826301574707
2767,44.94493865966797
2768,48.75544738769531
2769,36.66729736328125
2770,57.624305725097656
2771,31.832382202148438
2772,42.70162582397461
2773,43.48969268798828
2774,33.37368392944336
2775,41.00167465209961
2776,41.193138122558594
2777,35.078277587890625
2778,55.90291213989258
2779,43.131744384765625
2780,48.95448303222656
2781,56.572052001953125
2782,42.75326919555664
2783,67.03263854980469
2784,37.507747650146484
2785,56.4786262512207
2786,32.48632049560547
2787,32.92443084716797
2788,35.937255859375
2789,41.02864074707031
2790,53.994625091552734
2791,27.529834747314453
2792,41.155155181884766
2793,47.56380081176758
2794,51.65400314331055
2795,32.72376251220703
2796,41.50559997558594
2797,44.87766647338867
2798,48.73008728027344
2799,36.651859283447266
2800,57.59539794921875
2801,31.76746368408203
2802,42.68528366088867
2803,43.4055061340332
2804,33.30229568481445
2805,40.9225959777832
2806,41.144309997558594
2807,35.0302619934082
2808,55.866310119628906
2809,43.08154296875
2810,48.923561096191406
2811,56.551326751708984
2812,42.70798873901367
2813,66.96430969238281
2814,37.421443939208984
2815,56.447593688964844
2816,32.49570083618164
2817,32.89685821533203
2818,35.91227340698242
2819,41.051727294921875
2820,53.975162506103516
2821,27.45073127746582
2822,41.14945983886719
2823,47.534095764160156
2824,51.584991455078125
2825,32.67937469482422
2826,41.42965316772461
2827,44.81196975708008
2828,48.70545196533203
2829,36.63721466064453
2830,57.56819534301758
2831,31.703392028808594
2832,42.66876983642578
2833,43.322914123535156
2834,33.232666015625
2835,40.844913482666016
2836,41.096160888671875
2837,34.98446273803711
2838,55.829410552978516
2839,43.03397750854492
2840,48.893489837646484
2841,56.53050231933594
2842,42.665428161621094
2843,66.89695739746094
2844,37.33711624145508
2845,56.416534423828125
2846,32.50505447387695
2847,32.86974334716797
2848,35.88856506347656
2849,41.07495880126953
2850,53.95772171020508
2851,27.374835968017578
2852,41.14495086669922
2853,47.50591278076172
2854,51.51835632324219
2855,32.635738372802734
2856,41.35465621948242
2857,44.74766540527344
2858,48.68135070800781
2859,36.623321533203125
2860,57.54255676269531
2861,31.64011573791504
2862,42.65205383300781
2863,43.241737365722656
2864,33.1646614074707
2865,40.76846694946289
2866,41.0485725402832
2867,34.94074630737305
2868,55.79218292236328
2869,42.988956451416016
2870,48.8642463684082
2871,56.509552001953125
2872,42.62542724609375
2873,66.83057403564453
2874,37.254600524902344
2875,56.38557815551758
2876,32.51447296142578
2877,32.84312057495117
2878,35.865970611572266
2879,41.098262786865234
2880,53.94208526611328
2881,27.302032470703125
2882,41.141517639160156
2883,47.47917938232422
2884,51.453922271728516
2885,32.59282684326172
2886,41.28063201904297
2887,44.68473815917969
2888,48.65773010253906
2889,36.61017990112305
2890,57.51834487915039
2891,31.57756996154785
2892,42.63521957397461
2893,43.161991119384766
2894,33.09818649291992
2895,40.693153381347656
2896,41.00150680541992
2897,34.89891815185547
2898,55.75462341308594
2899,42.94623947143555
2900,48.83570861816406
2901,56.488433837890625
2902,42.58782196044922
2903,66.7650146484375
2904,37.17377853393555
2905,56.35460662841797
2906,32.52389907836914
2907,32.81679916381836
2908,35.8444938659668
2909,41.12165069580078
2910,53.92820739746094
2911,27.23203468322754
2912,41.13908386230469
2913,47.45371627807617
2914,51.39152145385742
2915,32.55048370361328
2916,41.207332611083984
2917,44.62307357788086
2918,48.6345100402832
2919,36.597721099853516
2920,57.49543380737305
2921,31.515695571899414
2922,42.61821365356445
2923,43.08345031738281
2924,33.03314208984375
2925,40.61888122558594
2926,40.95490264892578
2927,34.85887908935547
2928,55.71677780151367
2929,42.90570068359375
2930,48.80786895751953
2931,56.4671516418457
2932,42.55239486694336
2933,66.70018768310547
2934,37.09452819824219
2935,56.32362747192383
2936,32.533363342285156
2937,32.790802001953125
2938,35.82402038574219
2939,41.1450309753418
2940,53.91596221923828
2941,27.164749145507812
2942,41.137550354003906
2943,47.429466247558594
2944,51.3310546875
2945,32.50873947143555
2946,41.13481903076172
2947,44.56260299682617
2948,48.611732482910156
2949,36.5859375
2950,57.47368621826172
2951,31.454397201538086
2952,42.60103225708008
2953,43.00611877441406
2954,32.9693603515625
2955,40.54554748535156
2956,40.9086799621582
2957,34.82051467895508
2958,55.67863845825195
2959,42.86711883544922
2960,48.78067398071289
2961,56.44578552246094
2962,42.51914978027344
2963,66.63624572753906
2964,37.01655197143555
2965,56.29270553588867
2966,32.54273986816406
2967,32.76509094238281
2968,35.80435562133789
2969,41.168521881103516
2970,53.905418395996094
2971,27.099763870239258
2972,41.13682174682617
2973,47.406497955322266
2974,51.272377014160156
2975,32.46733093261719
2976,41.062843322753906
2977,44.50314712524414
2978,48.58937072753906
2979,36.574527740478516
2980,57.45305633544922
2981,31.393524169921875
2982,42.58358383178711
2983,42.92959976196289
2984,32.90658950805664
2985,40.473060607910156
2986,40.86281204223633
2987,34.783695220947266
2988,55.640052795410156
2989,42.83034896850586
2990,48.7540283203125
2991,56.42448043823242
2992,42.487823486328125
2993,66.57296752929688
2994,36.93965148925781
2995,56.26180648803711
2996,32.55202865600586
2997,32.7396354675293
2998,35.78546142578125
2999,41.192108154296875
3000,53.896575927734375
3001,27.03692626953125
3002,41.136817932128906
3003,47.384727478027344
3004,51.21546173095703
3005,32.42621612548828
3006,40.991371154785156
3007,44.444671630859375
3008,48.56741714477539
3009,36.563419342041016
3010,57.4334716796875
3011,31.33321762084961
3012,42.565887451171875
3013,42.85388946533203
3014,32.844871520996094
3015,40.401268005371094
3016,40.817298889160156
3017,34.74827575683594
3018,55.60118103027344
3019,42.79531478881836
3020,48.727909088134766
3021,56.40315628051758
3022,42.45842361450195
3023,66.51030731201172
3024,36.863853454589844
3025,56.23087692260742
3026,32.56129455566406
3027,32.71433639526367
3028,35.76720428466797
3029,41.215763092041016
3030,53.88916015625
3031,26.97624969482422
3032,41.13752365112305
3033,47.36395263671875
3034,51.160072326660156
3035,32.38542556762695
3036,40.920372009277344
3037,44.38714599609375
3038,48.54573440551758
3039,36.552711486816406
3040,57.41490173339844
3041,31.273235321044922
3042,42.54802703857422
3043,42.77895736694336
3044,32.7840461730957
3045,40.33018112182617
3046,40.77210235595703
3047,34.714210510253906
3048,55.56194305419922
3049,42.76182174682617
3050,48.7022590637207
3051,56.38162612915039
3052,42.43067932128906
3053,66.44823455810547
3054,36.789085388183594
3055,56.199947357177734
3056,32.570556640625
3057,32.689208984375
3058,35.749725341796875
3059,41.239471435546875
3060,53.88312530517578
3061,26.91751480102539
3062,41.13896179199219
3063,47.344146728515625
3064,51.10621643066406
3065,32.34496307373047
3066,40.84979248046875
3067,44.33047866821289
3068,48.5243034362793
3069,36.54240417480469
3070,57.39716339111328
3071,31.213619232177734
3072,42.530029296875
3073,42.704952239990234
3074,32.72414016723633
3075,40.25973129272461
3076,40.72699737548828
3077,34.681427001953125
3078,55.5223503112793
3079,42.7298698425293
3080,48.677032470703125
3081,56.35994338989258
3082,42.40459442138672
3083,66.3865737915039
3084,36.715389251708984
3085,56.16893005371094
3086,32.579864501953125
3087,32.66417694091797
3088,35.73286437988281
3089,41.26322555541992
3090,53.87827682495117
3091,26.860689163208008
3092,41.14106750488281
3093,47.32527542114258
3094,51.053653717041016
3095,32.30475997924805
3096,40.779605865478516
3097,44.274620056152344
3098,48.503082275390625
3099,36.53241729736328
3100,57.380271911621094
3101,31.15424919128418
3102,42.5118293762207
3103,42.63198471069336
3104,32.665016174316406
3105,40.18981170654297
3106,40.68214416503906
3107,34.64986801147461
3108,55.482418060302734
3109,42.69938278198242
3110,48.65217590332031
3111,56.33808898925781
3112,42.37993240356445
3113,66.3253402709961
3114,36.642581939697266
3115,56.137855529785156
3116,32.5891227722168
3117,32.639286041259766
3118,35.71662139892578
3119,41.28697204589844
3120,53.874691009521484
3121,26.80560874938965
3122,41.14375305175781
3123,47.30720520019531
3124,51.002445220947266
3125,32.26479721069336
3126,40.70977020263672
3127,44.219512939453125
3128,48.48204803466797
3129,36.5227165222168
3130,57.3641471862793
3131,31.095130920410156
3132,42.493412017822266
3133,42.559627532958984
3134,32.60675811767578
3135,40.12035369873047
3136,40.63740921020508
3137,34.619361877441406
3138,55.44213104248047
3139,42.67014694213867
3140,48.627708435058594
3141,56.3160400390625
3142,42.3568000793457
3143,66.26457214355469
3144,36.57063674926758
3145,56.10673522949219
3146,32.59844970703125
3147,32.61446762084961
3148,35.700904846191406
3149,41.31081008911133
3150,53.872257232666016
3151,26.752153396606445
3152,41.14701461791992
3153,47.28999328613281
3154,50.95243453979492
3155,32.22507858276367
3156,40.64030075073242
3157,44.16510009765625
3158,48.461212158203125
3159,36.51331329345703
3160,57.348731994628906
3161,31.036306381225586
3162,42.474830627441406
3163,42.487876892089844
3164,32.54924392700195
3165,40.05135726928711
3166,40.592830657958984
3167,34.58993148803711
3168,55.40154266357422
3169,42.64218521118164
3170,48.60356140136719
3171,56.29384231567383
3172,42.3349609375
3173,66.2041244506836
3174,36.49954605102539
3175,56.075504302978516
3176,32.60780334472656
3177,32.58966064453125
3178,35.68571472167969
3179,41.334625244140625
3180,53.870845794677734
3181,26.700340270996094
3182,41.15081787109375
3183,47.27354431152344
3184,50.90365219116211
3185,32.185569763183594
3186,40.57107162475586
3187,44.11138153076172
3188,48.44045639038086
3189,36.50416564941406
3190,57.33395767211914
3191,30.977649688720703
3192,42.45606231689453
3193,42.41679000854492
3194,32.492401123046875
3195,39.98283767700195
3196,40.54830551147461
3197,34.56155014038086
3198,55.36064147949219
3199,42.615421295166016
3200,48.57973098754883
3201,56.271385192871094
3202,42.31441116333008
3203,66.1440658569336
3204,36.4293098449707
3205,56.044189453125
3206,32.6171760559082
3207,32.564884185791016
3208,35.67094039916992
3209,41.3584098815918
3210,53.87046432495117
3211,26.650054931640625
3212,41.15517807006836
3213,47.25775146484375
3214,50.85593795776367
3215,32.14625930786133
3216,40.50214385986328
3217,44.058380126953125
3218,48.41979217529297
3219,36.495216369628906
3220,57.31973648071289
3221,30.919286727905273
3222,42.437171936035156
3223,42.34626770019531
3224,32.43617630004883
3225,39.91471481323242
3226,40.50387954711914
3227,34.53406524658203
3228,55.3194580078125
3229,42.589744567871094
3230,48.556175231933594
3231,56.24872970581055
3232,42.295047760009766
3233,66.0843505859375
3234,36.359859466552734
3235,56.01283264160156
3236,32.62653732299805
3237,32.540138244628906
3238,35.65663528442383
3239,41.38219451904297
3240,53.87098693847656
3241,26.60123634338379
3242,41.15992736816406
3243,47.24270248413086
3244,50.80937957763672
3245,32.10717010498047
3246,40.433563232421875
3247,44.00600814819336
3248,48.39919662475586
3249,36.48655700683594
3250,57.30606460571289
3251,30.861156463623047
3252,42.4180908203125
3253,42.276432037353516
3254,32.380611419677734
3255,39.84696578979492
3256,40.45942306518555
3257,34.50755310058594
3258,55.27790069580078
3259,42.56517028808594
3260,48.53289031982422
3261,56.2258186340332
3262,42.27681350708008
3263,66.02496337890625
3264,36.291255950927734
3265,55.98134231567383
3266,32.63600158691406
3267,32.515411376953125
3268,35.64274215698242
3269,41.40581512451172
3270,53.87237548828125
3271,26.553951263427734
3272,41.16519546508789
3273,47.22819137573242
3274,50.76384353637695
3275,32.06825637817383
3276,40.365318298339844
3277,43.954368591308594
3278,48.378665924072266
3279,36.47808837890625
3280,57.2928581237793
3281,30.803325653076172
3282,42.398902893066406
3283,42.20730972290039
3284,32.32560348510742
3285,39.779659271240234
3286,40.41488265991211
3287,34.481964111328125
3288,55.23611831665039
3289,42.541622161865234
3290,48.509944915771484
3291,56.20258712768555
3292,42.2596435546875
3293,65.96588134765625
3294,36.22360610961914
3295,55.94972229003906
3296,32.645530700683594
3297,32.49055480957031
3298,35.62929916381836
3299,41.42929458618164
3300,53.874427795410156
3301,26.508142471313477
3302,41.170894622802734
3303,47.21428680419922
3304,50.719390869140625
3305,32.029666900634766
3306,40.29747009277344
3307,43.90342330932617
3308,48.35809326171875
3309,36.4698371887207
3310,57.27999496459961
3311,30.745817184448242
3312,42.37964630126953
3313,42.138938903808594
3314,32.271240234375
3315,39.71271514892578
3316,40.3703727722168
3317,34.457252502441406
3318,55.1940803527832
3319,42.51906967163086
3320,48.48713302612305
3321,56.179046630859375
3322,42.243526458740234
3323,65.90718841552734
3324,36.15679168701172
3325,55.91802978515625
3326,32.65503692626953
3327,32.465694427490234
3328,35.61613845825195
3329,41.452545166015625
3330,53.87724304199219
3331,26.46381378173828
3332,41.176918029785156
3333,47.20086669921875
3334,50.67595672607422
3335,31.99134635925293
3336,40.22999954223633
3337,43.85319900512695
3338,48.337486267089844
3339,36.4617805480957
3340,57.26753616333008
3341,30.688671112060547
3342,42.36028289794922
3343,42.071327209472656
3344,32.2175407409668
3345,39.64622116088867
3346,40.32592010498047
3347,34.4333610534668
3348,55.151737213134766
3349,42.497432708740234
3350,48.464637756347656
3351,56.155296325683594
3352,42.2283935546875
3353,65.84886932373047
3354,36.090843200683594
3355,55.88621139526367
3356,32.664493560791016
3357,32.44078063964844
3358,35.60332107543945
3359,41.47551727294922
3360,53.880638122558594
3361,26.420873641967773
3362,41.1832160949707
3363,47.18802261352539
3364,50.633583068847656
3365,31.953248977661133
3366,40.16299819946289
3367,43.80374526977539
3368,48.31685256958008
3369,36.45381164550781
3370,57.25537109375
3371,30.631853103637695
3372,42.34076690673828
3373,42.00450134277344
3374,32.16440963745117
3375,39.580177307128906
3376,40.2814826965332
3377,34.41035842895508
3378,55.1092414855957
3379,42.47673034667969
3380,48.44239044189453
3381,56.13141632080078
3382,42.214271545410156
3383,65.79107666015625
3384,36.025535583496094
3385,55.854454040527344
3386,32.673728942871094
3387,32.41581344604492
3388,35.59065246582031
3389,41.49825668334961
3390,53.88502883911133
3391,26.37916374206543
3392,41.18966293334961
3393,47.175804138183594
3394,50.59233474731445
3395,31.91521644592285
3396,40.0963020324707
3397,43.75499725341797
3398,48.29629898071289
3399,36.44571304321289
3400,57.243595123291016
3401,30.575275421142578
3402,42.32107925415039
3403,41.93817138671875
3404,32.11172103881836
3405,39.51458740234375
3406,40.23715591430664
3407,34.388084411621094
3408,55.066383361816406
3409,42.456851959228516
3410,48.420345306396484
3411,56.10757064819336
3412,42.20105743408203
3413,65.73382568359375
3414,35.960872650146484
3415,55.82270431518555
3416,32.68280792236328
3417,32.3907585144043
3418,35.57813262939453
3419,41.520721435546875
3420,53.89023208618164
3421,26.338645935058594
3422,41.196197509765625
3423,47.16421127319336
3424,50.55207824707031
3425,31.877302169799805
3426,40.029945373535156
3427,43.706939697265625
3428,48.27574157714844
3429,36.437557220458984
3430,57.232177734375
3431,30.51897430419922
3432,42.30125045776367
3433,41.872459411621094
3434,32.059574127197266
3435,39.44942092895508
3436,40.19290542602539
3437,34.36650085449219
3438,55.023345947265625
3439,42.43772888183594
3440,48.39847183227539
3441,56.08293151855469
3442,42.188602447509766
3443,65.67682647705078
3444,35.897457122802734
3445,55.79072189331055
3446,32.69191360473633
3447,32.36552047729492
3448,35.56587600708008
3449,41.542633056640625
3450,53.895633697509766
3451,26.29976463317871
3452,41.202972412109375
3453,47.15288162231445
3454,50.51284408569336
3455,31.8397216796875
3456,39.96413040161133
3457,43.659732818603516
3458,48.25492858886719
3459,36.4295654296875
3460,57.22075271606445
3461,30.46322250366211
3462,42.28130340576172
3463,41.8078727722168
3464,32.00814437866211
3465,39.38469696044922
3466,40.14855194091797
3467,34.34572219848633
3468,54.98003387451172
3469,42.41938781738281
3470,48.376678466796875
3471,56.057701110839844
3472,42.17687225341797
3473,65.62007141113281
3474,35.835243225097656
3475,55.75844955444336
3476,32.70091247558594
3477,32.34001541137695
3478,35.553768157958984
3479,41.56388854980469
3480,53.901248931884766
3481,26.262393951416016
3482,41.2098388671875
3483,47.14179611206055
3484,50.474613189697266
3485,31.802583694458008
3486,39.89894485473633
3487,43.61332321166992
3488,48.23386001586914
3489,36.421607971191406
3490,57.209354400634766
3491,30.408010482788086
3492,42.26127243041992
3493,41.744300842285156
3494,31.957286834716797
3495,39.320438385009766
3496,40.10407257080078
3497,34.32563781738281
3498,54.936431884765625
3499,42.401798248291016
3500,48.355098724365234
3501,56.032047271728516
3502,42.165836334228516
3503,65.56379699707031
3504,35.77397537231445
3505,55.726078033447266
3506,32.70975112915039
3507,32.31428146362305
3508,35.541725158691406
3509,41.584571838378906
3510,53.90732192993164
3511,26.22624969482422
3512,41.21665573120117
3513,47.13117218017578
3514,50.43738555908203
3515,31.76558494567871
3516,39.834197998046875
3517,43.56772232055664
3518,48.21265411376953
3519,36.41351318359375
3520,57.19807052612305
3521,30.35316276550293
3522,42.24102020263672
3523,41.68148422241211
3524,31.906957626342773
3525,39.25663375854492
3526,40.05959701538086
3527,34.30621337890625
3528,54.892635345458984
3529,42.38474655151367
3530,48.3336296081543
3531,56.006168365478516
3532,42.15549087524414
3533,65.5079574584961
3534,35.71347427368164
3535,55.6937141418457
3536,32.718231201171875
3537,32.28840637207031
3538,35.5296630859375
3539,41.604713439941406
3540,53.91396713256836
3541,26.19127655029297
3542,41.22341537475586
3543,47.12095260620117
3544,50.40113830566406
3545,31.72867774963379
3546,39.76992416381836
3547,43.52288818359375
3548,48.19130325317383
3549,36.40516662597656
3550,57.18681335449219
3551,30.298673629760742
3552,42.22066116333008
3553,41.61941146850586
3554,31.857088088989258
3555,39.19332504272461
3556,40.01507568359375
3557,34.28742218017578
3558,54.84861755371094
3559,42.3682746887207
3560,48.31232452392578
3561,55.98006057739258
3562,42.14577102661133
3563,65.45266723632812
3564,35.6536979675293
3565,55.66132736206055
3566,32.72645950317383
3567,32.26227951049805
3568,35.51750564575195
3569,41.62429428100586
3570,53.92108154296875
3571,26.157365798950195
3572,41.23006057739258
3573,47.11107635498047
3574,50.36581802368164
3575,31.691938400268555
3576,39.70608139038086
3577,43.47882080078125
3578,48.169803619384766
3579,36.39669418334961
3580,57.17559051513672
3581,30.244558334350586
3582,42.20012664794922
3583,41.558109283447266
3584,31.80769157409668
3585,39.13033676147461
3586,39.970550537109375
3587,34.269195556640625
3588,54.804443359375
3589,42.35231399536133
3590,48.2911376953125
3591,55.95371627807617
3592,42.13665771484375
3593,65.39788818359375
3594,35.594722747802734
3595,55.62887954711914
3596,32.73450469970703
3597,32.235958099365234
3598,35.5053596496582
3599,41.64333724975586
3600,53.92858123779297
3601,26.12456512451172
3602,41.236637115478516
3603,47.101593017578125
3604,50.33143997192383
3605,31.655349731445312
3606,39.64266586303711
3607,43.435508728027344
3608,48.14812469482422
3609,36.38801193237305
3610,57.1644287109375
3611,30.190773010253906
3612,42.17949295043945
3613,41.49751281738281
3614,31.75865364074707
3615,39.06782531738281
3616,39.92597961425781
3617,34.25151443481445
3618,54.760040283203125
3619,42.33679962158203
3620,48.27005386352539
3621,55.927146911621094
3622,42.1280403137207
3623,65.34351348876953
3624,35.53644561767578
3625,55.59639358520508
3626,32.74224090576172
3627,32.20939254760742
3628,35.49319839477539
3629,41.661865234375
3630,53.9365234375
3631,26.09270477294922
3632,41.24306869506836
3633,47.09243392944336
3634,50.29790115356445
3635,31.61888885498047
3636,39.57971954345703
3637,43.39289474487305
3638,48.12628936767578
3639,36.3791389465332
3640,57.153236389160156
3641,30.137353897094727
3642,42.158729553222656
3643,41.43760681152344
3644,31.7100772857666
3645,39.00572967529297
3646,39.881378173828125
3647,34.23435974121094
3648,54.715457916259766
3649,42.32173156738281
3650,48.24909591674805
3651,55.9003791809082
3652,42.1199836730957
3653,65.28962707519531
3654,35.47888946533203
3655,55.563987731933594
3656,32.74980926513672
3657,32.18265151977539
3658,35.48097610473633
3659,41.679805755615234
3660,53.9448127746582
3661,26.061832427978516
3662,41.24941635131836
3663,47.083587646484375
3664,50.26519775390625
3665,31.582590103149414
3666,39.51719284057617
3667,43.35099411010742
3668,48.104366302490234
3669,36.370147705078125
3670,57.14201736450195
3671,30.084321975708008
3672,42.137882232666016
3673,41.37842559814453
3674,31.661916732788086
3675,38.94401168823242
3676,39.836727142333984
3677,34.217689514160156
3678,54.67082214355469
3679,42.307132720947266
3680,48.22825622558594
3681,55.87335968017578
3682,42.11236572265625
3683,65.23616027832031
3684,35.422035217285156
3685,55.531517028808594
3686,32.7570915222168
3687,32.15571212768555
3688,35.46866989135742
3689,41.69725036621094
3690,53.95341110229492
3691,26.03194236755371
3692,41.25563430786133
3693,47.07498550415039
3694,50.23330307006836
3695,31.546424865722656
3696,39.45512390136719
3697,43.309776306152344
3698,48.08226013183594
3699,36.36090087890625
3700,57.13081359863281
3701,30.03167152404785
3702,42.11688995361328
3703,41.31991195678711
3704,31.614133834838867
3705,38.88269805908203
3706,39.792057037353516
3707,34.2015380859375
3708,54.625999450683594
3709,42.292911529541016
3710,48.20752716064453
3711,55.84614562988281
3712,42.10517501831055
3713,65.18314361572266
3714,35.365943908691406
3715,55.499061584472656
3716,32.764198303222656
3717,32.128543853759766
3718,35.456295013427734
3719,41.71415710449219
3720,53.962303161621094
3721,26.002866744995117
3722,41.26174545288086
3723,47.066707611083984
3724,50.202186584472656
3725,31.510393142700195
3726,39.39345932006836
3727,43.26926040649414
3728,48.05998611450195
3729,36.35150146484375
3730,57.11955642700195
3731,29.9793701171875
3732,42.09589385986328
3733,41.26210021972656
3734,31.56679344177246
3735,38.821773529052734
3736,39.74736785888672
3737,34.185787200927734
3738,54.58107376098633
3739,42.27902603149414
3740,48.186885833740234
3741,55.818721771240234
3742,42.09843063354492
3743,65.13060760498047
3744,35.31044387817383
3745,55.466590881347656
3746,32.771114349365234
3747,32.10122299194336
3748,35.44388198852539
3749,41.73051071166992
3750,53.97151184082031
3751,25.97467041015625
3752,41.26770782470703
3753,47.05870819091797
3754,50.17181396484375
3755,31.474531173706055
3756,39.332271575927734
3757,43.22938919067383
3758,48.037601470947266
3759,36.34193801879883
3760,57.10826873779297
3761,29.92740249633789
3762,42.074764251708984
3763,41.20490264892578
3764,31.5197811126709
3765,38.76130294799805
3766,39.70269775390625
3767,34.170440673828125
3768,54.536075592041016
3769,42.265480041503906
3770,48.1663703918457
3771,55.79116439819336
3772,42.09207534790039
3773,65.07849884033203
3774,35.255672454833984
3775,55.434207916259766
3776,32.77773666381836
3777,32.07366943359375
3778,35.43140411376953
3779,41.74635314941406
3780,53.980918884277344
3781,25.947309494018555
3782,41.27351379394531
3783,47.0509033203125
3784,50.14214324951172
3785,31.438800811767578
3786,39.27151870727539
3787,43.190185546875
3788,48.01505661010742
3789,36.332157135009766
3790,57.09690856933594
3791,29.87583351135254
3792,42.05358123779297
3793,41.14842224121094
3794,31.473167419433594
3795,38.701148986816406
3796,39.6579704284668
3797,34.15553283691406
3798,54.491024017333984
3799,42.25224304199219
3800,48.14598846435547
3801,55.76342010498047
3802,42.08610534667969
3803,65.02688598632812
3804,35.201473236083984
3805,55.40188217163086
3806,32.78421401977539
3807,32.04597091674805
3808,35.418785095214844
3809,41.761695861816406
3810,53.990692138671875
3811,25.920700073242188
3812,41.279197692871094
3813,47.043426513671875
3814,50.11322784423828
3815,31.40321922302246
3816,39.21113967895508
3817,43.15160369873047
3818,47.992454528808594
3819,36.32215118408203
3820,57.08552932739258
3821,29.8245792388916
3822,42.03238296508789
3823,41.092472076416016
3824,31.426855087280273
3825,38.64140319824219
3826,39.61328887939453
3827,34.14101028442383
3828,54.44588088989258
3829,42.23933792114258
3830,48.125675201416016
3831,55.735599517822266
3832,42.08041000366211
3833,64.97571563720703
3834,35.14786911010742
3835,55.3696174621582
3836,32.790435791015625
3837,32.018104553222656
3838,35.40608215332031
3839,41.77658462524414
3840,54.000755310058594
3841,25.894800186157227
3842,41.284645080566406
3843,47.03622817993164
3844,50.08504104614258
3845,31.36768341064453
3846,39.15117645263672
3847,43.1136589050293
3848,47.969757080078125
3849,36.3118782043457
3850,57.074195861816406
3851,29.77363395690918
3852,42.011051177978516
3853,41.037132263183594
3854,31.38088607788086
3855,38.58209228515625
3856,39.56868362426758
3857,34.126869201660156
3858,54.40068817138672
3859,42.22667694091797
3860,48.1054573059082
3861,55.70751190185547
3862,42.075077056884766
3863,64.92499542236328
3864,35.09507751464844
3865,55.337371826171875
3866,32.796451568603516
3867,31.990013122558594
3868,35.393280029296875
3869,41.790748596191406
3870,54.01084518432617
3871,25.869781494140625
3872,41.28988265991211
3873,47.029117584228516
3874,50.05753707885742
3875,31.332414627075195
3876,39.09177017211914
3877,43.07639694213867
3878,47.946834564208984
3879,36.30146789550781
3880,57.06261444091797
3881,29.72323226928711
3882,41.9897346496582
3883,40.98261260986328
3884,31.335430145263672
3885,38.5232048034668
3886,39.52387237548828
3887,34.11311721801758
3888,54.3554573059082
3889,42.214359283447266
3890,48.085296630859375
3891,55.67901611328125
3892,42.06996536254883
3893,64.87467193603516
3894,35.04310607910156
3895,55.30510330200195
3896,32.80223083496094
3897,31.96172523498535
3898,35.380401611328125
3899,41.804344177246094
3900,54.021080017089844
3901,25.845542907714844
3902,41.2949104309082
3903,47.02225875854492
3904,50.03070831298828
3905,31.297338485717773
3906,39.03287887573242
3907,43.03983688354492
3908,47.9238166809082
3909,36.290809631347656
3910,57.050968170166016
3911,29.67316436767578
3912,41.96836471557617
3913,40.928768157958984
3914,31.29026222229004
3915,38.464778900146484
3916,39.47921371459961
3917,34.09968566894531
3918,54.31022644042969
3919,42.20215606689453
3920,48.065250396728516
3921,55.650779724121094
3922,42.065185546875
3923,64.82504272460938
3924,34.99143981933594
3925,55.273094177246094
3926,32.8076286315918
3927,31.933307647705078
3928,35.36729049682617
3929,41.817481994628906
3930,54.03178787231445
3931,25.821792602539062
3932,41.299652099609375
3933,47.0157470703125
3934,50.004573822021484
3935,31.26225471496582
3936,38.97435760498047
3937,43.00390625
3938,47.90072250366211
3939,36.27982711791992
3940,57.03934860229492
3941,29.623430252075195
3942,41.946895599365234
3943,40.875389099121094
3944,31.245361328125
3945,38.406776428222656
3946,39.43462371826172
3947,34.086585998535156
3948,54.2650032043457
3949,42.19017028808594
3950,48.04538345336914
3951,55.622589111328125
3952,42.0606689453125
3953,64.77587890625
3954,34.940364837646484
3955,55.241249084472656
3956,32.812774658203125
3957,31.90473175048828
3958,35.354026794433594
3959,41.83014678955078
3960,54.042720794677734
3961,25.798662185668945
3962,41.30416488647461
3963,47.00946807861328
3964,49.97913360595703
3965,31.227293014526367
3966,38.916259765625
3967,42.96854019165039
3968,47.87757110595703
3969,36.26860046386719
3970,57.027687072753906
3971,29.573999404907227
3972,41.92536926269531
3973,40.82258224487305
3974,31.20081901550293
3975,38.3491096496582
3976,39.39004135131836
3977,34.07377624511719
3978,54.2197265625
3979,42.17836380004883
3980,48.025508880615234
3981,55.594093322753906
3982,42.056396484375
3983,64.72708129882812
3984,34.88982391357422
3985,55.20936965942383
3986,32.81782150268555
3987,31.87592124938965
3988,35.340728759765625
3989,41.84230422973633
3990,54.053672790527344
3991,25.776254653930664
3992,41.30855941772461
3993,47.003257751464844
3994,49.95416259765625
3995,31.192487716674805
3996,38.858543395996094
3997,42.93373107910156
3998,47.854278564453125
3999,36.2572135925293
4000,57.015846252441406
4001,29.524948120117188
4002,41.90390396118164
4003,40.77033615112305
4004,31.156532287597656
4005,38.291744232177734
4006,39.345306396484375
4007,34.0612678527832
4008,54.17441940307617
4009,42.166778564453125
4010,48.0057373046875
4011,55.56543731689453
4012,42.05228042602539
4013,64.67860412597656
4014,34.83998107910156
4015,55.17752456665039
4016,32.82270812988281
4017,31.846912384033203
4018,35.327293395996094
4019,41.85393524169922
4020,54.064727783203125
4021,25.754432678222656
4022,41.31277084350586
4023,46.997249603271484
4024,49.92979049682617
4025,31.157873153686523
4026,38.80118179321289
4027,42.89945602416992
4028,47.8307991027832
4029,36.24567413330078
4030,57.00387954711914
4031,29.47618865966797
4032,41.88240051269531
4033,40.71870803833008
4034,31.11256217956543
4035,38.23472213745117
4036,39.300506591796875
4037,34.049007415771484
4038,54.129066467285156
4039,42.155399322509766
4040,47.985931396484375
4041,55.53651428222656
4042,42.048377990722656
4043,64.63044738769531
4044,34.790679931640625
4045,55.14570999145508
4046,32.827362060546875
4047,31.817710876464844
4048,35.313697814941406
4049,41.865020751953125
4050,54.07592010498047
4051,25.733171463012695
4052,41.316776275634766
4053,46.9913215637207
4054,49.90595245361328
4055,31.123302459716797
4056,38.74420928955078
4057,42.865753173828125
4058,47.80711364746094
4059,36.23388671875
4060,56.991722106933594
4061,29.42776870727539
4062,41.86078643798828
4063,40.66757583618164
4064,31.06876564025879
4065,38.17798614501953
4066,39.2556266784668
4067,34.03700256347656
4068,54.08363723754883
4069,42.14411163330078
4070,47.966209411621094
4071,55.5074462890625
4072,42.04462814331055
4073,64.58272552490234
4074,34.74185562133789
4075,55.11393737792969
4076,32.83183670043945
4077,31.78825569152832
4078,35.299983978271484
4079,41.875648498535156
4080,54.08726119995117
4081,25.712493896484375
4082,41.3205451965332
4083,46.98561096191406
4084,49.882694244384766
4085,31.08888816833496
4086,38.68760299682617
4087,42.83259963989258
4088,47.783321380615234
4089,36.221893310546875
4090,56.979522705078125
4091,29.379655838012695
4092,41.83917236328125
4093,40.61697006225586
4094,31.02527618408203
4095,38.121551513671875
4096,39.21073532104492
4097,34.0252685546875
4098,54.0382080078125
4099,42.132991790771484
4100,47.946556091308594
4101,55.47827911376953
4102,42.04103088378906
4103,64.53534698486328
4104,34.69356918334961
4105,55.08228302001953
4106,32.83608627319336
4107,31.758636474609375
4108,35.2861328125
4109,41.885738372802734
4110,54.09870147705078
4111,25.692354202270508
4112,41.324092864990234
4113,46.98005676269531
4114,49.85996627807617
4115,31.054576873779297
4116,38.631385803222656
4117,42.7999382019043
4118,47.75935745239258
4119,36.20960998535156
4120,56.96714401245117
4121,29.331756591796875
4122,41.817543029785156
4123,40.566837310791016
4124,30.98201560974121
4125,38.06539535522461
4126,39.165802001953125
4127,34.01376724243164
4128,53.99275588989258
4129,42.12198257446289
4130,47.92692565917969
4131,55.448974609375
4132,42.03759765625
4133,64.48839569091797
4134,34.645790100097656
4135,55.05070495605469
4136,32.840126037597656
4137,31.728757858276367
4138,35.272071838378906
4139,41.89530563354492
4140,54.11024856567383
4141,25.672698974609375
4142,41.32741928100586
4143,46.97465515136719
4144,49.83776092529297
4145,31.02033042907715
4146,38.57552719116211
4147,42.767879486083984
4148,47.73530578613281
4149,36.19707489013672
4150,56.95461654663086
4151,29.28420639038086
4152,41.795833587646484
4153,40.51719665527344
4154,30.938995361328125
4155,38.009613037109375
4156,39.12079620361328
4157,34.00249099731445
4158,53.947261810302734
4159,42.11104202270508
4160,47.90736770629883
4161,55.419551849365234
4162,42.03425979614258
4163,64.44183349609375
4164,34.59851837158203
4165,55.01923751831055
4166,32.843971252441406
4167,31.698678970336914
4168,35.257835388183594
4169,41.90435791015625
4170,54.121944427490234
4171,25.6535587310791
4172,41.330467224121094
4173,46.9693717956543
4174,49.816078186035156
4175,30.98619270324707
4176,38.52000427246094
4177,42.736351013183594
4178,47.71108627319336
4179,36.184288024902344
4180,56.941978454589844
4181,29.236942291259766
4182,41.77410888671875
4183,40.46805953979492
4184,30.896163940429688
4185,37.954071044921875
4186,39.07575988769531
4187,33.991416931152344
4188,53.90176773071289
4189,42.10016632080078
4190,47.887813568115234
4191,55.390010833740234
4192,42.03102111816406
4193,64.39567565917969
4194,34.5517578125
4195,54.98788833618164
4196,32.847564697265625
4197,31.66835594177246
4198,35.24343490600586
4199,41.912872314453125
4200,54.13369369506836
4201,25.634904861450195
4202,41.333290100097656
4203,46.96424102783203
4204,49.794891357421875
4205,30.952123641967773
4206,38.464881896972656
4207,42.705326080322266
4208,47.68675994873047
4209,36.1712532043457
4210,56.929176330566406
4211,29.189983367919922
4212,41.75236129760742
4213,40.41932678222656
4214,30.85354232788086
4215,37.898868560791016
4216,39.030635833740234
4217,33.98054122924805
4218,53.856327056884766
4219,42.08938980102539
4220,47.86826705932617
4221,55.360389709472656
4222,42.02788162231445
4223,64.34991455078125
4224,34.505496978759766
4225,54.95665740966797
4226,32.85089111328125
4227,31.637821197509766
4228,35.22882843017578
4229,41.92084884643555
4230,54.145572662353516
4231,25.61665916442871
4232,41.335819244384766
4233,46.95924758911133
4234,49.77427291870117
4235,30.918167114257812
4236,38.41021728515625
4237,42.67488098144531
4238,47.66221618652344
4239,36.15791320800781
4240,56.91616439819336
4241,29.143333435058594
4242,41.730567932128906
4243,40.37117385864258
4244,30.811168670654297
4245,37.8440055847168
4246,38.98548126220703
4247,33.969852447509766
4248,53.8109016418457
4249,42.07863235473633
4250,47.84876251220703
4251,55.33063888549805
4252,42.0247917175293
4253,64.3045883178711
4254,34.45978546142578
4255,54.92548751831055
4256,32.85402297973633
4257,31.607065200805664
4258,35.214046478271484
4259,41.92821502685547
4260,54.15745162963867
4261,25.598920822143555
4262,41.33804702758789
4263,46.95439529418945
4264,49.75409698486328
4265,30.884328842163086
4266,38.35588073730469
4267,42.64500045776367
4268,47.637611389160156
4269,36.14431381225586
4270,56.902992248535156
4271,29.096994400024414
4272,41.7087287902832
4273,40.323448181152344
4274,30.769012451171875
4275,37.789459228515625
4276,38.940242767333984
4277,33.9593505859375
4278,53.76546096801758
4279,42.06794357299805
4280,47.829261779785156
4281,55.30071258544922
4282,42.02176284790039
4283,64.2596435546875
4284,34.414581298828125
4285,54.89448547363281
4286,32.85687255859375
4287,31.576011657714844
4288,35.198978424072266
4289,41.93505096435547
4290,54.16939163208008
4291,25.58158302307129
4292,41.3399543762207
4293,46.949588775634766
4294,49.734500885009766
4295,30.850610733032227
4296,38.30200958251953
4297,42.61566162109375
4298,47.612754821777344
4299,36.13034439086914
4300,56.88957977294922
4301,29.050981521606445
4302,41.6868896484375
4303,40.27625274658203
4304,30.727014541625977
4305,37.735260009765625
4306,38.89493179321289
4307,33.948970794677734
4308,53.72004699707031
4309,42.05721664428711
4310,47.80978775024414
4311,55.27066421508789
4312,42.0186882019043
4313,64.21504974365234
4314,34.36994934082031
4315,54.8636474609375
4316,32.8594856262207
4317,31.544734954833984
4318,35.18375015258789
4319,41.94121170043945
4320,54.18129348754883
4321,25.564664840698242
4322,41.34156799316406
4323,46.944923400878906
4324,49.715354919433594
4325,30.816970825195312
4326,38.24848556518555
4327,42.5869026184082
4328,47.5877685546875
4329,36.116111755371094
4330,56.87598419189453
4331,29.00532341003418
4332,41.66502380371094
4333,40.22949981689453
4334,30.685266494750977
4335,37.681373596191406
4336,38.849571228027344
4337,33.938785552978516
4338,53.67466735839844
4339,42.04647445678711
4340,47.79024887084961
4341,55.24052429199219
4342,42.01564407348633
4343,64.17094421386719
4344,34.32586669921875
4345,54.8328857421875
4346,32.861812591552734
4347,31.51311492919922
4348,35.16824722290039
4349,41.946807861328125
4350,54.19328689575195
4351,25.548213958740234
4352,41.34284591674805
4353,46.940372467041016
4354,49.69673538208008
4355,30.783411026000977
4356,38.195465087890625
4357,42.55869674682617
4358,47.56264114379883
4359,36.1015510559082
4360,56.86212158203125
4361,28.959964752197266
4362,41.6430778503418
4363,40.1832275390625
4364,30.64373779296875
4365,37.62777328491211
4366,38.80409622192383
4367,33.9287223815918
4368,53.62931442260742
4369,42.0357551574707
4370,47.77076721191406
4371,55.2101936340332
4372,42.012542724609375
4373,64.12722778320312
4374,34.28229904174805
4375,54.80229568481445
4376,32.863800048828125
4377,31.48123550415039
4378,35.15248107910156
4379,41.95168685913086
4380,54.20520782470703
4381,25.532133102416992
4382,41.34371566772461
4383,46.93584442138672
4384,49.678619384765625
4385,30.749963760375977
4386,38.142791748046875
4387,42.5311164855957
4388,47.53723907470703
4389,36.08660125732422
4390,56.84799575805664
4391,28.9149112701416
4392,41.6210823059082
4393,40.13750457763672
4394,30.602323532104492
4395,37.574527740478516
4396,38.75852584838867
4397,33.91878128051758
4398,53.58401870727539
4399,42.02496337890625
4400,47.751197814941406
4401,55.1796875
4402,42.009342193603516
4403,64.08395385742188
4404,34.239322662353516
4405,54.77183532714844
4406,32.86552810668945
4407,31.44904899597168
4408,35.136444091796875
4409,41.955902099609375
4410,54.21712875366211
4411,25.516448974609375
4412,41.34420394897461
4413,46.93138122558594
4414,49.660987854003906
4415,30.716636657714844
4416,38.09061813354492
4417,42.50413131713867
4418,47.51164627075195
4419,36.071319580078125
4420,56.8336067199707
4421,28.870168685913086
4422,41.59904479980469
4423,40.092201232910156
4424,30.561126708984375
4425,37.52162551879883
4426,38.71283721923828
4427,33.909000396728516
4428,53.53872299194336
4429,42.014102935791016
4430,47.73158645629883
4431,55.148990631103516
4432,42.006103515625
4433,64.04107666015625
4434,34.19695281982422
4435,54.741539001464844
4436,32.866878509521484
4437,31.416492462158203
4438,35.12009811401367
4439,41.95933151245117
4440,54.22901153564453
4441,25.501148223876953
4442,41.34431457519531
4443,46.927005767822266
4444,49.643863677978516
4445,30.683380126953125
4446,38.03885269165039
4447,42.47772216796875
4448,47.48583221435547
4449,36.05556106567383
4450,56.81886291503906
4451,28.825807571411133
4452,41.5768928527832
4453,40.04743957519531
4454,30.52007484436035
4455,37.469017028808594
4456,38.66700744628906
4457,33.8992919921875
4458,53.493492126464844
4459,42.00315475463867
4460,47.71187973022461
4461,55.11811828613281
4462,42.00271224975586
4463,63.99858474731445
4464,34.155094146728516
4465,54.7114372253418
4466,32.86787033081055
4467,31.383581161499023
4468,35.1033935546875
4469,41.962039947509766
4470,54.240867614746094
4471,25.4862117767334
4472,41.343902587890625
4473,46.922706604003906
4474,49.62723922729492
4475,30.650197982788086
4476,37.98756408691406
4477,42.451961517333984
4478,47.459781646728516
4479,36.03938293457031
4480,56.80378341674805
4481,28.781742095947266
4482,41.554725646972656
4483,40.003074645996094
4484,30.47920799255371
4485,37.416748046875
4486,38.621009826660156
4487,33.88966369628906
4488,53.4482307434082
4489,41.99205780029297
4490,47.692100524902344
4491,55.08704376220703
4492,41.99919128417969
4493,63.9565544128418
4494,34.1139030456543
4495,54.68142318725586
4496,32.86849594116211
4497,31.350261688232422
4498,35.08632278442383
4499,41.96390914916992
4500,54.25259017944336
4501,25.471616744995117
4502,41.34303665161133
4503,46.918426513671875
4504,49.611183166503906
4505,30.61709213256836
4506,37.93671417236328
4507,42.42679977416992
4508,47.43347930908203
4509,36.02273941040039
4510,56.788368225097656
4511,28.737943649291992
4512,41.53242111206055
4513,39.959224700927734
4514,30.438411712646484
4515,37.36476135253906
4516,38.574867248535156
4517,33.880096435546875
4518,53.40299606323242
4519,41.98084259033203
4520,47.67222595214844
4521,55.05574035644531
4522,41.99544143676758
4523,63.91493606567383
4524,34.07328414916992
4525,54.651641845703125
4526,32.86870193481445
4527,31.316505432128906
4528,35.06893539428711
4529,41.96498107910156
4530,54.26420211791992
4531,25.457401275634766
4532,41.3416748046875
4533,46.914127349853516
4534,49.5955924987793
4535,30.584043502807617
4536,37.886348724365234
4537,42.40230941772461
4538,47.4068717956543
4539,36.005611419677734
4540,56.77250289916992
4541,28.694549560546875
4542,41.51002502441406
4543,39.91582107543945
4544,30.39777183532715
4545,37.31311798095703
4546,38.52848434448242
4547,33.870609283447266
4548,53.35778045654297
4549,41.969425201416016
4550,47.65222930908203
4551,55.02416229248047
4552,41.99150848388672
4553,63.87370300292969
4554,34.03333282470703
4555,54.62196350097656
4556,32.86851501464844
4557,31.282217025756836
4558,35.05107879638672
4559,41.9650993347168
4560,54.27568054199219
4561,25.44347381591797
4562,41.33979797363281
4563,46.9099006652832
4564,49.580528259277344
4565,30.55107879638672
4566,37.83645248413086
4567,42.37849807739258
4568,47.37992477416992
4569,35.98796463012695
4570,56.756248474121094
4571,28.651460647583008
4572,41.4874267578125
4573,39.87287902832031
4574,30.35723304748535
4575,37.2617073059082
4576,38.4819450378418
4577,33.86116409301758
4578,53.31255340576172
4579,41.95782470703125
4580,47.6320686340332
4581,54.99232864379883
4582,41.9872932434082
4583,63.832923889160156
4584,33.993988037109375
4585,54.592491149902344
4586,32.867794036865234
4587,31.24747657775879
4588,35.03276443481445
4589,41.964290618896484
4590,54.28710174560547
4591,25.429933547973633
4592,41.33727264404297
4593,46.90568161010742
4594,49.56603240966797
4595,30.51811408996582
4596,37.78700637817383
4597,42.35537338256836
4598,47.35264587402344
4599,35.969669342041016
4600,56.73949432373047
4601,28.608644485473633
4602,41.464752197265625
4603,39.830379486083984
4604,30.316770553588867
4605,37.210662841796875
4606,38.4350700378418
4607,33.85175323486328
4608,53.267330169677734
4609,41.94597625732422
4610,47.61174011230469
4611,54.96022033691406
4612,41.982791900634766
4613,63.79255294799805
4614,33.955326080322266
4615,54.56321716308594
4616,32.86659240722656
4617,31.212156295776367
4618,35.01394271850586
4619,41.962425231933594
4620,54.29826354980469
4621,25.416677474975586
4622,41.33417510986328
4623,46.90139389038086
4624,49.55204391479492
4625,30.4852237701416
4626,37.73810577392578
4627,42.33292770385742
4628,47.325008392333984
4629,35.95086669921875
4630,56.72223663330078
4631,28.566162109375
4632,41.44193649291992
4633,39.78834533691406
4634,30.276403427124023
4635,37.159847259521484
4636,38.38795471191406
4637,33.84235382080078
4638,53.22211456298828
4639,41.933860778808594
4640,47.59115982055664
4641,54.92768096923828
4642,41.97798538208008
4643,63.7525749206543
4644,33.91728973388672
4645,54.534080505371094
4646,32.86491775512695
4647,31.176292419433594
4648,34.99464416503906
4649,41.95965576171875
4650,54.3094367980957
4651,25.40355682373047
4652,41.330406188964844
4653,46.89720153808594
4654,49.53860855102539
4655,30.452312469482422
4656,37.68962478637695
4657,42.31122589111328
4658,47.29710388183594
4659,35.931278228759766
4660,56.704551696777344
4661,28.52393913269043
4662,41.418941497802734
4663,39.746673583984375
4664,30.23598861694336
4665,37.10935592651367
4666,38.340633392333984
4667,33.832908630371094
4668,53.176902770996094
4669,41.92143249511719
4670,47.570465087890625
4671,54.895118713378906
4672,41.97278594970703
4673,63.713138580322266
4674,33.8797721862793
4675,54.5052604675293
4676,32.86269760131836
4677,31.139883041381836
4678,34.97481918334961
4679,41.9559326171875
4680,54.32052993774414
4681,25.390687942504883
4682,41.32600784301758
4683,46.89302062988281
4684,49.525726318359375
4685,30.419340133666992
4686,37.64160919189453
4687,42.290191650390625
4688,47.268863677978516
4689,35.91115188598633
4690,56.68642807006836
4691,28.48200225830078
4692,41.39580154418945
4693,39.70524215698242
4694,30.195621490478516
4695,37.059146881103516
4696,38.293060302734375
4697,33.823455810546875
4698,53.131813049316406
4699,41.908714294433594
4700,47.54954528808594
4701,54.862239837646484
4702,41.96726989746094
4703,63.67413330078125
4704,33.84287643432617
4705,54.47670364379883
4706,32.85994338989258
4707,31.10289192199707
4708,34.95448303222656
4709,41.95121765136719
4710,54.33148193359375
4711,25.377933502197266
4712,41.32097625732422
4713,46.88890838623047
4714,49.51331329345703
4715,30.386384963989258
4716,37.594017028808594
4717,42.26982879638672
4718,47.240413665771484
4719,35.8902702331543
4720,56.66789627075195
4721,28.440221786499023
4722,41.3725471496582
4723,39.6640510559082
4724,30.155183792114258
4725,37.00920867919922
4726,38.24534225463867
4727,33.81400680541992
4728,53.086692810058594
4729,41.89562225341797
4730,47.52854537963867
4731,54.829322814941406
4732,41.961448669433594
4733,63.63564682006836
4734,33.80641174316406
4735,54.448402404785156
4736,32.85670471191406
4737,31.06538963317871
4738,34.93360900878906
4739,41.94558334350586
4740,54.342350006103516
4741,25.365341186523438
4742,41.3153076171875
4743,46.8847541809082
4744,49.50141525268555
4745,30.35340690612793
4746,37.54688262939453
4747,42.250186920166016
4748,47.21152114868164
4749,35.8687744140625
4750,56.648807525634766
4751,28.398744583129883
4752,41.34912109375
4753,39.623313903808594
4754,30.11479949951172
4755,36.9594841003418
4756,38.19731903076172
4757,33.804508209228516
4758,53.0416259765625
4759,41.88218688964844
4760,47.50725173950195
4761,54.79604721069336
4762,41.95515060424805
4763,63.597564697265625
4764,33.77062225341797
4765,54.42033386230469
4766,32.85295867919922
4767,31.027257919311523
4768,34.91221618652344
4769,41.938865661621094
4770,54.352943420410156
4771,25.352947235107422
4772,41.30900573730469
4773,46.88062286376953
4774,49.4900016784668
4775,30.320491790771484
4776,37.50027084350586
4777,42.23123550415039
4778,47.18233108520508
4779,35.84663391113281
4780,56.629150390625
4781,28.35755157470703
4782,41.325565338134766
4783,39.582855224609375
4784,30.074419021606445
4785,36.910030364990234
4786,38.14894104003906
4787,33.794918060302734
4788,52.99660873413086
4789,41.868412017822266
4790,47.485748291015625
4791,54.762481689453125
4792,41.94841384887695
4793,63.55983352661133
4794,33.7354736328125
4795,54.39251708984375
4796,32.84869384765625
4797,30.988510131835938
4798,34.8902702331543
4799,41.931095123291016
4800,54.36338806152344
4801,25.34072494506836
4802,41.301998138427734
4803,46.8764533996582
4804,49.47909164428711
4805,30.287487030029297
4806,37.454132080078125
4807,42.21299362182617
4808,47.15272903442383
4809,35.823753356933594
4810,56.60896301269531
4811,28.316635131835938
4812,41.30184555053711
4813,39.542694091796875
4814,30.033985137939453
4815,36.860836029052734
4816,38.10026931762695
4817,33.785301208496094
4818,52.95158386230469
4819,41.85420227050781
4820,47.46396255493164
4821,54.72858810424805
4822,41.941226959228516
4823,63.52252197265625
4824,33.70090866088867
4825,54.36496353149414
4826,32.84382247924805
4827,30.949050903320312
4828,34.86772918701172
4829,41.92224884033203
4830,54.37366485595703
4831,25.3286190032959
4832,41.29426574707031
4833,46.87226867675781
4834,49.46869659423828
4835,30.254501342773438
4836,37.40839767456055
4837,42.19546890258789
4838,47.122703552246094
4839,35.800132751464844
4840,56.58814239501953
4841,28.275949478149414
4842,41.27790069580078
4843,39.50291442871094
4844,29.993471145629883
4845,36.81184387207031
4846,38.051185607910156
4847,33.775611877441406
4848,52.906558990478516
4849,41.839603424072266
4850,47.44186019897461
4851,54.69438934326172
4852,41.933502197265625
4853,63.485679626464844
4854,33.66701126098633
4855,54.337669372558594
4856,32.83839797973633
4857,30.90889549255371
4858,34.84452819824219
4859,41.91227722167969
4860,54.38376998901367
4861,25.316617965698242
4862,41.285823822021484
4863,46.868064880371094
4864,49.458824157714844
4865,30.221416473388672
4866,37.36310958862305
4867,42.17873001098633
4868,47.092323303222656
4869,35.775718688964844
4870,56.56681823730469
4871,28.235456466674805
4872,41.25379180908203
4873,39.463218688964844
4874,29.952835083007812
4875,36.76301574707031
4876,38.00187683105469
4877,33.76582717895508
4878,52.861549377441406
4879,41.824527740478516
4880,47.419490814208984
4881,54.65985870361328
4882,41.92527389526367
4883,63.44919967651367
4884,33.63372039794922
4885,54.31062698364258
4886,32.832359313964844
4887,30.867963790893555
4888,34.82072067260742
4889,41.9011116027832
4890,54.39363098144531
4891,25.304677963256836
4892,41.276588439941406
4893,46.8639030456543
4894,49.44947052001953
4895,30.188262939453125
4896,37.31830978393555
4897,42.16268539428711
4898,47.061519622802734
4899,35.7504768371582
4900,56.54489517211914
4901,28.195104598999023
4902,41.22942352294922
4903,39.423648834228516
4904,29.912015914916992
4905,36.71446228027344
4906,37.95214080810547
4907,33.755924224853516
4908,52.81660842895508
4909,41.80897521972656
4910,47.396888732910156
4911,54.62527847290039
4912,41.91652297973633
4913,63.41322326660156
4914,33.600833892822266
4915,54.284000396728516
4916,32.825721740722656
4917,30.826414108276367
4918,34.79624938964844
4919,41.889068603515625
4920,54.40359878540039
4921,25.292634963989258
4922,41.26662826538086
4923,46.85984420776367
4924,49.440608978271484
4925,30.154956817626953
4926,37.2737922668457
4927,42.147342681884766
4928,47.03048324584961
4929,35.724403381347656
4930,56.52250289916992
4931,28.154905319213867
4932,41.204833984375
4933,39.384124755859375
4934,29.871084213256836
4935,36.6660270690918
4936,37.90219497680664
4937,33.745975494384766
4938,52.77169418334961
4939,41.79289627075195
4940,47.37400817871094
4941,54.590545654296875
4942,41.90731430053711
4943,63.377708435058594
4944,33.568382263183594
4945,54.25775909423828
4946,32.81850051879883
4947,30.784177780151367
4948,34.77113723754883
4949,41.8759651184082
4950,54.41347122192383
4951,25.280555725097656
4952,41.25595474243164
4953,46.855796813964844
4954,49.432228088378906
4955,30.12154197692871
4956,37.22975540161133
4957,42.13272476196289
4958,46.999027252197266
4959,35.69759750366211
4960,56.49952697753906
4961,28.114906311035156
4962,41.18009948730469
4963,39.34480667114258
4964,29.829986572265625
4965,36.61776351928711
4966,37.851837158203125
4967,33.73583221435547
4968,52.726802825927734
4969,41.77634048461914
4970,47.35074234008789
4971,54.5554084777832
4972,41.897464752197266
4973,63.34252166748047
4974,33.536556243896484
4975,54.231788635253906
4976,32.810726165771484
4977,30.741165161132812
4978,34.745418548583984
4979,41.86176300048828
4980,54.42314910888672
4981,25.26847267150879
4982,41.24454116821289
4983,46.85181427001953
4984,49.42434310913086
4985,30.088102340698242
4986,37.18612289428711
4987,42.11883544921875
4988,46.96718215942383
4989,35.669944763183594
4990,56.475921630859375
4991,28.075010299682617
4992,41.155189514160156
4993,39.30550003051758
4994,29.788713455200195
4995,36.56966781616211
4996,37.8011474609375
4997,33.72561264038086
4998,52.681976318359375
4999,41.7592658996582
5000,47.32727813720703
5001,54.520328521728516
5002,41.887142181396484
5003,63.30788803100586
5004,33.504966735839844
5005,54.206398010253906
5006,32.80232238769531
5007,30.6976261138916
5008,34.71902084350586
5009,41.84678649902344
5010,54.43309020996094
5011,25.256093978881836
5012,41.232357025146484
5013,46.84803009033203
5014,49.416927337646484
5015,30.054367065429688
5016,37.14270782470703
5017,42.10550308227539
5018,46.9351806640625
5019,35.641456604003906
5020,56.45207214355469
5021,28.0351619720459
5022,41.130001068115234
5023,39.26606750488281
5024,29.747180938720703
5025,36.52170944213867
5026,37.75029373168945
5027,33.71525955200195
5028,52.637271881103516
5029,41.74166488647461
5030,47.303627014160156
5031,54.485408782958984
5032,41.8763542175293
5033,63.27378463745117
5034,33.47361373901367
5035,54.18141174316406
5036,32.793434143066406
5037,30.65350341796875
5038,34.69211959838867
5039,41.831085205078125
5040,54.443084716796875
5041,25.243505477905273
5042,41.21967697143555
5043,46.84436798095703
5044,49.4099006652832
5045,30.020496368408203
5046,37.09963607788086
5047,42.092857360839844
5048,46.90298843383789
5049,35.61225509643555
5050,56.42781448364258
5051,27.995386123657227
5052,41.1047248840332
5053,39.226478576660156
5054,29.705402374267578
5055,36.473907470703125
5056,37.699283599853516
5057,33.70478057861328
5058,52.592716217041016
5059,41.72358322143555
5060,47.27968215942383
5061,54.450462341308594
5062,41.86506271362305
5063,63.2400016784668
5064,33.44257354736328
5065,54.1569709777832
5066,32.78414535522461
5067,30.608840942382812
5068,34.664676666259766
5069,41.814701080322266
5070,54.453208923339844
5071,25.230655670166016
5072,41.20634460449219
5073,46.84086227416992
5074,49.4031867980957
5075,29.986534118652344
5076,37.05681228637695
5077,42.0806999206543
5078,46.870670318603516
5079,35.58235549926758
5080,56.40325927734375
5081,27.955657958984375
5082,41.07931137084961
5083,39.18682098388672
5084,29.66345977783203
5085,36.42622756958008
5086,37.6480827331543
5087,33.69418716430664
5088,52.54833984375
5089,41.704959869384766
5090,47.25557327270508
5091,54.415489196777344
5092,41.85325622558594
5093,63.206634521484375
5094,33.411842346191406
5095,54.1329231262207
5096,32.77438735961914
5097,30.563697814941406
5098,34.63675308227539
5099,41.79766082763672
5100,54.46335983276367
5101,25.21750259399414
5102,41.192481994628906
5103,46.83756637573242
5104,49.39687728881836
5105,29.952377319335938
5106,37.014217376708984
5107,42.06907653808594
5108,46.838287353515625
5109,35.55180358886719
5110,56.378482818603516
5111,27.91590118408203
5112,41.053836822509766
5113,39.14680099487305
5114,29.621185302734375
5115,36.378753662109375
5116,37.596893310546875
5117,33.683467864990234
5118,52.50421905517578
5119,41.685890197753906
5120,47.231353759765625
5121,54.38092041015625
5122,41.841060638427734
5123,63.173728942871094
5124,33.381107330322266
5125,54.109535217285156
5126,32.76433563232422
5127,30.518245697021484
5128,34.60844039916992
5129,41.78032302856445
5130,54.47381591796875
5131,25.203933715820312
5132,41.178218841552734
5133,46.83449172973633
5134,49.39081573486328
5135,29.918052673339844
5136,36.97178649902344
5137,42.05784606933594
5138,46.80604553222656
5139,35.520694732666016
5140,56.35361099243164
5141,27.876150131225586
5142,41.028282165527344
5143,39.106544494628906
5144,29.578712463378906
5145,36.331356048583984
5146,37.54573440551758
5147,33.67262649536133
5148,52.46039581298828
5149,41.666378021240234
5150,47.20705032348633
5151,54.346595764160156
5152,41.82849884033203
5153,63.141231536865234
5154,33.3504638671875
5155,54.086753845214844
5156,32.75397491455078
5157,30.472623825073242
5158,34.579776763916016
5159,41.762760162353516
5160,54.484622955322266
5161,25.189775466918945
5162,41.16349411010742
5163,46.8317985534668
5164,49.38495635986328
5165,29.883525848388672
5166,36.92953872680664
5167,42.047035217285156
5168,46.77402114868164
5169,35.488983154296875
5170,56.32884979248047
5171,27.836381912231445
5172,41.00275802612305
5173,39.065799713134766
5174,29.536012649536133
5175,36.2841796875
5176,37.49482727050781
5177,33.66167068481445
5178,52.41699981689453
5179,41.64643859863281
5180,47.18273162841797
5181,54.31294631958008
5182,41.815574645996094
5183,63.10923385620117
5184,33.31968688964844
5185,54.0647087097168
5186,32.74336624145508
5187,30.426891326904297
5188,34.550865173339844
5189,41.745121002197266
5190,54.495723724365234
5191,25.175060272216797
5192,41.14848327636719
5193,46.82939529418945
5194,49.37928771972656
5195,29.84891700744629
5196,36.88752365112305
5197,42.036556243896484
5198,46.74222946166992
5199,35.456878662109375
5200,56.30408477783203
5201,27.796648025512695
5202,40.97732925415039
5203,39.024837493896484
5204,29.493154525756836
5205,36.2372932434082
5206,37.44425582885742
5207,33.65057373046875
5208,52.37404251098633
5209,41.62599182128906
5210,47.158416748046875
5211,54.27974319458008
5212,41.80229949951172
5213,63.07770919799805
5214,33.289039611816406
5215,54.0433235168457
5216,32.73261260986328
5217,30.381107330322266
5218,34.52176284790039
5219,41.72744369506836
5220,54.506988525390625
5221,25.159847259521484
5222,41.13321304321289
5223,46.827213287353516
5224,49.37373352050781
5225,29.814311981201172
5226,36.84577178955078
5227,42.026336669921875
5228,46.710777282714844
5229,35.424522399902344
5230,56.27946472167969
5231,27.757038116455078
5232,40.952064514160156
5233,38.983604431152344
5234,29.450237274169922
5235,36.19063186645508
5236,37.39396667480469
5237,33.63930892944336
5238,52.33162307739258
5239,41.60527420043945
5240,47.13412094116211
5241,54.2469367980957
5242,41.78871154785156
5243,63.04646682739258
5244,33.25851058959961
5245,54.02251052856445
5246,32.72187805175781
5247,30.335397720336914
5248,34.492591857910156
5249,41.709774017333984
5250,54.518165588378906
5251,25.144201278686523
5252,41.11781692504883
5253,46.82514953613281
5254,49.368194580078125
5255,29.779781341552734
5256,36.804237365722656
5257,42.01634979248047
5258,46.67955780029297
5259,35.392086029052734
5260,56.25481414794922
5261,27.717580795288086
5262,40.92693328857422
5263,38.942291259765625
5264,29.407323837280273
5265,36.14429473876953
5266,37.3438835144043
5267,33.628021240234375
5268,52.28963851928711
5269,41.58430480957031
5270,47.10979080200195
5271,54.214378356933594
5272,41.774742126464844
5273,63.0155143737793
5274,33.228275299072266
5275,54.002220153808594
5276,32.71118927001953
5277,30.289688110351562
5278,34.463436126708984
5279,41.692020416259766
5280,54.52916717529297
5281,25.128339767456055
5282,41.10235595703125
5283,46.8231315612793
5284,49.362667083740234
5285,29.745502471923828
5286,36.7630615234375
5287,42.006614685058594
5288,46.648475646972656
5289,35.35960388183594
5290,56.23006057739258
5291,27.678449630737305
5292,40.90203857421875
5293,38.901039123535156
5294,29.364503860473633
5295,36.098167419433594
5296,37.29404067993164
5297,33.6165657043457
5298,52.24810028076172
5299,41.563011169433594
5300,47.08544158935547
5301,54.182029724121094
5302,41.76045227050781
5303,62.98481369018555
5304,33.198246002197266
5305,53.98248291015625
5306,32.700477600097656
5307,30.244089126586914
5308,34.43425369262695
5309,41.67429733276367
5310,54.54024124145508
5311,25.112043380737305
5312,41.08674621582031
5313,46.82136154174805
5314,49.35713577270508
5315,29.711273193359375
5316,36.72211837768555
5317,41.99707794189453
5318,46.61771011352539
5319,35.326961517333984
5320,56.20542526245117
5321,27.639400482177734
5322,40.87733459472656
5323,38.85959243774414
5324,29.321697235107422
5325,36.05228042602539
5326,37.24446105957031
5327,33.60508346557617
5328,52.20710372924805
5329,41.54145431518555
5330,47.06116485595703
5331,54.15024948120117
5332,41.745914459228516
5333,62.95448684692383
5334,33.16823959350586
5335,53.96336364746094
5336,32.68976974487305
5337,30.198638916015625
5338,34.40503692626953
5339,41.65675735473633
5340,54.55143737792969
5341,25.095294952392578
5342,41.07106399536133
5343,46.81974792480469
5344,49.351654052734375
5345,29.67713737487793
5346,36.681373596191406
5347,41.98771286010742
5348,46.58726501464844
5349,35.29428482055664
5350,56.18086624145508
5351,27.600576400756836
5352,40.852867126464844
5353,38.81808853149414
5354,29.278913497924805
5355,36.006690979003906
5356,37.1951904296875
5357,33.59349060058594
5358,52.16654968261719
5359,41.51966094970703
5360,47.03687286376953
5361,54.11871337890625
5362,41.73110580444336
5363,62.92430877685547
5364,33.13846206665039
5365,53.94475173950195
5366,32.6791877746582
5367,30.153278350830078
5368,34.375885009765625
5369,41.63932418823242
5370,54.56248092651367
5371,25.078277587890625
5372,41.05535888671875
5373,46.818199157714844
5374,49.34614944458008
5375,29.643178939819336
5376,36.640960693359375
5377,41.9785270690918
5378,46.55702590942383
5379,35.261653900146484
5380,56.156307220458984
5381,27.561969757080078
5382,40.82859420776367
5383,38.77654266357422
5384,29.2362117767334
5385,35.9613037109375
5386,37.146175384521484
5387,33.58186721801758
5388,52.126441955566406
5389,41.497650146484375
5390,47.0125732421875
5391,54.08744812011719
5392,41.71604537963867
5393,62.89437484741211
5394,33.108890533447266
5395,53.92658615112305
5396,32.66864776611328
5397,30.10805320739746
5398,34.34681701660156
5399,41.621864318847656
5400,54.5734977722168
5401,25.060972213745117
5402,41.03961944580078
5403,46.816810607910156
5404,49.340599060058594
5405,29.609384536743164
5406,36.600711822509766
5407,41.96953201293945
5408,46.52705383300781
5409,35.2290153503418
5410,56.131797790527344
5411,27.523569107055664
5412,40.80452346801758
5413,38.734954833984375
5414,29.193571090698242
5415,35.91619110107422
5416,37.09744644165039
5417,33.57011413574219
5418,52.08681106567383
5419,41.47545623779297
5420,46.98834991455078
5421,54.0565071105957
5422,41.70075225830078
5423,62.86465835571289
5424,33.07948684692383
5425,53.90896224975586
5426,32.65815353393555
5427,30.062942504882812
5428,34.31776809692383
5429,41.6046028137207
5430,54.584476470947266
5431,25.04337501525879
5432,41.02383804321289
5433,46.81553649902344
5434,49.335025787353516
5435,29.575727462768555
5436,36.560829162597656
5437,41.9607048034668
5438,46.497314453125
5439,35.1963996887207
5440,56.10732650756836
5441,27.485363006591797
5442,40.78067398071289
5443,38.69330596923828
5444,29.150981903076172
5445,35.87132263183594
5446,37.04897689819336
5447,33.558326721191406
5448,52.047569274902344
5449,41.4529914855957
5450,46.96411895751953
5451,54.02589416503906
5452,41.68523025512695
5453,62.83518981933594
5454,33.05021286010742
5455,53.8918342590332
5456,32.64774703979492
5457,30.017921447753906
5458,34.288780212402344
5459,41.587459564208984
5460,54.59540939331055
5461,25.025476455688477
5462,41.00808334350586
5463,46.8143424987793
5464,49.329444885253906
5465,29.542272567749023
5466,36.52111053466797
5467,41.95199203491211
5468,46.46785354614258
5469,35.163822174072266
5470,56.08281707763672
5471,27.447450637817383
5472,40.75704574584961
5473,38.65174865722656
5474,29.108570098876953
5475,35.826683044433594
5476,37.000675201416016
5477,33.54652786254883
5478,52.008785247802734
5479,41.43044662475586
5480,46.93986511230469
5481,53.995330810546875
5482,41.66943359375
5483,62.805843353271484
5484,33.02133560180664
5485,53.87510299682617
5486,32.63743591308594
5487,29.973060607910156
5488,34.25984573364258
5489,41.57026290893555
5490,54.606163024902344
5491,25.00738525390625
5492,40.99225997924805
5493,46.813255310058594
5494,49.32389450073242
5495,29.508956909179688
5496,36.481693267822266
5497,41.943538665771484
5498,46.43852233886719
5499,35.13120651245117
5500,56.058265686035156
5501,27.409751892089844
5502,40.7336540222168
5503,38.610198974609375
5504,29.066265106201172
5505,35.7823600769043
5506,36.95259475708008
5507,33.534637451171875
5508,51.97035217285156
5509,41.40768051147461
5510,46.91557693481445
5511,53.96490478515625
5512,41.65338134765625
5513,62.776676177978516
5514,32.99283981323242
5515,53.85877990722656
5516,32.627113342285156
5517,29.928159713745117
5518,34.23092269897461
5519,41.55299758911133
5520,54.61679458618164
5521,24.989166259765625
5522,40.97636795043945
5523,46.812252044677734
5524,49.31834030151367
5525,29.47588348388672
5526,36.44257354736328
5527,41.935272216796875
5528,46.40936279296875
5529,35.09859848022461
5530,56.03373718261719
5531,27.372343063354492
5532,40.710357666015625
5533,38.56874084472656
5534,29.02403450012207
5535,35.73824691772461
5536,36.90469741821289
5537,33.52277374267578
5538,51.932273864746094
5539,41.384769439697266
5540,46.89130783081055
5541,53.934654235839844
5542,41.63712692260742
5543,62.74769973754883
5544,32.964599609375
5545,53.84286880493164
5546,32.616817474365234
5547,29.883310317993164
5548,34.20201110839844
5549,41.535709381103516
5550,54.62736511230469
5551,24.970827102661133
5552,40.96037673950195
5553,46.811317443847656
5554,49.312923431396484
5555,29.4429874420166
5556,36.403812408447266
5557,41.927276611328125
5558,46.38041687011719
5559,35.065940856933594
5560,56.00912094116211
5561,27.335126876831055
5562,40.687294006347656
5563,38.52726364135742
5564,28.981935501098633
5565,35.69438171386719
5566,36.85697937011719
5567,33.510860443115234
5568,51.89458465576172
5569,41.36160659790039
5570,46.86699676513672
5571,53.90460968017578
5572,41.62065887451172
5573,62.71900939941406
5574,32.93659973144531
5575,53.82737731933594
5576,32.60651779174805
5577,29.83849334716797
5578,34.17310333251953
5579,41.51837158203125
5580,54.637855529785156
5581,24.952245712280273
5582,40.94430923461914
5583,46.81053161621094
5584,49.30754089355469
5585,29.410232543945312
5586,36.36530685424805
5587,41.91954803466797
5588,46.351619720458984
5589,35.03321838378906
5590,55.984527587890625
5591,27.298158645629883
5592,40.664337158203125
5593,38.48581314086914
5594,28.939882278442383
5595,35.65078353881836
5596,36.809486389160156
5597,33.49889373779297
5598,51.857276916503906
5599,41.33837890625
5600,46.842735290527344
5601,53.87489318847656
5602,41.604007720947266
5603,62.6905403137207
5604,32.90873718261719
5605,53.812435150146484
5606,32.59617233276367
5607,29.79383659362793
5608,34.14422607421875
5609,41.50115203857422
5610,54.648460388183594
5611,24.933420181274414
5612,40.92818832397461
5613,46.809974670410156
5614,49.302242279052734
5615,29.3775577545166
5616,36.32698059082031
5617,41.91196823120117
5618,46.32314682006836
5619,35.000450134277344
5620,55.960044860839844
5621,27.2613468170166
5622,40.64158630371094
5623,38.44430923461914
5624,28.897918701171875
5625,35.607452392578125
5626,36.762359619140625
5627,33.48699188232422
5628,51.82036209106445
5629,41.31491470336914
5630,46.818580627441406
5631,53.845577239990234
5632,41.58723449707031
5633,62.66238021850586
5634,32.88102340698242
5635,53.79804229736328
5636,32.58589172363281
5637,29.74936294555664
5638,34.11540985107422
5639,41.484092712402344
5640,54.65913772583008
5641,24.914323806762695
5642,40.91201400756836
5643,46.809532165527344
5644,49.29689407348633
5645,29.345073699951172
5646,36.28891372680664
5647,41.90453338623047
5648,46.294944763183594
5649,34.96772384643555
5650,55.93568420410156
5651,27.224769592285156
5652,40.6190185546875
5653,38.402809143066406
5654,28.856048583984375
5655,35.56441879272461
5656,36.715576171875
5657,33.47501754760742
5658,51.78387451171875
5659,41.29133224487305
5660,46.79448318481445
5661,53.81660842895508
5662,41.5703239440918
5663,62.6343994140625
5664,32.853389739990234
5665,53.78398513793945
5666,32.575714111328125
5667,29.705034255981445
5668,34.086769104003906
5669,41.467201232910156
5670,54.66979217529297
5671,24.895050048828125
5672,40.895904541015625
5673,46.80921173095703
5674,49.29161071777344
5675,29.312767028808594
5676,36.251136779785156
5677,41.897274017333984
5678,46.267032623291016
5679,34.93510437011719
5680,55.91141128540039
5681,27.18840217590332
5682,40.596683502197266
5683,38.3613166809082
5684,28.81433868408203
5685,35.521636962890625
5686,36.669063568115234
5687,33.46306610107422
5688,51.74777603149414
5689,41.267723083496094
5690,46.77043914794922
5691,53.78788757324219
5692,41.5533447265625
5693,62.60663986206055
5694,32.82600021362305
5695,53.77039337158203
5696,32.5655403137207
5697,29.660951614379883
5698,34.05817413330078
5699,41.45043182373047
5700,54.680362701416016
5701,24.875608444213867
5702,40.879791259765625
5703,46.80902099609375
5704,49.286293029785156
5705,29.280685424804688
5706,36.213584899902344
5707,41.890159606933594
5708,46.239356994628906
5709,34.90254592895508
5710,55.8872184753418
5711,27.152267456054688
5712,40.57453536987305
5713,38.31988525390625
5714,28.772769927978516
5715,35.47914505004883
5716,36.62287139892578
5717,33.451171875
5718,51.712074279785156
5719,41.243961334228516
5720,46.74650573730469
5721,53.75949478149414
5722,41.536258697509766
5723,62.579063415527344
5724,32.79883575439453
5725,53.75722122192383
5726,32.555538177490234
5727,29.616992950439453
5728,34.029754638671875
5729,41.43385314941406
5730,54.69091796875
5731,24.856060028076172
5732,40.86371994018555
5733,46.80894470214844
5734,49.280982971191406
5735,29.248851776123047
5736,36.1762580871582
5737,41.883201599121094
5738,46.21195602416992
5739,34.870094299316406
5740,55.863067626953125
5741,27.116413116455078
5742,40.55262756347656
5743,38.27853012084961
5744,28.731348037719727
5745,35.436859130859375
5746,36.576995849609375
5747,33.43925857543945
5748,51.67679214477539
5749,41.22015380859375
5750,46.72264099121094
5751,53.73139190673828
5752,41.51901626586914
5753,62.551700592041016
5754,32.77186965942383
5755,53.74443054199219
5756,32.54558563232422
5757,29.573270797729492
5758,34.00144958496094
5759,41.4173469543457
5760,54.701412200927734
5761,24.836380004882812
5762,40.847713470458984
5763,46.8089485168457
5764,49.275672912597656
5765,29.21720314025879
5766,36.13930130004883
5767,41.876380920410156
5768,46.1848030090332
5769,34.837764739990234
5770,55.83903503417969
5771,27.0808162689209
5772,40.53091812133789
5773,38.237247467041016
5774,28.69015884399414
5775,35.394935607910156
5776,36.53140640258789
5777,33.427371978759766
5778,51.641876220703125
5779,41.19628143310547
5780,46.698883056640625
5781,53.70347213745117
5782,41.50174331665039
5783,62.52450180053711
5784,32.745121002197266
5785,53.732017517089844
5786,32.53573989868164
5787,29.529766082763672
5788,33.97333526611328
5789,41.40102767944336
5790,54.71184158325195
5791,24.816566467285156
5792,40.83173370361328
5793,46.809085845947266
5794,49.27034378051758
5795,29.185792922973633
5796,36.102535247802734
5797,41.86966323852539
5798,46.15790939331055
5799,34.80555725097656
5800,55.81509780883789
5801,27.045480728149414
5802,40.5094108581543
5803,38.19609069824219
5804,28.64911460876465
5805,35.35324478149414
5806,36.48611068725586
5807,33.415531158447266
5808,51.60734176635742
5809,41.17240905761719
5810,46.6751594543457
5811,53.67588806152344
5812,41.4843864440918
5813,62.497501373291016
5814,32.71858215332031
5815,53.72002029418945
5816,32.5259895324707
5817,29.48647117614746
5818,33.94535446166992
5819,41.38488006591797
5820,54.72228240966797
5821,24.796682357788086
5822,40.8157958984375
5823,46.80930709838867
5824,49.265052795410156
5825,29.154613494873047
5826,36.06607437133789
5827,41.8631477355957
5828,46.1313362121582
5829,34.77349090576172
5830,55.791229248046875
5831,27.010366439819336
5832,40.48811721801758
5833,38.15501403808594
5834,28.608253479003906
5835,35.31187438964844
5836,36.44120407104492
5837,33.40375900268555
5838,51.57313919067383
5839,41.14847183227539
5840,46.65156936645508
5841,53.6484375
5842,41.46700668334961
5843,62.4705810546875
5844,32.69235610961914
5845,53.708251953125
5846,32.516380310058594
5847,29.443342208862305
5848,33.917572021484375
5849,41.368831634521484
5850,54.732505798339844
5851,24.77684211730957
5852,40.80003356933594
5853,46.80958938598633
5854,49.259735107421875
5855,29.123750686645508
5856,36.029869079589844
5857,41.85667037963867
5858,46.10491180419922
5859,34.741641998291016
5860,55.76740264892578
5861,26.975534439086914
5862,40.467079162597656
5863,38.11407470703125
5864,28.5676326751709
5865,35.27077865600586
5866,36.396453857421875
5867,33.3919677734375
5868,51.539283752441406
5869,41.12453079223633
5870,46.62799072265625
5871,53.62118911743164
5872,41.4495964050293
5873,62.44375228881836
5874,32.666385650634766
5875,53.69678497314453
5876,32.506927490234375
5877,29.400426864624023
5878,33.88996505737305
5879,41.35298156738281
5880,54.74265670776367
5881,24.756996154785156
5882,40.7843017578125
5883,46.80996322631836
5884,49.254390716552734
5885,29.09306526184082
5886,35.99388885498047
5887,41.85034942626953
5888,46.07872009277344
5889,34.709957122802734
5890,55.74369812011719
5891,26.940963745117188
5892,40.44624710083008
5893,38.073307037353516
5894,28.52724838256836
5895,35.22985076904297
5896,36.35197448730469
5897,33.380306243896484
5898,51.505706787109375
5899,41.1006965637207
5900,46.604496002197266
5901,53.59405517578125
5902,41.43218231201172
5903,62.417083740234375
5904,32.64063262939453
5905,53.68566131591797
5906,32.49757766723633
5907,29.35772132873535
5908,33.86253356933594
5909,41.33723831176758
5910,54.75283432006836
5911,24.737119674682617
5912,40.768672943115234
5913,46.81049728393555
5914,49.249114990234375
5915,29.06263542175293
5916,35.95811080932617
5917,41.84412384033203
5918,46.05274200439453
5919,34.678401947021484
5920,55.72010040283203
5921,26.906597137451172
5922,40.425567626953125
5923,38.03252410888672
5924,28.48695945739746
5925,35.18917465209961
5926,36.30778121948242
5927,33.36869812011719
5928,51.472412109375
5929,41.076786041259766
5930,46.581138610839844
5931,53.567230224609375
5932,41.41481018066406
5933,62.39059066772461
5934,32.61501693725586
5935,53.67488098144531
5936,32.4882926940918
5937,29.315204620361328
5938,33.83525085449219
5939,41.321739196777344
5940,54.76312255859375
5941,24.717214584350586
5942,40.753135681152344
5943,46.81119918823242
5944,49.24390411376953
5945,29.03234100341797
5946,35.922523498535156
5947,41.83804702758789
5948,46.027095794677734
5949,34.64696502685547
5950,55.6966667175293
5951,26.872480392456055
5952,40.40510177612305
5953,37.991905212402344
5954,28.446910858154297
5955,35.14877700805664
5956,36.26388931274414
5957,33.357181549072266
5958,51.439449310302734
5959,41.052947998046875
5960,46.55789566040039
5961,53.54067611694336
5962,41.3974609375
5963,62.36423110961914
5964,32.589542388916016
5965,53.664405822753906
5966,32.479129791259766
5967,29.272924423217773
5968,33.808197021484375
5969,41.3063850402832
5970,54.77338409423828
5971,24.69727325439453
5972,40.73766326904297
5973,46.811988830566406
5974,49.23866653442383
5975,29.002328872680664
5976,35.88721466064453
5977,41.832069396972656
5978,46.001670837402344
5979,34.61566162109375
5980,55.67332458496094
5981,26.83859634399414
5982,40.384822845458984
5983,37.95140075683594
5984,28.407007217407227
5985,35.1086311340332
5986,36.220252990722656
5987,33.34579849243164
5988,51.40681076049805
5989,41.029136657714844
5990,46.53478240966797
5991,53.51434326171875
5992,41.380126953125
5993,62.33806610107422
5994,32.56431198120117
5995,53.65419387817383
5996,32.470123291015625
5997,29.230873107910156
5998,33.781253814697266
5999,41.29121780395508
6000,54.78361892700195
6001,24.67734718322754
6002,40.722267150878906
6003,46.81291961669922
6004,49.23349380493164
6005,28.97254180908203
6006,35.85211944580078
6007,41.826194763183594
6008,45.97652816772461
6009,34.5845832824707
6010,55.65016555786133
6011,26.80487632751465
6012,40.364749908447266
6013,37.9109992980957
6014,28.36736297607422
6015,35.06880569458008
6016,36.17694854736328
6017,33.33443069458008
6018,51.37445068359375
6019,41.005409240722656
6020,46.51183319091797
6021,53.48819351196289
6022,41.36288833618164
6023,62.31205749511719
6024,32.539302825927734
6025,53.64431381225586
6026,32.46113586425781
6027,29.189044952392578
6028,33.754554748535156
6029,41.27629470825195
6030,54.793922424316406
6031,24.657489776611328
6032,40.70701217651367
6033,46.81398010253906
6034,49.22834014892578
6035,28.94293212890625
6036,35.8172607421875
6037,41.82044219970703
6038,45.951622009277344
6039,34.553680419921875
6040,55.62714767456055
6041,26.771499633789062
6042,40.34486389160156
6043,37.87077331542969
6044,28.327960968017578
6045,35.02921676635742
6046,36.13393783569336
6047,33.323211669921875
6048,51.34237289428711
6049,40.981727600097656
6050,46.48894500732422
6051,53.46232223510742
6052,41.34568405151367
6053,62.28620147705078
6054,32.51448440551758
6055,53.634742736816406
6056,32.452308654785156
6057,29.14749526977539
6058,33.7280387878418
6059,41.26148986816406
6060,54.80419921875
6061,24.63762664794922
6062,40.691837310791016
6063,46.81512451171875
6064,49.22323226928711
6065,28.913616180419922
6066,35.78263473510742
6067,41.814815521240234
6068,45.92696762084961
6069,34.52294158935547
6070,55.604278564453125
6071,26.738313674926758
6072,40.32516860961914
6073,37.83065414428711
6074,28.288742065429688
6075,34.989891052246094
6076,36.091278076171875
6077,33.31208038330078
6078,51.31062316894531
6079,40.958133697509766
6080,46.466217041015625
6081,53.43679428100586
6082,41.32855987548828
6083,62.26053237915039
6084,32.48979187011719
6085,53.625431060791016
6086,32.44352340698242
6087,29.106168746948242
6088,33.70170974731445
6089,41.24693298339844
6090,54.814517974853516
6091,24.617753982543945
6092,40.6767578125
6093,46.816497802734375
6094,49.21815490722656
6095,28.88447380065918
6096,35.74822235107422
6097,41.809303283691406
6098,45.902626037597656
6099,34.49235153198242
6100,55.581573486328125
6101,26.705373764038086
6102,40.3056640625
6103,37.790714263916016
6104,28.249752044677734
6105,34.950862884521484
6106,36.04890823364258
6107,33.30105209350586
6108,51.279178619384766
6109,40.93455123901367
6110,46.443603515625
6111,53.4114990234375
6112,41.311527252197266
6113,62.235076904296875
6114,32.46531295776367
6115,53.616416931152344
6116,32.43479537963867
6117,29.06515121459961
6118,33.67560577392578
6119,41.23256301879883
6120,54.82484436035156
6121,24.597957611083984
6122,40.66171646118164
6123,46.81790542602539
6124,49.2131233215332
6125,28.85558319091797
6126,35.71409606933594
6127,41.8039436340332
6128,45.8785285949707
6129,34.4619026184082
6130,55.559017181396484
6131,26.672739028930664
6132,40.28627395629883
6133,37.750999450683594
6134,28.211034774780273
6135,34.91212844848633
6136,36.00682067871094
6137,33.29014587402344
6138,51.247947692871094
6139,40.91115188598633
6140,46.421119689941406
6141,53.386253356933594
6142,41.294525146484375
6143,62.20974349975586
6144,32.441104888916016
6145,53.607608795166016
6146,32.42622375488281
6147,29.024267196655273
6148,33.649654388427734
6149,41.218204498291016
6150,54.835060119628906
6151,24.578317642211914
6152,40.64678192138672
6153,46.81944274902344
6154,49.208152770996094
6155,28.826955795288086
6156,35.68022155761719
6157,41.79866409301758
6158,45.85459518432617
6159,34.43165969848633
6160,55.53654861450195
6161,26.64037322998047
6162,40.267112731933594
6163,37.71147918701172
6164,28.172563552856445
6165,34.87369155883789
6166,35.96494674682617
6167,33.279354095458984
6168,51.21696853637695
6169,40.887794494628906
6170,46.39871597290039
6171,53.36118698120117
6172,41.27757263183594
6173,62.18456268310547
6174,32.417232513427734
6175,53.59906005859375
6176,32.41762924194336
6177,28.983646392822266
6178,33.62385940551758
6179,41.20393371582031
6180,54.845279693603516
6181,24.55879020690918
6182,40.631893157958984
6183,46.82109832763672
6184,49.203304290771484
6185,28.79855728149414
6186,35.6466064453125
6187,41.79355239868164
6188,45.83087921142578
6189,34.40152359008789
6190,55.514225006103516
6191,26.608287811279297
6192,40.248050689697266
6193,37.67219543457031
6194,28.13437271118164
6195,34.8355598449707
6196,35.92338562011719
6197,33.268714904785156
6198,51.18623733520508
6199,40.864463806152344
6200,46.376441955566406
6201,53.33627700805664
6202,41.260704040527344
6203,62.1595344543457
6204,32.39358139038086
6205,53.59072494506836
6206,32.409095764160156
6207,28.94317054748535
6208,33.59819030761719
6209,41.18976974487305
6210,54.85545349121094
6211,24.539382934570312
6212,40.61703872680664
6213,46.82286071777344
6214,49.198551177978516
6215,28.77041244506836
6216,35.613285064697266
6217,41.78862762451172
6218,45.80739212036133
6219,34.37158966064453
6220,55.49200439453125
6221,26.576452255249023
6222,40.229225158691406
6223,37.63309860229492
6224,28.096399307250977
6225,34.79772186279297
6226,35.88208770751953
6227,33.258209228515625
6228,51.15575408935547
6229,40.84128952026367
6230,46.354312896728516
6231,53.311588287353516
6232,41.243858337402344
6233,62.134727478027344
6234,32.370174407958984
6235,53.582664489746094
6236,32.400604248046875
6237,28.902942657470703
6238,33.57271194458008
6239,41.175716400146484
6240,54.865631103515625
6241,24.52003288269043
6242,40.60224533081055
6243,46.82476043701172
6244,49.193809509277344
6245,28.742475509643555
6246,35.58018493652344
6247,41.783817291259766
6248,45.78414535522461
6249,34.34171676635742
6250,55.46990966796875
6251,26.544902801513672
6252,40.21049118041992
6253,37.59416580200195
6254,28.058670043945312
6255,34.76015853881836
6256,35.84109115600586
6257,33.24775695800781
6258,51.12554168701172
6259,40.818199157714844
6260,46.33224868774414
6261,53.28715133666992
6262,41.22719192504883
6263,62.11014938354492
6264,32.346927642822266
6265,53.57489776611328
6266,32.39210891723633
6267,28.862937927246094
6268,33.547454833984375
6269,41.16179656982422
6270,54.87592697143555
6271,24.500713348388672
6272,40.58748245239258
6273,46.8267936706543
6274,49.189239501953125
6275,28.714717864990234
6276,35.54732894897461
6277,41.7791748046875
6278,45.761173248291016
6279,34.31199645996094
6280,55.4480094909668
6281,26.513566970825195
6282,40.191898345947266
6283,37.55546569824219
6284,28.02113914489746
6285,34.72288513183594
6286,35.800411224365234
6287,33.23746109008789
6288,51.09559631347656
6289,40.795166015625
6290,46.31039810180664
6291,53.262939453125
6292,41.210533142089844
6293,62.08570098876953
6294,32.323917388916016
6295,53.5672607421875
6296,32.3836669921875
6297,28.823162078857422
6298,33.52233123779297
6299,41.14803695678711
6300,54.88610076904297
6301,24.481544494628906
6302,40.57281494140625
6303,46.828941345214844
6304,49.18463897705078
6305,28.687231063842773
6306,35.51471710205078
6307,41.774635314941406
6308,45.73837661743164
6309,34.282432556152344
6310,55.42624282836914
6311,26.48249626159668
6312,40.173484802246094
6313,37.51689910888672
6314,27.983877182006836
6315,34.68594741821289
6316,35.76001739501953
6317,33.22728729248047
6318,51.0659065246582
6319,40.772216796875
6320,46.28866958618164
6321,53.23894119262695
6322,41.193931579589844
6323,62.06145095825195
6324,32.301124572753906
6325,53.55994415283203
6326,32.37530517578125
6327,28.783641815185547
6328,33.49738693237305
6329,41.1343879699707
6330,54.89634704589844
6331,24.4624080657959
6332,40.55819320678711
6333,46.831214904785156
6334,49.180179595947266
6335,28.65998077392578
6336,35.48237228393555
6337,41.77017593383789
6338,45.715877532958984
6339,34.25306701660156
6340,55.40461349487305
6341,26.45172882080078
6342,40.15524673461914
6343,37.478599548339844
6344,27.946849822998047
6345,34.64925003051758
6346,35.71995162963867
6347,33.21718215942383
6348,51.03647994995117
6349,40.749393463134766
6350,46.26704025268555
6351,53.21501541137695
6352,41.17745590209961
6353,62.03733444213867
6354,32.27859115600586
6355,53.552860260009766
6356,32.367042541503906
6357,28.74435806274414
6358,33.472591400146484
6359,41.120845794677734
6360,54.9064826965332
6361,24.44346809387207
6362,40.54364013671875
6363,46.83355712890625
6364,49.175750732421875
6365,28.632993698120117
6366,35.45027160644531
6367,41.76590347290039
6368,45.69354248046875
6369,34.22385025024414
6370,55.38308334350586
6371,26.42119026184082
6372,40.13716125488281
6373,37.440528869628906
6374,27.91014862060547
6375,34.61288070678711
6376,35.680084228515625
6377,33.20729064941406
6378,51.007259368896484
6379,40.72666931152344
6380,46.24549102783203
6381,53.191307067871094
6382,41.161041259765625
6383,62.013389587402344
6384,32.25632858276367
6385,53.54590606689453
6386,32.35877227783203
6387,28.70528793334961
6388,33.4479866027832
6389,41.107357025146484
6390,54.91657638549805
6391,24.42464256286621
6392,40.52914810180664
6393,46.836002349853516
6394,49.17144012451172
6395,28.606225967407227
6396,35.41851043701172
6397,41.761783599853516
6398,45.671417236328125
6399,34.19477844238281
6400,55.36170959472656
6401,26.390989303588867
6402,40.119232177734375
6403,37.4027214050293
6404,27.873687744140625
6405,34.576805114746094
6406,35.640506744384766
6407,33.19749069213867
6408,50.978267669677734
6409,40.70402908325195
6410,46.22409439086914
6411,53.16773223876953
6412,41.14468002319336
6413,61.9896125793457
6414,32.234336853027344
6415,53.53917694091797
6416,32.35051727294922
6417,28.666406631469727
6418,33.423580169677734
6419,41.093902587890625
6420,54.92662811279297
6421,24.40597915649414
6422,40.51465606689453
6423,46.838531494140625
6424,49.16718673706055
6425,28.579715728759766
6426,35.38699722290039
6427,41.7578010559082
6428,45.64946365356445
6429,34.16585922241211
6430,55.34040069580078
6431,26.361072540283203
6432,40.10142135620117
6433,37.36518096923828
6434,27.83748435974121
6435,34.54100799560547
6436,35.6011848449707
6437,33.187801361083984
6438,50.94953536987305
6439,40.6815185546875
6440,46.20280838012695
6441,53.144287109375
6442,41.12842559814453
6443,61.96599578857422
6444,32.212642669677734
6445,53.53266143798828
6446,32.34232711791992
6447,28.62777328491211
6448,33.39931869506836
6449,41.08058166503906
6450,54.93661117553711
6451,24.387479782104492
6452,40.50027084350586
6453,46.84114456176758
6454,49.162986755371094
6455,28.553512573242188
6456,35.35574722290039
6457,41.753929138183594
6458,45.62771224975586
6459,34.13711166381836
6460,55.3192138671875
6461,26.331436157226562
6462,40.08376693725586
6463,37.32786178588867
6464,27.80158042907715
6465,34.50555419921875
6466,35.56217575073242
6467,33.17825698852539
6468,50.92100143432617
6469,40.65910720825195
6470,46.18166732788086
6471,53.121063232421875
6472,41.112220764160156
6473,61.9426155090332
6474,32.19114685058594
6475,53.52632141113281
6476,32.33415222167969
6477,28.58936882019043
6478,33.37522888183594
6479,41.067325592041016
6480,54.94659423828125
6481,24.369110107421875
6482,40.485897064208984
6483,46.843868255615234
6484,49.15890121459961
6485,28.52753257751465
6486,35.3248176574707
6487,41.750244140625
6488,45.60620880126953
6489,34.10851287841797
6490,55.29819869995117
6491,26.302095413208008
6492,40.06631851196289
6493,37.29080581665039
6494,27.765907287597656
6495,34.47038269042969
6496,35.52351379394531
6497,33.16889572143555
6498,50.89276885986328
6499,40.63682556152344
6500,46.16066360473633
6501,53.0980224609375
6502,41.09614944458008
6503,61.9194450378418
6504,32.16991424560547
6505,53.520240783691406
6506,32.325984954833984
6507,28.551198959350586
6508,33.35128402709961
6509,41.054141998291016
6510,54.956504821777344
6511,24.35084342956543
6512,40.47157669067383
6513,46.84669494628906
6514,49.15488815307617
6515,28.5017147064209
6516,35.294124603271484
6517,41.746646881103516
6518,45.58491516113281
6519,34.0800666809082
6520,55.2773323059082
6521,26.27298355102539
6522,40.04889678955078
6523,37.25392150878906
6524,27.730512619018555
6525,34.435543060302734
6526,35.48511505126953
6527,33.15959548950195
6528,50.86471939086914
6529,40.61461639404297
6530,46.13984680175781
6531,53.0752067565918
6532,41.080162048339844
6533,61.896446228027344
6534,32.14884567260742
6535,53.51432800292969
6536,32.31783676147461
6537,28.513303756713867
6538,33.32753372192383
6539,41.04111862182617
6540,54.96639633178711
6541,24.3327579498291
6542,40.45730972290039
6543,46.8495979309082
6544,49.15097427368164
6545,28.4762020111084
6546,35.26368713378906
6547,41.74324035644531
6548,45.56381607055664
6549,34.05175018310547
6550,55.256587982177734
6551,26.24420738220215
6552,40.03173065185547
6553,37.21735382080078
6554,27.69538116455078
6555,34.40101623535156
6556,35.44704055786133
6557,33.15043258666992
6558,50.83696746826172
6559,40.59254455566406
6560,46.11911392211914
6561,53.052589416503906
6562,41.06428527832031
6563,61.87360382080078
6564,32.12807083129883
6565,53.50861358642578
6566,32.30976867675781
6567,28.475614547729492
6568,33.30398178100586
6569,41.02812957763672
6570,54.97624969482422
6571,24.314741134643555
6572,40.44313049316406
6573,46.85258483886719
6574,49.147117614746094
6575,28.4509334564209
6576,35.2335319519043
6577,41.73990249633789
6578,45.54295349121094
6579,34.02368927001953
6580,55.2359733581543
6581,26.2156982421875
6582,40.014671325683594
6583,37.18105697631836
6584,27.660566329956055
6585,34.36675262451172
6586,35.40927505493164
6587,33.14140701293945
6588,50.80939483642578
6589,40.570613861083984
6590,46.09856033325195
6591,53.030113220214844
6592,41.04850769042969
6593,61.85099411010742
6594,32.10748291015625
6595,53.503089904785156
6596,32.30168533325195
6597,28.438209533691406
6598,33.28059387207031
6599,41.01529312133789
6600,54.98611831665039
6601,24.29695701599121
6602,40.42897415161133
6603,46.85569763183594
6604,49.14335250854492
6605,28.425907135009766
6606,35.20366668701172
6607,41.736732482910156
6608,45.5223388671875
6609,33.995731353759766
6610,55.21556854248047
6611,26.187454223632812
6612,39.997745513916016
6613,37.14495849609375
6614,27.625961303710938
6615,34.33284378051758
6616,35.371803283691406
6617,33.132530212402344
6618,50.782073974609375
6619,40.548763275146484
6620,46.078128814697266
6621,53.007911682128906
6622,41.0328369140625
6623,61.82853317260742
6624,32.08708953857422
6625,53.497772216796875
6626,32.293617248535156
6627,28.401050567626953
6628,33.25739669799805
6629,41.00250244140625
6630,54.996002197265625
6631,24.279253005981445
6632,40.41487121582031
6633,46.85892105102539
6634,49.13975524902344
6635,28.401050567626953
6636,35.174072265625
6637,41.733680725097656
6638,45.50189208984375
6639,33.96792984008789
6640,55.195289611816406
6641,26.159442901611328
6642,39.9809455871582
6643,37.10908889770508
6644,27.591638565063477
6645,34.299232482910156
6646,35.33464431762695
6647,33.123809814453125
6648,50.75497055053711
6649,40.5271110534668
6650,46.0578498840332
6651,52.985862731933594
6652,41.01734924316406
6653,61.806270599365234
6654,32.06697082519531
6655,53.492610931396484
6656,32.285614013671875
6657,28.36408233642578
6658,33.23434066772461
6659,40.989845275878906
6660,55.0058479309082
6661,24.261747360229492
6662,40.40089416503906
6663,46.86219787597656
6664,49.13615417480469
6665,28.376489639282227
6666,35.14470291137695
6667,41.73076248168945
6668,45.48169708251953
6669,33.94028091430664
6670,55.17515182495117
6671,26.13172721862793
6672,39.964290618896484
6673,37.073516845703125
6674,27.557573318481445
6675,34.26587677001953
6676,35.29775619506836
6677,33.11522674560547
6678,50.728118896484375
6679,40.50558090209961
6680,46.0377311706543
6681,52.96402359008789
6682,41.00191879272461
6683,61.784244537353516
6684,32.047096252441406
6685,53.487648010253906
6686,32.27760696411133
6687,28.327404022216797
6688,33.211448669433594
6689,40.977291107177734
6690,55.01566696166992
6691,24.244356155395508
6692,40.38695526123047
6693,46.86564636230469
6694,49.132667541503906
6695,28.352163314819336
6696,35.11557388305664
6697,41.727996826171875
6698,45.46166229248047
6699,33.912845611572266
6700,55.155181884765625
6701,26.104286193847656
6702,39.94780349731445
6703,37.03823471069336
6704,27.52377700805664
6705,34.23283767700195
6706,35.26121520996094
6707,33.10674285888672
6708,50.70145797729492
6709,40.48417282104492
6710,46.01777267456055
6711,52.942378997802734
6712,40.986637115478516
6713,61.76233673095703
6714,32.02738952636719
6715,53.482826232910156
6716,32.26968765258789
6717,28.290973663330078
6718,33.18879318237305
6719,40.964839935302734
6720,55.025421142578125
6721,24.2271785736084
6722,40.37306594848633
6723,46.869110107421875
6724,49.12923049926758
6725,28.32810401916504
6726,35.08674240112305
6727,41.725284576416016
6728,45.441871643066406
6729,33.88560104370117
6730,55.135353088378906
6731,26.077136993408203
6732,39.93146514892578
6733,37.003177642822266
6734,27.490304946899414
6735,34.20010757446289
6736,35.224910736083984
6737,33.09846115112305
6738,50.675052642822266
6739,40.462928771972656
6740,45.99798583984375
6741,52.92085647583008
6742,40.971439361572266
6743,61.740596771240234
6744,32.00794982910156
6745,53.47817611694336
6746,32.2618293762207
6747,28.25484848022461
6748,33.16633987426758
6749,40.9525032043457
6750,55.035133361816406
6751,24.210174560546875
6752,40.35929489135742
6753,46.87266159057617
6754,49.12589645385742
6755,28.304244995117188
6756,35.05818176269531
6757,41.72273635864258
6758,45.42230224609375
6759,33.858558654785156
6760,55.115684509277344
6761,26.050212860107422
6762,39.915306091308594
6763,36.96836471557617
6764,27.45707893371582
6765,34.16767120361328
6766,35.18894958496094
6767,33.09022521972656
6768,50.64887237548828
6769,40.44179916381836
6770,45.97831344604492
6771,52.89951705932617
6772,40.9564094543457
6773,61.71908187866211
6774,31.988712310791016
6775,53.47369384765625
6776,32.25399398803711
6777,28.218994140625
6778,33.144081115722656
6779,40.94029998779297
6780,55.044837951660156
6781,24.193281173706055
6782,40.345584869384766
6783,46.876258850097656
6784,49.12257766723633
6785,28.280698776245117
6786,35.02993392944336
6787,41.720237731933594
6788,45.40288162231445
6789,33.83169174194336
6790,55.096153259277344
6791,26.02365493774414
6792,39.89924240112305
6793,36.933876037597656
6794,27.424209594726562
6795,34.1356315612793
6796,35.15336608886719
6797,33.08220672607422
6798,50.622920989990234
6799,40.42086410522461
6800,45.95881271362305
6801,52.878387451171875
6802,40.94154357910156
6803,61.697689056396484
6804,31.96974754333496
6805,53.469329833984375
6806,32.24620056152344
6807,28.183395385742188
6808,33.12202453613281
6809,40.92822265625
6810,55.05443572998047
6811,24.17659568786621
6812,40.331993103027344
6813,46.87996292114258
6814,49.11931610107422
6815,28.257415771484375
6816,35.00184631347656
6817,41.71780776977539
6818,45.3837776184082
6819,33.80513000488281
6820,55.076805114746094
6821,25.997323989868164
6822,39.88339614868164
6823,36.899662017822266
6824,27.39158821105957
6825,34.10375213623047
6826,35.118038177490234
6827,33.07423782348633
6828,50.597171783447266
6829,40.40005111694336
6830,45.93947982788086
6831,52.857421875
6832,40.92673110961914
6833,61.676422119140625
6834,31.950950622558594
6835,53.46510696411133
6836,32.23850631713867
6837,28.14815330505371
6838,33.100181579589844
6839,40.91628646850586
6840,55.0639533996582
6841,24.16002655029297
6842,40.31850814819336
6843,46.883663177490234
6844,49.11612319946289
6845,28.234317779541016
6846,34.97406768798828
6847,41.7154426574707
6848,45.36481857299805
6849,33.778751373291016
6850,55.057621002197266
6851,25.971315383911133
6852,39.86766052246094
6853,36.865779876708984
6854,27.35930633544922
6855,34.072303771972656
6856,35.083099365234375
6857,33.066490173339844
6858,50.571720123291016
6859,40.37947463989258
6860,45.92030715942383
6861,52.83669662475586
6862,40.91208267211914
6863,61.65536880493164
6864,31.93235969543457
6865,53.46100616455078
6866,32.230899810791016
6867,28.113178253173828
6868,33.07857894897461
6869,40.90452194213867
6870,55.07340621948242
6871,24.14365005493164
6872,40.305091857910156
6873,46.887447357177734
6874,49.11294174194336
6875,28.211580276489258
6876,34.94658660888672
6877,41.713172912597656
6878,45.346073150634766
6879,33.752620697021484
6880,55.038612365722656
6881,25.9455623626709
6882,39.85216522216797
6883,36.83209228515625
6884,27.327293395996094
6885,34.04111099243164
6886,35.04844665527344
6887,33.058807373046875
6888,50.54647445678711
6889,40.35900115966797
6890,45.90127182006836
6891,52.81614303588867
6892,40.8975830078125
6893,61.634429931640625
6894,31.914003372192383
6895,53.45706558227539
6896,32.22332000732422
6897,28.078567504882812
6898,33.057212829589844
6899,40.892860412597656
6900,55.08284378051758
6901,24.127426147460938
6902,40.29179382324219
6903,46.891265869140625
6904,49.10976028442383
6905,28.18903923034668
6906,34.9193115234375
6907,41.71098327636719
6908,45.32763671875
6909,33.72674560546875
6910,55.01978302001953
6911,25.920108795166016
6912,39.83674240112305
6913,36.798736572265625
6914,27.295644760131836
6915,34.0102424621582
6916,35.01422119140625
6917,33.05122375488281
6918,50.52145767211914
6919,40.33867645263672
6920,45.88248825073242
6921,52.7957763671875
6922,40.883216857910156
6923,61.613704681396484
6924,31.895824432373047
6925,53.45326232910156
6926,32.21577835083008
6927,28.044218063354492
6928,33.03606033325195
6929,40.88142013549805
6930,55.09209442138672
6931,24.111347198486328
6932,40.278656005859375
6933,46.89516067504883
6934,49.106658935546875
6935,28.166786193847656
6936,34.8923454284668
6937,41.70880126953125
6938,45.30937194824219
6939,33.701087951660156
6940,55.00109100341797
6941,25.894962310791016
6942,39.82154846191406
6943,36.76569747924805
6944,27.26424789428711
6945,33.97968673706055
6946,34.98021697998047
6947,33.04380798339844
6948,50.496681213378906
6949,40.31854248046875
6950,45.8637809753418
6951,52.77559280395508
6952,40.8690185546875
6953,61.593055725097656
6954,31.877857208251953
6955,53.449562072753906
6956,32.2083740234375
6957,28.010231018066406
6958,33.015140533447266
6959,40.8701057434082
6960,55.1013298034668
6961,24.095481872558594
6962,40.26556396484375
6963,46.89902877807617
6964,49.10352325439453
6965,28.14480209350586
6966,34.86558151245117
6967,41.706695556640625
6968,45.291297912597656
6969,33.675724029541016
6970,54.98258590698242
6971,25.87014389038086
6972,39.80647277832031
6973,36.732975006103516
6974,27.233173370361328
6975,33.949405670166016
6976,34.94662857055664
6977,33.036502838134766
6978,50.47214889526367
6979,40.29862594604492
6980,45.84530258178711
6981,52.75558853149414
6982,40.854949951171875
6983,61.57258224487305
6984,31.860092163085938
6985,53.445953369140625
6986,32.20100784301758
6987,27.976524353027344
6988,32.994449615478516
6989,40.858970642089844
6990,55.11042404174805
6991,24.079742431640625
6992,40.252601623535156
6993,46.90296173095703
6994,49.100425720214844
6995,28.123085021972656
6996,34.83914566040039
6997,41.704654693603516
6998,45.273494720458984
6999,33.65058898925781
7000,54.96424865722656
7001,25.845478057861328
7002,39.79164123535156
7003,36.70049285888672
7004,27.202438354492188
7005,33.919464111328125
7006,34.913360595703125
7007,33.02937316894531
7008,50.447853088378906
7009,40.27881622314453
7010,45.82701873779297
7011,52.735801696777344
7012,40.84100341796875
7013,61.55226516723633
7014,31.842514038085938
7015,53.44247817993164
7016,32.1937370300293
7017,27.943199157714844
7018,32.973995208740234
7019,40.84794235229492
7020,55.11949157714844
7021,24.064117431640625
7022,40.239723205566406
7023,46.90692901611328
7024,49.09733963012695
7025,28.101669311523438
7026,34.812896728515625
7027,41.70262145996094
7028,45.25587463378906
7029,33.62571334838867
7030,54.94606399536133
7031,25.82120132446289
7032,39.77684020996094
7033,36.66832733154297
7034,27.171981811523438
7035,33.889835357666016
7036,34.880462646484375
7037,33.022281646728516
7038,50.423805236816406
7039,40.259159088134766
7040,45.808868408203125
7041,52.71624755859375
7042,40.827178955078125
7043,61.5321044921875
7044,31.825103759765625
7045,53.439090728759766
7046,32.18651580810547
7047,27.91016960144043
7048,32.95377731323242
7049,40.83707046508789
7050,55.12842559814453
7051,24.0487117767334
7052,40.2270393371582
7053,46.910884857177734
7054,49.094261169433594
7055,28.0804500579834
7056,34.78692626953125
7057,41.700653076171875
7058,45.238525390625
7059,33.6010856628418
7060,54.928062438964844
7061,25.797176361083984
7062,39.76225280761719
7063,36.63650131225586
7064,27.14181137084961
7065,33.86050796508789
7066,34.84793472290039
7067,33.01535415649414
7068,50.39994430541992
7069,40.23976135253906
7070,45.7908821105957
7071,52.696807861328125
7072,40.81351852416992
7073,61.512054443359375
7074,31.807889938354492
7075,53.435813903808594
7076,32.17936325073242
7077,27.877492904663086
7078,32.93378829956055
7079,40.82643127441406
7080,55.13722610473633
7081,24.033445358276367
7082,40.21438980102539
7083,46.914852142333984
7084,49.09122085571289
7085,28.05957794189453
7086,34.76123809814453
7087,41.69868469238281
7088,45.22132110595703
7089,33.57674026489258
7090,54.91025924682617
7091,25.77349281311035
7092,39.74782180786133
7093,36.60496520996094
7094,27.111984252929688
7095,33.83151626586914
7096,34.815731048583984
7097,33.00852584838867
7098,50.376373291015625
7099,40.22048568725586
7100,45.77309036254883
7101,52.677589416503906
7102,40.80000686645508
7103,61.49216842651367
7104,31.790937423706055
7105,53.43260955810547
7106,32.17227554321289
7107,27.84518814086914
7108,32.91404342651367
7109,40.815879821777344
7110,55.14591598510742
7111,24.01831817626953
7112,40.201839447021484
7113,46.91883087158203
7114,49.0881462097168
7115,28.038898468017578
7116,34.73577880859375
7117,41.69674301147461
7118,45.20437240600586
7119,33.552642822265625
7120,54.892581939697266
7121,25.75001335144043
7122,39.733577728271484
7123,36.57375717163086
7124,27.08249855041504
7125,33.80277633666992
7126,34.78388595581055
7127,33.00178527832031
7128,50.3530158996582
7129,40.20137023925781
7130,45.75550079345703
7131,52.6585693359375
7132,40.78661346435547
7133,61.472408294677734
7134,31.77410125732422
7135,53.42950439453125
7136,32.16533279418945
7137,27.813188552856445
7138,32.89451217651367
7139,40.80552673339844
7140,55.15446090698242
7141,24.003366470336914
7142,40.189449310302734
7143,46.922794342041016
7144,49.08503723144531
7145,28.018537521362305
7146,34.7105827331543
7147,41.69486618041992
7148,45.187644958496094
7149,33.528846740722656
7150,54.87508010864258
7151,25.726932525634766
7152,39.719520568847656
7153,36.54289245605469
7154,27.053319931030273
7155,33.7744026184082
7156,34.75236511230469
7157,32.99517822265625
7158,50.32984161376953
7159,40.18247985839844
7160,45.738040924072266
7161,52.63971710205078
7162,40.773406982421875
7163,61.45275115966797
7164,31.757444381713867
7165,53.42642593383789
7166,32.15839385986328
7167,27.781557083129883
7168,32.875205993652344
7169,40.79529571533203
7170,55.16293716430664
7171,23.988597869873047
7172,40.17720413208008
7173,46.92675018310547
7174,49.081966400146484
7175,27.998414993286133
7176,34.68564224243164
7177,41.6929931640625
7178,45.17109298706055
7179,33.50529861450195
7180,54.857723236083984
7181,25.704042434692383
7182,39.70554733276367
7183,36.512306213378906
7184,27.024429321289062
7185,33.746307373046875
7186,34.721214294433594
7187,32.9886474609375
7188,50.30694580078125
7189,40.163734436035156
7190,45.7208251953125
7191,52.621063232421875
7192,40.760284423828125
7193,61.433292388916016
7194,31.740947723388672
7195,53.42353439331055
7196,32.151527404785156
7197,27.750242233276367
7198,32.85615539550781
7199,40.7852897644043
7200,55.1713752746582
7201,23.97391700744629
7202,40.16500473022461
7203,46.930763244628906
7204,49.078853607177734
7205,27.97855567932129
7206,34.6609001159668
7207,41.69107437133789
7208,45.15481185913086
7209,33.48200607299805
7210,54.84059143066406
7211,25.681459426879883
7212,39.69173812866211
7213,36.48200607299805
7214,26.995811462402344
7215,33.718502044677734
7216,34.690486907958984
7217,32.98224639892578
7218,50.28426742553711
7219,40.14514923095703
7220,45.703758239746094
7221,52.60268783569336
7222,40.74734878540039
7223,61.413970947265625
7224,31.72451400756836
7225,53.42073440551758
7226,32.14472579956055
7227,27.719284057617188
7228,32.83732604980469
7229,40.77545928955078
7230,55.17966842651367
7231,23.959327697753906
7232,40.15294647216797
7233,46.934757232666016
7234,49.07573318481445
7235,27.95892906188965
7236,34.636409759521484
7237,41.68925094604492
7238,45.138771057128906
7239,33.45893096923828
7240,54.82365036010742
7241,25.659059524536133
7242,39.678104400634766
7243,36.451995849609375
7244,26.967514038085938
7245,33.69097137451172
7246,34.66008377075195
7247,32.97593307495117
7248,50.26179885864258
7249,40.126731872558594
7250,45.686885833740234
7251,52.584495544433594
7252,40.73457717895508
7253,61.3947868347168
7254,31.708251953125
7255,53.41794204711914
7256,32.138004302978516
7257,27.688617706298828
7258,32.81870651245117
7259,40.76580047607422
7260,55.18790817260742
7261,23.944849014282227
7262,40.140987396240234
7263,46.938743591308594
7264,49.0726432800293
7265,27.93955421447754
7266,34.61207580566406
7267,41.68732452392578
7268,45.12286376953125
7269,33.43618392944336
7270,54.80685043334961
7271,25.63701057434082
7272,39.66460418701172
7273,36.42225646972656
7274,26.939489364624023
7275,33.66377258300781
7276,34.630008697509766
7277,32.96969223022461
7278,50.239566802978516
7279,40.108497619628906
7280,45.67017364501953
7281,52.566444396972656
7282,40.721920013427734
7283,61.37568664550781
7284,31.692134857177734
7285,53.41522216796875
7286,32.1313591003418
7287,27.658370971679688
7288,32.800376892089844
7289,40.756317138671875
7290,55.19598388671875
7291,23.93060302734375
7292,40.12915802001953
7293,46.94266128540039
7294,49.069454193115234
7295,27.9204158782959
7296,34.58804702758789
7297,41.68545150756836
7298,45.10721969604492
7299,33.41367721557617
7300,54.790184020996094
7301,25.615154266357422
7302,39.65122985839844
7303,36.392818450927734
7304,26.911779403686523
7305,33.63680648803711
7306,34.60028839111328
7307,32.963600158691406
7308,50.217529296875
7309,40.0904426574707
7310,45.65363693237305
7311,52.54862594604492
7312,40.70940399169922
7313,61.356693267822266
7314,31.67623519897461
7315,53.41255569458008
7316,32.12482452392578
7317,27.628400802612305
7318,32.78226852416992
7319,40.74700927734375
7320,55.20393753051758
7321,23.916423797607422
7322,40.11745834350586
7323,46.94660568237305
7324,49.06624221801758
7325,27.90157127380371
7326,34.564212799072266
7327,41.683570861816406
7328,45.09170150756836
7329,33.391441345214844
7330,54.773712158203125
7331,25.593626022338867
7332,39.63802719116211
7333,36.36376953125
7334,26.88439178466797
7335,33.61016082763672
7336,34.570884704589844
7337,32.957542419433594
7338,50.1956787109375
7339,40.07252883911133
7340,45.637290954589844
7341,52.530887603759766
7342,40.697025299072266
7343,61.33781814575195
7344,31.660457611083984
7345,53.40995407104492
7346,32.11835479736328
7347,27.598827362060547
7348,32.764373779296875
7349,40.73784637451172
7350,55.21171188354492
7351,23.902484893798828
7352,40.10588073730469
7353,46.95052719116211
7354,49.063045501708984
7355,27.88295555114746
7356,34.54062271118164
7357,41.68163299560547
7358,45.07643508911133
7359,33.369529724121094
7360,54.75733947753906
7361,25.57233238220215
7362,39.625038146972656
7363,36.33495330810547
7364,26.85730743408203
7365,33.58378219604492
7366,34.54178237915039
7367,32.951602935791016
7368,50.17406463623047
7369,40.054832458496094
7370,45.62107467651367
7371,52.51339340209961
7372,40.68476104736328
7373,61.319034576416016
7374,31.644834518432617
7375,53.40738296508789
7376,32.1119384765625
7377,27.5695743560791
7378,32.746700286865234
7379,40.72883224487305
7380,55.21941375732422
7381,23.88859748840332
7382,40.09443664550781
7383,46.95435333251953
7384,49.05976486206055
7385,27.864612579345703
7386,34.51727294921875
7387,41.67973327636719
7388,45.06134796142578
7389,33.34785079956055
7390,54.74118423461914
7391,25.551332473754883
7392,39.61211013793945
7393,36.306495666503906
7394,26.830495834350586
7395,33.557674407958984
7396,34.51306915283203
7397,32.94575881958008
7398,50.152645111083984
7399,40.037315368652344
7400,45.60505294799805
7401,52.495967864990234
7402,40.672706604003906
7403,61.30037307739258
7404,31.629369735717773
7405,53.40486145019531
7406,32.10566329956055
7407,27.54059600830078
7408,32.72929382324219
7409,40.720008850097656
7410,55.22687530517578
7411,23.87497329711914
7412,40.08310317993164
7413,46.95819091796875
7414,49.05645751953125
7415,27.846538543701172
7416,34.4941291809082
7417,41.67778396606445
7418,45.046356201171875
7419,33.32656478881836
7420,54.72515106201172
7421,25.530630111694336
7422,39.59938049316406
7423,36.27838134765625
7424,26.804046630859375
7425,33.531795501708984
7426,34.484615325927734
7427,32.94005584716797
7428,50.13139724731445
7429,40.0200080871582
7430,45.58915710449219
7431,52.478614807128906
7432,40.66071701049805
7433,61.28169250488281
7434,31.6141357421875
7435,53.40228271484375
7436,32.09947967529297
7437,27.51203155517578
7438,32.712135314941406
7439,40.711307525634766
7440,55.23421096801758
7441,23.86150360107422
7442,40.071903228759766
7443,46.96199035644531
7444,49.053131103515625
7445,27.828699111938477
7446,34.47117233276367
7447,41.67580795288086
7448,45.03166580200195
7449,33.30546188354492
7450,54.70930862426758
7451,25.510086059570312
7452,39.586753845214844
7453,36.25045394897461
7454,26.777856826782227
7455,33.50625228881836
7456,34.45647430419922
7457,32.934356689453125
7458,50.11035919189453
7459,40.002803802490234
7460,45.57341766357422
7461,52.461544036865234
7462,40.64894485473633
7463,61.26317596435547
7464,31.598918914794922
7465,53.39982604980469
7466,32.09333801269531
7467,27.48375129699707
7468,32.6951789855957
7469,40.70283889770508
7470,55.24154281616211
7471,23.848115921020508
7472,40.06089401245117
7473,46.965797424316406
7474,49.04976272583008
7475,27.811073303222656
7476,34.44835662841797
7477,41.673797607421875
7478,45.01716232299805
7479,33.28458023071289
7480,54.69364929199219
7481,25.489734649658203
7482,39.57426452636719
7483,36.222782135009766
7484,26.751800537109375
7485,33.48084259033203
7486,34.428672790527344
7487,32.92879104614258
7488,50.08944320678711
7489,39.985836029052734
7490,45.557899475097656
7491,52.44464111328125
7492,40.6373176574707
7493,61.2447509765625
7494,31.583751678466797
7495,53.39740753173828
7496,32.08731460571289
7497,27.45574951171875
7498,32.67850875854492
7499,40.69462966918945
7500,55.248802185058594
7501,23.834854125976562
7502,40.049949645996094
7503,46.969635009765625
7504,49.04634475708008
7505,27.793563842773438
7506,34.42572784423828
7507,41.671756744384766
7508,45.00281524658203
7509,33.26406478881836
7510,54.678138732910156
7511,25.469606399536133
7512,39.561912536621094
7513,36.195350646972656
7514,26.72614097595215
7515,33.45572280883789
7516,34.40111541748047
7517,32.92331314086914
7518,50.068721771240234
7519,39.969058990478516
7520,45.54249954223633
7521,52.42780685424805
7522,40.62583541870117
7523,61.22632598876953
7524,31.568920135498047
7525,53.39482879638672
7526,32.08136749267578
7527,27.42803192138672
7528,32.66193771362305
7529,40.68637466430664
7530,55.2557373046875
7531,23.821922302246094
7532,40.039180755615234
7533,46.9732780456543
7534,49.04295349121094
7535,27.776445388793945
7536,34.403324127197266
7537,41.669681549072266
7538,44.98854064941406
7539,33.243804931640625
7540,54.66267395019531
7541,25.449806213378906
7542,39.54966354370117
7543,36.16835021972656
7544,26.700803756713867
7545,33.43077850341797
7546,34.37371063232422
7547,32.91795349121094
7548,50.04803466796875
7549,39.952457427978516
7550,45.52711868286133
7551,52.410804748535156
7552,40.61446762084961
7553,61.2078971862793
7554,31.55435562133789
7555,53.39226150512695
7556,32.07548522949219
7557,27.400535583496094
7558,32.64565658569336
7559,40.678104400634766
7560,55.2624397277832
7561,23.809343338012695
7562,40.02847671508789
7563,46.97700119018555
7564,49.039581298828125
7565,27.75956153869629
7566,34.381187438964844
7567,41.66767501831055
7568,44.97428512573242
7569,33.223751068115234
7570,54.64729690551758
7571,25.43030548095703
7572,39.53757858276367
7573,36.14167404174805
7574,26.675762176513672
7575,33.406131744384766
7576,34.34651184082031
7577,32.91269302368164
7578,50.02754211425781
7579,39.93609619140625
7580,45.51190185546875
7581,52.39388656616211
7582,40.60315704345703
7583,61.18960189819336
7584,31.540071487426758
7585,53.38970947265625
7586,32.06967544555664
7587,27.373233795166016
7588,32.629486083984375
7589,40.669921875
7590,55.26906204223633
7591,23.796918869018555
7592,40.01784133911133
7593,46.98066329956055
7594,49.03623580932617
7595,27.742870330810547
7596,34.359275817871094
7597,41.66569900512695
7598,44.960227966308594
7599,33.203887939453125
7600,54.632080078125
7601,25.41096305847168
7602,39.52555847167969
7603,36.11524963378906
7604,26.650911331176758
7605,33.3817138671875
7606,34.319549560546875
7607,32.90754699707031
7608,50.00714111328125
7609,39.91980743408203
7610,45.49678039550781
7611,52.377037048339844
7612,40.59199142456055
7613,61.171485900878906
7614,31.525863647460938
7615,53.38713455200195
7616,32.063819885253906
7617,27.34617805480957
7618,32.613468170166016
7619,40.66180419921875
7620,55.27561950683594
7621,23.78473472595215
7622,40.00728988647461
7623,46.984317779541016
7624,49.03292465209961
7625,27.726333618164062
7626,34.3375358581543
7627,41.6638069152832
7628,44.94627380371094
7629,33.184226989746094
7630,54.61692428588867
7631,25.391931533813477
7632,39.513633728027344
7633,36.089073181152344
7634,26.6263427734375
7635,33.35753631591797
7636,34.29281234741211
7637,32.90253448486328
7638,49.98682403564453
7639,39.90373229980469
7640,45.481781005859375
7641,52.36030960083008
7642,40.58097457885742
7643,61.15340042114258
7644,31.511871337890625
7645,53.38457107543945
7646,32.05805206298828
7647,27.319387435913086
7648,32.59767150878906
7649,40.653724670410156
7650,55.28205871582031
7651,23.77269744873047
7652,39.99680709838867
7653,46.98802185058594
7654,49.02963638305664
7655,27.710044860839844
7656,34.316001892089844
7657,41.66193389892578
7658,44.93242645263672
7659,33.16474914550781
7660,54.601959228515625
7661,25.373008728027344
7662,39.50180435180664
7663,36.063232421875
7664,26.602033615112305
7665,33.33359909057617
7666,34.26634979248047
7667,32.897560119628906
7668,49.96670913696289
7669,39.8878059387207
7670,45.46696472167969
7671,52.343719482421875
7672,40.57004165649414
7673,61.135467529296875
7674,31.497997283935547
7675,53.38209533691406
7676,32.05226516723633
7677,27.292800903320312
7678,32.58198165893555
7679,40.645782470703125
7680,55.28843688964844
7681,23.76079559326172
7682,39.98636245727539
7683,46.991668701171875
7684,49.026405334472656
7685,27.69390106201172
7686,34.29460906982422
7687,41.66006088256836
7688,44.91874694824219
7689,33.14547348022461
7690,54.58710861206055
7691,25.354381561279297
7692,39.49003219604492
7693,36.0376091003418
7694,26.577945709228516
7695,33.309879302978516
7696,34.24009323120117
7697,32.892730712890625
7698,49.946712493896484
7699,39.87200927734375
7700,45.452239990234375
7701,52.32722854614258
7702,40.55926513671875
7703,61.117618560791016
7704,31.4842529296875
7705,53.37955856323242
7706,32.04655075073242
7707,27.266502380371094
7708,32.56645584106445
7709,40.63785171508789
7710,55.294673919677734
7711,23.749120712280273
7712,39.976051330566406
7713,46.99537658691406
7714,49.02317428588867
7715,27.677995681762695
7716,34.27346420288086
7717,41.658199310302734
7718,44.90520095825195
7719,33.126380920410156
7720,54.572349548339844
7721,25.335893630981445
7722,39.47840118408203
7723,36.01222229003906
7724,26.55417823791504
7725,33.286380767822266
7726,34.21410369873047
7727,32.887996673583984
7728,49.92692184448242
7729,39.856441497802734
7730,45.437625885009766
7731,52.310821533203125
7732,40.54859924316406
7733,61.09986877441406
7734,31.470703125
7735,53.377037048339844
7736,32.04085922241211
7737,27.24041748046875
7738,32.55110168457031
7739,40.63002395629883
7740,55.30079650878906
7741,23.737598419189453
7742,39.96583938598633
7743,46.99900817871094
7744,49.01994705200195
7745,27.662267684936523
7746,34.252506256103516
7747,41.65631866455078
7748,44.891761779785156
7749,33.1075553894043
7750,54.5577392578125
7751,25.317705154418945
7752,39.466896057128906
7753,35.98716735839844
7754,26.530603408813477
7755,33.26313018798828
7756,34.188323974609375
7757,32.8833122253418
7758,49.90717315673828
7759,39.840946197509766
7760,45.423187255859375
7761,52.29448699951172
7762,40.53805160522461
7763,61.082210540771484
7764,31.457292556762695
7765,53.37450408935547
7766,32.03522491455078
7767,27.214683532714844
7768,32.535972595214844
7769,40.62233352661133
7770,55.306827545166016
7771,23.726234436035156
7772,39.95572280883789
7773,47.00261306762695
7774,49.01668167114258
7775,27.646764755249023
7776,34.231727600097656
7777,41.65447998046875
7778,44.87844467163086
7779,33.08893585205078
7780,54.54325485229492
7781,25.299720764160156
7782,39.45542907714844
7783,35.962371826171875
7784,26.507274627685547
7785,33.24007797241211
7786,34.162841796875
7787,32.87873077392578
7788,49.88762664794922
7789,39.82566833496094
7790,45.408870697021484
7791,52.27829360961914
7792,40.52764892578125
7793,61.06464385986328
7794,31.443984985351562
7795,53.37198257446289
7796,32.029640197753906
7797,27.189104080200195
7798,32.52103042602539
7799,40.6147575378418
7800,55.31270980834961
7801,23.715045928955078
7802,39.945621490478516
7803,47.006168365478516
7804,49.013423919677734
7805,27.63142967224121
7806,34.21111297607422
7807,41.65262222290039
7808,44.865291595458984
7809,33.07050704956055
7810,54.52889633178711
7811,25.281869888305664
7812,39.444087982177734
7813,35.93783950805664
7814,26.48419952392578
7815,33.217227935791016
7816,34.13764953613281
7817,32.87424087524414
7818,49.868247985839844
7819,39.810550689697266
7820,45.394744873046875
7821,52.262290954589844
7822,40.5173454284668
7823,61.04722213745117
7824,31.43085289001465
7825,53.369503021240234
7826,32.02412796020508
7827,27.1638240814209
7828,32.506202697753906
7829,40.60725021362305
7830,55.318538665771484
7831,23.70395851135254
7832,39.93569564819336
7833,47.009735107421875
7834,49.01020050048828
7835,27.616302490234375
7836,34.19071578979492
7837,41.6507568359375
7838,44.852298736572266
7839,33.052242279052734
7840,54.51469802856445
7841,25.264299392700195
7842,39.43288803100586
7843,35.91354751586914
7844,26.46134376525879
7845,33.194679260253906
7846,34.112640380859375
7847,32.869789123535156
7848,49.84892272949219
7849,39.7955436706543
7850,45.38069152832031
7851,52.246368408203125
7852,40.50714874267578
7853,61.029876708984375
7854,31.41773796081543
7855,53.36703109741211
7856,32.018592834472656
7857,27.138835906982422
7858,32.4915885925293
7859,40.5998420715332
7860,55.32421112060547
7861,23.69300079345703
7862,39.92583084106445
7863,47.01328659057617
7864,49.006893157958984
7865,27.601356506347656
7866,34.17047119140625
7867,41.64888381958008
7868,44.83939743041992
7869,33.03425979614258
7870,54.50059127807617
7871,25.246891021728516
7872,39.42178726196289
7873,35.889522552490234
7874,26.43883514404297
7875,33.172298431396484
7876,34.08794403076172
7877,32.86543273925781
7878,49.82987594604492
7879,39.78068542480469
7880,45.3668098449707
7881,52.230594635009766
7882,40.49711990356445
7883,61.012569427490234
7884,31.404870986938477
7885,53.364463806152344
7886,32.01321029663086
7887,27.114103317260742
7888,32.47724151611328
7889,40.59253692626953
7890,55.32931900024414
7891,23.682676315307617
7892,39.91627883911133
7893,47.016502380371094
7894,49.00337600708008
7895,27.587112426757812
7896,34.15061950683594
7897,41.64665985107422
7898,44.826446533203125
7899,33.01728439331055
7900,54.4864387512207
7901,25.230266571044922
7902,39.4110107421875
7903,35.86647415161133
7904,26.417316436767578
7905,33.15029525756836
7906,34.06296920776367
7907,32.86126708984375
7908,49.810665130615234
7909,39.76673126220703
7910,45.352447509765625
7911,52.21297836303711
7912,40.48712921142578
7913,60.99409103393555
7914,31.39369010925293
7915,53.36094284057617
7916,32.00862503051758
7917,27.089990615844727
7918,32.46391296386719
7919,40.585418701171875
7920,55.33351516723633
7921,23.67315673828125
7922,39.90742874145508
7923,47.01953887939453
7924,48.9996452331543
7925,27.573095321655273
7926,34.13074493408203
7927,41.644161224365234
7928,44.81389617919922
7929,33.000736236572266
7930,54.472957611083984
7931,25.213531494140625
7932,39.400146484375
7933,35.8431510925293
7934,26.395858764648438
7935,33.12856674194336
7936,34.03879928588867
7937,32.85715866088867
7938,49.79183578491211
7939,39.752803802490234
7940,45.3387565612793
7941,52.19708251953125
7942,40.477603912353516
7943,60.97660446166992
7944,31.38123321533203
7945,53.35835266113281
7946,32.00368881225586
7947,27.066171646118164
7948,32.450443267822266
7949,40.57888412475586
7950,55.338905334472656
7951,23.662885665893555
7952,39.898475646972656
7953,47.023094177246094
7954,48.996131896972656
7955,27.558727264404297
7956,34.11082077026367
7957,41.641780853271484
7958,44.80180740356445
7959,32.983924865722656
7960,54.46000289916992
7961,25.196636199951172
7962,39.389198303222656
7963,35.81968688964844
7964,26.374271392822266
7965,33.10707473754883
7966,34.01520538330078
7967,32.85310363769531
7968,49.773193359375
7969,39.7388801574707
7970,45.325313568115234
7971,52.18181610107422
7972,40.46821212768555
7973,60.95944595336914
7974,31.36857795715332
7975,53.355926513671875
7976,31.998682022094727
7977,27.042612075805664
7978,32.43708419799805
7979,40.57257080078125
7980,55.344505310058594
7981,23.65264892578125
7982,39.8895149230957
7983,47.026634216308594
7984,48.992671966552734
7985,27.544553756713867
7986,34.09101104736328
7987,41.63938522338867
7988,44.78985595703125
7989,32.967247009277344
7990,54.44718933105469
7991,25.179931640625
7992,39.37834548950195
7993,35.79645919799805
7994,26.352886199951172
7995,33.0857048034668
7996,33.99187469482422
7997,32.84912872314453
7998,49.75474548339844
7999,39.72513961791992
8000,45.31205749511719
8001,52.16668701171875
8002,40.458988189697266
8003,60.94246292114258
8004,31.3559627532959
8005,53.35349655151367
8006,31.993724822998047
8007,27.0192813873291
8008,32.42390060424805
8009,40.566287994384766
8010,55.349979400634766
8011,23.64251708984375
8012,39.88064193725586
8013,47.03012466430664
8014,48.989234924316406
8015,27.530498504638672
8016,34.07136535644531
8017,41.637046813964844
8018,44.778011322021484
8019,32.950740814208984
8020,54.4344482421875
8021,25.163410186767578
8022,39.367549896240234
8023,35.77352523803711
8024,26.331789016723633
8025,33.06459045410156
8026,33.96876525878906
8027,32.84519958496094
8028,49.736419677734375
8029,39.71151351928711
8030,45.2989387512207
8031,52.151649475097656
8032,40.44982147216797
8033,60.92551803588867
8034,31.343555450439453
8035,53.351051330566406
8036,31.988758087158203
8037,26.996187210083008
8038,32.410858154296875
8039,40.56005859375
8040,55.35523223876953
8041,23.632549285888672
8042,39.871803283691406
8043,47.03355407714844
8044,48.98577117919922
8045,27.51669692993164
8046,34.051944732666016
8047,41.634620666503906
8048,44.7662467956543
8049,32.934513092041016
8050,54.42180633544922
8051,25.14715576171875
8052,39.35688018798828
8053,35.7508659362793
8054,26.310903549194336
8055,33.04372024536133
8056,33.94587326049805
8057,32.84132385253906
8058,49.71823501586914
8059,39.69806671142578
8060,45.28586196899414
8061,52.13658905029297
8062,40.440765380859375
8063,60.90862274169922
8064,31.331308364868164
8065,53.348575592041016
8066,31.98383331298828
8067,26.973325729370117
8068,32.39797592163086
8069,40.55389404296875
8070,55.36035919189453
8071,23.622726440429688
8072,39.86306381225586
8073,47.03695297241211
8074,48.98228073120117
8075,27.503063201904297
8076,34.03270721435547
8077,41.63226318359375
8078,44.75459289550781
8079,32.91846466064453
8080,54.40922927856445
8081,25.131122589111328
8082,39.34633255004883
8083,35.72854232788086
8084,26.290319442749023
8085,33.02305221557617
8086,33.92316436767578
8087,32.83757400512695
8088,49.70013427734375
8089,39.684730529785156
8090,45.27287673950195
8091,52.121551513671875
8092,40.43174362182617
8093,60.891788482666016
8094,31.319318771362305
8095,53.346031188964844
8096,31.97898292541504
8097,26.950706481933594
8098,32.38521194458008
8099,40.547725677490234
8100,55.365234375
8101,23.613191604614258
8102,39.8543586730957
8103,47.04026794433594
8104,48.97882843017578
8105,27.489622116088867
8106,34.01372528076172
8107,41.62992477416992
8108,44.74300003051758
8109,32.902591705322266
8110,54.39669418334961
8111,25.115346908569336
8112,39.33583068847656
8113,35.706546783447266
8114,26.269981384277344
8115,33.002586364746094
8116,33.900630950927734
8117,32.8338508605957
8118,49.68218994140625
8119,39.671531677246094
8120,45.259986877441406
8121,52.106605529785156
8122,40.422821044921875
8123,60.87516403198242
8124,31.307456970214844
8125,53.343505859375
8126,31.974119186401367
8127,26.928247451782227
8128,32.372554779052734
8129,40.54153060913086
8130,55.37003707885742
8131,23.603744506835938
8132,39.84573745727539
8133,47.04355239868164
8134,48.97538757324219
8135,27.47636604309082
8136,33.99489212036133
8137,41.62763977050781
8138,44.73147964477539
8139,32.886878967285156
8140,54.38425827026367
8141,25.099756240844727
8142,39.32545471191406
8143,35.68473434448242
8144,26.24982452392578
8145,32.98232650756836
8146,33.87826919555664
8147,32.83024215698242
8148,49.66432571411133
8149,39.65855407714844
8150,45.24725341796875
8151,52.091697692871094
8152,40.413909912109375
8153,60.85858154296875
8154,31.29578399658203
8155,53.34092330932617
8156,31.9692325592041
8157,26.906003952026367
8158,32.36001205444336
8159,40.53538513183594
8160,55.37474822998047
8161,23.594472885131836
8162,39.837120056152344
8163,47.04682922363281
8164,48.97196578979492
8165,27.46327018737793
8166,33.97626495361328
8167,41.625335693359375
8168,44.72006607055664
8169,32.871280670166016
8170,54.371952056884766
8171,25.08428192138672
8172,39.31513977050781
8173,35.663177490234375
8174,26.229883193969727
8175,32.96229934692383
8176,33.85612487792969
8177,32.82667541503906
8178,49.64659881591797
8179,39.645538330078125
8180,45.23456573486328
8181,52.076866149902344
8182,40.40515899658203
8183,60.8420524597168
8184,31.2841854095459
8185,53.33833312988281
8186,31.9643497467041
8187,26.88396644592285
8188,32.34758758544922
8189,40.5292854309082
8190,55.37934494018555
8191,23.5853328704834
8192,39.82857894897461
8193,47.05005645751953
8194,48.96859359741211
8195,27.450292587280273
8196,33.957828521728516
8197,41.623077392578125
8198,44.7087516784668
8199,32.8558235168457
8200,54.35967254638672
8201,25.06909942626953
8202,39.30487823486328
8203,35.64188766479492
8204,26.21011734008789
8205,32.94247817993164
8206,33.834232330322266
8207,32.82315444946289
8208,49.62901306152344
8209,39.63273239135742
8210,45.22206497192383
8211,52.062225341796875
8212,40.39647674560547
8213,60.82579803466797
8214,31.27274513244629
8215,53.33580017089844
8216,31.9594669342041
8217,26.862173080444336
8218,32.3353157043457
8219,40.52318572998047
8220,55.383827209472656
8221,23.576292037963867
8222,39.82002258300781
8223,47.053306579589844
8224,48.965240478515625
8225,27.437536239624023
8226,33.93953323364258
8227,41.620880126953125
8228,44.697532653808594
8229,32.84055709838867
8230,54.3475227355957
8231,25.05402183532715
8232,39.294700622558594
8233,35.62086486816406
8234,26.190643310546875
8235,32.922821044921875
8236,33.81253433227539
8237,32.819705963134766
8238,49.61151885986328
8239,39.620025634765625
8240,45.209598541259766
8241,52.04756164550781
8242,40.38783645629883
8243,60.809471130371094
8244,31.26144027709961
8245,53.33318328857422
8246,31.954580307006836
8247,26.84052085876465
8248,32.323123931884766
8249,40.517147064208984
8250,55.38819122314453
8251,23.567380905151367
8252,39.81151580810547
8253,47.05644607543945
8254,48.96185302734375
8255,27.424903869628906
8256,33.92144012451172
8257,41.618656158447266
8258,44.686397552490234
8259,32.82545471191406
8260,54.335445404052734
8261,25.039196014404297
8262,39.284576416015625
8263,35.600032806396484
8264,26.171281814575195
8265,32.90336227416992
8266,33.79103469848633
8267,32.81627655029297
8268,49.594139099121094
8269,39.60742950439453
8270,45.197322845458984
8271,52.033023834228516
8272,40.37934112548828
8273,60.793365478515625
8274,31.250211715698242
8275,53.33061981201172
8276,31.949766159057617
8277,26.819101333618164
8278,32.31108093261719
8279,40.511138916015625
8280,55.39244842529297
8281,23.558609008789062
8282,39.803131103515625
8283,47.05952453613281
8284,48.95847702026367
8285,27.412439346313477
8286,33.90351486206055
8287,41.616416931152344
8288,44.67536163330078
8289,32.81045150756836
8290,54.323455810546875
8291,25.02446746826172
8292,39.274566650390625
8293,35.579471588134766
8294,26.152198791503906
8295,32.88410568237305
8296,33.76976776123047
8297,32.81293869018555
8298,49.576927185058594
8299,39.5949821472168
8300,45.18510437011719
8301,52.01860809326172
8302,40.370845794677734
8303,60.77729797363281
8304,31.23910903930664
8305,53.32802963256836
8306,31.944896697998047
8307,26.79792022705078
8308,32.29916763305664
8309,40.50516891479492
8310,55.39656066894531
8311,23.549928665161133
8312,39.79471969604492
8313,47.0626106262207
8314,48.9550895690918
8315,27.40013313293457
8316,33.885711669921875
8317,41.61418533325195
8318,44.6644172668457
8319,32.79563522338867
8320,54.311622619628906
8321,25.00992202758789
8322,39.26457214355469
8323,35.55907440185547
8324,26.133216857910156
8325,32.86503601074219
8326,33.7486686706543
8327,32.80968475341797
8328,49.55979537963867
8329,39.58261489868164
8330,45.173030853271484
8331,52.00430679321289
8332,40.36252975463867
8333,60.76136779785156
8334,31.228044509887695
8335,53.325408935546875
8336,31.940113067626953
8337,26.776920318603516
8338,32.28731155395508
8339,40.49930953979492
8340,55.40062713623047
8341,23.541336059570312
8342,39.7863883972168
8343,47.065650939941406
8344,48.95170974731445
8345,27.387910842895508
8346,33.86814498901367
8347,41.61199188232422
8348,44.653602600097656
8349,32.78095245361328
8350,54.29986572265625
8351,24.99555206298828
8352,39.25471878051758
8353,35.53889465332031
8354,26.114444732666016
8355,32.84611892700195
8356,33.72786331176758
8357,32.80643081665039
8358,49.5428352355957
8359,39.57038116455078
8360,45.16107177734375
8361,51.99020767211914
8362,40.35421371459961
8363,60.74555206298828
8364,31.217050552368164
8365,53.322914123535156
8366,31.935277938842773
8367,26.756120681762695
8368,32.27561569213867
8369,40.49350357055664
8370,55.4046516418457
8371,23.532848358154297
8372,39.77812576293945
8373,47.06869888305664
8374,48.94835662841797
8375,27.37588119506836
8376,33.8505744934082
8377,41.60976791381836
8378,44.64287567138672
8379,32.76639175415039
8380,54.28819274902344
8381,24.9813175201416
8382,39.24484634399414
8383,35.5189323425293
8384,26.095813751220703
8385,32.82740020751953
8386,33.70724868774414
8387,32.803199768066406
8388,49.52598190307617
8389,39.5582160949707
8390,45.14923858642578
8391,51.97611618041992
8392,40.34600067138672
8393,60.72980880737305
8394,31.206209182739258
8395,53.320308685302734
8396,31.930505752563477
8397,26.73557472229004
8398,32.26405715942383
8399,40.48771667480469
8400,55.40849304199219
8401,23.52444076538086
8402,39.76991653442383
8403,47.071632385253906
8404,48.94496154785156
8405,27.36397933959961
8406,33.833251953125
8407,41.60753631591797
8408,44.6322021484375
8409,32.75204849243164
8410,54.276649475097656
8411,24.967275619506836
8412,39.235130310058594
8413,35.499149322509766
8414,26.077423095703125
8415,32.80888366699219
8416,33.686832427978516
8417,32.80005645751953
8418,49.50919723510742
8419,39.54621124267578
8420,45.13746643066406
8421,51.962135314941406
8422,40.337894439697266
8423,60.71414566040039
8424,31.19541358947754
8425,53.317745208740234
8426,31.92578125
8427,26.715206146240234
8428,32.252662658691406
8429,40.48204040527344
8430,55.412269592285156
8431,23.516151428222656
8432,39.761775970458984
8433,47.074527740478516
8434,48.941566467285156
8435,27.352235794067383
8436,33.8160400390625
8437,41.605247497558594
8438,44.6217041015625
8439,32.73783874511719
8440,54.26512145996094
8441,24.953401565551758
8442,39.22544479370117
8443,35.479637145996094
8444,26.059188842773438
8445,32.79049301147461
8446,33.6666374206543
8447,32.796913146972656
8448,49.49253845214844
8449,39.53425598144531
8450,45.12583923339844
8451,51.94826889038086
8452,40.32979202270508
8453,60.6984977722168
8454,31.1846981048584
8455,53.31509780883789
8456,31.921052932739258
8457,26.695035934448242
8458,32.24130630493164
8459,40.47641372680664
8460,55.41592025756836
8461,23.507875442504883
8462,39.75368118286133
8463,47.07738494873047
8464,48.93811798095703
8465,27.340604782104492
8466,33.79899215698242
8467,41.60299301147461
8468,44.611228942871094
8469,32.723785400390625
8470,54.25371170043945
8471,24.939632415771484
8472,39.21583938598633
8473,35.46030807495117
8474,26.041170120239258
8475,32.77230453491211
8476,33.64663314819336
8477,32.793827056884766
8478,49.47606658935547
8479,39.5224494934082
8480,45.114295959472656
8481,51.93449401855469
8482,40.321815490722656
8483,60.68301010131836
8484,31.174060821533203
8485,53.31244659423828
8486,31.91633415222168
8487,26.67508888244629
8488,32.230098724365234
8489,40.47086715698242
8490,55.41948318481445
8491,23.499794006347656
8492,39.74563217163086
8493,47.080196380615234
8494,48.934688568115234
8495,27.32912826538086
8496,33.78211212158203
8497,41.60072708129883
8498,44.600894927978516
8499,32.709922790527344
8500,54.24242401123047
8501,24.92606544494629
8502,39.206356048583984
8503,35.441165924072266
8504,26.023296356201172
8505,32.75423812866211
8506,33.626827239990234
8507,32.79079055786133
8508,49.45968246459961
8509,39.5107536315918
8510,45.102874755859375
8511,51.92078399658203
8512,40.31391525268555
8513,60.667564392089844
8514,31.16351890563965
8515,53.30986022949219
8516,31.911653518676758
8517,26.65535545349121
8518,32.219032287597656
8519,40.465335845947266
8520,55.42289352416992
8521,23.491790771484375
8522,39.737632751464844
8523,47.082950592041016
8524,48.93122863769531
8525,27.317798614501953
8526,33.76533508300781
8527,41.59842300415039
8528,44.59062957763672
8529,32.69615936279297
8530,54.23118209838867
8531,24.912641525268555
8532,39.19689178466797
8533,35.42226791381836
8534,26.005615234375
8535,32.736392974853516
8536,33.607215881347656
8537,32.78777313232422
8538,49.44336700439453
8539,39.49911880493164
8540,45.09153366088867
8541,51.907196044921875
8542,40.30603790283203
8543,60.65221405029297
8544,31.153085708618164
8545,53.30717086791992
8546,31.90702247619629
8547,26.635801315307617
8548,32.20806121826172
8549,40.459903717041016
8550,55.42619323730469
8551,23.483808517456055
8552,39.729698181152344
8553,47.085662841796875
8554,48.927734375
8555,27.306623458862305
8556,33.74870681762695
8557,41.596092224121094
8558,44.58042907714844
8559,32.68254852294922
8560,54.21999740600586
8561,24.89936065673828
8562,39.187461853027344
8563,35.403568267822266
8564,25.988082885742188
8565,32.71869659423828
8566,33.58781433105469
8567,32.7847900390625
8568,49.42719268798828
8569,39.487613677978516
8570,45.080322265625
8571,51.8936882019043
8572,40.29825210571289
8573,60.636940002441406
8574,31.1427059173584
8575,53.30449295043945
8576,31.90237045288086
8577,26.616430282592773
8578,32.19719696044922
8579,40.45447540283203
8580,55.4294319152832
8581,23.47597312927246
8582,39.7218017578125
8583,47.08824157714844
8584,48.92424392700195
8585,27.29555892944336
8586,33.73224639892578
8587,41.593753814697266
8588,44.5703239440918
8589,32.66905975341797
8590,54.208953857421875
8591,24.88625144958496
8592,39.178131103515625
8593,35.38511276245117
8594,25.970748901367188
8595,32.701171875
8596,33.568626403808594
8597,32.781864166259766
8598,49.41114807128906
8599,39.47621536254883
8600,45.069190979003906
8601,51.880245208740234
8602,40.29050827026367
8603,60.621726989746094
8604,31.132469177246094
8605,53.30177307128906
8606,31.897768020629883
8607,26.597265243530273
8608,32.18650436401367
8609,40.44911193847656
8610,55.43244934082031
8611,23.468259811401367
8612,39.71393966674805
8613,47.090797424316406
8614,48.920711517333984
8615,27.28465461730957
8616,33.71592330932617
8617,41.59147644042969
8618,44.56024169921875
8619,32.655845642089844
8620,54.197898864746094
8621,24.873329162597656
8622,39.16892623901367
8623,35.366825103759766
8624,25.95363426208496
8625,32.68380355834961
8626,33.54953384399414
8627,32.77900314331055
8628,49.39512252807617
8629,39.46492385864258
8630,45.05808639526367
8631,51.86668395996094
8632,40.28285598754883
8633,60.606510162353516
8634,31.122493743896484
8635,53.298927307128906
8636,31.893117904663086
8637,26.578182220458984
8638,32.17582321166992
8639,40.4435920715332
8640,55.43525314331055
8641,23.4608154296875
8642,39.70613479614258
8643,47.093345642089844
8644,48.917236328125
8645,27.273921966552734
8646,33.6998176574707
8647,41.58914566040039
8648,44.550201416015625
8649,32.64265060424805
8650,54.186866760253906
8651,24.860593795776367
8652,39.15971374511719
8653,35.34886169433594
8654,25.936717987060547
8655,32.66659927368164
8656,33.530479431152344
8657,32.77620315551758
8658,49.3791389465332
8659,39.45370864868164
8660,45.04701232910156
8661,51.853050231933594
8662,40.27513885498047
8663,60.59138107299805
8664,31.11275863647461
8665,53.29605484008789
8666,31.88846206665039
8667,26.559202194213867
8668,32.16521453857422
8669,40.43798828125
8670,55.43787384033203
8671,23.45355987548828
8672,39.698238372802734
8673,47.0958137512207
8674,48.91382598876953
8675,27.263383865356445
8676,33.68388366699219
8677,41.587005615234375
8678,44.540130615234375
8679,32.62958526611328
8680,54.175872802734375
8681,24.848031997680664
8682,39.15058898925781
8683,35.33110427856445
8684,25.919967651367188
8685,32.64952850341797
8686,33.51151657104492
8687,32.7734489440918
8688,49.36322784423828
8689,39.44261169433594
8690,45.03599548339844
8691,51.83943176269531
8692,40.267478942871094
8693,60.576377868652344
8694,31.10319709777832
8695,53.29315948486328
8696,31.883811950683594
8697,26.54035758972168
8698,32.15465545654297
8699,40.43234634399414
8700,55.4404296875
8701,23.44647216796875
8702,39.69050598144531
8703,47.098304748535156
8704,48.91046142578125
8705,27.252885818481445
8706,33.66805648803711
8707,41.58479690551758
8708,44.53010940551758
8709,32.6165657043457
8710,54.164894104003906
8711,24.83561134338379
8712,39.141448974609375
8713,35.31349563598633
8714,25.90340805053711
8715,32.63261795043945
8716,33.492698669433594
8717,32.7707633972168
8718,49.34744644165039
8719,39.43157196044922
8720,45.02501678466797
8721,51.82585525512695
8722,40.2598762512207
8723,60.56147003173828
8724,31.093730926513672
8725,53.2902717590332
8726,31.879104614257812
8727,26.52161407470703
8728,32.14417266845703
8729,40.42665100097656
8730,55.442928314208984
8731,23.43947410583496
8732,39.6826286315918
8733,47.100765228271484
8734,48.90719223022461
8735,27.24247932434082
8736,33.65245819091797
8737,41.582706451416016
8738,44.520137786865234
8739,32.60363006591797
8740,54.15401840209961
8741,24.823318481445312
8742,39.132362365722656
8743,35.29610824584961
8744,25.886932373046875
8745,32.615882873535156
8746,33.473968505859375
8747,32.76813507080078
8748,49.3316535949707
8749,39.42061996459961
8750,45.01408004760742
8751,51.81235885620117
8752,40.252296447753906
8753,60.546669006347656
8754,31.084402084350586
8755,53.287315368652344
8756,31.874300003051758
8757,26.502979278564453
8758,32.13369369506836
8759,40.42091751098633
8760,55.44539260864258
8761,23.432607650756836
8762,39.67479705810547
8763,47.103275299072266
8764,48.9039306640625
8765,27.23219108581543
8766,33.63699722290039
8767,41.58070755004883
8768,44.51020812988281
8769,32.59073257446289
8770,54.143192291259766
8771,24.81114387512207
8772,39.12334060668945
8773,35.278873443603516
8774,25.87059783935547
8775,32.5992546081543
8776,33.455379486083984
8777,32.76558303833008
8778,49.31596755981445
8779,39.4097900390625
8780,45.00325012207031
8781,51.798828125
8782,40.244815826416016
8783,60.53193664550781
8784,31.075170516967773
8785,53.28446960449219
8786,31.86955451965332
8787,26.484447479248047
8788,32.12327575683594
8789,40.415191650390625
8790,55.447750091552734
8791,23.42582130432129
8792,39.66697692871094
8793,47.10577392578125
8794,48.90077590942383
8795,27.222013473510742
8796,33.62162399291992
8797,41.57870864868164
8798,44.50033950805664
8799,32.577877044677734
8800,54.132389068603516
8801,24.799148559570312
8802,39.11428451538086
8803,35.26176071166992
8804,25.854400634765625
8805,32.582820892333984
8806,33.43695068359375
8807,32.76304626464844
8808,49.300418853759766
8809,39.398983001708984
8810,44.992488861083984
8811,51.78545379638672
8812,40.237308502197266
8813,60.51736831665039
8814,31.066041946411133
8815,53.28155517578125
8816,31.86475372314453
8817,26.466018676757812
8818,32.11293029785156
8819,40.4094123840332
8820,55.450077056884766
8821,23.419113159179688
8822,39.659141540527344
8823,47.10822677612305
8824,48.89763641357422
8825,27.211896896362305
8826,33.60639953613281
8827,41.576847076416016
8828,44.490509033203125
8829,32.56514358520508
8830,54.12162780761719
8831,24.78722381591797
8832,39.10528564453125
8833,35.244850158691406
8834,25.838340759277344
8835,32.566463470458984
8836,33.418617248535156
8837,32.76056671142578
8838,49.28485870361328
8839,39.388240814208984
8840,44.981807708740234
8841,51.772125244140625
8842,40.22985076904297
8843,60.50288391113281
8844,31.056962966918945
8845,53.2786979675293
8846,31.859901428222656
8847,26.44770622253418
8848,32.10260009765625
8849,40.40361022949219
8850,55.45237350463867
8851,23.412532806396484
8852,39.651302337646484
8853,47.110694885253906
8854,48.89457702636719
8855,27.201900482177734
8856,33.59134292602539
8857,41.574951171875
8858,44.48077392578125
8859,32.55245590209961
8860,54.110965728759766
8861,24.775466918945312
8862,39.09638214111328
8863,35.22809982299805
8864,25.822425842285156
8865,32.55024337768555
8866,33.400421142578125
8867,32.75812911987305
8868,49.2693977355957
8869,39.37759017944336
8870,44.971195220947266
8871,51.75882339477539
8872,40.22249221801758
8873,60.48849868774414
8874,31.048053741455078
8875,53.27577209472656
8876,31.8550968170166
8877,26.429536819458008
8878,32.09239196777344
8879,40.397823333740234
8880,55.45453643798828
8881,23.40604019165039
8882,39.64349365234375
8883,47.113155364990234
8884,48.8914680480957
8885,27.192012786865234
8886,33.57635498046875
8887,41.573097229003906
8888,44.47101593017578
8889,32.539794921875
8890,54.100303649902344
8891,24.763845443725586
8892,39.087467193603516
8893,35.21152877807617
8894,25.806617736816406
8895,32.53423309326172
8896,33.382389068603516
8897,32.75575637817383
8898,49.25407791137695
8899,39.36702346801758
8900,44.960636138916016
8901,51.74557113647461
8902,40.215110778808594
8903,60.47414779663086
8904,31.039188385009766
8905,53.27293395996094
8906,31.85025405883789
8907,26.411481857299805
8908,32.082149505615234
8909,40.39202880859375
8910,55.4566650390625
8911,23.399581909179688
8912,39.635677337646484
8913,47.11563491821289
8914,48.88846206665039
8915,27.182226181030273
8916,33.56155776977539
8917,41.57126998901367
8918,44.461360931396484
8919,32.52727508544922
8920,54.0897331237793
8921,24.752302169799805
8922,39.07866668701172
8923,35.19508743286133
8924,25.790922164916992
8925,32.5182991027832
8926,33.364437103271484
8927,32.753456115722656
8928,49.23878479003906
8929,39.35647964477539
8930,44.950191497802734
8931,51.732418060302734
8932,40.20782470703125
8933,60.45989990234375
8934,31.03044319152832
8935,53.270042419433594
8936,31.845380783081055
8937,26.39354705810547
8938,32.07207107543945
8939,40.386226654052734
8940,55.458702087402344
8941,23.393272399902344
8942,39.62794494628906
8943,47.11800765991211
8944,48.88542175292969
8945,27.17255210876465
8946,33.54686737060547
8947,41.569522857666016
8948,44.45174026489258
8949,32.51487350463867
8950,54.0792236328125
8951,24.74088478088379
8952,39.0698356628418
8953,35.17884063720703
8954,25.775379180908203
8955,32.502471923828125
8956,33.34663391113281
8957,32.75107955932617
8958,49.223594665527344
8959,39.34605026245117
8960,44.939735412597656
8961,51.71929931640625
8962,40.200592041015625
8963,60.44580078125
8964,31.02176284790039
8965,53.26715850830078
8966,31.84054946899414
8967,26.37574577331543
8968,32.062015533447266
8969,40.3804817199707
8970,55.46076965332031
8971,23.38702392578125
8972,39.6201286315918
8973,47.12041091918945
8974,48.88248825073242
8975,27.16291618347168
8976,33.53227996826172
8977,41.5677490234375
8978,44.44213104248047
8979,32.502479553222656
8980,54.0687141418457
8981,24.729604721069336
8982,39.06113815307617
8983,35.162723541259766
8984,25.759979248046875
8985,32.48681640625
8986,33.32900619506836
8987,32.74884033203125
8988,49.208457946777344
8989,39.33566665649414
8990,44.92939376831055
8991,51.706295013427734
8992,40.193336486816406
8993,60.43174362182617
8994,31.013195037841797
8995,53.264278411865234
8996,31.835634231567383
8997,26.35806655883789
8998,32.052001953125
8999,40.374691009521484
9000,55.462646484375
9001,23.380813598632812
9002,39.61238479614258
9003,47.122764587402344
9004,48.879451751708984
9005,27.153406143188477
9006,33.51779556274414
9007,41.56599044799805
9008,44.43264389038086
9009,32.490234375
9010,54.05831527709961
9011,24.71845054626465
9012,39.05238723754883
9013,35.146724700927734
9014,25.744653701782227
9015,32.471248626708984
9016,33.311500549316406
9017,32.746604919433594
9018,49.19342041015625
9019,39.325355529785156
9020,44.919151306152344
9021,51.69329071044922
9022,40.186134338378906
9023,60.41773223876953
9024,31.00469970703125
9025,53.261356353759766
9026,31.830821990966797
9027,26.34052276611328
9028,32.04205322265625
9029,40.3688850402832
9030,55.464481353759766
9031,23.374746322631836
9032,39.60471725463867
9033,47.12508010864258
9034,48.8764533996582
9035,27.14400863647461
9036,33.503482818603516
9037,41.56428146362305
9038,44.42318344116211
9039,32.47808074951172
9040,54.04794692993164
9041,24.70743179321289
9042,39.04375076293945
9043,35.13100814819336
9044,25.729557037353516
9045,32.45582580566406
9046,33.294158935546875
9047,32.74440002441406
9048,49.1784553527832
9049,39.31514358520508
9050,44.908939361572266
9051,51.68034362792969
9052,40.17901611328125
9053,60.40383529663086
9054,30.99625015258789
9055,53.25846862792969
9056,31.825899124145508
9057,26.32312774658203
9058,32.03219223022461
9059,40.36317443847656
9060,55.46623229980469
9061,23.36872100830078
9062,39.596946716308594
9063,47.127445220947266
9064,48.87348937988281
9065,27.13467788696289
9066,33.4892578125
9067,41.56253433227539
9068,44.41379928588867
9069,32.46596145629883
9070,54.03764724731445
9071,24.696460723876953
9072,39.035133361816406
9073,35.115264892578125
9074,25.714454650878906
9075,32.4405632019043
9076,33.27690505981445
9077,32.742252349853516
9078,49.16359329223633
9079,39.304962158203125
9080,44.89877700805664
9081,51.667476654052734
9082,40.1718864440918
9083,60.389976501464844
9084,30.98792266845703
9085,53.25554275512695
9086,31.821029663085938
9087,26.305831909179688
9088,32.022430419921875
9089,40.35742950439453
9090,55.46788024902344
9091,23.362709045410156
9092,39.58935546875
9093,47.12971878051758
9094,48.870601654052734
9095,27.125511169433594
9096,33.475162506103516
9097,41.560890197753906
9098,44.4044303894043
9099,32.45395278930664
9100,54.0273551940918
9101,24.68565559387207
9102,39.02656173706055
9103,35.09975814819336
9104,25.699562072753906
9105,32.42534255981445
9106,33.25978469848633
9107,32.74009704589844
9108,49.14883804321289
9109,39.294822692871094
9110,44.888790130615234
9111,51.654666900634766
9112,40.16489028930664
9113,60.376258850097656
9114,30.979616165161133
9115,53.25265121459961
9116,31.816186904907227
9117,26.288663864135742
9118,32.01268005371094
9119,40.351707458496094
9120,55.46953201293945
9121,23.356830596923828
9122,39.58168411254883
9123,47.1319580078125
9124,48.86761474609375
9125,27.11637306213379
9126,33.46112823486328
9127,41.559173583984375
9128,44.3951301574707
9129,32.44208526611328
9130,54.01715087890625
9131,24.674976348876953
9132,39.01802444458008
9133,35.084415435791016
9134,25.68480110168457
9135,32.41032028198242
9136,33.242794036865234
9137,32.738014221191406
9138,49.13413619995117
9139,39.28481674194336
9140,44.878787994384766
9141,51.6419677734375
9142,40.15785217285156
9143,60.362552642822266
9144,30.97138214111328
9145,53.249717712402344
9146,31.811317443847656
9147,26.27165412902832
9148,32.00302505493164
9149,40.34605407714844
9150,55.471099853515625
9151,23.351003646850586
9152,39.57402801513672
9153,47.13420104980469
9154,48.86465835571289
9155,27.107364654541016
9156,33.447261810302734
9157,41.557498931884766
9158,44.385860443115234
9159,32.430259704589844
9160,54.0069580078125
9161,24.66439437866211
9162,39.009544372558594
9163,35.0692024230957
9164,25.670093536376953
9165,32.39535903930664
9166,33.225990295410156
9167,32.735904693603516
9168,49.11949920654297
9169,39.27482986450195
9170,44.86884689331055
9171,51.62929153442383
9172,40.15083694458008
9173,60.34893035888672
9174,30.96321678161621
9175,53.24680709838867
9176,31.806442260742188
9177,26.25475311279297
9178,31.993432998657227
9179,40.34032440185547
9180,55.472530364990234
9181,23.3452205657959
9182,39.56645202636719
9183,47.136356353759766
9184,48.861724853515625
9185,27.09845733642578
9186,33.433467864990234
9187,41.55579376220703
9188,44.37667465209961
9189,32.41850280761719
9190,53.99681091308594
9191,24.653915405273438
9192,39.00116729736328
9193,35.05416488647461
9194,25.655542373657227
9195,32.380531311035156
9196,33.20927429199219
9197,32.733863830566406
9198,49.104976654052734
9199,39.264930725097656
9200,44.85898971557617
9201,51.61665725708008
9202,40.1439094543457
9203,60.33540725708008
9204,30.955123901367188
9205,53.24388885498047
9206,31.801565170288086
9207,26.237998962402344
9208,31.98387336730957
9209,40.334693908691406
9210,55.473968505859375
9211,23.339448928833008
9212,39.55885314941406
9213,47.1385383605957
9214,48.85879135131836
9215,27.089590072631836
9216,33.41977310180664
9217,41.554161071777344
9218,44.36756896972656
9219,32.406864166259766
9220,53.98671340942383
9221,24.64350700378418
9222,38.99277877807617
9223,35.03921890258789
9224,25.641098022460938
9225,32.365840911865234
9226,33.19270706176758
9227,32.731788635253906
9228,49.09046936035156
9229,39.25508499145508
9230,44.849220275878906
9231,51.604164123535156
9232,40.13701248168945
9233,60.321937561035156
9234,30.947092056274414
9235,53.240936279296875
9236,31.796720504760742
9237,26.221355438232422
9238,31.97444725036621
9239,40.32904815673828
9240,55.47532653808594
9241,23.33384132385254
9242,39.55128860473633
9243,47.14065933227539
9244,48.85581588745117
9245,27.080852508544922
9246,33.4062385559082
9247,41.55247116088867
9248,44.35844039916992
9249,32.39530563354492
9250,53.97677230834961
9251,24.633235931396484
9252,38.98448181152344
9253,35.02444839477539
9254,25.626766204833984
9255,32.35125732421875
9256,33.176273345947266
9257,32.72980499267578
9258,49.07608413696289
9259,39.245277404785156
9260,44.83952331542969
9261,51.59164810180664
9262,40.130165100097656
9263,60.308502197265625
9264,30.939167022705078
9265,53.23795700073242
9266,31.791858673095703
9267,26.204849243164062
9268,31.965068817138672
9269,40.323463439941406
9270,55.47654342651367
9271,23.32822036743164
9272,39.54376983642578
9273,47.142730712890625
9274,48.85288619995117
9275,27.07221794128418
9276,33.39277267456055
9277,41.55081558227539
9278,44.34943771362305
9279,32.383880615234375
9280,53.96674728393555
9281,24.623085021972656
9282,38.97615432739258
9283,35.00983428955078
9284,25.6125431060791
9285,32.336788177490234
9286,33.15998458862305
9287,32.72782897949219
9288,49.06175994873047
9289,39.23552703857422
9290,44.82991409301758
9291,51.57929229736328
9292,40.123321533203125
9293,60.2951545715332
9294,30.93121910095215
9295,53.23503494262695
9296,31.78703498840332
9297,26.188486099243164
9298,31.955732345581055
9299,40.317832946777344
9300,55.47776794433594
9301,23.32265281677246
9302,39.536312103271484
9303,47.14479446411133
9304,48.849910736083984
9305,27.063631057739258
9306,33.3793830871582
9307,41.54915237426758
9308,44.34043502807617
9309,32.37248229980469
9310,53.956844329833984
9311,24.613027572631836
9312,38.96790313720703
9313,34.99531173706055
9314,25.598411560058594
9315,32.322418212890625
9316,33.14384841918945
9317,32.725887298583984
9318,49.04752731323242
9319,39.225894927978516
9320,44.82032775878906
9321,51.56691360473633
9322,40.11656951904297
9323,60.28193283081055
9324,30.92332649230957
9325,53.23209762573242
9326,31.782217025756836
9327,26.172191619873047
9328,31.946447372436523
9329,40.312278747558594
9330,55.478912353515625
9331,23.31715202331543
9332,39.52880096435547
9333,47.14685821533203
9334,48.84698486328125
9335,27.055130004882812
9336,33.36614990234375
9337,41.547523498535156
9338,44.33155059814453
9339,32.36118698120117
9340,53.94692611694336
9341,24.603073120117188
9342,38.9597282409668
9343,34.98093032836914
9344,25.584413528442383
9345,32.30813217163086
9346,33.12785339355469
9347,32.723960876464844
9348,49.03339385986328
9349,39.21630096435547
9350,44.81084442138672
9351,51.5546875
9352,40.10978698730469
9353,60.26871109008789
9354,30.915515899658203
9355,53.229129791259766
9356,31.777318954467773
9357,26.156078338623047
9358,31.937267303466797
9359,40.306732177734375
9360,55.47998809814453
9361,23.311683654785156
9362,39.52132034301758
9363,47.14886474609375
9364,48.84404373168945
9365,27.046762466430664
9366,33.353004455566406
9367,41.545894622802734
9368,44.322669982910156
9369,32.349952697753906
9370,53.937164306640625
9371,24.593191146850586
9372,38.95156478881836
9373,34.96670150756836
9374,25.5705623626709
9375,32.29401779174805
9376,33.11193084716797
9377,32.722015380859375
9378,49.019317626953125
9379,39.20673370361328
9380,44.80142593383789
9381,51.54249954223633
9382,40.10312271118164
9383,60.255615234375
9384,30.907760620117188
9385,53.22615051269531
9386,31.77253532409668
9387,26.140079498291016
9388,31.928159713745117
9389,40.301239013671875
9390,55.480926513671875
9391,23.306303024291992
9392,39.51388931274414
9393,47.150821685791016
9394,48.84113311767578
9395,27.038455963134766
9396,33.33995056152344
9397,41.54426956176758
9398,44.313838958740234
9399,32.33882522583008
9400,53.92736053466797
9401,24.583484649658203
9402,38.94346237182617
9403,34.952674865722656
9404,25.55677032470703
9405,32.27994918823242
9406,33.0961799621582
9407,32.720149993896484
9408,49.0053596496582
9409,39.197265625
9410,44.79209899902344
9411,51.530311584472656
9412,40.09645080566406
9413,60.242496490478516
9414,30.900135040283203
9415,53.22311019897461
9416,31.767683029174805
9417,26.124204635620117
9418,31.919052124023438
9419,40.29568099975586
9420,55.481849670410156
9421,23.301029205322266
9422,39.50650405883789
9423,47.15274429321289
9424,48.83816909790039
9425,27.030275344848633
9426,33.3270263671875
9427,41.5426025390625
9428,44.30500411987305
9429,32.3278694152832
9430,53.917598724365234
9431,24.5738525390625
9432,38.93544387817383
9433,34.93877029418945
9434,25.543180465698242
9435,32.26606750488281
9436,33.080509185791016
9437,32.71830749511719
9438,48.99135208129883
9439,39.187904357910156
9440,44.78277587890625
9441,51.51817321777344
9442,40.08979797363281
9443,60.2295036315918
9444,30.89255142211914
9445,53.220115661621094
9446,31.762863159179688
9447,26.10845375061035
9448,31.910085678100586
9449,40.29020309448242
9450,55.48258972167969
9451,23.295759201049805
9452,39.499183654785156
9453,47.15457534790039
9454,48.83518600463867
9455,27.022174835205078
9456,33.314178466796875
9457,41.54094314575195
9458,44.29631805419922
9459,32.31692123413086
9460,53.90786361694336
9461,24.564332962036133
9462,38.92742156982422
9463,34.924983978271484
9464,25.529653549194336
9465,32.25225067138672
9466,33.06498336791992
9467,32.71647262573242
9468,48.977508544921875
9469,39.17853927612305
9470,44.773529052734375
9471,51.50608825683594
9472,40.08320236206055
9473,60.21656799316406
9474,30.884986877441406
9475,53.217071533203125
9476,31.758012771606445
9477,26.092851638793945
9478,31.90114402770996
9479,40.28474426269531
9480,55.48331832885742
9481,23.290536880493164
9482,39.4918212890625
9483,47.156436920166016
9484,48.83226013183594
9485,27.014163970947266
9486,33.301429748535156
9487,41.53927993774414
9488,44.28757858276367
9489,32.30610275268555
9490,53.89822769165039
9491,24.554912567138672
9492,38.91947555541992
9493,34.91130828857422
9494,25.516204833984375
9495,32.23855209350586
9496,33.049591064453125
9497,32.71467208862305
9498,48.963748931884766
9499,39.16923522949219
9500,44.76444625854492
9501,51.494144439697266
9502,40.076637268066406
9503,60.20364761352539
9504,30.877456665039062
9505,53.214046478271484
9506,31.753257751464844
9507,26.07736587524414
9508,31.89226722717285
9509,40.2792854309082
9510,55.484039306640625
9511,23.285375595092773
9512,39.484466552734375
9513,47.15822219848633
9514,48.82925033569336
9515,27.006216049194336
9516,33.28879928588867
9517,41.537601470947266
9518,44.27895736694336
9519,32.29535675048828
9520,53.88861083984375
9521,24.54558753967285
9522,38.91153335571289
9523,34.89783477783203
9524,25.502891540527344
9525,32.2249755859375
9526,33.03430938720703
9527,32.71284866333008
9528,48.95005416870117
9529,39.1600227355957
9530,44.75531005859375
9531,51.48220443725586
9532,40.070125579833984
9533,60.19084548950195
9534,30.870059967041016
9535,53.210975646972656
9536,31.748414993286133
9537,26.061994552612305
9538,31.88347053527832
9539,40.27385711669922
9540,55.484535217285156
9541,23.28034019470215
9542,39.47718048095703
9543,47.160003662109375
9544,48.82627868652344
9545,26.998380661010742
9546,33.27627944946289
9547,41.53593826293945
9548,44.27032470703125
9549,32.28474044799805
9550,53.87902069091797
9551,24.536378860473633
9552,38.903690338134766
9553,34.884517669677734
9554,25.489709854125977
9555,32.21145248413086
9556,33.019161224365234
9557,32.71107482910156
9558,48.93635559082031
9559,39.15087890625
9560,44.746315002441406
9561,51.47026824951172
9562,40.063629150390625
9563,60.17802429199219
9564,30.862680435180664
9565,53.207847595214844
9566,31.743648529052734
9567,26.046716690063477
9568,31.874713897705078
9569,40.26839828491211
9570,55.485042572021484
9571,23.27525520324707
9572,39.46992492675781
9573,47.16170120239258
9574,48.82327651977539
9575,26.9906005859375
9576,33.263851165771484
9577,41.53430938720703
9578,44.261775970458984
9579,32.27419662475586
9580,53.86954879760742
9581,24.52726936340332
9582,38.8958625793457
9583,34.871253967285156
9584,25.47664451599121
9585,32.19810104370117
9586,33.00419616699219
9587,32.70928192138672
9588,48.922821044921875
9589,39.14176940917969
9590,44.7373161315918
9591,51.45848846435547
9592,40.057167053222656
9593,60.16534423828125
9594,30.8553466796875
9595,53.204769134521484
9596,31.738819122314453
9597,26.03159523010254
9598,31.86602783203125
9599,40.26308059692383
9600,55.48543167114258
9601,23.270294189453125
9602,39.46265411376953
9603,47.16332244873047
9604,48.82024383544922
9605,26.982942581176758
9606,33.25149917602539
9607,41.53260803222656
9608,44.25326156616211
9609,32.26372146606445
9610,53.860042572021484
9611,24.518239974975586
9612,38.88806915283203
9613,34.858219146728516
9614,25.463680267333984
9615,32.18477249145508
9616,32.98931121826172
9617,32.707542419433594
9618,48.90933609008789
9619,39.132686614990234
9620,44.72843933105469
9621,51.446739196777344
9622,40.05072021484375
9623,60.15262985229492
9624,30.848081588745117
9625,53.20161056518555
9626,31.734054565429688
9627,26.016637802124023
9628,31.857406616210938
9629,40.25768280029297
9630,55.48576354980469
9631,23.265323638916016
9632,39.45546340942383
9633,47.16495132446289
9634,48.81721115112305
9635,26.975364685058594
9636,33.2392578125
9637,41.53089904785156
9638,44.244781494140625
9639,32.253360748291016
9640,53.850555419921875
9641,24.509315490722656
9642,38.880367279052734
9643,34.845252990722656
9644,25.450824737548828
9645,32.171607971191406
9646,32.974517822265625
9647,32.70580291748047
9648,48.895912170410156
9649,39.12373352050781
9650,44.71958541870117
9651,51.43501663208008
9652,40.04436111450195
9653,60.14004135131836
9654,30.840810775756836
9655,53.19843673706055
9656,31.729276657104492
9657,26.001792907714844
9658,31.848852157592773
9659,40.25232696533203
9660,55.48603439331055
9661,23.26042366027832
9662,39.44828414916992
9663,47.16651916503906
9664,48.8141975402832
9665,26.96783447265625
9666,33.227054595947266
9667,41.52922058105469
9668,44.236385345458984
9669,32.24308776855469
9670,53.84120178222656
9671,24.50048828125
9672,38.87260437011719
9673,34.83243179321289
9674,25.438039779663086
9675,32.158546447753906
9676,32.95990753173828
9677,32.704078674316406
9678,48.882572174072266
9679,39.114784240722656
9680,44.710845947265625
9681,51.4233512878418
9682,40.037967681884766
9683,60.12751770019531
9684,30.833606719970703
9685,53.1953010559082
9686,31.724536895751953
9687,25.987062454223633
9688,31.840381622314453
9689,40.247039794921875
9690,55.48617935180664
9691,23.25553321838379
9692,39.44110107421875
9693,47.16803741455078
9694,48.811134338378906
9695,26.960397720336914
9696,33.21500015258789
9697,41.527523040771484
9698,44.22800064086914
9699,32.23286819458008
9700,53.83183670043945
9701,24.491716384887695
9702,38.86497497558594
9703,34.819759368896484
9704,25.425378799438477
9705,32.14554214477539
9706,32.94538116455078
9707,32.70244598388672
9708,48.86928176879883
9709,39.10590744018555
9710,44.702152252197266
9711,51.41176986694336
9712,40.03167724609375
9713,60.11501693725586
9714,30.826419830322266
9715,53.192100524902344
9716,31.719770431518555
9717,25.972455978393555
9718,31.831918716430664
9719,40.241737365722656
9720,55.48627471923828
9721,23.250749588012695
9722,39.43394470214844
9723,47.16951370239258
9724,48.80812072753906
9725,26.953075408935547
9726,33.202980041503906
9727,41.525779724121094
9728,44.21970748901367
9729,32.22273254394531
9730,53.82250213623047
9731,24.483089447021484
9732,38.85731887817383
9733,34.807193756103516
9734,25.412822723388672
9735,32.13268280029297
9736,32.93098831176758
9737,32.700706481933594
9738,48.85609436035156
9739,39.097084045410156
9740,44.69347381591797
9741,51.40023422241211
9742,40.02536392211914
9743,60.1025505065918
9744,30.81934928894043
9745,53.18888854980469
9746,31.71500587463379
9747,25.957914352416992
9748,31.823558807373047
9749,40.2364616394043
9750,55.48627853393555
9751,23.245973587036133
9752,39.42681121826172
9753,47.17095947265625
9754,48.80503463745117
9755,26.945777893066406
9756,33.191070556640625
9757,41.52410888671875
9758,44.21139144897461
9759,32.21271514892578
9760,53.813255310058594
9761,24.474544525146484
9762,38.84973907470703
9763,34.79477310180664
9764,25.40033531188965
9765,32.11988067626953
9766,32.91671371459961
9767,32.69902801513672
9768,48.84297180175781
9769,39.088321685791016
9770,44.68489074707031
9771,51.3887825012207
9772,40.01910400390625
9773,60.09016036987305
9774,30.812292098999023
9775,53.18564987182617
9776,31.710214614868164
9777,25.94355583190918
9778,31.815237045288086
9779,40.231204986572266
9780,55.486202239990234
9781,23.24123191833496
9782,39.41973876953125
9783,47.172367095947266
9784,48.80191421508789
9785,26.93859100341797
9786,33.17929458618164
9787,41.52232360839844
9788,44.20311737060547
9789,32.202789306640625
9790,53.803977966308594
9791,24.466114044189453
9792,38.84219741821289
9793,34.7824821472168
9794,25.387968063354492
9795,32.10719680786133
9796,32.9025764465332
9797,32.69735336303711
9798,48.82986068725586
9799,39.079627990722656
9800,44.67639923095703
9801,51.37733459472656
9802,40.012882232666016
9803,60.07783126831055
9804,30.805252075195312
9805,53.18239974975586
9806,31.705501556396484
9807,25.929279327392578
9808,31.806989669799805
9809,40.2259521484375
9810,55.48602294921875
9811,23.236587524414062
9812,39.41263961791992
9813,47.173675537109375
9814,48.798797607421875
9815,26.931453704833984
9816,33.16755676269531
9817,41.52055358886719
9818,44.194889068603516
9819,32.192955017089844
9820,53.79479217529297
9821,24.457725524902344
9822,38.83473587036133
9823,34.77033615112305
9824,25.3757381439209
9825,32.094608306884766
9826,32.88851547241211
9827,32.69572448730469
9828,48.816837310791016
9829,39.07096481323242
9830,44.667903900146484
9831,51.36581802368164
9832,40.006591796875
9833,60.06545639038086
9834,30.798463821411133
9835,53.17899703979492
9836,31.70072364807129
9837,25.915098190307617
9838,31.798763275146484
9839,40.22064208984375
9840,55.48566436767578
9841,23.232078552246094
9842,39.405574798583984
9843,47.17495346069336
9844,48.795719146728516
9845,26.92450714111328
9846,33.15598678588867
9847,41.5187873840332
9848,44.18662643432617
9849,32.18316650390625
9850,53.7855339050293
9851,24.449527740478516
9852,38.8272819519043
9853,34.758399963378906
9854,25.36359977722168
9855,32.08210754394531
9856,32.87444305419922
9857,32.69413375854492
9858,48.80378341674805
9859,39.06234359741211
9860,44.65938949584961
9861,51.35414123535156
9862,40.0003776550293
9863,60.053131103515625
9864,30.791826248168945
9865,53.17563247680664
9866,31.696008682250977
9867,25.900983810424805
9868,31.790603637695312
9869,40.21517562866211
9870,55.48514938354492
9871,23.22774314880371
9872,39.39849853515625
9873,47.17621612548828
9874,48.79262924194336
9875,26.917625427246094
9876,33.144554138183594
9877,41.51709747314453
9878,44.178367614746094
9879,32.173439025878906
9880,53.77628707885742
9881,24.441417694091797
9882,38.81986999511719
9883,34.746543884277344
9884,25.35161781311035
9885,32.06963348388672
9886,32.86043930053711
9887,32.69255828857422
9888,48.790836334228516
9889,39.053775787353516
9890,44.650936126708984
9891,51.34258270263672
9892,39.994110107421875
9893,60.04085922241211
9894,30.785240173339844
9895,53.17212677001953
9896,31.691213607788086
9897,25.88688850402832
9898,31.782432556152344
9899,40.20977020263672
9900,55.48460006713867
9901,23.22344398498535
9902,39.39141845703125
9903,47.17750930786133
9904,48.78963088989258
9905,26.9107608795166
9906,33.13316345214844
9907,41.5154914855957
9908,44.17015838623047
9909,32.16374588012695
9910,53.76703643798828
9911,24.43340492248535
9912,38.81242752075195
9913,34.73476791381836
9914,25.33966064453125
9915,32.05731201171875
9916,32.846534729003906
9917,32.69096755981445
9918,48.77789306640625
9919,39.04526901245117
9920,44.64250564575195
9921,51.331024169921875
9922,39.987876892089844
9923,60.028717041015625
9924,30.778743743896484
9925,53.168701171875
9926,31.686424255371094
9927,25.872861862182617
9928,31.77427864074707
9929,40.20421600341797
9930,55.484046936035156
9931,23.21921730041504
9932,39.38431167602539
9933,47.178714752197266
9934,48.78662872314453
9935,26.903982162475586
9936,33.12189865112305
9937,41.51395034790039
9938,44.16191482543945
9939,32.15410232543945
9940,53.75784683227539
9941,24.42547035217285
9942,38.80500411987305
9943,34.723106384277344
9944,25.327781677246094
9945,32.045074462890625
9946,32.8326530456543
9947,32.689510345458984
9948,48.7650260925293
9949,39.036773681640625
9950,44.634063720703125
9951,51.31949234008789
9952,39.98167419433594
9953,60.01658630371094
9954,30.772348403930664
9955,53.16525650024414
9956,31.681520462036133
9957,25.858901977539062
9958,31.76613426208496
9959,40.198707580566406
9960,55.48337936401367
9961,23.215017318725586
9962,39.377227783203125
9963,47.179969787597656
9964,48.783695220947266
9965,26.897249221801758
9966,33.11069107055664
9967,41.51237869262695
9968,44.153717041015625
9969,32.144447326660156
9970,53.748714447021484
9971,24.417577743530273
9972,38.79766845703125
9973,34.71159362792969
9974,25.315963745117188
9975,32.03290939331055
9976,32.818885803222656
9977,32.687992095947266
9978,48.752132415771484
9979,39.028377532958984
9980,44.6257438659668
9981,51.30797576904297
9982,39.9754753112793
9983,60.004554748535156
9984,30.7659912109375
9985,53.16180419921875
9986,31.676694869995117
9987,25.845006942749023
9988,31.757999420166016
9989,40.19314956665039
9990,55.48271179199219
9991,23.210969924926758
9992,39.37008285522461
9993,47.18126678466797
9994,48.78081512451172
9995,26.890552520751953
9996,33.099605560302734
9997,41.510868072509766
9998,44.14552307128906
9999,32.134864807128906
10000,53.739566802978516
10001,24.40976905822754
10002,38.79029083251953
10003,34.700164794921875
10004,25.30426597595215
10005,32.020843505859375
10006,32.805198669433594
10007,32.686580657958984
10008,48.73935317993164
10009,39.01991653442383
10010,44.61739730834961
10011,51.296504974365234
10012,39.96928787231445
10013,59.992610931396484
10014,30.759654998779297
10015,53.158355712890625
10016,31.67180633544922
10017,25.831157684326172
10018,31.74990463256836
10019,40.18757629394531
10020,55.48200988769531
10021,23.20686912536621
10022,39.36297607421875
10023,47.18247604370117
10024,48.777931213378906
10025,26.883928298950195
10026,33.08857727050781
10027,41.50936508178711
10028,44.137367248535156
10029,32.125247955322266
10030,53.73041534423828
10031,24.40204429626465
10032,38.78304672241211
10033,34.68882751464844
10034,25.292593002319336
10035,32.008792877197266
10036,32.79153060913086
10037,32.6851692199707
10038,48.72657012939453
10039,39.0115966796875
10040,44.609134674072266
10041,51.28508758544922
10042,39.963199615478516
10043,59.980709075927734
10044,30.753400802612305
10045,53.15489959716797
10046,31.66695213317871
10047,25.817378997802734
10048,31.74184226989746
10049,40.181983947753906
10050,55.48130416870117
10051,23.20285987854004
10052,39.35587692260742
10053,47.18374252319336
10054,48.775089263916016
10055,26.877330780029297
10056,33.07760238647461
10057,41.5079231262207
10058,44.1292610168457
10059,32.11570739746094
10060,53.72134780883789
10061,24.394441604614258
10062,38.77571487426758
10063,34.67753219604492
10064,25.281028747558594
10065,31.99688148498535
10066,32.777984619140625
10067,32.683746337890625
10068,48.71387481689453
10069,39.00324249267578
10070,44.60087203979492
10071,51.27369689941406
10072,39.95707702636719
10073,59.96889114379883
10074,30.747217178344727
10075,53.15147018432617
10076,31.662010192871094
10077,25.80369758605957
10078,31.73379135131836
10079,40.176387786865234
10080,55.48048782348633
10081,23.198890686035156
10082,39.3487434387207
10083,47.185001373291016
10084,48.772239685058594
10085,26.870853424072266
10086,33.06675338745117
10087,41.506500244140625
10088,44.12110137939453
10089,32.106224060058594
10090,53.712284088134766
10091,24.386850357055664
10092,38.768436431884766
10093,34.66643524169922
10094,25.269514083862305
10095,31.984996795654297
10096,32.764469146728516
10097,32.682369232177734
10098,48.70120620727539
10099,38.994930267333984
10100,44.59271240234375
10101,51.26228713989258
10102,39.950950622558594
10103,59.95705032348633
10104,30.74108123779297
10105,53.14802932739258
10106,31.657100677490234
10107,25.790056228637695
10108,31.72576141357422
10109,40.17075729370117
10110,55.479652404785156
10111,23.194974899291992
10112,39.34166717529297
10113,47.18614959716797
10114,48.76943588256836
10115,26.864376068115234
10116,33.05597686767578
10117,41.50507736206055
10118,44.11301803588867
10119,32.096771240234375
10120,53.70317077636719
10121,24.379335403442383
10122,38.761207580566406
10123,34.655357360839844
10124,25.258060455322266
10125,31.973194122314453
10126,32.75105667114258
10127,32.6810188293457
10128,48.688629150390625
10129,38.98665237426758
10130,44.58454895019531
10131,51.25099182128906
10132,39.94483947753906
10133,59.945289611816406
10134,30.735000610351562
10135,53.144554138183594
10136,31.652198791503906
10137,25.776498794555664
10138,31.717761993408203
10139,40.1651725769043
10140,55.47879409790039
10141,23.191123962402344
10142,39.3345832824707
10143,47.18739318847656
10144,48.76663589477539
10145,26.857980728149414
10146,33.045310974121094
10147,41.50369644165039
10148,44.1049690246582
10149,32.08738708496094
10150,53.69409942626953
10151,24.3719482421875
10152,38.75400161743164
10153,34.64439392089844
10154,25.246723175048828
10155,31.96145248413086
10156,32.73771667480469
10157,32.679710388183594
10158,48.676048278808594
10159,38.978397369384766
10160,44.57643508911133
10161,51.23971939086914
10162,39.938758850097656
10163,59.93364334106445
10164,30.728988647460938
10165,53.1411018371582
10166,31.647310256958008
10167,25.76301383972168
10168,31.709815979003906
10169,40.1595573425293
10170,55.477882385253906
10171,23.187278747558594
10172,39.32746887207031
10173,47.18854904174805
10174,48.763797760009766
10175,26.851646423339844
10176,33.03465270996094
10177,41.502323150634766
10178,44.096893310546875
10179,32.078060150146484
10180,53.685115814208984
10181,24.364564895629883
10182,38.7468147277832
10183,34.63350296020508
10184,25.235363006591797
10185,31.949766159057617
10186,32.72446823120117
10187,32.678348541259766
10188,48.663536071777344
10189,38.97018814086914
10190,44.56837463378906
10191,51.22842788696289
10192,39.93267822265625
10193,59.921974182128906
10194,30.722959518432617
10195,53.137596130371094
10196,31.642379760742188
10197,25.749597549438477
10198,31.701871871948242
10199,40.15398025512695
10200,55.47689437866211
10201,23.183496475219727
10202,39.32038497924805
10203,47.189697265625
10204,48.76102066040039
10205,26.845378875732422
10206,33.024105072021484
10207,41.50096893310547
10208,44.08888626098633
10209,32.06873321533203
10210,53.67603302001953
10211,24.357276916503906
10212,38.73971176147461
10213,34.62274932861328
10214,25.224143981933594
10215,31.93819236755371
10216,32.711273193359375
10217,32.67704772949219
10218,48.65099334716797
10219,38.96200942993164
10220,44.560340881347656
10221,51.21718978881836
10222,39.9266357421875
10223,59.91035461425781
10224,30.716991424560547
10225,53.13412094116211
10226,31.637474060058594
10227,25.736215591430664
10228,31.6939640045166
10229,40.14834213256836
10230,55.475833892822266
10231,23.17964744567871
10232,39.313289642333984
10233,47.19081115722656
10234,48.75822067260742
10235,26.839187622070312
10236,33.01361083984375
10237,41.499629974365234
10238,44.080928802490234
10239,32.05942153930664
10240,53.66706085205078
10241,24.35003662109375
10242,38.732635498046875
10243,34.612003326416016
10244,25.21293830871582
10245,31.92667579650879
10246,32.698150634765625
10247,32.67576217651367
10248,48.63858413696289
10249,38.95381546020508
10250,44.55233383178711
10251,51.205963134765625
10252,39.92063522338867
10253,59.8988037109375
10254,30.711082458496094
10255,53.13066482543945
10256,31.632484436035156
10257,25.722976684570312
10258,31.686094284057617
10259,40.142738342285156
10260,55.47480773925781
10261,23.1759033203125
10262,39.306236267089844
10263,47.19197082519531
10264,48.755455017089844
10265,26.832983016967773
10266,33.003150939941406
10267,41.49829864501953
10268,44.072940826416016
10269,32.050235748291016
10270,53.65807342529297
10271,24.342897415161133
10272,38.72554016113281
10273,34.601409912109375
10274,25.201839447021484
10275,31.915163040161133
10276,32.68513488769531
10277,32.67450714111328
10278,48.62620544433594
10279,38.945735931396484
10280,44.5444450378418
10281,51.19487762451172
10282,39.91464614868164
10283,59.88727569580078
10284,30.70516014099121
10285,53.127166748046875
10286,31.62759017944336
10287,25.709760665893555
10288,31.678258895874023
10289,40.137115478515625
10290,55.47370910644531
10291,23.17222023010254
10292,39.2992057800293
10293,47.19308090209961
10294,48.75265884399414
10295,26.826871871948242
10296,32.992835998535156
10297,41.49697494506836
10298,44.06501770019531
10299,32.041038513183594
10300,53.6490592956543
10301,24.335817337036133
10302,38.7184944152832
10303,34.59085464477539
10304,25.190786361694336
10305,31.903764724731445
10306,32.672237396240234
10307,32.673248291015625
10308,48.61388397216797
10309,38.93763732910156
10310,44.53654861450195
10311,51.18376541137695
10312,39.908634185791016
10313,59.87583541870117
10314,30.6993350982666
10315,53.123695373535156
10316,31.622648239135742
10317,25.69663429260254
10318,31.670446395874023
10319,40.131526947021484
10320,55.47254180908203
10321,23.168493270874023
10322,39.29210662841797
10323,47.19415283203125
10324,48.749874114990234
10325,26.820764541625977
10326,32.98248291015625
10327,41.495662689208984
10328,44.05712127685547
10329,32.03188705444336
10330,53.640159606933594
10331,24.328786849975586
10332,38.71146011352539
10333,34.580448150634766
10334,25.17975616455078
10335,31.892438888549805
10336,32.6593132019043
10337,32.672000885009766
10338,48.601585388183594
10339,38.929561614990234
10340,44.5286750793457
10341,51.17269515991211
10342,39.9027099609375
10343,59.86440658569336
10344,30.693492889404297
10345,53.1202392578125
10346,31.617752075195312
10347,25.68358039855957
10348,31.662675857543945
10349,40.12595748901367
10350,55.471378326416016
10351,23.164813995361328
10352,39.28508377075195
10353,47.195213317871094
10354,48.74707794189453
10355,26.81477165222168
10356,32.97226333618164
10357,41.4943733215332
10358,44.04917907714844
10359,32.02280807495117
10360,53.63123321533203
10361,24.321853637695312
10362,38.704490661621094
10363,34.5700798034668
10364,25.168851852416992
10365,31.88115692138672
10366,32.64651870727539
10367,32.67075729370117
10368,48.58934783935547
10369,38.92155075073242
10370,44.5208740234375
10371,51.16169738769531
10372,39.8967399597168
10373,59.852996826171875
10374,30.68772315979004
10375,53.11669921875
10376,31.612838745117188
10377,25.670597076416016
10378,31.6549072265625
10379,40.120391845703125
10380,55.47011184692383
10381,23.161157608032227
10382,39.27800750732422
10383,47.196258544921875
10384,48.744319915771484
10385,26.808835983276367
10386,32.96211624145508
10387,41.493064880371094
10388,44.04134750366211
10389,32.01380157470703
10390,53.62232971191406
10391,24.31491470336914
10392,38.6976203918457
10393,34.559783935546875
10394,25.157981872558594
10395,31.86992073059082
10396,32.63381576538086
10397,32.66957473754883
10398,48.57719421386719
10399,38.913490295410156
10400,44.513099670410156
10401,51.15068817138672
10402,39.89082336425781
10403,59.84168243408203
10404,30.681909561157227
10405,53.11323928833008
10406,31.60791015625
10407,25.65768814086914
10408,31.647184371948242
10409,40.114810943603516
10410,55.468868255615234
10411,23.15754508972168
10412,39.27096939086914
10413,47.1972770690918
10414,48.74153518676758
10415,26.80297088623047
10416,32.9520263671875
10417,41.491790771484375
10418,44.03350830078125
10419,32.004791259765625
10420,53.613380432128906
10421,24.30807113647461
10422,38.69065856933594
10423,34.549598693847656
10424,25.14714813232422
10425,31.858766555786133
10426,32.621150970458984
10427,32.66835403442383
10428,48.56505584716797
10429,38.905494689941406
10430,44.50535583496094
10431,51.13974380493164
10432,39.88490295410156
10433,59.83036422729492
10434,30.67624855041504
10435,53.10969543457031
10436,31.602954864501953
10437,25.644853591918945
10438,31.639509201049805
10439,40.109230041503906
10440,55.46746063232422
10441,23.153942108154297
10442,39.26398468017578
10443,47.198238372802734
10444,48.73873519897461
10445,26.797107696533203
10446,32.942020416259766
10447,41.49051284790039
10448,44.02567672729492
10449,31.995826721191406
10450,53.604454040527344
10451,24.301326751708984
10452,38.68379211425781
10453,34.53950881958008
10454,25.136404037475586
10455,31.84766960144043
10456,32.608619689941406
10457,32.66715621948242
10458,48.55294418334961
10459,38.89753723144531
10460,44.497718811035156
10461,51.128787994384766
10462,39.87901306152344
10463,59.81913757324219
10464,30.670570373535156
10465,53.106178283691406
10466,31.59805679321289
10467,25.632108688354492
10468,31.63180923461914
10469,40.103729248046875
10470,55.46611785888672
10471,23.150360107421875
10472,39.25697326660156
10473,47.19921875
10474,48.73594284057617
10475,26.791296005249023
10476,32.93204879760742
10477,41.48923873901367
10478,44.01789093017578
10479,31.986928939819336
10480,53.595611572265625
10481,24.29460906982422
10482,38.67695617675781
10483,34.52946853637695
10484,25.125675201416016
10485,31.836593627929688
10486,32.596065521240234
10487,32.66603469848633
10488,48.5409049987793
10489,38.889583587646484
10490,44.49006271362305
10491,51.11798095703125
10492,39.873138427734375
10493,59.80791473388672
10494,30.664857864379883
10495,53.102718353271484
10496,31.593120574951172
10497,25.619403839111328
10498,31.62420654296875
10499,40.09819030761719
10500,55.46476745605469
10501,23.146812438964844
10502,39.24995422363281
10503,47.200164794921875
10504,48.733192443847656
10505,26.785585403442383
10506,32.92212677001953
10507,41.48796844482422
10508,44.010135650634766
10509,31.978025436401367
10510,53.58674240112305
10511,24.288000106811523
10512,38.67011260986328
10513,34.519508361816406
10514,25.11507225036621
10515,31.825626373291016
10516,32.583709716796875
10517,32.66484451293945
10518,48.528892517089844
10519,38.8817024230957
10520,44.48243713378906
10521,51.107139587402344
10522,39.86729049682617
10523,59.79673767089844
10524,30.659238815307617
10525,53.099151611328125
10526,31.58822250366211
10527,25.606773376464844
10528,31.61661148071289
10529,40.09262466430664
10530,55.46326446533203
10531,23.143266677856445
10532,39.242984771728516
10533,47.201087951660156
10534,48.73041915893555
10535,26.779888153076172
10536,32.912269592285156
10537,41.48674011230469
10538,44.002376556396484
10539,31.969249725341797
10540,53.577903747558594
10541,24.281383514404297
10542,38.66337966918945
10543,34.50967025756836
10544,25.104454040527344
10545,31.814701080322266
10546,32.57137680053711
10547,32.663673400878906
10548,48.51697540283203
10549,38.87380599975586
10550,44.47488021850586
10551,51.09635925292969
10552,39.86145782470703
10553,59.785614013671875
10554,30.653648376464844
10555,53.09563446044922
10556,31.58331871032715
10557,25.59418296813965
10558,31.609041213989258
10559,40.08708953857422
10560,55.46171188354492
10561,23.1397705078125
10562,39.23594284057617
10563,47.2020149230957
10564,48.727638244628906
10565,26.77425193786621
10566,32.902523040771484
10567,41.4854736328125
10568,43.994651794433594
10569,31.960464477539062
10570,53.56907272338867
10571,24.274812698364258
10572,38.65665054321289
10573,34.49991989135742
10574,25.093948364257812
10575,31.803813934326172
10576,32.55905532836914
10577,32.66251754760742
10578,48.50504684448242
10579,38.86595153808594
10580,44.467411041259766
10581,51.08560562133789
10582,39.85560607910156
10583,59.77450942993164
10584,30.648029327392578
10585,53.09206771850586
10586,31.57840347290039
10587,25.581710815429688
10588,31.60150146484375
10589,40.08161926269531
10590,55.46017074584961
10591,23.13631248474121
10592,39.22904968261719
10593,47.20292663574219
10594,48.724822998046875
10595,26.768651962280273
10596,32.89278793334961
10597,41.484275817871094
10598,43.986968994140625
10599,31.951732635498047
10600,53.5601921081543
10601,24.26838493347168
10602,38.64993667602539
10603,34.49018859863281
10604,25.08346939086914
10605,31.79304313659668
10606,32.5468635559082
10607,32.661407470703125
10608,48.49314498901367
10609,38.85811996459961
10610,44.459938049316406
10611,51.074893951416016
10612,39.849830627441406
10613,59.76344680786133
10614,30.642467498779297
10615,53.088539123535156
10616,31.573474884033203
10617,25.569320678710938
10618,31.593976974487305
10619,40.07609176635742
10620,55.45856475830078
10621,23.132823944091797
10622,39.22203063964844
10623,47.20378494262695
10624,48.722042083740234
10625,26.763160705566406
10626,32.88312911987305
10627,41.4830436706543
10628,43.979305267333984
10629,31.943056106567383
10630,53.551387786865234
10631,24.261974334716797
10632,38.64326477050781
10633,34.480594635009766
10634,25.073102951049805
10635,31.782268524169922
10636,32.534767150878906
10637,32.6602783203125
10638,48.481327056884766
10639,38.850303649902344
10640,44.45248031616211
10641,51.064205169677734
10642,39.84401321411133
10643,59.752437591552734
10644,30.637014389038086
10645,53.084999084472656
10646,31.568632125854492
10647,25.55695343017578
10648,31.586502075195312
10649,40.07057189941406
10650,55.45692443847656
10651,23.12938117980957
10652,39.215091705322266
10653,47.2045783996582
10654,48.7192268371582
10655,26.757665634155273
10656,32.87352752685547
10657,41.4818115234375
10658,43.97167205810547
10659,31.934473037719727
10660,53.54261779785156
10661,24.25564193725586
10662,38.63661575317383
10663,34.47103500366211
10664,25.06275177001953
10665,31.771568298339844
10666,32.522674560546875
10667,32.659175872802734
10668,48.469512939453125
10669,38.842525482177734
10670,44.445125579833984
10671,51.0536003112793
10672,39.83821487426758
10673,59.741432189941406
10674,30.63149642944336
10675,53.081443786621094
10676,31.563684463500977
10677,25.544641494750977
10678,31.57902717590332
10679,40.06510543823242
10680,55.45520782470703
10681,23.1259765625
10682,39.20814514160156
10683,47.20541000366211
10684,48.71640396118164
10685,26.752254486083984
10686,32.8640022277832
10687,41.48057556152344
10688,43.96404266357422
10689,31.925893783569336
10690,53.53376007080078
10691,24.24934196472168
10692,38.630001068115234
10693,34.46156692504883
10694,25.052444458007812
10695,31.760944366455078
10696,32.51071548461914
10697,32.6580696105957
10698,48.45778274536133
10699,38.83480453491211
10700,44.43775939941406
10701,51.042999267578125
10702,39.832496643066406
10703,59.730506896972656
10704,30.62603759765625
10705,53.0778923034668
10706,31.558792114257812
10707,25.532474517822266
10708,31.571651458740234
10709,40.05961608886719
10710,55.453468322753906
10711,23.122587203979492
10712,39.20120620727539
10713,47.206153869628906
10714,48.71355438232422
10715,26.746891021728516
10716,32.85452651977539
10717,41.47935104370117
10718,43.956443786621094
10719,31.917346954345703
10720,53.52499771118164
10721,24.24311065673828
10722,38.623409271240234
10723,34.452205657958984
10724,25.042186737060547
10725,31.750320434570312
10726,32.49882507324219
10727,32.65700149536133
10728,48.446144104003906
10729,38.82704162597656
10730,44.43049240112305
10731,51.03245544433594
10732,39.8267707824707
10733,59.7196159362793
10734,30.620615005493164
10735,53.07432174682617
10736,31.553892135620117
10737,25.5203914642334
10738,31.564294815063477
10739,40.054161071777344
10740,55.45170211791992
10741,23.119199752807617
10742,39.194297790527344
10743,47.20691680908203
10744,48.71072769165039
10745,26.741615295410156
10746,32.84510040283203
10747,41.47812271118164
10748,43.94886016845703
10749,31.908864974975586
10750,53.5162467956543
10751,24.236902236938477
10752,38.61687469482422
10753,34.442901611328125
10754,25.032024383544922
10755,31.73979949951172
10756,32.48699951171875
10757,32.655914306640625
10758,48.43448257446289
10759,38.81935119628906
10760,44.42324447631836
10761,51.021888732910156
10762,39.821075439453125
10763,59.70869445800781
10764,30.61517333984375
10765,53.07075881958008
10766,31.54899024963379
10767,25.5083065032959
10768,31.556901931762695
10769,40.04872512817383
10770,55.44985580444336
10771,23.11582374572754
10772,39.187374114990234
10773,47.207664489746094
10774,48.707950592041016
10775,26.736330032348633
10776,32.83574295043945
10777,41.47689437866211
10778,43.94132614135742
10779,31.900434494018555
10780,53.507503509521484
10781,24.230850219726562
10782,38.6103630065918
10783,34.433692932128906
10784,25.021907806396484
10785,31.72935676574707
10786,32.47528076171875
10787,32.65483856201172
10788,48.4228401184082
10789,38.81166458129883
10790,44.416038513183594
10791,51.01137924194336
10792,39.81534194946289
10793,59.69785690307617
10794,30.60980796813965
10795,53.06709671020508
10796,31.544170379638672
10797,25.496301651000977
10798,31.54959487915039
10799,40.04327392578125
10800,55.44794845581055
10801,23.11249542236328
10802,39.18047332763672
10803,47.20840072631836
10804,48.705101013183594
10805,26.731121063232422
10806,32.82646179199219
10807,41.475669860839844
10808,43.93378448486328
10809,31.892032623291016
10810,53.49870681762695
10811,24.224769592285156
10812,38.60388946533203
10813,34.42449951171875
10814,25.011798858642578
10815,31.718904495239258
10816,32.463539123535156
10817,32.65380096435547
10818,48.41127014160156
10819,38.80400466918945
10820,44.40884780883789
10821,51.00094223022461
10822,39.809654235839844
10823,59.68707275390625
10824,30.604494094848633
10825,53.06354904174805
10826,31.53928565979004
10827,25.484397888183594
10828,31.542312622070312
10829,40.03788375854492
10830,55.4460334777832
10831,23.10917854309082
10832,39.17359924316406
10833,47.20903778076172
10834,48.7022705078125
10835,26.72594451904297
10836,32.81718444824219
10837,41.47445297241211
10838,43.92625045776367
10839,31.883695602416992
10840,53.4900016784668
10841,24.218767166137695
10842,38.597450256347656
10843,34.415504455566406
10844,25.001789093017578
10845,31.7085018157959
10846,32.451904296875
10847,32.65269470214844
10848,48.3997688293457
10849,38.796348571777344
10850,44.40174865722656
10851,50.990516662597656
10852,39.804012298583984
10853,59.676292419433594
10854,30.599102020263672
10855,53.059932708740234
10856,31.53441619873047
10857,25.47254753112793
10858,31.53508758544922
10859,40.032501220703125
10860,55.444114685058594
10861,23.10590171813965
10862,39.166778564453125
10863,47.20972442626953
10864,48.699398040771484
10865,26.720863342285156
10866,32.8079948425293
10867,41.473304748535156
10868,43.91877365112305
10869,31.875408172607422
10870,53.48127365112305
10871,24.212799072265625
10872,38.59103012084961
10873,34.406494140625
10874,24.991817474365234
10875,31.698205947875977
10876,32.44037628173828
10877,32.65167999267578
10878,48.388267517089844
10879,38.78879928588867
10880,44.394630432128906
10881,50.98013687133789
10882,39.79838562011719
10883,59.66554260253906
10884,30.593835830688477
10885,53.05632019042969
10886,31.52958106994629
10887,25.460752487182617
10888,31.527786254882812
10889,40.02707290649414
10890,55.44202423095703
10891,23.102596282958984
10892,39.1599006652832
10893,47.21036148071289
10894,48.6965446472168
10895,26.71576690673828
10896,32.798851013183594
10897,41.472023010253906
10898,43.91133117675781
10899,31.867168426513672
10900,53.472625732421875
10901,24.206920623779297
10902,38.584651947021484
10903,34.3975715637207
10904,24.981876373291016
10905,31.687898635864258
10906,32.42892837524414
10907,32.6506233215332
10908,48.37687301635742
10909,38.781219482421875
10910,44.387603759765625
10911,50.9698600769043
10912,39.79273986816406
10913,59.654850006103516
10914,30.58847427368164
10915,53.052703857421875
10916,31.52471160888672
10917,25.449047088623047
10918,31.5206241607666
10919,40.021766662597656
10920,55.44004440307617
10921,23.099287033081055
10922,39.15309143066406
10923,47.210960388183594
10924,48.693626403808594
10925,26.710744857788086
10926,32.789695739746094
10927,41.47076416015625
10928,43.90398406982422
10929,31.858963012695312
10930,53.46403121948242
10931,24.200950622558594
10932,38.57829666137695
10933,34.38859939575195
10934,24.971885681152344
10935,31.67762565612793
10936,32.417747497558594
10937,32.6495361328125
10938,48.36556625366211
10939,38.77363967895508
10940,44.38076400756836
10941,50.959877014160156
10942,39.787254333496094
10943,59.64423370361328
10944,30.58283042907715
10945,53.049171447753906
10946,31.51993179321289
10947,25.437524795532227
10948,31.513504028320312
10949,40.01667022705078
10950,55.43817138671875
10951,23.095809936523438
10952,39.14627456665039
10953,47.21149826049805
10954,48.690670013427734
10955,26.705705642700195
10956,32.780517578125
10957,41.46940612792969
10958,43.89671325683594
10959,31.85083770751953
10960,53.45552062988281
10961,24.19500732421875
10962,38.57194137573242
10963,34.379615783691406
10964,24.961944580078125
10965,31.667438507080078
10966,32.40667724609375
10967,32.64841842651367
10968,48.3543586730957
10969,38.76610565185547
10970,44.373966217041016
10971,50.95003128051758
10972,39.78174591064453
10973,59.633636474609375
10974,30.577177047729492
10975,53.04564666748047
10976,31.515169143676758
10977,25.426170349121094
10978,31.506513595581055
10979,40.01165771484375
10980,55.43619155883789
10981,23.09223175048828
10982,39.13959884643555
10983,47.211944580078125
10984,48.68754577636719
10985,26.700716018676758
10986,32.771385192871094
10987,41.467918395996094
10988,43.88955307006836
10989,31.842798233032227
10990,53.44696044921875
10991,24.18910789489746
10992,38.56570053100586
10993,34.370845794677734
10994,24.952049255371094
10995,31.657320022583008
10996,32.39581298828125
10997,32.64725112915039
10998,48.343196868896484
10999,38.758609771728516
11000,44.36727523803711
11001,50.94024658203125
11002,39.77629089355469
11003,59.62303924560547
11004,30.57143211364746
11005,53.04207229614258
11006,31.510467529296875
11007,25.414897918701172
11008,31.499595642089844
11009,40.006736755371094
11010,55.43405532836914
11011,23.0886287689209
11012,39.132930755615234
11013,47.21227264404297
11014,48.68441390991211
11015,26.69575309753418
11016,32.762237548828125
11017,41.46635437011719
11018,43.88236999511719
11019,31.834922790527344
11020,53.438499450683594
11021,24.183238983154297
11022,38.5594482421875
11023,34.362098693847656
11024,24.9422607421875
11025,31.64719009399414
11026,32.38505172729492
11027,32.64606475830078
11028,48.33210372924805
11029,38.75111770629883
11030,44.360633850097656
11031,50.93053436279297
11032,39.7708625793457
11033,59.6124153137207
11034,30.565717697143555
11035,53.03842544555664
11036,31.505796432495117
11037,25.403799057006836
11038,31.49273109436035
11039,40.001930236816406
11040,55.431880950927734
11041,23.085041046142578
11042,39.12630081176758
11043,47.21251678466797
11044,48.68112564086914
11045,26.690990447998047
11046,32.753173828125
11047,41.46472930908203
11048,43.875244140625
11049,31.827180862426758
11050,53.430049896240234
11051,24.177526473999023
11052,38.55328369140625
11053,34.35350799560547
11054,24.932537078857422
11055,31.637155532836914
11056,32.37435531616211
11057,32.64482116699219
11058,48.321075439453125
11059,38.74370574951172
11060,44.354068756103516
11061,50.92079162597656
11062,39.7654914855957
11063,59.6016960144043
11064,30.56008529663086
11065,53.03455352783203
11066,31.50133514404297
11067,25.392868041992188
11068,31.48604965209961
11069,39.99712371826172
11070,55.429161071777344
11071,23.081607818603516
11072,39.119834899902344
11073,47.2125129699707
11074,48.677635192871094
11075,26.686382293701172
11076,32.744178771972656
11077,41.46282196044922
11078,43.868064880371094
11079,31.819917678833008
11080,53.42129135131836
11081,24.172128677368164
11082,38.54738998413086
11083,34.34528350830078
11084,24.923139572143555
11085,31.627145767211914
11086,32.36375045776367
11087,32.64353561401367
11088,48.310062408447266
11089,38.73628616333008
11090,44.347469329833984
11091,50.911041259765625
11092,39.760013580322266
11093,59.5908203125
11094,30.55437660217285
11095,53.030704498291016
11096,31.49687957763672
11097,25.38213348388672
11098,31.479463577270508
11099,39.99242401123047
11100,55.426307678222656
11101,23.078065872192383
11102,39.1134033203125
11103,47.21230697631836
11104,48.67381286621094
11105,26.681974411010742
11106,32.735191345214844
11107,41.46066665649414
11108,43.86085891723633
11109,31.812856674194336
11110,53.412513732910156
11111,24.16667366027832
11112,38.54143142700195
11113,34.33720397949219
11114,24.913888931274414
11115,31.617155075073242
11116,32.3531379699707
11117,32.64212417602539
11118,48.29899597167969
11119,38.72894287109375
11120,44.34081268310547
11121,50.90088653564453
11122,39.75444412231445
11123,59.57937240600586
11124,30.549087524414062
11125,53.02618408203125
11126,31.492761611938477
11127,25.3715877532959
11128,31.47327995300293
11129,39.987815856933594
11130,55.42218780517578
11131,23.074853897094727
11132,39.10728073120117
11133,47.211448669433594
11134,48.66927719116211
11135,26.67801284790039
11136,32.726261138916016
11137,41.45793533325195
11138,43.85353469848633
11139,31.806406021118164
11140,53.403343200683594
11141,24.161623001098633
11142,38.535743713378906
11143,34.32942581176758
11144,24.90488052368164
11145,31.607059478759766
11146,32.342506408691406
11147,32.640533447265625
11148,48.28797149658203
11149,38.72154235839844
11150,44.334041595458984
11151,50.890506744384766
11152,39.74879455566406
11153,59.56742858886719
11154,30.543657302856445
11155,53.02143859863281
11156,31.488901138305664
11157,25.361276626586914
11158,31.467281341552734
11159,39.983497619628906
11160,55.417686462402344
11161,23.071382522583008
11162,39.101226806640625
11163,47.21023941040039
11164,48.66429901123047
11165,26.674102783203125
11166,32.71711730957031
11167,41.45486068725586
11168,43.84626388549805
11169,31.80008316040039
11170,53.39421081542969
11171,24.156383514404297
11172,38.5300407409668
11173,34.32145309448242
11174,24.89579963684082
11175,31.5969295501709
11176,32.33214569091797
11177,32.638736724853516
11178,48.276885986328125
11179,38.71405792236328
11180,44.32734680175781
11181,50.88009262084961
11182,39.74312973022461
11183,59.55522155761719
11184,30.537912368774414
11185,53.01667022705078
11186,31.485090255737305
11187,25.351160049438477
11188,31.461374282836914
11189,39.97944641113281
11190,55.413108825683594
11191,23.0674991607666
11192,39.095184326171875
11193,47.20880889892578
11194,48.659000396728516
11195,26.67023277282715
11196,32.70783996582031
11197,41.45149612426758
11198,43.839080810546875
11199,31.79390525817871
11200,53.385047912597656
11201,24.151121139526367
11202,38.52437973022461
11203,34.313472747802734
11204,24.88661003112793
11205,31.586795806884766
11206,32.32199478149414
11207,32.63677978515625
11208,48.26588439941406
11209,38.70652770996094
11210,44.3207893371582
11211,50.8699951171875
11212,39.7374267578125
11213,59.54297637939453
11214,30.531841278076172
11215,53.01194763183594
11216,31.481237411499023
11217,25.34113883972168
11218,31.455533981323242
11219,39.97565460205078
11220,55.40864562988281
11221,23.06332778930664
11222,39.089202880859375
11223,47.2072868347168
11224,48.653621673583984
11225,26.66623306274414
11226,32.69844436645508
11227,41.44807434082031
11228,43.83201599121094
11229,31.787649154663086
11230,53.37596893310547
11231,24.145692825317383
11232,38.518585205078125
11233,34.30543899536133
11234,24.877344131469727
11235,31.576644897460938
11236,32.312007904052734
11237,32.63482666015625
11238,48.25497055053711
11239,38.698951721191406
11240,44.31429672241211
11241,50.860076904296875
11242,39.73172378540039
11243,59.53083801269531
11244,30.525480270385742
11245,53.00729751586914
11246,31.477317810058594
11247,25.331214904785156
11248,31.449697494506836
11249,39.971900939941406
11250,55.404273986816406
11251,23.058971405029297
11252,39.08314514160156
11253,47.205780029296875
11254,48.64817428588867
11255,26.662216186523438
11256,32.68901824951172
11257,41.444580078125
11258,43.82502365112305
11259,31.781375885009766
11260,53.367061614990234
11261,24.140275955200195
11262,38.51267623901367
11263,34.297386169433594
11264,24.868030548095703
11265,31.566478729248047
11266,32.30222702026367
11267,32.63280487060547
11268,48.24409866333008
11269,38.69139862060547
11270,44.30780029296875
11271,50.85025405883789
11272,39.72600173950195
11273,59.51866912841797
11274,30.51904296875
11275,53.00267028808594
11276,31.473358154296875
11277,25.32135772705078
11278,31.443803787231445
11279,39.9681510925293
11280,55.399940490722656
11281,23.05455207824707
11282,39.0770378112793
11283,47.20420837402344
11284,48.642730712890625
11285,26.658203125
11286,32.67964172363281
11287,41.441104888916016
11288,43.818023681640625
11289,31.775035858154297
11290,53.35811996459961
11291,24.13487434387207
11292,38.506805419921875
11293,34.289371490478516
11294,24.858705520629883
11295,31.556379318237305
11296,32.292518615722656
11297,32.63079833984375
11298,48.23319625854492
11299,38.68381881713867
11300,44.30146026611328
11301,50.84049606323242
11302,39.72035217285156
11303,59.506629943847656
11304,30.512544631958008
11305,52.99803924560547
11306,31.469287872314453
11307,25.3115177154541
11308,31.437908172607422
11309,39.96437454223633
11310,55.39556884765625
11311,23.0501651763916
11312,39.07087707519531
11313,47.202667236328125
11314,48.63737106323242
11315,26.65415382385254
11316,32.670265197753906
11317,41.437644958496094
11318,43.811031341552734
11319,31.76870346069336
11320,53.349220275878906
11321,24.129539489746094
11322,38.50082778930664
11323,34.281436920166016
11324,24.849430084228516
11325,31.546375274658203
11326,32.282875061035156
11327,32.628814697265625
11328,48.22230911254883
11329,38.67631912231445
11330,44.295108795166016
11331,50.8308219909668
11332,39.7147102355957
11333,59.494686126708984
11334,30.50615692138672
11335,52.993350982666016
11336,31.465150833129883
11337,25.301712036132812
11338,31.431978225708008
11339,39.96048355102539
11340,55.391258239746094
11341,23.045795440673828
11342,39.06468963623047
11343,47.20114517211914
11344,48.63210678100586
11345,26.650146484375
11346,32.660972595214844
11347,41.43422317504883
11348,43.80403518676758
11349,31.762332916259766
11350,53.34040451049805
11351,24.124181747436523
11352,38.49480056762695
11353,34.273555755615234
11354,24.8402042388916
11355,31.536426544189453
11356,32.273292541503906
11357,32.62682342529297
11358,48.2114143371582
11359,38.66884994506836
11360,44.28879165649414
11361,50.82114028930664
11362,39.70903396606445
11363,59.48286819458008
11364,30.499683380126953
11365,52.98868179321289
11366,31.460939407348633
11367,25.29193878173828
11368,31.42603302001953
11369,39.95656967163086
11370,55.38688278198242
11371,23.041475296020508
11372,39.0584602355957
11373,47.199554443359375
11374,48.62678909301758
11375,26.64609718322754
11376,32.65174102783203
11377,41.43083953857422
11378,43.79705047607422
11379,31.75592041015625
11380,53.33157730102539
11381,24.118961334228516
11382,38.488800048828125
11383,34.26581954956055
11384,24.83106803894043
11385,31.52656364440918
11386,32.26374816894531
11387,32.62489700317383
11388,48.20053482055664
11389,38.66138458251953
11390,44.282474517822266
11391,50.811439514160156
11392,39.703369140625
11393,59.4710807800293
11394,30.493303298950195
11395,52.98400115966797
11396,31.456653594970703
11397,25.282182693481445
11398,31.42005729675293
11399,39.95256423950195
11400,55.38246536254883
11401,23.037288665771484
11402,39.052162170410156
11403,47.198036193847656
11404,48.62163162231445
11405,26.64205551147461
11406,32.64252471923828
11407,41.42749786376953
11408,43.79000473022461
11409,31.74957275390625
11410,53.322845458984375
11411,24.113683700561523
11412,38.48271942138672
11413,34.258155822753906
11414,24.821903228759766
11415,31.516738891601562
11416,32.25425338745117
11417,32.62295150756836
11418,48.1896858215332
11419,38.65400695800781
11420,44.27615737915039
11421,50.80178451538086
11422,39.697715759277344
11423,59.45941162109375
11424,30.48695182800293
11425,52.97920608520508
11426,31.452322006225586
11427,25.272523880004883
11428,31.41411781311035
11429,39.948490142822266
11430,55.378028869628906
11431,23.033126831054688
11432,39.045833587646484
11433,47.196468353271484
11434,48.61650466918945
11435,26.638093948364258
11436,32.6334342956543
11437,41.4241943359375
11438,43.78296661376953
11439,31.743152618408203
11440,53.31416702270508
11441,24.108551025390625
11442,38.47662353515625
11443,34.25056076049805
11444,24.812883377075195
11445,31.507061004638672
11446,32.24479675292969
11447,32.621055603027344
11448,48.178829193115234
11449,38.64662170410156
11450,44.269935607910156
11451,50.79208755493164
11452,39.6920280456543
11453,59.4477653503418
11454,30.4807071685791
11455,52.97444152832031
11456,31.447956085205078
11457,25.262792587280273
11458,31.408126831054688
11459,39.94435501098633
11460,55.37356948852539
11461,23.029081344604492
11462,39.03952407836914
11463,47.19489669799805
11464,48.61137771606445
11465,26.634098052978516
11466,32.62439727783203
11467,41.42094039916992
11468,43.77597427368164
11469,31.736799240112305
11470,53.30549240112305
11471,24.103410720825195
11472,38.470523834228516
11473,34.24308395385742
11474,24.80385971069336
11475,31.497365951538086
11476,32.23539352416992
11477,32.6191520690918
11478,48.168025970458984
11479,38.63934326171875
11480,44.26369857788086
11481,50.782466888427734
11482,39.686424255371094
11483,59.43620681762695
11484,30.474454879760742
11485,52.96966552734375
11486,31.443490982055664
11487,25.253210067749023
11488,31.40213966369629
11489,39.940155029296875
11490,55.369075775146484
11491,23.025041580200195
11492,39.033199310302734
11493,47.193328857421875
11494,48.60637664794922
11495,26.630151748657227
11496,32.61540985107422
11497,41.41768264770508
11498,43.76895523071289
11499,31.73040008544922
11500,53.29685974121094
11501,24.098323822021484
11502,38.46441650390625
11503,34.23568344116211
11504,24.794940948486328
11505,31.487756729125977
11506,32.22605514526367
11507,32.6173095703125
11508,48.157222747802734
11509,38.63212966918945
11510,44.25748062133789
11511,50.77283477783203
11512,39.68080139160156
11513,59.424766540527344
11514,30.4682674407959
11515,52.96477127075195
11516,31.439062118530273
11517,25.243635177612305
11518,31.396156311035156
11519,39.93589401245117
11520,55.36454391479492
11521,23.021129608154297
11522,39.02684020996094
11523,47.191776275634766
11524,48.60138702392578
11525,26.62622833251953
11526,32.6064453125
11527,41.41444396972656
11528,43.76194763183594
11529,31.72406578063965
11530,53.28825759887695
11531,24.093372344970703
11532,38.45829391479492
11533,34.22836685180664
11534,24.78606605529785
11535,31.47824478149414
11536,32.216712951660156
11537,32.6154670715332
11538,48.14638137817383
11539,38.62487030029297
11540,44.25130844116211
11541,50.763240814208984
11542,39.67516326904297
11543,59.413352966308594
11544,30.46209716796875
11545,52.95988464355469
11546,31.43452262878418
11547,25.234176635742188
11548,31.390159606933594
11549,39.93166732788086
11550,55.3599853515625
11551,23.017227172851562
11552,39.020469665527344
11553,47.19017791748047
11554,48.596405029296875
11555,26.62227439880371
11556,32.59763717651367
11557,41.4112434387207
11558,43.754920959472656
11559,31.717689514160156
11560,53.27973937988281
11561,24.088380813598633
11562,38.45217514038086
11563,34.221134185791016
11564,24.777238845825195
11565,31.46877098083496
11566,32.20748519897461
11567,32.61368179321289
11568,48.1356086730957
11569,38.617713928222656
11570,44.24517059326172
11571,50.75362014770508
11572,39.66957092285156
11573,59.40203094482422
11574,30.455982208251953
11575,52.95496368408203
11576,31.429967880249023
11577,25.224639892578125
11578,31.38422393798828
11579,39.92729949951172
11580,55.355369567871094
11581,23.013450622558594
11582,39.01410675048828
11583,47.18857192993164
11584,48.59147262573242
11585,26.618440628051758
11586,32.588844299316406
11587,41.40800094604492
11588,43.747859954833984
11589,31.711410522460938
11590,53.271202087402344
11591,24.0834903717041
11592,38.44599533081055
11593,34.213993072509766
11594,24.768482208251953
11595,31.45940589904785
11596,32.19831085205078
11597,32.611873626708984
11598,48.12485885620117
11599,38.61058807373047
11600,44.2390251159668
11601,50.743980407714844
11602,39.66400146484375
11603,59.3907470703125
11604,30.449926376342773
11605,52.95001220703125
11606,31.42546272277832
11607,25.215225219726562
11608,31.37826919555664
11609,39.92292785644531
11610,55.35068130493164
11611,23.00971031188965
11612,39.00773620605469
11613,47.186946868896484
11614,48.58654022216797
11615,26.614606857299805
11616,32.5800666809082
11617,41.40479278564453
11618,43.74089431762695
11619,31.705116271972656
11620,53.26276397705078
11621,24.078685760498047
11622,38.43987274169922
11623,34.206993103027344
11624,24.759780883789062
11625,31.450096130371094
11626,32.189109802246094
11627,32.610023498535156
11628,48.11409378051758
11629,38.6035270690918
11630,44.232948303222656
11631,50.73438262939453
11632,39.65838623046875
11633,59.37943649291992
11634,30.44388771057129
11635,52.94501495361328
11636,31.42083740234375
11637,25.20588493347168
11638,31.37234115600586
11639,39.918575286865234
11640,55.34599304199219
11641,23.0059871673584
11642,39.00141906738281
11643,47.185264587402344
11644,48.58164978027344
11645,26.61073875427246
11646,32.57138442993164
11647,41.401573181152344
11648,43.733863830566406
11649,31.6989688873291
11650,53.25432205200195
11651,24.073863983154297
11652,38.43368911743164
11653,34.200042724609375
11654,24.751155853271484
11655,31.440750122070312
11656,32.180057525634766
11657,32.6082763671875
11658,48.103370666503906
11659,38.59648513793945
11660,44.226898193359375
11661,50.72481155395508
11662,39.65284729003906
11663,59.3682975769043
11664,30.4378604888916
11665,52.939998626708984
11666,31.41627311706543
11667,25.196571350097656
11668,31.366439819335938
11669,39.91416931152344
11670,55.34130859375
11671,23.00234031677246
11672,38.99501419067383
11673,47.18360900878906
11674,48.57676696777344
11675,26.606962203979492
11676,32.56269836425781
11677,41.398399353027344
11678,43.726844787597656
11679,31.692726135253906
11680,53.24589538574219
11681,24.06910514831543
11682,38.42756271362305
11683,34.19316864013672
11684,24.742544174194336
11685,31.431529998779297
11686,32.17095947265625
11687,32.60649490356445
11688,48.09268569946289
11689,38.589500427246094
11690,44.22090148925781
11691,50.71528625488281
11692,39.64728927612305
11693,59.35710906982422
11694,30.431825637817383
11695,52.93494415283203
11696,31.411640167236328
11697,25.18735694885254
11698,31.360506057739258
11699,39.90974426269531
11700,55.336490631103516
11701,22.998746871948242
11702,38.98868179321289
11703,47.1818733215332
11704,48.57191467285156
11705,26.603185653686523
11706,32.55415344238281
11707,41.39521789550781
11708,43.71986389160156
11709,31.686552047729492
11710,53.23752212524414
11711,24.06441879272461
11712,38.42140197753906
11713,34.18632888793945
11714,24.734018325805664
11715,31.42238998413086
11716,32.1619758605957
11717,32.604759216308594
11718,48.08199691772461
11719,38.582550048828125
11720,44.21487808227539
11721,50.70574188232422
11722,39.64173889160156
11723,59.34605026245117
11724,30.42587661743164
11725,52.92984390258789
11726,31.40705680847168
11727,25.178142547607422
11728,31.354660034179688
11729,39.90530776977539
11730,55.33162307739258
11731,22.995174407958984
11732,38.982303619384766
11733,47.180198669433594
11734,48.5670280456543
11735,26.599437713623047
11736,32.545623779296875
11737,41.39201736450195
11738,43.7128791809082
11739,31.6804141998291
11740,53.22920227050781
11741,24.059757232666016
11742,38.415279388427734
11743,34.179595947265625
11744,24.725547790527344
11745,31.413236618041992
11746,32.153018951416016
11747,32.60297775268555
11748,48.07133483886719
11749,38.57563018798828
11750,44.20896530151367
11751,50.69624328613281
11752,39.636287689208984
11753,59.33491134643555
11754,30.419946670532227
11755,52.92469787597656
11756,31.40243148803711
11757,25.169025421142578
11758,31.348791122436523
11759,39.90086364746094
11760,55.32676696777344
11761,22.99165916442871
11762,38.975921630859375
11763,47.17842102050781
11764,48.56216812133789
11765,26.595727920532227
11766,32.537071228027344
11767,41.388771057128906
11768,43.705928802490234
11769,31.674358367919922
11770,53.22085952758789
11771,24.055099487304688
11772,38.40914535522461
11773,34.1729621887207
11774,24.717132568359375
11775,31.404155731201172
11776,32.1441764831543
11777,32.601261138916016
11778,48.06067657470703
11779,38.56879806518555
11780,44.20301818847656
11781,50.68677520751953
11782,39.630775451660156
11783,59.32392501831055
11784,30.414037704467773
11785,52.91956329345703
11786,31.39776611328125
11787,25.15996742248535
11788,31.342939376831055
11789,39.896427154541016
11790,55.321922302246094
11791,22.988149642944336
11792,38.969581604003906
11793,47.176658630371094
11794,48.55730056762695
11795,26.592016220092773
11796,32.52858352661133
11797,41.385536193847656
11798,43.69895553588867
11799,31.668262481689453
11800,53.212623596191406
11801,24.050559997558594
11802,38.40303421020508
11803,34.16643142700195
11804,24.708797454833984
11805,31.395174026489258
11806,32.13532638549805
11807,32.59950256347656
11808,48.05009460449219
11809,38.56199645996094
11810,44.197113037109375
11811,50.677330017089844
11812,39.62527084350586
11813,59.31293487548828
11814,30.408113479614258
11815,52.914405822753906
11816,31.39312744140625
11817,25.150959014892578
11818,31.33710289001465
11819,39.89195251464844
11820,55.31697463989258
11821,22.98468589782715
11822,38.9632453918457
11823,47.174842834472656
11824,48.552459716796875
11825,26.5883731842041
11826,32.52019500732422
11827,41.382354736328125
11828,43.69200134277344
11829,31.6622314453125
11830,53.204383850097656
11831,24.046091079711914
11832,38.39689254760742
11833,34.159912109375
11834,24.700469970703125
11835,31.386232376098633
11836,32.12654495239258
11837,32.597782135009766
11838,48.039520263671875
11839,38.55514907836914
11840,44.191280364990234
11841,50.66787338256836
11842,39.61981201171875
11843,59.30195999145508
11844,30.402202606201172
11845,52.909156799316406
11846,31.38848876953125
11847,25.142044067382812
11848,31.33128547668457
11849,39.88747024536133
11850,55.311954498291016
11851,22.981287002563477
11852,38.956947326660156
11853,47.17301559448242
11854,48.54761505126953
11855,26.584753036499023
11856,32.51179122924805
11857,41.37910079956055
11858,43.68505096435547
11859,31.656253814697266
11860,53.19611740112305
11861,24.041568756103516
11862,38.39081573486328
11863,34.15353775024414
11864,24.692180633544922
11865,31.377286911010742
11866,32.11779022216797
11867,32.5960578918457
11868,48.0289421081543
11869,38.54840850830078
11870,44.18541717529297
11871,50.658390045166016
11872,39.61439895629883
11873,59.29107666015625
11874,30.39634132385254
11875,52.90393829345703
11876,31.38385581970215
11877,25.13312339782715
11878,31.325496673583984
11879,39.88304901123047
11880,55.306915283203125
11881,22.977907180786133
11882,38.95063018798828
11883,47.171173095703125
11884,48.54275894165039
11885,26.581188201904297
11886,32.50349807739258
11887,41.3758544921875
11888,43.67813491821289
11889,31.65032386779785
11890,53.18794250488281
11891,24.03716278076172
11892,38.384735107421875
11893,34.14722442626953
11894,24.683977127075195
11895,31.36840057373047
11896,32.109134674072266
11897,32.594322204589844
11898,48.01841735839844
11899,38.541690826416016
11900,44.17961502075195
11901,50.649017333984375
11902,39.60895538330078
11903,59.280181884765625
11904,30.390499114990234
11905,52.89860153198242
11906,31.379175186157227
11907,25.124351501464844
11908,31.319738388061523
11909,39.87858200073242
11910,55.301841735839844
11911,22.974531173706055
11912,38.94431686401367
11913,47.169254302978516
11914,48.537940979003906
11915,26.5776309967041
11916,32.49517059326172
11917,41.372623443603516
11918,43.67118835449219
11919,31.644479751586914
11920,53.17973709106445
11921,24.032756805419922
11922,38.37860870361328
11923,34.140960693359375
11924,24.67583656311035
11925,31.359556198120117
11926,32.100494384765625
11927,32.59261703491211
11928,48.00790023803711
11929,38.53498458862305
11930,44.173892974853516
11931,50.63962173461914
11932,39.603511810302734
11933,59.269317626953125
11934,30.384658813476562
11935,52.8932991027832
11936,31.37447738647461
11937,25.11558723449707
11938,31.314041137695312
11939,39.874122619628906
11940,55.29671096801758
11941,22.97123908996582
11942,38.93806076049805
11943,47.16731643676758
11944,48.533042907714844
11945,26.574111938476562
11946,32.4869384765625
11947,41.36930847167969
11948,43.66425323486328
11949,31.638673782348633
11950,53.171573638916016
11951,24.028419494628906
11952,38.37263870239258
11953,34.134742736816406
11954,24.667741775512695
11955,31.35079002380371
11956,32.091915130615234
11957,32.590885162353516
11958,47.99744415283203
11959,38.52839279174805
11960,44.168121337890625
11961,50.630226135253906
11962,39.59809875488281
11963,59.25847244262695
11964,30.378868103027344
11965,52.887916564941406
11966,31.369909286499023
11967,25.10688591003418
11968,31.30834197998047
11969,39.869651794433594
11970,55.291542053222656
11971,22.967945098876953
11972,38.93178939819336
11973,47.165374755859375
11974,48.52813720703125
11975,26.57064437866211
11976,32.478755950927734
11977,41.36602020263672
11978,43.657405853271484
11979,31.63287353515625
11980,53.16350173950195
11981,24.02410125732422
11982,38.366539001464844
11983,34.128662109375
11984,24.659658432006836
11985,31.3420467376709
11986,32.08342742919922
11987,32.58918380737305
11988,47.98695373535156
11989,38.52183532714844
11990,44.16242599487305
11991,50.620887756347656
11992,39.592735290527344
11993,59.2476692199707
11994,30.373037338256836
11995,52.88250732421875
11996,31.365253448486328
11997,25.09827423095703
11998,31.302650451660156
11999,39.86517333984375
12000,55.28632354736328
