iteration,loss
1,1017.12646484375
2,803.241943359375
3,717.4722900390625
4,684.8754272460938
5,564.6436157226562
6,831.198974609375
7,1017.5704345703125
8,840.149169921875
9,765.9756469726562
10,548.541259765625
11,650.8790283203125
12,752.5599975585938
13,540.602783203125
14,942.4954223632812
15,892.5667114257812
16,723.8572998046875
17,583.278076171875
18,738.00244140625
19,680.0555419921875
20,537.7763061523438
21,617.3322143554688
22,613.5808715820312
23,617.1139526367188
24,675.6646728515625
25,712.2745361328125
26,784.5076904296875
27,588.1177978515625
28,507.83453369140625
29,720.1185913085938
30,783.853759765625
31,701.7492065429688
32,628.78662109375
33,773.62158203125
34,696.2530517578125
35,548.1215209960938
36,639.6427001953125
37,655.3585205078125
38,648.6387939453125
39,712.545166015625
40,407.3601379394531
41,564.9199829101562
42,634.820068359375
43,548.916259765625
44,610.3646850585938
45,813.0048828125
46,576.791259765625
47,592.946044921875
48,427.01824951171875
49,843.431640625
50,510.18634033203125
51,680.376953125
52,584.8509521484375
53,799.7381591796875
54,549.2847900390625
55,580.765869140625
56,668.5875244140625
57,618.4576416015625
58,684.9310302734375
59,473.5086669921875
60,558.5751953125
61,596.0074462890625
62,736.1069946289062
63,595.733642578125
64,506.62493896484375
65,492.1804504394531
66,402.1751708984375
67,582.6295166015625
68,723.2622680664062
69,589.79345703125
70,562.392822265625
71,393.2288818359375
72,412.76617431640625
73,525.6489868164062
74,376.30609130859375
75,633.3933715820312
76,584.7254638671875
77,475.82672119140625
78,387.4683532714844
79,481.5437927246094
80,443.75360107421875
81,369.1903991699219
82,389.7307434082031
83,422.3827209472656
84,399.5792236328125
85,409.31524658203125
86,460.8348693847656
87,480.343505859375
88,348.38201904296875
89,306.58123779296875
90,434.3313293457031
91,474.6120300292969
92,417.0201721191406
93,343.4630432128906
94,446.82745361328125
95,410.88232421875
96,310.9927062988281
97,410.56219482421875
98,374.70391845703125
99,344.1899108886719
100,397.30230712890625
101,220.9251251220703
102,348.5343017578125
103,356.1167297363281
104,295.2467041015625
105,342.391357421875
106,484.0497131347656
107,290.3721008300781
108,309.7746887207031
109,240.10940551757812
110,473.9443054199219
111,262.1748046875
112,347.1327209472656
113,313.0842590332031
114,369.0344543457031
115,295.553955078125
116,252.0886993408203
117,320.22161865234375
118,286.50494384765625
119,298.2177429199219
120,205.82843017578125
121,244.90196228027344
122,235.10784912109375
123,327.06292724609375
124,289.37933349609375
125,204.7166748046875
126,210.23939514160156
127,185.46617126464844
128,242.4525909423828
129,297.1853942871094
130,234.3748779296875
131,285.2886962890625
132,194.89804077148438
133,125.1583480834961
134,228.79974365234375
135,175.8063507080078
136,224.44236755371094
137,178.91702270507812
138,186.5694580078125
139,160.0795440673828
140,164.40049743652344
141,160.31809997558594
142,174.48243713378906
143,137.2296600341797
144,202.72203063964844
145,146.89503479003906
146,118.03995513916016
147,188.31565856933594
148,144.9530792236328
149,119.13631439208984
150,105.43980407714844
151,128.9495086669922
152,159.9924774169922
153,167.55543518066406
154,85.47136688232422
155,126.72467803955078
156,119.59061431884766
157,112.48731231689453
158,225.0515899658203
159,99.42415618896484
160,66.7645034790039
161,124.6705322265625
162,114.7806625366211
163,160.05032348632812
164,296.52117919921875
165,103.09854125976562
166,166.64234924316406
167,246.41050720214844
168,115.19414520263672
169,128.20269775390625
170,137.3679962158203
171,191.16363525390625
172,78.54623413085938
173,166.2397003173828
174,108.18218994140625
175,83.269775390625
176,149.23129272460938
177,58.26896667480469
178,136.33348083496094
179,106.5245132446289
180,90.22040557861328
181,71.77481079101562
182,81.13636016845703
183,99.1932601928711
184,103.32504272460938
185,125.51792907714844
186,68.34822082519531
187,57.91329574584961
188,109.96698760986328
189,118.17877197265625
190,107.36585235595703
191,76.54150390625
192,170.33831787109375
193,115.1024398803711
194,78.92967224121094
195,111.20533752441406
196,111.00988006591797
197,90.53909301757812
198,45.54939651489258
199,113.09849548339844
200,91.49459838867188
201,59.03615951538086
202,76.75694274902344
203,104.55765533447266
204,73.28622436523438
205,121.04594421386719
206,73.4122314453125
207,56.17302703857422
208,109.8603744506836
209,60.9508056640625
210,74.38143157958984
211,61.644466400146484
212,77.26239013671875
213,92.35758209228516
214,103.79918670654297
215,55.40908432006836
216,71.92986297607422
217,64.86163330078125
218,72.35726928710938
219,146.0088653564453
220,54.798423767089844
221,39.73237609863281
222,70.23119354248047
223,79.96295928955078
224,99.9193115234375
225,178.6834716796875
226,64.88699340820312
227,95.98554992675781
228,152.32862854003906
229,66.57833862304688
230,84.9538803100586
231,82.77665710449219
232,111.96283721923828
233,50.782981872558594
234,95.89558410644531
235,64.98916625976562
236,51.626792907714844
237,92.80809020996094
238,42.19086456298828
239,76.62338256835938
240,56.45955276489258
241,62.46928024291992
242,42.58306884765625
243,48.50022506713867
244,55.072811126708984
245,71.5157470703125
246,76.04264831542969
247,41.85418701171875
248,44.600711822509766
249,69.95915222167969
250,73.0896224975586
251,76.44771575927734
252,56.962276458740234
253,117.12166595458984
254,72.01917266845703
255,43.2232666015625
256,67.12199401855469
257,68.41961669921875
258,72.83970642089844
259,40.1654167175293
260,65.96436309814453
261,56.19239044189453
262,45.129886627197266
263,49.74586868286133
264,67.28983306884766
265,49.267784118652344
266,76.91259002685547
267,57.66107940673828
268,37.39771270751953
269,69.18836975097656
270,38.84537887573242
271,42.400333404541016
272,41.675411224365234
273,64.27056884765625
274,63.53759002685547
275,51.41958999633789
276,39.84212112426758
277,51.46436309814453
278,50.558738708496094
279,47.13349533081055
280,94.52742004394531
281,44.62271499633789
282,34.071922302246094
283,47.57506561279297
284,49.34929656982422
285,74.50968933105469
286,87.85709381103516
287,48.3394775390625
288,60.26000213623047
289,104.46466064453125
290,42.15305709838867
291,63.983802795410156
292,55.81322479248047
293,82.1633529663086
294,42.47798156738281
295,62.50526809692383
296,51.32432556152344
297,44.91933822631836
298,67.33930206298828
299,39.145782470703125
300,51.98423767089844
301,38.32133483886719
302,54.37010192871094
303,32.9536247253418
304,39.79795455932617
305,38.84518814086914
306,62.640506744384766
307,58.896270751953125
308,35.0318603515625
309,43.954891204833984
310,56.6168212890625
311,56.634910583496094
312,68.60393524169922
313,53.171173095703125
314,98.08721923828125
315,56.49235534667969
316,29.18675422668457
317,52.85317611694336
318,52.55613708496094
319,70.16831970214844
320,43.14071273803711
321,52.4355354309082
322,44.25642013549805
323,43.77548599243164
324,41.72421646118164
325,54.935218811035156
326,41.485599517822266
327,61.8539924621582
328,53.95158767700195
329,31.817014694213867
330,56.657310485839844
331,33.624305725097656
332,31.812061309814453
333,36.09307861328125
334,60.79057693481445
335,54.63595962524414
336,35.075584411621094
337,35.47871398925781
338,46.3044548034668
339,46.71502685546875
340,39.78944778442383
341,79.02543640136719
342,42.35007095336914
343,33.64641189575195
344,41.62578582763672
345,38.356380462646484
346,67.0766372680664
347,58.325809478759766
348,44.12508010864258
349,50.49453353881836
350,90.18568420410156
351,35.816619873046875
352,58.311981201171875
353,47.78287124633789
354,73.73456573486328
355,40.83675765991211
356,53.00761032104492
357,47.719627380371094
358,44.94851303100586
359,60.12559509277344
360,39.29353713989258
361,45.39058303833008
362,34.130340576171875
363,52.79350662231445
364,31.253578186035156
365,38.575374603271484
366,34.8887825012207
367,59.84425354003906
368,53.75847625732422
369,34.32118225097656
370,44.86985778808594
371,53.08647537231445
372,51.74177169799805
373,66.81354522705078
374,52.830970764160156
375,91.55851745605469
376,51.79654312133789
377,24.77191734313965
378,48.67793655395508
379,47.25579833984375
380,70.75634765625
381,45.44828414916992
382,49.26235580444336
383,40.44068145751953
384,44.152870178222656
385,39.52781295776367
386,51.135189056396484
387,38.899105072021484
388,56.678890228271484
389,53.08018493652344
390,30.195308685302734
391,53.07829284667969
392,32.57490539550781
393,28.60545539855957
394,34.68152618408203
395,59.85226058959961
396,51.75429916381836
397,30.25843048095703
398,34.57670974731445
399,45.037776947021484
400,45.55640411376953
401,37.867637634277344
402,74.1383285522461
403,41.7923469543457
404,33.87803649902344
405,39.96534729003906
406,34.49256134033203
407,64.51519012451172
408,48.2429084777832
409,42.98100662231445
410,47.63568115234375
411,85.5391616821289
412,34.10719299316406
413,56.69244384765625
414,44.923187255859375
415,70.68187713623047
416,40.65296173095703
417,49.702999114990234
418,46.45849609375
419,45.48977279663086
420,58.30467987060547
421,39.552391052246094
422,43.14411544799805
423,32.87515640258789
424,52.725013732910156
425,30.6995849609375
426,38.121280670166016
427,33.988704681396484
428,58.675880432128906
429,51.784969329833984
430,34.328468322753906
431,45.658023834228516
432,51.787925720214844
433,50.236228942871094
434,66.62914276123047
435,53.1156120300293
436,88.24471282958984
437,50.15723419189453
438,23.297632217407227
439,47.145389556884766
440,44.84699630737305
441,71.27850341796875
442,46.74049377441406
443,48.506561279296875
444,39.12456130981445
445,44.74782180786133
446,38.85272216796875
447,49.42326354980469
448,37.873050689697266
449,53.937599182128906
450,52.69682312011719
451,29.78345489501953
452,51.755008697509766
453,32.51530456542969
454,27.682910919189453
455,34.30022430419922
456,59.36073684692383
457,50.28706359863281
458,28.64522933959961
459,34.54104995727539
460,44.70283889770508
461,45.125205993652344
462,37.36798858642578
463,72.3415756225586
464,41.53507995605469
465,34.10407638549805
466,39.36772918701172
467,32.799476623535156
468,63.17000961303711
469,44.154388427734375
470,42.41925811767578
471,46.66493225097656
472,83.9017562866211
473,33.59003829956055
474,56.167335510253906
475,43.463531494140625
476,68.82050323486328
477,40.74827194213867
478,48.132568359375
479,45.701839447021484
480,45.82648849487305
481,58.08584213256836
482,39.60404968261719
483,42.12515640258789
484,32.35232925415039
485,52.792457580566406
486,30.4127140045166
487,37.679046630859375
488,33.88591766357422
489,57.64598846435547
490,50.69606399536133
491,34.325767517089844
492,46.152347564697266
493,51.00780487060547
494,49.80586242675781
495,66.97307586669922
496,53.51531982421875
497,86.00740051269531
498,49.52394485473633
499,22.591983795166016
500,46.44929504394531
501,43.3858528137207
502,71.83981323242188
503,47.45222854614258
504,48.390342712402344
505,38.46454620361328
506,45.08557891845703
507,38.561500549316406
508,48.425621032714844
509,37.10591125488281
510,51.982383728027344
511,52.41884231567383
512,29.502548217773438
513,51.156192779541016
514,32.632476806640625
515,27.314746856689453
516,34.117774963378906
517,59.029762268066406
518,49.216224670410156
519,28.03704833984375
520,34.583457946777344
521,44.666011810302734
522,44.99818801879883
523,37.23163986206055
524,71.65982055664062
525,41.29092788696289
526,34.29138946533203
527,39.04208755493164
528,31.787010192871094
529,62.10371398925781
530,42.09812927246094
531,41.91105651855469
532,46.2379150390625
533,83.11225128173828
534,33.442726135253906
535,55.9111328125
536,42.422943115234375
537,67.11275482177734
538,40.83692932128906
539,47.12595748901367
540,45.02817916870117
541,46.10215377807617
542,58.27463912963867
543,39.516563415527344
544,41.49635314941406
545,32.06999206542969
546,52.698822021484375
547,30.282062530517578
548,37.2239875793457
549,33.95257568359375
550,56.36509323120117
551,49.853172302246094
552,34.32726287841797
553,46.50307846069336
554,50.32864761352539
555,49.6471061706543
556,67.33091735839844
557,53.85315704345703
558,83.86369323730469
559,49.2028694152832
560,22.224782943725586
561,46.00544738769531
562,42.176448822021484
563,72.29866790771484
564,47.839073181152344
565,48.45211410522461
566,38.04329299926758
567,45.26874542236328
568,38.387657165527344
569,47.62407684326172
570,36.35066604614258
571,50.162391662597656
572,52.15010070800781
573,29.19519805908203
574,50.790870666503906
575,32.79142761230469
576,27.116533279418945
577,33.95100021362305
578,58.73575973510742
579,48.197059631347656
580,27.797136306762695
581,34.57862854003906
582,44.745113372802734
583,45.034385681152344
584,37.20305252075195
585,71.44520568847656
586,40.98455810546875
587,34.460453033447266
588,38.77544021606445
589,30.973295211791992
590,61.035221099853516
591,40.81789016723633
592,41.3137092590332
593,45.98680877685547
594,82.6022720336914
595,33.42572784423828
596,55.71734619140625
597,41.466800689697266
598,65.26615142822266
599,40.898643493652344
600,46.266685485839844
601,44.332393646240234
602,46.368614196777344
603,58.62763214111328
604,39.32070541381836
605,40.95909881591797
606,31.842300415039062
607,52.452064514160156
608,30.20797348022461
609,36.70058059692383
610,34.05461120605469
611,54.815452575683594
612,49.049774169921875
613,34.31129837036133
614,46.80290222167969
615,49.619510650634766
616,49.58485412597656
617,67.69818115234375
618,54.164878845214844
619,81.60592651367188
620,48.99375915527344
621,21.98358726501465
622,45.64303970336914
623,41.00846481323242
624,72.71673583984375
625,48.065670013427734
626,48.57255935668945
627,37.70541763305664
628,45.3674430847168
629,38.254249572753906
630,46.87436294555664
631,35.558265686035156
632,48.314544677734375
633,51.88779830932617
634,28.84485626220703
635,50.5047721862793
636,32.96998596191406
637,26.972745895385742
638,33.768409729003906
639,58.45429992675781
640,47.15987014770508
641,27.703079223632812
642,34.52829360961914
643,44.87757873535156
644,45.1710090637207
645,37.21352005004883
646,71.43293762207031
647,40.62865447998047
648,34.624942779541016
649,38.51732635498047
650,30.225601196289062
651,59.926658630371094
652,39.87845993041992
653,40.63368606567383
654,45.799983978271484
655,82.1928939819336
656,33.46180725097656
657,55.53739929199219
658,40.52590560913086
659,63.29270935058594
660,40.941410064697266
661,45.44974136352539
662,43.62076950073242
663,46.64576721191406
664,59.05964660644531
665,39.05497360229492
666,40.442161560058594
667,31.626937866210938
668,52.088356018066406
669,30.170269012451172
670,36.13331604003906
671,34.154991149902344
672,53.06421661376953
673,48.2548828125
674,34.291053771972656
675,47.08493423461914
676,48.87305450439453
677,49.5590705871582
678,68.04978942871094
679,54.452362060546875
680,79.21749877929688
681,48.830692291259766
682,21.817659378051758
683,45.31489562988281
684,39.83976364135742
685,73.08795928955078
686,48.18878936767578
687,48.71464538574219
688,37.42081069946289
689,45.42363357543945
690,38.145904541015625
691,46.13663101196289
692,34.74850082397461
693,46.4068603515625
694,51.64030075073242
695,28.482620239257812
696,50.244468688964844
697,33.179500579833984
698,26.88239288330078
699,33.577396392822266
700,58.16361618041992
701,46.089534759521484
702,27.681196212768555
703,34.46821975708008
704,45.03163146972656
705,45.37840270996094
706,37.250858306884766
707,71.51280975341797
708,40.23446273803711
709,34.78258514404297
710,38.25212478637695
711,29.51036262512207
712,58.77668380737305
713,39.14638900756836
714,39.87017822265625
715,45.6426887512207
716,81.85418701171875
717,33.51560974121094
718,55.362361907958984
719,39.57713317871094
720,61.208255767822266
721,40.97434616088867
722,44.63154220581055
723,42.90277099609375
724,46.929351806640625
725,59.56217575073242
726,38.7286376953125
727,39.91252899169922
728,31.39919090270996
729,51.62582015991211
730,30.14963150024414
731,35.51956558227539
732,34.24174880981445
733,51.1424560546875
734,47.46031188964844
735,34.26707458496094
736,47.36121368408203
737,48.08688735961914
738,49.549625396728516
739,68.3787841796875
740,54.71445083618164
741,76.70372772216797
742,48.68797302246094
743,21.70855140686035
744,45.006591796875
745,38.66201400756836
746,73.39427185058594
747,48.223793029785156
748,48.85984802246094
749,37.1871223449707
750,45.45797348022461
751,38.06155014038086
752,45.40182113647461
753,33.94398880004883
754,44.44575119018555
755,51.418006896972656
756,28.127056121826172
757,49.99169921875
758,33.423221588134766
759,26.838058471679688
760,33.380226135253906
761,57.86528015136719
762,44.99497985839844
763,27.698974609375
764,34.399925231933594
765,45.19822311401367
766,45.65134811401367
767,37.30500411987305
768,71.65023803710938
769,39.812747955322266
770,34.940528869628906
771,37.975799560546875
772,28.813037872314453
773,57.604000091552734
774,38.568756103515625
775,39.028839111328125
776,45.50041961669922
777,81.5734634399414
778,33.570892333984375
779,55.189361572265625
780,38.625160217285156
781,59.047000885009766
782,40.999229431152344
783,43.805885314941406
784,42.1947135925293
785,47.221092224121094
786,60.11685562133789
787,38.35296630859375
788,39.36476516723633
789,31.155359268188477
790,51.07462692260742
791,30.144235610961914
792,34.87546157836914
793,34.302249908447266
794,49.09316635131836
795,46.67815017700195
796,34.246578216552734
797,47.63546371459961
798,47.27473831176758
799,49.54249572753906
800,68.6764907836914
801,54.94809341430664
802,74.11345672607422
803,48.554256439208984
804,21.642099380493164
805,44.71765899658203
806,37.48911666870117
807,73.64166259765625
808,48.186832427978516
809,49.00233840942383
810,36.99120330810547
811,45.46866226196289
812,37.99506378173828
813,44.683326721191406
814,33.14588928222656
815,42.46974563598633
816,51.22679901123047
817,27.769323348999023
818,49.74776077270508
819,33.690528869628906
820,26.813709259033203
821,33.17720031738281
822,57.576881408691406
823,43.899173736572266
824,27.73944664001465
825,34.318241119384766
826,45.377159118652344
827,45.982521057128906
828,37.369571685791016
829,71.8266830444336
830,39.37886428833008
831,35.10516357421875
832,37.69229507446289
833,28.1353702545166
834,56.43269729614258
835,38.116878509521484
836,38.13126754760742
837,45.368038177490234
838,81.33747863769531
839,33.62350845336914
840,55.018775939941406
841,37.687339782714844
842,56.8585205078125
843,41.017337799072266
844,42.98421096801758
845,41.510807037353516
846,47.519474029541016
847,60.708213806152344
848,37.94423294067383
849,38.80677032470703
850,30.89914321899414
851,50.459381103515625
852,30.146400451660156
853,34.21324920654297
854,34.33675003051758
855,46.980255126953125
856,45.92414093017578
857,34.22882080078125
858,47.903221130371094
859,46.457664489746094
860,49.53369903564453
861,68.93858337402344
862,55.150047302246094
863,71.51058197021484
864,48.42341995239258
865,21.614025115966797
866,44.452110290527344
867,36.3426628112793
868,73.82929992675781
869,48.09406280517578
870,49.13886260986328
871,36.826026916503906
872,45.45690155029297
873,37.94218826293945
874,44.0001335144043
875,32.3652229309082
876,40.5362663269043
877,51.07185363769531
878,27.408132553100586
879,49.518192291259766
880,33.96942138671875
881,26.79039764404297
882,32.97367858886719
883,57.31649398803711
884,42.835880279541016
885,27.790321350097656
886,34.223506927490234
887,45.5671272277832
888,46.36072540283203
889,37.438838958740234
890,72.02933502197266
891,38.95152282714844
892,35.28265380859375
893,37.41126251220703
894,27.485977172851562
895,55.30024337768555
896,37.769535064697266
897,37.20969009399414
898,45.24445724487305
899,81.14469146728516
900,33.67168045043945
901,54.853275299072266
902,36.78936767578125
903,54.70878982543945
904,41.02654266357422
905,42.19285583496094
906,40.865020751953125
907,47.82953643798828
908,61.30217361450195
909,37.520057678222656
910,38.25841522216797
911,30.645654678344727
912,49.80128479003906
913,30.158977508544922
914,33.553993225097656
915,34.347007751464844
916,44.86417770385742
917,45.212181091308594
918,34.215538024902344
919,48.1627082824707
920,45.6558952331543
921,49.53221130371094
922,69.18604278564453
923,55.33235549926758
924,68.96588897705078
925,48.30086898803711
926,21.607023239135742
927,44.215675354003906
928,35.243682861328125
929,74.01409149169922
930,47.97378921508789
931,49.28215408325195
932,36.650447845458984
933,45.39364242553711
934,37.88237762451172
935,43.38990783691406
936,31.571815490722656
937,38.716697692871094
938,50.95219039916992
939,26.996477127075195
940,49.324806213378906
941,34.22475814819336
942,26.715890884399414
943,32.769046783447266
944,57.12112045288086
945,41.84990692138672
946,27.8478946685791
947,34.10505676269531
948,45.77186965942383
949,46.767738342285156
950,37.509056091308594
951,72.24557495117188
952,38.55241775512695
953,35.464786529541016
954,37.14824295043945
955,26.896892547607422
956,54.2453498840332
957,37.524024963378906
958,36.32184982299805
959,45.1356315612793
960,80.97428131103516
961,33.722991943359375
962,54.69484329223633
963,35.972232818603516
964,52.70032501220703
965,41.02265930175781
966,41.475887298583984
967,40.27684783935547
968,48.14649963378906
969,61.856510162353516
970,37.10608673095703
971,37.75025177001953
972,30.413129806518555
973,49.14348220825195
974,30.17885398864746
975,32.925628662109375
976,34.34250259399414
977,42.85541915893555
978,44.566429138183594
979,34.20671463012695
980,48.40690612792969
981,44.900638580322266
982,49.53157043457031
983,69.4018783569336
984,55.48240280151367
985,66.52983856201172
986,48.18816375732422
987,21.63531494140625
988,44.01813507080078
989,34.20614242553711
990,74.14328002929688
991,47.807804107666016
992,49.42288589477539
993,36.505287170410156
994,45.3085823059082
995,37.83544921875
996,42.83401107788086
997,30.81494140625
998,36.9948616027832
999,50.866119384765625
1000,26.59447479248047
1001,49.15687561035156
1002,34.48558044433594
1003,26.65162467956543
1004,32.576805114746094
1005,56.95808410644531
1006,40.922855377197266
1007,27.92279624938965
1008,33.9940185546875
1009,45.98032760620117
1010,47.19856262207031
1011,37.58890151977539
1012,72.47442626953125
1013,38.17158889770508
1014,35.645606994628906
1015,36.89833068847656
1016,26.360595703125
1017,53.25389099121094
1018,37.39726257324219
1019,35.44303894042969
1020,45.04380798339844
1021,80.8618392944336
1022,33.77184295654297
1023,54.55052185058594
1024,35.21575927734375
1025,50.80406951904297
1026,41.01481246948242
1027,40.81112289428711
1028,39.73580551147461
1029,48.45933151245117
1030,62.40871047973633
1031,36.69499588012695
1032,37.268863677978516
1033,30.19078254699707
1034,48.49002456665039
1035,30.194826126098633
1036,32.31010818481445
1037,34.329097747802734
1038,40.93836212158203
1039,43.97628402709961
1040,34.19496154785156
1041,48.638484954833984
1042,44.1902961730957
1043,49.55543518066406
1044,69.63096618652344
1045,55.624168395996094
1046,64.24890899658203
1047,48.09552764892578
1048,21.672101974487305
1049,43.8597526550293
1050,33.23609161376953
1051,74.24884796142578
1052,47.61226272583008
1053,49.56291198730469
1054,36.39015197753906
1055,45.213871002197266
1056,37.80644989013672
1057,42.32477951049805
1058,30.11294174194336
1059,35.371517181396484
1060,50.81157302856445
1061,26.230920791625977
1062,49.00771713256836
1063,34.76535415649414
1064,26.620655059814453
1065,32.404197692871094
1066,56.81711959838867
1067,40.05209732055664
1068,28.012920379638672
1069,33.905513763427734
1070,46.18925476074219
1071,47.65040588378906
1072,37.68073272705078
1073,72.70796203613281
1074,37.810604095458984
1075,35.83106994628906
1076,36.66421127319336
1077,25.866254806518555
1078,52.32864761352539
1079,37.36395263671875
1080,34.573219299316406
1081,44.96598815917969
1082,80.82400512695312
1083,33.81415557861328
1084,54.42900466918945
1085,34.50953674316406
1086,49.02603530883789
1087,41.018341064453125
1088,40.181663513183594
1089,39.24348068237305
1090,48.77007293701172
1091,62.9807014465332
1092,36.29558181762695
1093,36.804325103759766
1094,29.972421646118164
1095,47.86126708984375
1096,30.20244789123535
1097,31.7080135345459
1098,34.313087463378906
1099,39.134239196777344
1100,43.43932342529297
1101,34.18250274658203
1102,48.86613082885742
1103,43.53101348876953
1104,49.61006164550781
1105,69.88858795166016
1106,55.771026611328125
1107,62.156341552734375
1108,48.02595138549805
1109,21.70185089111328
1110,43.7358283996582
1111,32.335723876953125
1112,74.3238296508789
1113,47.396644592285156
1114,49.69378662109375
1115,36.332130432128906
1116,45.141910552978516
1117,37.815853118896484
1118,41.84107208251953
1119,29.50794219970703
1120,33.84134292602539
1121,50.78573989868164
1122,25.961383819580078
1123,48.86574935913086
1124,35.09358215332031
1125,26.674787521362305
1126,32.259830474853516
1127,56.673301696777344
1128,39.22611618041992
1129,28.12906265258789
1130,33.863243103027344
1131,46.39692687988281
1132,48.12840270996094
1133,37.792144775390625
1134,72.95663452148438
1135,37.463836669921875
1136,36.03221893310547
1137,36.44853210449219
1138,25.400251388549805
1139,51.464900970458984
1140,37.43286895751953
1141,33.696128845214844
1142,44.90708923339844
1143,80.89105987548828
1144,33.85660171508789
1145,54.33836364746094
1146,33.839996337890625
1147,47.33692169189453
1148,41.0401496887207
1149,39.578125
1150,38.78888702392578
1151,49.0958366394043
1152,63.60230255126953
1153,35.89925003051758
1154,36.34967041015625
1155,29.75865364074707
1156,47.2457160949707
1157,30.208101272583008
1158,31.10602569580078
1159,34.298439025878906
1160,37.40150451660156
1161,42.947059631347656
1162,34.17316436767578
1163,49.10196304321289
1164,42.91217803955078
1165,49.700843811035156
1166,70.18265533447266
1167,55.92725372314453
1168,60.1964111328125
1169,47.984432220458984
1170,21.736473083496094
1171,43.65013122558594
1172,31.487028121948242
1173,74.38758087158203
1174,47.167606353759766
1175,49.82307815551758
1176,36.31132507324219
1177,45.077911376953125
1178,37.85626220703125
1179,41.39830780029297
1180,28.966588973999023
1181,32.421409606933594
1182,50.795005798339844
1183,25.748340606689453
1184,48.73930358886719
1185,35.450992584228516
1186,26.772554397583008
1187,32.137630462646484
1188,56.551761627197266
1189,38.46370315551758
1190,28.256576538085938
1191,33.84940719604492
1192,46.60853958129883
1193,48.63125991821289
1194,37.912899017333984
1195,73.21492767333984
1196,37.143516540527344
1197,36.25897216796875
1198,36.25641632080078
1199,24.96266746520996
1200,50.683013916015625
1201,37.56370162963867
1202,32.838260650634766
1203,44.85948944091797
1204,81.03792572021484
1205,33.89594268798828
1206,54.27503204345703
1207,33.2225227355957
1208,45.781429290771484
1209,41.0782585144043
1210,39.01449966430664
1211,38.384735107421875
1212,49.436317443847656
1213,64.23551940917969
1214,35.52381134033203
1215,35.91621780395508
1216,29.55724334716797
1217,46.65916442871094
1218,30.216548919677734
1219,30.529844284057617
1220,34.277400970458984
1221,35.7916374206543
1222,42.51068878173828
1223,34.171573638916016
1224,49.34233856201172
1225,42.350624084472656
1226,49.81144332885742
1227,70.49139404296875
1228,56.08376693725586
1229,58.40928268432617
1230,47.962608337402344
1231,21.778629302978516
1232,43.599422454833984
1233,30.70555305480957
1234,74.43704223632812
1235,46.93284606933594
1236,49.94578552246094
1237,36.3115119934082
1238,45.00764465332031
1239,37.915489196777344
1240,41.01148986816406
1241,28.47265625
1242,31.138954162597656
1243,50.83469772338867
1244,25.56114387512207
1245,48.63857650756836
1246,35.80956268310547
1247,26.8751277923584
1248,32.03089904785156
1249,56.47402572631836
1250,37.779388427734375
1251,28.3922119140625
1252,33.841026306152344
1253,46.82760238647461
1254,49.15266418457031
1255,38.035606384277344
1256,73.48701477050781
1257,36.85394287109375
1258,36.50426483154297
1259,36.088680267333984
1260,24.566795349121094
1261,49.98930358886719
1262,37.76200485229492
1263,32.0182991027832
1264,44.82307815551758
1265,81.22806549072266
1266,33.935638427734375
1267,54.22429275512695
1268,32.676780700683594
1269,44.38591766357422
1270,41.112213134765625
1271,38.5189208984375
1272,38.03249740600586
1273,49.78573226928711
1274,64.83097839355469
1275,35.172855377197266
1276,35.52104568481445
1277,29.380319595336914
1278,46.094383239746094
1279,30.234569549560547
1280,29.998098373413086
1281,34.234500885009766
1282,34.323482513427734
1283,42.13935470581055
1284,34.178680419921875
1285,49.571929931640625
1286,41.85578155517578
1287,49.91990661621094
1288,70.78609466552734
1289,56.21995544433594
1290,56.821128845214844
1291,47.95064163208008
1292,21.8346004486084
1293,43.58036804199219
1294,30.00859832763672
1295,74.44132232666016
1296,46.67511749267578
1297,50.049076080322266
1298,36.33639907836914
1299,44.919677734375
1300,37.98915481567383
1301,40.68730926513672
1302,28.035728454589844
1303,30.024784088134766
1304,50.89773941040039
1305,25.3996639251709
1306,48.56265640258789
1307,36.14653396606445
1308,26.97056007385254
1309,31.937082290649414
1310,56.4420166015625
1311,37.18730545043945
1312,28.523239135742188
1313,33.827144622802734
1314,47.04178237915039
1315,49.67549514770508
1316,38.14900588989258
1317,73.76055908203125
1318,36.599327087402344
1319,36.75483322143555
1320,35.94266128540039
1321,24.22259521484375
1322,49.39617156982422
1323,38.01715087890625
1324,31.25164794921875
1325,44.790496826171875
1326,81.44884490966797
1327,33.96403503417969
1328,54.180912017822266
1329,32.212608337402344
1330,43.17326736450195
1331,41.13112258911133
1332,38.10066223144531
1333,37.733001708984375
1334,50.11402130126953
1335,65.35172271728516
1336,34.849483489990234
1337,35.17034149169922
1338,29.22808837890625
1339,45.545623779296875
1340,30.254850387573242
1341,29.522836685180664
1342,34.14902877807617
1343,33.02092742919922
1344,41.83712387084961
1345,34.18670654296875
1346,49.75960159301758
1347,41.4354133605957
1348,49.987220764160156
1349,71.01837921142578
1350,56.29740905761719
1351,55.46713638305664
1352,47.924617767333984
1353,21.908777236938477
1354,43.57810974121094
1355,29.421194076538086
1356,74.34786987304688
1357,46.36085510253906
1358,50.107627868652344
1359,36.3725700378418
1360,44.777713775634766
1361,38.04963302612305
1362,40.439674377441406
1363,27.644275665283203
1364,29.12017059326172
1365,50.96483612060547
1366,25.22241973876953
1367,48.50568389892578
1368,36.39265441894531
1369,26.990270614624023
1370,31.842575073242188
1371,56.47345733642578
1372,36.71065902709961
1373,28.609416961669922
1374,33.76612091064453
1375,47.22572326660156
1376,50.15901184082031
1377,38.2218132019043
1378,74.00300598144531
1379,36.38689422607422
1380,36.979522705078125
1381,35.80875015258789
1382,23.942014694213867
1383,48.92533493041992
1384,38.275367736816406
1385,30.57754898071289
1386,44.7376594543457
1387,81.6336669921875
1388,33.954654693603516
1389,54.12175369262695
1390,31.851905822753906
1391,42.198814392089844
1392,41.108314514160156
1393,37.774288177490234
1394,37.491275787353516
1395,50.355682373046875
1396,65.71540069580078
1397,34.56930160522461
1398,34.867698669433594
1399,29.090280532836914
1400,45.024574279785156
1401,30.250812530517578
1402,29.12283706665039
1403,34.001617431640625
1404,31.967243194580078
1405,41.59693145751953
1406,34.16870880126953
1407,49.86317825317383
1408,41.101341247558594
1409,49.9916877746582
1410,71.17617797851562
1411,56.30384063720703
1412,54.475337982177734
1413,47.866065979003906
1414,21.932395935058594
1415,43.53622817993164
1416,28.99171257019043
1417,74.21006774902344
1418,46.00647735595703
1419,50.08525085449219
1420,36.34492111206055
1421,44.548892974853516
1422,38.050750732421875
1423,40.27055740356445
1424,27.314687728881836
1425,28.472932815551758
1426,51.00544738769531
1427,25.047277450561523
1428,48.435218811035156
1429,36.506160736083984
1430,26.940658569335938
1431,31.747102737426758
1432,56.51930618286133
1433,36.362213134765625
1434,28.61513328552246
1435,33.683624267578125
1436,47.30504608154297
1437,50.505409240722656
1438,38.23236846923828
1439,74.11640930175781
1440,36.2178955078125
1441,37.10537338256836
1442,35.675567626953125
1443,23.7418270111084
1444,48.57874298095703
1445,38.47848129272461
1446,30.029699325561523
1447,44.64278793334961
1448,81.7197036743164
1449,33.885459899902344
1450,54.02861022949219
1451,31.59921646118164
1452,41.48080825805664
1453,41.02872848510742
1454,37.532493591308594
1455,37.30195999145508
1456,50.45048522949219
1457,65.87821960449219
1458,34.34321212768555
1459,34.60246276855469
1460,28.948579788208008
1461,44.54347610473633
1462,30.195051193237305
1463,28.801105499267578
1464,33.78925323486328
1465,31.20783805847168
1466,41.39337921142578
1467,34.097164154052734
1468,49.858558654785156
1469,40.84812545776367
1470,49.91633224487305
1471,71.22547149658203
1472,56.21846389770508
1473,53.82402801513672
1474,47.74910354614258
1475,21.91498374938965
1476,43.438175201416016
1477,28.70928192138672
1478,73.96171569824219
1479,45.60469436645508
1480,49.96352767944336
1481,36.27632522583008
1482,44.2589225769043
1483,37.99999237060547
1484,40.149993896484375
1485,27.065073013305664
1486,28.055654525756836
1487,51.003902435302734
1488,24.902477264404297
1489,48.33283233642578
1490,36.49422836303711
1491,26.857223510742188
1492,31.648576736450195
1493,56.5384407043457
1494,36.11882400512695
1495,28.54458999633789
1496,33.59941482543945
1497,47.25309371948242
1498,50.69223403930664
1499,38.1807861328125
1500,74.0804214477539
1501,36.075172424316406
1502,37.10246276855469
1503,35.53383255004883
1504,23.620452880859375
1505,48.32480239868164
1506,38.66082763671875
1507,29.579511642456055
1508,44.50804138183594
1509,81.70742797851562
1510,33.76119613647461
1511,53.89571762084961
1512,31.43708038330078
1513,40.95763397216797
1514,40.88494110107422
1515,37.363590240478516
1516,37.14246368408203
1517,50.40166091918945
1518,65.8672103881836
1519,34.14951705932617
1520,34.3587532043457
1521,28.796113967895508
1522,44.06787872314453
1523,30.08649444580078
1524,28.530548095703125
1525,33.51097869873047
1526,30.6662540435791
1527,41.20648193359375
1528,33.96741485595703
1529,49.74797058105469
1530,40.6524658203125
1531,49.76386642456055
1532,71.17361450195312
1533,56.038143157958984
1534,53.44068908691406
1535,47.576053619384766
1536,21.862276077270508
1537,43.283504486083984
1538,28.547332763671875
1539,73.61026000976562
1540,45.14265441894531
1541,49.753299713134766
1542,36.16413116455078
1543,43.90381622314453
1544,37.89863586425781
1545,40.06730270385742
1546,26.863515853881836
1547,27.807390213012695
1548,50.96553421020508
1549,24.761802673339844
1550,48.2015266418457
1551,36.374717712402344
1552,26.734134674072266
1553,31.54352569580078
1554,56.53932189941406
1555,35.9474983215332
1556,28.413328170776367
1557,33.51251983642578
1558,47.099647521972656
1559,50.76071548461914
1560,38.08185577392578
1561,73.92686462402344
1562,35.948184967041016
1563,37.0050048828125
1564,35.38806915283203
1565,23.547813415527344
1566,48.12771987915039
1567,38.8033561706543
1568,29.198772430419922
1569,44.34121322631836
1570,81.61971282958984
1571,33.601200103759766
1572,53.738197326660156
1573,31.32694435119629
1574,40.560630798339844
1575,40.71059036254883
1576,37.22824478149414
1577,37.001495361328125
1578,50.2657470703125
1579,65.75440216064453
1580,33.986534118652344
1581,34.117454528808594
1582,28.630308151245117
1583,43.61344528198242
1584,29.944250106811523
1585,28.29671859741211
1586,33.19892883300781
1587,30.27507209777832
1588,41.0228271484375
1589,33.802738189697266
1590,49.58196258544922
1591,40.490745544433594
1592,49.563472747802734
1593,71.0571517944336
1594,55.80836486816406
1595,53.214141845703125
1596,47.368377685546875
1597,21.787677764892578
1598,43.09200668334961
1599,28.453041076660156
1600,73.1998519897461
1601,44.66201400756836
1602,49.48533248901367
1603,36.025474548339844
1604,43.52619171142578
1605,37.77067565917969
1606,40.000125885009766
1607,26.697811126708984
1608,27.65961265563965
1609,50.905460357666016
1610,24.63652992248535
1611,48.04487228393555
1612,36.19816589355469
1613,26.598880767822266
1614,31.43732452392578
1615,56.52614974975586
1616,35.81907272338867
1617,28.24370002746582
1618,33.431129455566406
1619,46.880550384521484
1620,50.75768280029297
1621,37.95342254638672
1622,73.69602966308594
1623,35.82946014404297
1624,36.85023880004883
1625,35.244285583496094
1626,23.5030574798584
1627,47.96589660644531
1628,38.921566009521484
1629,28.85895538330078
1630,44.15373611450195
1631,81.4936294555664
1632,33.42117691040039
1633,53.569664001464844
1634,31.246673583984375
1635,40.242431640625
1636,40.523292541503906
1637,37.11116409301758
1638,36.870140075683594
1639,50.078369140625
1640,65.59027099609375
1641,33.84354782104492
1642,33.870811462402344
1643,28.4531192779541
1644,43.17186737060547
1645,29.77947998046875
1646,28.082639694213867
1647,32.866580963134766
1648,29.978939056396484
1649,40.83854675292969
1650,33.61431884765625
1651,49.38481140136719
1652,40.35041427612305
1653,49.335819244384766
1654,70.90458679199219
1655,55.55134963989258
1656,53.08427429199219
1657,47.14231491088867
1658,21.698928833007812
1659,42.87777328491211
1660,28.398723602294922
1661,72.7578353881836
1662,44.17277526855469
1663,49.179893493652344
1664,35.867637634277344
1665,43.13798141479492
1666,37.6302375793457
1667,39.94075012207031
1668,26.553813934326172
1669,27.5697021484375
1670,50.8352165222168
1671,24.526748657226562
1672,47.87022018432617
1673,35.99650573730469
1674,26.46466064453125
1675,31.332767486572266
1676,56.509185791015625
1677,35.71354293823242
1678,28.05339241027832
1679,33.35603713989258
1680,46.63103103637695
1681,50.72844314575195
1682,37.809452056884766
1683,73.43157958984375
1684,35.71720504760742
1685,36.689697265625
1686,35.10966110229492
1687,23.456809997558594
1688,47.82712936401367
1689,38.982337951660156
1690,28.546998977661133
1691,43.95134735107422
1692,81.35235595703125
1693,33.2364387512207
1694,53.40326690673828
1695,31.17278289794922
1696,39.96754837036133
1697,40.345542907714844
1698,36.994789123535156
1699,36.744388580322266
1700,49.88762664794922
1701,65.40795135498047
1702,33.721221923828125
1703,33.6196174621582
1704,28.273805618286133
1705,42.7540168762207
1706,29.615833282470703
1707,27.890228271484375
1708,32.534420013427734
1709,29.739469528198242
1710,40.653175354003906
1711,33.425880432128906
1712,49.19895935058594
1713,40.21860885620117
1714,49.10450744628906
1715,70.7381820678711
1716,55.30026626586914
1717,52.969444274902344
1718,46.913116455078125
1719,21.62203025817871
1720,42.66527557373047
1721,28.346599578857422
1722,72.29900360107422
1723,43.703739166259766
1724,48.86445236206055
1725,35.7161750793457
1726,42.77454376220703
1727,37.49834442138672
1728,39.87703323364258
1729,26.418489456176758
1730,27.487323760986328
1731,50.76968765258789
1732,24.427104949951172
1733,47.68778610229492
1734,35.802650451660156
1735,26.335493087768555
1736,31.233776092529297
1737,56.50362014770508
1738,35.6129150390625
1739,27.858945846557617
1740,33.28683853149414
1741,46.38618850708008
1742,50.71208190917969
1743,37.66502380371094
1744,73.16925048828125
1745,35.61001205444336
1746,36.55300521850586
1747,34.988372802734375
1748,23.401016235351562
1749,47.69480895996094
1750,38.99714660644531
1751,28.249469757080078
1752,43.74405288696289
1753,81.2095718383789
1754,33.05988693237305
1755,53.241512298583984
1756,31.099214553833008
1757,39.71067428588867
1758,40.17456817626953
1759,36.888126373291016
1760,36.61687088012695
1761,49.71723556518555
1762,65.21463012695312
1763,33.607337951660156
1764,33.37252426147461
1765,28.104034423828125
1766,42.33721160888672
1767,29.466203689575195
1768,27.713680267333984
1769,32.197261810302734
1770,29.511999130249023
1771,40.473209381103516
1772,33.24504089355469
1773,49.02390670776367
1774,40.09248352050781
1775,48.87262725830078
1776,70.57184600830078
1777,55.06038284301758
1778,52.85475158691406
1779,46.69241714477539
1780,21.549711227416992
1781,42.45691680908203
1782,28.291719436645508
1783,71.85175323486328
1784,43.249725341796875
1785,48.547401428222656
1786,35.56344223022461
1787,42.4229621887207
1788,37.37333679199219
1789,39.81541061401367
1790,26.281566619873047
1791,27.407014846801758
1792,50.71196365356445
1793,24.331087112426758
1794,47.503456115722656
1795,35.61650848388672
1796,26.213193893432617
1797,31.139835357666016
1798,56.51004409790039
1799,35.516448974609375
1800,27.66705894470215
1801,33.225563049316406
1802,46.14414978027344
1803,50.71012496948242
1804,37.52291488647461
1805,72.90958404541016
1806,35.5048713684082
1807,36.42890167236328
1808,34.87885284423828
1809,23.344772338867188
1810,47.566490173339844
1811,38.99663543701172
1812,27.95794677734375
1813,43.534400939941406
1814,81.0792465209961
1815,32.889766693115234
1816,53.091426849365234
1817,31.02080535888672
1818,39.463768005371094
1819,40.025634765625
1820,36.77125930786133
1821,36.49299240112305
1822,49.56496047973633
1823,65.04801177978516
1824,33.50743103027344
1825,33.116336822509766
1826,27.93182373046875
1827,41.94468688964844
1828,29.32179069519043
1829,27.542755126953125
1830,31.875558853149414
1831,29.307504653930664
1832,40.28898239135742
1833,33.06991958618164
1834,48.87897491455078
1835,39.966007232666016
1836,48.6671028137207
1837,70.43428039550781
1838,54.85960006713867
1839,52.73342514038086
1840,46.49143600463867
1841,21.468215942382812
1842,42.25175476074219
1843,28.224231719970703
1844,71.4531021118164
1845,42.842811584472656
1846,48.236305236816406
1847,35.40312194824219
1848,42.10456085205078
1849,37.25477981567383
1850,39.75035858154297
1851,26.14488983154297
1852,27.318532943725586
1853,50.66346740722656
1854,24.242969512939453
1855,47.31479263305664
1856,35.44791793823242
1857,26.101177215576172
1858,31.055091857910156
1859,56.52378845214844
1860,35.42269515991211
1861,27.47762680053711
1862,33.18404006958008
1863,45.903587341308594
1864,50.706085205078125
1865,37.38851547241211
1866,72.63129425048828
1867,35.40443801879883
1868,36.29788589477539
1869,34.78145217895508
1870,23.30072784423828
1871,47.437171936035156
1872,38.98006820678711
1873,27.68006134033203
1874,43.32583236694336
1875,80.96170043945312
1876,32.72626876831055
1877,52.95671844482422
1878,30.939001083374023
1879,39.22903823852539
1880,39.903934478759766
1881,36.64075469970703
1882,36.37843322753906
1883,49.42311477661133
1884,64.91940307617188
1885,33.42169189453125
1886,32.85192108154297
1887,27.754789352416992
1888,41.580078125
1889,29.177465438842773
1890,27.37367057800293
1891,31.572467803955078
1892,29.129756927490234
1893,40.10242462158203
1894,32.89639663696289
1895,48.757537841796875
1896,39.841373443603516
1897,48.488712310791016
1898,70.32364654541016
1899,54.690956115722656
1900,52.618682861328125
1901,46.30961227416992
1902,21.37964630126953
1903,42.05097198486328
1904,28.1547794342041
1905,71.08979034423828
1906,42.468666076660156
1907,47.92982864379883
1908,35.240814208984375
1909,41.809852600097656
1910,37.142581939697266
1911,39.68721389770508
1912,26.013259887695312
1913,27.232891082763672
1914,50.62173080444336
1915,24.162717819213867
1916,47.1254997253418
1917,35.29035568237305
1918,25.998506546020508
1919,30.9785099029541
1920,56.544376373291016
1921,35.33572006225586
1922,27.291179656982422
1923,33.154563903808594
1924,45.66828918457031
1925,50.70494842529297
1926,37.25981521606445
1927,72.3498764038086
1928,35.3110466003418
1929,36.17451095581055
1930,34.69596862792969
1931,23.263050079345703
1932,47.31265640258789
1933,38.936527252197266
1934,27.42041778564453
1935,43.11804962158203
1936,80.84874725341797
1937,32.57068634033203
1938,52.83360290527344
1939,30.856643676757812
1940,39.009788513183594
1941,39.80311584472656
1942,36.50560760498047
1943,36.27265548706055
1944,49.29619216918945
1945,64.80694580078125
1946,33.3495979309082
1947,32.59006118774414
1948,27.581796646118164
1949,41.23863983154297
1950,29.042781829833984
1951,27.217878341674805
1952,31.28156852722168
1953,28.973459243774414
1954,39.921356201171875
1955,32.731597900390625
1956,48.65477752685547
1957,39.72042465209961
1958,48.32485580444336
1959,70.22314453125
1960,54.546241760253906
1961,52.5051155090332
1962,46.14247131347656
1963,21.29587173461914
1964,41.85847473144531
1965,28.087827682495117
1966,70.73810577392578
1967,42.114688873291016
1968,47.62675094604492
1969,35.08792495727539
1970,41.53361129760742
1971,37.040096282958984
1972,39.626853942871094
1973,25.892274856567383
1974,27.15875244140625
1975,50.583892822265625
1976,24.095518112182617
1977,46.93907928466797
1978,35.140220642089844
1979,25.909591674804688
1980,30.90888023376465
1981,56.56999588012695
1982,35.25835037231445
1983,27.111249923706055
1984,33.1328239440918
1985,45.4367790222168
1986,50.70686721801758
1987,37.135345458984375
1988,72.07469177246094
1989,35.22393798828125
1990,36.05756759643555
1991,34.620933532714844
1992,23.234052658081055
1993,47.198062896728516
1994,38.88576126098633
1995,27.176477432250977
1996,42.91397476196289
1997,80.744384765625
1998,32.42194747924805
1999,52.719966888427734
2000,30.779685974121094
2001,38.80873489379883
2002,39.71535873413086
2003,36.37503433227539
2004,36.174842834472656
2005,49.17750549316406
2006,64.70045471191406
2007,33.28804397583008
2008,32.334903717041016
2009,27.41462516784668
2010,40.91389083862305
2011,28.91559600830078
2012,27.073991775512695
2013,31.000160217285156
2014,28.836597442626953
2015,39.74660873413086
2016,32.572269439697266
2017,48.56141662597656
2018,39.605369567871094
2019,48.170005798339844
2020,70.12545776367188
2021,54.4141731262207
2022,52.399967193603516
2023,45.98680114746094
2024,21.217601776123047
2025,41.67265319824219
2026,28.027013778686523
2027,70.39766693115234
2028,41.77622985839844
2029,47.32887649536133
2030,34.94028854370117
2031,41.27082824707031
2032,36.94327163696289
2033,39.571250915527344
2034,25.778493881225586
2035,27.095483779907227
2036,50.54812240600586
2037,24.03521728515625
2038,46.75679397583008
2039,34.99452590942383
2040,25.829513549804688
2041,30.845752716064453
2042,56.599857330322266
2043,35.19011306762695
2044,26.938995361328125
2045,33.11888885498047
2046,45.2086296081543
2047,50.70581817626953
2048,37.01634979248047
2049,71.80201721191406
2050,35.14225769042969
2051,35.940711975097656
2052,34.556156158447266
2053,23.215606689453125
2054,47.08943557739258
2055,38.82929611206055
2056,26.950963973999023
2057,42.715919494628906
2058,80.64507293701172
2059,32.28318786621094
2060,52.615814208984375
2061,30.707439422607422
2062,38.62562942504883
2063,39.64029312133789
2064,36.25086975097656
2065,36.08060073852539
2066,49.06967544555664
2067,64.59818267822266
2068,33.237266540527344
2069,32.092891693115234
2070,27.259342193603516
2071,40.61062240600586
2072,28.802099227905273
2073,26.94924545288086
2074,30.731243133544922
2075,28.71669578552246
2076,39.58287048339844
2077,32.42741012573242
2078,48.47782897949219
2079,39.50004196166992
2080,48.014984130859375
2081,70.01583862304688
2082,54.29071807861328
2083,52.290504455566406
2084,45.840675354003906
2085,21.156585693359375
2086,41.499454498291016
2087,27.967844009399414
2088,70.06487274169922
2089,41.46305847167969
2090,47.04534149169922
2091,34.80420684814453
2092,41.03202819824219
2093,36.85551452636719
2094,39.51565933227539
2095,25.673006057739258
2096,27.038597106933594
2097,50.51011657714844
2098,23.983325958251953
2099,46.58203887939453
2100,34.85978317260742
2101,25.7617244720459
2102,30.790019989013672
2103,56.63258361816406
2104,35.12599182128906
2105,26.78308868408203
2106,33.11064147949219
2107,44.9963264465332
2108,50.7111930847168
2109,36.90496826171875
2110,71.55732727050781
2111,35.065185546875
2112,35.84465026855469
2113,34.5042724609375
2114,23.196321487426758
2115,46.989830017089844
2116,38.76728057861328
2117,26.7464656829834
2118,42.52830123901367
2119,80.55471801757812
2120,32.159202575683594
2121,52.522796630859375
2122,30.63963508605957
2123,38.46107864379883
2124,39.57797622680664
2125,36.13414001464844
2126,35.98836898803711
2127,48.972328186035156
2128,64.5072250366211
2129,33.19572448730469
2130,31.863107681274414
2131,27.114452362060547
2132,40.330360412597656
2133,28.697751998901367
2134,26.83632469177246
2135,30.479143142700195
2136,28.614601135253906
2137,39.42519760131836
2138,32.2894401550293
2139,48.40657043457031
2140,39.4002685546875
2141,47.878578186035156
2142,69.9205093383789
2143,54.187744140625
2144,52.18849182128906
2145,45.7110595703125
2146,21.09391212463379
2147,41.33322525024414
2148,27.91156005859375
2149,69.75930786132812
2150,41.17360305786133
2151,46.7732048034668
2152,34.67005920410156
2153,40.809783935546875
2154,36.771121978759766
2155,39.46459197998047
2156,25.57172966003418
2157,26.987957000732422
2158,50.47378921508789
2159,23.933956146240234
2160,46.413047790527344
2161,34.72990036010742
2162,25.69963836669922
2163,30.74028778076172
2164,56.66878128051758
2165,35.06956481933594
2166,26.634471893310547
2167,33.10797882080078
2168,44.78932571411133
2169,50.71269607543945
2170,36.79925537109375
2171,71.31565856933594
2172,34.993858337402344
2173,35.747013092041016
2174,34.460304260253906
2175,23.187986373901367
2176,46.89501953125
2177,38.7001838684082
2178,26.55922508239746
2179,42.34672164916992
2180,80.46822357177734
2181,32.0423583984375
2182,52.438533782958984
2183,30.575401306152344
2184,38.310150146484375
2185,39.528926849365234
2186,36.01841354370117
2187,35.9041633605957
2188,48.87944412231445
2189,64.42735290527344
2190,33.163387298583984
2191,31.640960693359375
2192,26.97412109375
2193,40.071327209472656
2194,28.59894371032715
2195,26.732463836669922
2196,30.24155044555664
2197,28.52873992919922
2198,39.27325439453125
2199,32.1573486328125
2200,48.34561538696289
2201,39.30441665649414
2202,47.755828857421875
2203,69.83244323730469
2204,54.101261138916016
2205,52.09072494506836
2206,45.594581604003906
2207,21.032258987426758
2208,41.17387390136719
2209,27.858142852783203
2210,69.47509002685547
2211,40.907100677490234
2212,46.510948181152344
2213,34.540740966796875
2214,40.60567855834961
2215,36.690975189208984
2216,39.41584014892578
2217,25.478113174438477
2218,26.94318199157715
2219,50.438045501708984
2220,23.891193389892578
2221,46.24882888793945
2222,34.606754302978516
2223,25.646034240722656
2224,30.696916580200195
2225,56.7047119140625
2226,35.01948928833008
2227,26.493532180786133
2228,33.111637115478516
2229,44.589447021484375
2230,50.70999526977539
2231,36.69935607910156
2232,71.07928466796875
2233,34.92885208129883
2234,35.64984893798828
2235,34.4233283996582
2236,23.18952751159668
2237,46.8046989440918
2238,38.62783432006836
2239,26.390270233154297
2240,42.17219543457031
2241,80.38301086425781
2242,31.933013916015625
2243,52.3614616394043
2244,30.516193389892578
2245,38.173282623291016
2246,39.48971939086914
2247,35.90695571899414
2248,35.82719421386719
2249,48.78899002075195
2250,64.35320281982422
2251,33.138450622558594
2252,31.429954528808594
2253,26.840740203857422
2254,39.83131790161133
2255,28.50550079345703
2256,26.638240814208984
2257,30.017667770385742
2258,28.45692253112793
2259,39.12921142578125
2260,32.03086471557617
2261,48.28926086425781
2262,39.21444320678711
2263,47.64304733276367
2264,69.7470474243164
2265,54.02489471435547
2266,52.00111770629883
2267,45.48872375488281
2268,20.97400665283203
2269,41.02200698852539
2270,27.811058044433594
2271,69.2059555053711
2272,40.658119201660156
2273,46.2605094909668
2274,34.41865921020508
2275,40.41625213623047
2276,36.6146240234375
2277,39.37019348144531
2278,25.39356803894043
2279,26.907155990600586
2280,50.40122985839844
2281,23.854755401611328
2282,46.091182708740234
2283,34.48830032348633
2284,25.600046157836914
2285,30.65912437438965
2286,56.73917007446289
2287,34.976531982421875
2288,26.360877990722656
2289,33.11892318725586
2290,44.397422790527344
2291,50.70196533203125
2292,36.60490798950195
2293,70.85202026367188
2294,34.870304107666016
2295,35.55521774291992
2296,34.392494201660156
2297,23.198875427246094
2298,46.72037887573242
2299,38.55048751831055
2300,26.23992919921875
2301,42.00560760498047
2302,80.29743194580078
2303,31.83125114440918
2304,52.29047775268555
2305,30.462411880493164
2306,38.05016326904297
2307,39.45806121826172
2308,35.80128479003906
2309,35.75686264038086
2310,48.700679779052734
2311,64.27971649169922
2312,33.12060546875
2313,31.23279571533203
2314,26.715892791748047
2315,39.609779357910156
2316,28.41962242126465
2317,26.556713104248047
2318,29.806428909301758
2319,28.397573471069336
2320,38.994728088378906
2321,31.91244125366211
2322,48.23579406738281
2323,39.13066482543945
2324,47.53529357910156
2325,69.6584243774414
2326,53.95573043823242
2327,51.917022705078125
2328,45.3912353515625
2329,20.922086715698242
2330,40.87828063964844
2331,27.769634246826172
2332,68.95021057128906
2333,40.428077697753906
2334,46.02246856689453
2335,34.304752349853516
2336,40.242679595947266
2337,36.54181671142578
2338,39.32725143432617
2339,25.317155838012695
2340,26.87693977355957
2341,50.36400604248047
2342,23.81991958618164
2343,45.940879821777344
2344,34.375083923339844
2345,25.5541934967041
2346,30.626434326171875
2347,56.77449035644531
2348,34.93769454956055
2349,26.23471450805664
2350,33.12544631958008
2351,44.21879196166992
2352,50.690757751464844
2353,36.51668167114258
2354,70.6373291015625
2355,34.81899642944336
2356,35.46845245361328
2357,34.366424560546875
2358,23.212467193603516
2359,46.63964080810547
2360,38.458030700683594
2361,26.11123275756836
2362,41.84743118286133
2363,80.20345306396484
2364,31.738313674926758
2365,52.2230224609375
2366,30.41251564025879
2367,37.938106536865234
2368,39.431983947753906
2369,35.70265579223633
2370,35.69143295288086
2371,48.61760711669922
2372,64.19947814941406
2373,33.109954833984375
2374,31.0538330078125
2375,26.602998733520508
2376,39.40932083129883
2377,28.345075607299805
2378,26.491352081298828
2379,29.60939598083496
2380,28.34754180908203
2381,38.87179183959961
2382,31.806041717529297
2383,48.18635559082031
2384,39.052608489990234
2385,47.4311637878418
2386,69.5643539428711
2387,53.89461898803711
2388,51.83236312866211
2389,45.30180358886719
2390,20.877464294433594
2391,40.74414825439453
2392,27.731290817260742
2393,68.7122573852539
2394,40.22282028198242
2395,45.80093765258789
2396,34.20004653930664
2397,40.08929443359375
2398,36.47295379638672
2399,39.285491943359375
2400,25.249364852905273
2401,26.84947967529297
2402,50.32611083984375
2403,23.787921905517578
2404,45.799293518066406
2405,34.26907730102539
2406,25.51081657409668
2407,30.5988712310791
2408,56.807273864746094
2409,34.90242385864258
2410,26.117176055908203
2411,33.13302230834961
2412,44.05279541015625
2413,50.67335891723633
2414,36.43557357788086
2415,70.43438720703125
2416,34.77438735961914
2417,35.38621520996094
2418,34.34383010864258
2419,23.230680465698242
2420,46.56232833862305
2421,38.35765838623047
2422,26.002016067504883
2423,41.69941711425781
2424,80.10579681396484
2425,31.653779983520508
2426,52.16062545776367
2427,30.366315841674805
2428,37.8350830078125
2429,39.411842346191406
2430,35.60951232910156
2431,35.63203430175781
2432,48.537681579589844
2433,64.11908721923828
2434,33.105186462402344
2435,30.891864776611328
2436,26.50040626525879
2437,39.230506896972656
2438,28.278810501098633
2439,26.437801361083984
2440,29.429149627685547
2441,28.30512809753418
2442,38.758968353271484
2443,31.709821701049805
2444,48.14043045043945
2445,38.98016357421875
2446,47.33399963378906
2447,69.46963500976562
2448,53.841400146484375
2449,51.74885559082031
2450,45.22080612182617
2451,20.838319778442383
2452,40.619449615478516
2453,27.695966720581055
2454,68.49388122558594
2455,40.0410041809082
2456,45.59739685058594
2457,34.10438537597656
2458,39.95438003540039
2459,36.4076042175293
2460,39.24495315551758
2461,25.189603805541992
2462,26.823959350585938
2463,50.2872428894043
2464,23.758459091186523
2465,45.66737747192383
2466,34.17037582397461
2467,25.470516204833984
2468,30.575775146484375
2469,56.83574295043945
2470,34.870147705078125
2471,26.0098876953125
2472,33.14270782470703
2473,43.898921966552734
2474,50.64855194091797
2475,36.36201477050781
2476,70.24324798583984
2477,34.73495864868164
2478,35.30702209472656
2479,34.32411575317383
2480,23.252662658691406
2481,46.48762893676758
2482,38.25928497314453
2483,25.909194946289062
2484,41.56389236450195
2485,80.00640106201172
2486,31.57861328125
2487,52.101776123046875
2488,30.325342178344727
2489,37.7406120300293
2490,39.39302062988281
2491,35.526832580566406
2492,35.57523727416992
2493,48.46085739135742
2494,64.03926849365234
2495,33.10289001464844
2496,30.74772071838379
2497,26.409351348876953
2498,39.0694694519043
2499,28.2198486328125
2500,26.39335823059082
2501,29.26629066467285
2502,28.26618003845215
2503,38.656307220458984
2504,31.623746871948242
2505,48.09526443481445
2506,38.91553497314453
2507,47.24186706542969
2508,69.37367248535156
2509,53.79120635986328
2510,51.665855407714844
2511,45.146385192871094
2512,20.807708740234375
2513,40.505714416503906
2514,27.66314125061035
2515,68.29139709472656
2516,39.87767028808594
2517,45.41604995727539
2518,34.01838684082031
2519,39.83415603637695
2520,36.34640884399414
2521,39.20602035522461
2522,25.134653091430664
2523,26.798492431640625
2524,50.24647521972656
2525,23.72882652282715
2526,45.54785919189453
2527,34.0799446105957
2528,25.431488037109375
2529,30.555601119995117
2530,56.86286926269531
2531,34.83822250366211
2532,25.915325164794922
2533,33.14885330200195
2534,43.76176834106445
2535,50.625831604003906
2536,36.29547882080078
2537,70.07616424560547
2538,34.698795318603516
2539,35.237098693847656
2540,34.30774688720703
2541,23.27695083618164
2542,46.4136962890625
2543,38.18816375732422
2544,25.826862335205078
2545,41.444549560546875
2546,79.90218353271484
2547,31.51515007019043
2548,52.037845611572266
2549,30.29871940612793
2550,37.65555191040039
2551,39.35865020751953
2552,35.47175598144531
2553,35.5159912109375
2554,48.38337707519531
2555,63.946868896484375
2556,33.096622467041016
2557,30.622074127197266
2558,26.331480026245117
2559,38.90599060058594
2560,28.164405822753906
2561,26.351837158203125
2562,29.109825134277344
2563,28.222896575927734
2564,38.56290817260742
2565,31.53934669494629
2566,48.04073715209961
2567,38.859622955322266
2568,47.153297424316406
2569,69.28266143798828
2570,53.734336853027344
2571,51.59980773925781
2572,45.07597732543945
2573,20.783611297607422
2574,40.40007400512695
2575,27.642053604125977
2576,68.09120178222656
2577,39.705406188964844
2578,45.2482795715332
2579,33.939796447753906
2580,39.70701217651367
2581,36.28844451904297
2582,39.17659378051758
2583,25.081066131591797
2584,26.782445907592773
2585,50.20904541015625
2586,23.697168350219727
2587,45.44081115722656
2588,33.99077224731445
2589,25.3948974609375
2590,30.536832809448242
2591,56.89119338989258
2592,34.812557220458984
2593,25.831626892089844
2594,33.153995513916016
2595,43.63071060180664
2596,50.60540008544922
2597,36.23331069946289
2598,69.9222412109375
2599,34.66473388671875
2600,35.165348052978516
2601,34.29452896118164
2602,23.307090759277344
2603,46.34493637084961
2604,38.140750885009766
2605,25.747417449951172
2606,41.33500671386719
2607,79.80998229980469
2608,31.456392288208008
2609,51.978302001953125
2610,30.277448654174805
2611,37.57614517211914
2612,39.325477600097656
2613,35.42388153076172
2614,35.4607048034668
2615,48.30834197998047
2616,63.85638427734375
2617,33.091312408447266
2618,30.505109786987305
2619,26.25963592529297
2620,38.74753952026367
2621,28.113792419433594
2622,26.315452575683594
2623,28.958919525146484
2624,28.180940628051758
2625,38.47681427001953
2626,31.460247039794922
2627,47.986595153808594
2628,38.807945251464844
2629,47.065181732177734
2630,69.19003295898438
2631,53.67831039428711
2632,51.536521911621094
2633,45.009056091308594
2634,20.76671600341797
2635,40.30138397216797
2636,27.62499237060547
2637,67.89579010009766
2638,39.5397834777832
2639,45.0880012512207
2640,33.86802291870117
2641,39.58652877807617
2642,36.2351188659668
2643,39.150550842285156
2644,25.031585693359375
2645,26.769515991210938
2646,50.175209045410156
2647,23.667896270751953
2648,45.33993911743164
2649,33.906742095947266
2650,25.361581802368164
2651,30.520654678344727
2652,56.920902252197266
2653,34.79030227661133
2654,25.753442764282227
2655,33.1597785949707
2656,43.50691223144531
2657,50.588134765625
2658,36.175296783447266
2659,69.77715301513672
2660,34.63395690917969
2661,35.09760284423828
2662,34.284244537353516
2663,23.34023094177246
2664,46.27973556518555
2665,38.09803009033203
2666,25.673858642578125
2667,41.231475830078125
2668,79.72187805175781
2669,31.402149200439453
2670,51.921756744384766
2671,30.259601593017578
2672,37.50189208984375
2673,39.29472732543945
2674,35.380706787109375
2675,35.40979766845703
2676,48.23779296875
2677,63.77059555053711
2678,33.08765411376953
2679,30.394380569458008
2680,26.192018508911133
2681,38.596256256103516
2682,28.066814422607422
2683,26.2823543548584
2684,28.815183639526367
2685,28.141544342041016
2686,38.396095275878906
2687,31.3851261138916
2688,47.93621826171875
2689,38.75907516479492
2690,46.98324203491211
2691,69.1026840209961
2692,53.627288818359375
2693,51.476776123046875
2694,44.94813919067383
2695,20.75241470336914
2696,40.20863723754883
2697,27.610652923583984
2698,67.70955657958984
2699,39.381954193115234
2700,44.93508529663086
2701,33.80220031738281
2702,39.47332000732422
2703,36.18651580810547
2704,39.12710952758789
2705,24.98652458190918
2706,26.759061813354492
2707,50.14442825317383
2708,23.642873764038086
2709,45.24423599243164
2710,33.82854461669922
2711,25.333480834960938
2712,30.507238388061523
2713,56.95042037963867
2714,34.77182388305664
2715,25.681243896484375
2716,33.1704216003418
2717,43.38603210449219
2718,50.569400787353516
2719,36.12153244018555
2720,69.63313293457031
2721,34.60554122924805
2722,35.026031494140625
2723,34.27731704711914
2724,23.380786895751953
2725,46.21622085571289
2726,38.07360076904297
2727,25.602895736694336
2728,41.13516616821289
2729,79.6405029296875
2730,31.352725982666016
2731,51.86696243286133
2732,30.24777603149414
2733,37.43318557739258
2734,39.263389587402344
2735,35.34571838378906
2736,35.362247467041016
2737,48.17118453979492
2738,63.69219970703125
2739,33.083152770996094
2740,30.288122177124023
2741,26.127872467041016
2742,38.446197509765625
2743,28.021347045898438
2744,26.248069763183594
2745,28.67645263671875
2746,28.101764678955078
2747,38.32010269165039
2748,31.31141471862793
2749,47.8875732421875
2750,38.713600158691406
2751,46.90793991088867
2752,69.02413177490234
2753,53.578975677490234
2754,51.423744201660156
2755,44.893123626708984
2756,20.741235733032227
2757,40.12236785888672
2758,27.600679397583008
2759,67.52893829345703
2760,39.22340393066406
2761,44.78865432739258
2762,33.74174118041992
2763,39.36033630371094
2764,36.1431770324707
2765,39.1087532043457
2766,24.94329833984375
2767,26.75269317626953
2768,50.11840057373047
2769,23.62063980102539
2770,45.15507507324219
2771,33.75532913208008
2772,25.311067581176758
2773,30.49578857421875
2774,56.98249816894531
2775,34.757259368896484
2776,25.615684509277344
2777,33.183189392089844
2778,43.27049255371094
2779,50.55672073364258
2780,36.07160949707031
2781,69.4974136352539
2782,34.57894515991211
2783,34.957183837890625
2784,34.27432632446289
2785,23.424745559692383
2786,46.15605163574219
2787,38.06254959106445
2788,25.533306121826172
2789,41.04470443725586
2790,79.56867980957031
2791,31.30754280090332
2792,51.815650939941406
2793,30.23968505859375
2794,37.36992645263672
2795,39.234169006347656
2796,35.31575012207031
2797,35.318355560302734
2798,48.10996627807617
2799,63.62153244018555
2800,33.079002380371094
2801,30.18514633178711
2802,26.06644058227539
2803,38.298797607421875
2804,27.978548049926758
2805,26.214580535888672
2806,28.541854858398438
2807,28.06370735168457
2808,38.24842071533203
2809,31.239944458007812
2810,47.84247589111328
2811,38.670860290527344
2812,46.837867736816406
2813,68.95191955566406
2814,53.53435134887695
2815,51.375633239746094
2816,44.8436164855957
2817,20.73301124572754
2818,40.041805267333984
2819,27.593860626220703
2820,67.3539810180664
2821,39.06714630126953
2822,44.646820068359375
2823,33.68598556518555
2824,39.24984359741211
2825,36.10457992553711
2826,39.094444274902344
2827,24.902568817138672
2828,26.750335693359375
2829,50.096614837646484
2830,23.601192474365234
2831,45.07098388671875
2832,33.686519622802734
2833,25.29352569580078
2834,30.48630142211914
2835,57.016929626464844
2836,34.74641036987305
2837,25.555282592773438
2838,33.197723388671875
2839,43.159942626953125
2840,50.5492057800293
2841,36.024845123291016
2842,69.36909484863281
2843,34.554534912109375
2844,34.891754150390625
2845,34.27490997314453
2846,23.47144889831543
2847,46.099700927734375
2848,38.059452056884766
2849,25.466482162475586
2850,40.95884704589844
2851,79.50395202636719
2852,31.265884399414062
2853,51.767486572265625
2854,30.23506736755371
2855,37.31267166137695
2856,39.20724868774414
2857,35.28995132446289
2858,35.27819061279297
2859,48.05332946777344
2860,63.556949615478516
2861,33.076072692871094
2862,30.085561752319336
2863,26.007719039916992
2864,38.155277252197266
2865,27.938215255737305
2866,26.18286895751953
2867,28.411619186401367
2868,28.028911590576172
2869,38.181175231933594
2870,31.17067527770996
2871,47.80068588256836
2872,38.630794525146484
2873,46.77276611328125
2874,68.8851089477539
2875,53.49378967285156
2876,51.3331184387207
2877,44.79924011230469
2878,20.727035522460938
2879,39.96635818481445
2880,27.590351104736328
2881,67.18563079833984
2882,38.914730072021484
2883,44.50920104980469
2884,33.634033203125
2885,39.14274978637695
2886,36.070072174072266
2887,39.08384704589844
2888,24.863941192626953
2889,26.751371383666992
2890,50.078956604003906
2891,23.58430290222168
2892,44.99129104614258
2893,33.62196350097656
2894,25.280000686645508
2895,30.47892189025879
2896,57.05364990234375
2897,34.73893737792969
2898,25.498987197875977
2899,33.21387481689453
2900,43.054222106933594
2901,50.546180725097656
2902,35.98120880126953
2903,69.24688720703125
2904,34.532310485839844
2905,34.829978942871094
2906,34.27886199951172
2907,23.520647048950195
2908,46.04664611816406
2909,38.06151580810547
2910,25.402935028076172
2911,40.876930236816406
2912,79.44463348388672
2913,31.22769546508789
2914,51.722015380859375
2915,30.2333984375
2916,37.26126480102539
2917,39.18255615234375
2918,35.26803970336914
2919,35.2413330078125
2920,48.00143814086914
2921,63.49690246582031
2922,33.074256896972656
2923,29.989635467529297
2924,25.95186996459961
2925,38.01582717895508
2926,27.90057373046875
2927,26.1529541015625
2928,28.285354614257812
2929,27.997722625732422
2930,38.11819839477539
2931,31.103918075561523
2932,47.76218032836914
2933,38.593223571777344
2934,46.711830139160156
2935,68.82273864746094
2936,53.45652389526367
2937,51.295623779296875
2938,44.7595100402832
2939,20.723339080810547
2940,39.89577102661133
2941,27.58968734741211
2942,67.0236587524414
2943,38.766536712646484
2944,44.37565231323242
2945,33.585479736328125
2946,39.03959274291992
2947,36.03928756713867
2948,39.076602935791016
2949,24.827674865722656
2950,26.755661010742188
2951,50.064823150634766
2952,23.569530487060547
2953,44.91566467285156
2954,33.56126022338867
2955,25.270109176635742
2956,30.47329330444336
2957,57.09239196777344
2958,34.73464584350586
2959,25.44612693786621
2960,33.230045318603516
2961,42.95367431640625
2962,50.54860305786133
2963,35.939353942871094
2964,69.13369750976562
2965,34.51274108886719
2966,34.77495574951172
2967,34.28564453125
2968,23.570127487182617
2969,45.99939727783203
2970,38.06390380859375
2971,25.344562530517578
2972,40.798038482666016
2973,79.38756561279297
2974,31.19232177734375
2975,51.67795944213867
2976,30.23567008972168
2977,37.218292236328125
2978,39.15822219848633
2979,35.25124740600586
2980,35.20747756958008
2981,47.95228576660156
2982,63.43617248535156
2983,33.07468795776367
2984,29.898208618164062
2985,25.899120330810547
2986,37.88125991821289
2987,27.86603355407715
2988,26.127391815185547
2989,28.162315368652344
2990,27.972848892211914
2991,38.05990219116211
2992,31.039438247680664
2993,47.72578811645508
2994,38.55864715576172
2995,46.65407180786133
2996,68.76310729980469
2997,53.422691345214844
2998,51.265464782714844
2999,44.72369384765625
3000,20.720626831054688
3001,39.82915115356445
3002,27.592967987060547
3003,66.8676528930664
3004,38.62338638305664
3005,44.24522399902344
3006,33.53963088989258
3007,38.94008255004883
3008,36.01100158691406
3009,39.07259750366211
3010,24.79448127746582
3011,26.764984130859375
3012,50.05318832397461
3013,23.557069778442383
3014,44.84310531616211
3015,33.503021240234375
3016,25.26318359375
3017,30.469375610351562
3018,57.13214874267578
3019,34.73410415649414
3020,25.39586639404297
3021,33.24718475341797
3022,42.856346130371094
3023,50.55259704589844
3024,35.89944839477539
3025,69.02510833740234
3026,34.49564743041992
3027,34.7224006652832
3028,34.295162200927734
3029,23.621667861938477
3030,45.956321716308594
3031,38.06841278076172
3032,25.290937423706055
3033,40.722328186035156
3034,79.33264923095703
3035,31.159666061401367
3036,51.63547897338867
3037,30.241418838500977
3038,37.182594299316406
3039,39.134918212890625
3040,35.23877716064453
3041,35.17622375488281
3042,47.90611267089844
3043,63.37663269042969
3044,33.076820373535156
3045,29.810556411743164
3046,25.84852409362793
3047,37.7520751953125
3048,27.833457946777344
3049,26.10369300842285
3050,28.044029235839844
3051,27.95384407043457
3052,38.00464630126953
3053,30.97649574279785
3054,47.695308685302734
3055,38.52534103393555
3056,46.605220794677734
3057,68.71305847167969
3058,53.39732360839844
3059,51.240482330322266
3060,44.69549560546875
3061,20.714628219604492
3062,39.766361236572266
3063,27.597410202026367
3064,66.72381591796875
3065,38.48756790161133
3066,44.1180419921875
3067,33.494964599609375
3068,38.84609603881836
3069,35.98575210571289
3070,39.0704231262207
3071,24.764114379882812
3072,26.776588439941406
3073,50.04397964477539
3074,23.54924774169922
3075,44.77278518676758
3076,33.4495735168457
3077,25.262914657592773
3078,30.46765899658203
3079,57.17213821411133
3080,34.735626220703125
3081,25.34912109375
3082,33.267948150634766
3083,42.76301956176758
3084,50.559417724609375
3085,35.86233901977539
3086,68.92098999023438
3087,34.48027801513672
3088,34.67493438720703
3089,34.307281494140625
3090,23.67333221435547
3091,45.915828704833984
3092,38.07011413574219
3093,25.241233825683594
3094,40.64887237548828
3095,79.28226470947266
3096,31.12990951538086
3097,51.5966682434082
3098,30.247453689575195
3099,37.151344299316406
3100,39.11602783203125
3101,35.226646423339844
3102,35.14785385131836
3103,47.86525344848633
3104,63.32357406616211
3105,33.0808219909668
3106,29.72553253173828
3107,25.800371170043945
3108,37.628936767578125
3109,27.804407119750977
3110,26.083250045776367
3111,27.92967987060547
3112,27.93861961364746
3113,37.95302200317383
3114,30.91731834411621
3115,47.66899490356445
3116,38.49375534057617
3117,46.5587043762207
3118,68.66426086425781
3119,53.37574005126953
3120,51.216094970703125
3121,44.67063903808594
3122,20.71143913269043
3123,39.707679748535156
3124,27.602413177490234
3125,66.58555603027344
3126,38.3589973449707
3127,43.99415969848633
3128,33.45347595214844
3129,38.75835418701172
3130,35.964168548583984
3131,39.06910705566406
3132,24.73635482788086
3133,26.788494110107422
3134,50.03702163696289
3135,23.546236038208008
3136,44.70527267456055
3137,33.40191650390625
3138,25.268909454345703
3139,30.468158721923828
3140,57.21285629272461
3141,34.737728118896484
3142,25.306865692138672
3143,33.29161834716797
3144,42.67576599121094
3145,50.571495056152344
3146,35.82892608642578
3147,68.82426452636719
3148,34.466251373291016
3149,34.634857177734375
3150,34.32168960571289
3151,23.72382164001465
3152,45.877037048339844
3153,38.06991195678711
3154,25.19310760498047
3155,40.57840347290039
3156,79.2381591796875
3157,31.103721618652344
3158,51.56203079223633
3159,30.252775192260742
3160,37.121070861816406
3161,39.10195541381836
3162,35.21424102783203
3163,35.12131118774414
3164,47.8314094543457
3165,63.27924346923828
3166,33.0859260559082
3167,29.642925262451172
3168,25.75466537475586
3169,37.51103591918945
3170,27.778810501098633
3171,26.063947677612305
3172,27.820415496826172
3173,27.923572540283203
3174,37.90410232543945
3175,30.861919403076172
3176,47.648067474365234
3177,38.46310806274414
3178,46.51730728149414
3179,68.62104797363281
3180,53.35984802246094
3181,51.1898307800293
3182,44.65077590942383
3183,20.71013069152832
3184,39.65345764160156
3185,27.6064510345459
3186,66.45565795898438
3187,38.23753356933594
3188,43.875492095947266
3189,33.415042877197266
3190,38.67668533325195
3191,35.94631576538086
3192,39.06896209716797
3193,24.7093448638916
3194,26.798696517944336
3195,50.03290939331055
3196,23.54461097717285
3197,44.64140701293945
3198,33.359169006347656
3199,25.277603149414062
3200,30.470102310180664
3201,57.25542068481445
3202,34.74030685424805
3203,25.268510818481445
3204,33.316322326660156
3205,42.5942268371582
3206,50.58803939819336
3207,35.798736572265625
3208,68.73387908935547
3209,34.45332336425781
3210,34.599037170410156
3211,34.338077545166016
3212,23.774505615234375
3213,45.83911895751953
3214,38.07135772705078
3215,25.147613525390625
3216,40.51130294799805
3217,79.19786071777344
3218,31.08101463317871
3219,51.53002166748047
3220,30.258731842041016
3221,37.09280014038086
3222,39.09047317504883
3223,35.203460693359375
3224,35.09637451171875
3225,47.80304718017578
3226,63.240718841552734
3227,33.09196472167969
3228,29.5634708404541
3229,25.71160316467285
3230,37.397701263427734
3231,27.75642967224121
3232,26.046472549438477
3233,27.715280532836914
3234,27.909156799316406
3235,37.85824203491211
3236,30.810075759887695
3237,47.630950927734375
3238,38.43391036987305
3239,46.47884750366211
3240,68.5804672241211
3241,53.34724807739258
3242,51.16254425048828
3243,44.63430404663086
3244,20.711545944213867
3245,39.60335159301758
3246,27.61029815673828
3247,66.33198547363281
3248,38.12210464477539
3249,43.761295318603516
3250,33.37971496582031
3251,38.60032653808594
3252,35.93163299560547
3253,39.06999206542969
3254,24.6833438873291
3255,26.808223724365234
3256,50.03128433227539
3257,23.544178009033203
3258,44.58094787597656
3259,33.320648193359375
3260,25.2882080078125
3261,30.4735107421875
3262,57.299442291259766
3263,34.743614196777344
3264,25.233291625976562
3265,33.34165954589844
3266,42.51792526245117
3267,50.6078987121582
3268,35.771217346191406
3269,68.6491928100586
3270,34.441612243652344
3271,34.5669059753418
3272,34.356468200683594
3273,23.825544357299805
3274,45.802433013916016
3275,38.07429122924805
3276,25.10455322265625
3277,40.44746017456055
3278,79.16095733642578
3279,31.061260223388672
3280,51.50027847290039
3281,30.265457153320312
3282,37.067020416259766
3283,39.081016540527344
3284,35.1944465637207
3285,35.07298278808594
3286,47.779083251953125
3287,63.2069206237793
3288,33.09883499145508
3289,29.487171173095703
3290,25.671127319335938
3291,37.28886413574219
3292,27.73676872253418
3293,26.030912399291992
3294,27.614303588867188
3295,27.896059036254883
3296,37.81525802612305
3297,30.761184692382812
3298,47.61711502075195
3299,38.40620803833008
3300,46.443416595458984
3301,68.54291534423828
3302,53.33796310424805
3303,51.13548278808594
3304,44.620887756347656
3305,20.714824676513672
3306,39.55695724487305
3307,27.614290237426758
3308,66.2144546508789
3309,38.01240158081055
3310,43.65159225463867
3311,33.3470573425293
3312,38.528751373291016
3313,35.9196891784668
3314,39.072261810302734
3315,24.658353805541992
3316,26.81765365600586
3317,50.03173828125
3318,23.544755935668945
3319,44.52360153198242
3320,33.2855110168457
3321,25.300519943237305
3322,30.477920532226562
3323,57.34457778930664
3324,34.74784851074219
3325,25.200971603393555
3326,33.3675537109375
3327,42.446109771728516
3328,50.63042449951172
3329,35.746185302734375
3330,68.56965637207031
3331,34.431114196777344
3332,34.537906646728516
3333,34.376373291015625
3334,23.8769474029541
3335,45.76737976074219
3336,38.07882308959961
3337,25.063987731933594
3338,40.38673782348633
3339,79.12738800048828
3340,31.04405975341797
3341,51.47282409667969
3342,30.273021697998047
3343,37.0435791015625
3344,39.07361602783203
3345,35.18703079223633
3346,35.05141067504883
3347,47.7589111328125
3348,63.17793655395508
3349,33.10648727416992
3350,29.41354751586914
3351,25.632726669311523
3352,37.18459701538086
3353,27.71872329711914
3354,26.015869140625
3355,27.517967224121094
3356,27.884815216064453
3357,37.774566650390625
3358,30.714445114135742
3359,47.60651779174805
3360,38.37971496582031
3361,46.41299819946289
3362,68.51072692871094
3363,53.332706451416016
3364,51.110443115234375
3365,44.61152648925781
3366,20.718273162841797
3367,39.51404571533203
3368,27.619094848632812
3369,66.10400390625
3370,37.90749740600586
3371,43.54634475708008
3372,33.31672668457031
3373,38.46076202392578
3374,35.910099029541016
3375,39.07594299316406
3376,24.634624481201172
3377,26.827363967895508
3378,50.03407669067383
3379,23.54633140563965
3380,44.46955108642578
3381,33.253604888916016
3382,25.3146915435791
3383,30.483455657958984
3384,57.39041519165039
3385,34.753292083740234
3386,25.17157554626465
3387,33.39398956298828
3388,42.378501892089844
3389,50.655086517333984
3390,35.72330093383789
3391,68.49505615234375
3392,34.421730041503906
3393,34.51173782348633
3394,34.39776611328125
3395,23.92838478088379
3396,45.733890533447266
3397,38.084869384765625
3398,25.025999069213867
3399,40.32892608642578
3400,79.09693908691406
3401,31.029478073120117
3402,51.44734573364258
3403,30.281402587890625
3404,37.02303695678711
3405,39.068355560302734
3406,35.18080520629883
3407,35.0318603515625
3408,47.741966247558594
3409,63.15540313720703
3410,33.11469268798828
3411,29.34227180480957
3412,25.595623016357422
3413,37.08527374267578
3414,27.70146369934082
3415,26.000513076782227
3416,27.42674446105957
3417,27.87568473815918
3418,37.7360954284668
3419,30.66911506652832
3420,47.599334716796875
3421,38.35467529296875
3422,46.388465881347656
3423,68.4852523803711
3424,53.3314094543457
3425,51.08845138549805
3426,44.60609436035156
3427,20.721237182617188
3428,39.47439956665039
3429,27.624774932861328
3430,66.00048828125
3431,37.8070182800293
3432,43.4459114074707
3433,33.28855895996094
3434,38.39613723754883
3435,35.902870178222656
3436,39.08121871948242
3437,24.612401962280273
3438,26.838144302368164
3439,50.0380859375
3440,23.54939842224121
3441,44.41872787475586
3442,33.2244987487793
3443,25.331134796142578
3444,30.49005699157715
3445,57.43641662597656
3446,34.75993347167969
3447,25.145038604736328
3448,33.42133331298828
3449,42.314510345458984
3450,50.68102264404297
3451,35.702659606933594
3452,68.42454528808594
3453,34.41351318359375
3454,34.488250732421875
3455,34.42033767700195
3456,23.979904174804688
3457,45.70236587524414
3458,38.09099578857422
3459,24.99092674255371
3460,40.27384567260742
3461,79.06928253173828
3462,31.016902923583984
3463,51.42420196533203
3464,30.290597915649414
3465,37.005550384521484
3466,39.065208435058594
3467,35.17566680908203
3468,35.01443862915039
3469,47.728179931640625
3470,63.137115478515625
3471,33.123687744140625
3472,29.273971557617188
3473,25.560422897338867
3474,36.990814208984375
3475,27.685531616210938
3476,25.98619842529297
3477,27.340076446533203
3478,27.869165420532227
3479,37.70027542114258
3480,30.625638961791992
3481,47.59490966796875
3482,38.3309440612793
3483,46.36820983886719
3484,68.46414184570312
3485,53.333091735839844
3486,51.069252014160156
3487,44.60380935668945
3488,20.724336624145508
3489,39.43806076049805
3490,27.631608963012695
3491,65.9029541015625
3492,37.711326599121094
3493,43.349769592285156
3494,33.26274871826172
3495,38.33526611328125
3496,35.89772415161133
3497,39.08772277832031
3498,24.591903686523438
3499,26.850139617919922
3500,50.04340362548828
3501,23.55394744873047
3502,44.37086486816406
3503,33.19789123535156
3504,25.349130630493164
3505,30.49751853942871
3506,57.48244857788086
3507,34.76803970336914
3508,25.120817184448242
3509,33.44873046875
3510,42.25433349609375
3511,50.70799255371094
3512,35.68370819091797
3513,68.358642578125
3514,34.406524658203125
3515,34.467262268066406
3516,34.44392013549805
3517,24.030975341796875
3518,45.673336029052734
3519,38.097381591796875
3520,24.95880889892578
3521,40.221675872802734
3522,79.0440902709961
3523,31.00617790222168
3524,51.40312194824219
3525,30.300600051879883
3526,36.99129104614258
3527,39.063621520996094
3528,35.17198944091797
3529,34.99885559082031
3530,47.71681213378906
3531,63.121978759765625
3532,33.13341522216797
3533,29.20884895324707
3534,25.527145385742188
3535,36.901573181152344
3536,27.67087745666504
3537,25.972782135009766
3538,27.257951736450195
3539,27.865550994873047
3540,37.66709899902344
3541,30.58407974243164
3542,47.59281539916992
3543,38.30872344970703
3544,46.35202407836914
3545,68.4471435546875
3546,53.33771514892578
3547,51.053550720214844
3548,44.60430145263672
3549,20.727083206176758
3550,39.40461730957031
3551,27.639793395996094
3552,65.81179809570312
3553,37.62055969238281
3554,43.257972717285156
3555,33.23905944824219
3556,38.277984619140625
3557,35.8942985534668
3558,39.09557342529297
3559,24.57357406616211
3560,26.86381721496582
3561,50.04993438720703
3562,23.55988883972168
3563,44.32588577270508
3564,33.17337417602539
3565,25.368549346923828
3566,30.50579833984375
3567,57.52768325805664
3568,34.77767562866211
3569,25.09861183166504
3570,33.476165771484375
3571,42.1973991394043
3572,50.73514175415039
3573,35.6664924621582
3574,68.29685974121094
3575,34.40095138549805
3576,34.448516845703125
3577,34.467987060546875
3578,24.08168601989746
3579,45.646751403808594
3580,38.10313415527344
3581,24.93004035949707
3582,40.172054290771484
3583,79.02034759521484
3584,30.997058868408203
3585,51.3837890625
3586,30.31135368347168
3587,36.98044967651367
3588,39.063133239746094
3589,35.16976547241211
3590,34.985103607177734
3591,47.7075309753418
3592,63.10797119140625
3593,33.144065856933594
3594,29.1474609375
3595,25.496109008789062
3596,36.81752014160156
3597,27.65792465209961
3598,25.961292266845703
3599,27.18004035949707
3600,27.865144729614258
3601,37.63666534423828
3602,30.544740676879883
3603,47.59299850463867
3604,38.287841796875
3605,46.33915328979492
3606,68.43315887451172
3607,53.34523391723633
3608,51.04050827026367
3609,44.60746383666992
3610,20.729450225830078
3611,39.3739128112793
3612,27.648988723754883
3613,65.72674560546875
3614,37.535404205322266
3615,43.170074462890625
3616,33.21714401245117
3617,38.22479248046875
3618,35.892234802246094
3619,39.10432052612305
3620,24.55731201171875
3621,26.878883361816406
3622,50.05721664428711
3623,23.56724739074707
3624,44.283226013183594
3625,33.1507568359375
3626,25.389116287231445
3627,30.5147705078125
3628,57.572174072265625
3629,34.78857421875
3630,25.077783584594727
3631,33.50344467163086
3632,42.143489837646484
3633,50.76173782348633
3634,35.65072250366211
3635,68.23833465576172
3636,34.396629333496094
3637,34.431861877441406
3638,34.49235916137695
3639,24.13182258605957
3640,45.6226921081543
3641,38.10719680786133
3642,24.9047908782959
3643,40.12487030029297
3644,78.99758911132812
3645,30.989023208618164
3646,51.366268157958984
3647,30.322847366333008
3648,36.97276306152344
3649,39.06410217285156
3650,35.1683464050293
3651,34.97337341308594
3652,47.69974899291992
3653,63.094932556152344
3654,33.15576171875
3655,29.089513778686523
3656,25.46689796447754
3657,36.73875045776367
3658,27.646575927734375
3659,25.951671600341797
3660,27.106107711791992
3661,27.867761611938477
3662,37.608795166015625
3663,30.507490158081055
3664,47.59494400024414
3665,38.26810836791992
3666,46.328834533691406
3667,68.42127227783203
3668,53.354915618896484
3669,51.03015899658203
3670,44.61265563964844
3671,20.73119354248047
3672,39.34556579589844
3673,27.659099578857422
3674,65.64732360839844
3675,37.455665588378906
3676,43.08613586425781
3677,33.19706344604492
3678,38.17563247680664
3679,35.89130783081055
3680,39.11370849609375
3681,24.543445587158203
3682,26.89519500732422
3683,50.0650520324707
3684,23.575651168823242
3685,44.2430419921875
3686,33.12953186035156
3687,25.410316467285156
3688,30.524309158325195
3689,57.61548614501953
3690,34.800811767578125
3691,25.058185577392578
3692,33.53030776977539
3693,42.0921516418457
3694,50.78694534301758
3695,35.63630676269531
3696,68.18193817138672
3697,34.393707275390625
3698,34.41585159301758
3699,34.51668167114258
3700,24.181690216064453
3701,45.60042190551758
3702,38.10883331298828
3703,24.883129119873047
3704,40.079627990722656
3705,78.97431945800781
3706,30.982160568237305
3707,51.34980773925781
3708,30.334732055664062
3709,36.96796798706055
3710,39.066162109375
3711,35.16730880737305
3712,34.96355056762695
3713,47.69300079345703
3714,63.08271408081055
3715,33.168304443359375
3716,29.034934997558594
3717,25.439247131347656
3718,36.66533660888672
3719,27.63639259338379
3720,25.94397735595703
3721,27.036325454711914
3722,27.8734188079834
3723,37.583316802978516
3724,30.472078323364258
3725,47.5987548828125
3726,38.249324798583984
3727,46.32194137573242
3728,68.412353515625
3729,53.36714553833008
3730,51.0224494934082
3731,44.62004470825195
3732,20.731595993041992
3733,39.319313049316406
3734,27.670154571533203
3735,65.57364654541016
3736,37.38121032714844
3737,43.00581741333008
3738,33.178470611572266
3739,38.13010025024414
3740,35.89103698730469
3741,39.12354278564453
3742,24.531797409057617
3743,26.912830352783203
3744,50.072967529296875
3745,23.58529281616211
3746,44.20473098754883
3747,33.10962677001953
3748,25.43194580078125
3749,30.534366607666016
3750,57.656890869140625
3751,34.813907623291016
3752,25.039583206176758
3753,33.556785583496094
3754,42.043312072753906
3755,50.81040573120117
3756,35.62281036376953
3757,68.12796783447266
3758,34.392005920410156
3759,34.400970458984375
3760,34.54053497314453
3761,24.230791091918945
3762,45.58004379272461
3763,38.10771179199219
3764,24.8648681640625
3765,40.036373138427734
3766,78.95030975341797
3767,30.9758358001709
3768,51.334503173828125
3769,30.346927642822266
3770,36.96549606323242
3771,39.069087982177734
3772,35.16666793823242
3773,34.95536804199219
3774,47.686763763427734
3775,63.07054901123047
3776,33.18172836303711
3777,28.983715057373047
3778,25.413286209106445
3779,36.597293853759766
3780,27.627408981323242
3781,25.938276290893555
3782,26.970348358154297
3783,27.88172721862793
3784,37.55998992919922
3785,30.438739776611328
3786,47.603660583496094
3787,38.231483459472656
3788,46.31711959838867
3789,68.40453338623047
3790,53.3809700012207
3791,51.01647186279297
3792,44.628692626953125
3793,20.731502532958984
3794,39.29468536376953
3795,27.68174171447754
3796,65.50473022460938
3797,37.31220626831055
3798,42.92942428588867
3799,33.161529541015625
3800,38.08849334716797
3801,35.89128112792969
3802,39.13343048095703
3803,24.52235984802246
3804,26.93137550354004
3805,50.080509185791016
3806,23.595848083496094
3807,44.16847229003906
3808,33.09051513671875
3809,25.45351791381836
3810,30.544742584228516
3811,57.69679260253906
3812,34.82766342163086
3813,25.021617889404297
3814,33.581825256347656
3815,41.997432708740234
3816,50.833011627197266
3817,35.61024856567383
3818,68.07782745361328
3819,34.391326904296875
3820,34.388587951660156
3821,34.563838958740234
3822,24.278085708618164
3823,45.56200408935547
3824,38.10289001464844
3825,24.849987030029297
3826,39.99497604370117
3827,78.92606353759766
3828,30.97015380859375
3829,51.32024383544922
3830,30.358983993530273
3831,36.96502685546875
3832,39.07302474975586
3833,35.16584014892578
3834,34.948577880859375
3835,47.68089294433594
3836,63.0582160949707
3837,33.19579315185547
3838,28.93585777282715
3839,25.388957977294922
3840,36.534366607666016
3841,27.619447708129883
3842,25.934431076049805
3843,26.90816879272461
3844,27.892345428466797
3845,37.538726806640625
3846,30.407922744750977
3847,47.60860061645508
3848,38.21486282348633
3849,46.31058883666992
3850,68.39389038085938
3851,53.392818450927734
3852,51.0071907043457
3853,44.63552474975586
3854,20.737096786499023
3855,39.27292251586914
3856,27.692424774169922
3857,65.4358901977539
3858,37.24617385864258
3859,42.8583984375
3860,33.14826583862305
3861,38.04985427856445
3862,35.8940315246582
3863,39.14299774169922
3864,24.512714385986328
3865,26.946094512939453
3866,50.089847564697266
3867,23.605823516845703
3868,44.13604736328125
3869,33.0750732421875
3870,25.474414825439453
3871,30.555076599121094
3872,57.737606048583984
3873,34.83972930908203
3874,25.006637573242188
3875,33.605167388916016
3876,41.957611083984375
3877,50.86018371582031
3878,35.6002311706543
3879,68.03528594970703
3880,34.39091110229492
3881,34.38031768798828
3882,34.58685302734375
3883,24.32356071472168
3884,45.543800354003906
3885,38.102596282958984
3886,24.833723068237305
3887,39.95718765258789
3888,78.90647888183594
3889,30.96630859375
3890,51.30792999267578
3891,30.370304107666016
3892,36.96108627319336
3893,39.07743453979492
3894,35.16598892211914
3895,34.94220733642578
3896,47.6788444519043
3897,63.04985809326172
3898,33.209049224853516
3899,28.890899658203125
3900,25.366762161254883
3901,36.47331619262695
3902,27.61301612854004
3903,25.92978286743164
3904,26.84971046447754
3905,27.8984432220459
3906,37.51866149902344
3907,30.37948226928711
3908,47.61549377441406
3909,38.198333740234375
3910,46.3066520690918
3911,68.3873062133789
3912,53.40606689453125
3913,50.993927001953125
3914,44.643646240234375
3915,20.744447708129883
3916,39.25357437133789
3917,27.701339721679688
3918,65.3718032836914
3919,37.183101654052734
3920,42.792850494384766
3921,33.1373405456543
3922,38.01348114013672
3923,35.89912033081055
3924,39.15265655517578
3925,24.502395629882812
3926,26.95686149597168
3927,50.10126876831055
3928,23.615880966186523
3929,44.107303619384766
3930,33.063289642333984
3931,25.49587631225586
3932,30.565874099731445
3933,57.77885818481445
3934,34.850589752197266
3935,24.994482040405273
3936,33.627845764160156
3937,41.92270278930664
3938,50.890132904052734
3939,35.592567443847656
3940,67.99784088134766
3941,34.39067459106445
3942,34.37491989135742
3943,34.60957717895508
3944,24.3678035736084
3945,45.525028228759766
3946,38.10445022583008
3947,24.817096710205078
3948,39.92253875732422
3949,78.88964080810547
3950,30.963964462280273
3951,51.297096252441406
3952,30.380657196044922
3953,36.9538459777832
3954,39.08283615112305
3955,35.1661491394043
3956,34.936527252197266
3957,47.68022918701172
3958,63.04481887817383
3959,33.22197723388672
3960,28.84845542907715
3961,25.346458435058594
3962,36.41474151611328
3963,27.608261108398438
3964,25.924766540527344
3965,26.79486846923828
3966,27.901092529296875
3967,37.49960708618164
3968,30.353546142578125
3969,47.624576568603516
3970,38.181636810302734
3971,46.30559539794922
3972,68.38436126708984
3973,53.42146682739258
3974,50.97739791870117
3975,44.653324127197266
3976,20.75250816345215
3977,39.236358642578125
3978,27.70878791809082
3979,65.31301879882812
3980,37.12403869628906
3981,42.73200607299805
3982,33.12826919555664
3983,37.98007583618164
3984,35.90583038330078
3985,39.162147521972656
3986,24.492462158203125
3987,26.964885711669922
3988,50.11368942260742
3989,23.62649917602539
3990,44.08134460449219
3991,33.0541877746582
3992,25.517486572265625
3993,30.57684898376465
3994,57.81941604614258
3995,34.860652923583984
3996,24.984195709228516
3997,33.649749755859375
3998,41.89183044433594
3999,50.92142105102539
4000,35.58656311035156
4001,67.9648666381836
4002,34.390865325927734
4003,34.37213897705078
4004,34.631431579589844
4005,24.410511016845703
4006,45.50666046142578
4007,38.10637283325195
4008,24.801097869873047
4009,39.89039611816406
4010,78.87444305419922
4011,30.962406158447266
4012,51.28761291503906
4013,30.390304565429688
4014,36.94491958618164
4015,39.089115142822266
4016,35.16622543334961
4017,34.932064056396484
4018,47.68345260620117
4019,63.04179382324219
4020,33.234798431396484
4021,28.808712005615234
4022,25.3275203704834
4023,36.35929870605469
4024,27.60436248779297
4025,25.919767379760742
4026,26.74337387084961
4027,27.90259552001953
4028,37.48174285888672
4029,30.32945442199707
4030,47.63512420654297
4031,38.16496276855469
4032,46.30729293823242
4033,68.38436889648438
4034,53.438575744628906
4035,50.96041488647461
4036,44.66401290893555
4037,20.760053634643555
4038,39.22054672241211
4039,27.716161727905273
4040,65.25839233398438
4041,37.06855392456055
4042,42.67527770996094
4043,33.1211051940918
4044,37.94892501831055
4045,35.913578033447266
4046,39.17112350463867
4047,24.484743118286133
4048,26.97318458557129
4049,50.1256217956543
4050,23.639062881469727
4051,44.05728530883789
4052,33.04596710205078
4053,25.53990936279297
4054,30.588045120239258
4055,57.85758590698242
4056,34.871150970458984
4057,24.974674224853516
4058,33.67039108276367
4059,41.86345672607422
4060,50.95131301879883
4061,35.58103942871094
4062,67.93565368652344
4063,34.392154693603516
4064,34.37148666381836
4065,34.651817321777344
4066,24.45090675354004
4067,45.49068069458008
4068,38.105831146240234
4069,24.787429809570312
4070,39.86021041870117
4071,78.85897064208984
4072,30.960617065429688
4073,51.27907943725586
4074,30.399688720703125
4075,36.936737060546875
4076,39.09566116333008
4077,35.165855407714844
4078,34.92911911010742
4079,47.685516357421875
4080,63.03742980957031
4081,33.247806549072266
4082,28.77248191833496
4083,25.30968475341797
4084,36.30916213989258
4085,27.600168228149414
4086,25.916004180908203
4087,26.696086883544922
4088,27.907480239868164
4089,37.46550369262695
4090,30.306201934814453
4091,47.64577102661133
4092,38.14873123168945
4093,46.311893463134766
4094,68.38545227050781
4095,53.45682907104492
4096,50.9472770690918
4097,44.67481994628906
4098,20.76514434814453
4099,39.20529556274414
4100,27.72517204284668
4101,65.20664978027344
4102,37.017696380615234
4103,42.621707916259766
4104,33.11509704589844
4105,37.920623779296875
4106,35.91989517211914
4107,39.1791877746582
4108,24.48105812072754
4109,26.98518180847168
4110,50.135066986083984
4111,23.65279197692871
4112,44.03388977050781
4113,33.036293029785156
4114,25.560993194580078
4115,30.598806381225586
4116,57.89129638671875
4117,34.88237762451172
4118,24.963787078857422
4119,33.68796920776367
4120,41.8359489440918
4121,50.97636032104492
4122,35.575042724609375
4123,67.90852355957031
4124,34.39468765258789
4125,34.370975494384766
4126,34.66978454589844
4127,24.489131927490234
4128,45.477699279785156
4129,38.0993766784668
4130,24.77884864807129
4131,39.8313102722168
4132,78.83853912353516
4133,30.957651138305664
4134,51.27012252807617
4135,30.40951156616211
4136,36.93181610107422
4137,39.10158157348633
4138,35.16514205932617
4139,34.927879333496094
4140,47.68360900878906
4141,63.02796936035156
4142,33.26163864135742
4143,28.740793228149414
4144,25.293546676635742
4145,36.26493453979492
4146,27.596027374267578
4147,25.915672302246094
4148,26.65222930908203
4149,27.91611099243164
4150,37.45170593261719
4151,30.284780502319336
4152,47.65370559692383
4153,38.13393783569336
4154,46.314178466796875
4155,68.38192749023438
4156,53.4723014831543
4157,50.937076568603516
4158,44.68225860595703
4159,20.771697998046875
4160,39.1901969909668
4161,27.73637580871582
4162,65.15325927734375
4163,36.97074890136719
4164,42.572017669677734
4165,33.111427307128906
4166,37.89459228515625
4167,35.9246826171875
4168,39.18593215942383
4169,24.481704711914062
4170,27.000757217407227
4171,50.141353607177734
4172,23.666568756103516
4173,44.01163864135742
4174,33.02438735961914
4175,25.57686424255371
4176,30.608503341674805
4177,57.92152786254883
4178,34.892391204833984
4179,24.9494571685791
4180,33.69633102416992
4181,41.81385040283203
4182,51.00079345703125
4183,35.56774139404297
4184,67.89112091064453
4185,34.398746490478516
4186,34.377376556396484
4187,34.683048248291016
4188,24.52066421508789
4189,45.46821594238281
4190,38.077415466308594
4191,24.77689552307129
4192,39.80270004272461
4193,78.80845642089844
4194,30.95311164855957
4195,51.25958251953125
4196,30.41745376586914
4197,36.92774200439453
4198,39.10598373413086
4199,35.16282272338867
4200,34.926597595214844
4201,47.67742919921875
4202,63.008121490478516
4203,33.276466369628906
4204,28.71617889404297
4205,25.280216217041016
4206,36.22962188720703
4207,27.59341812133789
4208,25.920827865600586
4209,26.613208770751953
4210,27.927444458007812
4211,37.44023132324219
4212,30.266986846923828
4213,47.65831756591797
4214,38.120079040527344
4215,46.313140869140625
4216,68.37059020996094
4217,53.484249114990234
4218,50.927066802978516
4219,44.68430709838867
4220,20.779720306396484
4221,39.174659729003906
4222,27.74860954284668
4223,65.09819030761719
4224,36.930931091308594
4225,42.527767181396484
4226,33.11051559448242
4227,37.87287902832031
4228,35.9265251159668
4229,39.189151763916016
4230,24.48821449279785
4231,27.019546508789062
4232,50.14191818237305
4233,23.679903030395508
4234,43.989986419677734
4235,33.009273529052734
4236,25.58791160583496
4237,30.616498947143555
4238,57.943824768066406
4239,34.90223693847656
4240,24.932767868041992
4241,33.698726654052734
4242,41.79297637939453
4243,51.01728439331055
4244,35.55889892578125
4245,67.87662506103516
4246,34.40390396118164
4247,34.38117599487305
4248,34.69186782836914
4249,24.549293518066406
4250,45.46150588989258
4251,38.05508804321289
4252,24.78046226501465
4253,39.77736282348633
4254,78.77075958251953
4255,30.94646453857422
4256,51.24686813354492
4257,30.42657470703125
4258,36.92675018310547
4259,39.10654067993164
4260,35.161590576171875
4261,34.92672348022461
4262,47.662845611572266
4263,62.97883605957031
4264,33.29088592529297
4265,28.69868278503418
4266,25.269248962402344
4267,36.20014572143555
4268,27.589515686035156
4269,25.929630279541016
4270,26.5784969329834
4271,27.94110870361328
4272,37.431365966796875
4273,30.2504825592041
4274,47.65540313720703
4275,38.10853958129883
4276,46.30696105957031
4277,68.35127258300781
4278,53.48793029785156
4279,50.922210693359375
4280,44.6778564453125
4281,20.792253494262695
4282,39.15846252441406
4283,27.765291213989258
4284,65.03470611572266
4285,36.89120864868164
4286,42.49003219604492
4287,33.11404800415039
4288,37.849491119384766
4289,35.92521286010742
4290,39.190303802490234
4291,24.50119972229004
4292,27.04625129699707
4293,50.13664245605469
4294,23.692150115966797
4295,43.97013854980469
4296,32.98884582519531
4297,25.592512130737305
4298,30.621726989746094
4299,57.958534240722656
4300,34.91297912597656
4301,24.9136905670166
4302,33.691314697265625
4303,41.77462387084961
4304,51.02883529663086
4305,35.547157287597656
4306,67.86988067626953
4307,34.41011047363281
4308,34.383056640625
4309,34.69601821899414
4310,24.574678421020508
4311,45.45824432373047
4312,38.03781509399414
4313,24.78901481628418
4314,39.75605392456055
4315,78.72596740722656
4316,30.93722915649414
4317,51.2308349609375
4318,30.437908172607422
4319,36.92941665649414
4320,39.10157012939453
4321,35.16286849975586
4322,34.92792510986328
4323,47.63820266723633
4324,62.9371337890625
4325,33.30391311645508
4326,28.688865661621094
4327,25.261066436767578
4328,36.175636291503906
4329,27.583858489990234
4330,25.942522048950195
4331,26.547733306884766
4332,27.95660972595215
4333,37.42529296875
4334,30.23493194580078
4335,47.64267349243164
4336,38.099937438964844
4337,46.293846130371094
4338,68.32128143310547
4339,53.48054504394531
4340,50.92401123046875
4341,44.66012954711914
4342,20.812007904052734
4343,39.14131164550781
4344,27.788204193115234
4345,64.95797729492188
4346,36.84880828857422
4347,42.458595275878906
4348,33.122928619384766
4349,37.82188415527344
4350,35.920249938964844
4351,39.189090728759766
4352,24.521718978881836
4353,27.083736419677734
4354,50.12458419799805
4355,23.70290184020996
4356,43.952396392822266
4357,32.96157455444336
4358,25.589162826538086
4359,30.62339973449707
4360,57.96520233154297
4361,34.925106048583984
4362,24.891080856323242
4363,33.6712646484375
4364,41.75933074951172
4365,51.03683090209961
4366,35.5316047668457
4367,67.8731918334961
4368,34.417686462402344
4369,34.38301467895508
4370,34.69487380981445
4371,24.596860885620117
4372,45.4589958190918
4373,38.0277099609375
4374,24.802688598632812
4375,39.73906707763672
4376,78.6725082397461
4377,30.924741744995117
4378,51.2102165222168
4379,30.452186584472656
4380,36.93613815307617
4381,39.08907699584961
4382,35.16751480102539
4383,34.9303092956543
4384,47.60130310058594
4385,62.880001068115234
4386,33.315513610839844
4387,28.687238693237305
4388,25.25541114807129
4389,36.155574798583984
4390,27.575672149658203
4391,25.95975685119629
4392,26.5202693939209
4393,27.974117279052734
4394,37.42228698730469
4395,30.219728469848633
4396,47.61784744262695
4397,38.094295501708984
4398,46.27177047729492
4399,68.27822875976562
4400,53.459808349609375
4401,50.934181213378906
4402,44.62929916381836
4403,20.840307235717773
4404,39.12266540527344
4405,27.8187198638916
4406,64.86520385742188
4407,36.80194854736328
4408,42.432926177978516
4409,33.134429931640625
4410,37.793331146240234
4411,35.90535354614258
4412,39.18662643432617
4413,24.54022789001465
4414,27.116031646728516
4415,50.10731506347656
4416,23.690196990966797
4417,43.93637466430664
4418,32.92801284790039
4419,25.561071395874023
4420,30.61983871459961
4421,57.96189498901367
4422,34.93403244018555
4423,24.866695404052734
4424,33.64788055419922
4425,41.74015426635742
4426,51.021968841552734
4427,35.514652252197266
4428,67.85674285888672
4429,34.42374801635742
4430,34.349205017089844
4431,34.690460205078125
4432,24.631500244140625
4433,45.44743347167969
4434,38.065372467041016
4435,24.816267013549805
4436,39.734649658203125
4437,78.60896301269531
4438,30.91274070739746
4439,51.17921447753906
4440,30.475704193115234
4441,36.94182586669922
4442,39.05898666381836
4443,35.18785095214844
4444,34.93219757080078
4445,47.552146911621094
4446,62.81254959106445
4447,33.31904602050781
4448,28.69197654724121
4449,25.25165557861328
4450,36.12945556640625
4451,27.559436798095703
4452,25.969120025634766
4453,26.49787712097168
4454,27.98274803161621
4455,37.419925689697266
4456,30.199241638183594
4457,47.58206558227539
4458,38.091163635253906
4459,46.250762939453125
4460,68.240234375
4461,53.427730560302734
4462,50.954864501953125
4463,44.59058380126953
4464,20.87445831298828
4465,39.104732513427734
4466,27.855770111083984
4467,64.76248168945312
4468,36.74150085449219
4469,42.41630554199219
4470,33.14738464355469
4471,37.753684997558594
4472,35.88580322265625
4473,39.186431884765625
4474,24.551891326904297
4475,27.14302635192871
4476,50.09056091308594
4477,23.661264419555664
4478,43.9263916015625
4479,32.89366912841797
4480,25.516847610473633
4481,30.61171531677246
4482,57.95694351196289
4483,34.93710708618164
4484,24.84361457824707
4485,33.61790084838867
4486,41.726646423339844
4487,51.00604248046875
4488,35.498477935791016
4489,67.83992004394531
4490,34.427677154541016
4491,34.3098030090332
4492,34.68254470825195
4493,24.663066864013672
4494,45.43033218383789
4495,38.105262756347656
4496,24.825387954711914
4497,39.73310852050781
4498,78.55093383789062
4499,30.90121078491211
4500,51.149658203125
4501,30.49264144897461
4502,36.933807373046875
4503,39.03040313720703
4504,35.203529357910156
4505,34.931758880615234
4506,47.50811004638672
4507,62.751773834228516
4508,33.31882858276367
4509,28.696178436279297
4510,25.2475528717041
4511,36.1055793762207
4512,27.544445037841797
4513,25.972307205200195
4514,26.481077194213867
4515,27.977989196777344
4516,37.41416549682617
4517,30.181346893310547
4518,47.55280303955078
4519,38.082916259765625
4520,46.23528289794922
4521,68.21089935302734
4522,53.40507507324219
4523,50.957359313964844
4524,44.563873291015625
4525,20.89374351501465
4526,39.0883903503418
4527,27.877492904663086
4528,64.69316864013672
4529,36.69843673706055
4530,42.40297317504883
4531,33.15485763549805
4532,37.7237548828125
4533,35.86980438232422
4534,39.181705474853516
4535,24.558568954467773
4536,27.15449333190918
4537,50.07590103149414
4538,23.642026901245117
4539,43.915828704833984
4540,32.869136810302734
4541,25.482208251953125
4542,30.60499382019043
4543,57.953453063964844
4544,34.9309196472168
4545,24.82109832763672
4546,33.587127685546875
4547,41.72343063354492
4548,51.00118637084961
4549,35.485939025878906
4550,67.83663177490234
4551,34.43103790283203
4552,34.299171447753906
4553,34.669403076171875
4554,24.676082611083984
4555,45.4144172668457
4556,38.08251953125
4557,24.835586547851562
4558,39.72103500366211
4559,78.49161529541016
4560,30.889034271240234
4561,51.12730407714844
4562,30.491247177124023
4563,36.909202575683594
4564,39.017147064208984
4565,35.196495056152344
4566,34.92934036254883
4567,47.477569580078125
4568,62.70223617553711
4569,33.32181167602539
4570,28.697357177734375
4571,25.242115020751953
4572,36.09519577026367
4573,27.538442611694336
4574,25.978628158569336
4575,26.468891143798828
4576,27.966690063476562
4577,37.40510559082031
4578,30.172710418701172
4579,47.53615951538086
4580,38.067081451416016
4581,46.224300384521484
4582,68.18356323242188
4583,53.398414611816406
4584,50.93278884887695
4585,44.5496826171875
4586,20.89642333984375
4587,39.072044372558594
4588,27.879777908325195
4589,64.66178894042969
4590,36.68553161621094
4591,42.38967514038086
4592,33.15555953979492
4593,37.71342468261719
4594,35.85675048828125
4595,39.17014694213867
4596,24.56450653076172
4597,27.151288986206055
4598,50.0607795715332
4599,23.636903762817383
4600,43.901878356933594
4601,32.85273361206055
4602,25.466089248657227
4603,30.602272033691406
4604,57.944252014160156
4605,34.92418670654297
4606,24.80368423461914
4607,33.57291030883789
4608,41.713104248046875
4609,50.98424530029297
4610,35.47591018676758
4611,67.81880187988281
4612,34.434288024902344
4613,34.28504180908203
4614,34.65625762939453
4615,24.688020706176758
4616,45.399532318115234
4617,38.0534553527832
4618,24.844263076782227
4619,39.70852279663086
4620,78.43920135498047
4621,30.87600326538086
4622,51.1073112487793
4623,30.489988327026367
4624,36.88503646850586
4625,39.004539489746094
4626,35.19007110595703
4627,34.92892837524414
4628,47.44498062133789
4629,62.65374755859375
4630,33.32343673706055
4631,28.697505950927734
4632,25.235218048095703
4633,36.083221435546875
4634,27.530244827270508
4635,25.98245620727539
4636,26.457054138183594
4637,27.954862594604492
4638,37.396541595458984
4639,30.162281036376953
4640,47.51679992675781
4641,38.052001953125
4642,46.21195602416992
4643,68.15596771240234
4644,53.389259338378906
4645,50.91168212890625
4646,44.536197662353516
4647,20.896873474121094
4648,39.05601501464844
4649,27.88239860534668
4650,64.63502502441406
4651,36.67294692993164
4652,42.37606430053711
4653,33.154945373535156
4654,37.70347213745117
4655,35.843929290771484
4656,39.159584045410156
4657,24.569093704223633
4658,27.146574020385742
4659,50.04736328125
4660,23.633224487304688
4661,43.887935638427734
4662,32.837318420410156
4663,25.45436668395996
4664,30.600217819213867
4665,57.93345260620117
4666,34.919620513916016
4667,24.788358688354492
4668,33.564640045166016
4669,41.698272705078125
4670,50.961647033691406
4671,35.465911865234375
4672,67.79512023925781
4673,34.437618255615234
4674,34.26725769042969
4675,34.643680572509766
4676,24.7005672454834
4677,45.38621520996094
4678,38.0248908996582
4679,24.851858139038086
4680,39.69584274291992
4681,78.39240264892578
4682,30.862215042114258
4683,51.08914566040039
4684,30.488061904907227
4685,36.86166763305664
4686,38.99610900878906
4687,35.179351806640625
4688,34.932003021240234
4689,47.412776947021484
4690,62.61459732055664
4691,33.324790954589844
4692,28.694429397583008
4693,25.225736618041992
4694,36.072776794433594
4695,27.521162033081055
4696,25.984113693237305
4697,26.44589614868164
4698,27.943077087402344
4699,37.38776397705078
4700,30.152057647705078
4701,47.499324798583984
4702,38.03617858886719
4703,46.20034408569336
4704,68.12914276123047
4705,53.3813591003418
4706,50.88827133178711
4707,44.52400207519531
4708,20.89727210998535
4709,39.040794372558594
4710,27.883190155029297
4711,64.61116790771484
4712,36.66299057006836
4713,42.36185836791992
4714,33.15385437011719
4715,37.69674301147461
4716,35.832672119140625
4717,39.1486701965332
4718,24.573040008544922
4719,27.139122009277344
4720,50.03504943847656
4721,23.632808685302734
4722,43.8737678527832
4723,32.82380294799805
4724,25.44719123840332
4725,30.599018096923828
4726,57.92188262939453
4727,34.91562271118164
4728,24.774232864379883
4729,33.559024810791016
4730,41.68295669555664
4731,50.939186096191406
4732,35.45646667480469
4733,67.7714614868164
4734,34.44108581542969
4735,34.251487731933594
4736,34.63121795654297
4737,24.71196746826172
4738,45.374473571777344
4739,37.9916877746582
4740,24.858909606933594
4741,39.682090759277344
4742,78.35006713867188
4743,30.84794807434082
4744,51.07392883300781
4745,30.483837127685547
4746,36.83768081665039
4747,38.99128723144531
4748,35.16557693481445
4749,34.93562316894531
4750,47.383113861083984
4751,62.57599639892578
4752,33.32728576660156
4753,28.691219329833984
4754,25.215898513793945
4755,36.0644645690918
4756,27.511486053466797
4757,25.983642578125
4758,26.436641693115234
4759,27.933155059814453
4760,37.378273010253906
4761,30.14121437072754
4762,47.487178802490234
4763,38.018524169921875
4764,46.194969177246094
4765,68.109130859375
4766,53.37972640991211
4767,50.86277770996094
4768,44.515663146972656
4769,20.896591186523438
4770,39.02579879760742
4771,27.880956649780273
4772,64.58760833740234
4773,36.659114837646484
4774,42.34519577026367
4775,33.15740966796875
4776,37.699920654296875
4777,35.82497024536133
4778,39.13359451293945
4779,24.579666137695312
4780,27.127304077148438
4781,50.02283477783203
4782,23.633392333984375
4783,43.85821533203125
4784,32.8122444152832
4785,25.43971824645996
4786,30.59865379333496
4787,57.912559509277344
4788,34.9094123840332
4789,24.75786781311035
4790,33.549659729003906
4791,41.67233657836914
4792,50.92463302612305
4793,35.44743347167969
4794,67.7559814453125
4795,34.44526290893555
4796,34.24338912963867
4797,34.61843490600586
4798,24.722501754760742
4799,45.36139678955078
4800,37.94874954223633
4801,24.86876106262207
4802,39.66624069213867
4803,78.29781341552734
4804,30.83533477783203
4805,51.0538215637207
4806,30.479839324951172
4807,36.8109245300293
4808,38.9776725769043
4809,35.16112518310547
4810,34.928955078125
4811,47.35866928100586
4812,62.49987030029297
4813,33.337127685546875
4814,28.696731567382812
4815,25.21071434020996
4816,36.062782287597656
4817,27.503313064575195
4818,25.972938537597656
4819,26.442956924438477
4820,27.942684173583984
4821,37.36199188232422
4822,30.11882972717285
4823,47.50920104980469
4824,37.98759078979492
4825,46.24611282348633
4826,68.14718627929688
4827,53.42353820800781
4828,50.84001541137695
4829,44.53718948364258
4830,20.859638214111328
4831,39.009971618652344
4832,27.867877960205078
4833,64.59263610839844
4834,36.67551803588867
4835,42.324806213378906
4836,33.16387176513672
4837,37.72087478637695
4838,35.82360076904297
4839,39.105865478515625
4840,24.601377487182617
4841,27.11549949645996
4842,50.00212860107422
4843,23.661344528198242
4844,43.83198928833008
4845,32.805328369140625
4846,25.45995330810547
4847,30.604644775390625
4848,57.88993835449219
4849,34.901790618896484
4850,24.737380981445312
4851,33.55223083496094
4852,41.65839385986328
4853,50.901390075683594
4854,35.4383430480957
4855,67.7376708984375
4856,34.45277404785156
4857,34.25212097167969
4858,34.599796295166016
4859,24.725427627563477
4860,45.35083770751953
4861,37.83088302612305
4862,24.89661979675293
4863,39.634300231933594
4864,78.22245025634766
4865,30.817554473876953
4866,51.03526306152344
4867,30.4654483795166
4868,36.78736877441406
4869,38.97499084472656
4870,35.139408111572266
4871,34.922996520996094
4872,47.33150100708008
4873,62.40969467163086
4874,33.35603713989258
4875,28.704002380371094
4876,25.204790115356445
4877,36.0787467956543
4878,27.505693435668945
4879,25.988191604614258
4880,26.443113327026367
4881,27.969661712646484
4882,37.34636306762695
4883,30.09281349182129
4884,47.55094909667969
4885,37.94951248168945
4886,46.33790969848633
4887,68.2231216430664
4888,53.49339294433594
4889,50.83505630493164
4890,44.576141357421875
4891,20.788951873779297
4892,38.992698669433594
4893,27.856319427490234
4894,64.62027740478516
4895,36.69545364379883
4896,42.309715270996094
4897,33.16691207885742
4898,37.73644256591797
4899,35.819095611572266
4900,39.07535934448242
4901,24.635805130004883
4902,27.11866569519043
4903,49.97145462036133
4904,23.710268020629883
4905,43.80233383178711
4906,32.79452896118164
4907,25.495986938476562
4908,30.611942291259766
4909,57.85004425048828
4910,34.89781951904297
4911,24.714736938476562
4912,33.557464599609375
4913,41.63939666748047
4914,50.86044692993164
4915,35.426456451416016
4916,67.7178726196289
4917,34.463260650634766
4918,34.26705551147461
4919,34.57353973388672
4920,24.71663475036621
4921,45.3516845703125
4922,37.67318344116211
4923,24.934391021728516
4924,39.5981330871582
4925,78.14249420166016
4926,30.79250144958496
4927,51.022769927978516
4928,30.44598960876465
4929,36.772727966308594
4930,38.98598098754883
4931,35.09827423095703
4932,34.932167053222656
4933,47.286800384521484
4934,62.34654235839844
4935,33.37028121948242
4936,28.708887100219727
4937,25.195880889892578
4938,36.095455169677734
4939,27.504581451416016
4940,26.01694107055664
4941,26.431631088256836
4942,27.980215072631836
4943,37.34492874145508
4944,30.091703414916992
4945,47.5152587890625
4946,37.93669891357422
4947,46.330745697021484
4948,68.19232177734375
4949,53.4837760925293
4950,50.841064453125
4951,44.56137466430664
4952,20.770858764648438
4953,38.973304748535156
4954,27.8699893951416
4955,64.59709930419922
4956,36.68880844116211
4957,42.298988342285156
4958,33.16620635986328
4959,37.72697448730469
4960,35.798038482666016
4961,39.062828063964844
4962,24.658401489257812
4963,27.136371612548828
4964,49.945926666259766
4965,23.718950271606445
4966,43.784725189208984
4967,32.767330169677734
4968,25.489404678344727
4969,30.60967445373535
4970,57.81805419921875
4971,34.902095794677734
4972,24.691139221191406
4973,33.54536437988281
4974,41.61559295654297
4975,50.809730529785156
4976,35.40987777709961
4977,67.68680572509766
4978,34.47251510620117
4979,34.24360656738281
4980,34.551876068115234
4981,24.724449157714844
4982,45.350990295410156
4983,37.60869216918945
4984,24.960081100463867
4985,39.58136749267578
4986,78.07642364501953
4987,30.769746780395508
4988,51.00297927856445
4989,30.44468116760254
4990,36.764076232910156
4991,38.97745895385742
4992,35.081974029541016
4993,34.94403839111328
4994,47.23317337036133
4995,62.28789138793945
4996,33.37458038330078
4997,28.71370506286621
4998,25.186046600341797
4999,36.0981330871582
5000,27.492273330688477
5001,26.031394958496094
5002,26.422119140625
5003,27.98212242126465
5004,37.34386444091797
5005,30.084199905395508
5006,47.4742431640625
5007,37.928558349609375
5008,46.291099548339844
5009,68.13673400878906
5010,53.453983306884766
5011,50.83755874633789
5012,44.533355712890625
5013,20.77392578125
5014,38.95516586303711
5015,27.88325309753418
5016,64.56234741210938
5017,36.67864227294922
5018,42.28951644897461
5019,33.16630554199219
5020,37.71638870239258
5021,35.77777862548828
5022,39.053035736083984
5023,24.672107696533203
5024,27.144248962402344
5025,49.926456451416016
5026,23.716259002685547
5027,43.771278381347656
5028,32.743587493896484
5029,25.47467613220215
5030,30.606290817260742
5031,57.793399810791016
5032,34.90481948852539
5033,24.67228889465332
5034,33.535667419433594
5035,41.59274673461914
5036,50.763824462890625
5037,35.39603042602539
5038,67.65230560302734
5039,34.47939682006836
5040,34.21345138549805
5041,34.5341796875
5042,24.736644744873047
5043,45.346248626708984
5044,37.57548522949219
5045,24.975187301635742
5046,39.57072067260742
5047,78.02642059326172
5048,30.750316619873047
5049,50.98545837402344
5050,30.444828033447266
5051,36.74923324584961
5052,38.96852111816406
5053,35.06942367553711
5054,34.95528030395508
5055,47.18711853027344
5056,62.24325180053711
5057,33.37507247924805
5058,28.715084075927734
5059,25.17606544494629
5060,36.09379959106445
5061,27.47992515563965
5062,26.03818130493164
5063,26.413217544555664
5064,27.97388458251953
5065,37.34049606323242
5066,30.076114654541016
5067,47.44062042236328
5068,37.91815948486328
5069,46.26038360595703
5070,68.0855712890625
5071,53.42646026611328
5072,50.822105407714844
5073,44.50743103027344
5074,20.78270721435547
5075,38.93937301635742
5076,27.89124870300293
5077,64.53054809570312
5078,36.66808319091797
5079,42.28089141845703
5080,33.16670227050781
5081,37.70702362060547
5082,35.76181411743164
5083,39.04402542114258
5084,24.679155349731445
5085,27.141916275024414
5086,49.91267395019531
5087,23.710893630981445
5088,43.76045227050781
5089,32.72612762451172
5090,25.460344314575195
5091,30.60326385498047
5092,57.77568435668945
5093,34.90406036376953
5094,24.657611846923828
5095,33.52853012084961
5096,41.57484817504883
5097,50.7283935546875
5098,35.38547897338867
5099,67.62120056152344
5100,34.48455047607422
5101,34.186668395996094
5102,34.51905059814453
5103,24.749845504760742
5104,45.33702850341797
5105,37.553775787353516
5106,24.98310661315918
5107,39.562381744384766
5108,77.9858627319336
5109,30.734148025512695
5110,50.969905853271484
5111,30.443416595458984
5112,36.72653579711914
5113,38.960670471191406
5114,35.05814743041992
5115,34.96443176269531
5116,47.15078353881836
5117,62.208309173583984
5118,33.374027252197266
5119,28.714014053344727
5120,25.166486740112305
5121,36.084938049316406
5122,27.469135284423828
5123,26.039636611938477
5124,26.4049072265625
5125,27.957597732543945
5126,37.334896087646484
5127,30.0682430267334
5128,47.41579818725586
5129,37.90476608276367
5130,46.239933013916016
5131,68.04676055908203
5132,53.407257080078125
5133,50.79788589477539
5134,44.48817443847656
5135,20.789804458618164
5136,38.92561340332031
5137,27.893959045410156
5138,64.50667572021484
5139,36.65856170654297
5140,42.27311706542969
5141,33.16744613647461
5142,37.69889450073242
5143,35.74996566772461
5144,39.03517532348633
5145,24.682052612304688
5146,27.131662368774414
5147,49.90303039550781
5148,23.706327438354492
5149,43.75133514404297
5150,32.71432876586914
5151,25.44903564453125
5152,30.601402282714844
5153,57.76288604736328
5154,34.90016174316406
5155,24.645780563354492
5156,33.523582458496094
5157,41.56108093261719
5158,50.70183181762695
5159,35.37800216674805
5160,67.59334564208984
5161,34.488590240478516
5162,34.16453552246094
5163,34.50556945800781
5164,24.763042449951172
5165,45.324092864990234
5166,37.53464889526367
5167,24.986587524414062
5168,39.55449295043945
5169,77.95108795166016
5170,30.7202091217041
5171,50.95626449584961
5172,30.440114974975586
5173,36.69831848144531
5174,38.95488357543945
5175,35.04613494873047
5176,34.97260665893555
5177,47.121482849121094
5178,62.18098449707031
5179,33.3723258972168
5180,28.711145401000977
5181,25.157033920288086
5182,36.073795318603516
5183,27.46004295349121
5184,26.038162231445312
5185,26.3966064453125
5186,27.93633460998535
5187,37.32808303833008
5188,30.06087303161621
5189,47.39643859863281
5190,37.88963317871094
5191,46.225528717041016
5192,68.01750946044922
5193,53.39405822753906
5194,50.76911926269531
5195,44.47380065917969
5196,20.79527473449707
5197,38.913265228271484
5198,27.893665313720703
5199,64.48800659179688
5200,36.648963928222656
5201,42.26597213745117
5202,33.16841125488281
5203,37.69105911254883
5204,35.74101638793945
5205,39.026546478271484
5206,24.682796478271484
5207,27.117332458496094
5208,49.89618682861328
5209,23.703323364257812
5210,43.743125915527344
5211,32.70603561401367
5212,25.440256118774414
5213,30.600252151489258
5214,57.75264358520508
5215,34.89460754394531
5216,24.635498046875
5217,33.519920349121094
5218,41.550193786621094
5219,50.680660247802734
5220,35.372276306152344
5221,67.56803894042969
5222,34.49209213256836
5223,34.145790100097656
5224,34.492923736572266
5225,24.776018142700195
5226,45.30959701538086
5227,37.51576232910156
5228,24.98817253112793
5229,39.54664611816406
5230,77.91867065429688
5231,30.707489013671875
5232,50.94349670410156
5233,30.435991287231445
5234,36.66725540161133
5235,38.95000076293945
5236,35.03444290161133
5237,34.9796257019043
5238,47.096317291259766
5239,62.15638732910156
5240,33.370574951171875
5241,28.707578659057617
5242,25.147851943969727
5243,36.0619010925293
5244,27.451929092407227
5245,26.035215377807617
5246,26.388919830322266
5247,27.91339111328125
5248,37.320465087890625
5249,30.05353355407715
5250,47.38142776489258
5251,37.87321472167969
5252,46.215553283691406
5253,67.99564361572266
5254,53.38606643676758
5255,50.738319396972656
5256,44.46323776245117
5257,20.79804801940918
5258,38.90182876586914
5259,27.891252517700195
5260,64.47362518310547
5261,36.640533447265625
5262,42.259185791015625
5263,33.169620513916016
5264,37.68439483642578
5265,35.734066009521484
5266,39.017730712890625
5267,24.683486938476562
5268,27.101591110229492
5269,49.89031219482422
5270,23.702978134155273
5271,43.7352180480957
5272,32.699588775634766
5273,25.43441390991211
5274,30.59967041015625
5275,57.74335479736328
5276,34.888267517089844
5277,24.626007080078125
5278,33.51662063598633
5279,41.54121780395508
5280,50.662818908691406
5281,35.367366790771484
5282,67.5456771850586
5283,34.49558639526367
5284,34.13090133666992
5285,34.4803466796875
5286,24.78787612915039
5287,45.294891357421875
5288,37.49343490600586
5289,24.989694595336914
5290,39.53836441040039
5291,77.8860092163086
5292,30.6954288482666
5293,50.930599212646484
5294,30.431142807006836
5295,36.635276794433594
5296,38.94462585449219
5297,35.02333068847656
5298,34.986026763916016
5299,47.07255172729492
5300,62.13032150268555
5301,33.36924743652344
5302,28.70460319519043
5303,25.13901710510254
5304,36.0506706237793
5305,27.44447898864746
5306,26.03199577331543
5307,26.38189125061035
5308,27.891010284423828
5309,37.31237030029297
5310,30.046436309814453
5311,47.3698616027832
5312,37.85554122924805
5313,46.20964431762695
5314,67.97941589355469
5315,53.38279724121094
5316,50.70655059814453
5317,44.45610046386719
5318,20.79769515991211
5319,38.890647888183594
5320,27.887636184692383
5321,64.46334838867188
5322,36.63425827026367
5323,42.252525329589844
5324,33.1710090637207
5325,37.679351806640625
5326,35.72795104980469
5327,39.008148193359375
5328,24.6851749420166
5329,27.08550262451172
5330,49.88429641723633
5331,23.70511245727539
5332,43.72712326049805
5333,32.69409942626953
5334,25.430309295654297
5335,30.599504470825195
5336,57.73392868041992
5337,34.88147735595703
5338,24.616104125976562
5339,33.512847900390625
5340,41.5338249206543
5341,50.646995544433594
5342,35.36282730102539
5343,67.52580261230469
5344,34.499507904052734
5345,34.11897659301758
5346,34.467227935791016
5347,24.79861068725586
5348,45.280372619628906
5349,37.4664306640625
5350,24.992021560668945
5351,39.52946472167969
5352,77.85196685791016
5353,30.683361053466797
5354,50.917640686035156
5355,30.4259090423584
5356,36.602813720703125
5357,38.9393196105957
5358,35.01211166381836
5359,34.992008209228516
5360,47.04969787597656
5361,62.1028938293457
5362,33.368446350097656
5363,28.702075958251953
5364,25.1306095123291
5365,36.040504455566406
5366,27.43775177001953
5367,26.02938461303711
5368,26.37549591064453
5369,27.869384765625
5370,37.30446243286133
5371,30.03968048095703
5372,47.359718322753906
5373,37.83721160888672
5374,46.20615005493164
5375,67.96549224853516
5376,53.381717681884766
5377,50.67487335205078
5378,44.45016860961914
5379,20.79559326171875
5380,38.87953186035156
5381,27.8835506439209
5382,64.45503234863281
5383,36.62941360473633
5384,42.246238708496094
5385,33.172691345214844
5386,37.675289154052734
5387,35.72221374511719
5388,38.99810791015625
5389,24.68769645690918
5390,27.069690704345703
5391,49.878135681152344
5392,23.708419799804688
5393,43.71895217895508
5394,32.688934326171875
5395,25.427000045776367
5396,30.599607467651367
5397,57.7241325378418
5398,34.87452697753906
5399,24.605995178222656
5400,33.50883483886719
5401,41.526954650878906
5402,50.6314811706543
5403,35.35833740234375
5404,67.5069351196289
5405,34.50358581542969
5406,34.10837936401367
5407,34.45400619506836
5408,24.808805465698242
5409,45.2662353515625
5410,37.43735885620117
5411,24.994918823242188
5412,39.52048110961914
5413,77.81714630126953
5414,30.67131996154785
5415,50.90470504760742
5416,30.42061424255371
5417,36.57059097290039
5418,38.934085845947266
5419,35.00092315673828
5420,34.998050689697266
5421,47.02714538574219
5422,62.074546813964844
5423,33.36805725097656
5424,28.700178146362305
5425,25.122615814208984
5426,36.03089141845703
5427,27.43133544921875
5428,26.02720832824707
5429,26.369510650634766
5430,27.848390579223633
5431,37.29664993286133
5432,30.03314208984375
5433,47.35033416748047
5434,37.819007873535156
5435,46.20362854003906
5436,67.95263671875
5437,53.381553649902344
5438,50.64346694946289
5439,44.44505310058594
5440,20.792787551879883
5441,38.8686637878418
5442,27.879438400268555
5443,64.44749450683594
5444,36.6254997253418
5445,42.23999786376953
5446,33.17464065551758
5447,37.671852111816406
5448,35.716793060302734
5449,38.98788833618164
5450,24.690908432006836
5451,27.053852081298828
5452,49.87187576293945
5453,23.7122859954834
5454,43.71076583862305
5455,32.684043884277344
5456,25.423952102661133
5457,30.599700927734375
5458,57.71415328979492
5459,34.86781692504883
5460,24.595874786376953
5461,33.5046501159668
5462,41.5203971862793
5463,50.615867614746094
5464,35.35396957397461
5465,67.48859405517578
5466,34.50790786743164
5467,34.09828567504883
5468,34.44051742553711
5469,24.818714141845703
5470,45.252689361572266
5471,37.407508850097656
5472,24.998336791992188
5473,39.511627197265625
5474,77.78185272216797
5475,30.65926170349121
5476,50.89183807373047
5477,30.41533851623535
5478,36.53852844238281
5479,38.92878341674805
5480,34.98974609375
5481,35.0042724609375
5482,47.00446701049805
5483,62.04555892944336
5484,33.36785125732422
5485,28.698863983154297
5486,25.114761352539062
5487,36.0220947265625
5488,27.425094604492188
5489,26.025283813476562
5490,26.363847732543945
5491,27.82773780822754
5492,37.2891845703125
5493,30.02671241760254
5494,47.34101486206055
5495,37.80073928833008
5496,46.20182418823242
5497,67.94050598144531
5498,53.3818359375
5499,50.6126708984375
5500,44.44011688232422
5501,20.789506912231445
5502,38.858028411865234
5503,27.8753604888916
5504,64.44056701660156
5505,36.62192153930664
5506,42.234378814697266
5507,33.17692184448242
5508,37.66908264160156
5509,35.711387634277344
5510,38.97773361206055
5511,24.694446563720703
5512,27.038230895996094
5513,49.86572265625
5514,23.716537475585938
5515,43.70295715332031
5516,32.67931365966797
5517,25.420942306518555
5518,30.600017547607422
5519,57.7038688659668
5520,34.86112594604492
5521,24.58574676513672
5522,33.50041961669922
5523,41.51422119140625
5524,50.60015106201172
5525,35.349727630615234
5526,67.47087097167969
5527,34.51237106323242
5528,34.08856964111328
5529,34.4268913269043
5530,24.828405380249023
5531,45.23936462402344
5532,37.377296447753906
5533,25.001956939697266
5534,39.50297164916992
5535,77.7465591430664
5536,30.647136688232422
5537,50.87904739379883
5538,30.410240173339844
5539,36.50672912597656
5540,38.9235725402832
5541,34.97874069213867
5542,35.0106201171875
5543,46.982025146484375
5544,62.01646041870117
5545,33.367698669433594
5546,28.698089599609375
5547,25.107149124145508
5548,36.013668060302734
5549,27.418970108032227
5550,26.023609161376953
5551,26.358579635620117
5552,27.807506561279297
5553,37.281917572021484
5554,30.020490646362305
5555,47.33210754394531
5556,37.78255844116211
5557,46.200828552246094
5558,67.92935943603516
5559,53.382686614990234
5560,50.58220672607422
5561,44.43539047241211
5562,20.785799026489258
5563,38.847442626953125
5564,27.871604919433594
5565,64.4331283569336
5566,36.61796188354492
5567,42.229393005371094
5568,33.18021011352539
5569,37.6657600402832
5570,35.70680236816406
5571,38.96754455566406
5572,24.69866371154785
5573,27.023130416870117
5574,49.85968017578125
5575,23.721479415893555
5576,43.695533752441406
5577,32.67469024658203
5578,25.418254852294922
5579,30.600339889526367
5580,57.69381332397461
5581,34.85435104370117
5582,24.575748443603516
5583,33.49557876586914
5584,41.508888244628906
5585,50.585575103759766
5586,35.345638275146484
5587,67.45452880859375
5588,34.516998291015625
5589,34.08027267456055
5590,34.41317367553711
5591,24.837556838989258
5592,45.226219177246094
5593,37.345829010009766
5594,25.005767822265625
5595,39.49432373046875
5596,77.71086120605469
5597,30.63524055480957
5598,50.86629867553711
5599,30.404884338378906
5600,36.474517822265625
5601,38.91830062866211
5602,34.96786117553711
5603,35.016883850097656
5604,46.960018157958984
5605,61.98683547973633
5606,33.36802673339844
5607,28.69765281677246
5608,25.09999656677246
5609,36.00571823120117
5610,27.413251876831055
5611,26.022075653076172
5612,26.353700637817383
5613,27.78744125366211
5614,37.2745361328125
5615,30.01459503173828
5616,47.3239860534668
5617,37.76417541503906
5618,46.20094680786133
5619,67.91934204101562
5620,53.38451385498047
5621,50.551387786865234
5622,44.431358337402344
5623,20.781435012817383
5624,38.83697509765625
5625,27.867692947387695
5626,64.42478942871094
5627,36.6132926940918
5628,42.224708557128906
5629,33.18489074707031
5630,37.66215896606445
5631,35.70332717895508
5632,38.95725631713867
5633,24.703645706176758
5634,27.008588790893555
5635,49.854122161865234
5636,23.727388381958008
5637,43.688568115234375
5638,32.670616149902344
5639,25.416263580322266
5640,30.60087013244629
5641,57.684574127197266
5642,34.8476676940918
5643,24.565860748291016
5644,33.490020751953125
5645,41.50465393066406
5646,50.57316970825195
5647,35.3419075012207
5648,67.44070434570312
5649,34.52175521850586
5650,34.07404708862305
5651,34.39956283569336
5652,24.846086502075195
5653,45.21354293823242
5654,37.313961029052734
5655,25.009408950805664
5656,39.48582077026367
5657,77.67516326904297
5658,30.623605728149414
5659,50.85356521606445
5660,30.399677276611328
5661,36.44197463989258
5662,38.91259002685547
5663,34.95751953125
5664,35.022865295410156
5665,46.93891525268555
5666,61.95643997192383
5667,33.36860656738281
5668,28.697614669799805
5669,25.093036651611328
5670,35.9979133605957
5671,27.407854080200195
5672,26.02077865600586
5673,26.348913192749023
5674,27.767614364624023
5675,37.26719284057617
5676,30.008848190307617
5677,47.31723403930664
5678,37.74543762207031
5679,46.202880859375
5680,67.91145324707031
5681,53.38821792602539
5682,50.52027130126953
5683,44.42857360839844
5684,20.775957107543945
5685,38.826786041259766
5686,27.86336326599121
5687,64.41788482666016
5688,36.609344482421875
5689,42.22028350830078
5690,33.189849853515625
5691,37.65922546386719
5692,35.700408935546875
5693,38.94660186767578
5694,24.709026336669922
5695,26.99374008178711
5696,49.848716735839844
5697,23.73432159423828
5698,43.68170928955078
5699,32.666988372802734
5700,25.414949417114258
5701,30.60171890258789
5702,57.67539596557617
5703,34.84075164794922
5704,24.55600357055664
5705,33.484458923339844
5706,41.50100326538086
5707,50.56128692626953
5708,35.33832550048828
5709,67.42786407470703
5710,34.526790618896484
5711,34.06922912597656
5712,34.3858642578125
5713,24.85420036315918
5714,45.20111846923828
5715,37.28050231933594
5716,25.01337432861328
5717,39.477134704589844
5718,77.63925170898438
5719,30.61214828491211
5720,50.84101486206055
5721,30.39443016052246
5722,36.40925598144531
5723,38.90726089477539
5724,34.94712829589844
5725,35.028900146484375
5726,46.91828536987305
5727,61.92586135864258
5728,33.36960220336914
5729,28.697988510131836
5730,25.08642578125
5731,35.99051284790039
5732,27.402725219726562
5733,26.019678115844727
5734,26.344528198242188
5735,27.7480525970459
5736,37.259952545166016
5737,30.003318786621094
5738,47.31098556518555
5739,37.7265625
5740,46.205623626708984
5741,67.90430450439453
5742,53.39267349243164
5743,50.488853454589844
5744,44.42622375488281
5745,20.770021438598633
5746,38.816532135009766
5747,27.85888671875
5748,64.41132354736328
5749,36.60593795776367
5750,42.21623992919922
5751,33.194881439208984
5752,37.65672302246094
5753,35.69767379760742
5754,38.936073303222656
5755,24.714786529541016
5756,26.97887420654297
5757,49.84344482421875
5758,23.741701126098633
5759,43.674896240234375
5760,32.663692474365234
5761,25.414024353027344
5762,30.602764129638672
5763,57.66632080078125
5764,34.83408737182617
5765,24.546236038208008
5766,33.47898483276367
5767,41.497406005859375
5768,50.54963302612305
5769,35.334999084472656
5770,67.41565704345703
5771,34.53191375732422
5772,34.06511306762695
5773,34.37211990356445
5774,24.862096786499023
5775,45.18903732299805
5776,37.24626541137695
5777,25.01734161376953
5778,39.468719482421875
5779,77.60307312011719
5780,30.600706100463867
5781,50.82861328125
5782,30.389263153076172
5783,36.37664794921875
5784,38.90202331542969
5785,34.93693542480469
5786,35.03484344482422
5787,46.897796630859375
5788,61.89509963989258
5789,33.37099838256836
5790,28.69866943359375
5791,25.080080032348633
5792,35.983489990234375
5793,27.39783477783203
5794,26.01896858215332
5795,26.340177536010742
5796,27.728866577148438
5797,37.252723693847656
5798,29.998088836669922
5799,47.30506896972656
5800,37.7077751159668
5801,46.20853805541992
5802,67.8973617553711
5803,53.3974609375
5804,50.457435607910156
5805,44.42387771606445
5806,20.764049530029297
5807,38.806400299072266
5808,27.854408264160156
5809,64.40499877929688
5810,36.60282897949219
5811,42.212589263916016
5812,33.200252532958984
5813,37.65485382080078
5814,35.69521713256836
5815,38.92550277709961
5816,24.720775604248047
5817,26.963809967041016
5818,49.8382682800293
5819,23.749319076538086
5820,43.66834259033203
5821,32.66059494018555
5822,25.41302490234375
5823,30.60407829284668
5824,57.65733337402344
5825,34.82737350463867
5826,24.536529541015625
5827,33.47343063354492
5828,41.494163513183594
5829,50.53807067871094
5830,35.33186340332031
5831,67.4040298461914
5832,34.53710174560547
5833,34.06147384643555
5834,34.35845947265625
5835,24.86981773376465
5836,45.17740249633789
5837,37.21211624145508
5838,25.02142906188965
5839,39.46038818359375
5840,77.56694793701172
5841,30.589365005493164
5842,50.81632995605469
5843,30.384157180786133
5844,36.34402847290039
5845,38.896751403808594
5846,34.926788330078125
5847,35.040950775146484
5848,46.87751007080078
5849,61.864070892333984
5850,33.372493743896484
5851,28.69970703125
5852,25.073944091796875
5853,35.97653579711914
5854,27.393028259277344
5855,26.01833152770996
5856,26.335954666137695
5857,27.709732055664062
5858,37.24568176269531
5859,29.99311065673828
5860,47.2989387512207
5861,37.689273834228516
5862,46.21094512939453
5863,67.88968658447266
5864,53.40143585205078
5865,50.42612075805664
5866,44.42076110839844
5867,20.759319305419922
5868,38.79640579223633
5869,27.850461959838867
5870,64.39776611328125
5871,36.59939956665039
5872,42.209171295166016
5873,33.20560073852539
5874,37.6527214050293
5875,35.69261169433594
5876,38.91531753540039
5877,24.72644805908203
5878,26.94856834411621
5879,49.833553314208984
5880,23.756057739257812
5881,43.662269592285156
5882,32.65735626220703
5883,25.411409378051758
5884,30.605226516723633
5885,57.64854431152344
5886,34.820892333984375
5887,24.52695083618164
5888,33.4678840637207
5889,41.49091339111328
5890,50.52622985839844
5891,35.32877731323242
5892,67.39225006103516
5893,34.54243850708008
5894,34.05745315551758
5895,34.34497833251953
5896,24.87764549255371
5897,45.16569519042969
5898,37.1795654296875
5899,25.025257110595703
5900,39.45252227783203
5901,77.53142547607422
5902,30.578170776367188
5903,50.80436706542969
5904,30.37940216064453
5905,36.311561584472656
5906,38.89137268066406
5907,34.917015075683594
5908,35.047332763671875
5909,46.857295989990234
5910,61.83359146118164
5911,33.373985290527344
5912,28.7007999420166
5913,25.067951202392578
5914,35.969635009765625
5915,27.38807487487793
5916,26.01765251159668
5917,26.33187484741211
5918,27.6904354095459
5919,37.238834381103516
5920,29.988115310668945
5921,47.29208755493164
5922,37.67127990722656
5923,46.212135314941406
5924,67.8808822631836
5925,53.403892517089844
5926,50.39524459838867
5927,44.41648483276367
5928,20.75587272644043
5929,38.78643035888672
5930,27.84705352783203
5931,64.3893814086914
5932,36.59540557861328
5933,42.20623779296875
5934,33.210941314697266
5935,37.65040969848633
5936,35.68983459472656
5937,38.905696868896484
5938,24.731689453125
5939,26.93303108215332
5940,49.829105377197266
5941,23.761613845825195
5942,43.65666198730469
5943,32.654151916503906
5944,25.408872604370117
5945,30.606409072875977
5946,57.640167236328125
5947,34.814571380615234
5948,24.5175724029541
5949,33.4621696472168
5950,41.4876594543457
5951,50.51427459716797
5952,35.325775146484375
5953,67.38046264648438
5954,34.547630310058594
5955,34.05246353149414
5956,34.331478118896484
5957,24.885942459106445
5958,45.15400695800781
5959,37.149383544921875
5960,25.028812408447266
5961,39.44538879394531
5962,77.49664306640625
5963,30.5670108795166
5964,50.79248046875
5965,30.374921798706055
5966,36.27894973754883
5967,38.88602066040039
5968,34.9074592590332
5969,35.0538330078125
5970,46.83723449707031
5971,61.80389404296875
5972,33.37541198730469
5973,28.702152252197266
5974,25.0621280670166
5975,35.96250534057617
5976,27.383108139038086
5977,26.01666831970215
5978,26.328001022338867
5979,27.67055892944336
5980,37.231990814208984
5981,29.98324966430664
5982,47.28506088256836
5983,37.653472900390625
5984,46.21346664428711
5985,67.87255096435547
5986,53.406150817871094
5987,50.36421203613281
5988,44.41199493408203
5989,20.752864837646484
5990,38.776763916015625
5991,27.843677520751953
5992,64.38115692138672
5993,36.591182708740234
5994,42.2039794921875
5995,33.21625900268555
5996,37.64802932739258
5997,35.68710708618164
5998,38.89628601074219
5999,24.73652458190918
6000,26.91704750061035
6001,49.824920654296875
6002,23.766983032226562
6003,43.651451110839844
6004,32.651206970214844
6005,25.40614128112793
6006,30.607576370239258
6007,57.63187026977539
6008,34.807987213134766
6009,24.508596420288086
6010,33.45672607421875
6011,41.484622955322266
6012,50.502384185791016
6013,35.32314682006836
6014,67.36870574951172
6015,34.55278396606445
6016,34.047813415527344
6017,34.318180084228516
6018,24.893970489501953
6019,45.14210891723633
6020,37.11934280395508
6021,25.032123565673828
6022,39.43853759765625
6023,77.46222686767578
6024,30.556188583374023
6025,50.78083419799805
6026,30.370227813720703
6027,36.246185302734375
6028,38.8809814453125
6029,34.897865295410156
6030,35.0604248046875
6031,46.81764221191406
6032,61.77507781982422
6033,33.376800537109375
6034,28.703432083129883
6035,25.05638313293457
6036,35.95555114746094
6037,27.37822914123535
6038,26.015470504760742
6039,26.324325561523438
6040,27.65044593811035
6041,37.22521209716797
6042,29.97856903076172
6043,47.2783203125
6044,37.63581466674805
6045,46.21509552001953
6046,67.86467742919922
6047,53.40852355957031
6048,50.33311080932617
6049,44.4076042175293
6050,20.7499942779541
6051,38.76718521118164
6052,27.840227127075195
6053,64.3731689453125
6054,36.58709716796875
6055,42.20219039916992
6056,33.22163391113281
6057,37.64564895629883
6058,35.6845588684082
6059,38.88694763183594
6060,24.741010665893555
6061,26.900527954101562
6062,49.820987701416016
6063,23.77177619934082
6064,43.646427154541016
6065,32.648681640625
6066,25.40325164794922
6067,30.60878562927246
6068,57.62382125854492
6069,34.80124282836914
6070,24.499876022338867
6071,33.451236724853516
6072,41.48197555541992
6073,50.49081802368164
6074,35.32069778442383
6075,67.35746765136719
6076,34.557891845703125
6077,34.0433349609375
6078,34.304840087890625
6079,24.90188217163086
6080,45.130191802978516
6081,37.09019470214844
6082,25.035125732421875
6083,39.4318733215332
6084,77.42813873291016
6085,30.545408248901367
6086,50.7695198059082
6087,30.36560821533203
6088,36.21306610107422
6089,38.8758659362793
6090,34.88821029663086
6091,35.06682586669922
6092,46.79856872558594
6093,61.74684143066406
6094,33.37815475463867
6095,28.704917907714844
6096,25.050874710083008
6097,35.94870376586914
6098,27.373289108276367
6099,26.014301300048828
6100,26.320894241333008
6101,27.63006019592285
6102,37.21836853027344
6103,29.97414207458496
6104,47.27174377441406
6105,37.61815643310547
6106,46.21688461303711
6107,67.8573989868164
6108,53.41088104248047
6109,50.301719665527344
6110,44.40312194824219
6111,20.747257232666016
6112,38.757789611816406
6113,27.836576461791992
6114,64.36540222167969
6115,36.582969665527344
6116,42.20098114013672
6117,33.22700881958008
6118,37.643333435058594
6119,35.68209457397461
6120,38.87759780883789
6121,24.745254516601562
6122,26.88359832763672
6123,49.817230224609375
6124,23.776390075683594
6125,43.64189529418945
6126,32.64619827270508
6127,25.39995574951172
6128,30.609968185424805
6129,57.61599349975586
6130,34.794471740722656
6131,24.491395950317383
6132,33.44548797607422
6133,41.47958755493164
6134,50.47966766357422
6135,35.31836700439453
6136,67.34689331054688
6137,34.56278610229492
6138,34.03905487060547
6139,34.2915153503418
6140,24.909557342529297
6141,45.1181755065918
6142,37.062007904052734
6143,25.037975311279297
6144,39.4257926940918
6145,77.3946762084961
6146,30.53492546081543
6147,50.75824737548828
6148,30.361045837402344
6149,36.17995834350586
6150,38.870853424072266
6151,34.878875732421875
6152,35.07305908203125
6153,46.77984619140625
6154,61.71903991699219
6155,33.379512786865234
6156,28.706514358520508
6157,25.045635223388672
6158,35.94190216064453
6159,27.36847686767578
6160,26.012859344482422
6161,26.317712783813477
6162,27.609535217285156
6163,37.211551666259766
6164,29.969745635986328
6165,47.26539993286133
6166,37.60066604614258
6167,46.219242095947266
6168,67.85072326660156
6169,53.41358947753906
6170,50.27027130126953
6171,44.39891052246094
6172,20.744462966918945
6173,38.74855041503906
6174,27.832651138305664
6175,64.35806274414062
6176,36.578914642333984
6177,42.20018005371094
6178,33.23238754272461
6179,37.64117431640625
6180,35.6796989440918
6181,38.868431091308594
6182,24.74919891357422
6183,26.866382598876953
6184,49.81368637084961
6185,23.780698776245117
6186,43.63768005371094
6187,32.644046783447266
6188,25.396625518798828
6189,30.611026763916016
6190,57.60834884643555
6191,34.787384033203125
6192,24.48320770263672
6193,33.4395751953125
6194,41.477779388427734
6195,50.46891784667969
6196,35.316192626953125
6197,67.3370590209961
6198,34.56759262084961
6199,34.03507995605469
6200,34.278446197509766
6201,24.917076110839844
6202,45.10613250732422
6203,37.034446716308594
6204,25.04058265686035
6205,39.41984558105469
6206,77.36111450195312
6207,30.5247802734375
6208,50.74705123901367
6209,30.356447219848633
6210,36.146728515625
6211,38.86563491821289
6212,34.86980438232422
6213,35.078975677490234
6214,46.76140594482422
6215,61.69141387939453
6216,33.38094711303711
6217,28.70841407775879
6218,25.040523529052734
6219,35.935279846191406
6220,27.363691329956055
6221,26.011539459228516
6222,26.314729690551758
6223,27.588932037353516
6224,37.20463180541992
6225,29.96562385559082
6226,47.25929260253906
6227,37.58336639404297
6228,46.221866607666016
6229,67.8446273803711
6230,53.4166145324707
6231,50.23854446411133
6232,44.394752502441406
6233,20.74158477783203
6234,38.73926544189453
6235,27.82854652404785
6236,64.35110473632812
6237,36.57520294189453
6238,42.19980239868164
6239,33.2376594543457
6240,37.63913345336914
6241,35.677520751953125
6242,38.85914993286133
6243,24.75298500061035
6244,26.84893798828125
6245,49.810020446777344
6246,23.78501319885254
6247,43.633644104003906
6248,32.64208221435547
6249,25.393253326416016
6250,30.61219596862793
6251,57.600799560546875
6252,34.780296325683594
6253,24.47516632080078
6254,33.43364334106445
6255,41.476043701171875
6256,50.45843505859375
6257,35.314109802246094
6258,67.32768249511719
6259,34.57240295410156
6260,34.031593322753906
6261,34.26527786254883
6262,24.92418098449707
6263,45.0941276550293
6264,37.00704574584961
6265,25.043275833129883
6266,39.41413116455078
6267,77.32777404785156
6268,30.51463508605957
6269,50.735904693603516
6270,30.351776123046875
6271,36.1135368347168
6272,38.86033248901367
6273,34.86087417602539
6274,35.08476257324219
6275,46.7432861328125
6276,61.663631439208984
6277,33.382408142089844
6278,28.710556030273438
6279,25.035789489746094
6280,35.928810119628906
6281,27.35919761657715
6282,26.010452270507812
6283,26.311962127685547
6284,27.568532943725586
6285,37.197845458984375
6286,29.961803436279297
6287,47.25343704223633
6288,37.56619644165039
6289,46.224674224853516
6290,67.83858489990234
6291,53.41982650756836
6292,50.20674133300781
6293,44.3907356262207
6294,20.738555908203125
6295,38.73021697998047
6296,27.824386596679688
6297,64.34429168701172
6298,36.57185363769531
6299,42.19963455200195
6300,33.242984771728516
6301,37.63761520385742
6302,35.67537307739258
6303,38.849891662597656
6304,24.756927490234375
6305,26.831336975097656
6306,49.80643844604492
6307,23.78928565979004
6308,43.62970733642578
6309,32.64024353027344
6310,25.38974380493164
6311,30.613439559936523
6312,57.59335708618164
6313,34.77316665649414
6314,24.46725845336914
6315,33.427589416503906
6316,41.47446823120117
6317,50.447898864746094
6318,35.312232971191406
6319,67.31885528564453
6320,34.57718276977539
6321,34.0283203125
6322,34.25233840942383
6323,24.931102752685547
6324,45.082271575927734
6325,36.97990036010742
6326,25.046001434326172
6327,39.40855026245117
6328,77.29436492919922
6329,30.504905700683594
6330,50.724761962890625
6331,30.347349166870117
6332,36.0807991027832
6333,38.85499572753906
6334,34.85234069824219
6335,35.09035110473633
6336,46.7254524230957
6337,61.63575744628906
6338,33.384002685546875
6339,28.712871551513672
6340,25.03119468688965
6341,35.922603607177734
6342,27.35481071472168
6343,26.0093936920166
6344,26.30941390991211
6345,27.548572540283203
6346,37.191104888916016
6347,29.957962036132812
6348,47.247920989990234
6349,37.54915237426758
6350,46.2276725769043
6351,67.8328857421875
6352,53.42329406738281
6353,50.17510986328125
6354,44.3867301940918
6355,20.735692977905273
6356,38.721195220947266
6357,27.820140838623047
6358,64.3377456665039
6359,36.568809509277344
6360,42.199806213378906
6361,33.24836730957031
6362,37.63642501831055
6363,35.67329406738281
6364,38.840614318847656
6365,24.760765075683594
6366,26.813663482666016
6367,49.80295944213867
6368,23.7935848236084
6369,43.625831604003906
6370,32.63854217529297
6371,25.386268615722656
6372,30.614675521850586
6373,57.58611297607422
6374,34.76610565185547
6375,24.45932388305664
6376,33.42152786254883
6377,41.473228454589844
6378,50.437744140625
6379,35.31032943725586
6380,67.31046295166016
6381,34.58191680908203
6382,34.0253791809082
6383,34.23942565917969
6384,24.937856674194336
6385,45.0706787109375
6386,36.95295333862305
6387,25.048675537109375
6388,39.40324783325195
6389,77.26118469238281
6390,30.49515151977539
6391,50.713768005371094
6392,30.343229293823242
6393,36.04826354980469
6394,38.8490104675293
6395,34.844703674316406
6396,35.0955810546875
6397,46.707603454589844
6398,61.60665512084961
6399,33.38569259643555
6400,28.715831756591797
6401,25.02702522277832
6402,35.916412353515625
6403,27.350370407104492
6404,26.00849151611328
6405,26.3068790435791
6406,27.529016494750977
6407,37.184444427490234
6408,29.954193115234375
6409,47.24262619018555
6410,37.532188415527344
6411,46.231178283691406
6412,67.82756805419922
6413,53.427127838134766
6414,50.14390563964844
6415,44.38296890258789
6416,20.732507705688477
6417,38.712242126464844
6418,27.81598472595215
6419,64.33126068115234
6420,36.56599426269531
6421,42.200111389160156
6422,33.25389099121094
6423,37.63523864746094
6424,35.671417236328125
6425,38.831485748291016
6426,24.76494598388672
6427,26.796159744262695
6428,49.799381256103516
6429,23.79790496826172
6430,43.622127532958984
6431,32.6368522644043
6432,25.382753372192383
6433,30.615921020507812
6434,57.578712463378906
6435,34.758914947509766
6436,24.451467514038086
6437,33.415306091308594
6438,41.47199630737305
6439,50.42754364013672
6440,35.30849838256836
6441,67.3022689819336
6442,34.586669921875
6443,34.02279281616211
6444,34.2264404296875
6445,24.944393157958984
6446,45.05922317504883
6447,36.925689697265625
6448,25.051639556884766
6449,39.39784622192383
6450,77.22785949707031
6451,30.485595703125
6452,50.70273971557617
6453,30.339202880859375
6454,36.016204833984375
6455,38.843082427978516
6456,34.83725357055664
6457,35.100730895996094
6458,46.6899299621582
6459,61.577266693115234
6460,33.38752746582031
6461,28.718935012817383
6462,25.023019790649414
6463,35.91046142578125
6464,27.345918655395508
6465,26.007816314697266
6466,26.30467414855957
6467,27.510107040405273
6468,37.17791748046875
6469,29.95037269592285
6470,47.2372932434082
6471,37.51549530029297
6472,46.23472213745117
6473,67.82238006591797
6474,53.43092727661133
6475,50.11307144165039
6476,44.379150390625
6477,20.729236602783203
6478,38.703399658203125
6479,27.811908721923828
6480,64.32485961914062
6481,36.563358306884766
6482,42.20060729980469
6483,33.259429931640625
6484,37.63438415527344
6485,35.669464111328125
6486,38.82229232788086
6487,24.769004821777344
6488,26.778867721557617
6489,49.79582214355469
6490,23.802330017089844
6491,43.61845016479492
6492,32.63519287109375
6493,25.37936019897461
6494,30.617267608642578
6495,57.571353912353516
6496,34.75190353393555
6497,24.443662643432617
6498,33.408973693847656
6499,41.470985412597656
6500,50.41743850708008
6501,35.30670928955078
6502,67.29464721679688
6503,34.59156799316406
6504,34.02033233642578
6505,34.21358871459961
6506,24.9508113861084
6507,45.04806900024414
6508,36.89848709106445
6509,25.054777145385742
6510,39.39268493652344
6511,77.19454193115234
6512,30.476055145263672
6513,50.6917724609375
6514,30.335294723510742
6515,35.98444747924805
6516,38.837039947509766
6517,34.8299446105957
6518,35.10588455200195
6519,46.67217254638672
6520,61.54793167114258
6521,33.389488220214844
6522,28.722333908081055
6523,25.019203186035156
6524,35.90475845336914
6525,27.34161949157715
6526,26.00725746154785
6527,26.30236053466797
6528,27.491558074951172
6529,37.171607971191406
6530,29.946805953979492
6531,47.231964111328125
6532,37.49899673461914
6533,46.23789978027344
6534,67.81674194335938
6535,53.434383392333984
6536,50.082298278808594
6537,44.37507247924805
6538,20.726266860961914
6539,38.69452667236328
6540,27.80790901184082
6541,64.3182601928711
6542,36.560829162597656
6543,42.20128631591797
6544,33.26492691040039
6545,37.633705139160156
6546,35.667510986328125
6547,38.813079833984375
6548,24.773252487182617
6549,26.761531829833984
6550,49.792301177978516
6551,23.806602478027344
6552,43.61497497558594
6553,32.633575439453125
6554,25.375640869140625
6555,30.618661880493164
6556,57.56425476074219
6557,34.74490737915039
6558,24.43581199645996
6559,33.402671813964844
6560,41.469970703125
6561,50.40733337402344
6562,35.30493927001953
6563,67.28712463378906
6564,34.59630584716797
6565,34.01799392700195
6566,34.20083236694336
6567,24.957204818725586
6568,45.03703689575195
6569,36.87153625488281
6570,25.058076858520508
6571,39.38761520385742
6572,77.16130828857422
6573,30.46660614013672
6574,50.68101119995117
6575,30.33148956298828
6576,35.95315933227539
6577,38.83098602294922
6578,34.82284927368164
6579,35.11102294921875
6580,46.65464401245117
6581,61.51872634887695
6582,33.39140701293945
6583,28.725765228271484
6584,25.01555061340332
6585,35.8991813659668
6586,27.337421417236328
6587,26.00689125061035
6588,26.300174713134766
6589,27.473228454589844
6590,37.165443420410156
6591,29.94324493408203
6592,47.22649383544922
6593,37.4829216003418
6594,46.240211486816406
6595,67.81017303466797
6596,53.436798095703125
6597,50.052001953125
6598,44.37002944946289
6599,20.725013732910156
6600,38.68589401245117
6601,27.804500579833984
6602,64.31044006347656
6603,36.557769775390625
6604,42.20198440551758
6605,33.270423889160156
6606,37.63255310058594
6607,35.66563034057617
6608,38.80457305908203
6609,24.77680778503418
6610,26.744108200073242
6611,49.789398193359375
6612,23.809553146362305
6613,43.61184310913086
6614,32.63192367553711
6615,25.371021270751953
6616,30.619884490966797
6617,57.55780792236328
6618,34.73827362060547
6619,24.42832374572754
6620,33.39620590209961
6621,41.46889114379883
6622,50.39772415161133
6623,35.303245544433594
6624,67.27942657470703
6625,34.601097106933594
6626,34.014739990234375
6627,34.188575744628906
6628,24.96428680419922
6629,45.02592086791992
6630,36.84789276123047
6631,25.06057357788086
6632,39.383148193359375
6633,77.1295166015625
6634,30.457408905029297
6635,50.670509338378906
6636,30.328113555908203
6637,35.92210388183594
6638,38.82504653930664
6639,34.81614303588867
6640,35.11646270751953
6641,46.63765335083008
6642,61.49092483520508
6643,33.39314651489258
6644,28.72895050048828
6645,25.011852264404297
6646,35.893043518066406
6647,27.333051681518555
6648,26.00602149963379
6649,26.298099517822266
6650,27.45481300354004
6651,37.1591796875
6652,29.939619064331055
6653,47.2210693359375
6654,37.46709060668945
6655,46.24151611328125
6656,67.80255889892578
6657,53.43748474121094
6658,50.02202606201172
6659,44.363834381103516
6660,20.726253509521484
6661,38.67757797241211
6662,27.80181884765625
6663,64.30073547363281
6664,36.552852630615234
6665,42.20267105102539
6666,33.275840759277344
6667,37.630409240722656
6668,35.66392517089844
6669,38.79730987548828
6670,24.778722763061523
6671,26.72643280029297
6672,49.787750244140625
6673,23.81052589416504
6674,43.60954666137695
6675,32.63045883178711
6676,25.3653564453125
6677,30.62098503112793
6678,57.553009033203125
6679,34.731746673583984
6680,24.42154312133789
6681,33.39009094238281
6682,41.46793746948242
6683,50.38951873779297
6684,35.301944732666016
6685,67.2716293334961
6686,34.60538864135742
6687,34.010589599609375
6688,34.177207946777344
6689,24.972270965576172
6690,45.01430892944336
6691,36.829097747802734
6692,25.061643600463867
6693,39.379478454589844
6694,77.10033416748047
6695,30.44892120361328
6696,50.66044616699219
6697,30.32513427734375
6698,35.89112091064453
6699,38.81940460205078
6700,34.81006622314453
6701,35.12181854248047
6702,46.62187194824219
6703,61.46576690673828
6704,33.39448928833008
6705,28.73145866394043
6706,25.00800895690918
6707,35.8858757019043
6708,27.328601837158203
6709,26.004043579101562
6710,26.295719146728516
6711,27.435718536376953
6712,37.15290069580078
6713,29.93578338623047
6714,47.21635818481445
6715,37.45156478881836
6716,46.24341583251953
6717,67.79656982421875
6718,53.43851089477539
6719,49.991973876953125
6720,44.35813522338867
6721,20.728069305419922
6722,38.669830322265625
6723,27.798954010009766
6724,64.29127502441406
6725,36.547119140625
6726,42.203514099121094
6727,33.28099822998047
6728,37.627769470214844
6729,35.662750244140625
6730,38.79050827026367
6731,24.779584884643555
6732,26.7080078125
6733,49.78713607788086
6734,23.81090545654297
6735,43.60783004760742
6736,32.62974166870117
6737,25.359798431396484
6738,30.622079849243164
6739,57.549503326416016
6740,34.72510528564453
6741,24.415468215942383
6742,33.384246826171875
6743,41.46781539916992
6744,50.38299560546875
6745,35.30109405517578
6746,67.26444244384766
6747,34.609310150146484
6748,34.00692367553711
6749,34.16649627685547
6750,24.980289459228516
6751,45.00212860107422
6752,36.81180953979492
6753,25.061979293823242
6754,39.376060485839844
6755,77.0724868774414
6756,30.44096565246582
6757,50.65093994140625
6758,30.321941375732422
6759,35.8598518371582
6760,38.8140754699707
6761,34.80405807495117
6762,35.12680435180664
6763,46.60771942138672
6764,61.44263458251953
6765,33.39578628540039
6766,28.73331069946289
6767,25.00423240661621
6768,35.87845993041992
6769,27.32434844970703
6770,26.001489639282227
6771,26.29340171813965
6772,27.416322708129883
6773,37.14641571044922
6774,29.93206787109375
6775,47.21290969848633
6776,37.436126708984375
6777,46.24652099609375
6778,67.79209899902344
6779,53.44042205810547
6780,49.96168899536133
6781,44.353206634521484
6782,20.730018615722656
6783,38.66237258911133
6784,27.79556655883789
6785,64.28250885009766
6786,36.5413818359375
6787,42.2044792175293
6788,33.28609848022461
6789,37.62514877319336
6790,35.66230010986328
6791,38.784053802490234
6792,24.779701232910156
6793,26.688993453979492
6794,49.78691864013672
6795,23.811166763305664
6796,43.60641860961914
6797,32.62959671020508
6798,25.354368209838867
6799,30.62322425842285
6800,57.546844482421875
6801,34.718055725097656
6802,24.40973663330078
6803,33.37837600708008
6804,41.468055725097656
6805,50.377933502197266
6806,35.30059814453125
6807,67.2581787109375
6808,34.61301040649414
6809,34.003990173339844
6810,34.15628433227539
6811,24.9881534576416
6812,44.98982238769531
6813,36.79554748535156
6814,25.06183624267578
6815,39.37269592285156
6816,77.04571533203125
6817,30.433603286743164
6818,50.64174270629883
6819,30.318849563598633
6820,35.82903289794922
6821,38.80914306640625
6822,34.798370361328125
6823,35.13131332397461
6824,46.59470748901367
6825,61.420658111572266
6826,33.39693069458008
6827,28.73506736755371
6828,25.000520706176758
6829,35.87080764770508
6830,27.320425033569336
6831,25.99869155883789
6832,26.29120635986328
6833,27.3972110748291
6834,37.13994216918945
6835,29.9283504486084
6836,47.209999084472656
6837,37.42063903808594
6838,46.25014877319336
6839,67.78887939453125
6840,53.44297409057617
6841,49.93134307861328
6842,44.348854064941406
6843,20.731901168823242
6844,38.65524673461914
6845,27.791837692260742
6846,64.2743148803711
6847,36.535682678222656
6848,42.20564270019531
6849,33.291141510009766
6850,37.62260055541992
6851,35.66205978393555
6852,38.777740478515625
6853,24.779359817504883
6854,26.669918060302734
6855,49.78712844848633
6856,23.811363220214844
6857,43.605224609375
6858,32.62995529174805
6859,25.349313735961914
6860,30.624343872070312
6861,57.54473876953125
6862,34.710933685302734
6863,24.404510498046875
6864,33.37278366088867
6865,41.46876907348633
6866,50.374107360839844
6867,35.300270080566406
6868,67.25298309326172
6869,34.616329193115234
6870,34.00181198120117
6871,34.1463508605957
6872,24.995698928833008
6873,44.977455139160156
6874,36.78003692626953
6875,25.06137466430664
6876,39.369564056396484
6877,77.0197982788086
6878,30.426671981811523
6879,50.63287353515625
6880,30.315549850463867
6881,35.79843521118164
6882,38.80427169799805
6883,34.79277038574219
6884,35.135414123535156
6885,46.582603454589844
6886,61.399776458740234
6887,33.39813232421875
6888,28.736705780029297
6889,24.9970760345459
6890,35.86336135864258
6891,27.31661605834961
6892,25.995834350585938
6893,26.288991928100586
6894,27.3782958984375
6895,37.13349151611328
6896,29.924793243408203
6897,47.207359313964844
6898,37.4055061340332
6899,46.25434494018555
6900,67.78630828857422
6901,53.44599151611328
6902,49.901222229003906
6903,44.34498596191406
6904,20.733732223510742
6905,38.64842987060547
6906,27.787878036499023
6907,64.26636505126953
6908,36.53008270263672
6909,42.20679473876953
6910,33.296077728271484
6911,37.6202278137207
6912,35.66220474243164
6913,38.77151870727539
6914,24.778627395629883
6915,26.650569915771484
6916,49.78761291503906
6917,23.811309814453125
6918,43.604122161865234
6919,32.63069534301758
6920,25.344236373901367
6921,30.625486373901367
6922,57.54322814941406
6923,34.70368957519531
6924,24.399518966674805
6925,33.367069244384766
6926,41.4698371887207
6927,50.37120819091797
6928,35.300045013427734
6929,67.24822235107422
6930,34.61957550048828
6931,33.999969482421875
6932,34.13695526123047
6933,25.003110885620117
6934,44.965171813964844
6935,36.76517868041992
6936,25.060701370239258
6937,39.36650466918945
6938,76.9946060180664
6939,30.420074462890625
6940,50.624141693115234
6941,30.312416076660156
6942,35.768524169921875
6943,38.79951095581055
6944,34.78778076171875
6945,35.13901138305664
6946,46.571292877197266
6947,61.37911605834961
6948,33.39919662475586
6949,28.738330841064453
6950,24.993837356567383
6951,35.855751037597656
6952,27.31294822692871
6953,25.99285316467285
6954,26.28689956665039
6955,27.360069274902344
6956,37.12694549560547
6957,29.921173095703125
6958,47.20491027832031
6959,37.3906364440918
6960,46.258636474609375
6961,67.78401947021484
6962,53.449100494384766
6963,49.871543884277344
6964,44.3410758972168
6965,20.735816955566406
6966,38.64188766479492
6967,27.78395652770996
6968,64.25873565673828
6969,36.524681091308594
6970,42.20804977416992
6971,33.30080032348633
6972,37.61785125732422
6973,35.66240692138672
6974,38.76553726196289
6975,24.77749252319336
6976,26.631357192993164
6977,49.788265228271484
6978,23.810983657836914
6979,43.603271484375
6980,32.631412506103516
6981,25.339113235473633
6982,30.62653160095215
6983,57.542057037353516
6984,34.69643020629883
6985,24.394887924194336
6986,33.361358642578125
6987,41.471126556396484
6988,50.368858337402344
6989,35.29993438720703
6990,67.24411010742188
6991,34.62248229980469
6992,33.99833297729492
6993,34.127891540527344
6994,25.01015281677246
6995,44.95286560058594
6996,36.75143814086914
6997,25.059988021850586
6998,39.36366271972656
6999,76.97021484375
7000,30.413997650146484
7001,50.61581802368164
7002,30.309274673461914
7003,35.739383697509766
7004,38.79471206665039
7005,34.78321075439453
7006,35.14216995239258
7007,46.56041717529297
7008,61.358577728271484
7009,33.40016555786133
7010,28.73993682861328
7011,24.990890502929688
7012,35.84808349609375
7013,27.309370040893555
7014,25.989748001098633
7015,26.284772872924805
7016,27.342437744140625
7017,37.1205940246582
7018,29.917600631713867
7019,47.202659606933594
7020,37.37615203857422
7021,46.26316833496094
7022,67.78223419189453
7023,53.452213287353516
7024,49.842472076416016
7025,44.337398529052734
7026,20.737937927246094
7027,38.63541793823242
7028,27.779890060424805
7029,64.25096130371094
7030,36.5190315246582
7031,42.209442138671875
7032,33.30556106567383
7033,37.61545944213867
7034,35.66284942626953
7035,38.75967788696289
7036,24.776025772094727
7037,26.612333297729492
7038,49.78881072998047
7039,23.810352325439453
7040,43.60247039794922
7041,32.63231658935547
7042,25.333961486816406
7043,30.627470016479492
7044,57.54117965698242
7045,34.6890983581543
7046,24.3903865814209
7047,33.355674743652344
7048,41.472564697265625
7049,50.36688995361328
7050,35.29978942871094
7051,67.24066925048828
7052,34.625099182128906
7053,33.99709701538086
7054,34.11915969848633
7055,25.016796112060547
7056,44.94082260131836
7057,36.738380432128906
7058,25.058956146240234
7059,39.3609733581543
7060,76.94657897949219
7061,30.40813636779785
7062,50.607601165771484
7063,30.306140899658203
7064,35.71097183227539
7065,38.78995132446289
7066,34.7788200378418
7067,35.14475631713867
7068,46.54999923706055
7069,61.33877944946289
7070,33.40107345581055
7071,28.741579055786133
7072,24.988019943237305
7073,35.84071731567383
7074,27.305849075317383
7075,25.986574172973633
7076,26.282817840576172
7077,27.325130462646484
7078,37.114261627197266
7079,29.913990020751953
7080,47.20066452026367
7081,37.362030029296875
7082,46.26780700683594
7083,67.78063201904297
7084,53.455299377441406
7085,49.81376266479492
7086,44.333736419677734
7087,20.740121841430664
7088,38.62920379638672
7089,27.775562286376953
7090,64.24331665039062
7091,36.51357650756836
7092,42.21099090576172
7093,33.30995559692383
7094,37.61302947998047
7095,35.66327667236328
7096,38.753631591796875
7097,24.774280548095703
7098,26.593273162841797
7099,49.78939437866211
7100,23.80927848815918
7101,43.601837158203125
7102,32.63333511352539
7103,25.328773498535156
7104,30.628337860107422
7105,57.54035568237305
7106,34.68160629272461
7107,24.38614273071289
7108,33.34993362426758
7109,41.47427749633789
7110,50.36539840698242
7111,35.2996711730957
7112,67.23773193359375
7113,34.62744140625
7114,33.99595260620117
7115,34.110599517822266
7116,25.023151397705078
7117,44.92876052856445
7118,36.72600173950195
7119,25.05780029296875
7120,39.35831069946289
7121,76.92340850830078
7122,30.402545928955078
7123,50.59963607788086
7124,30.30301284790039
7125,35.683048248291016
7126,38.78518295288086
7127,34.77469253540039
7128,35.146915435791016
7129,46.54002380371094
7130,61.319915771484375
7131,33.40174102783203
7132,28.743112564086914
7133,24.985328674316406
7134,35.83319854736328
7135,27.302230834960938
7136,25.98321533203125
7137,26.28096580505371
7138,27.308185577392578
7139,37.107887268066406
7140,29.910381317138672
7141,47.19866943359375
7142,37.348228454589844
7143,46.272193908691406
7144,67.77909088134766
7145,53.4580078125
7146,49.78553009033203
7147,44.32987976074219
7148,20.742691040039062
7149,38.62315368652344
7150,27.771141052246094
7151,64.23578643798828
7152,36.508148193359375
7153,42.21293258666992
7154,33.31424331665039
7155,37.61066818237305
7156,35.6637077331543
7157,38.74772644042969
7158,24.77191925048828
7159,26.573999404907227
7160,49.78982925415039
7161,23.80790901184082
7162,43.60127639770508
7163,32.63447570800781
7164,25.323305130004883
7165,30.628843307495117
7166,57.539798736572266
7167,34.67378234863281
7168,24.38211441040039
7169,33.344051361083984
7170,41.4760627746582
7171,50.36430358886719
7172,35.29954147338867
7173,67.2352523803711
7174,34.62944412231445
7175,33.99501037597656
7176,34.1024055480957
7177,25.028886795043945
7178,44.91648483276367
7179,36.714542388916016
7180,25.056659698486328
7181,39.35594940185547
7182,76.90097045898438
7183,30.397424697875977
7184,50.59172821044922
7185,30.29967498779297
7186,35.65580749511719
7187,38.78061294555664
7188,34.77048110961914
7189,35.14862060546875
7190,46.530601501464844
7191,61.30205154418945
7192,33.40214920043945
7193,28.744510650634766
7194,24.98270606994629
7195,35.826026916503906
7196,27.298749923706055
7197,25.97971534729004
7198,26.27947425842285
7199,27.291305541992188
7200,37.10139846801758
7201,29.906858444213867
7202,47.1966438293457
7203,37.334712982177734
7204,46.27649688720703
7205,67.7776870727539
7206,53.460567474365234
7207,49.757057189941406
7208,44.325931549072266
7209,20.745662689208984
7210,38.6174430847168
7211,27.76641273498535
7212,64.22832489013672
7213,36.50288009643555
7214,42.21519088745117
7215,33.318206787109375
7216,37.608314514160156
7217,35.664161682128906
7218,38.74177932739258
7219,24.768957138061523
7220,26.554494857788086
7221,49.790306091308594
7222,23.805585861206055
7223,43.60077667236328
7224,32.63585662841797
7225,25.317607879638672
7226,30.629304885864258
7227,57.539588928222656
7228,34.665714263916016
7229,24.37858772277832
7230,33.33815002441406
7231,41.47823715209961
7232,50.36367416381836
7233,35.29948806762695
7234,67.23323822021484
7235,34.63105773925781
7236,33.99403381347656
7237,34.09434509277344
7238,25.034339904785156
7239,44.904056549072266
7240,36.704227447509766
7241,25.0550479888916
7242,39.35378646850586
7243,76.87947082519531
7244,30.392597198486328
7245,50.584102630615234
7246,30.296281814575195
7247,35.62897491455078
7248,38.7760124206543
7249,34.766544342041016
7250,35.14979553222656
7251,46.52177429199219
7252,61.28534698486328
7253,33.40228271484375
7254,28.74574851989746
7255,24.980182647705078
7256,35.818843841552734
7257,27.295108795166016
7258,25.975868225097656
7259,26.278146743774414
7260,27.2745361328125
7261,37.094970703125
7262,29.903385162353516
7263,47.1948356628418
7264,37.321739196777344
7265,46.28056335449219
7266,67.77635955810547
7267,53.46262741088867
7268,49.72892761230469
7269,44.32170867919922
7270,20.748882293701172
7271,38.611690521240234
7272,27.761201858520508
7273,64.22090148925781
7274,36.497562408447266
7275,42.21772003173828
7276,33.32209014892578
7277,37.6059684753418
7278,35.66457748413086
7279,38.73585891723633
7280,24.76524543762207
7281,26.534603118896484
7282,49.7907829284668
7283,23.802597045898438
7284,43.600685119628906
7285,32.63751983642578
7286,25.311363220214844
7287,30.6293888092041
7288,57.53950881958008
7289,34.65736770629883
7290,24.375381469726562
7291,33.33220291137695
7292,41.4807243347168
7293,50.36366653442383
7294,35.299564361572266
7295,67.23187255859375
7296,34.632083892822266
7297,33.99301528930664
7298,34.086612701416016
7299,25.039384841918945
7300,44.8913688659668
7301,36.69550323486328
7302,25.053054809570312
7303,39.351951599121094
7304,76.85905456542969
7305,30.38825035095215
7306,50.57684326171875
7307,30.292667388916016
7308,35.60251235961914
7309,38.77145004272461
7310,34.76259994506836
7311,35.15037155151367
7312,46.51361846923828
7313,61.26994323730469
7314,33.401981353759766
7315,28.74688148498535
7316,24.97793960571289
7317,35.811683654785156
7318,27.291553497314453
7319,25.97171401977539
7320,26.276941299438477
7321,27.257549285888672
7322,37.08842468261719
7323,29.89990997314453
7324,47.19308090209961
7325,37.30900192260742
7326,46.284732818603516
7327,67.7756576538086
7328,53.46467971801758
7329,49.70098114013672
7330,44.31771469116211
7331,20.75236701965332
7332,38.60639190673828
7333,27.755596160888672
7334,64.21400451660156
7335,36.49232482910156
7336,42.22077178955078
7337,33.32569122314453
7338,37.60342025756836
7339,35.66509246826172
7340,38.729820251464844
7341,24.760730743408203
7342,26.51436424255371
7343,49.7911491394043
7344,23.799049377441406
7345,43.60076141357422
7346,32.639156341552734
7347,25.305007934570312
7348,30.629287719726562
7349,57.539710998535156
7350,34.64845657348633
7351,24.37256622314453
7352,33.326026916503906
7353,41.483577728271484
7354,50.364173889160156
7355,35.299556732177734
7356,67.23101806640625
7357,34.6326904296875
7358,33.99217224121094
7359,34.079139709472656
7360,25.043750762939453
7361,44.87851333618164
7362,36.68788146972656
7363,25.050716400146484
7364,39.35047912597656
7365,76.8393783569336
7366,30.38433265686035
7367,50.569664001464844
7368,30.288925170898438
7369,35.57672119140625
7370,38.76707458496094
7371,34.75889205932617
7372,35.15026092529297
7373,46.50615692138672
7374,61.255462646484375
7375,33.401432037353516
7376,28.747859954833984
7377,24.97582244873047
7378,35.8046760559082
7379,27.28810691833496
7380,25.967302322387695
7381,26.27608299255371
7382,27.240680694580078
7383,37.08176040649414
7384,29.896528244018555
7385,47.191566467285156
7386,37.296661376953125
7387,46.28900146484375
7388,67.77520751953125
7389,53.46649169921875
7390,49.67319869995117
7391,44.3136100769043
7392,20.755765914916992
7393,38.601261138916016
7394,27.749757766723633
7395,64.20743560791016
7396,36.48714828491211
7397,42.224422454833984
7398,33.32899856567383
7399,37.60081481933594
7400,35.66554260253906
7401,38.723876953125
7402,24.755800247192383
7403,26.493928909301758
7404,49.79149627685547
7405,23.7948055267334
7406,43.60112380981445
7407,32.64106369018555
7408,25.298402786254883
7409,30.628860473632812
7410,57.53987121582031
7411,34.639408111572266
7412,24.37024688720703
7413,33.31977462768555
7414,41.48670959472656
7415,50.36507797241211
7416,35.299644470214844
7417,67.23085021972656
7418,34.632896423339844
7419,33.99134063720703
7420,34.072017669677734
7421,25.047447204589844
7422,44.865421295166016
7423,36.68156814575195
7424,25.048192977905273
7425,39.34917449951172
7426,76.82056427001953
7427,30.380714416503906
7428,50.56277847290039
7429,30.284955978393555
7430,35.551143646240234
7431,38.76241683959961
7432,34.75544738769531
7433,35.14940643310547
7434,46.499149322509766
7435,61.241676330566406
7436,33.40057373046875
7437,28.749052047729492
7438,24.973987579345703
7439,35.7979736328125
7440,27.28470802307129
7441,25.96268081665039
7442,26.275489807128906
7443,27.22389030456543
7444,37.0750732421875
7445,29.893400192260742
7446,47.19017791748047
7447,37.28458786010742
7448,46.293243408203125
7449,67.77498626708984
7450,53.46831512451172
7451,49.64564514160156
7452,44.309444427490234
7453,20.759248733520508
7454,38.59619140625
7455,27.743389129638672
7456,64.20128631591797
7457,36.482261657714844
7458,42.2282600402832
7459,33.3320426940918
7460,37.59829330444336
7461,35.66594314575195
7462,38.717830657958984
7463,24.75020408630371
7464,26.47334861755371
7465,49.791534423828125
7466,23.790199279785156
7467,43.60163879394531
7468,32.64313888549805
7469,25.291595458984375
7470,30.628307342529297
7471,57.540225982666016
7472,34.62996292114258
7473,24.36814308166504
7474,33.31336975097656
7475,41.49008560180664
7476,50.366302490234375
7477,35.299713134765625
7478,67.23140716552734
7479,34.632633209228516
7480,33.99065017700195
7481,34.06488800048828
7482,25.05061149597168
7483,44.85236358642578
7484,36.67616653442383
7485,25.04541015625
7486,39.34815216064453
7487,76.80250549316406
7488,30.37749481201172
7489,50.55596923828125
7490,30.281015396118164
7491,35.52618408203125
7492,38.75780487060547
7493,34.75215530395508
7494,35.14801025390625
7495,46.49264144897461
7496,61.22869110107422
7497,33.39939880371094
7498,28.750009536743164
7499,24.97224235534668
7500,35.79136657714844
7501,27.28131103515625
7502,25.957794189453125
7503,26.275238037109375
7504,27.207355499267578
7505,37.06833267211914
7506,29.890151977539062
7507,47.18876266479492
7508,37.27296829223633
7509,46.297664642333984
7510,67.7752456665039
7511,53.46992492675781
7512,49.61841583251953
7513,44.305397033691406
7514,20.76268196105957
7515,38.5914306640625
7516,27.736726760864258
7517,64.19539642333984
7518,36.47745895385742
7519,42.23274230957031
7520,33.3349609375
7521,37.59574890136719
7522,35.666385650634766
7523,38.71158218383789
7524,24.74419403076172
7525,26.45264434814453
7526,49.79144287109375
7527,23.78502655029297
7528,43.60224533081055
7529,32.645286560058594
7530,25.2845516204834
7531,30.62728500366211
7532,57.540523529052734
7533,34.6201171875
7534,24.36639404296875
7535,33.30647277832031
7536,41.49386215209961
7537,50.368045806884766
7538,35.29961395263672
7539,67.23287200927734
7540,34.63185119628906
7541,33.990169525146484
7542,34.058006286621094
7543,25.053071975708008
7544,44.839263916015625
7545,36.67180633544922
7546,25.04228973388672
7547,39.347442626953125
7548,76.78558349609375
7549,30.37452507019043
7550,50.54951477050781
7551,30.27669906616211
7552,35.5018424987793
7553,38.753089904785156
7554,34.74898147583008
7555,35.14594650268555
7556,46.4863395690918
7557,61.21657180786133
7558,33.39783477783203
7559,28.751073837280273
7560,24.970731735229492
7561,35.784969329833984
7562,27.277944564819336
7563,25.952713012695312
7564,26.27518653869629
7565,27.19063949584961
7566,37.061458587646484
7567,29.88709259033203
7568,47.18733215332031
7569,37.26173782348633
7570,46.302188873291016
7571,67.77606201171875
7572,53.471351623535156
7573,49.591468811035156
7574,44.30134201049805
7575,20.7657527923584
7576,38.58676528930664
7577,27.72959327697754
7578,64.19001007080078
7579,36.472537994384766
7580,42.237754821777344
7581,33.337581634521484
7582,37.592830657958984
7583,35.666629791259766
7584,38.70517349243164
7585,24.737483978271484
7586,26.43163299560547
7587,49.791011810302734
7588,23.779380798339844
7589,43.60312271118164
7590,32.647579193115234
7591,25.27732276916504
7592,30.626134872436523
7593,57.540767669677734
7594,34.60997772216797
7595,24.3649845123291
7596,33.29942321777344
7597,41.497982025146484
7598,50.3701171875
7599,35.29963302612305
7600,67.23511505126953
7601,34.63072967529297
7602,33.98996353149414
7603,34.05120086669922
7604,25.054574966430664
7605,44.825801849365234
7606,36.66816329956055
7607,25.039155960083008
7608,39.34689712524414
7609,76.76869201660156
7610,30.372045516967773
7611,50.54293441772461
7612,30.272245407104492
7613,35.477874755859375
7614,38.748104095458984
7615,34.7462158203125
7616,35.14277267456055
7617,46.48054885864258
7618,61.20441818237305
7619,33.39613723754883
7620,28.752418518066406
7621,24.969541549682617
7622,35.77898406982422
7623,27.274707794189453
7624,25.947607040405273
7625,26.27553367614746
7626,27.174306869506836
7627,37.054466247558594
7628,29.8840389251709
7629,47.18627166748047
7630,37.25065231323242
7631,46.30711364746094
7632,67.7776870727539
7633,53.47329330444336
7634,49.56473159790039
7635,44.29751968383789
7636,20.768274307250977
7637,38.582305908203125
7638,27.72184944152832
7639,64.18504333496094
7640,36.467952728271484
7641,42.243263244628906
7642,33.33983612060547
7643,37.589908599853516
7644,35.66679763793945
7645,38.698486328125
7646,24.730674743652344
7647,26.41085433959961
7648,49.790008544921875
7649,23.77366828918457
7650,43.60386276245117
7651,32.64982986450195
7652,25.270092010498047
7653,30.624629974365234
7654,57.54069137573242
7655,34.599369049072266
7656,24.363811492919922
7657,33.292171478271484
7658,41.502254486083984
7659,50.372093200683594
7660,35.29939651489258
7661,67.23807525634766
7662,34.62913131713867
7663,33.99018096923828
7664,34.044334411621094
7665,25.055322647094727
7666,44.81238555908203
7667,36.66423416137695
7668,25.03616714477539
7669,39.34626770019531
7670,76.75169372558594
7671,30.369728088378906
7672,50.536293029785156
7673,30.267488479614258
7674,35.45448303222656
7675,38.742942810058594
7676,34.74327087402344
7677,35.1387825012207
7678,46.47481918334961
7679,61.19245147705078
7680,33.394187927246094
7681,28.75355339050293
7682,24.968544006347656
7683,35.773521423339844
7684,27.271318435668945
7685,25.94246482849121
7686,26.276226043701172
7687,27.158390045166016
7688,37.04729461669922
7689,29.88109588623047
7690,47.18531799316406
7691,37.239845275878906
7692,46.312442779541016
7693,67.77973175048828
7694,53.47506332397461
7695,49.5383415222168
7696,44.29383087158203
7697,20.770349502563477
7698,38.577850341796875
7699,27.713924407958984
7700,64.18059539794922
7701,36.46342086791992
7702,42.24910354614258
7703,33.3420524597168
7704,37.586997985839844
7705,35.66680145263672
7706,38.691471099853516
7707,24.723548889160156
7708,26.39002227783203
7709,49.788551330566406
7710,23.767908096313477
7711,43.60450744628906
7712,32.65214157104492
7713,25.26292610168457
7714,30.623027801513672
7715,57.540252685546875
7716,34.588409423828125
7717,24.36272430419922
7718,33.28474044799805
7719,41.50676345825195
7720,50.37406539916992
7721,35.29909896850586
7722,67.24158477783203
7723,34.62728500366211
7724,33.9905891418457
7725,34.03759002685547
7726,25.055130004882812
7727,44.799076080322266
7728,36.659976959228516
7729,25.033226013183594
7730,39.345741271972656
7731,76.7347640991211
7732,30.367557525634766
7733,50.529701232910156
7734,30.26263999938965
7735,35.43169403076172
7736,38.73762130737305
7737,34.740478515625
7738,35.13420867919922
7739,46.469337463378906
7740,61.180381774902344
7741,33.39219284057617
7742,28.75496482849121
7743,24.967613220214844
7744,35.76847839355469
7745,27.2680606842041
7746,25.937511444091797
7747,26.277223587036133
7748,27.14279556274414
7749,37.04004669189453
7750,29.87850570678711
7751,47.184207916259766
7752,37.229339599609375
7753,46.31776809692383
7754,67.78176879882812
7755,53.47687530517578
7756,49.51215362548828
7757,44.29011917114258
7758,20.772029876708984
7759,38.57329177856445
7760,27.705598831176758
7761,64.17623901367188
7762,36.459171295166016
7763,42.255409240722656
7764,33.34394073486328
7765,37.584007263183594
7766,35.66669845581055
7767,38.68407440185547
7768,24.71640396118164
7769,26.369230270385742
7770,49.78643798828125
7771,23.761882781982422
7772,43.60515213012695
7773,32.65425491333008
7774,25.255634307861328
7775,30.621061325073242
7776,57.53944778442383
7777,34.57699203491211
7778,24.361797332763672
7779,33.277103424072266
7780,41.5112419128418
7781,50.37563705444336
7782,35.29861068725586
7783,67.2452163696289
7784,34.625
7785,33.99110794067383
7786,34.03064727783203
7787,25.054298400878906
7788,44.78556442260742
7789,36.65474319458008
7790,25.030757904052734
7791,39.345069885253906
7792,76.71748352050781
7793,30.365589141845703
7794,50.52317428588867
7795,30.257217407226562
7796,35.409156799316406
7797,38.73239517211914
7798,34.73741912841797
7799,35.128990173339844
7800,46.46385192871094
7801,61.16848373413086
7802,33.39008712768555
7803,28.756534576416016
7804,24.96700096130371
7805,35.76409912109375
7806,27.264854431152344
7807,25.932758331298828
7808,26.278453826904297
7809,27.127452850341797
7810,37.032806396484375
7811,29.876033782958984
7812,47.182899475097656
7813,37.21895217895508
7814,46.32284927368164
7815,67.78364562988281
7816,53.478477478027344
7817,49.486087799072266
7818,44.28611755371094
7819,20.77357292175293
7820,38.56876754760742
7821,27.696809768676758
7822,64.17184448242188
7823,36.4554443359375
7824,42.26197052001953
7825,33.34597396850586
7826,37.58132553100586
7827,35.66630172729492
7828,38.67628479003906
7829,24.70912742614746
7830,26.348325729370117
7831,49.783790588378906
7832,23.75572395324707
7833,43.60569381713867
7834,32.65642547607422
7835,25.248077392578125
7836,30.61890983581543
7837,57.53825759887695
7838,34.56533432006836
7839,24.360836029052734
7840,33.2694091796875
7841,41.51579284667969
7842,50.37673568725586
7843,35.298095703125
7844,67.24905395507812
7845,34.62257766723633
7846,33.99167251586914
7847,34.02373123168945
7848,25.052783966064453
7849,44.772037506103516
7850,36.648990631103516
7851,25.028522491455078
7852,39.344234466552734
7853,76.70020294189453
7854,30.363813400268555
7855,50.516719818115234
7856,30.25166130065918
7857,35.38733673095703
7858,38.72727584838867
7859,34.734249114990234
7860,35.12335205078125
7861,46.45826721191406
7862,61.15686798095703
7863,33.387760162353516
7864,28.758182525634766
7865,24.96648597717285
7866,35.76010513305664
7867,27.26168441772461
7868,25.927988052368164
7869,26.279998779296875
7870,27.112184524536133
7871,37.02546691894531
7872,29.87370491027832
7873,47.181060791015625
7874,37.209041595458984
7875,46.32735824584961
7876,67.78485870361328
7877,53.479427337646484
7878,49.459938049316406
7879,44.28173828125
7880,20.775344848632812
7881,38.564186096191406
7882,27.68777847290039
7883,64.1675796508789
7884,36.4517822265625
7885,42.26902770996094
7886,33.347537994384766
7887,37.57866668701172
7888,35.66556930541992
7889,38.66836166381836
7890,24.70134925842285
7891,26.327308654785156
7892,49.78089141845703
7893,23.7486629486084
7894,43.60629653930664
7895,32.65827941894531
7896,25.239917755126953
7897,30.616540908813477
7898,57.53689956665039
7899,34.553409576416016
7900,24.360122680664062
7901,33.26130294799805
7902,41.520355224609375
7903,50.37748336791992
7904,35.29742431640625
7905,67.25286865234375
7906,34.619651794433594
7907,33.99168014526367
7908,34.0167236328125
7909,25.050779342651367
7910,44.758453369140625
7911,36.6450080871582
7912,25.025867462158203
7913,39.34392547607422
7914,76.68386840820312
7915,30.362041473388672
7916,50.510337829589844
7917,30.24597930908203
7918,35.36557388305664
7919,38.721923828125
7920,34.73112487792969
7921,35.11713409423828
7922,46.452354431152344
7923,61.146148681640625
7924,33.38494110107422
7925,28.759815216064453
7926,24.96596336364746
7927,35.756004333496094
7928,27.258031845092773
7929,25.922775268554688
7930,26.281831741333008
7931,27.096538543701172
7932,37.017967224121094
7933,29.871232986450195
7934,47.178863525390625
7935,37.199432373046875
7936,46.3316764831543
7937,67.78652954101562
7938,53.479759216308594
7939,49.434200286865234
7940,44.27696228027344
7941,20.776987075805664
7942,38.55976867675781
7943,27.678407669067383
7944,64.163330078125
7945,36.447689056396484
7946,42.27682113647461
7947,33.3488655090332
7948,37.57522201538086
7949,35.664649963378906
7950,38.66035461425781
7951,24.692888259887695
7952,26.305936813354492
7953,49.77749252319336
7954,23.740833282470703
7955,43.6072883605957
7956,32.66023254394531
7957,25.23126983642578
7958,30.613664627075195
7959,57.53532028198242
7960,34.5408821105957
7961,24.359994888305664
7962,33.25297546386719
7963,41.52515411376953
7964,50.378273010253906
7965,35.29671096801758
7966,67.25738525390625
7967,34.6161003112793
7968,33.991424560546875
7969,34.009788513183594
7970,25.0478572845459
7971,44.74446487426758
7972,36.6425666809082
7973,25.02277183532715
7974,39.344051361083984
7975,76.66809844970703
7976,30.360591888427734
7977,50.50392532348633
7978,30.240028381347656
7979,35.343849182128906
7980,38.71622085571289
7981,34.7280158996582
7982,35.1101188659668
7983,46.44683074951172
7984,61.13589096069336
7985,33.38174819946289
7986,28.76120948791504
7987,24.965532302856445
7988,35.752071380615234
7989,27.254453659057617
7990,25.917137145996094
7991,26.28396224975586
7992,27.080310821533203
7993,37.010154724121094
7994,29.868438720703125
7995,47.176658630371094
7996,37.19001007080078
7997,46.336517333984375
7998,67.7891616821289
7999,53.4801025390625
8000,49.40848922729492
8001,44.272335052490234
8002,20.777997970581055
8003,38.555355072021484
8004,27.668617248535156
8005,64.15955352783203
8006,36.44321060180664
8007,42.28535079956055
8008,33.34995651245117
8009,37.571311950683594
8010,35.663455963134766
8011,38.65201187133789
8012,24.68376922607422
8013,26.28421974182129
8014,49.7735595703125
8015,23.732437133789062
8016,43.608428955078125
8017,32.662132263183594
8018,25.222436904907227
8019,30.610383987426758
8020,57.53340530395508
8021,34.527801513671875
8022,24.36018180847168
8023,33.244117736816406
8024,41.53025817871094
8025,50.37921142578125
8026,35.295684814453125
8027,67.26292419433594
8028,34.611995697021484
8029,33.99141311645508
8030,34.00263214111328
8031,25.043989181518555
8032,44.73013687133789
8033,36.64079666137695
8034,25.019325256347656
8035,39.344322204589844
8036,76.65254211425781
8037,30.35933494567871
8038,50.49745178222656
8039,30.23356056213379
8040,35.32197570800781
8041,38.71013641357422
8042,34.724918365478516
8043,35.1020393371582
8044,46.441158294677734
8045,61.12544631958008
8046,33.37813949584961
8047,28.76306915283203
8048,24.965375900268555
8049,35.748435974121094
8050,27.250383377075195
8051,25.911365509033203
8052,26.286523818969727
8053,27.063945770263672
8054,37.00200653076172
8055,29.8654727935791
8056,47.174278259277344
8057,37.18069839477539
8058,46.34177780151367
8059,67.79231262207031
8060,53.480403900146484
8061,49.382728576660156
8062,44.267635345458984
8063,20.778350830078125
8064,38.55070877075195
8065,27.658203125
8066,64.15587615966797
8067,36.438541412353516
8068,42.2946662902832
8069,33.35068893432617
8070,37.56681442260742
8071,35.66181564331055
8072,38.64301681518555
8073,24.674386978149414
8074,26.262310028076172
8075,49.76878356933594
8076,23.723936080932617
8077,43.60936737060547
8078,32.66395568847656
8079,25.213375091552734
8080,30.606714248657227
8081,57.53096389770508
8082,34.5140266418457
8083,24.360471725463867
8084,33.23476028442383
8085,41.53554916381836
8086,50.379905700683594
8087,35.29439926147461
8088,67.26927185058594
8089,34.60747146606445
8090,33.991676330566406
8091,33.995361328125
8092,25.038936614990234
8093,44.71552276611328
8094,36.63826370239258
8095,25.0159854888916
8096,39.344364166259766
8097,76.63658905029297
8098,30.358211517333984
8099,50.490665435791016
8100,30.226839065551758
8101,35.30027389526367
8102,38.70368576049805
8103,34.72172546386719
8104,35.09299087524414
8105,46.435028076171875
8106,61.11471939086914
8107,33.37427520751953
8108,28.76474952697754
8109,24.96533966064453
8110,35.74518585205078
8111,27.246381759643555
8112,25.905559539794922
8113,26.289453506469727
8114,27.047332763671875
8115,36.99348831176758
8116,29.862571716308594
8117,47.171478271484375
8118,37.17143630981445
8119,46.347042083740234
8120,67.79544067382812
8121,53.48047637939453
8122,49.35676193237305
8123,44.262664794921875
8124,20.778106689453125
8125,38.54594421386719
8126,27.64710807800293
8127,64.15251922607422
8128,36.43382263183594
8129,42.30450439453125
8130,33.351009368896484
8131,37.562049865722656
8132,35.65971374511719
8133,38.63348388671875
8134,24.664703369140625
8135,26.24022674560547
8136,49.763092041015625
8137,23.714902877807617
8138,43.61020278930664
8139,32.66545104980469
8140,25.203996658325195
8141,30.602725982666016
8142,57.52764129638672
8143,34.49971389770508
8144,24.36090660095215
8145,33.22493362426758
8146,41.54081344604492
8147,50.37984085083008
8148,35.2928352355957
8149,67.27584838867188
8150,34.602294921875
8151,33.992008209228516
8152,33.987770080566406
8153,25.03238868713379
8154,44.70109176635742
8155,36.63517379760742
8156,25.01251983642578
8157,39.344390869140625
8158,76.62110900878906
8159,30.356983184814453
8160,50.48416519165039
8161,30.219196319580078
8162,35.27827072143555
8163,38.69756317138672
8164,34.717716217041016
8165,35.083030700683594
8166,46.42881774902344
8167,61.104427337646484
8168,33.37004089355469
8169,28.766530990600586
8170,24.96537971496582
8171,35.742218017578125
8172,27.242347717285156
8173,25.899681091308594
8174,26.292573928833008
8175,27.029699325561523
8176,36.9845085144043
8177,29.859535217285156
8178,47.1682014465332
8179,37.1624755859375
8180,46.3520622253418
8181,67.79873657226562
8182,53.480201721191406
8183,49.33015823364258
8184,44.25739669799805
8185,20.777339935302734
8186,38.540802001953125
8187,27.635234832763672
8188,64.14945983886719
8189,36.42882537841797
8190,42.31536102294922
8191,33.35084533691406
8192,37.55665969848633
8193,35.656978607177734
8194,38.62321090698242
8195,24.654136657714844
8196,26.21746063232422
8197,49.75625991821289
8198,23.705183029174805
8199,43.6109619140625
8200,32.666690826416016
8201,25.19411277770996
8202,30.59805679321289
8203,57.523868560791016
8204,34.4843635559082
8205,24.361722946166992
8206,33.21469497680664
8207,41.54615020751953
8208,50.3794059753418
8209,35.2909049987793
8210,67.28315734863281
8211,34.59636306762695
8212,33.992408752441406
8213,33.97970199584961
8214,25.024524688720703
8215,44.686031341552734
8216,36.63252639770508
8217,25.00869369506836
8218,39.34441375732422
8219,76.60568237304688
8220,30.355985641479492
8221,50.477596282958984
8222,30.21068000793457
8223,35.25576400756836
8224,38.691184997558594
8225,34.71320724487305
8226,35.07162094116211
8227,46.422149658203125
8228,61.094825744628906
8229,33.365081787109375
8230,28.768123626708984
8231,24.965639114379883
8232,35.73940658569336
8233,27.23784065246582
8234,25.89337730407715
8235,26.29607391357422
8236,27.01087760925293
8237,36.97476577758789
8238,29.856430053710938
8239,47.164039611816406
8240,37.15365219116211
8241,46.356895446777344
8242,67.8018798828125
8243,53.479164123535156
8244,49.30269241333008
8245,44.25139236450195
8246,20.775901794433594
8247,38.53541564941406
8248,27.622114181518555
8249,64.14643859863281
8250,36.4235725402832
8251,42.32715606689453
8252,33.34995651245117
8253,37.550628662109375
8254,35.653350830078125
8255,38.61214828491211
8256,24.642763137817383
8257,26.193920135498047
8258,49.748207092285156
8259,23.694360733032227
8260,43.61152648925781
8261,32.6675910949707
8262,25.18343734741211
8263,30.59282112121582
8264,57.51911926269531
8265,34.46794891357422
8266,24.362831115722656
8267,33.203975677490234
8268,41.551422119140625
8269,50.37786865234375
8270,35.28858947753906
8271,67.2908706665039
8272,34.58946228027344
8273,33.99232482910156
8274,33.97146224975586
8275,25.01511573791504
8276,44.670162200927734
8277,36.630374908447266
8278,25.004493713378906
8279,39.34461975097656
8280,76.58972930908203
8281,30.355236053466797
8282,50.470645904541016
8283,30.20168113708496
8284,35.23297119140625
8285,38.68417739868164
8286,34.70852279663086
8287,35.05854034423828
8288,46.41505432128906
8289,61.084510803222656
8290,33.35960388183594
8291,28.76998519897461
8292,24.9660701751709
8293,35.73683166503906
8294,27.2332763671875
8295,25.886899948120117
8296,26.29983139038086
8297,26.991220474243164
8298,36.964393615722656
8299,29.853254318237305
8300,47.15938186645508
8301,37.14493179321289
8302,46.3614501953125
8303,67.80481719970703
8304,53.47793960571289
8305,49.27431106567383
8306,44.24521255493164
8307,20.773866653442383
8308,38.529502868652344
8309,27.60788345336914
8310,64.14383697509766
8311,36.41862487792969
8312,42.339717864990234
8313,33.348533630371094
8314,37.544334411621094
8315,35.64896774291992
8316,38.60005569458008
8317,24.630800247192383
8318,26.169740676879883
8319,49.73866271972656
8320,23.68295669555664
8321,43.611637115478516
8322,32.668182373046875
8323,25.172321319580078
8324,30.587196350097656
8325,57.513614654541016
8326,34.45058822631836
8327,24.36404800415039
8328,33.1927604675293
8329,41.55653381347656
8330,50.37561798095703
8331,35.28592300415039
8332,67.29901123046875
8333,34.58192443847656
8334,33.99203872680664
8335,33.962921142578125
8336,25.004674911499023
8337,44.65339660644531
8338,36.62837600708008
8339,25.000391006469727
8340,39.344722747802734
8341,76.57290649414062
8342,30.35464859008789
8343,50.46306228637695
8344,30.192052841186523
8345,35.21003341674805
8346,38.676429748535156
8347,34.70374298095703
8348,35.04413986206055
8349,46.40746307373047
8350,61.074127197265625
8351,33.35386657714844
8352,28.771751403808594
8353,24.96666717529297
8354,35.73479461669922
8355,27.228403091430664
8356,25.880552291870117
8357,26.30412483215332
8358,26.971113204956055
8359,36.95341873168945
8360,29.850555419921875
8361,47.15435791015625
8362,37.136329650878906
8363,46.365966796875
8364,67.80738067626953
8365,53.4765510559082
8366,49.244693756103516
8367,44.23848342895508
8368,20.771259307861328
8369,38.52320098876953
8370,27.592510223388672
8371,64.14153289794922
8372,36.414485931396484
8373,42.35279846191406
8374,33.34651184082031
8375,37.53860855102539
8376,35.643836975097656
8377,38.58690643310547
8378,24.618417739868164
8379,26.144668579101562
8380,49.7279167175293
8381,23.670940399169922
8382,43.61124038696289
8383,32.66860580444336
8384,25.16066551208496
8385,30.580991744995117
8386,57.50728225708008
8387,34.43232345581055
8388,24.36534881591797
8389,33.18107986450195
8390,41.5616455078125
8391,50.372535705566406
8392,35.282833099365234
8393,67.30735778808594
8394,34.573829650878906
8395,33.99153137207031
8396,33.954002380371094
8397,24.993093490600586
8398,44.63603591918945
8399,36.62588119506836
8400,24.996410369873047
8401,39.34458923339844
8402,76.55509185791016
8403,30.35420036315918
8404,50.455299377441406
8405,30.18199348449707
8406,35.18695831298828
8407,38.66820526123047
8408,34.698936462402344
8409,35.02830505371094
8410,46.39919662475586
8411,61.06315612792969
8412,33.34770965576172
8413,28.7735652923584
8414,24.967313766479492
8415,35.73341369628906
8416,27.223501205444336
8417,25.874082565307617
8418,26.308704376220703
8419,26.950956344604492
8420,36.94194793701172
8421,29.8482723236084
8422,47.14898681640625
8423,37.12765121459961
8424,46.370208740234375
8425,67.80929565429688
8426,53.47528839111328
8427,49.21382141113281
8428,44.23164367675781
8429,20.768198013305664
8430,38.516563415527344
8431,27.576074600219727
8432,64.13943481445312
8433,36.41158676147461
8434,42.36631774902344
8435,33.344303131103516
8436,37.53355026245117
8437,35.63814163208008
8438,38.57286834716797
8439,24.60602569580078
8440,26.119020462036133
8441,49.71601486206055
8442,23.658884048461914
8443,43.61037063598633
8444,32.66876220703125
8445,25.148609161376953
8446,30.574581146240234
8447,57.5001220703125
8448,34.41331100463867
8449,24.36639404296875
8450,33.169219970703125
8451,41.566734313964844
8452,50.36837387084961
8453,35.279449462890625
8454,67.31568908691406
8455,34.56521987915039
8456,33.99070739746094
8457,33.94473648071289
8458,24.981029510498047
8459,44.61824417114258
8460,36.622840881347656
8461,24.99279022216797
8462,39.34434509277344
8463,76.53622436523438
8464,30.35382843017578
8465,50.44684982299805
8466,30.171669006347656
8467,35.16383361816406
8468,38.65946960449219
8469,34.69411849975586
8470,35.011695861816406
8471,46.3906135559082
8472,61.05104446411133
8473,33.34149932861328
8474,28.775779724121094
8475,24.96818733215332
8476,35.732513427734375
8477,27.218551635742188
8478,25.868061065673828
8479,26.313615798950195
8480,26.930770874023438
8481,36.9302864074707
8482,29.846025466918945
8483,47.14321517944336
8484,37.11909484863281
8485,46.37366485595703
8486,67.81011199951172
8487,53.47348403930664
8488,49.182228088378906
8489,44.2242317199707
8490,20.765180587768555
8491,38.50968933105469
8492,27.559097290039062
8493,64.1373519897461
8494,36.409217834472656
8495,42.379878997802734
8496,33.341793060302734
8497,37.52888488769531
8498,35.632110595703125
8499,38.55828094482422
8500,24.593463897705078
8501,26.092906951904297
8502,49.70337677001953
8503,23.64613151550293
8504,43.60910415649414
8505,32.668636322021484
8506,25.135934829711914
8507,30.567964553833008
8508,57.492469787597656
8509,34.39387512207031
8510,24.367507934570312
8511,33.157005310058594
8512,41.571468353271484
8513,50.3632926940918
8514,35.275856018066406
8515,67.32372283935547
8516,34.556453704833984
8517,33.98927688598633
8518,33.93531799316406
8519,24.96857452392578
8520,44.59990692138672
8521,36.620086669921875
8522,24.989255905151367
8523,39.34416961669922
8524,76.51641845703125
8525,30.3533878326416
8526,50.438079833984375
8527,30.161340713500977
8528,35.140750885009766
8529,38.650238037109375
8530,34.689430236816406
8531,34.99459457397461
8532,46.38139724731445
8533,61.03811264038086
8534,33.33518600463867
8535,28.778261184692383
8536,24.969261169433594
8537,35.73175811767578
8538,27.213550567626953
8539,25.86222267150879
8540,26.318574905395508
8541,26.910755157470703
8542,36.918582916259766
8543,29.843870162963867
8544,47.13699722290039
8545,37.110538482666016
8546,46.376609802246094
8547,67.8099136352539
8548,53.47163009643555
8549,49.15043258666992
8550,44.21643829345703
8551,20.762210845947266
8552,38.502506256103516
8553,27.542001724243164
8554,64.13504791259766
8555,36.407386779785156
8556,42.393280029296875
8557,33.33930969238281
8558,37.52467346191406
8559,35.62569046020508
8560,38.5433349609375
8561,24.581209182739258
8562,26.066715240478516
8563,49.69032669067383
8564,23.634563446044922
8565,43.60560607910156
8566,32.66924285888672
8567,25.126304626464844
8568,30.56268310546875
8569,57.48142623901367
8570,34.374488830566406
8571,24.3671875
8572,33.155826568603516
8573,41.5684814453125
8574,50.34239959716797
8575,35.27398681640625
8576,67.31242370605469
8577,34.54962158203125
8578,33.986961364746094
8579,33.92476272583008
8580,24.95792579650879
8581,44.58268356323242
8582,36.58292770385742
8583,24.99419403076172
8584,39.33698272705078
8585,76.49077606201172
8586,30.350553512573242
8587,50.43374252319336
8588,30.14592933654785
8589,35.12056350708008
8590,38.6525993347168
8591,34.67258834838867
8592,34.983558654785156
8593,46.37323760986328
8594,61.03306198120117
8595,33.33269119262695
8596,28.77994728088379
8597,24.97290802001953
8598,35.73302459716797
8599,27.223491668701172
8600,25.882505416870117
8601,26.30634880065918
8602,26.885242462158203
8603,36.91586685180664
8604,29.8615665435791
8605,47.11226272583008
8606,37.10801315307617
8607,46.322959899902344
8608,67.73460388183594
8609,53.45603942871094
8610,49.10897445678711
8611,44.20353698730469
8612,20.765371322631836
8613,38.49282455444336
8614,27.53322982788086
8615,64.1436538696289
8616,36.439937591552734
8617,42.38005447387695
8618,33.32853698730469
8619,37.54610824584961
8620,35.61259460449219
8621,38.53350830078125
8622,24.590177536010742
8623,26.062170028686523
8624,49.67714309692383
8625,23.644878387451172
8626,43.58833312988281
8627,32.660762786865234
8628,25.125728607177734
8629,30.565593719482422
8630,57.46967697143555
8631,34.375221252441406
8632,24.350727081298828
8633,33.153873443603516
8634,41.555580139160156
8635,50.31779479980469
8636,35.26663589477539
8637,67.29309844970703
8638,34.55623245239258
8639,33.97963333129883
8640,33.91840744018555
8641,24.9655818939209
8642,44.5854606628418
8643,36.54043960571289
8644,25.014272689819336
8645,39.325965881347656
8646,76.45185089111328
8647,30.341896057128906
8648,50.42446517944336
8649,30.150188446044922
8650,35.12844467163086
8651,38.64882278442383
8652,34.67080307006836
8653,34.98906326293945
8654,46.351646423339844
8655,61.00296401977539
8656,33.33847427368164
8657,28.7830810546875
8658,24.9698486328125
8659,35.735931396484375
8660,27.21906852722168
8661,25.89170265197754
8662,26.302703857421875
8663,26.899385452270508
8664,36.917083740234375
8665,29.860309600830078
8666,47.09619140625
8667,37.104652404785156
8668,46.2972526550293
8669,67.6932373046875
8670,53.437705993652344
8671,49.094512939453125
8672,44.184539794921875
8673,20.784305572509766
8674,38.48659896850586
8675,27.536441802978516
8676,64.11971282958984
8677,36.441593170166016
8678,42.375179290771484
8679,33.331661224365234
8680,37.55066680908203
8681,35.60964584350586
8682,38.529388427734375
8683,24.589170455932617
8684,26.051145553588867
8685,49.675777435302734
8686,23.635591506958008
8687,43.58561325073242
8688,32.657711029052734
8689,25.113319396972656
8690,30.56496238708496
8691,57.47065734863281
8692,34.37087631225586
8693,24.345443725585938
8694,33.14891815185547
8695,41.553001403808594
8696,50.31097412109375
8697,35.264923095703125
8698,67.2827377319336
8699,34.55643081665039
8700,33.968971252441406
8701,33.914485931396484
8702,24.9737548828125
8703,44.575260162353516
8704,36.541622161865234
8705,25.015640258789062
8706,39.325557708740234
8707,76.43543243408203
8708,30.339590072631836
8709,50.41896438598633
8710,30.14971160888672
8711,35.11621856689453
8712,38.645721435546875
8713,34.66952133178711
8714,34.98983383178711
8715,46.34518814086914
8716,60.99763488769531
8717,33.33716583251953
8718,28.782493591308594
8719,24.967517852783203
8720,35.731082916259766
8721,27.215208053588867
8722,25.8873348236084
8723,26.302499771118164
8724,26.8896427154541
8725,36.91291809082031
8726,29.85980796813965
8727,47.091434478759766
8728,37.09775161743164
8729,46.291748046875
8730,67.6838150024414
8731,53.43251037597656
8732,49.070552825927734
8733,44.1772575378418
8734,20.795251846313477
8735,38.48435974121094
8736,27.530553817749023
8737,64.11222076416016
8738,36.43903732299805
8739,42.37971496582031
8740,33.334415435791016
8741,37.5506477355957
8742,35.61201858520508
8743,38.52524948120117
8744,24.5805721282959
8745,26.030380249023438
8746,49.678443908691406
8747,23.627595901489258
8748,43.588287353515625
8749,32.66223907470703
8750,25.104717254638672
8751,30.564041137695312
8752,57.47480010986328
8753,34.36079406738281
8754,24.345409393310547
8755,33.142818450927734
8756,41.55927658081055
8757,50.316280364990234
8758,35.26639938354492
8759,67.2852783203125
8760,34.554290771484375
8761,33.9689826965332
8762,33.91008758544922
8763,24.975099563598633
8764,44.562320709228516
8765,36.54102325439453
8766,25.012922286987305
8767,39.32646560668945
8768,76.42298126220703
8769,30.339672088623047
8770,50.4146842956543
8771,30.145366668701172
8772,35.09716796875
8773,38.64278793334961
8774,34.66725540161133
8775,34.986385345458984
8776,46.34500503540039
8777,60.99530029296875
8778,33.33486557006836
8779,28.782835006713867
8780,24.96711540222168
8781,35.7274169921875
8782,27.21339988708496
8783,25.881561279296875
8784,26.304794311523438
8785,26.874980926513672
8786,36.90708541870117
8787,29.859355926513672
8788,47.09297561645508
8789,37.08905792236328
8790,46.2972526550293
8791,67.68839263916016
8792,53.43522262573242
8793,49.04531478881836
8794,44.17576217651367
8795,20.798662185668945
8796,38.4831428527832
8797,27.521568298339844
8798,64.11273956298828
8799,36.437232971191406
8800,42.38800048828125
8801,33.33716583251953
8802,37.54984664916992
8803,35.61550521850586
8804,38.51999282836914
8805,24.571779251098633
8806,26.00891876220703
8807,49.68011474609375
8808,23.622045516967773
8809,43.59202575683594
8810,32.66811752319336
8811,25.098186492919922
8812,30.562593460083008
8813,57.477264404296875
8814,34.349365234375
8815,24.346179962158203
8816,33.13505172729492
8817,41.567684173583984
8818,50.32294464111328
8819,35.267845153808594
8820,67.29305267333984
8821,34.551780700683594
8822,33.97319793701172
8823,33.90460968017578
8824,24.97239875793457
8825,44.55046463012695
8826,36.535335540771484
8827,25.01124382019043
8828,39.327293395996094
8829,76.4091567993164
8830,30.339906692504883
8831,50.410125732421875
8832,30.140024185180664
8833,35.0783805847168
8834,38.63916015625
8835,34.66504669189453
8836,34.98126220703125
8837,46.34428787231445
8838,60.98977279663086
8839,33.33265686035156
8840,28.784936904907227
8841,24.96784210205078
8842,35.72626495361328
8843,27.21226692199707
8844,25.877246856689453
8845,26.30853843688965
8846,26.861154556274414
8847,36.90141296386719
8848,29.858985900878906
8849,47.09479522705078
8850,37.0804557800293
8851,46.30470275878906
8852,67.69519805908203
8853,53.439048767089844
8854,49.02165603637695
8855,44.17493438720703
8856,20.799072265625
8857,38.481624603271484
8858,27.5119686126709
8859,64.11526489257812
8860,36.436851501464844
8861,42.397769927978516
8862,33.33974075317383
8863,37.54925537109375
8864,35.618194580078125
8865,38.513771057128906
8866,24.564260482788086
8867,25.98863983154297
8868,49.67973327636719
8869,23.617258071899414
8870,43.59561538696289
8871,32.673057556152344
8872,25.091463088989258
8873,30.560701370239258
8874,57.4773063659668
8875,34.337650299072266
8876,24.34670066833496
8877,33.12610626220703
8878,41.576107025146484
8879,50.32698440551758
8880,35.26858901977539
8881,67.30162811279297
8882,34.54938507080078
8883,33.97740173339844
8884,33.898170471191406
8885,24.967750549316406
8886,44.53977966308594
8887,36.527183532714844
8888,25.011133193969727
8889,39.32823181152344
8890,76.39375305175781
8891,30.339599609375
8892,50.40542984008789
8893,30.13432502746582
8894,35.06073760986328
8895,38.634822845458984
8896,34.66273880004883
8897,34.97560119628906
8898,46.34184265136719
8899,60.98196792602539
8900,33.330322265625
8901,28.788707733154297
8902,24.969179153442383
8903,35.72682189941406
8904,27.210908889770508
8905,25.87405014038086
8906,26.313087463378906
8907,26.847820281982422
8908,36.89594650268555
8909,29.85887336730957
8910,47.094764709472656
8911,37.07246398925781
8912,46.31147766113281
8913,67.70088195800781
8914,53.44184112548828
8915,48.99927520751953
8916,44.17308044433594
8917,20.798208236694336
8918,38.47981262207031
8919,27.502683639526367
8920,64.11823272705078
8921,36.43724822998047
8922,42.40896224975586
8923,33.34217071533203
8924,37.5488395690918
8925,35.619625091552734
8926,38.506744384765625
8927,24.557401657104492
8928,25.968917846679688
8929,49.67770767211914
8930,23.611927032470703
8931,43.59917449951172
8932,32.67710494995117
8933,25.083837509155273
8934,30.55828285217285
8935,57.475486755371094
8936,34.32597732543945
8937,24.347028732299805
8938,33.11643981933594
8939,41.58397674560547
8940,50.328392028808594
8941,35.26877212524414
8942,67.31005859375
8943,34.54678726196289
8944,33.98067092895508
8945,33.89091110229492
8946,24.961956024169922
8947,44.5293083190918
8948,36.518638610839844
8949,25.011959075927734
8950,39.329715728759766
8951,76.37657928466797
8952,30.339122772216797
8953,50.40007781982422
8954,30.128711700439453
8955,35.043575286865234
8956,38.62964630126953
8957,34.660770416259766
8958,34.96951675415039
8959,46.337928771972656
8960,60.97201919555664
8961,33.32809066772461
8962,28.793577194213867
8963,24.971113204956055
8964,35.72856140136719
8965,27.209333419799805
8966,25.871509552001953
8967,26.3185977935791
8968,26.835124969482422
8969,36.89064407348633
8970,29.858854293823242
8971,47.09383773803711
8972,37.06466293334961
8973,46.317874908447266
8974,67.70600128173828
8975,53.44403839111328
8976,48.97737503051758
8977,44.17064666748047
8978,20.796436309814453
8979,38.47774124145508
8980,27.493318557739258
8981,64.12166595458984
8982,36.43832015991211
8983,42.42110824584961
8984,33.34442138671875
8985,37.548519134521484
8986,35.62025451660156
8987,38.49927520751953
8988,24.551034927368164
8989,25.949392318725586
8990,49.67460250854492
8991,23.606477737426758
8992,43.602882385253906
8993,32.68045425415039
8994,25.075515747070312
8995,30.55546760559082
8996,57.472198486328125
8997,34.31406784057617
8998,24.347156524658203
8999,33.10639572143555
9000,41.591514587402344
9001,50.327484130859375
9002,35.26860427856445
9003,67.31768798828125
9004,34.5443000793457
9005,33.98283386230469
9006,33.883060455322266
9007,24.95553207397461
9008,44.518917083740234
9009,36.5093994140625
9010,25.0135555267334
9011,39.33132553100586
9012,76.35856628417969
9013,30.33838653564453
9014,50.39459991455078
9015,30.12285041809082
9016,35.02674865722656
9017,38.62400817871094
9018,34.65860366821289
9019,34.96331024169922
9020,46.333030700683594
9021,60.96114730834961
9022,33.325679779052734
9023,28.79929542541504
9024,24.97330093383789
9025,35.73116683959961
9026,27.207656860351562
9027,25.869251251220703
9028,26.324769973754883
9029,26.822267532348633
9030,36.88533401489258
9031,29.858861923217773
9032,47.091976165771484
9033,37.05721664428711
9034,46.32410430908203
9035,67.71089935302734
9036,53.44563293457031
9037,48.95591735839844
9038,44.16758728027344
9039,20.794179916381836
9040,38.47553253173828
9041,27.4838924407959
9042,64.12515258789062
9043,36.43967056274414
9044,42.434242248535156
9045,33.34684753417969
9046,37.54834747314453
9047,35.62043762207031
9048,38.491355895996094
9049,24.544824600219727
9050,25.929977416992188
9051,49.670692443847656
9052,23.600570678710938
9053,43.606468200683594
9054,32.68358612060547
9055,25.0670108795166
9056,30.552492141723633
9057,57.4678955078125
9058,34.301998138427734
9059,24.3470458984375
9060,33.096134185791016
9061,41.59901428222656
9062,50.3250617980957
9063,35.26824951171875
9064,67.32495880126953
9065,34.541664123535156
9066,33.98480224609375
9067,33.87466812133789
9068,24.94864845275879
9069,44.50868606567383
9070,36.49840545654297
9071,25.016061782836914
9072,39.332908630371094
9073,76.33926391601562
9074,30.337249755859375
9075,50.38888931274414
9076,30.116870880126953
9077,35.010013580322266
9078,38.61837387084961
9079,34.655941009521484
9080,34.95716094970703
9081,46.327388763427734
9082,60.94921875
9083,33.3233757019043
9084,28.805343627929688
9085,24.97576904296875
9086,35.73451614379883
9087,27.205801010131836
9088,25.867481231689453
9089,26.331314086914062
9090,26.80953598022461
9091,36.88011932373047
9092,29.858842849731445
9093,47.08969497680664
9094,37.04966735839844
9095,46.3306999206543
9096,67.71646881103516
9097,53.447166442871094
9098,48.935054779052734
9099,44.16437530517578
9100,20.791154861450195
9101,38.4731330871582
9102,27.474748611450195
9103,64.12872314453125
9104,36.440975189208984
9105,42.448116302490234
9106,33.34941482543945
9107,37.547760009765625
9108,35.62034225463867
9109,38.48320007324219
9110,24.538864135742188
9111,25.910573959350586
9112,49.66643524169922
9113,23.594417572021484
9114,43.61034393310547
9115,32.68638229370117
9116,25.05789566040039
9117,30.549304962158203
9118,57.46295928955078
9119,34.28982162475586
9120,24.347028732299805
9121,33.08518600463867
9122,41.6064338684082
9123,50.32186508178711
9124,35.26778030395508
9125,67.33248901367188
9126,34.53904724121094
9127,33.98640441894531
9128,33.86587142944336
9129,24.941207885742188
9130,44.49875259399414
9131,36.48788070678711
9132,25.01837158203125
9133,39.334930419921875
9134,76.32039642333984
9135,30.336071014404297
9136,50.383331298828125
9137,30.110668182373047
9138,34.99277877807617
9139,38.6124153137207
9140,34.65331268310547
9141,34.95090866088867
9142,46.32094955444336
9143,60.93690872192383
9144,33.3208122253418
9145,28.812007904052734
9146,24.978288650512695
9147,35.73797607421875
9148,27.20366859436035
9149,25.865467071533203
9150,26.338293075561523
9151,26.795846939086914
9152,36.87480926513672
9153,29.858469009399414
9154,47.0867919921875
9155,37.042137145996094
9156,46.3380012512207
9157,67.72296905517578
9158,53.44845199584961
9159,48.9141960144043
9160,44.16101837158203
9161,20.787532806396484
9162,38.47056198120117
9163,27.465288162231445
9164,64.13261413574219
9165,36.44165802001953
9166,42.46303176879883
9167,33.351776123046875
9168,37.54642105102539
9169,35.619712829589844
9170,38.47490692138672
9171,24.532421112060547
9172,25.890968322753906
9173,49.66154098510742
9174,23.58753204345703
9175,43.614776611328125
9176,32.6888542175293
9177,25.04779052734375
9178,30.54571533203125
9179,57.4576301574707
9180,34.27717590332031
9181,24.347307205200195
9182,33.0730094909668
9183,41.614524841308594
9184,50.3184928894043
9185,35.26712417602539
9186,67.34120178222656
9187,34.536075592041016
9188,33.987815856933594
9189,33.85655212402344
9190,24.93289566040039
9191,44.4880485534668
9192,36.47868728637695
9193,25.02030372619629
9194,39.337608337402344
9195,76.3013916015625
9196,30.334936141967773
9197,50.37735366821289
9198,30.104169845581055
9199,34.9742317199707
9200,38.605716705322266
9201,34.65087890625
9202,34.943885803222656
9203,46.314266204833984
9204,60.92401885986328
9205,33.31788635253906
9206,28.81915855407715
9207,24.981117248535156
9208,35.741756439208984
9209,27.20119857788086
9210,25.862913131713867
9211,26.34623146057129
9212,26.781021118164062
9213,36.8688850402832
9214,29.85798454284668
9215,47.083805084228516
9216,37.0344352722168
9217,46.34632110595703
9218,67.73114013671875
9219,53.450199127197266
9220,48.892765045166016
9221,44.157867431640625
9222,20.78251075744629
9223,38.46783447265625
9224,27.455167770385742
9225,64.13741302490234
9226,36.441837310791016
9227,42.47963333129883
9228,33.35408020019531
9229,37.54447555541992
9230,35.618690490722656
9231,38.46609115600586
9232,24.52566146850586
9233,25.870529174804688
9234,49.655860900878906
9235,23.579988479614258
9236,43.619667053222656
9237,32.69084548950195
9238,25.036497116088867
9239,30.541582107543945
9240,57.45151138305664
9241,34.26377868652344
9242,24.347803115844727
9243,33.059906005859375
9244,41.6228141784668
9245,50.314029693603516
9246,35.26618194580078
9247,67.35035705566406
9248,34.53266906738281
9249,33.9883918762207
9250,33.846702575683594
9251,24.92387580871582
9252,44.47698211669922
9253,36.47100067138672
9254,25.022377014160156
9255,39.34092712402344
9256,76.2815170288086
9257,30.333866119384766
9258,50.37096405029297
9259,30.097593307495117
9260,34.95536422729492
9261,38.59825134277344
9262,34.64870071411133
9263,34.93589401245117
9264,46.30618667602539
9265,60.90970230102539
9266,33.31453323364258
9267,28.82687759399414
9268,24.98439598083496
9269,35.745811462402344
9270,27.198244094848633
9271,25.860353469848633
9272,26.35452651977539
9273,26.765554428100586
9274,36.86253356933594
9275,29.8571834564209
9276,47.079864501953125
9277,37.02687454223633
9278,46.35470962524414
9279,67.73927307128906
9280,53.451507568359375
9281,48.871238708496094
9282,44.15407180786133
9283,20.776695251464844
9284,38.4646110534668
9285,27.444541931152344
9286,64.14212799072266
9287,36.44168472290039
9288,42.49742126464844
9289,33.355926513671875
9290,37.54168701171875
9291,35.61672592163086
9292,38.45652389526367
9293,24.51839828491211
9294,25.849777221679688
9295,49.648677825927734
9296,23.5716552734375
9297,43.62470626831055
9298,32.69215393066406
9299,25.024110794067383
9300,30.536930084228516
9301,57.444366455078125
9302,34.249725341796875
9303,24.348535537719727
9304,33.045867919921875
9305,41.63077926635742
9306,50.30788803100586
9307,35.26460647583008
9308,67.35972595214844
9309,34.52872848510742
9310,33.988006591796875
9311,33.83639907836914
9312,24.913719177246094
9313,44.465492248535156
9314,36.46501922607422
9315,25.02402114868164
9316,39.34476089477539
9317,76.26162719726562
9318,30.332740783691406
9319,50.3643684387207
9320,30.090641021728516
9321,34.93588638305664
9322,38.5899772644043
9323,34.64634704589844
9324,34.92679214477539
9325,46.29681396484375
9326,60.89524459838867
9327,33.3105583190918
9328,28.834991455078125
9329,24.98798370361328
9330,35.749916076660156
9331,27.19463348388672
9332,25.857131958007812
9333,26.363554000854492
9334,26.748411178588867
9335,36.85552215576172
9336,29.85617446899414
9337,47.074520111083984
9338,37.019588470458984
9339,46.362815856933594
9340,67.74735260009766
9341,53.45147705078125
9342,48.8489875793457
9343,44.149356842041016
9344,20.770471572875977
9345,38.460906982421875
9346,27.432865142822266
9347,64.14659881591797
9348,36.44104766845703
9349,42.51686096191406
9350,33.35723114013672
9351,37.53830337524414
9352,35.613677978515625
9353,38.44594192504883
9354,24.510284423828125
9355,25.82806968688965
9356,49.63969421386719
9357,23.56200408935547
9358,43.629817962646484
9359,32.692874908447266
9360,25.010448455810547
9361,30.531646728515625
9362,57.436038970947266
9363,34.23447799682617
9364,24.349885940551758
9365,33.031341552734375
9366,41.638641357421875
9367,50.300140380859375
9368,35.26280975341797
9369,67.36920166015625
9370,34.52385711669922
9371,33.986595153808594
9372,33.825599670410156
9373,24.902339935302734
9374,44.452640533447266
9375,36.460845947265625
9376,25.025217056274414
9377,39.34914779663086
9378,76.24136352539062
9379,30.331905364990234
9380,50.357505798339844
9381,30.082862854003906
9382,34.91502380371094
9383,38.581233978271484
9384,34.643619537353516
9385,34.915950775146484
9386,46.2863655090332
9387,60.88095474243164
9388,33.305904388427734
9389,28.843395233154297
9390,24.991968154907227
9391,35.75409698486328
9392,27.190698623657227
9393,25.85371971130371
9394,26.37291717529297
9395,26.728715896606445
9396,36.84748458862305
9397,29.85511589050293
9398,47.06756591796875
9399,37.01262283325195
9400,46.37017822265625
9401,67.75495910644531
9402,53.45087814331055
9403,48.82530212402344
9404,44.1439094543457
9405,20.76361846923828
9406,38.45659637451172
9407,27.42000389099121
9408,64.15101623535156
9409,36.44040298461914
9410,42.53736114501953
9411,33.357666015625
9412,37.53443908691406
9413,35.60919189453125
9414,38.43437576293945
9415,24.501590728759766
9416,25.805662155151367
9417,49.62876892089844
9418,23.551618576049805
9419,43.634429931640625
9420,32.6928825378418
9421,24.996122360229492
9422,30.525867462158203
9423,57.42643356323242
9424,34.218116760253906
9425,24.351350784301758
9426,33.016448974609375
9427,41.646087646484375
9428,50.29045867919922
9429,35.260616302490234
9430,67.37854766845703
9431,34.51837158203125
9432,33.98445129394531
9433,33.81422424316406
9434,24.889848709106445
9435,44.43879699707031
9436,36.45642852783203
9437,25.026697158813477
9438,39.3536262512207
9439,76.21979522705078
9440,30.33102035522461
9441,50.35007858276367
9442,30.07451629638672
9443,34.89340591430664
9444,38.57188415527344
9445,34.64067840576172
9446,34.903594970703125
9447,46.274688720703125
9448,60.865325927734375
9449,33.301029205322266
9450,28.852102279663086
9451,24.996498107910156
9452,35.75840377807617
9453,27.186695098876953
9454,25.850854873657227
9455,26.382387161254883
9456,26.708263397216797
9457,36.838966369628906
9458,29.85418128967285
9459,47.05971908569336
9460,37.00570297241211
9461,46.37669372558594
9462,67.76101684570312
9463,53.44965744018555
9464,48.800506591796875
9465,44.137939453125
9466,20.756248474121094
9467,38.4515380859375
9468,27.40637969970703
9469,64.1550521850586
9470,36.440433502197266
9471,42.558109283447266
9472,33.35757064819336
9473,37.53104019165039
9474,35.60378646850586
9475,38.42168426513672
9476,24.492944717407227
9477,25.78302574157715
9478,49.616065979003906
9479,23.540945053100586
9480,43.63804626464844
9481,32.692134857177734
9482,24.981569290161133
9483,30.51993751525879
9484,57.415504455566406
9485,34.201114654541016
9486,24.352479934692383
9487,33.00132369995117
9488,41.65285873413086
9489,50.27878952026367
9490,35.257972717285156
9491,67.38709259033203
9492,34.51261520385742
9493,33.981651306152344
9494,33.80257797241211
9495,24.87712860107422
9496,44.424339294433594
9497,36.45067596435547
9498,25.02898597717285
9499,39.35752868652344
9500,76.19586181640625
9501,30.330163955688477
9502,50.341915130615234
9503,30.065948486328125
9504,34.87171936035156
9505,38.56180191040039
9506,34.63772964477539
9507,34.890113830566406
9508,46.2620849609375
9509,60.84769058227539
9510,33.29628372192383
9511,28.861249923706055
9512,25.001319885253906
9513,35.76333999633789
9514,27.18292236328125
9515,25.848787307739258
9516,26.391773223876953
9517,26.688180923461914
9518,36.83009719848633
9519,29.85380744934082
9520,47.05109405517578
9521,36.99870681762695
9522,46.382484436035156
9523,67.7655258178711
9524,53.44838333129883
9525,48.77473449707031
9526,44.131385803222656
9527,20.748788833618164
9528,38.4457893371582
9529,27.392309188842773
9530,64.15841674804688
9531,36.441402435302734
9532,42.57842254638672
9533,33.3572998046875
9534,37.5283088684082
9535,35.59770202636719
9536,38.40816116333008
9537,24.4847412109375
9538,25.76038932800293
9539,49.602298736572266
9540,23.530393600463867
9541,43.64064025878906
9542,32.690860748291016
9543,24.96666717529297
9544,30.514026641845703
9545,57.404048919677734
9546,34.18387985229492
9547,24.353158950805664
9548,32.986209869384766
9549,41.658817291259766
9550,50.26559829711914
9551,35.25481033325195
9552,67.39474487304688
9553,34.5069465637207
9554,33.97795486450195
9555,33.79064178466797
9556,24.864709854125977
9557,44.409339904785156
9558,36.444000244140625
9559,25.031909942626953
9560,39.3613166809082
9561,76.1698226928711
9562,30.32920265197754
9563,50.332862854003906
9564,30.05799102783203
9565,34.84999465942383
9566,38.550594329833984
9567,34.6358757019043
9568,34.87594223022461
9569,46.24838638305664
9570,60.8270263671875
9571,33.29187774658203
9572,28.87091064453125
9573,25.00621223449707
9574,35.76816940307617
9575,27.178852081298828
9576,25.847103118896484
9577,26.401029586791992
9578,26.669116973876953
9579,36.820945739746094
9580,29.854005813598633
9581,47.042049407958984
9582,36.99180603027344
9583,46.38706970214844
9584,67.76795959472656
9585,53.44681930541992
9586,48.74808120727539
9587,44.12413024902344
9588,20.74180793762207
9589,38.439697265625
9590,27.378156661987305
9591,64.16058349609375
9592,36.44310760498047
9593,42.59794616699219
9594,33.35698318481445
9595,37.52667236328125
9596,35.591304779052734
9597,38.394107818603516
9598,24.47707176208496
9599,25.737571716308594
9600,49.58797836303711
9601,23.520057678222656
9602,43.64252853393555
9603,32.68912124633789
9604,24.951496124267578
9605,30.508352279663086
9606,57.392147064208984
9607,34.16646957397461
9608,24.35321807861328
9609,32.971256256103516
9610,41.663299560546875
9611,50.24813461303711
9612,35.2518196105957
9613,67.39697265625
9614,34.501346588134766
9615,33.972373962402344
9616,33.778602600097656
9617,24.85357666015625
9618,44.393272399902344
9619,36.43243408203125
9620,25.036087036132812
9621,39.36371994018555
9622,76.14219665527344
9623,30.32803726196289
9624,50.32445526123047
9625,30.04876708984375
9626,34.827884674072266
9627,38.54148483276367
9628,34.63140106201172
9629,34.862701416015625
9630,46.235145568847656
9631,60.808589935302734
9632,33.28810501098633
9633,28.879802703857422
9634,25.011014938354492
9635,35.77276611328125
9636,27.181190490722656
9637,25.85919952392578
9638,26.39812469482422
9639,26.643699645996094
9640,36.81761932373047
9641,29.869409561157227
9642,47.018863677978516
9643,36.98899459838867
9644,46.34101867675781
9645,67.69947052001953
9646,53.43036651611328
9647,48.708560943603516
9648,44.108619689941406
9649,20.743616104125977
9650,38.429466247558594
9651,27.369104385375977
9652,64.16861724853516
9653,36.476898193359375
9654,42.59078598022461
9655,33.34800720214844
9656,37.54956817626953
9657,35.5762825012207
9658,38.38167953491211
9659,24.486370086669922
9660,25.729135513305664
9661,49.57120132446289
9662,23.53084373474121
9663,43.621559143066406
9664,32.681983947753906
9665,24.954376220703125
9666,30.51177406311035
9667,57.371864318847656
9668,34.16350555419922
9669,24.333955764770508
9670,32.97515106201172
9671,41.647743225097656
9672,50.209197998046875
9673,35.2454719543457
9674,67.37068176269531
9675,34.510467529296875
9676,33.972843170166016
9677,33.767608642578125
9678,24.854658126831055
9679,44.398040771484375
9680,36.34494400024414
9681,25.067480087280273
9682,39.346221923828125
9683,76.08943939208984
9684,30.31676483154297
9685,50.317203521728516
9686,30.046342849731445
9687,34.83454513549805
9688,38.54487228393555
9689,34.61917495727539
9690,34.87062072753906
9691,46.21239471435547
9692,60.77457809448242
9693,33.298118591308594
9694,28.887012481689453
9695,25.01043701171875
9696,35.78363037109375
9697,27.18291664123535
9698,25.87901496887207
9699,26.394529342651367
9700,26.656763076782227
9701,36.820377349853516
9702,29.87204933166504
9703,46.999874114990234
9704,36.98503112792969
9705,46.31098556518555
9706,67.65098571777344
9707,53.412113189697266
9708,48.691776275634766
9709,44.088748931884766
9710,20.75888442993164
9711,38.42190933227539
9712,27.37318992614746
9713,64.14794158935547
9714,36.484683990478516
9715,42.58620834350586
9716,33.35219192504883
9717,37.558326721191406
9718,35.57183837890625
9719,38.376338958740234
9720,24.49127960205078
9721,25.719999313354492
9722,49.568519592285156
9723,23.525442123413086
9724,43.61587142944336
9725,32.677982330322266
9726,24.944965362548828
9727,30.5128231048584
9728,57.36799621582031
9729,34.16024398803711
9730,24.324302673339844
9731,32.96907424926758
9732,41.64482116699219
9733,50.19526290893555
9734,35.24333572387695
9735,67.35824584960938
9736,34.51408386230469
9737,33.96531295776367
9738,33.760013580322266
9739,24.862178802490234
9740,44.39056396484375
9741,36.32433319091797
9742,25.076446533203125
9743,39.34328842163086
9744,76.06022644042969
9745,30.312171936035156
9746,50.309818267822266
9747,30.04582405090332
9748,34.82161331176758
9749,38.540771484375
9750,34.616973876953125
9751,34.874267578125
9752,46.202125549316406
9753,60.75635528564453
9754,33.30025100708008
9755,28.891502380371094
9756,25.009567260742188
9757,35.783103942871094
9758,27.180465698242188
9759,25.880271911621094
9760,26.39558219909668
9761,26.6505126953125
9762,36.81797409057617
9763,29.87177085876465
9764,46.99517822265625
9765,36.97625732421875
9766,46.308597564697266
9767,67.64238739013672
9768,53.40903091430664
9769,48.66880416870117
9770,44.08138656616211
9771,20.76712417602539
9772,38.41898727416992
9773,27.369922637939453
9774,64.1406021118164
9775,36.484169006347656
9776,42.59178161621094
9777,33.358577728271484
9778,37.56058120727539
9779,35.575279235839844
9780,38.37193298339844
9781,24.488344192504883
9782,25.70124626159668
9783,49.571868896484375
9784,23.523508071899414
9785,43.6182746887207
9786,32.68202209472656
9787,24.936697006225586
9788,30.513280868530273
9789,57.370201110839844
9790,34.15199661254883
9791,24.320636749267578
9792,32.96004104614258
9793,41.65166473388672
9794,50.195987701416016
9795,35.24446105957031
9796,67.35914611816406
9797,34.51541519165039
9798,33.96616744995117
9799,33.75253677368164
9800,24.86463737487793
9801,44.379817962646484
9802,36.30978012084961
9803,25.079898834228516
9804,39.34317398071289
9805,76.03667449951172
9806,30.31023597717285
9807,50.303016662597656
9808,30.042804718017578
9809,34.80156707763672
9810,38.53586196899414
9811,34.61572265625
9812,34.874176025390625
9813,46.19795227050781
9814,60.74118423461914
9815,33.30094528198242
9816,28.896703720092773
9817,25.01019859313965
9818,35.782901763916016
9819,27.178991317749023
9820,25.878158569335938
9821,26.399599075317383
9822,26.639724731445312
9823,36.81374740600586
9824,29.871200561523438
9825,46.996700286865234
9826,36.9658088684082
9827,46.31672668457031
9828,67.64756774902344
9829,53.413211822509766
9830,48.64432144165039
9831,44.07923889160156
9832,20.76993179321289
9833,38.41712951660156
9834,27.363483428955078
9835,64.14034271240234
9836,36.48418426513672
9837,42.60117721557617
9838,33.365108489990234
9839,37.562259674072266
9840,35.580352783203125
9841,38.36658477783203
9842,24.484619140625
9843,25.680879592895508
9844,49.57487106323242
9845,23.522356033325195
9846,43.62236785888672
9847,32.68769454956055
9848,24.929027557373047
9849,30.513154983520508
9850,57.37203598022461
9851,34.14249038696289
9852,24.318204879760742
9853,32.94941711425781
9854,41.6606559753418
9855,50.198116302490234
9856,35.24574661254883
9857,67.3641586303711
9858,34.51616668701172
9859,33.96930694580078
9860,33.74430847167969
9861,24.864355087280273
9862,44.36966323852539
9863,36.29507064819336
9864,25.083393096923828
9865,39.34379959106445
9866,76.01310729980469
9867,30.308704376220703
9868,50.29621505737305
9869,30.039264678955078
9870,34.781768798828125
9871,38.53006362915039
9872,34.615116119384766
9873,34.87282943725586
9874,46.19383239746094
9875,60.72450637817383
9876,33.30143356323242
9877,28.903364181518555
9878,25.011728286743164
9879,35.78449630737305
9880,27.177701950073242
9881,25.876619338989258
9882,26.405075073242188
9883,26.62946891784668
9884,36.809715270996094
9885,29.870746612548828
9886,46.99840545654297
9887,36.95569610595703
9888,46.3263053894043
9889,67.6543197631836
9890,53.41778564453125
9891,48.62101745605469
9892,44.07728958129883
9893,20.770809173583984
9894,38.41539001464844
9895,27.35671043395996
9896,64.141845703125
9897,36.48534393310547
9898,42.612327575683594
9899,33.371639251708984
9900,37.56428909301758
9901,35.58474349975586
9902,38.36077880859375
9903,24.481399536132812
9904,25.661209106445312
9905,49.576377868652344
9906,23.520923614501953
9907,43.6267204284668
9908,32.692752838134766
9909,24.92069435119629
9910,30.512418746948242
9911,57.372135162353516
9912,34.132911682128906
9913,24.315853118896484
9914,32.938018798828125
9915,41.66975402832031
9916,50.1982307434082
9917,35.246707916259766
9918,67.36918640136719
9919,34.51683044433594
9920,33.97152328491211
9921,33.73567199707031
9922,24.863059997558594
9923,44.35990524291992
9924,36.28058624267578
9925,25.087623596191406
9926,39.34515380859375
9927,75.9891586303711
9928,30.307119369506836
9929,50.28938293457031
9930,30.03580093383789
9931,34.76324462890625
9932,38.52370071411133
9933,34.6147346496582
9934,34.871177673339844
9935,46.188663482666016
9936,60.70684814453125
9937,33.30168151855469
9938,28.91120147705078
9939,25.013916015625
9940,35.78720474243164
9941,27.176252365112305
9942,25.875720977783203
9943,26.411405563354492
9944,26.61959457397461
9945,36.80601501464844
9946,29.870628356933594
9947,46.99879837036133
9948,36.94627380371094
9949,46.335147857666016
9950,67.6606674194336
9951,53.42149353027344
9952,48.59917449951172
9953,44.07471466064453
9954,20.771032333374023
9955,38.413639068603516
9956,27.350032806396484
9957,64.14396667480469
9958,36.487186431884766
9959,42.62431335449219
9960,33.37784957885742
9961,37.56642532348633
9962,35.58828353881836
9963,38.354671478271484
9964,24.478647232055664
9965,25.64203643798828
9966,49.57686233520508
9967,23.518884658813477
9968,43.63124084472656
9969,32.69725036621094
9970,24.911693572998047
9971,30.511333465576172
9972,57.371055603027344
9973,34.123416900634766
9974,24.313457489013672
9975,32.92637634277344
9976,41.6784782409668
9977,50.19636535644531
9978,35.24724197387695
9979,67.37393188476562
9980,34.51728057861328
9981,33.97256088256836
9982,33.7266731262207
9983,24.861093521118164
9984,44.35038757324219
9985,36.26717758178711
9986,25.092344284057617
9987,39.34709930419922
9988,75.96528625488281
9989,30.305418014526367
9990,50.28253173828125
9991,30.03238868713379
9992,34.7452507019043
9993,38.516788482666016
9994,34.61439514160156
9995,34.86940383911133
9996,46.18272399902344
9997,60.688961029052734
9998,33.301490783691406
9999,28.91974449157715
10000,25.01639747619629
10001,35.79077911376953
10002,27.1746768951416
10003,25.87497329711914
10004,26.418428421020508
10005,26.6096248626709
10006,36.80255126953125
10007,29.87055778503418
10008,46.998226165771484
10009,36.93727493286133
10010,46.343666076660156
10011,67.66680908203125
10012,53.42457580566406
10013,48.57831954956055
10014,44.07176971435547
10015,20.77057456970215
10016,38.41194152832031
10017,27.343446731567383
10018,64.14673614501953
10019,36.48944091796875
10020,42.6373176574707
10021,33.38412094116211
10022,37.568538665771484
10023,35.591331481933594
10024,38.34836196899414
10025,24.47588539123535
10026,25.62314796447754
10027,49.57668685913086
10028,23.516605377197266
10029,43.636173248291016
10030,32.70125961303711
10031,24.902099609375
10032,30.509870529174805
10033,57.36905288696289
10034,34.11408996582031
10035,24.311355590820312
10036,32.91477966308594
10037,41.68674850463867
10038,50.192718505859375
10039,35.24761962890625
10040,67.37781524658203
10041,34.517452239990234
10042,33.97187423706055
10043,33.71743392944336
10044,24.859045028686523
10045,44.34107208251953
10046,36.25587844848633
10047,25.09708023071289
10048,39.34968566894531
10049,75.94182586669922
10050,30.3037109375
10051,50.27568435668945
10052,30.02912712097168
10053,34.72780227661133
10054,38.50962448120117
10055,34.614418029785156
10056,34.86771774291992
10057,46.17634582519531
10058,60.67133331298828
10059,33.300899505615234
10060,28.92857551574707
10061,25.01913833618164
10062,35.79448318481445
10063,27.172815322875977
10064,25.874277114868164
10065,26.42566680908203
10066,26.599199295043945
10067,36.79914474487305
10068,29.8704776763916
10069,46.99690246582031
10070,36.92878723144531
10071,46.351810455322266
10072,67.6728515625
10073,53.426856994628906
10074,48.55827331542969
10075,44.068443298339844
10076,20.770065307617188
10077,38.410362243652344
10078,27.337047576904297
10079,64.14976501464844
10080,36.49156188964844
10081,42.65097427368164
10082,33.390098571777344
10083,37.570430755615234
10084,35.593997955322266
10085,38.342124938964844
10086,24.473125457763672
10087,25.604598999023438
10088,49.57638168334961
10089,23.51366424560547
10090,43.641361236572266
10091,32.705257415771484
10092,24.89218521118164
10093,30.508142471313477
10094,57.36663055419922
10095,34.10489273071289
10096,24.309701919555664
10097,32.903499603271484
10098,41.69441223144531
10099,50.187870025634766
10100,35.24775695800781
10101,67.38040924072266
10102,34.51740264892578
10103,33.969356536865234
10104,33.70842361450195
10105,24.857656478881836
10106,44.33142852783203
10107,36.24812698364258
10108,25.101318359375
10109,39.35301208496094
10110,75.91969299316406
10111,30.302209854125977
10112,50.26895523071289
10113,30.0263729095459
10114,34.71107482910156
10115,38.502349853515625
10116,34.614784240722656
10117,34.86620330810547
10118,46.16952133178711
10119,60.65459060668945
10120,33.2999267578125
10121,28.937332153320312
10122,25.021745681762695
10123,35.797733306884766
10124,27.170703887939453
10125,25.873043060302734
10126,26.433034896850586
10127,26.588623046875
10128,36.79597473144531
10129,29.87030601501465
10130,46.99501419067383
10131,36.92070770263672
10132,46.35971450805664
10133,67.67918395996094
10134,53.42837905883789
10135,48.538848876953125
10136,44.06478500366211
10137,20.770036697387695
10138,38.408992767333984
10139,27.330821990966797
10140,64.15250396728516
10141,36.49292755126953
10142,42.66511154174805
10143,33.39619445800781
10144,37.57175827026367
10145,35.59700012207031
10146,38.336204528808594
10147,24.469694137573242
10148,25.585834503173828
10149,49.57643127441406
10150,23.51006317138672
10151,43.64705276489258
10152,32.70946502685547
10153,24.881860733032227
10154,30.506404876708984
10155,57.364776611328125
10156,34.09571075439453
10157,24.308425903320312
10158,32.89220428466797
10159,41.70219802856445
10160,50.183380126953125
10161,35.24810028076172
10162,67.38294219970703
10163,34.517120361328125
10164,33.96630096435547
10165,33.69959259033203
10166,24.856542587280273
10167,44.321475982666016
10168,36.24211883544922
10169,25.105192184448242
10170,39.356689453125
10171,75.89840698242188
10172,30.300846099853516
10173,50.26247024536133
10174,30.023557662963867
10175,34.694210052490234
10176,38.494964599609375
10177,34.61537170410156
10178,34.864532470703125
10179,46.163333892822266
10180,60.638954162597656
10181,33.298702239990234
10182,28.945960998535156
10183,25.024431228637695
10184,35.80080795288086
10185,27.168420791625977
10186,25.871397018432617
10187,26.440349578857422
10188,26.577608108520508
10189,36.792728424072266
10190,29.869962692260742
10191,46.99353790283203
10192,36.91272735595703
10193,46.368038177490234
10194,67.68643188476562
10195,53.430179595947266
10196,48.51959228515625
10197,44.06143569946289
10198,20.77004623413086
10199,38.407859802246094
10200,27.32451057434082
10201,64.1553955078125
10202,36.49409866333008
10203,42.67959976196289
10204,33.40242385864258
10205,37.57284164428711
10206,35.600196838378906
10207,38.33053970336914
10208,24.466110229492188
10209,25.56709098815918
10210,49.57666015625
10211,23.506431579589844
10212,43.65305709838867
10213,32.7137451171875
10214,24.87154197692871
10215,30.50452995300293
10216,57.363189697265625
10217,34.086341857910156
10218,24.307374954223633
10219,32.88094711303711
10220,41.71033477783203
10221,50.17946243286133
10222,35.24850082397461
10223,67.3858871459961
10224,34.51655578613281
10225,33.963233947753906
10226,33.691070556640625
10227,24.85520362854004
10228,44.311378479003906
10229,36.23719787597656
10230,25.108867645263672
10231,39.360626220703125
10232,75.8775405883789
10233,30.299957275390625
10234,50.25609588623047
10235,30.02077293395996
10236,34.67770767211914
10237,38.48760986328125
10238,34.61613082885742
10239,34.86237716674805
10240,46.15761184692383
10241,60.62364959716797
10242,33.29743576049805
10243,28.954504013061523
10244,25.027284622192383
10245,35.80402755737305
10246,27.16633415222168
10247,25.869638442993164
10248,26.448026657104492
10249,26.56690788269043
10250,36.789390563964844
10251,29.869680404663086
10252,46.992462158203125
10253,36.90486526489258
10254,46.37677001953125
10255,67.69410705566406
10256,53.43205642700195
10257,48.50057601928711
10258,44.05827713012695
10259,20.770103454589844
10260,38.40689468383789
10261,27.318111419677734
10262,64.15850067138672
10263,36.49509811401367
10264,42.694236755371094
10265,33.40851974487305
10266,37.5738639831543
10267,35.603416442871094
10268,38.32476043701172
10269,24.462177276611328
10270,25.54836082458496
10271,49.57708740234375
10272,23.502479553222656
10273,43.65922546386719
10274,32.7182731628418
10275,24.861238479614258
10276,30.502592086791992
10277,57.36198425292969
10278,34.076969146728516
10279,24.306533813476562
10280,32.869449615478516
10281,41.718685150146484
10282,50.1760368347168
10283,35.2489013671875
10284,67.38912963867188
10285,34.51578903198242
10286,33.960208892822266
10287,33.6827392578125
10288,24.85393524169922
10289,44.30101776123047
10290,36.232872009277344
10291,25.112255096435547
10292,39.36477279663086
10293,75.85688781738281
10294,30.299253463745117
10295,50.24968719482422
10296,30.017961502075195
10297,34.66139221191406
10298,38.48019790649414
10299,34.61723327636719
10300,34.85996627807617
10301,46.15241622924805
10302,60.60885238647461
10303,33.29606246948242
10304,28.963088989257812
10305,25.030109405517578
10306,35.80717849731445
10307,27.164236068725586
10308,25.867616653442383
10309,26.45566749572754
10310,26.556230545043945
10311,36.78607940673828
10312,29.869129180908203
10313,46.9915657043457
10314,36.89714431762695
10315,46.38587188720703
10316,67.70244598388672
10317,53.434139251708984
10318,48.481937408447266
10319,44.05516052246094
10320,20.770326614379883
10321,38.40618133544922
10322,27.31156349182129
10323,64.16146850585938
10324,36.49601364135742
10325,42.70899200439453
10326,33.414894104003906
10327,37.57468795776367
10328,35.607017517089844
10329,38.31902313232422
10330,24.458465576171875
10331,25.530380249023438
10332,49.57731628417969
10333,23.49907684326172
10334,43.66542053222656
10335,32.72272872924805
10336,24.8510684967041
10337,30.500646591186523
10338,57.3607063293457
10339,34.067955017089844
10340,24.305675506591797
10341,32.85768508911133
10342,41.727073669433594
10343,50.17258834838867
10344,35.24916076660156
10345,67.39263916015625
10346,34.51514434814453
10347,33.956966400146484
10348,33.67449188232422
10349,24.85245704650879
10350,44.29126739501953
10351,36.22906494140625
10352,25.116168975830078
10353,39.36870193481445
10354,75.83609008789062
10355,30.29851722717285
10356,50.24309158325195
10357,30.015642166137695
10358,34.646358489990234
10359,38.47233963012695
10360,34.6187744140625
10361,34.857421875
10362,46.1467399597168
10363,60.5930290222168
10364,33.29476547241211
10365,28.971881866455078
10366,25.032957077026367
10367,35.810733795166016
10368,27.161949157714844
10369,25.86590576171875
10370,26.463537216186523
10371,26.547086715698242
10372,36.78301239013672
10373,29.868572235107422
10374,46.990535736083984
10375,36.88969421386719
10376,46.39449691772461
10377,67.7101058959961
10378,53.43563461303711
10379,48.46404266357422
10380,44.05173110961914
10381,20.770936965942383
10382,38.40537643432617
10383,27.30534553527832
10384,64.16354370117188
10385,36.496734619140625
10386,42.723602294921875
10387,33.4215202331543
10388,37.575557708740234
10389,35.610713958740234
10390,38.31324005126953
10391,24.45513153076172
10392,25.513036727905273
10393,49.57737350463867
10394,23.495792388916016
10395,43.67143249511719
10396,32.72679901123047
10397,24.841217041015625
10398,30.49848747253418
10399,57.359317779541016
10400,34.05897903442383
10401,24.30464744567871
10402,32.8458366394043
10403,41.73512268066406
10404,50.16878128051758
10405,35.249053955078125
10406,67.3958969116211
10407,34.51428985595703
10408,33.95338439941406
10409,33.66635513305664
10410,24.85113525390625
10411,44.28179931640625
10412,36.22511672973633
10413,25.12050437927246
10414,39.37268829345703
10415,75.81495666503906
10416,30.297863006591797
10417,50.236427307128906
10418,30.013532638549805
10419,34.63232421875
10420,38.46444320678711
10421,34.62057876586914
10422,34.85486602783203
10423,46.14067459106445
10424,60.576908111572266
10425,33.29336166381836
10426,28.980674743652344
10427,25.0358943939209
10428,35.814430236816406
10429,27.159582138061523
10430,25.864566802978516
10431,26.471298217773438
10432,26.538726806640625
10433,36.78003692626953
10434,29.86774253845215
10435,46.98908996582031
10436,36.88264083862305
10437,46.40248489379883
10438,67.71684265136719
10439,53.43647384643555
10440,48.44662094116211
10441,44.04777145385742
10442,20.77201271057129
10443,38.40458679199219
10444,27.29930305480957
10445,64.16507720947266
10446,36.497562408447266
10447,42.738128662109375
10448,33.42820358276367
10449,37.57631301879883
10450,35.61430740356445
10451,38.30744934082031
10452,24.451738357543945
10453,25.495935440063477
10454,49.577152252197266
10455,23.492387771606445
10456,43.67732238769531
10457,32.73073959350586
10458,24.831077575683594
10459,30.49628448486328
10460,57.35786437988281
10461,34.05027389526367
10462,24.303606033325195
10463,32.83404541015625
10464,41.74292755126953
10465,50.164615631103516
10466,35.248775482177734
10467,67.39872741699219
10468,34.51356506347656
10469,33.949180603027344
10470,33.65829849243164
10471,24.850032806396484
10472,44.27208709716797
10473,36.22159957885742
10474,25.1251277923584
10475,39.37657165527344
10476,75.7937240600586
10477,30.297208786010742
10478,50.22957992553711
10479,30.011579513549805
10480,34.618831634521484
10481,38.45636749267578
10482,34.6225700378418
10483,34.85210037231445
10484,46.13455581665039
10485,60.560752868652344
10486,33.29203414916992
10487,28.98935890197754
10488,25.038774490356445
10489,35.818050384521484
10490,27.157255172729492
10491,25.86318016052246
10492,26.47903823852539
10493,26.530786514282227
10494,36.77714538574219
10495,29.86725425720215
10496,46.9876594543457
10497,36.87564468383789
10498,46.41020584106445
10499,67.72344970703125
10500,53.43715286254883
10501,48.42949676513672
10502,44.043846130371094
10503,20.773399353027344
10504,38.403846740722656
10505,27.293319702148438
10506,64.16622924804688
10507,36.498321533203125
10508,42.752525329589844
10509,33.434837341308594
10510,37.57723617553711
10511,35.61797332763672
10512,38.30165100097656
10513,24.44840431213379
10514,25.479015350341797
10515,49.577064514160156
10516,23.489076614379883
10517,43.683162689208984
10518,32.734718322753906
10519,24.82098960876465
10520,30.4940185546875
10521,57.356544494628906
10522,34.041534423828125
10523,24.30254364013672
10524,32.82230758666992
10525,41.7506217956543
10526,50.160369873046875
10527,35.248443603515625
10528,67.40111541748047
10529,34.51258850097656
10530,33.94462203979492
10531,33.650394439697266
10532,24.849163055419922
10533,44.26242446899414
10534,36.21879959106445
10535,25.12969970703125
10536,39.380523681640625
10537,75.7725830078125
10538,30.296709060668945
10539,50.22270202636719
10540,30.009754180908203
10541,34.60576629638672
10542,38.44805145263672
10543,34.62485885620117
10544,34.84919738769531
10545,46.12834167480469
10546,60.54449462890625
10547,33.29063415527344
10548,28.998048782348633
10549,25.041566848754883
10550,35.821659088134766
10551,27.154705047607422
10552,25.861717224121094
10553,26.486690521240234
10554,26.523300170898438
10555,36.7744026184082
10556,29.86672019958496
10557,46.98598861694336
10558,36.868778228759766
10559,46.41786193847656
10560,67.7296371459961
10561,53.43760299682617
10562,48.41272735595703
10563,44.039608001708984
10564,20.774995803833008
10565,38.40311813354492
10566,27.287330627441406
10567,64.1671371459961
10568,36.4987907409668
10569,42.766807556152344
10570,33.44170379638672
10571,37.57802963256836
10572,35.62163162231445
10573,38.295780181884766
10574,24.44485092163086
10575,25.462448120117188
10576,49.57688903808594
10577,23.485570907592773
10578,43.688968658447266
10579,32.7386360168457
10580,24.810731887817383
10581,30.491731643676758
10582,57.35538101196289
10583,34.03291320800781
10584,24.301429748535156
10585,32.81052780151367
10586,41.75820541381836
10587,50.15629196166992
10588,35.24808883666992
10589,67.40349578857422
10590,34.51164245605469
10591,33.93975830078125
10592,33.64265823364258
10593,24.84856605529785
10594,44.25244140625
10595,36.21731185913086
10596,25.134418487548828
10597,39.384620666503906
10598,75.75103759765625
10599,30.29637336730957
10600,50.21536636352539
10601,30.008506774902344
10602,34.59336853027344
10603,38.438968658447266
10604,34.6281852722168
10605,34.84623718261719
10606,46.121646881103516
10607,60.5273551940918
10608,33.288909912109375
10609,29.006793975830078
10610,25.044414520263672
10611,35.82516098022461
10612,27.15176773071289
10613,25.859935760498047
10614,26.494638442993164
10615,26.516712188720703
10616,36.77159118652344
10617,29.865745544433594
10618,46.984130859375
10619,36.86207962036133
10620,46.42500686645508
10621,67.73532104492188
10622,53.43705368041992
10623,48.396419525146484
10624,44.0347900390625
10625,20.777751922607422
10626,38.402488708496094
10627,27.281742095947266
10628,64.16673278808594
10629,36.49876403808594
10630,42.781036376953125
10631,33.4488410949707
10632,37.578460693359375
10633,35.625545501708984
10634,38.29005432128906
10635,24.441408157348633
10636,25.44606590270996
10637,49.57666015625
10638,23.48194694519043
10639,43.69479751586914
10640,32.7425422668457
10641,24.80043601989746
10642,30.489334106445312
10643,57.3543701171875
10644,34.02421951293945
10645,24.30040168762207
10646,32.798545837402344
10647,41.76601791381836
10648,50.15217590332031
10649,35.24763107299805
10650,67.40579223632812
10651,34.510562896728516
10652,33.93440246582031
10653,33.63500213623047
10654,24.84805679321289
10655,44.24259948730469
10656,36.21676254272461
10657,25.13905906677246
10658,39.388946533203125
10659,75.72954559326172
10660,30.296125411987305
10661,50.20781707763672
10662,30.00763702392578
10663,34.58138656616211
10664,38.42951202392578
10665,34.63191223144531
10666,34.84303665161133
10667,46.11491012573242
10668,60.509891510009766
10669,33.2872314453125
10670,29.015575408935547
10671,25.047119140625
10672,35.82839584350586
10673,27.148677825927734
10674,25.85821533203125
10675,26.50244903564453
10676,26.510665893554688
10677,36.768951416015625
10678,29.86461067199707
10679,46.982086181640625
10680,36.855594635009766
10681,46.431915283203125
10682,67.74070739746094
10683,53.43603515625
10684,48.38060760498047
10685,44.02968978881836
10686,20.780750274658203
10687,38.40195846557617
10688,27.276273727416992
10689,64.16582489013672
10690,36.49842071533203
10691,42.795284271240234
10692,33.45610427856445
10693,37.57875061035156
10694,35.62944412231445
10695,38.284324645996094
10696,24.4378604888916
10697,25.42986297607422
10698,49.57645034790039
10699,23.47821044921875
10700,43.70067596435547
10701,32.746402740478516
10702,24.790010452270508
10703,30.486873626708984
10704,57.35340118408203
10705,34.01565170288086
10706,24.29950714111328
10707,32.78651428222656
10708,41.77349853515625
10709,50.14808654785156
10710,35.24686813354492
10711,67.40779113769531
10712,34.50941848754883
10713,33.928672790527344
10714,33.627437591552734
10715,24.847780227661133
10716,44.2326545715332
10717,36.21683120727539
10718,25.1437931060791
10719,39.39317321777344
10720,75.70796966552734
10721,30.29595947265625
10722,50.20017623901367
10723,30.00697898864746
10724,34.56990432739258
10725,38.419612884521484
10726,34.63614273071289
10727,34.839664459228516
10728,46.10788345336914
10729,60.491485595703125
10730,33.28533935546875
10731,29.02461814880371
10732,25.049901962280273
10733,35.83173370361328
10734,27.145353317260742
10735,25.85633659362793
10736,26.510473251342773
10737,26.505245208740234
10738,36.766326904296875
10739,29.863195419311523
10740,46.979671478271484
10741,36.84931945800781
10742,46.43843078613281
10743,67.74543762207031
10744,53.43436050415039
10745,48.365234375
10746,44.02407455444336
10747,20.784421920776367
10748,38.401405334472656
10749,27.27109146118164
10750,64.16399383544922
10751,36.49787139892578
10752,42.809547424316406
10753,33.46337127685547
10754,37.57879638671875
10755,35.633331298828125
10756,38.27864456176758
10757,24.434307098388672
10758,25.41396141052246
10759,49.576148986816406
10760,23.47416114807129
10761,43.70671463012695
10762,32.749977111816406
10763,24.779335021972656
10764,30.48423957824707
10765,57.35234451293945
10766,34.007171630859375
10767,24.298540115356445
10768,32.774513244628906
10769,41.78103256225586
10770,50.14369583129883
10771,35.24620819091797
10772,67.40967559814453
10773,34.508113861083984
10774,33.92232131958008
10775,33.61997604370117
10776,24.847572326660156
10777,44.22266387939453
10778,36.218101501464844
10779,25.148523330688477
10780,39.397708892822266
10781,75.68658447265625
10782,30.29581642150879
10783,50.1923713684082
10784,30.006441116333008
10785,34.55870056152344
10786,38.4092903137207
10787,34.64091110229492
10788,34.83610916137695
10789,46.10055160522461
10790,60.472633361816406
10791,33.28330612182617
10792,29.03373146057129
10793,25.052690505981445
10794,35.83499526977539
10795,27.141807556152344
10796,25.854454040527344
10797,26.518518447875977
10798,26.500337600708008
10799,36.763797760009766
10800,29.8617000579834
10801,46.97704315185547
10802,36.84309005737305
10803,46.444419860839844
10804,67.74971771240234
10805,53.432071685791016
10806,48.35042953491211
10807,44.01802444458008
10808,20.788475036621094
10809,38.40077590942383
10810,27.26618766784668
10811,64.16152954101562
10812,36.49702453613281
10813,42.82402420043945
10814,33.47099304199219
10815,37.57876205444336
10816,35.63715744018555
10817,38.272850036621094
10818,24.430871963500977
10819,25.39838409423828
10820,49.575767517089844
10821,23.46999740600586
10822,43.71259689331055
10823,32.75343322753906
10824,24.768455505371094
10825,30.481496810913086
10826,57.35129165649414
10827,33.99873733520508
10828,24.297693252563477
10829,32.76218032836914
10830,41.78836441040039
10831,50.13916015625
10832,35.24512481689453
10833,67.4113998413086
10834,34.50689697265625
10835,33.915504455566406
10836,33.612430572509766
10837,24.847537994384766
10838,44.21268081665039
10839,36.219993591308594
10840,25.153337478637695
10841,39.40229797363281
10842,75.6652603149414
10843,30.295663833618164
10844,50.18451690673828
10845,30.005964279174805
10846,34.547813415527344
10847,38.39911651611328
10848,34.645477294921875
10849,34.832698822021484
10850,46.09302520751953
10851,60.45390319824219
10852,33.28129577636719
10853,29.04291343688965
10854,25.055564880371094
10855,35.838417053222656
10856,27.138160705566406
10857,25.852842330932617
10858,26.526582717895508
10859,26.495365142822266
10860,36.76140213012695
10861,29.860153198242188
10862,46.9740104675293
10863,36.83718490600586
10864,46.450225830078125
10865,67.75364685058594
10866,53.42947769165039
10867,48.33602523803711
10868,44.01182174682617
10869,20.792316436767578
10870,38.40024948120117
10871,27.261425018310547
10872,64.15922546386719
10873,36.49636459350586
10874,42.838294982910156
10875,33.478492736816406
10876,37.578617095947266
10877,35.640708923339844
10878,38.26713562011719
10879,24.427522659301758
10880,25.38308334350586
10881,49.575138092041016
10882,23.465776443481445
10883,43.71854782104492
10884,32.75674057006836
10885,24.757577896118164
10886,30.4786434173584
10887,57.35000991821289
10888,33.990478515625
10889,24.2967472076416
10890,32.749969482421875
10891,41.795509338378906
10892,50.13391876220703
10893,35.24396896362305
10894,67.41278839111328
10895,34.50559616088867
10896,33.908294677734375
10897,33.604820251464844
10898,24.847471237182617
10899,44.20306396484375
10900,36.22219467163086
10901,25.15843391418457
10902,39.40687561035156
10903,75.64397430419922
10904,30.295276641845703
10905,50.1769905090332
10906,30.005210876464844
10907,34.53737258911133
10908,38.38944625854492
10909,34.649234771728516
10910,34.8296012878418
10911,46.08500671386719
10912,60.43585968017578
10913,33.27925109863281
10914,29.05203628540039
10915,25.058366775512695
10916,35.8422966003418
10917,27.13484001159668
10918,25.851655960083008
10919,26.53458595275879
10920,26.490060806274414
10921,36.75910186767578
10922,29.859127044677734
10923,46.970436096191406
10924,36.831329345703125
10925,46.45574951171875
10926,67.75752258300781
10927,53.42718505859375
10928,48.32183837890625
10929,44.00596618652344
10930,20.79511070251465
10931,38.39942169189453
10932,27.256595611572266
10933,64.15803527832031
10934,36.49602127075195
10935,42.85280227661133
10936,33.48564529418945
10937,37.578765869140625
10938,35.64399337768555
10939,38.261253356933594
10940,24.424333572387695
10941,25.368051528930664
10942,49.57408905029297
10943,23.46162223815918
10944,43.72432327270508
10945,32.75967788696289
10946,24.746572494506836
10947,30.475751876831055
10948,57.34808349609375
10949,33.98238754272461
10950,24.295623779296875
10951,32.73773956298828
10952,41.80217742919922
10953,50.127742767333984
10954,35.24261474609375
10955,67.41365051269531
10956,34.504295349121094
10957,33.90049362182617
10958,33.597145080566406
10959,24.847522735595703
10960,44.19367599487305
10961,36.224029541015625
10962,25.164081573486328
10963,39.41146469116211
10964,75.622314453125
10965,30.29470443725586
10966,50.16921615600586
10967,30.004831314086914
10968,34.52753448486328
10969,38.379661560058594
10970,34.65297317504883
10971,34.8266487121582
10972,46.07636642456055
10973,60.417083740234375
10974,33.277217864990234
10975,29.06165885925293
10976,25.06126594543457
10977,35.84645462036133
10978,27.131450653076172
10979,25.851049423217773
10980,26.542701721191406
10981,26.485132217407227
10982,36.75706100463867
10983,29.857990264892578
10984,46.96623992919922
10985,36.825592041015625
10986,46.460540771484375
10987,67.76036071777344
10988,53.424095153808594
10989,48.30805969238281
10990,43.99959945678711
10991,20.798168182373047
10992,38.39857482910156
10993,27.252166748046875
10994,64.15631866455078
10995,36.495849609375
10996,42.867156982421875
10997,33.49288558959961
10998,37.57871627807617
10999,35.64686965942383
11000,38.255332946777344
11001,24.4215030670166
11002,25.353418350219727
11003,49.57286834716797
11004,23.457469940185547
11005,43.73005294799805
11006,32.76225280761719
11007,24.73551368713379
11008,30.47288703918457
11009,57.345821380615234
11010,33.974510192871094
11011,24.29451560974121
11012,32.72535705566406
11013,41.80865478515625
11014,50.120933532714844
11015,35.241024017333984
11016,67.41425323486328
11017,34.50320816040039
11018,33.89225387573242
11019,33.58932113647461
11020,24.84762954711914
11021,44.184513092041016
11022,36.22610855102539
11023,25.169822692871094
11024,39.416080474853516
11025,75.60028076171875
11026,30.29395866394043
11027,50.16141128540039
11028,30.004535675048828
11029,34.517887115478516
11030,38.36949920654297
11031,34.657039642333984
11032,34.82387924194336
11033,46.067100524902344
11034,60.397560119628906
11035,33.27528381347656
11036,29.071088790893555
11037,25.06413459777832
11038,35.850502014160156
11039,27.127782821655273
11040,25.85041046142578
11041,26.55060577392578
11042,26.48050308227539
11043,36.755062103271484
11044,29.85669708251953
11045,46.96147537231445
11046,36.81986618041992
11047,46.46494674682617
11048,67.76251220703125
11049,53.42055130004883
11050,48.294708251953125
11051,43.992835998535156
11052,20.801589965820312
11053,38.39777374267578
11054,27.247966766357422
11055,64.1541748046875
11056,36.495399475097656
11057,42.88157272338867
11058,33.50009536743164
11059,37.57862854003906
11060,35.64965057373047
11061,38.24955368041992
11062,24.418746948242188
11063,25.33900260925293
11064,49.57143783569336
11065,23.453075408935547
11066,43.735679626464844
11067,32.76469421386719
11068,24.724246978759766
11069,30.46983528137207
11070,57.343379974365234
11071,33.96678924560547
11072,24.293169021606445
11073,32.713233947753906
11074,41.814788818359375
11075,50.1134033203125
11076,35.239322662353516
11077,67.41419219970703
11078,34.50221633911133
11079,33.88359832763672
11080,33.581398010253906
11081,24.84807586669922
11082,44.175575256347656
11083,36.22786331176758
11084,25.176090240478516
11085,39.420589447021484
11086,75.57782745361328
11087,30.29312515258789
11088,50.153411865234375
11089,30.004487991333008
11090,34.5085334777832
11091,38.35945129394531
11092,34.66120529174805
11093,34.82130813598633
11094,46.05738830566406
11095,60.37755584716797
11096,33.2733039855957
11097,29.08085060119629
11098,25.067075729370117
11099,35.85465621948242
11100,27.124147415161133
11101,25.850074768066406
11102,26.558597564697266
11103,26.47627830505371
11104,36.75307846069336
11105,29.85539436340332
11106,46.9564323425293
11107,36.81435775756836
11108,46.46858215332031
11109,67.76383209228516
11110,53.416385650634766
11111,48.281455993652344
11112,43.985572814941406
11113,20.805219650268555
11114,38.396644592285156
11115,27.24416732788086
11116,64.15132141113281
11117,36.494911193847656
11118,42.89574432373047
11119,33.507625579833984
11120,37.57838821411133
11121,35.65232467651367
11122,38.243656158447266
11123,24.416259765625
11124,25.32483673095703
11125,49.570003509521484
11126,23.448793411254883
11127,43.7412109375
11128,32.76696014404297
11129,24.71294593811035
11130,30.466991424560547
11131,57.34088134765625
11132,33.959251403808594
11133,24.29155731201172
11134,32.701011657714844
11135,41.8206901550293
11136,50.105560302734375
11137,35.237430572509766
11138,67.41376495361328
11139,34.50138473510742
11140,33.87458801269531
11141,33.573333740234375
11142,24.848630905151367
11143,44.166748046875
11144,36.22946548461914
11145,25.182424545288086
11146,39.42505645751953
11147,75.55504608154297
11148,30.292104721069336
11149,50.14524459838867
11150,30.004581451416016
11151,34.4994010925293
11152,38.34908676147461
11153,34.66541290283203
11154,34.81884765625
11155,46.047176361083984
11156,60.35686111450195
11157,33.271488189697266
11158,29.090538024902344
11159,25.06975555419922
11160,35.85860061645508
11161,27.12033462524414
11162,25.849830627441406
11163,26.566394805908203
11164,26.472347259521484
11165,36.75142288208008
11166,29.85395622253418
11167,46.95085144042969
11168,36.80881881713867
11169,46.471900939941406
11170,67.76434326171875
11171,53.41164016723633
11172,48.268463134765625
11173,43.97785186767578
11174,20.8095760345459
11175,38.39554214477539
11176,27.240663528442383
11177,64.14776611328125
11178,36.49412536621094
11179,42.909996032714844
11180,33.51518630981445
11181,37.57821273803711
11182,35.65504455566406
11183,38.23788070678711
11184,24.413808822631836
11185,25.310789108276367
11186,49.56867599487305
11187,23.44460105895996
11188,43.74681091308594
11189,32.769126892089844
11190,24.701522827148438
11191,30.464035034179688
11192,57.33832550048828
11193,33.95183181762695
11194,24.289976119995117
11195,32.68861770629883
11196,41.82640838623047
11197,50.09744644165039
11198,35.235416412353516
11199,67.41315460205078
11200,34.50065231323242
11201,33.86540222167969
11202,33.565311431884766
11203,24.849653244018555
11204,44.15802001953125
11205,36.23108673095703
11206,25.189027786254883
11207,39.42953872680664
11208,75.53193664550781
11209,30.291067123413086
11210,50.13693618774414
11211,30.004985809326172
11212,34.49043273925781
11213,38.33851623535156
11214,34.669960021972656
11215,34.81667709350586
11216,46.036720275878906
11217,60.335426330566406
11218,33.26976776123047
11219,29.10056495666504
11220,25.072416305541992
11221,35.86262512207031
11222,27.11629867553711
11223,25.84977912902832
11224,26.57415771484375
11225,26.468841552734375
11226,36.74971389770508
11227,29.852399826049805
11228,46.94506072998047
11229,36.80328369140625
11230,46.47452163696289
11231,67.76415252685547
11232,53.406402587890625
11233,48.25551223754883
11234,43.96981430053711
11235,20.814220428466797
11236,38.39435958862305
11237,27.23743438720703
11238,64.14344024658203
11239,36.49311828613281
11240,42.92387771606445
11241,33.522987365722656
11242,37.57787322998047
11243,35.65768814086914
11244,38.232147216796875
11245,24.41158103942871
11246,25.297019958496094
11247,49.56721496582031
11248,23.440296173095703
11249,43.752197265625
11250,32.77094268798828
11251,24.690006256103516
11252,30.461191177368164
11253,57.33578109741211
11254,33.94464874267578
11255,24.28826141357422
11256,32.676231384277344
11257,41.83208084106445
11258,50.08928298950195
11259,35.233299255371094
11260,67.41244506835938
11261,34.500003814697266
11262,33.856117248535156
11263,33.55727005004883
11264,24.850624084472656
11265,44.14963150024414
11266,36.23274230957031
11267,25.19583511352539
11268,39.43387985229492
11269,75.50862121582031
11270,30.2898006439209
11271,50.128570556640625
11272,30.005756378173828
11273,34.48176193237305
11274,38.32765197753906
11275,34.674713134765625
11276,34.81462097167969
11277,46.02568817138672
11278,60.31331253051758
11279,33.26811218261719
11280,29.110515594482422
11281,25.07508659362793
11282,35.866615295410156
11283,27.112140655517578
11284,25.849863052368164
11285,26.581829071044922
11286,26.465957641601562
11287,36.748104095458984
11288,29.850692749023438
11289,46.93893051147461
11290,36.79781723022461
11291,46.47679901123047
11292,67.76309967041016
11293,53.40058898925781
11294,48.242942810058594
11295,43.96120834350586
11296,20.819568634033203
11297,38.393184661865234
11298,27.234647750854492
11299,64.1382827758789
11300,36.4918098449707
11301,42.937744140625
11302,33.530914306640625
11303,37.57743453979492
11304,35.66035461425781
11305,38.2264518737793
11306,24.409469604492188
11307,25.28352928161621
11308,49.565818786621094
11309,23.436063766479492
11310,43.7575798034668
11311,32.772682189941406
11312,24.67835235595703
11313,30.458335876464844
11314,57.33324432373047
11315,33.937652587890625
11316,24.2863712310791
11317,32.663726806640625
11318,41.8375358581543
11319,50.080833435058594
11320,35.231143951416016
11321,67.4115219116211
11322,34.499515533447266
11323,33.84653091430664
11324,33.54922866821289
11325,24.851879119873047
11326,44.1413688659668
11327,36.23427963256836
11328,25.202749252319336
11329,39.43816375732422
11330,75.48497772216797
11331,30.28850555419922
11332,50.12002182006836
11333,30.00668716430664
11334,34.473365783691406
11335,38.316619873046875
11336,34.67984390258789
11337,34.81273651123047
11338,46.01434326171875
11339,60.29048538208008
11340,33.26660919189453
11341,29.12059211730957
11342,25.077709197998047
11343,35.8704833984375
11344,27.107845306396484
11345,25.8499813079834
11346,26.58949851989746
11347,26.463529586791992
11348,36.74658966064453
11349,29.848791122436523
11350,46.9326171875
11351,36.79240036010742
11352,46.47848129272461
11353,67.76128387451172
11354,53.39424514770508
11355,48.23052978515625
11356,43.95211410522461
11357,20.82528305053711
11358,38.391822814941406
11359,27.232257843017578
11360,64.13218688964844
11361,36.490211486816406
11362,42.95139694213867
11363,33.53910446166992
11364,37.57688903808594
11365,35.66298294067383
11366,38.22087860107422
11367,24.407594680786133
11368,25.270296096801758
11369,49.56432342529297
11370,23.431859970092773
11371,43.762813568115234
11372,32.77425003051758
11373,24.66661834716797
11374,30.45553970336914
11375,57.33068084716797
11376,33.93085479736328
11377,24.284440994262695
11378,32.65144729614258
11379,41.842586517333984
11380,50.07175064086914
11381,35.228694915771484
11382,67.40997314453125
11383,34.49919128417969
11384,33.83662796020508
11385,33.541168212890625
11386,24.85344886779785
11387,44.13333511352539
11388,36.23536682128906
11389,25.210132598876953
11390,39.442195892333984
11391,75.46070861816406
11392,30.28697395324707
11393,50.11134719848633
11394,30.007802963256836
11395,34.46529006958008
11396,38.30568313598633
11397,34.68489456176758
11398,34.81104278564453
11399,46.00255584716797
11400,60.26722717285156
11401,33.26521301269531
11402,29.13072967529297
11403,25.0801944732666
11404,35.87430191040039
11405,27.103612899780273
11406,25.850502014160156
11407,26.59693145751953
11408,26.461668014526367
11409,36.74521255493164
11410,29.8467960357666
11411,46.92582321166992
11412,36.78706741333008
11413,46.479557037353516
11414,67.75840759277344
11415,53.3873291015625
11416,48.21824264526367
11417,43.9426155090332
11418,20.831567764282227
11419,38.39029312133789
11420,27.23012351989746
11421,64.12532043457031
11422,36.48844909667969
11423,42.96466827392578
11424,33.54736328125
11425,37.57643508911133
11426,35.66560363769531
11427,38.21527099609375
11428,24.405982971191406
11429,25.257341384887695
11430,49.56288528442383
11431,23.42761993408203
11432,43.76792526245117
11433,32.77568435668945
11434,24.654863357543945
11435,30.452789306640625
11436,57.328224182128906
11437,33.92417907714844
11438,24.282161712646484
11439,32.638973236083984
11440,41.8474006652832
11441,50.06269073486328
11442,35.226295471191406
11443,67.40809631347656
11444,34.49895095825195
11445,33.826515197753906
11446,33.532997131347656
11447,24.85533332824707
11448,44.12552261352539
11449,36.236183166503906
11450,25.217676162719727
11451,39.446197509765625
11452,75.43627166748047
11453,30.285417556762695
11454,50.102561950683594
11455,30.009279251098633
11456,34.45744323730469
11457,38.294464111328125
11458,34.69021987915039
11459,34.80948257446289
11460,45.99052047729492
11461,60.2432746887207
11462,33.26404571533203
11463,29.14078712463379
11464,25.08263397216797
11465,35.878013610839844
11466,27.09905433654785
11467,25.85114097595215
11468,26.604249954223633
11469,26.460289001464844
11470,36.74397659301758
11471,29.844757080078125
11472,46.9188117980957
11473,36.781681060791016
11474,46.48003387451172
11475,67.75482940673828
11476,53.37984085083008
11477,48.20625305175781
11478,43.9326057434082
11479,20.838436126708984
11480,38.38872146606445
11481,27.22846794128418
11482,64.11752319335938
11483,36.48632049560547
11484,42.97779083251953
11485,33.55586242675781
11486,37.57573699951172
11487,35.66819763183594
11488,38.2098388671875
11489,24.404422760009766
11490,25.24477195739746
11491,49.56155776977539
11492,23.423547744750977
11493,43.772972106933594
11494,32.77682876586914
11495,24.642986297607422
11496,30.450145721435547
11497,57.325889587402344
11498,33.91788101196289
11499,24.279712677001953
11500,32.62653732299805
11501,41.85205078125
11502,50.05340576171875
11503,35.22365951538086
11504,67.40618896484375
11505,34.49895095825195
11506,33.81635284423828
11507,33.5250129699707
11508,24.857498168945312
11509,44.117977142333984
11510,36.23702621459961
11511,25.225555419921875
11512,39.450103759765625
11513,75.41136932373047
11514,30.2836971282959
11515,50.09355926513672
11516,30.011011123657227
11517,34.44994354248047
11518,38.283145904541016
11519,34.695865631103516
11520,34.80828857421875
11521,45.97800064086914
11522,60.21867370605469
11523,33.26294708251953
11524,29.150989532470703
11525,25.085039138793945
11526,35.881813049316406
11527,27.094425201416016
11528,25.851964950561523
11529,26.611408233642578
11530,26.459726333618164
11531,36.742835998535156
11532,29.842470169067383
11533,46.911502838134766
11534,36.77633285522461
11535,46.48008728027344
11536,67.750244140625
11537,53.37190628051758
11538,48.19450378417969
11539,43.92218780517578
11540,20.845794677734375
11541,38.38699722290039
11542,27.227336883544922
11543,64.10881042480469
11544,36.484039306640625
11545,42.99054718017578
11546,33.56448745727539
11547,37.57502746582031
11548,35.670745849609375
11549,38.204444885253906
11550,24.403305053710938
11551,25.232528686523438
11552,49.56015396118164
11553,23.41949462890625
11554,43.77786636352539
11555,32.77777099609375
11556,24.631074905395508
11557,30.447572708129883
11558,57.323455810546875
11559,33.91183090209961
11560,24.277202606201172
11561,32.61408233642578
11562,41.856449127197266
11563,50.04387283325195
11564,35.22092819213867
11565,67.40412902832031
11566,34.499202728271484
11567,33.806121826171875
11568,33.51694107055664
11569,24.859678268432617
11570,44.110782623291016
11571,36.23737335205078
11572,25.23356056213379
11573,39.4538459777832
11574,75.38633728027344
11575,30.281949996948242
11576,50.08460998535156
11577,30.01310920715332
11578,34.44292068481445
11579,38.27157974243164
11580,34.701622009277344
11581,34.807106018066406
11582,45.96514129638672
11583,60.19321823120117
11584,33.26207733154297
11585,29.161376953125
11586,25.087421417236328
11587,35.88535690307617
11588,27.089677810668945
11589,25.853116989135742
11590,26.618457794189453
11591,26.459768295288086
11592,36.74178695678711
11593,29.840068817138672
11594,46.90399932861328
11595,36.77116775512695
11596,46.479522705078125
11597,67.74485778808594
11598,53.363441467285156
11599,48.183082580566406
11600,43.91135787963867
11601,20.853710174560547
11602,38.385276794433594
11603,27.22664451599121
11604,64.09913635253906
11605,36.481441497802734
11606,43.003074645996094
11607,33.573307037353516
11608,37.57413101196289
11609,35.67323684692383
11610,38.19926452636719
11611,24.402143478393555
11612,25.220611572265625
11613,49.55879211425781
11614,23.41534996032715
11615,43.78268814086914
11616,32.77842712402344
11617,24.619001388549805
11618,30.444990158081055
11619,57.3212776184082
11620,33.906131744384766
11621,24.274505615234375
11622,32.601417541503906
11623,41.86067199707031
11624,50.03428649902344
11625,35.21790313720703
11626,67.40196990966797
11627,34.49950408935547
11628,33.795780181884766
11629,33.50891876220703
11630,24.862232208251953
11631,44.10394287109375
11632,36.23826217651367
11633,25.241714477539062
11634,39.45756149291992
11635,75.3612060546875
11636,30.279991149902344
11637,50.0755500793457
11638,30.015522003173828
11639,34.436065673828125
11640,38.25981521606445
11641,34.707950592041016
11642,34.80615997314453
11643,45.9519157409668
11644,60.167240142822266
11645,33.26125717163086
11646,29.17172622680664
11647,25.08963394165039
11648,35.88894271850586
11649,27.084789276123047
11650,25.85423469543457
11651,26.625471115112305
11652,26.460426330566406
11653,36.740909576416016
11654,29.837505340576172
11655,46.89631652832031
11656,36.765907287597656
11657,46.478885650634766
11658,67.73902893066406
11659,53.35459518432617
11660,48.17204284667969
11661,43.90005874633789
11662,20.861921310424805
11663,38.38331985473633
11664,27.226396560668945
11665,64.08860778808594
11666,36.47849655151367
11667,43.01535415649414
11668,33.58218002319336
11669,37.57309341430664
11670,35.675636291503906
11671,38.194252014160156
11672,24.401155471801758
11673,25.209102630615234
11674,49.557437896728516
11675,23.41109848022461
11676,43.78750228881836
11677,32.77887725830078
11678,24.606801986694336
11679,30.442495346069336
11680,57.319053649902344
11681,33.90055847167969
11682,24.27171516418457
11683,32.588897705078125
11684,41.8646240234375
11685,50.024478912353516
11686,35.21493148803711
11687,67.39974212646484
11688,34.49990463256836
11689,33.785362243652344
11690,33.500892639160156
11691,24.86492156982422
11692,44.09745788574219
11693,36.239112854003906
11694,25.24995231628418
11695,39.461219787597656
11696,75.33578491210938
11697,30.277944564819336
11698,50.06631851196289
11699,30.01829719543457
11700,34.4296875
11701,38.24775314331055
11702,34.7144775390625
11703,34.805419921875
11704,45.93844985961914
11705,60.14059066772461
11706,33.260589599609375
11707,29.182180404663086
11708,25.092023849487305
11709,35.89236068725586
11710,27.079715728759766
11711,25.85561180114746
11712,26.63235092163086
11713,26.461645126342773
11714,36.740238189697266
11715,29.83481788635254
11716,46.88838577270508
11717,36.760658264160156
11718,46.47788619995117
11719,67.73267364501953
11720,53.34551239013672
11721,48.161521911621094
11722,43.88862991333008
11723,20.870378494262695
11724,38.381324768066406
11725,27.226524353027344
11726,64.0774917602539
11727,36.47539520263672
11728,43.02740478515625
11729,33.590999603271484
11730,37.57198715209961
11731,35.6778678894043
11732,38.18922805786133
11733,24.400577545166016
11734,25.19810676574707
11735,49.556087493896484
11736,23.406902313232422
11737,43.79205322265625
11738,32.778900146484375
11739,24.594640731811523
11740,30.440038681030273
11741,57.316734313964844
11742,33.89548873901367
11743,24.268762588500977
11744,32.57625198364258
11745,41.86822509765625
11746,50.014217376708984
11747,35.2116813659668
11748,67.39701080322266
11749,34.500633239746094
11750,33.7745475769043
11751,33.49298095703125
11752,24.867921829223633
11753,44.09148025512695
11754,36.23970031738281
11755,25.258567810058594
11756,39.46484375
11757,75.31031036376953
11758,30.27581024169922
11759,50.05714416503906
11760,30.021360397338867
11761,34.42381286621094
11762,38.235801696777344
11763,34.72119140625
11764,34.80485153198242
11765,45.92450714111328
11766,60.11331558227539
11767,33.26016616821289
11768,29.192739486694336
11769,25.09438705444336
11770,35.89582824707031
11771,27.07465934753418
11772,25.857275009155273
11773,26.63902473449707
11774,26.463680267333984
11775,36.739593505859375
11776,29.831953048706055
11777,46.88017654418945
11778,36.755584716796875
11779,46.47657775878906
11780,67.7257080078125
11781,53.33600997924805
11782,48.15156936645508
11783,43.8768196105957
11784,20.878894805908203
11785,38.379295349121094
11786,27.227258682250977
11787,64.06560516357422
11788,36.472145080566406
11789,43.0389404296875
11790,33.599918365478516
11791,37.570796966552734
11792,35.67984390258789
11793,38.18448257446289
11794,24.40023422241211
11795,25.187652587890625
11796,49.554500579833984
11797,23.402734756469727
11798,43.79641342163086
11799,32.77848434448242
11800,24.582321166992188
11801,30.437564849853516
11802,57.314327239990234
11803,33.890689849853516
11804,24.265531539916992
11805,32.563655853271484
11806,41.87150955200195
11807,50.003662109375
11808,35.20826721191406
11809,67.39432525634766
11810,34.50135040283203
11811,33.76387023925781
11812,33.48500061035156
11813,24.870803833007812
11814,44.08586502075195
11815,36.239688873291016
11816,25.26753807067871
11817,39.468292236328125
11818,75.2844467163086
11819,30.27345848083496
11820,50.04786682128906
11821,30.024728775024414
11822,34.418453216552734
11823,38.22380828857422
11824,34.72819137573242
11825,34.80452346801758
11826,45.91022491455078
11827,60.08528518676758
11828,33.260009765625
11829,29.203346252441406
11830,25.09673309326172
11831,35.899383544921875
11832,27.069435119628906
11833,25.85927391052246
11834,26.64569664001465
11835,26.466550827026367
11836,36.73916244506836
11837,29.829084396362305
11838,46.871788024902344
11839,36.750545501708984
11840,46.474918365478516
11841,67.71797943115234
11842,53.32618713378906
11843,48.14215850830078
11844,43.86478805541992
11845,20.88748550415039
11846,38.37681579589844
11847,27.228485107421875
11848,64.05311584472656
11849,36.46867370605469
11850,43.05025863647461
11851,33.608970642089844
11852,37.56964874267578
11853,35.681941986083984
11854,38.17974090576172
11855,24.400360107421875
11856,25.177793502807617
11857,49.55290222167969
11858,23.399019241333008
11859,43.800628662109375
11860,32.77798080444336
11861,24.570158004760742
11862,30.435260772705078
11863,57.31192398071289
11864,33.886329650878906
11865,24.26204490661621
11866,32.55082321166992
11867,41.874473571777344
11868,49.993019104003906
11869,35.20460891723633
11870,67.39196014404297
11871,34.502532958984375
11872,33.75349044799805
11873,33.47700881958008
11874,24.87380599975586
11875,44.081119537353516
11876,36.238826751708984
11877,25.27690315246582
11878,39.47144317626953
11879,75.25798797607422
11880,30.270933151245117
11881,50.03855514526367
11882,30.028480529785156
11883,34.41374206542969
11884,38.21148681640625
11885,34.73548126220703
11886,34.804500579833984
11887,45.89524841308594
11888,60.056175231933594
11889,33.26017761230469
11890,29.214326858520508
11891,25.09906578063965
11892,35.90290069580078
11893,27.06416130065918
11894,25.861806869506836
11895,26.65212631225586
11896,26.470483779907227
11897,36.73908233642578
11898,29.826019287109375
11899,46.86308288574219
11900,36.74562454223633
11901,46.472740173339844
11902,67.70933532714844
11903,53.31610870361328
11904,48.13334274291992
11905,43.85231399536133
11906,20.8963680267334
11907,38.37432861328125
11908,27.230417251586914
11909,64.03970336914062
11910,36.464969635009766
11911,43.06118392944336
11912,33.618125915527344
11913,37.56843185424805
11914,35.683837890625
11915,38.175174713134766
11916,24.401124954223633
11917,25.16839027404785
11918,49.551116943359375
11919,23.395530700683594
11920,43.80461883544922
11921,32.77687454223633
11922,24.558086395263672
11923,30.433059692382812
11924,57.3093376159668
11925,33.88242721557617
11926,24.258106231689453
11927,32.53791046142578
11928,41.87712478637695
11929,49.9817008972168
11930,35.2008171081543
11931,67.38904571533203
11932,34.504032135009766
11933,33.74303436279297
11934,33.469112396240234
11935,24.87718963623047
11936,44.076866149902344
11937,36.23651885986328
11938,25.287029266357422
11939,39.47420883178711
11940,75.23088836669922
11941,30.268156051635742
11942,50.02915573120117
11943,30.032634735107422
11944,34.409820556640625
11945,38.199302673339844
11946,34.74283981323242
11947,34.80469512939453
11948,45.87979507446289
11949,60.02619552612305
11950,33.26080322265625
11951,29.22522735595703
11952,25.101402282714844
11953,35.90668487548828
11954,27.058914184570312
11955,25.864978790283203
11956,26.65834617614746
11957,26.475339889526367
11958,36.73908233642578
11959,29.82304573059082
11960,46.85395431518555
11961,36.740638732910156
11962,46.4697380065918
11963,67.69950866699219
11964,53.30570983886719
11965,48.12483596801758
11966,43.83955001831055
11967,20.905208587646484
11968,38.371578216552734
11969,27.23285675048828
11970,64.02560424804688
11971,36.461387634277344
11972,43.071388244628906
11973,33.62734603881836
11974,37.56731414794922
11975,35.68560028076172
11976,38.17057800292969
11977,24.402156829833984
11978,25.159589767456055
11979,49.54937744140625
11980,23.392324447631836
11981,43.808189392089844
11982,32.77560043334961
11983,24.545896530151367
11984,30.43107795715332
11985,57.306907653808594
11986,33.87886047363281
11987,24.25396728515625
11988,32.52510070800781
11989,41.87933349609375
11990,49.97014617919922
11991,35.19684600830078
11992,67.38603973388672
11993,34.50593566894531
11994,33.732826232910156
11995,33.46104431152344
11996,24.88050079345703
11997,44.07334518432617
11998,36.23319625854492
11999,25.297609329223633
12000,39.476661682128906
12001,75.20310974121094
12002,30.265117645263672
12003,50.0196418762207
12004,30.037084579467773
12005,34.40632247924805
12006,38.187103271484375
12007,34.75050735473633
12008,34.8055534362793
12009,45.863914489746094
12010,59.995147705078125
12011,33.26178741455078
12012,29.236347198486328
12013,25.10382652282715
12014,35.91048049926758
12015,27.053680419921875
12016,25.868467330932617
12017,26.664220809936523
12018,26.48125648498535
12019,36.73931121826172
12020,29.819869995117188
12021,46.8447151184082
12022,36.73569107055664
12023,46.466552734375
12024,67.68894958496094
12025,53.29506301879883
12026,48.11686325073242
12027,43.82658386230469
12028,20.914203643798828
12029,38.368499755859375
12030,27.235841751098633
12031,64.01081085205078
12032,36.45758056640625
12033,43.08130645751953
12034,33.63648223876953
12035,37.56623077392578
12036,35.687137603759766
12037,38.16624069213867
12038,24.403776168823242
12039,25.151243209838867
12040,49.547489166259766
12041,23.3895263671875
12042,43.811500549316406
12043,32.773799896240234
12044,24.533733367919922
12045,30.429149627685547
12046,57.304405212402344
12047,33.87588882446289
12048,24.24929428100586
12049,32.5119514465332
12050,41.881290435791016
12051,49.9582633972168
12052,35.192508697509766
12053,67.38298034667969
12054,34.508148193359375
12055,33.72279739379883
12056,33.453128814697266
12057,24.884035110473633
12058,44.070621490478516
12059,36.22886276245117
12060,25.30864906311035
12061,39.478965759277344
12062,75.17478942871094
12063,30.26181983947754
12064,50.0101432800293
12065,30.042125701904297
12066,34.40351867675781
12067,38.174739837646484
12068,34.758304595947266
12069,34.80649948120117
12070,45.847373962402344
12071,59.96305847167969
12072,33.263179779052734
12073,29.247798919677734
12074,25.106142044067383
12075,35.91440963745117
12076,27.048221588134766
12077,25.872684478759766
12078,26.670061111450195
12079,26.488229751586914
12080,36.739898681640625
12081,29.816591262817383
12082,46.8350830078125
12083,36.730709075927734
12084,46.462806701660156
12085,67.67739868164062
12086,53.284297943115234
12087,48.109474182128906
12088,43.81320571899414
12089,20.92317008972168
12090,38.365360260009766
12091,27.239593505859375
12092,63.995277404785156
12093,36.45362091064453
12094,43.090660095214844
12095,33.64575958251953
12096,37.56496810913086
12097,35.688621520996094
12098,38.161983489990234
12099,24.40589714050293
12100,25.143760681152344
12101,49.54550552368164
12102,23.38692855834961
12103,43.81460189819336
12104,32.77152633666992
12105,24.521604537963867
12106,30.427324295043945
12107,57.30181884765625
12108,33.87332534790039
12109,24.244287490844727
12110,32.4986457824707
12111,41.88291549682617
12112,49.94597625732422
12113,35.18810272216797
12114,67.38005065917969
12115,34.5108528137207
12116,33.71288299560547
12117,33.4451904296875
12118,24.8878231048584
12119,44.06867980957031
12120,36.22370147705078
12121,25.32027816772461
12122,39.48101043701172
12123,75.14580535888672
12124,30.258201599121094
12125,50.00054931640625
12126,30.047746658325195
12127,34.40131759643555
12128,38.16222381591797
12129,34.76670455932617
12130,34.80799865722656
12131,45.83013153076172
12132,59.929527282714844
12133,33.265018463134766
12134,29.259532928466797
12135,25.108474731445312
12136,35.918270111083984
12137,27.042720794677734
12138,25.87741470336914
12139,26.675722122192383
12140,26.4964542388916
12141,36.74064254760742
12142,29.813169479370117
12143,46.824729919433594
12144,36.725799560546875
12145,46.45888137817383
12146,67.66516876220703
12147,53.273292541503906
12148,48.10270690917969
12149,43.79964065551758
12150,20.932077407836914
12151,38.36179733276367
12152,27.2440242767334
12153,63.978912353515625
12154,36.44947052001953
12155,43.09965133666992
12156,33.65508270263672
12157,37.563804626464844
12158,35.68991470336914
12159,38.15797805786133
12160,24.408588409423828
12161,25.137020111083984
12162,49.54344940185547
12163,23.38471221923828
12164,43.817298889160156
12165,32.76875305175781
12166,24.509193420410156
12167,30.42570686340332
12168,57.29920959472656
12169,33.87152099609375
12170,24.238704681396484
12171,32.48501205444336
12172,41.88395690917969
12173,49.93312454223633
12174,35.183250427246094
12175,67.37698364257812
12176,34.514060974121094
12177,33.703094482421875
12178,33.43714141845703
12179,24.891803741455078
12180,44.06779861450195
12181,36.217342376708984
12182,25.3325138092041
12183,39.482669830322266
12184,75.11603546142578
12185,30.254289627075195
12186,49.99082565307617
12187,30.053815841674805
12188,34.40003204345703
12189,38.149539947509766
12190,34.77539825439453
12191,34.809967041015625
12192,45.81212615966797
12193,59.8944206237793
12194,33.26739501953125
12195,29.271575927734375
12196,25.110885620117188
12197,35.92237854003906
12198,27.037126541137695
12199,25.882963180541992
12200,26.681100845336914
12201,26.506214141845703
12202,36.74184799194336
12203,29.80963706970215
12204,46.813865661621094
12205,36.72086715698242
12206,46.454586029052734
12207,67.65200805664062
12208,53.262184143066406
12209,48.096832275390625
12210,43.785701751708984
12211,20.940759658813477
12212,38.35794448852539
12213,27.249446868896484
12214,63.96190643310547
12215,36.44532012939453
12216,43.10787582397461
12217,33.66437530517578
12218,37.56265640258789
12219,35.6910400390625
12220,38.15403366088867
12221,24.41205406188965
12222,25.131086349487305
12223,49.54128646850586
12224,23.38297462463379
12225,43.81977844238281
12226,32.76548767089844
12227,24.49693489074707
12228,30.424312591552734
12229,57.29649353027344
12230,33.870296478271484
12231,24.232688903808594
12232,32.47117233276367
12233,41.88478088378906
12234,49.919769287109375
12235,35.17820358276367
12236,67.37389373779297
12237,34.51777267456055
12238,33.69345474243164
12239,33.42900848388672
12240,24.895978927612305
12241,44.06769943237305
12242,36.209903717041016
12243,25.34539031982422
12244,39.48418426513672
12245,75.0855484008789
12246,30.2500057220459
12247,49.98100280761719
12248,30.060468673706055
12249,34.399356842041016
12250,38.136634826660156
12251,34.78448486328125
12252,34.81245803833008
12253,45.793392181396484
12254,59.8581657409668
12255,33.27016830444336
12256,29.283920288085938
12257,25.113313674926758
12258,35.926387786865234
12259,27.031352996826172
12260,25.8889102935791
12261,26.686376571655273
12262,26.516843795776367
12263,36.74333953857422
12264,29.8060359954834
12265,46.80276107788086
12266,36.715877532958984
12267,46.45002746582031
12268,67.63819122314453
12269,53.251014709472656
12270,48.09137725830078
12271,43.77156448364258
12272,20.949277877807617
12273,38.35371398925781
12274,27.255353927612305
12275,63.94427490234375
12276,36.44087600708008
12277,43.11582946777344
12278,33.67375564575195
12279,37.56147003173828
12280,35.69207763671875
12281,38.15041732788086
12282,24.41609001159668
12283,25.125690460205078
12284,49.539180755615234
12285,23.381567001342773
12286,43.821937561035156
12287,32.761573791503906
12288,24.484455108642578
12289,30.423187255859375
12290,57.2938346862793
12291,33.86962127685547
12292,24.22623062133789
12293,32.45712661743164
12294,41.88511276245117
12295,49.90606689453125
12296,35.17292022705078
12297,67.37091064453125
12298,34.52210235595703
12299,33.68413543701172
12300,33.42085266113281
12301,24.900390625
12302,44.06855010986328
12303,36.201255798339844
12304,25.35877227783203
12305,39.485382080078125
12306,75.0543212890625
12307,30.24538230895996
12308,49.971248626708984
12309,30.067712783813477
12310,34.39889907836914
12311,38.123878479003906
12312,34.793819427490234
12313,34.8155403137207
12314,45.774024963378906
12315,59.8205680847168
12316,33.27370834350586
12317,29.296619415283203
12318,25.11589813232422
12319,35.9305305480957
12320,27.025537490844727
12321,25.895584106445312
12322,26.691329956054688
12323,26.52858543395996
12324,36.74509811401367
12325,29.80236053466797
12326,46.79150390625
12327,36.710758209228516
12328,46.445350646972656
12329,67.62396240234375
12330,53.23999786376953
12331,48.086517333984375
12332,43.75735092163086
12333,20.9574031829834
12334,38.349266052246094
12335,27.262195587158203
12336,63.9261474609375
12337,36.43631362915039
12338,43.12323760986328
12339,33.683197021484375
12340,37.56031036376953
12341,35.692935943603516
12342,38.14691162109375
12343,24.420795440673828
12344,25.120859146118164
12345,49.537052154541016
12346,23.380535125732422
12347,43.82389450073242
12348,32.75737380981445
12349,24.47194480895996
12350,30.422176361083984
12351,57.29128646850586
12352,33.86946487426758
12353,24.219205856323242
12354,32.44272232055664
12355,41.885292053222656
12356,49.89206314086914
12357,35.1674919128418
12358,67.36784362792969
12359,34.52690124511719
12360,33.67514419555664
12361,33.41252899169922
12362,24.90523910522461
12363,44.07023239135742
12364,36.19100570678711
12365,25.372840881347656
12366,39.48625183105469
12367,75.02212524414062
12368,30.24037742614746
12369,49.961280822753906
12370,30.07548713684082
12371,34.3990592956543
12372,38.1108512878418
12373,34.80350112915039
12374,34.819366455078125
12375,45.753929138183594
12376,59.781551361083984
12377,33.27761459350586
12378,29.30974006652832
12379,25.118438720703125
12380,35.93462371826172
12381,27.019790649414062
12382,25.903030395507812
12383,26.696109771728516
12384,26.54159927368164
12385,36.7472038269043
12386,29.798627853393555
12387,46.7801628112793
12388,36.705467224121094
12389,46.44075393676758
12390,67.60895538330078
12391,53.22922897338867
12392,48.08194351196289
12393,43.74306106567383
12394,20.96528434753418
12395,38.34430694580078
12396,27.26959228515625
12397,63.907249450683594
12398,36.43144989013672
12399,43.13019561767578
12400,33.69283676147461
12401,37.55908203125
12402,35.6937255859375
12403,38.1437873840332
12404,24.425979614257812
12405,25.116439819335938
12406,49.53525161743164
12407,23.37978172302246
12408,43.82563018798828
12409,32.75270462036133
12410,24.45929527282715
12411,30.421499252319336
12412,57.289085388183594
12413,33.870121002197266
12414,24.211711883544922
12415,32.42803955078125
12416,41.885047912597656
12417,49.87783432006836
12418,35.16185760498047
12419,67.36480712890625
12420,34.532291412353516
12421,33.66642761230469
12422,33.40425491333008
12423,24.91047477722168
12424,44.07268142700195
12425,36.17957305908203
12426,25.38738441467285
12427,39.48696517944336
12428,74.98883819580078
12429,30.235055923461914
12430,49.95124053955078
12431,30.08392906188965
12432,34.39952850341797
12433,38.09792709350586
12434,34.813446044921875
12435,34.82380294799805
12436,45.73332977294922
12437,59.74107360839844
12438,33.28229522705078
12439,29.322956085205078
12440,25.120912551879883
12441,35.93870544433594
12442,27.013843536376953
12443,25.911014556884766
12444,26.700578689575195
12445,26.5559024810791
12446,36.7495231628418
12447,29.79465675354004
12448,46.76871871948242
12449,36.6999626159668
12450,46.436073303222656
12451,67.59368133544922
12452,53.218692779541016
12453,48.07804870605469
12454,43.72876739501953
12455,20.972654342651367
12456,38.33899688720703
12457,27.27785873413086
12458,63.88786697387695
12459,36.426395416259766
12460,43.13658142089844
12461,33.702491760253906
12462,37.557830810546875
12463,35.694602966308594
12464,38.14090347290039
12465,24.4318790435791
12466,25.11271858215332
12467,49.53345489501953
12468,23.37977409362793
12469,43.82704162597656
12470,32.74760437011719
12471,24.446462631225586
12472,30.421165466308594
12473,57.28703689575195
12474,33.87135696411133
12475,24.203481674194336
12476,32.41285705566406
12477,41.88458251953125
12478,49.86337661743164
12479,35.15603256225586
12480,67.36202239990234
12481,34.538578033447266
12482,33.65836715698242
12483,33.39588165283203
12484,24.91598129272461
12485,44.076473236083984
12486,36.16616439819336
12487,25.40300750732422
12488,39.48707962036133
12489,74.95445251464844
12490,30.22926902770996
12491,49.941070556640625
12492,30.09307861328125
12493,34.400962829589844
12494,38.08475875854492
12495,34.8239631652832
12496,34.82901382446289
12497,45.71150588989258
12498,59.69849395751953
12499,33.28778076171875
12500,29.33681869506836
12501,25.123598098754883
12502,35.94281005859375
12503,27.0078125
12504,25.920124053955078
12505,26.704832077026367
12506,26.5720272064209
12507,36.75246810913086
12508,29.79060935974121
12509,46.75680923461914
12510,36.694332122802734
12511,46.43126678466797
12512,67.57746887207031
12513,53.208370208740234
12514,48.07479476928711
12515,43.714229583740234
12516,20.979631423950195
12517,38.33318328857422
12518,27.2871150970459
12519,63.867713928222656
12520,36.42112731933594
12521,43.142269134521484
12522,33.71221923828125
12523,37.556522369384766
12524,35.69526290893555
12525,38.138248443603516
12526,24.438823699951172
12527,25.10986328125
12528,49.53170394897461
12529,23.380388259887695
12530,43.827964782714844
12531,32.74171829223633
12532,24.433515548706055
12533,30.42121124267578
12534,57.28512954711914
12535,33.873451232910156
12536,24.19443130493164
12537,32.396976470947266
12538,41.88377380371094
12539,49.848548889160156
12540,35.14970016479492
12541,67.35955047607422
12542,34.545650482177734
12543,33.65074920654297
12544,33.38733673095703
12545,24.9218807220459
12546,44.08171463012695
12547,36.15058135986328
12548,25.419588088989258
12549,39.48670196533203
12550,74.91856384277344
12551,30.22286605834961
12552,49.930667877197266
12553,30.103145599365234
12554,34.403324127197266
12555,38.0715217590332
12556,34.83489990234375
12557,34.83525466918945
12558,45.688419342041016
12559,59.653602600097656
12560,33.29405212402344
12561,29.351076126098633
12562,25.12613296508789
12563,35.947174072265625
12564,27.001646041870117
12565,25.93026351928711
12566,26.708541870117188
12567,26.590065002441406
12568,36.755924224853516
12569,29.786405563354492
12570,46.74454116821289
12571,36.688655853271484
12572,46.425968170166016
12573,67.55980682373047
12574,53.19789505004883
12575,48.07247543334961
12576,43.699195861816406
12577,20.986509323120117
12578,38.326934814453125
12579,27.29768943786621
12580,63.84627151489258
12581,36.415523529052734
12582,43.14701843261719
12583,33.72223663330078
12584,37.5551872253418
12585,35.695831298828125
12586,38.135963439941406
12587,24.446765899658203
12588,25.108009338378906
12589,49.530052185058594
12590,23.3817195892334
12591,43.828590393066406
12592,32.735137939453125
12593,24.42037582397461
12594,30.421525955200195
12595,57.283294677734375
12596,33.876708984375
12597,24.184480667114258
12598,32.380191802978516
12599,41.88261795043945
12600,49.83333969116211
12601,35.14290237426758
12602,67.35779571533203
12603,34.553916931152344
12604,33.64395523071289
12605,33.37862777709961
12606,24.927692413330078
12607,44.08912658691406
12608,36.131683349609375
12609,25.437820434570312
12610,39.48567581176758
12611,74.88077545166016
12612,30.215486526489258
12613,49.92017364501953
12614,30.11430549621582
12615,34.40760803222656
12616,38.057987213134766
12617,34.84635543823242
12618,34.842525482177734
12619,45.663509368896484
12620,59.60555648803711
12621,33.301509857177734
12622,29.36631202697754
12623,25.129026412963867
12624,35.95205307006836
12625,26.99532127380371
12626,25.9422664642334
12627,26.71195411682129
12628,26.610868453979492
12629,36.76008605957031
12630,29.782041549682617
12631,46.731258392333984
12632,36.68302536010742
12633,46.41969299316406
12634,67.5401840209961
12635,53.1871223449707
12636,48.07136535644531
12637,43.68374252319336
12638,20.99275779724121
12639,38.319908142089844
12640,27.309646606445312
12641,63.8238639831543
12642,36.41001892089844
12643,43.150840759277344
12644,33.732215881347656
12645,37.55408477783203
12646,35.6959114074707
12647,38.13392639160156
12648,24.455936431884766
12649,25.107364654541016
12650,49.52805709838867
12651,23.38390350341797
12652,43.828460693359375
12653,32.7275505065918
12654,24.4068546295166
12655,30.422155380249023
12656,57.28141403198242
12657,33.881046295166016
12658,24.173452377319336
12659,32.363059997558594
12660,41.88044357299805
12661,49.81604766845703
12662,35.13544845581055
12663,67.35442352294922
12664,34.56312942504883
12665,33.63587951660156
12666,33.369842529296875
12667,24.9350643157959
12668,44.09786605834961
12669,36.11229705810547
12670,25.457523345947266
12671,39.484500885009766
12672,74.84101104736328
12673,30.207490921020508
12674,49.90925216674805
12675,30.126964569091797
12676,34.41341018676758
12677,38.04396438598633
12678,34.85868453979492
12679,34.851375579833984
12680,45.63637161254883
12681,59.5548095703125
12682,33.309791564941406
12683,29.382287979125977
12684,25.131912231445312
12685,35.957054138183594
12686,26.988651275634766
12687,25.95545196533203
12688,26.71506690979004
12689,26.633777618408203
12690,36.7651481628418
12691,29.777400970458984
12692,46.716697692871094
12693,36.67762756347656
12694,46.412113189697266
12695,67.51858520507812
12696,53.175514221191406
12697,48.071781158447266
12698,43.6673469543457
12699,20.998985290527344
12700,38.31223678588867
12701,27.323213577270508
12702,63.79994583129883
12703,36.40380859375
12704,43.15426254272461
12705,33.74242401123047
12706,37.55267333984375
12707,35.695682525634766
12708,38.13225555419922
12709,24.466493606567383
12710,25.107730865478516
12711,49.52619934082031
12712,23.386539459228516
12713,43.82832336425781
12714,32.71898651123047
12715,24.392946243286133
12716,30.42310905456543
12717,57.27944564819336
12718,33.88649368286133
12719,24.16168975830078
12720,32.345252990722656
12721,41.87774658203125
12722,49.79774475097656
12723,35.127777099609375
12724,67.35086822509766
12725,34.57358932495117
12726,33.62754440307617
12727,33.360572814941406
12728,24.94327735900879
12729,44.10813522338867
12730,36.09149169921875
12731,25.478239059448242
12732,39.483245849609375
12733,74.79975891113281
12734,30.19858169555664
12735,49.89820098876953
12736,30.140710830688477
12737,34.419918060302734
12738,38.02975082397461
12739,34.871620178222656
12740,34.86178207397461
12741,45.60738754272461
12742,59.50177764892578
12743,33.318965911865234
12744,29.39912223815918
12745,25.134841918945312
12746,35.962215423583984
12747,26.981605529785156
12748,25.96976089477539
12749,26.717870712280273
12750,26.658111572265625
12751,36.771026611328125
12752,29.772720336914062
12753,46.701332092285156
12754,36.67188262939453
12755,46.40452194213867
12756,67.49627685546875
12757,53.1640510559082
12758,48.07291793823242
12759,43.65074920654297
12760,21.004533767700195
12761,38.30393981933594
12762,27.338016510009766
12763,63.77559280395508
12764,36.39732360839844
12765,43.157249450683594
12766,33.75288009643555
12767,37.551109313964844
12768,35.695335388183594
12769,38.13112258911133
12770,24.47813606262207
12771,25.109189987182617
12772,49.52458572387695
12773,23.390161514282227
12774,43.827903747558594
12775,32.709720611572266
12776,24.378807067871094
12777,30.424571990966797
12778,57.277584075927734
12779,33.89315414428711
12780,24.1490421295166
12781,32.32658386230469
12782,41.874725341796875
12783,49.778594970703125
12784,35.11980438232422
12785,67.34777069091797
12786,34.5852165222168
12787,33.61993408203125
12788,33.35106658935547
12789,24.951766967773438
12790,44.12017822265625
12791,36.068241119384766
12792,25.500247955322266
12793,39.481689453125
12794,74.75685119628906
12795,30.18890953063965
12796,49.887184143066406
12797,30.155590057373047
12798,34.427040100097656
12799,38.01557540893555
12800,34.88475036621094
12801,34.873626708984375
12802,45.576717376708984
12803,59.44606018066406
12804,33.32926940917969
12805,29.416852951049805
12806,25.138036727905273
12807,35.9673957824707
12808,26.974502563476562
12809,25.985488891601562
12810,26.720304489135742
12811,26.68406867980957
12812,36.77756118774414
12813,29.768169403076172
12814,46.68515396118164
12815,36.66602325439453
12816,46.39667892456055
12817,67.47293853759766
12818,53.15273666381836
12819,48.07474136352539
12820,43.6338996887207
12821,21.009212493896484
12822,38.29518127441406
12823,27.35411834716797
12824,63.75066375732422
12825,36.39057159423828
12826,43.15974807739258
12827,33.76362609863281
12828,37.54955291748047
12829,35.69491195678711
12830,38.13056945800781
12831,24.491168975830078
12832,25.111352920532227
12833,49.52320861816406
12834,23.3946475982666
12835,43.82745361328125
12836,32.699832916259766
12837,24.364299774169922
12838,30.426612854003906
12839,57.2757453918457
12840,33.900997161865234
12841,24.135496139526367
12842,32.307090759277344
12843,41.871456146240234
12844,49.758819580078125
12845,35.111549377441406
12846,67.34497833251953
12847,34.59822463989258
12848,33.61296463012695
12849,33.341217041015625
12850,24.960952758789062
12851,44.134315490722656
12852,36.042232513427734
12853,25.523422241210938
12854,39.47983932495117
12855,74.71224975585938
12856,30.178260803222656
12857,49.87602233886719
12858,30.1715087890625
12859,34.43462371826172
12860,38.001373291015625
12861,34.89809799194336
12862,34.887516021728516
12863,45.54430389404297
12864,59.38762664794922
12865,33.34086227416992
12866,29.435565948486328
12867,25.141305923461914
12868,35.972877502441406
12869,26.967180252075195
12870,26.002809524536133
12871,26.722381591796875
12872,26.71156883239746
12873,36.78487014770508
12874,29.76358413696289
12875,46.66815948486328
12876,36.659942626953125
12877,46.38832092285156
12878,67.4481430053711
12879,53.14134216308594
12880,48.07704162597656
12881,43.61647033691406
12882,21.013898849487305
12883,38.28573989868164
12884,27.37183380126953
12885,63.72459030151367
12886,36.383338928222656
12887,43.161895751953125
12888,33.77473068237305
12889,37.548004150390625
12890,35.69444274902344
12891,38.130409240722656
12892,24.505407333374023
12893,25.11445426940918
12894,49.5223503112793
12895,23.400110244750977
12896,43.82682800292969
12897,32.689064025878906
12898,24.349424362182617
12899,30.42919921875
12900,57.27414321899414
12901,33.91026306152344
12902,24.120986938476562
12903,32.28663635253906
12904,41.86802673339844
12905,49.73823547363281
12906,35.10304641723633
12907,67.34266662597656
12908,34.612892150878906
12909,33.606666564941406
12910,33.33086013793945
12911,24.970842361450195
12912,44.15052032470703
12913,36.01344299316406
12914,25.547985076904297
12915,39.4776496887207
12916,74.66604614257812
12917,30.166465759277344
12918,49.86504364013672
12919,30.1884822845459
12920,34.4426155090332
12921,37.987430572509766
12922,34.91176986694336
12923,34.90326690673828
12924,45.50993728637695
12925,59.32646560668945
12926,33.35378646850586
12927,29.455190658569336
12928,25.14470863342285
12929,35.97842788696289
12930,26.95975685119629
12931,26.02164649963379
12932,26.72397232055664
12933,26.74053192138672
12934,36.79313659667969
12935,29.759052276611328
12936,46.64999008178711
12937,36.65354919433594
12938,46.37899398803711
12939,67.42135620117188
12940,53.129310607910156
12941,48.07975387573242
12942,43.59796142578125
12943,21.01931381225586
12944,38.27557373046875
12945,27.391521453857422
12946,63.69559097290039
12947,36.37449645996094
12948,43.163631439208984
12949,33.786865234375
12950,37.54560470581055
12951,35.69428253173828
12952,38.131168365478516
12953,24.521303176879883
12954,25.119203567504883
12955,49.522003173828125
12956,23.406686782836914
12957,43.826194763183594
12958,32.677391052246094
12959,24.334115982055664
12960,30.432497024536133
12961,57.2734375
12962,33.92136001586914
12963,24.105321884155273
12964,32.26487350463867
12965,41.8642463684082
12966,49.717506408691406
12967,35.09407043457031
12968,67.34092712402344
12969,34.62928009033203
12970,33.600990295410156
12971,33.3204231262207
12972,24.981958389282227
12973,44.16917037963867
12974,35.98225021362305
12975,25.573835372924805
12976,39.474945068359375
12977,74.61791229248047
12978,30.153491973876953
12979,49.85374450683594
12980,30.20735740661621
12981,34.451656341552734
12982,37.97328567504883
12983,34.926109313964844
12984,34.92145919799805
12985,45.4731330871582
12986,59.261783599853516
12987,33.36830139160156
12988,29.475662231445312
12989,25.14813804626465
12990,35.98393249511719
12991,26.952062606811523
12992,26.042341232299805
12993,26.724885940551758
12994,26.77202796936035
12995,36.80226516723633
12996,29.754375457763672
12997,46.6308479309082
12998,36.64693069458008
12999,46.369266510009766
13000,67.3930435180664
13001,53.117393493652344
13002,48.0836067199707
13003,43.579132080078125
13004,21.02435302734375
13005,38.264556884765625
13006,27.41339874267578
13007,63.664913177490234
13008,36.364688873291016
13009,43.164363861083984
13010,33.79969024658203
13011,37.54279327392578
13012,35.6944465637207
13013,38.13275909423828
13014,24.5404109954834
13015,25.12531089782715
13016,49.5225944519043
13017,23.414875030517578
13018,43.82526779174805
13019,32.66463851928711
13020,24.31842041015625
13021,30.436487197875977
13022,57.27322769165039
13023,33.93440628051758
13024,24.088409423828125
13025,32.24186325073242
13026,41.8600959777832
13027,49.69624710083008
13028,35.0848503112793
13029,67.33983612060547
13030,34.647708892822266
13031,33.59626007080078
13032,33.309608459472656
13033,24.994016647338867
13034,44.1907958984375
13035,35.94746017456055
13036,25.601173400878906
13037,39.47153854370117
13038,74.5679931640625
13039,30.13900375366211
13040,49.84274673461914
13041,30.2276611328125
13042,34.461326599121094
13043,37.95953369140625
13044,34.94056701660156
13045,34.9424934387207
13046,45.43399429321289
13047,59.1939697265625
13048,33.38450241088867
13049,29.497058868408203
13050,25.15140724182129
13051,35.98915100097656
13052,26.944089889526367
13053,26.06478500366211
13054,26.724958419799805
13055,26.805217742919922
13056,36.81258773803711
13057,29.74964714050293
13058,46.61056137084961
13059,36.640098571777344
13060,46.35868835449219
13061,67.36277770996094
13062,53.1051025390625
13063,48.0878791809082
13064,43.55907440185547
13065,21.029844284057617
13066,38.252708435058594
13067,27.4373722076416
13068,63.631980895996094
13069,36.35364532470703
13070,43.16441345214844
13071,33.81336975097656
13072,37.53982162475586
13073,35.69480514526367
13074,38.13531494140625
13075,24.562421798706055
13076,25.132726669311523
13077,49.524112701416016
13078,23.424110412597656
13079,43.8243293762207
13080,32.65116500854492
13081,24.302276611328125
13082,30.441556930541992
13083,57.27369689941406
13084,33.94919967651367
13085,24.07032012939453
13086,32.21807098388672
13087,41.85560607910156
13088,49.67448043823242
13089,35.075469970703125
13090,67.33935546875
13091,34.668155670166016
13092,33.59311294555664
13093,33.298362731933594
13094,25.006824493408203
13095,44.21502685546875
13096,35.9082145690918
13097,25.62940788269043
13098,39.46756362915039
13099,74.5172348022461
13100,30.123023986816406
13101,49.8322868347168
13102,30.24862289428711
13103,34.46998977661133
13104,37.94727325439453
13105,34.95389938354492
13106,34.96649932861328
13107,45.393428802490234
13108,59.12507629394531
13109,33.40247344970703
13110,29.518943786621094
13111,25.15482521057129
13112,35.99363327026367
13113,26.936573028564453
13114,26.089256286621094
13115,26.723472595214844
13116,26.837709426879883
13117,36.82365798950195
13118,29.745471954345703
13119,46.58832931518555
13120,36.632755279541016
13121,46.34614562988281
13122,67.3294448852539
13123,53.0919189453125
13124,48.09089660644531
13125,43.53776550292969
13126,21.03664207458496
13127,38.240203857421875
13128,27.46321678161621
13129,63.596927642822266
13130,36.34181213378906
13131,43.16431427001953
13132,33.82767868041992
13133,37.53660202026367
13134,35.69533920288086
13135,38.138694763183594
13136,24.586076736450195
13137,25.140483856201172
13138,49.52684020996094
13139,23.434471130371094
13140,43.82381057739258
13141,32.6371955871582
13142,24.285503387451172
13143,30.447668075561523
13144,57.275115966796875
13145,33.96564483642578
13146,24.05137062072754
13147,32.19330978393555
13148,41.850921630859375
13149,49.651981353759766
13150,35.0661735534668
13151,67.33865356445312
13152,34.6905632019043
13153,33.590118408203125
13154,33.28675079345703
13155,25.021638870239258
13156,44.24103927612305
13157,35.86777114868164
13158,25.658077239990234
13159,39.463775634765625
13160,74.46543884277344
13161,30.105897903442383
13162,49.82212448120117
13163,30.27086639404297
13164,34.47665786743164
13165,37.93537521362305
13166,34.96721649169922
13167,34.99343490600586
13168,45.351112365722656
13169,59.05448532104492
13170,33.4217643737793
13171,29.541568756103516
13172,25.158199310302734
13173,35.99702835083008
13174,26.928821563720703
13175,26.114816665649414
13176,26.721237182617188
13177,26.869657516479492
13178,36.835540771484375
13179,29.741456985473633
13180,46.56455993652344
13181,36.62462615966797
13182,46.334014892578125
13183,67.29563903808594
13184,53.07913589477539
13185,48.09347915649414
13186,43.51620101928711
13187,21.043325424194336
13188,38.22692108154297
13189,27.49099349975586
13190,63.560630798339844
13191,36.32866668701172
13192,43.1640739440918
13193,33.84309387207031
13194,37.53294372558594
13195,35.69633483886719
13196,38.1432991027832
13197,24.611602783203125
13198,25.1492977142334
13199,49.53078079223633
13200,23.446123123168945
13201,43.82358932495117
13202,32.6224479675293
13203,24.268239974975586
13204,30.454715728759766
13205,57.27741241455078
13206,33.98393249511719
13207,24.031532287597656
13208,32.167686462402344
13209,41.845462799072266
13210,49.627689361572266
13211,35.05682373046875
13212,67.33609008789062
13213,34.71499252319336
13214,33.58522033691406
13215,33.27501678466797
13216,25.040212631225586
13217,44.26826477050781
13218,35.83181381225586
13219,25.687402725219727
13220,39.4610710144043
13221,74.41089630126953
13222,30.087919235229492
13223,49.81076431274414
13224,30.297061920166016
13225,34.483375549316406
13226,37.9210090637207
13227,34.984352111816406
13228,35.02350997924805
13229,45.305484771728516
13230,58.978126525878906
13231,33.4422492980957
13232,29.56580352783203
13233,25.161413192749023
13234,35.998069763183594
13235,26.919540405273438
13236,26.141334533691406
13237,26.717815399169922
13238,26.904346466064453
13239,36.84907531738281
13240,29.7363338470459
13241,46.538963317871094
13242,36.615997314453125
13243,46.322669982910156
13244,67.261962890625
13245,53.066490173339844
13246,48.100399017333984
13247,43.494171142578125
13248,21.048629760742188
13249,38.21232604980469
13250,27.523096084594727
13251,63.52105712890625
13252,36.312496185302734
13253,43.16236877441406
13254,33.85936737060547
13255,37.52757263183594
13256,35.697021484375
13257,38.149478912353516
13258,24.6403751373291
13259,25.162153244018555
13260,49.53553009033203
13261,23.459867477416992
13262,43.82318115234375
13263,32.605506896972656
13264,24.250545501708984
13265,30.462984085083008
13266,57.279781341552734
13267,34.00586700439453
13268,24.009784698486328
13269,32.140987396240234
13270,41.83839797973633
13271,49.60152053833008
13272,35.04678726196289
13273,67.3329849243164
13274,34.74231719970703
13275,33.579872131347656
13276,33.26282501220703
13277,25.061616897583008
13278,44.29903030395508
13279,35.7955322265625
13280,25.71807861328125
13281,39.458518981933594
13282,74.35395050048828
13283,30.068145751953125
13284,49.79872512817383
13285,30.326351165771484
13286,34.489376068115234
13287,37.905521392822266
13288,35.00343322753906
13289,35.057804107666016
13290,45.25596237182617
13291,58.89682388305664
13292,33.46442413330078
13293,29.59126853942871
13294,25.16456413269043
13295,35.99715805053711
13296,26.909547805786133
13297,26.169677734375
13298,26.71273422241211
13299,26.94010353088379
13300,36.86408615112305
13301,29.730682373046875
13302,46.511451721191406
13303,36.60675811767578
13304,46.31129837036133
13305,67.2268295288086
13306,53.05387878417969
13307,48.108795166015625
13308,43.4713020324707
13309,21.053686141967773
13310,38.1965217590332
13311,27.558900833129883
13312,63.47865676879883
13313,36.293827056884766
13314,43.159515380859375
13315,33.876800537109375
13316,37.52063751220703
13317,35.69791030883789
13318,38.15608596801758
13319,24.672494888305664
13320,25.177465438842773
13321,49.5417594909668
13322,23.475671768188477
13323,43.82289123535156
13324,32.587013244628906
13325,24.23263168334961
13326,30.47236442565918
13327,57.2830810546875
13328,34.030818939208984
13329,23.986488342285156
13330,32.1126823425293
13331,41.83038330078125
13332,49.57421875
13333,35.03652572631836
13334,67.32965087890625
13335,34.77286911010742
13336,33.57500076293945
13337,33.250099182128906
13338,25.085853576660156
13339,44.33252716064453
13340,35.75690460205078
13341,25.74896812438965
13342,39.456138610839844
13343,74.2961654663086
13344,30.04636573791504
13345,49.787166595458984
13346,30.357038497924805
13347,34.48983383178711
13348,37.89109420776367
13349,35.021629333496094
13350,35.09681701660156
13351,45.20509719848633
13352,58.81450271606445
13353,33.488380432128906
13354,29.61713409423828
13355,25.167661666870117
13356,35.9930305480957
13357,26.899757385253906
13358,26.198434829711914
13359,26.70589828491211
13360,26.97064208984375
13361,36.879234313964844
13362,29.72572898864746
13363,46.48358154296875
13364,36.59513473510742
13365,46.30118942260742
13366,67.19239807128906
13367,53.042789459228516
13368,48.113182067871094
13369,43.44829559326172
13370,21.059541702270508
13371,38.179649353027344
13372,27.596633911132812
13373,63.43458557128906
13374,36.27313232421875
13375,43.15676498413086
13376,33.89607238769531
13377,37.513362884521484
13378,35.70014953613281
13379,38.16397476196289
13380,24.706626892089844
13381,25.193218231201172
13382,49.551055908203125
13383,23.49348258972168
13384,43.82350540161133
13385,32.56846237182617
13386,24.21433448791504
13387,30.4837589263916
13388,57.28786849975586
13389,34.05817794799805
13390,23.961997985839844
13391,32.0850830078125
13392,41.81885528564453
13393,49.5400505065918
13394,35.026100158691406
13395,67.31464385986328
13396,34.805450439453125
13397,33.55760955810547
13398,33.23672866821289
13399,25.12075424194336
13400,44.364654541015625
13401,35.73225402832031
13402,25.77927017211914
13403,39.456398010253906
13404,74.23596954345703
13405,30.022972106933594
13406,49.774505615234375
13407,30.391393661499023
13408,34.48600769042969
13409,37.87565994262695
13410,35.040916442871094
13411,35.14185333251953
13412,45.14968490600586
13413,58.732078552246094
13414,33.512359619140625
13415,29.642410278320312
13416,25.1688232421875
13417,35.984107971191406
13418,26.887348175048828
13419,26.225128173828125
13420,26.697242736816406
13421,26.996562957763672
13422,36.89512252807617
13423,29.719097137451172
13424,46.453330993652344
13425,36.58183288574219
13426,46.29104232788086
13427,67.15780639648438
13428,53.02988052368164
13429,48.117557525634766
13430,43.423683166503906
13431,21.06797218322754
13432,38.161949157714844
13433,27.638486862182617
13434,63.38556671142578
13435,36.246978759765625
13436,43.15416717529297
13437,33.917564392089844
13438,37.502655029296875
13439,35.70333480834961
13440,38.17424011230469
13441,24.74272918701172
13442,25.211244583129883
13443,49.562862396240234
13444,23.512699127197266
13445,43.8254280090332
13446,32.54899597167969
13447,24.195377349853516
13448,30.49650764465332
13449,57.2939453125
13450,34.088409423828125
13451,23.93656349182129
13452,32.05659103393555
13453,41.805973052978516
13454,49.504234313964844
13455,35.01548385620117
13456,67.29630279541016
13457,34.84053039550781
13458,33.53696060180664
13459,33.22264862060547
13460,25.1611385345459
13461,44.39649963378906
13462,35.712467193603516
13463,25.80797004699707
13464,39.45802688598633
13465,74.17434692382812
13466,29.998798370361328
13467,49.761112213134766
13468,30.4266357421875
13469,34.471534729003906
13470,37.85976791381836
13471,35.060237884521484
13472,35.19029235839844
13473,45.095603942871094
13474,58.64982223510742
13475,33.53665542602539
13476,29.667490005493164
13477,25.169883728027344
13478,35.96958923339844
13479,26.87550926208496
13480,26.250137329101562
13481,26.686628341674805
13482,27.01271629333496
13483,36.909759521484375
13484,29.71320343017578
13485,46.42503356933594
13486,36.56489181518555
13487,46.286109924316406
13488,67.12904357910156
13489,53.02167510986328
13490,48.11643981933594
13491,43.401363372802734
13492,21.07488441467285
13493,38.14370346069336
13494,27.680614471435547
13495,63.338016510009766
13496,36.218990325927734
13497,43.15214157104492
13498,33.94063949584961
13499,37.491371154785156
13500,35.70820236206055
13501,38.18599319458008
13502,24.780311584472656
13503,25.229347229003906
13504,49.57782745361328
13505,23.53449249267578
13506,43.828426361083984
13507,32.529998779296875
13508,24.17696189880371
13509,30.51095962524414
13510,57.30113220214844
13511,34.120643615722656
13512,23.910146713256836
13513,32.02720642089844
13514,41.792964935302734
13515,49.467933654785156
13516,35.00534439086914
13517,67.27761840820312
13518,34.87892532348633
13519,33.51691818237305
13520,33.20734405517578
13521,25.205841064453125
13522,44.425865173339844
13523,35.69813919067383
13524,25.832969665527344
13525,39.462738037109375
13526,74.10858917236328
13527,29.976343154907227
13528,49.7451286315918
13529,30.462697982788086
13530,34.4354362487793
13531,37.83989334106445
13532,35.083805084228516
13533,35.239681243896484
13534,45.04969024658203
13535,58.5659294128418
13536,33.5612907409668
13537,29.696617126464844
13538,25.17425537109375
13539,35.943111419677734
13540,26.86821937561035
13541,26.27410125732422
13542,26.670127868652344
13543,27.00564956665039
13544,36.9217643737793
13545,29.71036720275879
13546,46.39773178100586
13547,36.543190002441406
13548,46.28561782836914
13549,67.10758209228516
13550,53.019248962402344
13551,48.10611343383789
13552,43.38264083862305
13553,21.078420639038086
13554,38.12451171875
13555,27.72237777709961
13556,63.29530715942383
13557,36.190147399902344
13558,43.150970458984375
13559,33.96405792236328
13560,37.48009490966797
13561,35.71384048461914
13562,38.20003128051758
13563,24.818584442138672
13564,25.246379852294922
13565,49.596195220947266
13566,23.558055877685547
13567,43.833229064941406
13568,32.51130676269531
13569,24.1586856842041
13570,30.527568817138672
13571,57.30809020996094
13572,34.154754638671875
13573,23.883039474487305
13574,31.998254776000977
13575,41.77928924560547
13576,49.4286003112793
13577,34.99651336669922
13578,67.25653076171875
13579,34.92063903808594
13580,33.49707794189453
13581,33.18986511230469
13582,25.25904083251953
13583,44.44319534301758
13584,35.70733642578125
13585,25.85146713256836
13586,39.47677993774414
13587,74.02470397949219
13588,29.964275360107422
13589,49.718021392822266
13590,30.50366973876953
13591,34.35837173461914
13592,37.800750732421875
13593,35.13017272949219
13594,35.28080368041992
13595,45.02627182006836
13596,58.46403884887695
13597,33.585994720458984
13598,29.739824295043945
13599,25.193174362182617
13600,35.891204833984375
13601,26.873863220214844
13602,26.30066680908203
13603,26.640377044677734
13604,26.952749252319336
13605,36.928306579589844
13606,29.714616775512695
13607,46.36945343017578
13608,36.51564407348633
13609,46.29283142089844
13610,67.10087585449219
13611,53.02822494506836
13612,48.08466720581055
13613,43.372833251953125
13614,21.06925392150879
13615,38.10420227050781
13616,27.761072158813477
13617,63.26898956298828
13618,36.164031982421875
13619,43.15166091918945
13620,33.98442459106445
13621,37.47056198120117
13622,35.717735290527344
13623,38.217018127441406
13624,24.855823516845703
13625,25.260534286499023
13626,49.61726379394531
13627,23.581281661987305
13628,43.84067153930664
13629,32.49274444580078
13630,24.140766143798828
13631,30.546321868896484
13632,57.31134033203125
13633,34.18989562988281
13634,23.855554580688477
13635,31.97260284423828
13636,41.76274871826172
13637,49.381710052490234
13638,34.989681243896484
13639,67.2303237915039
13640,34.965362548828125
13641,33.47687530517578
13642,33.16893005371094
13643,25.33773422241211
13644,44.41128158569336
13645,35.82010269165039
13646,25.873062133789062
13647,39.52454376220703
13648,73.83238220214844
13649,30.006244659423828
13650,49.632320404052734
13651,30.590608596801758
13652,34.22746658325195
13653,37.659095764160156
13654,35.31264114379883
13655,35.267093658447266
13656,45.06718826293945
13657,58.23507308959961
13658,33.619266510009766
13659,29.85735511779785
13660,25.28013038635254
13661,35.77748107910156
13662,26.930192947387695
13663,26.365407943725586
13664,26.56943130493164
13665,26.80803680419922
13666,36.92877197265625
13667,29.742013931274414
13668,46.30534362792969
13669,36.490875244140625
13670,46.31241226196289
13671,67.13434600830078
13672,53.068294525146484
13673,48.06877136230469
13674,43.397064208984375
13675,20.998079299926758
13676,38.08354187011719
13677,27.784835815429688
13678,63.315616607666016
13679,36.15917205810547
13680,43.15385437011719
13681,33.9798583984375
13682,37.46813201904297
13683,35.70574951171875
13684,38.231422424316406
13685,24.880455017089844
13686,25.265893936157227
13687,49.63163757324219
13688,23.59330940246582
13689,43.8513069152832
13690,32.47261047363281
13691,24.12516975402832
13692,30.562395095825195
13693,57.29574966430664
13694,34.21977233886719
13695,23.833345413208008
13696,31.960403442382812
13697,41.73904800415039
13698,49.314117431640625
13699,34.98542404174805
13700,67.19608306884766
13701,35.00484848022461
13702,33.455562591552734
13703,33.14400863647461
13704,25.401365280151367
13705,44.38395309448242
13706,35.905277252197266
13707,25.891462326049805
13708,39.57128143310547
13709,73.6786880493164
13710,30.039514541625977
13711,49.568580627441406
13712,30.6589298248291
13713,34.10308837890625
13714,37.550804138183594
13715,35.45752716064453
13716,35.266117095947266
13717,45.103057861328125
13718,58.062496185302734
13719,33.65004348754883
13720,29.959022521972656
13721,25.354644775390625
13722,35.685726165771484
13723,26.97760009765625
13724,26.406005859375
13725,26.517446517944336
13726,26.63849449157715
13727,36.9197998046875
13728,29.770214080810547
13729,46.25795364379883
13730,36.46626281738281
13731,46.33115768432617
13732,67.1767349243164
13733,53.102108001708984
13734,48.01121139526367
13735,43.415897369384766
13736,20.955839157104492
13737,38.071895599365234
13738,27.78998565673828
13739,63.36159896850586
13740,36.15034866333008
13741,43.180110931396484
13742,33.98286437988281
13743,37.464881896972656
13744,35.706199645996094
13745,38.2424201965332
13746,24.893510818481445
13747,25.24907112121582
13748,49.655357360839844
13749,23.5998477935791
13750,43.87459182739258
13751,32.470802307128906
13752,24.10923957824707
13753,30.577932357788086
13754,57.28828430175781
13755,34.2343635559082
13756,23.82235336303711
13757,31.946449279785156
13758,41.733158111572266
13759,49.26578903198242
13760,34.98911666870117
13761,67.18035125732422
13762,35.03655242919922
13763,33.44678497314453
13764,33.11648178100586
13765,25.44719696044922
13766,44.35824966430664
13767,35.972721099853516
13768,25.902912139892578
13769,39.61687469482422
13770,73.55774688720703
13771,30.066341400146484
13772,49.52091598510742
13773,30.713407516479492
13774,33.99148941040039
13775,37.4656867980957
13776,35.57473373413086
13777,35.272438049316406
13778,45.130149841308594
13779,57.9322395324707
13780,33.67681884765625
13781,30.037200927734375
13782,25.40557861328125
13783,35.632450103759766
13784,27.006244659423828
13785,26.418354034423828
13786,26.500606536865234
13787,26.500953674316406
13788,36.90413284301758
13789,29.79467010498047
13790,46.25853729248047
13791,36.43209457397461
13792,46.36611557006836
13793,67.26154327392578
13794,53.16936111450195
13795,47.93465805053711
13796,43.44929122924805
13797,20.91069793701172
13798,38.065650939941406
13799,27.777095794677734
13800,63.41473388671875
13801,36.149261474609375
13802,43.22071838378906
13803,33.99668884277344
13804,37.469085693359375
13805,35.72075653076172
13806,38.24681091308594
13807,24.90950584411621
13808,25.22757339477539
13809,49.67887878417969
13810,23.619245529174805
13811,43.90021896362305
13812,32.478973388671875
13813,24.097265243530273
13814,30.592758178710938
13815,57.286136627197266
13816,34.24393844604492
13817,23.814645767211914
13818,31.91802978515625
13819,41.74529266357422
13820,49.23695373535156
13821,34.992889404296875
13822,67.1951675415039
13823,35.07034683227539
13824,33.455867767333984
13825,33.08908462524414
13826,25.508378982543945
13827,44.28229522705078
13828,36.18537902832031
13829,25.91891098022461
13830,39.71803283691406
13831,73.3392105102539
13832,30.176311492919922
13833,49.41473388671875
13834,30.8385066986084
13835,33.8433837890625
13836,37.260616302490234
13837,35.89156723022461
13838,35.217464447021484
13839,45.26451873779297
13840,57.688167572021484
13841,33.719764709472656
13842,30.194814682006836
13843,25.529123306274414
13844,35.52743911743164
13845,27.086528778076172
13846,26.427635192871094
13847,26.464548110961914
13848,26.23195457458496
13849,36.86254119873047
13850,29.8424015045166
13851,46.30329132080078
13852,36.38233184814453
13853,46.47273635864258
13854,67.42418670654297
13855,53.310821533203125
13856,47.774417877197266
13857,43.54534912109375
13858,20.82008171081543
13859,38.071929931640625
13860,27.698291778564453
13861,63.57842254638672
13862,36.195091247558594
13863,43.27510070800781
13864,33.98713684082031
13865,37.505374908447266
13866,35.74662399291992
13867,38.24261474609375
13868,24.891698837280273
13869,25.157745361328125
13870,49.72474670410156
13871,23.605512619018555
13872,43.95163345336914
13873,32.52375411987305
13874,24.09438705444336
13875,30.6108341217041
13876,57.288204193115234
13877,34.21827697753906
13878,23.834266662597656
13879,31.930932998657227
13880,41.763328552246094
13881,49.22142791748047
13882,35.023475646972656
13883,67.19784545898438
13884,35.07634353637695
13885,33.47341537475586
13886,33.057559967041016
13887,25.47992515563965
13888,44.321258544921875
13889,36.02311325073242
13890,25.898344039916992
13891,39.691104888916016
13892,73.43175506591797
13893,30.08466911315918
13894,49.481773376464844
13895,30.763399124145508
13896,33.801937103271484
13897,37.384281158447266
13898,35.685359954833984
13899,35.31256866455078
13900,45.14407730102539
13901,57.776912689208984
13902,33.71905517578125
13903,30.155485153198242
13904,25.472885131835938
13905,35.59131622314453
13906,27.03253746032715
13907,26.436744689941406
13908,26.502643585205078
13909,26.309173583984375
13910,36.88798141479492
13911,29.83540153503418
13912,46.2415657043457
13913,36.38628005981445
13914,46.416168212890625
13915,67.3166732788086
13916,53.220516204833984
13917,47.80584716796875
13918,43.4553337097168
13919,20.880279541015625
13920,38.051719665527344
13921,27.767623901367188
13922,63.46958923339844
13923,36.165218353271484
13924,43.30152893066406
13925,34.0224494934082
13926,37.493873596191406
13927,35.72900390625
13928,38.2510871887207
13929,24.93799591064453
13930,25.18329429626465
13931,49.71747589111328
13932,23.60654640197754
13933,43.96076583862305
13934,32.49336242675781
13935,24.06260871887207
13936,30.61918067932129
13937,57.266929626464844
13938,34.2458381652832
13939,23.81812858581543
13940,31.907569885253906
13941,41.75379180908203
13942,49.15660095214844
13943,35.01974105834961
13944,67.18375396728516
13945,35.108463287353516
13946,33.45730209350586
13947,33.03316879272461
13948,25.52924919128418
13949,44.28677749633789
13950,36.14823532104492
13951,25.916091918945312
13952,39.75925064086914
13953,73.29756164550781
13954,30.14206314086914
13955,49.42316436767578
13956,30.841922760009766
13957,33.698036193847656
13958,37.268470764160156
13959,35.866512298583984
13960,35.29974365234375
13961,45.2117805480957
13962,57.632266998291016
13963,33.74966049194336
13964,30.258544921875
13965,25.547555923461914
13966,35.529109954833984
13967,27.076539993286133
13968,26.441322326660156
13969,26.483844757080078
13970,26.128707885742188
13971,36.863548278808594
13972,29.86656379699707
13973,46.26195526123047
13974,36.35245132446289
13975,46.4866828918457
13976,67.42111206054688
13977,53.30356216430664
13978,47.698490142822266
13979,43.50739669799805
13980,20.830286026000977
13981,38.05356979370117
13982,27.725601196289062
13983,63.565189361572266
13984,36.18694305419922
13985,43.347801208496094
13986,34.02296829223633
13987,37.51422882080078
13988,35.74705505371094
13989,38.25310134887695
13990,24.931459426879883
13991,25.141218185424805
13992,49.744606018066406
13993,23.623891830444336
13994,43.997562408447266
13995,32.52193832397461
13996,24.052352905273438
13997,30.635766983032227
13998,57.27394104003906
13999,34.23500061035156
14000,23.82625961303711
14001,31.90061378479004
14002,41.773963928222656
14003,49.14432907104492
14004,35.0401496887207
14005,67.19450378417969
14006,35.124839782714844
14007,33.472633361816406
14008,33.00649642944336
14009,25.534568786621094
14010,44.2880744934082
14011,36.12112045288086
14012,25.911434173583984
14013,39.776344299316406
14014,73.28208923339844
14015,30.123191833496094
14016,49.42963790893555
14017,30.841773986816406
14018,33.63303756713867
14019,37.276580810546875
14020,35.84889602661133
14021,35.34223175048828
14022,45.18077087402344
14023,57.60366439819336
14024,33.76630401611328
14025,30.288070678710938
14026,25.55452537536621
14027,35.53546905517578
14028,27.069726943969727
14029,26.452594757080078
14030,26.49431610107422
14031,26.094839096069336
14032,36.86758804321289
14033,29.87726593017578
14034,46.23823547363281
14035,36.340965270996094
14036,46.48775863647461
14037,67.40959930419922
14038,53.29482650756836
14039,47.67266082763672
14040,43.48447799682617
14041,20.8362979888916
14042,38.0430793762207
14043,27.745450973510742
14044,63.551143646240234
14045,36.182960510253906
14046,43.3791389465332
14047,34.040428161621094
14048,37.518733978271484
14049,35.74360656738281
14050,38.25862121582031
14051,24.9560546875
14052,25.13957405090332
14053,49.750831604003906
14054,23.63266372680664
14055,44.01385498046875
14056,32.5167350769043
14057,24.03472328186035
14058,30.648454666137695
14059,57.26377487182617
14060,34.24660873413086
14061,23.819257736206055
14062,31.88499641418457
14063,41.777565002441406
14064,49.10477066040039
14065,35.046546936035156
14066,67.19464874267578
14067,35.15171432495117
14068,33.47536087036133
14069,32.98282241821289
14070,25.568904876708984
14071,44.26401138305664
14072,36.19652557373047
14073,25.932706832885742
14074,39.828495025634766
14075,73.16844177246094
14076,30.164236068725586
14077,49.38743591308594
14078,30.908044815063477
14079,33.57351303100586
14080,37.19157409667969
14081,35.9898567199707
14082,35.342864990234375
14083,45.21710968017578
14084,57.46661376953125
14085,33.802703857421875
14086,30.379352569580078
14087,25.61527442932129
14088,35.50971221923828
14089,27.103614807128906
14090,26.475168228149414
14091,26.4869441986084
14092,25.994152069091797
14093,36.85813903808594
14094,29.902345657348633
14095,46.243995666503906
14096,36.32029342651367
14097,46.534175872802734
14098,67.47237396240234
14099,53.35316467285156
14100,47.6118049621582
14101,43.51640319824219
14102,20.7921199798584
14103,38.03971481323242
14104,27.727933883666992
14105,63.61393737792969
14106,36.20180130004883
14107,43.41192626953125
14108,34.04213333129883
14109,37.53550720214844
14110,35.7490234375
14111,38.25979232788086
14112,24.966411590576172
14113,25.121376037597656
14114,49.76317596435547
14115,23.65422248840332
14116,44.029056549072266
14117,32.5279541015625
14118,24.030529022216797
14119,30.6630916595459
14120,57.259490966796875
14121,34.24812698364258
14122,23.815311431884766
14123,31.86760711669922
14124,41.79322052001953
14125,49.08523178100586
14126,35.05577087402344
14127,67.21356201171875
14128,35.17789077758789
14129,33.49614715576172
14130,32.96079635620117
14131,25.596715927124023
14132,44.24062728881836
14133,36.26704025268555
14134,25.967161178588867
14135,39.88029098510742
14136,73.0315933227539
14137,30.214941024780273
14138,49.33848190307617
14139,30.990808486938477
14140,33.551841735839844
14141,37.093170166015625
14142,36.16073226928711
14143,35.33793258666992
14144,45.25001907348633
14145,57.28867721557617
14146,33.85037612915039
14147,30.493019104003906
14148,25.695409774780273
14149,35.487911224365234
14150,27.145437240600586
14151,26.528215408325195
14152,26.47104263305664
14153,25.923587799072266
14154,36.862159729003906
14155,29.923559188842773
14156,46.21657180786133
14157,36.313087463378906
14158,46.54493713378906
14159,67.49568939208984
14160,53.38298416137695
14161,47.59676742553711
14162,43.53535461425781
14163,20.74285888671875
14164,38.0323486328125
14165,27.73413848876953
14166,63.66022872924805
14167,36.2083625793457
14168,43.429447174072266
14169,34.03621292114258
14170,37.53654479980469
14171,35.73890686035156
14172,38.26398849487305
14173,24.986404418945312
14174,25.125892639160156
14175,49.7625846862793
14176,23.670408248901367
14177,44.036163330078125
14178,32.51937484741211
14179,24.023731231689453
14180,30.671329498291016
14181,57.24441909790039
14182,34.26203918457031
14183,23.80626678466797
14184,31.852012634277344
14185,41.79127502441406
14186,49.05069351196289
14187,35.054290771484375
14188,67.21810913085938
14189,35.20271301269531
14190,33.4986457824707
14191,32.94416046142578
14192,25.619543075561523
14193,44.242435455322266
14194,36.303401947021484
14195,26.001663208007812
14196,39.910743713378906
14197,72.93240356445312
14198,30.23809242248535
14199,49.3072509765625
14200,31.052690505981445
14201,33.55241394042969
14202,37.03062438964844
14203,36.26932907104492
14204,35.34800720214844
14205,45.246910095214844
14206,57.15390396118164
14207,33.88700485229492
14208,30.57271385192871
14209,25.747154235839844
14210,35.47755813598633
14211,27.168468475341797
14212,26.576305389404297
14213,26.459325790405273
14214,25.896839141845703
14215,36.87248992919922
14216,29.93321418762207
14217,46.177921295166016
14218,36.3111686706543
14219,46.53361892700195
14220,67.48411560058594
14221,53.382965087890625
14222,47.604957580566406
14223,43.53263854980469
14224,20.715381622314453
14225,38.02230453491211
14226,27.756507873535156
14227,63.667930603027344
14228,36.20218276977539
14229,43.436214447021484
14230,34.03583908081055
14231,37.529762268066406
14232,35.72592544555664
14233,38.268245697021484
14234,25.0112361907959
14235,25.141450881958008
14236,49.75703430175781
14237,23.68120002746582
14238,44.037784576416016
14239,32.50194549560547
14240,24.014217376708984
14241,30.67619514465332
14242,57.2288818359375
14243,34.280052185058594
14244,23.794788360595703
14245,31.838594436645508
14246,41.78096008300781
14247,49.013336181640625
14248,35.047977447509766
14249,67.21078491210938
14250,35.22444534301758
14251,33.48942565917969
14252,32.931541442871094
14253,25.641054153442383
14254,44.254180908203125
14255,36.31736755371094
14256,26.030384063720703
14257,39.925865173339844
14258,72.86344909667969
14259,30.24273681640625
14260,49.28800582885742
14261,31.094829559326172
14262,33.5555305480957
14263,36.994239807128906
14264,36.33034133911133
14265,35.3656120300293
14266,45.22508239746094
14267,57.05951690673828
14268,33.9127311706543
14269,30.622079849243164
14270,25.77499771118164
14271,35.47144317626953
14272,27.177610397338867
14273,26.610998153686523
14274,26.450334548950195
14275,25.889108657836914
14276,36.88212203979492
14277,29.935956954956055
14278,46.143497467041016
14279,36.30876541137695
14280,46.51628875732422
14281,67.45870971679688
14282,53.370384216308594
14283,47.612388610839844
14284,43.5191764831543
14285,20.707260131835938
14286,38.0118293762207
14287,27.78007698059082
14288,63.65392303466797
14289,36.1917610168457
14290,43.43844985961914
14291,34.04042053222656
14292,37.52275085449219
14293,35.716453552246094
14294,38.271629333496094
14295,25.0325927734375
14296,25.155031204223633
14297,49.75328063964844
14298,23.68803596496582
14299,44.03801345825195
14300,32.4867057800293
14301,24.00444793701172
14302,30.680620193481445
14303,57.218326568603516
14304,34.29492950439453
14305,23.784160614013672
14306,31.828895568847656
14307,41.76995086669922
14308,48.981414794921875
14309,35.04250717163086
14310,67.19750213623047
14311,35.24158477783203
14312,33.47649002075195
14313,32.92116165161133
14314,25.661575317382812
14315,44.26365280151367
14316,36.31993103027344
14317,26.050756454467773
14318,39.93342590332031
14319,72.8153076171875
14320,30.239290237426758
14321,49.27600860595703
14322,31.12131690979004
14323,33.55039596557617
14324,36.97442626953125
14325,36.36131286621094
14326,35.384735107421875
14327,45.20070266723633
14328,56.996734619140625
14329,33.930667877197266
14330,30.651445388793945
14331,25.788677215576172
14332,35.46541976928711
14333,27.179353713989258
14334,26.633529663085938
14335,26.44301414489746
14336,25.882783889770508
14337,36.88819885253906
14338,29.936128616333008
14339,46.11730194091797
14340,36.30422592163086
14341,46.501502990722656
14342,67.43406677246094
14343,53.356624603271484
14344,47.611873626708984
14345,43.50368881225586
14346,20.709869384765625
14347,38.00236129760742
14348,27.79941749572754
14349,63.63335037231445
14350,36.18000030517578
14351,43.43977737426758
14352,34.047142028808594
14353,37.51686477661133
14354,35.71109390258789
14355,38.27432632446289
14356,25.048404693603516
14357,25.16353416442871
14358,49.753414154052734
14359,23.6925106048584
14360,44.03899002075195
14361,32.4759521484375
14362,23.995670318603516
14363,30.685331344604492
14364,57.21266174316406
14365,34.30518341064453
14366,23.775577545166016
14367,31.821727752685547
14368,41.7609748840332
14369,48.956912994384766
14370,35.0391731262207
14371,67.18299102783203
14372,35.25517272949219
14373,33.46406936645508
14374,32.91177749633789
14375,25.68105125427246
14376,44.26865768432617
14377,36.31808853149414
14378,26.06450843811035
14379,39.93778991699219
14380,72.77912902832031
14381,30.23347282409668
14382,49.2677001953125
14383,31.138696670532227
14384,33.53799819946289
14385,36.96323013305664
14386,36.37718200683594
14387,35.403106689453125
14388,45.1790657043457
14389,56.95266342163086
14390,33.944114685058594
14391,30.670209884643555
14392,25.795557022094727
14393,35.45882797241211
14394,27.17828941345215
14395,26.648130416870117
14396,26.436656951904297
14397,25.873868942260742
14398,36.891361236572266
14399,29.935340881347656
14400,46.098148345947266
14401,36.29795455932617
14402,46.49143600463867
14403,67.41483306884766
14404,53.3455810546875
14405,47.605255126953125
14406,43.48991775512695
14407,20.71602439880371
14408,37.994041442871094
14409,27.814414978027344
14410,63.61253356933594
14411,36.16847610473633
14412,43.4414176940918
14413,34.05491256713867
14414,37.51193618774414
14415,35.70892333984375
14416,38.2767333984375
14417,25.060346603393555
14418,25.168569564819336
14419,49.7559814453125
14420,23.696508407592773
14421,44.040584564208984
14422,32.46894073486328
14423,23.988147735595703
14424,30.690162658691406
14425,57.21034622192383
14426,34.31272506713867
14427,23.76827621459961
14428,31.815399169921875
14429,41.75429916381836
14430,48.93791580200195
14431,35.03715515136719
14432,67.16949462890625
14433,35.26667022705078
14434,33.452850341796875
14435,32.90326690673828
14436,25.6994571685791
14437,44.27113723754883
14438,36.315303802490234
14439,26.075048446655273
14440,39.940975189208984
14441,72.74835968017578
14442,30.22739028930664
14443,49.26081466674805
14444,31.15213966369629
14445,33.522911071777344
14446,36.95527648925781
14447,36.38751220703125
14448,35.420284271240234
14449,45.15999221801758
14450,56.91661071777344
14451,33.95573043823242
14452,30.684701919555664
14453,25.799942016601562
14454,35.451995849609375
14455,27.176557540893555
14456,26.659387588500977
14457,26.430728912353516
14458,25.864145278930664
14459,36.89316940307617
14460,29.93422508239746
14461,46.082454681396484
14462,36.29090881347656
14463,46.48420715332031
14464,67.39921569824219
14465,53.336795806884766
14466,47.59651184082031
14467,43.477630615234375
14468,20.723169326782227
14469,37.98643493652344
14470,27.827159881591797
14471,63.59241485595703
14472,36.1572380065918
14473,43.442955017089844
14474,34.06283950805664
14475,37.507415771484375
14476,35.7083854675293
14477,38.27888870239258
14478,25.070337295532227
14479,25.17238998413086
14480,49.759700775146484
14481,23.70028305053711
14482,44.04244613647461
14483,32.463531494140625
14484,23.98128318786621
14485,30.694841384887695
14486,57.20944595336914
14487,34.31894302368164
14488,23.761695861816406
14489,31.809539794921875
14490,41.74879837036133
14491,48.922054290771484
14492,35.03559875488281
14493,67.15679931640625
14494,35.2769660949707
14495,33.44234848022461
14496,32.895347595214844
14497,25.717281341552734
14498,44.27250289916992
14499,36.31250762939453
14500,26.084606170654297
14501,39.943748474121094
14502,72.71989440917969
14503,30.221506118774414
14504,49.25447082519531
14505,31.164154052734375
14506,33.50796890258789
14507,36.94829559326172
14508,36.396060943603516
14509,35.43635177612305
14510,45.14219665527344
14511,56.88405990600586
14512,33.96649932861328
14513,30.69711685180664
14514,25.80321502685547
14515,35.44523239135742
14516,27.174654006958008
14517,26.669294357299805
14518,26.424861907958984
