lambda_theta,sigma_theta_kPa,lambda_z,sigma_z_kPa,pressure_kPa,od_mm,length_mm,F_transducer_mN,F_vessel_mN
1.21894350972177,0.410793266142268,1.492,11.6080248593217,0.2553078,8.464,57.442,399.25814145,404.721650266795
1.21894350972177,0.410793266142268,1.492,11.6080248593217,0.2553078,8.464,57.442,399.25814145,404.721650266795
1.21894350972177,0.395562810844043,1.492,11.6022150335205,0.24584208,8.464,57.442,399.25814145,404.519086754528
1.21894350972177,0.395562810844043,1.492,11.8069791949428,0.24584208,8.464,57.442,406.39738265,411.658327954528
1.21754188620083,0.537876013628285,1.492,11.861119259135,0.3352998,8.458,57.442,406.39738265,413.545957968333
1.21754188620083,0.537876013628285,1.492,11.5745056870344,0.3352998,8.458,57.442,396.4044063,403.552981618333
1.22267629404211,0.368253608448423,1.492,11.5102143565306,0.22704396,8.48,57.442,396.4044063,401.31142082787
1.22267629404211,0.368253608448423,1.492,11.7625130554258,0.22704396,8.48,57.442,405.20097135,410.10798587787
1.22267629404211,0.408257670434893,1.492,11.7778019581144,0.25170816,8.48,57.442,405.20097135,410.641043827168
1.22384134604532,0.409276033902257,1.492,11.8275050767079,0.25170816,8.485,57.442,406.9171351,412.37397672698
1.22384134604532,0.418597468996429,1.492,11.8310696677172,0.25744092,8.485,57.442,406.9171351,412.498258607256
1.22360839028128,0.418389127070463,1.492,11.9761062982972,0.25744092,8.484,57.442,411.9773665,417.55505898362
1.22360839028128,0.433556003763852,1.492,11.9819055535562,0.26677332,8.484,57.442,411.9773665,417.757253946776
1.22360839028128,0.433556003763852,1.492,11.8564593777398,0.26677332,8.484,57.442,407.6036006,413.383488046776
1.22290935912982,0.448268983690077,1.492,11.8620247766694,0.27623904,8.481,57.442,407.6036006,413.577529450588
1.22290935912982,0.448268983690077,1.492,11.8375543343017,0.27623904,8.481,57.442,406.75042205,412.724350900588
1.22081078501956,0.411151949306882,1.492,11.8232005223344,0.25450788,8.472,57.442,406.75042205,412.223895522741
1.22081078501956,0.411151949306882,1.492,12.1556610151929,0.25450788,8.472,57.442,418.34188235,423.815355822741
1.22081078501956,0.359892565370246,1.492,12.1360889822301,0.22277772,8.472,57.442,418.34188235,423.13296363494
1.22384134604532,0.362235303310737,1.492,11.8784273425941,0.22277772,8.485,57.442,409.31976435,414.149416023032
1.22384134604532,0.468673085432563,1.492,11.9191299980721,0.28823784,8.485,57.442,409.31976435,415.568541679201
1.22360839028128,0.468439820158644,1.492,11.8337951749151,0.28823784,8.484,57.442,406.3483494,412.593285262034
1.22360839028128,0.384155319676816,1.492,11.8015678849758,0.23637636,8.484,57.442,406.3483494,411.469658966783
1.22360839028128,0.384155319676816,1.492,11.7177495881299,0.23637636,8.484,57.442,403.4259677,408.547277266783
1.22057747246958,0.458520354053106,1.492,11.7459158265861,0.2839716,8.471,57.442,403.4259677,409.529312251025
1.22057747246958,0.458520354053106,1.492,11.777699274719,0.2839716,8.471,57.442,404.53411915,410.637463701025
1.22733242436315,0.396827186919202,1.492,11.7546611486379,0.24224244,8.5,57.442,404.53411915,409.834223828644
1.22733242436315,0.396827186919202,1.492,11.9703948187077,0.24224244,8.5,57.442,412.0558197,417.355924378644
1.22733242436315,0.393551233257238,1.492,11.9691398795489,0.24024264,8.5,57.442,412.0558197,417.312170074748
1.22709987499552,0.393356595018668,1.492,11.9982999073941,0.24024264,8.499,57.442,413.0757113,418.328854199254
1.22709987499552,0.494642643902498,1.492,12.037095670704,0.30210312,8.499,57.442,413.0757113,419.681494768208
1.22337540722415,0.490728997262598,1.492,11.683378505188,0.30210312,8.483,57.442,400.80759215,407.348906176239
1.22337540722415,0.477735290362441,1.492,11.6784107723035,0.29410392,8.483,57.442,400.80759215,407.175702803964
1.22337540722415,0.477735290362441,1.492,11.9819005115543,0.29410392,8.483,57.442,411.3889675,417.757078153964
1.22570401261892,0.421788241691099,1.492,11.9606993485172,0.25837416,8.493,57.442,411.3889675,417.017885242514
1.22570401261892,0.421788241691099,1.492,11.8217522389807,0.25837416,8.493,57.442,406.5444824,412.173400142514
1.22127732735154,0.408976445913012,1.492,11.8165001250056,0.25290804,8.474,57.442,406.5444824,411.990281630869
1.22127732735154,0.408976445913012,1.492,11.7982176105929,0.25290804,8.474,57.442,405.90705015,411.352849380869
1.22127732735154,0.431613518565024,1.492,11.8068630184549,0.26690664,8.474,57.442,405.90705015,411.654277382578
1.22267629404211,0.432908822145475,1.492,11.889886578043,0.26690664,8.48,57.442,408.7803986,414.548950029709
1.22267629404211,0.435287442047373,1.492,11.8907956479325,0.26837316,8.48,57.442,408.7803986,414.580645367235
1.21847641337433,0.431381886381291,1.492,11.8889520422588,0.26837316,8.462,57.442,408.7803986,414.51636680652
1.21847641337433,0.431381886381291,1.492,11.715127520612,0.26837316,8.462,57.442,402.7198889,408.45585710652
1.21847641337433,0.471455613531466,1.492,11.7304104448201,0.293304,8.462,57.442,402.7198889,408.988706612044
1.22384134604532,0.476910632725087,1.492,11.8969658510295,0.293304,8.485,57.442,408.43716585,414.795773678049
1.22384134604532,0.435939673822796,1.492,11.8812982300817,0.26810652,8.485,57.442,408.43716585,414.249511460094
1.22407427454145,0.436156663111238,1.492,11.805457973827,0.26810652,8.486,57.442,405.78937035,411.605289549816
1.22407427454145,0.475412931645865,1.492,11.8204716401947,0.29223744,8.486,57.442,405.78937035,412.128751198333
1.22407427454145,0.475412931645865,1.492,11.7237149485336,0.29223744,8.486,57.442,402.41588275,408.755263598333
1.2250057163488,0.384434030250843,1.492,11.6889885146513,0.23584308,8.49,57.442,402.41588275,407.544502956528
1.2250057163488,0.384434030250843,1.492,12.1094863461433,0.23584308,8.49,57.442,417.0768245,422.205444706528
1.2224432015603,0.374986103611536,1.492,12.1056865630327,0.2313102,8.479,57.442,417.0768245,422.072962694315
1.2224432015603,0.374986103611536,1.492,12.0235558829018,0.2313102,8.479,57.442,414.2132827,419.209420894315
1.2224432015603,0.447822021142999,1.492,12.0513893146612,0.27623904,8.479,57.442,414.2132827,420.17985234762
1.22477289667342,0.450057488431897,1.492,11.7017021701802,0.27623904,8.489,57.442,401.98439015,407.987773169072
1.22477289667342,0.435287261977569,1.492,11.6960512768893,0.26717328,8.489,57.442,401.98439015,407.790750946438
1.22221008165906,0.432909036190295,1.492,11.9421638598275,0.26717328,8.478,57.442,410.6044355,416.371632872976
1.22221008165906,0.399857597798521,1.492,11.929535108241,0.24677532,8.478,57.442,410.6044355,415.931322893901
1.22221008165906,0.399857597798521,1.492,11.6471405779279,0.24677532,8.478,57.442,400.7585589,406.085446293901
1.21964394577783,0.384127995704524,1.492,11.6409396079809,0.23837616,8.467,57.442,400.7585589,405.869245276016
1.21964394577783,0.384127995704524,1.492,11.7084442765816,0.23837616,8.467,57.442,403.1121549,408.222841276016
1.21987736897596,0.358527336246593,1.492,11.6986913812726,0.22237776,8.468,57.442,403.1121549,407.882799974229
1.21987736897596,0.358527336246593,1.492,11.599403264539,0.22237776,8.468,57.442,399.65040745,404.421052524229
1.21987736897596,0.515436781966025,1.492,11.6592865766964,0.31970136,8.468,57.442,399.65040745,406.508924768946
1.2182428234298,0.513628323765023,1.492,11.9464530705848,0.31970136,8.461,57.442,409.69241705,416.521179111642
1.2182428234298,0.412316314948986,1.492,11.9078203018017,0.256641,8.461,57.442,409.69241705,415.174221457281
1.22454004983042,0.417919978687534,1.492,11.8955586298006,0.256641,8.488,57.442,409.1726646,414.746709956621
1.22454004983042,0.427255334055619,1.492,11.8991297964101,0.26237376,8.488,57.442,409.1726646,414.871221099652
1.22454004983042,0.427255334055619,1.492,11.5874832430367,0.26237376,8.488,57.442,398.3068964,404.005452899652
1.22197693431299,0.375691465054041,1.492,11.567572579256,0.2319768,8.477,57.442,398.3068964,403.311254118989
1.22197693431299,0.375691465054041,1.492,11.5149751916379,0.2319768,8.477,57.442,396.47305285,401.477410568989
1.22197693431299,0.376339208959307,1.492,11.5152226614593,0.23237676,8.477,57.442,396.47305285,401.486038771953
1.22197693431299,0.376339208959307,1.492,11.8254628675702,0.23237676,8.477,57.442,407.2897878,412.302773721953
1.22197693431299,0.513229087605435,1.492,11.877761489819,0.31690164,8.477,57.442,407.2897878,414.126200614963
1.22197693431299,0.513229087605435,1.492,12.106433554704,0.31690164,8.477,57.442,415.26259425,422.099007064963
1.22197693431299,0.433988416527944,1.492,12.0761597465568,0.2679732,8.477,57.442,415.26259425,421.043490235728
1.2203441322961,0.432471577481158,1.492,11.9345276503057,0.2679732,8.47,57.442,410.3494626,416.105391255053
1.2203441322961,0.395894379385736,1.492,11.9205649261462,0.2453088,8.47,57.442,410.3494626,415.618571418556
1.2203441322961,0.395894379385736,1.492,11.761647685482,0.2453088,8.47,57.442,404.80870535,410.077814168556
1.21800920560341,0.385990907259102,1.492,11.7576920131826,0.24037596,8.46,57.442,404.80870535,409.939896974175
1.21800920560341,0.385990907259102,1.492,11.7394094987699,0.24037596,8.46,57.442,404.1712731,409.302464724175
1.22221008165906,0.425780294576383,1.492,11.7549272506041,0.26277372,8.478,57.442,404.1712731,409.84350165396
1.22221008165906,0.425780294576383,1.492,11.9650355316239,0.26277372,8.478,57.442,411.49684065,417.16906920396
1.22221008165906,0.425996317049532,1.492,11.9651180724839,0.26290704,8.478,57.442,411.49684065,417.17194704696
1.21987736897596,0.423870447888658,1.492,12.1002488862507,0.26290704,8.468,57.442,416.24325925,421.883374409701
1.21987736897596,0.35573305844611,1.492,12.0742447630262,0.2206446,8.468,57.442,416.24325925,420.97672303768
1.22663469547756,0.360910645650316,1.492,11.8173596547928,0.2206446,8.497,57.442,407.20152795,412.020249719165
1.22663469547756,0.346735907301512,1.492,11.8119315390205,0.2119788,8.497,57.442,407.20152795,411.830994785633
1.22663469547756,0.346735907301512,1.492,11.6912669438967,0.2119788,8.497,57.442,402.9944751,407.623941935633
1.2203441322961,0.505625973672,1.492,11.7515010092475,0.313302,8.47,57.442,402.9944751,409.724043428047
1.2203441322961,0.505625973672,1.492,11.8986049329066,0.313302,8.47,57.442,408.12335305,414.852921378047
1.22314239684875,0.404119439118598,1.492,11.8600749701345,0.24890844,8.482,57.442,408.12335305,413.509548124903
1.22314239684875,0.404119439118598,1.492,11.8935460349824,0.24890844,8.482,57.442,409.2903444,414.676539474903
1.22314239684875,0.393946105621772,1.492,11.889657038855,0.2426424,8.482,57.442,409.2903444,414.540946990425
1.22104406997168,0.392179717948735,1.492,11.9613904947653,0.2426424,8.473,57.442,411.8204601,417.041982524653
1.22104406997168,0.443680241349695,1.492,11.9810569257644,0.27450588,8.473,57.442,411.8204601,417.727665963935
1.22221008165906,0.444790272213482,1.492,11.7430645235176,0.27450588,8.478,57.442,403.5044209,409.429899638003
1.22221008165906,0.408066451778177,1.492,11.7290325773104,0.25184148,8.478,57.442,403.5044209,408.94066632792
1.22221008165906,0.408066451778177,1.492,11.8089131018213,0.25184148,8.478,57.442,406.2895095,411.72575492792
1.21870997546299,0.49613485140793,1.492,11.8422270078582,0.30850248,8.463,57.442,406.2895095,412.887266829516
1.21870997546299,0.49613485140793,1.492,11.7811915366651,0.30850248,8.463,57.442,404.16146645,410.759223779516
1.21894350972177,0.390629001381238,1.492,11.7409677035266,0.24277572,8.464,57.442,404.16146645,409.356792588582
1.21894350972177,0.390629001381238,1.492,11.9541699485239,0.24277572,8.464,57.442,411.59490715,416.790233288582
1.21894350972177,0.370464736620207,1.492,11.9464780664774,0.23024364,8.464,57.442,411.59490715,416.522050610368
1.21987736897596,0.371209058571862,1.492,11.990988645864,0.23024364,8.468,57.442,413.1345512,418.073942113186
1.21987736897596,0.371209058571862,1.492,11.990988645864,0.23024364,8.468,57.442,413.1345512,418.073942113186
1.22011076447347,0.405373422591649,1.492,12.0040455730313,0.2513082,8.469,57.442,413.1345512,418.529180723941
1.22011076447347,0.405373422591649,1.492,12.018952854014,0.2513082,8.469,57.442,413.65430365,419.048933173941
1.22011076447347,0.421717390823461,1.492,12.0251911468133,0.26144052,8.469,57.442,413.65430365,419.266435478355
1.22290935912982,0.424254573849537,1.492,12.0547972478791,0.26144052,8.481,57.442,414.6447753,420.298672247878
1.22290935912982,0.444374755067287,1.492,12.0624877577795,0.27383928,8.481,57.442,414.6447753,420.566807085284
1.2215105571847,0.443045710210694,1.492,11.9035054860181,0.27383928,8.475,57.442,409.12363135,415.023782482028
1.2215105571847,0.41910312314478,1.492,11.8943604047757,0.25904076,8.475,57.442,409.12363135,414.704933029421
1.2215105571847,0.41910312314478,1.492,11.8808594710556,0.25904076,8.475,57.442,408.65291215,414.234213829421
1.22290935912982,0.398076703663003,1.492,11.8729356801639,0.2453088,8.481,57.442,408.65291215,413.957945492221
1.22290935912982,0.398076703663003,1.492,11.7097993977121,0.2453088,8.481,57.442,402.96505515,408.270088492221
1.22337540722415,0.424461092071797,1.492,11.7199223470279,0.2613072,8.483,57.442,402.96505515,408.623031977638
1.22337540722415,0.424461092071797,1.492,12.0115987692735,0.2613072,8.483,57.442,413.1345512,418.792528027638
1.22337540722415,0.440703225696993,1.492,12.0178084353791,0.2713062,8.483,57.442,413.1345512,419.009032242982
1.21590538617271,0.433686165629563,1.492,12.0367169455826,0.2713062,8.451,57.442,413.90927655,419.668290260292
1.21590538617271,0.402784694368489,1.492,12.0249475653619,0.2519748,8.451,57.442,413.90927655,419.257942846045
1.21286250620125,0.400141434894256,1.492,11.833281921845,0.2519748,8.438,57.442,407.2701745,412.575390346055
1.21286250620125,0.424488665059779,1.492,11.8425404294272,0.2673066,8.438,57.442,407.2701745,412.898194484836
1.21286250620125,0.424488665059779,1.492,11.5536767017066,0.2673066,8.438,57.442,397.19874495,402.826764934836
1.22407427454145,0.438542403187928,1.492,11.559978366197,0.26957304,8.486,57.442,397.19874495,403.04647673619
1.22407427454145,0.438542403187928,1.492,11.9017207509882,0.26957304,8.486,57.442,409.1138247,414.96155648619
1.22547127429662,0.403741312825871,1.492,11.8885191208448,0.24744192,8.492,57.442,409.1138247,414.501272708148
1.22547127429662,0.403741312825871,1.492,11.578841453639,0.24744192,8.492,57.442,398.31670305,403.704151058148
1.22547127429662,0.352403516582927,1.492,11.5591934235138,0.2159784,8.492,57.442,398.31670305,403.019109177802
1.2203441322961,0.348559181850485,1.492,11.7053256322057,0.2159784,8.47,57.442,403.47500095,408.114107627207
1.2203441322961,0.518320413010999,1.492,11.7701290990402,0.32116788,8.47,57.442,403.47500095,410.373524397772
1.22267629404211,0.520917758515708,1.492,11.9173342360029,0.32116788,8.48,57.442,408.5646523,415.505931218167
1.22267629404211,0.382525327859812,1.492,11.8644428969719,0.23584308,8.48,57.442,408.5646523,413.661838853025
1.22267629404211,0.382525327859812,1.492,12.15527551086,0.23584308,8.48,57.442,418.7047284,423.801914953025
1.22267629404211,0.409771337645192,1.492,12.1656884932318,0.2526414,8.48,57.442,418.7047284,424.164970637412
1.22267629404211,0.409771337645192,1.492,12.0284290004103,0.2526414,8.48,57.442,413.9190832,419.379325437412
1.21987736897596,0.402376003269557,1.492,12.0253848325612,0.24957504,8.468,57.442,413.9190832,419.273188463164
1.21987736897596,0.402376003269557,1.492,11.722738901668,0.24957504,8.468,57.442,403.3671278,408.721233063164
1.21987736897596,0.375293003049491,1.492,11.7124028779257,0.23277672,8.468,57.442,403.3671278,408.360860593528
1.21894350972177,0.374540492263394,1.492,11.7300489829033,0.23277672,8.464,57.442,403.9947534,408.976103997454
1.21894350972177,0.543791608183107,1.492,11.794611694975,0.3379662,8.464,57.442,403.9947534,411.227126690118
1.21941049485331,0.544337849986266,1.492,12.0918900184663,0.3379662,8.466,57.442,414.3505758,421.591936821907
1.21941049485331,0.361603526381409,1.492,12.0221674000351,0.22451088,8.466,57.442,414.3505758,419.161010498577
1.21941049485331,0.361603526381409,1.492,11.8795637876161,0.22451088,8.466,57.442,409.37860425,414.189038948577
1.21941049485331,0.356020574073858,1.492,11.877433601859,0.22104456,8.466,57.442,409.37860425,414.114768579121
1.21941049485331,0.356020574073858,1.492,11.7505810787802,0.22104456,8.466,57.442,404.9558051,409.691969429121
1.22057747246958,0.417834745172337,1.492,11.7742609814026,0.25877412,8.471,57.442,404.9558051,410.51758527537
1.22057747246958,0.417834745172337,1.492,11.9210836356092,0.25877412,8.471,57.442,410.0748764,415.63665657537
1.22057747246958,0.464978387208783,1.492,11.9390820518552,0.2879712,8.471,57.442,410.0748764,416.264183550335
1.22104406997168,0.465444060862235,1.492,11.8121680892268,0.2879712,8.473,57.442,405.6422706,411.839242268819
1.22104406997168,0.398213252071023,1.492,11.7864947567092,0.24637536,8.473,57.442,405.6422706,410.944124138879
1.22360839028128,0.400405544705446,1.492,11.6783974246019,0.24637536,8.484,57.442,401.8372904,407.175237427307
1.22360839028128,0.374405184659638,1.492,11.6684558441579,0.23037696,8.484,57.442,401.8372904,406.828617490469
1.22360839028128,0.374405184659638,1.492,11.5731054997594,0.23037696,8.484,57.442,398.51283605,403.504163140469
1.22384134604532,0.378060065214796,1.492,11.574519920905,0.23251008,8.485,57.442,398.51283605,403.553477891872
1.22384134604532,0.378060065214796,1.492,11.853539217788,0.23251008,8.485,57.442,408.24103285,413.281674691872
1.22384134604532,0.439191337227739,1.492,11.8769163030116,0.27010632,8.485,57.442,408.24103285,414.096732604376
1.21847641337433,0.43416776046125,1.492,11.8478240736599,0.27010632,8.462,57.442,407.3094011,413.082412320273
1.21847641337433,0.423881456166018,1.492,11.8439011840236,0.26370696,8.462,57.442,407.3094011,412.945638115647
1.2215105571847,0.426652587534933,1.492,11.6950112526015,0.26370696,8.475,57.442,402.07265,407.754489795108
1.2215105571847,0.451889368496302,1.492,11.7046506625597,0.2793054,8.475,57.442,402.07265,408.090574353261
1.2215105571847,0.451889368496302,1.492,11.8362847663312,0.2793054,8.475,57.442,406.6621622,412.680086553261
1.21590538617271,0.431768143275428,1.492,11.8281283069278,0.27010632,8.451,57.442,406.6621622,412.395706070787
1.21590538617271,0.431768143275428,1.492,11.8540050965581,0.27010632,8.451,57.442,407.564374,413.297917870787
1.21964394577783,0.37446034480592,1.492,11.8324514596457,0.23237676,8.467,57.442,407.564374,412.546435718901
1.21964394577783,0.37446034480592,1.492,11.9716798386347,0.23237676,8.467,57.442,412.41866575,417.400727468901
1.21964394577783,0.432251413510907,1.492,11.9937327477934,0.26823984,8.467,57.442,412.41866575,418.169617085875
1.22057747246958,0.433118756974107,1.492,11.8537886809423,0.26823984,8.471,57.442,407.5251474,413.290372393738
1.22057747246958,0.550439692635583,1.492,11.8985792601847,0.34089924,8.471,57.442,407.5251474,414.852026281207
1.2215105571847,0.551542298446322,1.492,11.8656287244206,0.34089924,8.475,57.442,406.35815605,413.703183530329
1.2215105571847,0.430319470238722,1.492,11.8193266013735,0.2659734,8.475,57.442,406.35815605,412.088828644156
1.2215105571847,0.430319470238722,1.492,11.8564541691039,0.2659734,8.475,57.442,407.65263385,413.383306444156
1.22523850888155,0.378102224916021,1.492,11.8367805163296,0.23184348,8.491,57.442,407.65263385,412.69737121279
1.22523850888155,0.378102224916021,1.492,11.915254693578,0.23184348,8.491,57.442,410.3886892,415.43342656279
1.22104406997168,0.374725565666401,1.492,11.9136599626039,0.23184348,8.473,57.442,410.3886892,415.377825187073
1.22104406997168,0.431613173105119,1.492,11.9353835516573,0.26703996,8.473,57.442,410.3886892,416.135232835484
1.21964394577783,0.430317883331187,1.492,11.9657117812262,0.26703996,8.467,57.442,411.4674207,417.192647104452
1.21964394577783,0.357488246561705,1.492,11.9379201968217,0.22184448,8.467,57.442,411.4674207,416.223674687522
1.21964394577783,0.357488246561705,1.492,11.5961778120305,0.22184448,8.467,57.442,399.55234095,404.308594937523
1.22127732735154,0.363917891777103,1.492,11.5987465268647,0.22504416,8.474,57.442,399.55234095,404.398154920325
1.22127732735154,0.363917891777103,1.492,11.6324988611651,0.22504416,8.474,57.442,400.72913895,405.574952920325
1.2215105571847,0.421044413987963,1.492,11.6543352465068,0.26024064,8.475,57.442,400.72913895,406.33629328774
1.2215105571847,0.421044413987963,1.492,11.575579799806,0.26024064,8.475,57.442,397.98327695,403.59043128774
1.2215105571847,0.478636042335701,1.492,11.5975774276593,0.29583708,8.475,57.442,397.98327695,404.357393484552
1.21777555986912,0.474810284301105,1.492,11.7141862572978,0.29583708,8.459,57.442,402.1118766,408.423039323437
1.21777555986912,0.412543590866395,1.492,11.6904481025356,0.25704096,8.459,57.442,402.1118766,407.595392476876
1.22057747246958,0.41503626413821,1.492,11.7234078891717,0.25704096,8.471,57.442,403.22002805,408.744557765669
1.22057747246958,0.476387579117147,1.492,11.7468304856563,0.29503716,8.471,57.442,403.22002805,409.561202459116
1.22057747246958,0.476387579117147,1.492,11.9881596759039,0.29503716,8.471,57.442,411.63413375,417.975308159116
1.22430717579478,0.425957986519011,1.492,11.9692131040013,0.26170716,8.487,57.442,411.63413375,417.314723094885
1.22430717579478,0.425957986519011,1.492,11.8100145938846,0.26170716,8.487,57.442,406.08356985,411.764159194884
1.22360839028128,0.385888677013203,1.492,11.7946363817879,0.23744292,8.484,57.442,406.08356985,411.227987412573
1.22360839028128,0.385888677013203,1.492,11.7001298457468,0.23744292,8.484,57.442,402.78853545,407.932953012573
1.22360839028128,0.433989343097948,1.492,11.7185217695682,0.26703996,8.484,57.442,402.78853545,408.574199895723
1.2215105571847,0.432045062099329,1.492,11.7024150751816,0.26703996,8.475,57.442,402.25897635,408.012629084884
1.2215105571847,0.411553658754627,1.492,11.694588203848,0.25437456,8.475,57.442,402.25897635,407.739739913734
1.2215105571847,0.411553658754627,1.492,11.87460065345,0.25437456,8.475,57.442,408.53523235,414.015995913734
1.22174375949669,0.439814268384184,1.492,11.8854148585952,0.27170616,8.476,57.442,408.53523235,414.393040501917
1.22174375949669,0.439814268384184,1.492,12.0477073326895,0.27170616,8.476,57.442,414.1936694,420.051477551917
1.21941049485331,0.388015185374826,1.492,12.0277445060301,0.24090924,8.466,57.442,414.1936694,419.355460077154
1.21941049485331,0.388015185374826,1.492,11.9442074786367,0.24090924,8.466,57.442,411.28109435,416.442885027154
1.21941049485331,0.401757837208799,1.492,11.9494510128078,0.24944172,8.466,57.442,411.28109435,416.625704398122
1.2224432015603,0.404379827007023,1.492,11.958001805215,0.24944172,8.479,57.442,411.53606725,416.923833567904
1.2224432015603,0.417563776471175,1.492,11.9630399041388,0.25757424,8.479,57.442,411.53606725,417.099490299808
1.21917701617657,0.414648141006194,1.492,11.9914780866562,0.25757424,8.465,57.442,412.57557215,418.091006797964
1.21917701617657,0.349403298943108,1.492,11.9665867569865,0.21704496,8.465,57.442,412.57557215,417.223153727063
1.21917701617657,0.349403298943108,1.492,11.8588605566778,0.21704496,8.465,57.442,408.8196252,413.467206777063
1.22407427454145,0.404708271191233,1.492,11.8803427118697,0.24877512,8.486,57.442,408.8196252,414.216196670342
1.22407427454145,0.404708271191233,1.492,11.7984933011913,0.24877512,8.486,57.442,405.96589005,411.362461520342
1.22127732735154,0.591366574137792,1.492,11.8695625135102,0.36569676,8.474,57.442,405.96589005,413.840337751779
1.22127732735154,0.591366574137792,1.492,12.1885220726486,0.36569676,8.474,57.442,417.08663115,424.961078851779
1.22127732735154,0.405958169559411,1.492,12.1177120653981,0.25104156,8.474,57.442,417.08663115,422.492239980642
1.22314239684875,0.407582701585603,1.492,11.9623746171584,0.25104156,8.482,57.442,411.6439404,417.076294618555
1.22314239684875,0.410613056244232,1.492,11.9635330415367,0.25290804,8.482,57.442,411.6439404,417.116683869251
1.22104406997168,0.408771936785027,1.492,11.7992461395232,0.25290804,8.473,57.442,405.94627675,411.388709738773
1.22104406997168,0.414589987545805,1.492,11.8014678702219,0.25650768,8.473,57.442,405.94627675,411.466171884633
1.22104406997168,0.414589987545805,1.492,11.9125693039605,0.25650768,8.473,57.442,409.8199035,415.339798634633
1.2224432015603,0.376499015845127,1.492,11.8981253106799,0.23224344,8.479,57.442,409.8199035,414.836199024206
1.2224432015603,0.376499015845127,1.492,11.6506081924772,0.23224344,8.479,57.442,401.1900515,406.206347024206
1.22360839028128,0.531057353935632,1.492,11.7097900824678,0.32676732,8.484,57.442,401.1900515,408.269763709919
1.22360839028128,0.531057353935632,1.492,12.2599531315637,0.32676732,8.484,57.442,420.3718589,427.451571109919
1.22360839028128,0.413189055061302,1.492,12.214884633551,0.25424124,8.484,57.442,420.3718589,425.880227396253
1.21613925611227,0.406612885232839,1.492,12.088022239672,0.25424124,8.452,57.442,416.0569329,421.45708409412
1.21613925611227,0.364821524191604,1.492,12.0721033347089,0.22811052,8.452,57.442,416.0569329,420.902060688746
1.22197693431299,0.369429940636474,1.492,11.7491305929198,0.22811052,8.477,57.442,404.7204455,409.641397257006
1.22197693431299,0.436795306784095,1.492,11.7748674543419,0.26970636,8.477,57.442,404.7204455,410.538730365238
1.22197693431299,0.436795306784095,1.492,11.9360348506262,0.26970636,8.477,57.442,410.33965595,416.157940815238
1.21777555986912,0.418962837612241,1.492,11.9288804056354,0.26104056,8.459,57.442,410.33965595,415.908496244047
1.21777555986912,0.418962837612241,1.492,11.9539133869082,0.26104056,8.459,57.442,411.2124478,416.781288094047
1.22081078501956,0.436135514586924,1.492,11.9607174334068,0.269973,8.472,57.442,411.2124478,417.018515784442
1.22081078501956,0.436135514586924,1.492,11.6620092748486,0.269973,8.472,57.442,400.7977855,406.603853484442
1.22081078501956,0.383368501710975,1.492,11.6418615938574,0.2373096,8.472,57.442,400.7977855,405.901390938176
1.22314239684875,0.385287949454261,1.492,11.9732595157402,0.2373096,8.482,57.442,412.32059925,417.455803981295
1.22314239684875,0.354767948963783,1.492,11.961592527358,0.21851148,8.482,57.442,412.32059925,417.049026527861
1.22454004983042,0.355829010425386,1.492,11.7390470377468,0.21851148,8.488,57.442,404.5439258,409.289827275066
1.22454004983042,0.545141333238649,1.492,11.8114669745716,0.33476652,8.488,57.442,404.5439258,411.814797431415
1.22454004983042,0.545141333238649,1.492,11.7900904961814,0.33476652,8.488,57.442,403.7986204,411.069492031415
1.22174375949669,0.541890887101417,1.492,11.7885553727481,0.33476652,8.476,57.442,403.7986204,411.015968912985
1.22174375949669,0.42103907635797,1.492,11.7423895176981,0.26010732,8.476,57.442,403.7986204,409.406365102841
1.22709987499552,0.425881640888691,1.492,11.7823672342314,0.26010732,8.499,57.442,405.1127115,410.800215271612
1.22709987499552,0.407108795621429,1.492,11.7751766401697,0.2486418,8.499,57.442,405.1127115,410.549510338573
1.22709987499552,0.407108795621429,1.492,11.806116279945,0.2486418,8.499,57.442,406.191443,411.628241838573
1.22337540722415,0.431391069085214,1.492,11.8151094544398,0.26557344,8.483,57.442,406.191443,411.941794959518
1.22337540722415,0.431391069085214,1.492,12.3422084084305,0.26557344,8.483,57.442,424.5691051,430.319457059518
1.22197693431299,0.404408111520816,1.492,12.3317833351397,0.24970836,8.477,57.442,424.5691051,429.955979817049
1.22197693431299,0.404408111520816,1.492,12.1855232198382,0.24970836,8.477,57.442,419.4696471,424.856521817049
1.22197693431299,0.416499331085773,1.492,12.1901426565037,0.25717428,8.477,57.442,419.4696471,425.017581605707
1.22174375949669,0.416291326650192,1.492,11.9563095291767,0.25717428,8.476,57.442,411.32032095,416.864831217442
1.22174375949669,0.456215585556509,1.492,11.9715607491486,0.28183848,8.476,57.442,411.32032095,417.396575333293
1.22221008165906,0.456671508236668,1.492,11.5884057607033,0.28183848,8.478,57.442,397.953857,404.03761710303
1.22221008165906,0.3661580919873,1.492,11.5538211403454,0.2259774,8.478,57.442,397.953857,402.831800885825
1.22221008165906,0.3661580919873,1.492,11.8919070222541,0.2259774,8.478,57.442,409.7414503,414.619394185825
1.22290935912982,0.434422837475712,1.492,11.9180491234052,0.26770656,8.481,57.442,409.7414503,415.530856251728
1.22290935912982,0.434422837475712,1.492,11.8336682876543,0.26770656,8.481,57.442,406.7994553,412.588861251729
1.21707445495781,0.37581359888224,1.492,11.8108407559576,0.23450988,8.456,57.442,406.7994553,411.792963895221
1.21707445495781,0.37581359888224,1.492,12.1672091522789,0.23450988,8.456,57.442,419.22448085,424.217989445221
1.21707445495781,0.369190391625078,1.492,12.1646850697639,0.23037696,8.456,57.442,419.22448085,424.129985598461
1.22547127429662,0.375897084355122,1.492,12.3658650622256,0.23037696,8.492,57.442,426.12836245,431.144262319655
1.22547127429662,0.44703038677649,1.492,12.39308923956,0.2739726,8.492,57.442,426.12836245,432.093451704711
1.22057747246958,0.442375271163912,1.492,12.0094893903564,0.2739726,8.471,57.442,412.83054505,418.718983102749
1.22057747246958,0.428813401536989,1.492,12.0043117637651,0.26557344,8.471,57.442,412.83054505,418.538461644198
1.22057747246958,0.428813401536989,1.492,11.9750597407047,0.26557344,8.471,57.442,411.81065345,417.518570044198
1.21613925611227,0.517061482270391,1.492,12.0083039584262,0.323301,8.452,57.442,411.81065345,418.677652215464
1.21613925611227,0.517061482270391,1.492,11.9753954324833,0.323301,8.452,57.442,410.6632754,417.530274165464
1.22127732735154,0.424283418849134,1.492,11.9404792375159,0.26237376,8.474,57.442,410.6632754,416.312897374882
1.22127732735154,0.424283418849134,1.492,12.0605812937347,0.26237376,8.474,57.442,414.85071495,420.500336924882
1.22127732735154,0.395609793489919,1.492,12.0496304437762,0.2446422,8.474,57.442,414.85071495,420.118528122718
1.22057747246958,0.39501636135561,1.492,12.2639588890367,0.2446422,8.471,57.442,422.3331889,427.591234557808
1.22057747246958,0.400182787880152,1.492,12.2659313182144,0.24784188,8.471,57.442,422.3331889,427.660004637256
1.22547127429662,0.404393911930655,1.492,12.0440296217213,0.24784188,8.492,57.442,414.5270955,419.923251667644
1.22547127429662,0.407004308349787,1.492,12.0450286741005,0.24944172,8.492,57.442,414.5270955,419.958084305628
1.22547127429662,0.407004308349787,1.492,12.039122015598,0.24944172,8.492,57.442,414.32115585,419.752144655628
1.22081078501956,0.368722963443364,1.492,12.0241401594411,0.22824384,8.472,57.442,414.32115585,419.229792091662
1.22081078501956,0.368722963443364,1.492,11.8446902487442,0.22824384,8.472,57.442,408.06451315,412.973149391662
1.22104406997168,0.403815819470291,1.492,11.8581077558539,0.24984168,8.473,57.442,408.06451315,413.440959866374
1.22104406997168,0.403815819470291,1.492,11.8696398034065,0.24984168,8.473,57.442,408.4665858,413.843032516374
1.22104406997168,0.377526849366035,1.492,11.8596008721016,0.23357664,8.473,57.442,408.4665858,413.49301837582
1.2203441322961,0.376960300371636,1.492,11.930775869107,0.23357664,8.47,57.442,410.9574749,415.974582862016
1.2203441322961,0.557694690960776,1.492,11.9997681531894,0.34556544,8.47,57.442,410.9574749,418.380045583531
1.22570401261892,0.564125450187476,1.492,12.3411723589701,0.34556544,8.493,57.442,422.75487485,430.283334493238
1.22570401261892,0.466622285957542,1.492,12.30385155114,0.28583808,8.493,57.442,422.75487485,428.982119246259
1.22570401261892,0.466622285957542,1.492,11.9322946043835,0.28583808,8.493,57.442,409.8002902,416.027534596259
1.22267629404211,0.43853101464087,1.492,11.9212873117514,0.27037296,8.48,57.442,409.8002902,415.643757882043
1.22267629404211,0.43853101464087,1.492,11.9421012512366,0.27037296,8.48,57.442,410.5259823,416.369449982043
1.2182428234298,0.378045867992187,1.492,11.9186600382343,0.2353098,8.461,57.442,410.5259823,415.552156211091
1.2182428234298,0.378045867992187,1.492,11.9645069589922,0.2353098,8.461,57.442,412.12446625,417.150640161091
1.2182428234298,0.386613479731387,1.492,11.9677740007498,0.2406426,8.461,57.442,412.12446625,417.264547785139
1.21730818457245,0.385835934920856,1.492,12.4182820959739,0.2406426,8.457,57.442,427.8445262,432.97181770981
1.21730818457245,0.517298040170898,1.492,12.4683878741653,0.3226344,8.457,57.442,427.8445262,434.718789609274
1.21987736897596,0.520165559782227,1.492,12.3617334854396,0.3226344,8.468,57.442,424.0787726,431.000212096184
1.21987736897596,0.332089169365099,1.492,12.2899555427853,0.2059794,8.468,57.442,424.0787726,428.49762550149
1.21987736897596,0.332089169365099,1.492,12.125412913071,0.2059794,8.468,57.442,418.34188235,422.76073525149
1.22454004983042,0.359519732315094,1.492,12.1362050139851,0.22077792,8.488,57.442,418.34188235,423.137009160682
1.22454004983042,0.359519732315094,1.492,11.9199088050103,0.22077792,8.488,57.442,410.8005685,415.595695310682
1.22570401261892,0.420047113758421,1.492,11.94315673837,0.2573076,8.493,57.442,410.8005685,416.406250255961
1.22570401261892,0.420047113758421,1.492,12.2857429315187,0.2573076,8.493,57.442,422.7450682,428.350749955961
1.22570401261892,0.420047113758421,1.492,12.2857429315187,0.2573076,8.493,57.442,422.7450682,428.350749955961
1.22360839028128,0.430089289091077,1.492,12.2894138683453,0.2646402,8.484,57.442,422.7450682,428.478739655198
1.22360839028128,0.430089289091077,1.492,11.8466957501055,0.2646402,8.484,57.442,407.3094011,413.043072555198
1.22337540722415,0.44460133776704,1.492,11.8522247004576,0.27370596,8.483,57.442,407.3094011,413.235843154664
1.22337540722415,0.44460133776704,1.492,11.9138227105558,0.27370596,8.483,57.442,409.45705745,415.383499504664
1.22337540722415,0.390894015913058,1.492,11.8932894146334,0.2406426,8.483,57.442,409.45705745,414.667592232595
1.22267629404211,0.390309902084207,1.492,11.9844261270337,0.2406426,8.48,57.442,412.6442187,417.845135448564
1.22267629404211,0.555299628006783,1.492,12.0474825202847,0.34236576,8.48,57.442,412.6442187,420.043639315132
1.22314239684875,0.555853625954237,1.492,12.1385941844139,0.34236576,8.482,57.442,415.81176665,423.22030920616
1.22314239684875,0.40888142501073,1.492,12.0824106020629,0.25184148,8.482,57.442,415.81176665,421.261430547425
1.22314239684875,0.40888142501073,1.492,12.4131834782065,0.25184148,8.482,57.442,427.34438705,432.794050947425
1.22221008165906,0.39056863145312,1.492,12.4061128066818,0.24104256,8.478,57.442,427.34438705,432.547527194881
1.22221008165906,0.39056863145312,1.492,11.9287985457842,0.24104256,8.478,57.442,410.702502,415.905642144881
1.22290935912982,0.402836316424191,1.492,11.9335402561435,0.24824184,8.481,57.442,410.702502,416.070965088704
1.22290935912982,0.402836316424191,1.492,11.7622471595692,0.24824184,8.481,57.442,404.73025215,410.098715238704
1.22290935912982,0.390288246417422,1.492,11.7574509275883,0.24050928,8.481,57.442,404.73025215,409.931491361613
1.22290935912982,0.390288246417422,1.492,11.4804005168728,0.24050928,8.481,57.442,395.0707019,400.271941111613
1.22290935912982,0.453028596451265,1.492,11.5043816767771,0.27917208,8.481,57.442,395.0707019,401.108060497072
1.2224432015603,0.452576888162857,1.492,11.6861496984287,0.27917208,8.479,57.442,401.41560445,407.445525705848
1.2224432015603,0.411079866898641,1.492,11.6702920755866,0.25357464,8.479,57.442,401.41560445,406.892638943134
1.2224432015603,0.411079866898641,1.492,12.4150935858146,0.25357464,8.479,57.442,427.38361365,432.860648143134
1.22430717579478,0.322669142105843,1.492,12.3814241271722,0.19824684,8.487,57.442,427.38361365,431.68673965909
1.22430717579478,0.322669142105843,1.492,11.8714826097842,0.19824684,8.487,57.442,409.6041572,413.90728320909
1.22360839028128,0.506790351226211,1.492,11.941840464301,0.31183548,8.484,57.442,409.6041572,416.36035746887
1.22360839028128,0.506790351226211,1.492,11.6985423878859,0.31183548,8.484,57.442,401.12140495,407.87760521887
1.22360839028128,0.463239748149483,1.492,11.6818902406422,0.28503816,8.484,57.442,401.12140495,407.297016824666
1.22547127429662,0.465085628675492,1.492,11.9432177609849,0.28503816,8.492,57.442,410.20236285,416.408377850766
1.22547127429662,0.452251179614756,1.492,11.9383057534536,0.27717228,8.492,57.442,410.20236285,416.237117380679
1.22407427454145,0.450904874494413,1.492,12.1235888289999,0.27717228,8.486,57.442,416.6845585,422.697137324673
1.22407427454145,0.369355940963918,1.492,12.0924002182029,0.22704396,8.486,57.442,416.6845585,421.609725281346
1.22407427454145,0.369355940963918,1.492,12.0738364343377,0.22704396,8.486,57.442,416.0373196,420.962486381346
1.22174375949669,0.44067749560378,1.492,12.1009157458675,0.27223944,8.476,57.442,416.0373196,421.906624921989
1.22174375949669,0.44067749560378,1.492,12.1706705700883,0.27223944,8.476,57.442,418.4693688,424.338674121989
1.22267629404211,0.488482032580733,1.492,12.1890199754456,0.30116988,8.48,57.442,418.4693688,424.978438570086
1.22267629404211,0.488482032580733,1.492,12.1324848154925,0.30116988,8.48,57.442,416.49823215,423.007301920086
1.22267629404211,0.393337236504804,1.492,12.0961220199087,0.24250908,8.48,57.442,416.49823215,421.739488419051
1.22290935912982,0.393533436936414,1.492,12.0289912762664,0.24250908,8.481,57.442,414.1544428,419.398929566033
1.22290935912982,0.377091138306855,1.492,12.0227065584984,0.23237676,8.481,57.442,414.1544428,419.179808623637
1.22104406997168,0.375587499112442,1.492,11.8028876741539,0.23237676,8.473,57.442,406.51506245,411.515674310533
1.22104406997168,0.433983490081732,1.492,11.8251872674625,0.26850648,8.473,57.442,406.51506245,412.293164737501
1.22104406997168,0.433983490081732,1.492,12.1483658683885,0.26850648,8.473,57.442,417.7829033,423.561005587501
1.22826235313251,0.467418829285859,1.492,12.1617808660139,0.28477152,8.504,57.442,417.7829033,424.028728567343
1.22826235313251,0.467418829285859,1.492,12.1592494409414,0.28477152,8.504,57.442,417.69464345,423.940468717343
1.22547127429662,0.443767391252574,1.492,12.1499486949334,0.2719728,8.492,57.442,417.69464345,423.616191907232
1.22547127429662,0.443767391252574,1.492,12.3364303419429,0.2719728,8.492,57.442,424.1964524,430.118000857232
1.22547127429662,0.386991269136436,1.492,12.3147009526943,0.23717628,8.492,57.442,424.1964524,429.360390981086
1.22221008165906,0.384303979731804,1.492,12.0434129530842,0.23717628,8.478,57.442,414.7820684,419.901751097866
1.22221008165906,0.361621620051174,1.492,12.0347461627797,0.22317768,8.478,57.442,414.7820684,419.599577582815
1.22616940808472,0.364692498691093,1.492,11.6660461712744,0.22317768,8.495,57.442,401.876517,406.744602613017
1.22616940808472,0.569913725553105,1.492,11.7446159533852,0.34876512,8.495,57.442,401.876517,409.48399129131
1.22616940808472,0.569913725553105,1.492,12.0388238007034,0.34876512,8.495,57.442,412.1342729,419.74174719131
1.22523850888155,0.373101447933233,1.492,11.9634069788145,0.22877712,8.491,57.442,412.1342729,417.112288607043
1.22523850888155,0.373101447933233,1.492,12.1124797886411,0.22877712,8.491,57.442,417.3317974,422.309813107043
1.22174375949669,0.428592314529436,1.492,12.1334267280929,0.26477352,8.476,57.442,417.3317974,423.040142340975
1.22174375949669,0.428592314529436,1.492,12.1559282842932,0.26477352,8.476,57.442,418.1163294,423.824674340975
1.22174375949669,0.417586167479586,1.492,12.1517238939225,0.2579742,8.476,57.442,418.1163294,423.678085422551
1.21987736897596,0.415917503379591,1.492,11.8834489207732,0.2579742,8.468,57.442,408.79020525,414.324496747982
1.21987736897596,0.443215448045848,1.492,11.8938669764499,0.27490584,8.468,57.442,408.79020525,414.687729316583
1.22407427454145,0.447217821648619,1.492,12.0245782056208,0.27490584,8.486,57.442,413.28165095,419.245064868459
1.22407427454145,0.58320500601995,1.492,12.0765868730934,0.35849748,8.486,57.442,413.28165095,421.058382291773
1.22407427454145,0.58320500601995,1.492,11.9140131295466,0.35849748,8.486,57.442,407.61340725,415.390138591773
1.22221008165906,0.452351058773691,1.492,11.8638053542179,0.27917208,8.478,57.442,407.61340725,413.63961049302
1.22221008165906,0.452351058773691,1.492,12.1726392130662,0.27917208,8.478,57.442,418.38110895,424.40731219302
1.22477289667342,0.454836091108298,1.492,12.1738129249476,0.27917208,8.489,57.442,418.38110895,424.448234452865
1.22477289667342,0.388587281276382,1.492,12.1484670065106,0.23850948,8.489,57.442,418.38110895,423.564531836641
1.22477289667342,0.388587281276382,1.492,12.1121832471377,0.23850948,8.489,57.442,417.1160511,422.299473986641
1.22337540722415,0.422295474255104,1.492,12.124966211509,0.259974,8.483,57.442,417.1160511,422.745160698926
1.22337540722415,0.422295474255104,1.492,12.0442418786407,0.259974,8.483,57.442,414.30154255,419.930652148926
1.22663469547756,0.452065116878009,1.492,12.0559056982943,0.27637236,8.497,57.442,414.30154255,420.337319122495
1.22663469547756,0.452065116878009,1.492,11.934959833718,0.27637236,8.497,57.442,410.08468305,416.120459622495
1.22663469547756,0.482813395450029,1.492,11.9467346694702,0.29517048,8.497,57.442,410.08468305,416.530997247541
1.2250057163488,0.481140159963464,1.492,12.238464258909,0.29517048,8.49,57.442,420.28359905,426.702347007746
1.2250057163488,0.436807462297453,1.492,12.2215011767368,0.2679732,8.49,57.442,420.28359905,426.110917656626
1.22454004983042,0.436373588136075,1.492,11.8452389443227,0.2679732,8.488,57.442,407.172108,412.992280034705
1.22454004983042,0.531029749542706,1.492,11.8814489127351,0.32610072,8.488,57.442,407.172108,414.25476511288
1.22454004983042,0.531029749542706,1.492,11.7112808939708,0.32610072,8.488,57.442,401.23908475,408.32174186288
1.22174375949669,0.405500986405242,1.492,11.6630425806598,0.25050828,8.476,57.442,401.23908475,406.639880391536
1.22174375949669,0.405500986405242,1.492,12.0345995274163,0.25050828,8.476,57.442,414.1936694,419.594465041536
1.2250057163488,0.39877696184867,1.492,12.0322811831043,0.2446422,8.49,57.442,414.1936694,419.513634396597
1.2250057163488,0.39877696184867,1.492,12.0702525591922,0.2446422,8.49,57.442,415.51756715,420.837532146597
1.2250057163488,0.469622351256118,1.492,12.0973602297223,0.28810452,8.49,57.442,415.51756715,421.782659442995
1.22221008165906,0.466824564474664,1.492,12.0549734304927,0.28810452,8.478,57.442,414.08579625,420.304814974052
1.22221008165906,0.422323935006001,1.492,12.037970013324,0.2606406,8.478,57.442,414.08579625,419.711979315952
1.22430717579478,0.424222039554084,1.492,11.7078123262781,0.2606406,8.487,57.442,402.5433692,408.200807900585
1.22430717579478,0.452431177734151,1.492,11.7186022491381,0.2779722,8.487,57.442,402.5433692,408.577005870445
1.22430717579478,0.452431177734151,1.492,11.5664354753339,0.2779722,8.487,57.442,397.23797155,403.271608220445
1.22570401261892,0.39110086187766,1.492,11.5430814707338,0.23957604,8.493,57.442,397.23797155,402.457355029514
1.22570401261892,0.39110086187766,1.492,11.9467031350756,0.23957604,8.493,57.442,411.3105143,416.529897779514
1.22895951826019,0.431731844682085,1.492,11.9625230543909,0.2626404,8.507,57.442,411.3105143,417.081469983222
1.22895951826019,0.431731844682085,1.492,12.1017514333799,0.2626404,8.507,57.442,416.16480605,421.935761733222
1.22895951826019,0.45496208607107,1.492,12.1106575683118,0.27677232,8.507,57.442,416.16480605,422.246280160847
1.23197779634239,0.457880146688425,1.492,11.8822404790954,0.27677232,8.52,57.442,408.152773,414.282363610258
1.23197779634239,0.423693526873056,1.492,11.869114318586,0.25610772,8.52,57.442,408.152773,413.824711132132
1.23104957321277,0.422862421390131,1.492,11.8498761299458,0.25610772,8.516,57.442,407.49572745,413.153958652792
1.23104957321277,0.417359266504783,1.492,11.8477641235678,0.25277472,8.516,57.442,407.49572745,413.0803221197
1.23104957321277,0.417359266504783,1.492,11.8699844103155,0.25277472,8.516,57.442,408.2704528,413.8550474697
1.22756494683608,0.431765743875152,1.492,11.8752280552093,0.26344032,8.501,57.442,408.2704528,414.03787070109
1.22756494683608,0.431765743875152,1.492,11.9742349024904,0.26344032,8.501,57.442,411.7223936,417.489811501091
1.22430717579478,0.408598516869739,1.492,11.9651045765446,0.25104156,8.487,57.442,411.7223936,417.171476501894
1.22430717579478,0.408598516869739,1.492,12.1797131688044,0.25104156,8.487,57.442,419.20486755,424.653950451894
1.22430717579478,0.423788052812852,1.492,12.1855231272675,0.26037396,8.487,57.442,419.20486755,424.856518589511
1.2250057163488,0.424420385008421,1.492,11.8198902945304,0.26037396,8.49,57.442,406.4464159,412.108482187931
1.2250057163488,0.537425300627663,1.492,11.8631295235968,0.32970036,8.49,57.442,406.4464159,413.61604720059
1.23104957321277,0.544372081258613,1.492,11.9319491817879,0.32970036,8.516,57.442,408.73136535,416.015491203464
1.23104957321277,0.439812138437003,1.492,11.8918210606055,0.26637336,8.516,57.442,408.73136535,414.616397074716
1.23104957321277,0.439812138437003,1.492,11.893789946773,0.26637336,8.516,57.442,408.8000119,414.685043624716
1.2284947682723,0.418388783143604,1.492,11.8853656173139,0.25477452,8.505,57.442,408.8000119,414.391323671288
1.2284947682723,0.418388783143604,1.492,11.9601832916798,0.25477452,8.505,57.442,411.4085808,416.999892571288
1.23104957321277,0.502768230325383,1.492,11.9927689741034,0.30450288,8.516,57.442,411.4085808,418.136014463289
1.23104957321277,0.502768230325383,1.492,12.0726494986142,0.30450288,8.516,57.442,414.1936694,420.921103063289
1.23104957321277,0.513114161509837,1.492,12.0766200706049,0.31076892,8.516,57.442,414.1936694,421.059539745502
1.23081745122747,0.512862086205743,1.492,12.0885954314668,0.31076892,8.515,57.442,414.61535535,421.477068814341
1.23081745122747,0.53156362088077,1.492,12.0957719055864,0.32210112,8.515,57.442,414.61535535,421.727281446031
1.22965644287871,0.530257575724426,1.492,11.9190795801858,0.32210112,8.51,57.442,408.47639245,415.566783825441
1.22965644287871,0.408447577989717,1.492,11.8723633108698,0.24810852,8.51,57.442,408.47639245,413.937989449046
1.22965644287871,0.408447577989717,1.492,11.9483060630456,0.24810852,8.51,57.442,411.12418795,416.585784949046
1.23128166869287,0.383868461362462,1.492,11.9389975031003,0.23237676,8.517,57.442,411.12418795,416.261235700719
1.23128166869287,0.383868461362462,1.492,11.9044013604424,0.23237676,8.517,57.442,409.91797,415.055017750719
1.23104957321277,0.450378195816871,1.492,11.9299097166042,0.27277272,8.516,57.442,409.91797,415.944383868252
1.23104957321277,0.450378195816871,1.492,12.1841773016669,0.27277272,8.516,57.442,418.7831816,424.809595468252
1.23104957321277,0.479654979806921,1.492,12.195413175598,0.29050428,8.516,57.442,418.7831816,425.201341824302
1.23220978604193,0.480833432610512,1.492,12.0477416260758,0.29050428,8.521,57.442,413.61507705,420.052673214062
1.23220978604193,0.491866783519427,1.492,12.0519784302946,0.29717028,8.521,57.442,413.61507705,420.200392263261
1.23058530271288,0.490179217527301,1.492,11.7406587076762,0.29717028,8.514,57.442,402.78853545,409.346019238934
1.23058530271288,0.43520173687148,1.492,11.7195642163102,0.26384028,8.514,57.442,402.78853545,408.61054550756
1.23058530271288,0.43520173687148,1.492,11.8562611702267,0.26384028,8.514,57.442,407.55456735,413.37657740756
1.23290559692455,0.331487412818491,1.492,11.8166116575832,0.19998,8.524,57.442,407.55456735,411.99417028974
1.23290559692455,0.331487412818491,1.492,11.7462942944574,0.19998,8.524,57.442,405.10290485,409.54250778974
1.23174578023368,0.550685760961136,1.492,11.8303748826151,0.33303336,8.519,57.442,405.10290485,412.474034454008
1.23174578023368,0.550685760961136,1.492,11.822499337945,0.33303336,8.519,57.442,404.82831865,412.199448254008
1.23174578023368,0.470000817601738,1.492,11.7915233910614,0.28423824,8.519,57.442,404.82831865,411.119450882084
1.23267368630914,0.470923416662137,1.492,11.9835043586508,0.28423824,8.523,57.442,411.5066473,417.812997369469
1.23267368630914,0.452369210752372,1.492,11.9763779281685,0.27303936,8.523,57.442,411.5066473,417.564529543093
1.23012092599933,0.449932660658046,1.492,11.8106827694754,0.27303936,8.512,57.442,405.76975705,411.787455589496
1.23012092599933,0.508810567423844,1.492,11.8332686570305,0.30876912,8.512,57.442,405.76975705,412.574927859312
1.23012092599933,0.508810567423844,1.492,11.7944534725851,0.30876912,8.512,57.442,404.41643935,411.221610159312
1.23104957321277,0.509812268578628,1.492,11.7949272226326,0.30876912,8.516,57.442,404.41643935,411.238127775646
1.23104957321277,0.47283106774909,1.492,11.7807345397723,0.28637136,8.516,57.442,404.41643935,410.743290273268
1.23475993654924,0.476549992567601,1.492,11.6604232007151,0.28637136,8.532,57.442,400.16035325,406.548553935336
1.23475993654924,0.447042939955175,1.492,11.6490783755537,0.2686398,8.532,57.442,400.16035325,406.153008920834
1.23475993654924,0.447042939955175,1.492,11.5216633135698,0.2686398,8.532,57.442,395.7179408,401.710596470834
1.24008189123163,0.418188371213418,1.492,11.5109831186035,0.24850848,8.555,57.442,395.7179408,401.338224238318
1.24008189123163,0.418188371213418,1.492,12.2014996244984,0.24850848,8.555,57.442,419.79326655,425.413549988318
1.23499161119511,0.472565222513184,1.492,12.2220130664422,0.28383828,8.533,57.442,419.79326655,426.128765037971
1.23499161119511,0.472565222513184,1.492,11.9089601658063,0.28383828,8.533,57.442,408.8784651,415.213963587971
1.23499161119511,0.464796418949088,1.492,11.9059728917527,0.27917208,8.533,57.442,408.8784651,415.109810254444
1.23452823577908,0.464342969012144,1.492,11.7707489323751,0.27917208,8.531,57.442,404.1712731,410.395135306883
1.23452823577908,0.465229966087621,1.492,11.7710899251486,0.27970536,8.531,57.442,404.1712731,410.407024250927
1.23336933923811,0.464094473142148,1.492,11.9353764644627,0.27970536,8.526,57.442,409.91797,416.134985735642
1.23336933923811,0.517184403339534,1.492,11.9557745597728,0.31170216,8.526,57.442,409.91797,416.846179146774
1.23336933923811,0.517184403339534,1.492,11.7453850093005,0.31170216,8.526,57.442,402.5825958,409.510804946774
1.23753831480147,0.499426276540791,1.492,11.7389509604599,0.29837016,8.544,57.442,402.5825958,409.286477475373
1.23753831480147,0.499426276540791,1.492,11.7516080858226,0.29837016,8.544,57.442,403.02389505,409.727776725373
1.24239154552476,0.393609522340717,1.492,11.7112219634244,0.23277672,8.565,57.442,403.02389505,408.319687209459
1.24239154552476,0.393609522340717,1.492,11.7292232083846,0.23277672,8.565,57.442,403.65152065,408.947312809459
1.24239154552476,0.390904302255901,1.492,11.7281792821034,0.23117688,8.565,57.442,403.65152065,408.910915612487
1.23800101494072,0.387330803142559,1.492,11.743081147812,0.23117688,8.546,57.442,404.230113,409.430479255288
1.23800101494072,0.386437306480177,1.492,11.7427370778797,0.2306436,8.546,57.442,404.230113,409.418483024018
1.24077505519429,0.388688450681442,1.492,11.6858619509695,0.2306436,8.558,57.442,402.2099431,407.435493195756
1.24077505519429,0.425310541699404,1.492,11.6999832746918,0.25237476,8.558,57.442,402.2099431,407.927842713449
1.24077505519429,0.425310541699404,1.492,12.0113485586127,0.25237476,8.558,57.442,413.06590465,418.783804263449
1.24400679297537,0.505093463825066,1.492,12.0424123587806,0.29770356,8.572,57.442,413.06590465,419.866864699644
1.24400679297537,0.505093463825066,1.492,11.9661883371522,0.29770356,8.572,57.442,410.4083025,417.209262549644
1.24354542007901,0.467322146445132,1.492,11.9515619811586,0.27570576,8.57,57.442,410.4083025,416.699304739693
1.24354542007901,0.467322146445132,1.492,11.8345538889174,0.27570576,8.57,57.442,406.3287361,412.619738339693
1.24354542007901,0.484722439131919,1.492,11.8412722280522,0.2859714,8.57,57.442,406.3287361,412.853977784788
1.23846361188849,0.479602602756041,1.492,11.9443222767547,0.2859714,8.548,57.442,410.00622985,416.446887541305
1.23846361188849,0.462386099067363,1.492,11.9376910246553,0.27570576,8.548,57.442,410.00622985,416.215684444694
1.23776967778158,0.46171363747516,1.492,11.9204963811748,0.27570576,8.545,57.442,409.41783085,415.616181551695
1.23776967778158,0.586072678129737,1.492,11.9683795295328,0.349965,8.545,57.442,409.41783085,417.285659956358
1.23776967778158,0.586072678129737,1.492,11.7391449257428,0.349965,8.545,57.442,401.4254111,409.293240206358
1.24169891659438,0.419603947635044,1.492,11.6753526868651,0.24850848,8.562,57.442,401.4254111,407.069080583535
1.24169891659438,0.419603947635044,1.492,12.0339712388064,0.24850848,8.562,57.442,413.92888985,419.572559333535
1.23730692597724,0.462826757422119,1.492,12.0502691184983,0.276639,8.543,57.442,413.92888985,420.140795949556
1.23730692597724,0.462826757422119,1.492,12.0437999210907,0.276639,8.543,57.442,413.7033369,419.915242999555
1.23730692597724,0.513681938478622,1.492,12.0633768029692,0.30703596,8.543,57.442,413.7033369,420.597804248085
1.24377611914235,0.520677015755129,1.492,12.063597129519,0.30703596,8.571,57.442,413.59546375,420.605486082497
1.24377611914235,0.470033658599615,1.492,12.0440413391041,0.27717228,8.571,57.442,413.59546375,419.923660202132
1.24631214852925,0.472518110950391,1.492,11.961963659963,0.27717228,8.582,57.442,410.69269535,417.061966317547
1.24631214852925,0.497064506324437,1.492,11.971453543526,0.29157084,8.582,57.442,410.69269535,417.392837536641
1.24631214852925,0.497064506324437,1.492,11.8240683504145,0.29157084,8.582,57.442,405.55401075,412.254152936641
1.24608172577784,0.459343318208914,1.492,11.8094656947061,0.26957304,8.581,57.442,405.55401075,411.745021453191
1.24608172577784,0.459343318208914,1.492,12.1990238864229,0.26957304,8.581,57.442,419.136221,425.327231703191
1.24723358988792,0.458392793767695,1.492,12.1987524405441,0.26837316,8.586,57.442,419.136221,425.317767558743
1.24723358988792,0.458392793767695,1.492,12.5222123109226,0.26837316,8.586,57.442,430.4138685,436.595415058743
1.24723358988792,0.458392793767695,1.492,12.5222123109226,0.26837316,8.586,57.442,430.4138685,436.595415058743
1.24700326695142,0.417204599145202,1.492,12.1394888249154,0.24437556,8.585,57.442,417.6259969,423.251501453296
1.24700326695142,0.417204599145202,1.492,12.1394888249154,0.24437556,8.585,57.442,417.6259969,423.251501453296
1.24792440939114,0.577175392057257,1.492,12.2014517182398,0.33743292,8.589,57.442,417.6259969,425.411879704159
1.24792440939114,0.577175392057257,1.492,11.8566153694711,0.33743292,8.589,57.442,405.603044,413.388926804159
1.24792440939114,0.52883039675258,1.492,11.8379105521829,0.30916908,8.589,57.442,405.603044,412.736770678327
1.25091538540646,0.532110286546119,1.492,11.9252541749682,0.30916908,8.602,57.442,408.59407225,415.782065255344
1.25091538540646,0.485301102218646,1.492,11.9071182814661,0.2819718,8.602,57.442,408.59407225,415.149745042713
1.24515978446512,0.4795511284235,1.492,11.9741451623909,0.2819718,8.577,57.442,411.02612145,417.486682651728
1.24515978446512,0.536235658970013,1.492,11.9960480701487,0.3153018,8.577,57.442,411.02612145,418.250342368244
1.24515978446512,0.536235658970013,1.492,11.7901588309165,0.3153018,8.577,57.442,403.84765365,411.071874568244
1.24631214852925,0.597977465084406,1.492,11.8141414314381,0.35076492,8.582,57.442,403.84765365,411.908044181802
1.24631214852925,0.597977465084406,1.492,11.6962895308393,0.35076492,8.582,57.442,399.7386673,407.799057831802
1.24608172577784,0.469111746835513,1.492,11.6464490725356,0.2753058,8.581,57.442,399.7386673,406.061336489955
1.24608172577784,0.469111746835513,1.492,11.9361566086137,0.2753058,8.581,57.442,409.8395168,416.162185989955
1.24608172577784,0.455254208551268,1.492,11.9307997259861,0.26717328,8.581,57.442,409.8395168,415.975414648267
1.24930537848021,0.458304849177465,1.492,12.1361673000746,0.26717328,8.595,57.442,416.94933805,423.135694239643
1.24930537848021,0.497411700080332,1.492,12.1513076253982,0.289971,8.595,57.442,416.94933805,423.66357193846
1.25114528801317,0.499305269276212,1.492,11.9719126053708,0.289971,8.603,57.442,410.6632754,417.408843038836
1.25114528801317,0.53259228722796,1.492,11.9848108061943,0.3093024,8.603,57.442,410.6632754,417.858547548092
1.25114528801317,0.53259228722796,1.492,12.050065319175,0.3093024,8.603,57.442,412.9384182,420.133690348092
1.25390221193434,0.513460568415806,1.492,12.0429058420669,0.29650368,8.615,57.442,412.9384182,419.884070328719
1.25390221193434,0.513460568415806,1.492,11.7163520077109,0.29650368,8.615,57.442,401.55289755,408.49854967872
1.2536726023007,0.516910467892632,1.492,11.7176692825373,0.2986368,8.614,57.442,401.55289755,408.544477357894
1.2536726023007,0.516910467892632,1.492,11.928340102462,0.2986368,8.614,57.442,408.8980784,415.889658207894
1.2536726023007,0.449989023388675,1.492,11.9023787573015,0.259974,8.614,57.442,408.8980784,414.984498322051
1.26123701556608,0.457009060360515,1.492,11.8024886803538,0.259974,8.647,57.442,405.29903785,411.501763121405
1.26123701556608,0.648484138470536,1.492,11.8770256759478,0.36889644,8.647,57.442,405.29903785,414.100545965886
1.25573821679664,0.641237057950431,1.492,11.9340543173931,0.36889644,8.623,57.442,407.4074676,416.08888818241
1.25573821679664,0.477625434201604,1.492,11.8705229459004,0.27477252,8.623,57.442,407.4074676,413.873823877682
1.25573821679664,0.477625434201604,1.492,11.7987992355121,0.27477252,8.623,57.442,404.90677185,411.373128127682
1.2525241892409,0.459286801353497,1.492,11.7914146233393,0.2659734,8.609,57.442,404.90677185,411.115658621769
1.2525241892409,0.459286801353497,1.492,11.9371121997359,0.2659734,8.609,57.442,409.98661655,416.195503321769
1.24999552923749,0.544613006182987,1.492,11.9699482761744,0.31703496,8.598,57.442,409.98661655,417.340355370723
1.24999552923749,0.544613006182987,1.492,11.8461897170731,0.31703496,8.598,57.442,405.67169055,413.025429370723
1.24999552923749,0.566141022407209,1.492,11.854527029893,0.32956704,8.598,57.442,405.67169055,413.316115430079
1.24953545340717,0.565603070355682,1.492,12.0911006138101,0.32956704,8.596,57.442,413.92888985,421.564413693806
1.24953545340717,0.671539244131848,1.492,12.1321184979968,0.3912942,8.596,57.442,413.92888985,422.994530012448
1.25848933424763,0.684011884469884,1.492,12.1228533368226,0.3912942,8.635,57.442,413.39933075,422.671493891675
1.25848933424763,0.535090728021415,1.492,12.0649537173916,0.30610272,8.635,57.442,413.39933075,420.652784437661
1.25848933424763,0.535090728021415,1.492,12.0823924234468,0.30610272,8.635,57.442,414.00734305,421.260796737661
1.26100817250324,0.468274531892113,1.492,12.0566225318453,0.26650668,8.646,57.442,414.00734305,420.362312009849
1.26100817250324,0.468274531892113,1.492,11.8681719986683,0.26650668,8.646,57.442,407.43688755,413.791856509849
1.25826020618968,0.535539009327099,1.492,11.8940944873563,0.30650268,8.634,57.442,407.43688755,414.695661638455
1.25826020618968,0.535539009327099,1.492,11.8490913749558,0.30650268,8.634,57.442,405.86782355,413.126597638455
1.25826020618968,0.505955079712249,1.492,11.837590525406,0.28957104,8.634,57.442,405.86782355,412.725612727957
1.25482040790976,0.5024019883517,1.492,11.9534730386292,0.28957104,8.619,57.442,409.96700325,416.765935052999
1.25482040790976,0.564392657264341,1.492,11.9775342534387,0.3253008,8.619,57.442,409.96700325,417.60484560696
1.26032150140609,0.570781298571022,1.492,12.0039154606529,0.3253008,8.643,57.442,410.7809552,418.524644267728
1.26032150140609,0.480017715027761,1.492,11.9685978188202,0.27357264,8.643,57.442,410.7809552,417.293270760237
1.26032150140609,0.480017715027761,1.492,12.0265393260358,0.27357264,8.643,57.442,412.8011251,419.313440660237
1.25871843844386,0.573579963449914,1.492,12.0627838737791,0.3279672,8.636,57.442,412.8011251,420.577131370206
1.25871843844386,0.573579963449914,1.492,12.1390078954074,0.3279672,8.636,57.442,415.45872725,423.234733520206
1.26831953512508,0.625768344025244,1.492,12.1603497293789,0.35089824,8.678,57.442,415.45872725,423.978831019079
1.26831953512508,0.625768344025244,1.492,11.8956751745736,0.35089824,8.678,57.442,406.2306696,414.750773369079
1.26831953512508,0.569182908661259,1.492,11.873577943938,0.31916808,8.678,57.442,406.2306696,413.98033845379
1.26306691151835,0.563159171183954,1.492,11.7683296216088,0.31916808,8.655,57.442,402.661049,410.310784398117
1.26306691151835,0.546927766500707,1.492,11.7620058926086,0.309969,8.655,57.442,402.661049,410.090303302683
1.25963461702079,0.543118156392786,1.492,12.0341509080735,0.309969,8.64,57.442,412.2127261,419.578823624245
1.25963461702079,0.616935505820795,1.492,12.0628655550986,0.35209812,8.64,57.442,412.2127261,420.579979244744
1.25963461702079,0.616935505820795,1.492,11.9767971026327,0.35209812,8.64,57.442,409.2118912,417.579144344745
1.26558056923119,0.603159898282327,1.492,11.9720660891375,0.34009932,8.666,57.442,409.2118912,417.414194354338
1.26558056923119,0.603159898282327,1.492,11.5870082086609,0.34009932,8.666,57.442,395.78658735,403.988890504338
1.27059947470291,0.664956581395425,1.492,11.6116876895637,0.37116288,8.688,57.442,395.78658735,404.849357324471
1.27059947470291,0.664956581395425,1.492,11.7247580094699,0.37116288,8.688,57.442,399.72886065,408.791630624471
1.27059947470291,0.50731601253013,1.492,11.6631357591266,0.28317168,8.688,57.442,399.72886065,406.643129121902
1.271738587821,0.508480036233011,1.492,12.0152769276951,0.28317168,8.693,57.442,411.98717315,418.920769512677
1.271738587821,0.508480036233011,1.492,12.0152769276951,0.28317168,8.693,57.442,411.98717315,418.920769512677
1.26923178593537,0.491628273089471,1.492,12.0084745292049,0.27517248,8.682,57.442,411.98717315,418.683599281213
1.26923178593537,0.491628273089471,1.492,12.0155062655175,0.27517248,8.682,57.442,412.2323394,418.928765531213
1.26923178593537,0.569278862734417,1.492,12.0458418859596,0.3186348,8.682,57.442,412.2323394,419.986437487984
1.27606205823281,0.577141731090018,1.492,12.0653384399281,0.3186348,8.712,57.442,412.7815118,420.666198049516
1.27606205823281,0.598150656029278,1.492,12.0735704834971,0.33023364,8.712,57.442,412.7815118,420.953213825126
1.27560733843326,0.59760677810041,1.492,11.8958302553311,0.33023364,8.71,57.442,406.59351565,414.756180364747
1.27560733843326,0.549113050850437,1.492,11.8768324295315,0.30343632,8.71,57.442,406.59351565,414.093808298673
1.27560733843326,0.549113050850437,1.492,11.9696513488575,0.30343632,8.71,57.442,409.82971015,417.330002798673
1.27151081070793,0.5568226091091,1.492,11.9722826454897,0.31023564,8.692,57.442,409.82971015,417.421744738258
1.27151081070793,0.5568226091091,1.492,11.760486747755,0.31023564,8.692,57.442,402.4453027,410.037337288258
1.27037158371809,0.721949052618993,1.492,11.824919943687,0.40315968,8.687,57.442,402.4453027,412.283844312977
1.27037158371809,0.721949052618993,1.492,11.8038247347493,0.40315968,8.687,57.442,401.70980395,411.548345562977
1.27037158371809,0.596610675428195,1.492,11.7548344306056,0.33316668,8.687,57.442,401.70980395,409.840265421835
1.2721940739145,0.59880202060552,1.492,12.0005824759028,0.33316668,8.695,57.442,410.24158945,418.408437496573
1.2721940739145,0.571485721946444,1.492,11.9898969730996,0.3179682,8.695,57.442,410.24158945,418.035880202732
1.27674397027478,0.576719994411665,1.492,11.7679379946782,0.3179682,8.715,57.442,402.41588275,410.297130059884
1.27674397027478,0.658210408716374,1.492,11.7998782486739,0.36289704,8.715,57.442,402.41588275,411.410748652518
1.27674397027478,0.658210408716374,1.492,11.9627332616732,0.36289704,8.715,57.442,408.0939331,417.088799002518
1.28264551864221,0.74526369180714,1.492,11.9975931859895,0.40609272,8.741,57.442,408.0939331,418.304213878733
1.28264551864221,0.74526369180714,1.492,12.1005378056057,0.40609272,8.741,57.442,411.683167,421.893447778734
1.28219208139714,0.718681670440392,1.492,12.0900381570127,0.3919608,8.739,57.442,411.683167,421.527370417833
1.28219208139714,0.718681670440392,1.492,12.2374233501243,0.3919608,8.739,57.442,416.8218516,426.666055017833
1.28219208139714,0.655613687116031,1.492,12.2126460006136,0.35756424,8.739,57.442,416.8218516,425.802175942391
1.28445839575773,0.658565934959404,1.492,11.9265972146828,0.35756424,8.749,57.442,406.7994553,415.828891244799
1.28445839575773,0.649726123751895,1.492,11.9231210027908,0.35276472,8.749,57.442,406.7994553,415.707690762318
1.28626988471005,0.652057910681112,1.492,11.8539165337383,0.35276472,8.757,57.442,404.3477928,413.294830068083
1.28626988471005,0.719087295301393,1.492,11.8802956476205,0.38902776,8.757,57.442,404.3477928,414.214555743411
1.28626988471005,0.719087295301393,1.492,11.9393622326461,0.38902776,8.757,57.442,406.4071893,416.273952243411
1.29508130764154,0.660438199852615,1.492,11.9172345880444,0.35116488,8.796,57.442,406.4071893,415.502456924591
1.29508130764154,0.660438199852615,1.492,12.1760024843472,0.35116488,8.796,57.442,415.4293073,424.524574924591
1.29711016597579,0.765765929247798,1.492,12.2178571563608,0.40555944,8.805,57.442,415.4293073,425.983866417675
1.29711016597579,0.765765929247798,1.492,12.0895982860195,0.40555944,8.805,57.442,410.9574749,421.512034017675
1.29711016597579,0.722971646548217,1.492,12.0726809607063,0.38289504,8.805,57.442,410.9574749,420.922200010441
1.297335490799,0.723289367029433,1.492,11.7426225226834,0.38289504,8.806,57.442,399.4444678,409.414488979494
1.297335490799,0.698105196868241,1.492,11.7326658658822,0.36956304,8.806,57.442,399.4444678,409.06734339525
1.30048787068472,0.70240104134729,1.492,11.9116386431808,0.36956304,8.82,57.442,405.61285065,415.307350516095
1.30048787068472,0.701894258489175,1.492,11.9114380278718,0.3692964,8.82,57.442,405.61285065,415.300355927447
1.30048787068472,0.701894258489175,1.492,11.7615214096877,0.3692964,8.82,57.442,400.3859062,410.073411477447
1.29688482042066,0.778262072989253,1.492,11.7913014445539,0.41235876,8.804,57.442,400.3859062,411.111712566748
1.29688482042066,0.778262072989253,1.492,11.7682373494487,0.41235876,8.804,57.442,399.5817609,410.307567266748
1.29823658310259,0.763160006587412,1.492,11.7624341269773,0.403293,8.81,57.442,399.5817609,410.105233984043
1.29823658310259,0.763160006587412,1.492,11.7776226774124,0.403293,8.81,57.442,400.11132,410.634793084043
1.29823658310259,0.804786916037634,1.492,11.7940860782463,0.4252908,8.81,57.442,400.11132,411.208800706809
1.30610716206637,0.817160708513099,1.492,12.0177085229968,0.4252908,8.845,57.442,407.7016671,419.005548730089
1.30610716206637,0.829200380394013,1.492,12.0224853187077,0.43155684,8.845,57.442,407.7016671,419.172094948464
1.30812702075194,0.832434941300754,1.492,11.7171688809947,0.43155684,8.854,57.442,397.00261195,408.527030519129
1.30812702075194,0.870237825567424,1.492,11.7321793945539,0.45115488,8.854,57.442,397.00261195,409.050382242843
1.30812702075194,0.870237825567424,1.492,11.8024967576797,0.45115488,8.854,57.442,399.45427445,411.502044742843
1.31730832318224,0.85714620340246,1.492,11.7985239267768,0.436623,8.895,57.442,399.45427445,411.363529302125
1.31730832318224,0.85714620340246,1.492,11.6708275953404,0.436623,8.895,57.442,395.00205535,406.911310202125
1.3112658160584,1.03720182098397,1.492,11.7416078342177,0.53447988,8.868,57.442,395.00205535,409.379111178766
1.3112658160584,1.03720182098397,1.492,11.9342774091823,0.53447988,8.868,57.442,401.7196106,416.096666428766
1.3112658160584,0.856098983695674,1.492,11.8622771872333,0.44115588,8.868,57.442,401.7196106,413.586329915886
1.31820230434696,0.86752017728858,1.492,11.9231607003052,0.44115588,8.899,57.442,403.65152065,415.709074843049
1.31820230434696,0.861228099846777,1.492,11.9206524227652,0.4379562,8.899,57.442,403.65152065,415.621622047452
1.31998934300899,0.864158877166609,1.492,11.8826800310041,0.4379562,8.907,57.442,402.27858965,414.297688885318
1.31998934300899,0.925189275797553,1.492,11.9070259640974,0.46888644,8.907,57.442,402.27858965,415.146526335118
1.31998934300899,0.925189275797553,1.492,11.9883128358708,0.46888644,8.907,57.442,405.1127115,417.980648185118
1.3242286628007,0.949356413604679,1.492,11.9985669232424,0.4772856,8.926,57.442,405.1127115,418.338163887686
1.3242286628007,0.949356413604679,1.492,11.7893024505801,0.4772856,8.926,57.442,397.8165639,411.042016287686
1.32690261184311,0.954158992908255,1.492,11.7916072336831,0.4772856,8.938,57.442,397.8165639,411.122374111886
1.32690261184311,0.94509714772421,1.492,11.8959902785289,0.47275272,8.938,57.442,401.5823175,414.761759681941
1.32690261184311,0.94509714772421,1.492,11.8959902785289,0.47275272,8.938,57.442,401.5823175,414.761759681941
1.33357575675816,0.964027558096998,1.492,11.9045244961063,0.47621904,8.968,57.442,401.5823175,415.059310959055
1.33357575675816,0.964027558096998,1.492,11.9919992958348,0.47621904,8.968,57.442,404.63218565,418.109179109055
1.33734987764962,0.897185799786564,1.492,11.9656989502914,0.44008932,8.985,57.442,404.63218565,417.192199745219
1.33734987764962,0.897185799786564,1.492,12.4359814748765,0.44008932,8.985,57.442,421.02890445,433.588918545219
1.33734987764962,0.913221535075085,1.492,12.4424201795609,0.4479552,8.985,57.442,421.02890445,433.81340834577
1.33024126436268,0.90116422050254,1.492,11.9947535789234,0.4479552,8.953,57.442,405.6226573,418.205209054755
1.33024126436268,0.952927522454025,1.492,12.0154830704434,0.47368596,8.953,57.442,405.6226573,418.92795681924
1.33956750738155,0.969668825183051,1.492,11.8947052088178,0.47368596,8.995,57.442,401.1312116,414.716954855927
1.33956750738155,0.989591657786024,1.492,11.9027111601899,0.48341832,8.995,57.442,401.1312116,414.996087773935
1.33956750738155,0.989591657786024,1.492,11.9252127163902,0.48341832,8.995,57.442,401.9157436,415.780619773935
1.34244774900463,1.08900368881087,1.492,11.9656194137737,0.52914708,9.008,57.442,401.9157436,417.18942665065
1.34244774900463,1.08900368881087,1.492,11.9338359656409,0.52914708,9.008,57.442,400.80759215,416.08127520065
1.34996657955604,1.04717579166732,1.492,11.9181467484003,0.50181648,9.042,57.442,400.80759215,415.534260013318
1.34996657955604,1.04717579166732,1.492,12.115316634605,0.50181648,9.042,57.442,407.6820538,422.408721663318
1.34996657955604,1.20992760838501,1.492,12.1809632947437,0.57980868,9.042,57.442,407.6820538,424.69753693963
1.36010734753631,1.23254531417961,1.492,11.9811850890237,0.57980868,9.088,57.442,400.33687295,417.732134462793
1.36010734753631,1.04917975467761,1.492,11.9069605126886,0.49355064,9.088,57.442,400.33687295,415.144244327411
1.35768564983443,1.04456891652525,1.492,12.3294558590478,0.49355064,9.077,57.442,415.14491445,429.874830786418
1.35768564983443,1.10410539447955,1.492,12.3535354005486,0.52168116,9.077,57.442,415.14491445,430.714380312886
1.35768564983443,1.10410539447955,1.492,12.0981427376758,0.52168116,9.077,57.442,406.24047625,421.809942112886
1.35548233430539,1.13705606902476,1.492,12.1111161551024,0.53941272,9.067,57.442,406.24047625,422.262269099958
1.35548233430539,1.13705606902476,1.492,12.0267353193515,0.53941272,9.067,57.442,403.29848125,419.320274099958
1.35570274217189,1.06835187225964,1.492,11.9990025483969,0.506616,9.068,57.442,403.29848125,418.3533522538
1.35570274217189,1.06835187225964,1.492,12.1221985685932,0.506616,9.068,57.442,407.59379395,422.648664953801
1.35570274217189,1.11445968990453,1.492,12.1408339884696,0.52848048,9.068,57.442,407.59379395,423.298401491859
1.36692127949322,1.13737178027361,1.492,12.1861909690842,0.52848048,9.119,57.442,408.79020525,424.879803346861
1.36692127949322,1.04957264688216,1.492,12.1505676099778,0.48768456,9.119,57.442,408.79020525,423.637770799525
1.36757985108307,1.05081926076432,1.492,12.2470816679571,0.48768456,9.122,57.442,412.1342729,427.002798811844
1.36757985108307,1.06317170150048,1.492,12.2520946316678,0.49341732,9.122,57.442,412.1342729,427.177579187517
1.36757985108307,1.06317170150048,1.492,11.7244331387721,0.49341732,9.122,57.442,393.7369975,408.780303787517
1.37196658273024,1.24994527824725,1.492,11.800982576633,0.57554244,9.142,57.442,393.7369975,411.44925179491
1.37196658273024,1.24994527824725,1.492,12.1126291300064,0.57554244,9.142,57.442,404.6027657,422.31501999491
1.37393850259047,1.23548203768314,1.492,12.107082451479,0.56687664,9.151,57.442,404.6027657,422.121631290603
1.37393850259047,1.23548203768314,1.492,12.1613674558121,0.56687664,9.151,57.442,406.49544915,424.014314740603
1.37393850259047,1.19276899451771,1.492,12.1439961705637,0.5472786,9.151,57.442,406.49544915,423.408653112706
1.38726993913781,1.22136441338925,1.492,12.2885958309946,0.5472786,9.212,57.442,411.0555414,428.450218228809
1.38726993913781,1.24278663939754,1.492,12.2973464261496,0.55687764,9.212,57.442,411.0555414,428.755313656744
1.38639752400275,1.24087392900629,1.492,12.6139753631006,0.55687764,9.208,57.442,422.12724925,439.794796035359
1.38639752400275,1.21591979684528,1.492,12.6037849227058,0.54567876,9.208,57.442,422.12724925,439.439499427753
1.38639752400275,1.21591979684528,1.492,12.1455969845783,0.54567876,9.208,57.442,406.1522164,423.464466577753
1.40054420669244,1.45658552473486,1.492,12.2465596232783,0.63766956,9.273,57.442,406.1522164,426.984597370473
1.40054420669244,1.45658552473486,1.492,12.4862011968109,0.63766956,9.273,57.442,414.5074822,435.339863170474
1.40401680918687,1.20988230986392,1.492,12.3855381310871,0.52648068,9.289,57.442,414.5074822,431.830177192505
1.40401680918687,1.20988230986392,1.492,12.8572270029347,0.52648068,9.289,57.442,430.95323425,448.275929242505
1.40401680918687,1.24389014384591,1.492,12.8711923970366,0.5412792,9.289,57.442,430.95323425,448.762842168351
1.40835231672252,1.25325811315644,1.492,11.8974725760192,0.5412792,9.309,57.442,396.84570555,414.813440988082
1.40835231672252,1.31376022896399,1.492,11.9223511380264,0.56740992,9.309,57.442,396.84570555,415.680848905783
1.39815460597408,1.2907098757288,1.492,12.1004891368768,0.56740992,9.262,57.442,403.445581,421.891750910533
1.39815460597408,1.21853202083607,1.492,12.0709033288659,0.53567976,9.262,57.442,403.445581,420.860221672115
1.39815460597408,1.21853202083607,1.492,12.319826794331,0.53567976,9.262,57.442,412.12446625,429.539106922115
1.40683554781955,1.35834989271702,1.492,12.3786440525842,0.58820784,9.302,57.442,412.12446625,431.589810475294
1.40683554781955,1.35834989271702,1.492,12.3446104488314,0.58820784,9.302,57.442,410.9378616,430.403205825294
1.41873419029822,1.29246282893046,1.492,12.3194513589946,0.54834516,9.357,57.442,410.9378616,429.526017114781
1.41873419029822,1.29246282893046,1.492,12.455585774006,0.54834516,9.357,57.442,415.6842802,434.27243571478
1.41873419029822,1.19756281085679,1.492,12.4164398613304,0.50808252,9.357,57.442,415.6842802,432.907586950992
1.42434422402717,1.20906552740224,1.492,11.4597936574798,0.50808252,9.383,57.442,382.13573055,399.553468999307
1.42434422402717,1.54884752158954,1.492,11.6001862452051,0.65086824,9.383,57.442,382.13573055,404.448351675562
1.43295699733902,1.57158299372266,1.492,12.5889079926393,0.65086824,9.423,57.442,416.22364595,438.920805183007
1.43295699733902,1.48241288121525,1.492,12.5519715223905,0.6139386,9.423,57.442,416.22364595,437.632990126157
1.43295699733902,1.48241288121525,1.492,12.5725041924232,0.6139386,9.423,57.442,416.9395314,438.348875576157
1.44219189018097,1.40845036379241,1.492,12.543409316115,0.57434256,9.466,57.442,416.9395314,437.334463004124
1.44219189018097,1.40845036379241,1.492,12.3861796921658,0.57434256,9.466,57.442,411.45761405,431.852545654124
1.44669317227727,1.46747309633189,1.492,12.4114650858291,0.5939406,9.487,57.442,411.45761405,432.734138033108
1.44669317227727,1.46747309633189,1.492,12.4868452990999,0.5939406,9.487,57.442,414.08579625,435.362320233108
1.44669317227727,1.46747309633189,1.492,12.4868452990999,0.5939406,9.487,57.442,414.08579625,435.362320233108
1.44883464553999,1.48559293964194,1.492,12.3583339759225,0.59914008,9.497,57.442,409.329571,430.881685893962
1.44883464553999,1.48559293964194,1.492,12.3583339759225,0.59914008,9.497,57.442,409.329571,430.881685893962
1.46464241355821,1.67947544009208,1.492,12.4420328171557,0.659934,9.571,57.442,409.329571,433.799902693105
1.46464241355821,1.67947544009208,1.492,12.4648156428084,0.659934,9.571,57.442,410.12390965,434.594241343104
1.46464241355821,1.50033139314893,1.492,12.389952083376,0.58954104,9.571,57.442,410.12390965,431.984072629173
1.46911610896934,1.51131428414403,1.492,12.6875353172338,0.58954104,9.592,57.442,420.313019,442.359513667441
1.46911610896934,1.44364349530176,1.492,12.6592221866538,0.56314368,9.592,57.442,420.313019,441.372357189795
1.46570806418087,1.43564849564558,1.492,12.3957199609251,0.56314368,9.576,57.442,411.26148105,432.185173587218
1.46570806418087,1.56548223743929,1.492,12.4499924419286,0.61407192,9.576,57.442,411.26148105,434.077420402847
1.46570806418087,1.56548223743929,1.492,12.2187889519711,0.61407192,9.576,57.442,403.20041475,426.016354102847
1.46506871032589,1.60696856575252,1.492,12.2360158554557,0.63100356,9.573,57.442,403.20041475,426.616981762743
1.46506871032589,1.60696856575252,1.492,12.2441726695783,0.63100356,9.573,57.442,403.4848076,426.901374612743
1.47294647779598,1.66793543289993,1.492,12.2711134581852,0.646602,9.61,57.442,403.4848076,427.840683457842
1.47294647779598,1.66793543289993,1.492,12.2708321887327,0.646602,9.61,57.442,403.47500095,427.830876807842
1.47294647779598,1.7016380457709,1.492,12.2849474844505,0.65966736,9.61,57.442,403.47500095,428.323016155073
1.47273378111617,1.70105139024671,1.492,12.6325922041982,0.65966736,9.609,57.442,415.605827,440.44388481171
1.47273378111617,1.80728115572493,1.492,12.6770807606654,0.70086324,9.609,57.442,415.605827,441.995008470525
1.48632266005178,1.84728318415846,1.492,12.6569048251773,0.70086324,9.673,57.442,414.22308935,441.291560812084
1.48632266005178,1.5847911661698,1.492,12.5465863503032,0.6012732,9.673,57.442,414.22308935,437.445232453291
1.48632266005178,1.5847911661698,1.492,12.4093268574817,0.6012732,9.673,57.442,409.43744415,432.659587253291
1.48886529134249,1.67663144196798,1.492,12.4483810739577,0.63353664,9.685,57.442,409.43744415,434.021238966961
1.48886529134249,1.67663144196798,1.492,12.479320713733,0.63353664,9.685,57.442,410.51617565,435.099970466961
1.50155408055041,1.79967529528577,1.492,12.5334727561484,0.66646668,9.745,57.442,410.51617565,436.988018109629
1.50155408055041,1.79967529528577,1.492,12.5697565155212,0.66646668,9.745,57.442,411.7812335,438.253075959629
1.50155408055041,1.87095669325868,1.492,12.5998289173164,0.69286404,9.745,57.442,411.7812335,439.301570619962
1.51272953657869,1.90408576312236,1.492,12.5074250695532,0.69286404,9.798,57.442,407.9958666,436.079847871178
1.51272953657869,1.83447323762818,1.492,12.4779766866694,0.66753324,9.798,57.442,407.9958666,435.053110052913
1.50956975119601,1.82542467066713,1.492,12.4564026223203,0.66753324,9.783,57.442,407.39766095,434.30091568461
1.50956975119601,1.83344531032255,1.492,12.4597930290816,0.67046628,9.783,57.442,407.39766095,434.419124513083
1.50956975119601,1.83344531032255,1.492,12.4848260103544,0.67046628,9.783,57.442,408.2704528,435.291916363083
1.51251895910945,1.85877538469887,1.492,12.4960929985428,0.676599,9.797,57.442,408.2704528,435.684747538791
1.51251895910945,1.85877538469887,1.492,12.5565659308309,0.676599,9.797,57.442,410.37888255,437.793177288791
1.51841111628427,1.79201810415908,1.492,12.5293955031016,0.64633536,9.825,57.442,410.37888255,436.845861920127
1.51841111628427,1.79201810415908,1.492,12.3049424800042,0.64633536,9.825,57.442,402.55317585,429.020155220127
1.51841111628427,1.88442827867223,1.492,12.3440881444125,0.67966536,9.825,57.442,402.55317585,430.38499532791
1.52786345625289,1.91220719940988,1.492,12.74187145293,0.67966536,9.87,57.442,415.94905975,444.253979847055
1.52786345625289,1.87882421770187,1.492,12.7276987070245,0.66779988,9.87,57.442,415.94905975,443.759837460111
1.5383417529247,1.90927862123246,1.492,12.7333019888568,0.66779988,9.92,57.442,415.6254403,443.955199676988
1.5383417529247,1.9897054108272,1.492,12.767529569443,0.6959304,9.92,57.442,415.6254403,445.148567460686
1.5383417529247,1.9897054108272,1.492,12.8285650406361,0.6959304,9.92,57.442,417.75348335,447.276610510686
1.53708568590245,1.96610671235631,1.492,12.818282789442,0.68899776,9.914,57.442,417.75348335,446.918112857367
1.53708568590245,1.96610671235631,1.492,12.581735179887,0.68899776,9.914,57.442,409.5060907,438.670720207367
1.55693193209036,1.95558861531974,1.492,12.5809531600375,0.66500016,10.009,57.442,409.5060907,438.643454555556
1.55693193209036,1.95558861531974,1.492,12.2881516599818,0.66500016,10.009,57.442,399.29736805,428.434731905556
1.55693193209036,2.38685314556267,1.492,12.4724487126397,0.81165216,10.009,57.442,399.29736805,434.86037349359
1.56068248591832,2.40032413844205,1.492,12.8776014707753,0.81165216,10.027,57.442,413.1933911,448.986298865906
1.56068248591832,2.15508734243171,1.492,12.7727161732546,0.72872712,10.027,57.442,413.1933911,445.329401916104
1.56942198576031,2.18338315681426,1.492,12.9218620698492,0.72872712,10.069,57.442,417.91038975,450.529474635781
1.56942198576031,2.1813859164586,1.492,12.921006266381,0.72806052,10.069,57.442,417.91038975,450.499636468121
1.56942198576031,2.1813859164586,1.492,12.5429801222169,0.72806052,10.069,57.442,404.73025215,437.319498868121
1.58498813968551,2.17654058670247,1.492,12.5439459583272,0.709929,10.144,57.442,404.73025215,437.353173398386
1.58498813968551,2.17654058670247,1.492,12.4080928127683,0.709929,10.144,57.442,399.9936402,432.616561448386
1.59244211733663,2.12189502285044,1.492,12.3859906278657,0.6845982,10.18,57.442,399.9936402,431.845953799222
1.59244211733663,2.12189502285044,1.492,12.6335077460683,0.6845982,10.18,57.442,408.6234922,440.475805799222
1.59244211733663,2.27974583078207,1.492,12.7014696896095,0.73552644,10.18,57.442,408.6234922,442.845344999788
1.6124710754809,2.34676279832372,1.492,13.0167420950758,0.73552644,10.277,57.442,418.4693688,453.837530989245
1.6124710754809,2.21277144768533,1.492,12.9588229749692,0.69353064,10.277,57.442,418.4693688,451.818141630969
1.62132481479876,2.24095637000233,1.492,12.8924977958163,0.69353064,10.32,57.442,415.67447355,449.50566932958
1.62132481479876,2.33142173672676,1.492,12.9316691140861,0.72152784,10.32,57.442,415.67447355,450.871403876622
1.62132481479876,2.33142173672676,1.492,12.4377599554908,0.72152784,10.32,57.442,398.45399615,433.650926476622
1.65066294084205,2.36418713682255,1.492,12.4575281158482,0.70206312,10.463,57.442,398.45399615,434.340156778894
1.65066294084205,2.36418713682255,1.492,12.952843621706,0.70206312,10.463,57.442,415.7235068,451.609667428894
1.66986354780875,2.42772168126953,1.492,12.9840920730387,0.70206312,10.557,57.442,415.7235068,452.699165853037
1.66986354780875,2.54067113282878,1.492,13.0334325161492,0.73472652,10.557,57.442,415.7235068,454.41945382645
1.66986354780875,2.54067113282878,1.492,12.7707268475114,0.73472652,10.557,57.442,406.5640957,445.26004272645
1.69712527016147,2.67132005394439,1.492,12.8331763031518,0.74445888,10.691,57.442,406.5640957,447.43738530207
1.69712527016147,2.67132005394439,1.492,12.9802802268109,0.74445888,10.691,57.442,411.69297365,452.56626325207
1.71718791286494,2.73829943952242,1.492,13.0135639818414,0.74299236,10.79,57.442,411.69297365,453.7267239184
1.71718791286494,2.73829943952242,1.492,12.9176510985378,0.74299236,10.79,57.442,408.348906,450.3826562684
1.71718791286494,2.63511571759532,1.492,12.8722224012069,0.71499516,10.79,57.442,408.348906,448.798753961498
1.74585462203152,2.73586700907945,1.492,12.8127700186055,0.71499516,10.932,57.442,404.5439258,446.72590636767
1.74585462203152,2.67924175492919,1.492,12.7877294583596,0.70019664,10.932,57.442,404.5439258,445.85285027164
1.769582713687,2.76214548062916,1.492,13.0708154269102,0.70019664,11.05,57.442,412.98745145,455.722834334188
1.769582713687,3.15132820257615,1.492,13.2435170797093,0.79885344,11.05,57.442,412.98745145,461.744194451153
1.769582713687,3.15132820257615,1.492,13.448562510584,0.79885344,11.05,57.442,420.1364993,468.893242301153
1.79823056090985,3.16689675190124,1.492,13.4611013253772,0.77432256,11.193,57.442,420.1364993,469.330416573002
1.79823056090985,3.16689675190124,1.492,13.3581567057611,0.77432256,11.193,57.442,416.5472654,465.741182673002
1.812811704458,3.24086897127316,1.492,13.3939419829257,0.77818884,11.266,57.442,416.5472654,466.988860603126
1.812811704458,3.24086897127316,1.492,13.3691902711054,0.77818884,11.266,57.442,415.6842802,466.125875403126
1.812811704458,3.34136533649509,1.492,13.4140523697916,0.80231976,11.266,57.442,415.6842802,467.690022864453
1.83532738012199,3.43490928843275,1.492,13.4723946446755,0.80231976,11.379,57.442,416.10596615,469.724165800695
1.83532738012199,3.53422371451904,1.492,13.51685891652,0.82551744,11.379,57.442,416.10596615,471.274442759688
1.85579438599507,3.62274562797508,1.492,13.5207061869626,0.82551744,11.482,57.442,414.71342185,471.408580449899
1.85579438599507,3.61279945942282,1.492,13.5162417587858,0.823251,11.482,57.442,414.71342185,471.252925137206
1.85579438599507,3.61279945942282,1.492,13.4996468610881,0.823251,11.482,57.442,414.1348295,470.674332787206
1.87106132970733,3.62983239493606,1.492,13.5103092375216,0.81218544,11.559,57.442,414.1348295,471.046083764502
1.87106132970733,3.62983239493606,1.492,13.5882208758649,0.81218544,11.559,57.442,416.85127155,473.762525814502
1.88313612805004,3.95770465909509,1.492,13.7382070800803,0.87297936,11.62,57.442,416.85127155,478.991896428621
1.88313612805004,3.95770465909509,1.492,13.9165319129672,0.87297936,11.62,57.442,423.06868765,485.209312528621
1.88313612805004,4.0501800428522,1.492,13.958176663848,0.89337732,11.62,57.442,423.06868765,486.661284979206
1.88946360312258,4.08045042815553,1.492,14.0471373806334,0.89337732,11.652,57.442,425.6478366,489.762960633991
1.88946360312258,4.17179016315379,1.492,14.0883010442103,0.91337532,11.652,57.442,425.6478366,491.198159649825
1.91236224779541,4.2846561605132,1.492,14.1065076063105,0.91337532,11.768,57.442,424.3337455,491.832943770997
1.91236224779541,4.51668176780416,1.492,14.2113460218853,0.96283704,11.768,57.442,424.3337455,495.488206149998
1.91236224779541,4.51668176780416,1.492,14.0684611400138,0.96283704,11.768,57.442,419.3519673,490.506427949998
1.92516773166116,4.62446317769804,1.492,14.1201140511811,0.97136952,11.833,57.442,419.3519673,492.307341688733
1.92516773166116,4.62446317769804,1.492,14.4480742327996,0.97136952,11.833,57.442,430.7865212,503.741895588733
1.93441592613134,4.70575075389413,1.492,14.4869882371004,0.97803552,11.88,57.442,430.7865212,505.098658709932
1.93441592613134,4.70575075389413,1.492,14.3286335353412,0.97803552,11.88,57.442,425.26537725,499.577514759932
1.93441592613134,5.34592786027176,1.492,14.6185900457136,1.11108888,11.88,57.442,425.26537725,509.687044917363
1.93441592613134,5.34592786027176,1.492,14.7268787849273,1.11108888,11.88,57.442,429.0409375,513.462605167363
1.93441592613134,5.30936463876522,1.492,14.7103181425513,1.10348964,11.88,57.442,429.0409375,512.885207152359
1.94306548694926,5.36189663388783,1.492,14.8187653960637,1.10348964,11.924,57.442,431.91428595,516.666294110768
1.94306548694926,5.50830096386954,1.492,14.8851377734083,1.13361996,11.924,57.442,431.91428595,518.980412009081
1.94306548694926,5.50830096386954,1.492,15.2055036798092,1.13361996,11.924,57.442,443.0840603,530.150186359081
1.93756214507017,5.58402051229294,1.492,15.2383492287021,1.15641768,11.896,57.442,443.0840603,531.29536867157
1.93756214507017,5.58402051229294,1.492,15.1182471724833,1.15641768,11.896,57.442,438.89662075,527.10792912157
1.93854512129389,5.63281071955073,1.492,15.1406211911069,1.1652168,11.901,57.442,438.89662075,527.888014437565
1.93854512129389,5.63281071955073,1.492,15.2725365643308,1.1652168,11.901,57.442,443.4959396,532.487333287565
1.93854512129389,6.02594739448505,1.492,15.4506793761207,1.246542,11.901,57.442,443.4959396,538.69840309871
1.94895836783459,6.09757422138218,1.492,15.4701491121791,1.246542,11.954,57.442,442.93696055,539.377228635637
1.94895836783459,6.09692207440663,1.492,15.4698532777672,1.24640868,11.954,57.442,442.93696055,539.366914168462
1.91965373916023,5.89635311198971,1.492,15.2489493876525,1.24640868,11.805,57.442,438.70048775,531.664950394172
1.91965373916023,5.9960026778999,1.492,15.2940114208035,1.26747324,11.805,57.442,438.70048775,533.236068706053
1.91965373916023,5.9960026778999,1.492,15.0839031397838,1.26747324,11.805,57.442,431.3749202,525.910501156053
1.88550947808834,6.13440765758507,1.492,15.135775654519,1.34933172,11.632,57.442,431.3749202,527.719071521948
1.88550947808834,6.13440765758507,1.492,15.362760102689,1.34933172,11.632,57.442,439.28888675,535.633038071948
1.88550947808834,6.34957559735808,1.492,15.4596842917142,1.39666032,11.632,57.442,439.28888675,539.012365581018
1.89657647399931,6.43255375583917,1.492,15.5103339525766,1.39666032,11.688,57.442,439.62231285,540.778300318247
1.89657647399931,6.59220094718302,1.492,15.5823403933215,1.43132352,11.688,57.442,439.62231285,543.288853653656
1.95151081670185,7.02167656104154,1.492,16.0347746727214,1.43132352,11.967,57.442,447.97757865,559.06328129446
1.95151081670185,7.02887090178031,1.492,16.038039124374,1.43279004,11.967,57.442,447.97757865,559.177098612743
1.94836924421671,7.00395407443529,1.492,15.8839278354151,1.43279004,11.951,57.442,443.03502705,553.803904124612
1.94836924421671,7.4392980142997,1.492,16.0814013514503,1.5218478,11.951,57.442,443.03502705,560.68895203434
1.94836924421671,7.4392980142997,1.492,15.7728487620544,1.5218478,11.951,57.442,432.277132,549.93105698434
1.93638243724672,7.96296554447969,1.492,16.0057979362432,1.65130152,11.89,57.442,432.277132,558.05298774763
1.93638243724672,7.96296554447969,1.492,16.122524759032,1.65130152,11.89,57.442,436.34689175,562.12274749763
1.93441592613134,7.94512388736814,1.492,16.1136828236642,1.65130152,11.88,57.442,436.34689175,561.8144674313
1.93441592613134,7.98810170913898,1.492,16.1331488418956,1.66023396,11.88,57.442,436.34689175,562.493163343673
1.93441592613134,7.98810170913898,1.492,16.1725265652461,1.66023396,11.88,57.442,437.71982275,563.866094343673
1.91216509851148,7.84017606698819,1.492,16.0968881260436,1.67169948,11.767,57.442,437.71982275,561.228908921638
1.91216509851148,7.84017606698819,1.492,16.1303591908915,1.67169948,11.767,57.442,438.8868141,562.395900271638
1.92772667055177,8.12519355619074,1.492,16.2654321255974,1.70169648,11.846,57.442,438.8868141,567.105309641714
1.92772667055177,8.12519355619074,1.492,16.181332559299,1.70169648,11.846,57.442,435.95462575,564.173121291714
1.92772667055177,8.46257624067688,1.492,16.3340334755938,1.77235608,11.846,57.442,435.95462575,569.497142181491
1.93185884015082,8.50269815430854,1.492,16.4346392810658,1.77235608,11.867,57.442,438.7691343,573.004831741989
1.93185884015082,8.65555996105442,1.492,16.503856180681,1.80421956,11.867,57.442,438.7691343,575.418125836215
1.93697230977054,8.70622363691735,1.492,16.3222304870196,1.80421956,11.893,57.442,431.56124655,569.085622989232
1.93697230977054,8.58978038868842,1.492,16.2694751903359,1.78008864,11.893,57.442,431.56124655,567.246273832689
1.93697230977054,8.58978038868842,1.492,16.4373930534802,1.78008864,11.893,57.442,437.4158166,573.100843882689
1.95837942182345,9.24076484792896,1.492,16.7417573064527,1.8691464,12.002,57.442,437.4158166,583.71270974601
1.95837942182345,9.24076484792896,1.492,16.9895556941078,1.8691464,12.002,57.442,446.05547525,592.35236839601
1.95151081670185,9.35722117723746,1.492,17.0394055737952,1.90740924,11.967,57.442,446.05547525,594.09041822078
1.95151081670185,9.35722117723746,1.492,16.9004584642587,1.90740924,11.967,57.442,441.21099015,589.24593312078
1.95151081670185,9.2421117254171,1.492,16.8482272378172,1.88394492,11.967,57.442,441.21099015,587.424856028248
1.95209974663039,9.24825939000549,1.492,16.7393295464918,1.88394492,11.97,57.442,437.30794345,583.628064250355
1.95209974663039,9.45637958574689,1.492,16.8337704572997,1.92634068,11.97,57.442,437.30794345,586.920810582144
1.9401176688886,9.32886079832456,1.492,16.9491687355359,1.92634068,11.909,57.442,443.5351662,590.944249726331
1.9401176688886,9.45346943103801,1.492,17.0056423593148,1.95207144,11.909,57.442,443.5351662,592.913240875932
1.9401176688886,9.45346943103801,1.492,16.9446068881216,1.95207144,11.909,57.442,441.40712315,590.785197825932
1.95209974663039,9.76921434538334,1.492,17.093299438654,1.99006764,11.97,57.442,441.40712315,595.969464328041
1.95209974663039,9.76921434538334,1.492,17.1428028622945,1.99006764,11.97,57.442,443.13309355,597.695434728041
1.9538663194244,9.65755123638047,1.492,17.0929390996102,1.96340364,11.979,57.442,443.13309355,595.956900863177
1.9538663194244,9.65755123638047,1.492,17.0656559627174,1.96340364,11.979,57.442,442.1818485,595.005655813177
1.9538663194244,9.77099975704957,1.492,17.1171461798993,1.986468,11.979,57.442,442.1818485,596.800897115898
1.94110037745291,9.63079910231786,1.492,17.2875734104135,1.986468,11.914,57.442,450.54692095,602.742957959153
1.94110037745291,9.58490737505178,1.492,17.2667727407666,1.97700228,11.914,57.442,450.54692095,602.017728521056
1.93834853430297,9.55494938051794,1.492,17.0404104075349,1.97700228,11.9,57.442,443.17232015,594.125452429813
1.93834853430297,9.30752200428766,1.492,16.9282954955033,1.9258074,11.9,57.442,443.17232015,590.216490072577
1.93834853430297,9.30752200428766,1.492,16.7201561006511,1.9258074,11.9,57.442,435.91539915,582.959569072577
1.94168995332827,9.23753416234091,1.492,16.6899321476122,1.90407624,11.917,57.442,435.91539915,581.905790475466
1.94168995332827,9.23753416234091,1.492,16.7459047686603,1.90407624,11.917,57.442,437.8669225,583.857313825466
1.96190994735997,9.14844790946136,1.492,16.7142874545747,1.843149,12.02,57.442,437.8669225,582.754954751566
1.96190994735997,9.14844790946136,1.492,17.2290105526552,1.843149,12.02,57.442,455.813092,600.701124251566
1.96190994735997,8.68258842821284,1.492,17.0173977565741,1.74929172,12.02,57.442,455.813092,593.323100764759
1.96171384069742,8.68067789847584,1.492,16.8744094204147,1.74929172,12.019,57.442,450.86073375,588.33771556093
1.96171384069742,9.03727308080024,1.492,17.0363865546359,1.8211512,12.019,57.442,450.86073375,593.985158072636
1.95739849208353,8.99355496303674,1.492,16.8425745485133,1.8211512,11.997,57.442,444.85906395,587.227771186404
1.95739849208353,8.62551709888319,1.492,16.675474128205,1.74662532,11.997,57.442,444.85906395,581.401701834636
1.95739849208353,8.62551709888319,1.492,16.7651990835535,1.74662532,11.997,57.442,447.9873853,584.530023184636
1.94503018751832,8.34743739080495,1.492,16.634046705564,1.71409524,11.934,57.442,447.9873853,579.957306680356
1.94503018751832,8.34743739080495,1.492,16.591575018236,1.71409524,11.934,57.442,446.50658115,578.476502530356
1.95700609232274,8.40256322071058,1.492,16.621344618208,1.70222976,11.995,57.442,446.50658115,579.514439799999
1.95700609232274,8.40256322071058,1.492,16.8272338574402,1.70222976,11.995,57.442,453.68504895,586.692907599999
1.95700609232274,8.29463556029419,1.492,16.7782333962159,1.68036528,11.995,57.442,453.68504895,584.984473325359
1.95524009597452,8.27815653461551,1.492,16.3785366340854,1.68036528,11.986,57.442,440.03419215,571.048774949776
1.95524009597452,8.38849692638125,1.492,16.4286233339567,1.70276304,11.986,57.442,440.03419215,572.795081670687
1.95798706186236,8.41447783849267,1.492,16.7556817866453,1.70276304,12,57.442,450.9882202,584.198196180693
1.95798706186236,7.85909067768392,1.492,16.5035037222262,1.59037428,12,57.442,450.9882202,575.405837133423
1.95798706186236,7.85909067768392,1.492,16.5887283663346,1.59037428,12,57.442,453.95963515,578.377252083423
1.95151081670185,7.96805938367819,1.492,16.6357728152302,1.62423756,11.967,57.442,453.95963515,580.017488663176
1.95151081670185,7.96805938367819,1.492,16.5972389002373,1.62423756,11.967,57.442,452.6161241,578.673977613176
1.95151081670185,8.20808875196268,1.492,16.7061528781011,1.673166,11.967,57.442,452.6161241,582.471337232263
1.9526886403674,8.21900977083058,1.492,16.3881068575,1.673166,11.973,57.442,441.3384766,571.38244727222
1.9526886403674,8.46066830512831,1.492,16.4977735521528,1.72236108,11.973,57.442,441.3384766,575.206050872064
1.94679806963091,8.40451169588787,1.492,16.6457297454426,1.72236108,11.943,57.442,447.46763285,580.364643780085
1.94679806963091,8.62765183921859,1.492,16.7469301682875,1.76808984,11.943,57.442,447.46763285,583.893065078097
1.95563256755642,8.71417517365232,1.492,16.5243031301283,1.76808984,11.988,57.442,438.21015525,576.131022579936
1.95563256755642,9.320001558067,1.492,16.7993164756809,1.89101088,11.988,57.442,438.21015525,585.719549173075
1.95563256755642,9.320001558067,1.492,16.7515006687554,1.89101088,11.988,57.442,436.54302475,584.052418673075
1.95955640635415,9.28335860536887,1.492,16.7365771307213,1.87527912,12.008,57.442,436.54302475,583.532099409965
1.95955640635415,9.28335860536887,1.492,16.894650563028,1.87527912,12.008,57.442,442.05436205,589.043436709965
1.95955640635415,9.28335860536887,1.492,16.894650563028,1.87527912,12.008,57.442,442.05436205,589.043436709965
1.95779087591581,9.29524811197617,1.492,16.5744144250315,1.88141184,11.999,57.442,430.7276813,577.878186823295
1.95779087591581,9.29524811197617,1.492,16.5744144250315,1.88141184,11.999,57.442,430.7276813,577.878186823295
1.94758368936436,9.6725855637508,1.492,16.7410730430675,1.9804686,11.947,57.442,430.7276813,583.688852439552
1.94758368936436,9.6725855637508,1.492,17.0403437405308,1.9804686,11.947,57.442,441.1619569,594.123128039552
1.95170713070175,9.79759366248513,1.492,17.0989634770744,1.99673364,11.968,57.442,441.1619569,596.16694486452
1.95170713070175,9.79759366248513,1.492,17.2106274497181,1.99673364,11.968,57.442,445.05519695,600.060184914521
1.95170713070175,10.1181398930131,1.492,17.3560791546335,2.06206044,11.968,57.442,445.05519695,605.131457138772
1.94561951817147,10.048697120209,1.492,17.0212607844542,2.06206044,11.937,57.442,434.58169475,593.457787848704
1.94561951817147,10.048697120209,1.492,17.0212607844542,2.06206044,11.937,57.442,434.58169475,593.457787848704
1.95249234647391,10.1271128225564,1.492,17.207797970185,2.06206044,11.972,57.442,439.730186,599.961533193846
1.95249234647391,10.8761538175137,1.492,17.5477121761475,2.21457852,11.972,57.442,439.730186,611.812872250532
1.95249234647391,10.8761538175137,1.492,17.4200158447111,2.21457852,11.972,57.442,435.2779669,607.360653150532
1.93756214507017,10.2178433907209,1.492,17.1139718041661,2.11605504,11.896,57.442,435.2779669,596.690220355563
1.93756214507017,10.2178433907209,1.492,17.1887894785319,2.11605504,11.896,57.442,437.8865358,599.298789255563
1.93756214507017,10.5178380366431,1.492,17.3247123857005,2.17818216,11.896,57.442,437.8865358,604.037833491343
1.9526886403674,10.6997754291498,1.492,17.3940785892833,2.17818216,11.973,57.442,437.1608437,606.45633316954
1.9526886403674,10.7226969703434,1.492,17.4044805792911,2.18284836,11.973,57.442,437.1608437,606.81900559771
1.95680988646555,10.7726181711478,1.492,17.479857548228,2.18284836,11.994,57.442,438.9260407,609.447074681811
1.95680988646555,10.6081306280716,1.492,17.4051797342493,2.14951836,11.994,57.442,438.9260407,606.84338210895
1.9562212449695,10.6011028637309,1.492,17.2455910616475,2.14951836,11.991,57.442,433.48334995,601.279214929606
1.9562212449695,10.4498745775151,1.492,17.1769371750191,2.11885476,11.991,57.442,433.48334995,598.885550664562
1.9562212449695,10.4498745775151,1.492,17.1465600741487,2.11885476,11.991,57.442,432.42423175,597.826432464562
1.96073324809673,10.2135718380941,1.492,17.0414454783642,2.0604606,12.014,57.442,432.42423175,594.161540875458
1.96073324809673,10.2135718380941,1.492,17.2467721786914,2.0604606,12.014,57.442,439.58308625,601.320395375458
1.96073324809673,9.94063717816965,1.492,17.1228088733074,2.00539944,12.014,57.442,439.58308625,596.998330757611
1.96210605007332,9.95596643696292,1.492,17.3098591556559,2.00539944,12.021,57.442,445.83972895,603.519965563911
1.96210605007332,9.69849595803867,1.492,17.1929029764109,1.95353796,12.021,57.442,445.83972895,599.442209145694
1.95072552043102,9.57501859774646,1.492,17.0383057593636,1.95353796,11.963,57.442,442.58392115,594.052072445583
1.95072552043102,9.34892452589631,1.492,16.9357233804608,1.90740924,11.963,57.442,442.58392115,590.475468313441
1.95072552043102,9.34892452589631,1.492,16.7441788833062,1.90740924,11.963,57.442,435.9055925,583.797139663441
1.96190994735997,9.22587057893022,1.492,16.6932021679682,1.85874744,12.02,57.442,435.9055925,582.019801950367
1.96190994735997,9.22587057893022,1.492,16.8141480325445,1.85874744,12.02,57.442,440.122452,586.236661450367
1.94935109668702,8.89010239357892,1.492,16.6563696082488,1.81661832,11.956,57.442,440.122452,580.735609804515
1.94935109668702,8.89010239357892,1.492,16.5089844151372,1.81661832,11.956,57.442,434.9837674,575.596925204514
1.94935109668702,8.99514470132633,1.492,16.5566368772952,1.83808284,11.956,57.442,434.9837674,577.258360578544
1.9314653797549,8.81404972918471,1.492,16.7731843969697,1.83808284,11.865,57.442,445.66320925,584.808436546331
1.9314653797549,8.88629079826413,1.492,16.8058942712325,1.853148,11.865,57.442,445.66320925,585.948888470932
1.9473872905173,9.04874106495118,1.492,16.7443659240008,1.853148,11.946,57.442,440.710851,583.803660963963
1.9473872905173,8.56310359484661,1.492,16.5241018175639,1.75369128,11.946,57.442,440.710851,576.124003681005
1.9473872905173,8.56310359484661,1.492,16.9358802960284,1.75369128,11.946,57.442,455.0677866,590.480939281005
1.95406258523016,8.36031731167719,1.492,16.8465535193008,1.69929672,11.98,57.442,455.0677866,587.366500698358
1.95406258523016,8.36031731167719,1.492,16.76667299479,1.69929672,11.98,57.442,452.282698,584.581412098358
1.94542307869229,8.47846648501974,1.492,16.8168165030342,1.74022596,11.936,57.442,452.282698,586.329699481676
1.94542307869229,8.47846648501974,1.492,16.516983266666,1.74022596,11.936,57.442,441.8288091,575.875810581676
1.94542307869229,8.56290689282274,1.492,16.5552738524292,1.75755756,11.936,57.442,441.8288091,577.210837793245
1.9562212449695,8.66801085731967,1.492,16.6042816335427,1.75755756,11.991,57.442,441.72093595,578.919527280779
1.9562212449695,8.73967991470022,1.492,16.6368176059014,1.77208944,11.991,57.442,441.72093595,580.053915997691
1.95936025218989,8.77059611224144,1.492,16.8794108629834,1.77208944,12.007,57.442,449.64470915,588.512094244182
1.95936025218989,8.95931041318194,1.492,16.9651102766256,1.81021896,12.007,57.442,449.64470915,591.500062355598
1.95837942182345,8.94943688339368,1.492,17.0370016763987,1.81021896,12.002,57.442,452.3219246,594.006604709595
1.95837942182345,9.12739740471614,1.492,17.117809376448,1.84621536,12.002,57.442,452.3219246,596.824019912835
1.95837942182345,9.12739740471614,1.492,16.8168510622698,1.84621536,12.002,57.442,441.8288091,586.330904412835
1.95072552043102,9.80437992497017,1.492,17.1207127947431,2.00033328,11.963,57.442,441.8288091,596.925249558536
1.95072552043102,9.80437992497017,1.492,17.0574271679299,2.00033328,11.963,57.442,439.62231285,594.718753308535
1.95072552043102,9.60507734718318,1.492,16.9670005044462,1.95967068,11.963,57.442,439.62231285,591.565966429047
1.94149343213824,9.50512519244571,1.492,16.799323585942,1.95967068,11.916,57.442,435.50351985,585.719797077144
1.94149343213824,9.73921290723348,1.492,16.9054295187295,2.00793252,11.916,57.442,435.50351985,589.419252302413
1.93775874857177,9.69792120462243,1.492,16.8630256498193,2.00793252,11.897,57.442,434.73860115,587.940812687489
1.93775874857177,10.119038027398,1.492,17.0538311399125,2.0951238,11.897,57.442,434.73860115,594.593375355673
1.93775874857177,10.119038027398,1.492,16.8451292061552,2.0951238,11.897,57.442,427.46206685,587.316841055673
1.9434584597294,10.4285093871386,1.492,16.9882137886847,2.14525212,11.926,57.442,427.46206685,592.305581954394
1.9434584597294,10.4285093871386,1.492,17.2869219472429,2.14525212,11.926,57.442,437.87672915,602.720244254394
1.9434584597294,10.4285093871386,1.492,17.2869219472429,2.14525212,11.926,57.442,437.87672915,602.720244254394
1.9434584597294,10.5529437791796,1.492,17.3433366043629,2.17084956,11.926,57.442,437.87672915,604.687179491486
1.93815194318665,10.4894745758349,1.492,17.0972709488985,2.17084956,11.899,57.442,430.3942552,596.107933723109
1.93815194318665,10.5017143361334,1.492,17.1028169433179,2.17338264,11.899,57.442,430.3942552,596.301298575528
1.93815194318665,10.5017143361334,1.492,17.0744087286151,2.17338264,11.899,57.442,429.40378355,595.310826925528
1.95072552043102,10.6702025989628,1.492,17.1571815430642,2.17698228,11.963,57.442,429.40378355,598.196757173529
1.95072552043102,10.6702025989628,1.492,17.3771342549215,2.17698228,11.963,57.442,437.07258385,605.865557473529
1.94895836783459,10.9319397511261,1.492,17.4949704747666,2.23484316,11.954,57.442,437.07258385,609.973997103427
1.94895836783459,10.9319397511261,1.492,17.3388659286274,2.23484316,11.954,57.442,431.6298931,604.531306353427
1.94895836783459,11.0278053565318,1.492,17.3823535871721,2.2544412,11.954,57.442,431.6298931,606.047533028142
1.9611254970003,11.1800440181352,1.492,17.0421101272227,2.2544412,12.016,57.442,417.1356644,594.184714308159
1.9611254970003,11.1198793814912,1.492,17.0147830441183,2.24230908,12.016,57.442,417.1356644,593.231937043721
1.95465135861296,11.0391916988246,1.492,17.1989516344895,2.24230908,11.983,57.442,424.95156445,599.653099707105
1.95465135861296,10.9774945694061,1.492,17.1709472329066,2.229777,11.983,57.442,424.95156445,598.676707275083
1.95465135861296,10.9774945694061,1.492,17.260672188255,2.229777,11.983,57.442,428.0798858,601.805028625083
1.95052918628817,10.7671383014612,1.492,17.1630910650275,2.19724692,11.962,57.442,428.0798858,598.402796660027
1.95052918628817,10.7671383014612,1.492,17.3214457667867,2.19724692,11.962,57.442,433.60102975,603.923940610028
1.95288493024399,10.3667619692475,1.492,17.1409497000154,2.10992232,11.974,57.442,433.60102975,597.630822969806
1.95288493024399,10.3667619692475,1.492,17.2256118052189,2.10992232,11.974,57.442,436.5528314,600.582624619806
1.95288493024399,10.0366186587141,1.492,17.0757869023863,2.04272904,11.974,57.442,436.5528314,595.35887788767
1.95033284811234,10.0077358085826,1.492,17.0519058411376,2.04272904,11.961,57.442,436.2194053,594.526248509647
1.95033284811234,9.81635957885311,1.492,16.9650790515485,2.00366628,11.961,57.442,436.2194053,591.49897367213
1.94188647041854,9.72286099247217,1.492,17.1254672199722,2.00366628,11.918,57.442,443.42729305,597.091015814905
1.94188647041854,9.47831767920086,1.492,17.0146174086766,1.95327132,11.918,57.442,443.42729305,593.226162051838
1.94188647041854,9.47831767920086,1.492,16.8407928870297,1.95327132,11.918,57.442,437.36678335,587.165652351838
1.95936025218989,9.4891621042841,1.492,16.8535785065488,1.91727492,12.007,57.442,437.36678335,587.611431637649
1.95936025218989,9.4891621042841,1.492,16.8904248048267,1.91727492,12.007,57.442,438.6514545,588.896102787649
1.9648510741886,9.3466339534398,1.492,16.8280927966128,1.87687896,12.035,57.442,438.6514545,586.722855096117
1.9648510741886,9.3466339534398,1.492,16.6435800357708,1.87687896,12.035,57.442,432.2182921,580.289692696117
1.9648510741886,9.02197817824218,1.492,16.4960634083359,1.81168548,12.035,57.442,432.2182921,575.146425549398
1.9648510741886,9.02197817824218,1.492,16.5568176100766,1.81168548,12.035,57.442,434.3365285,577.264661949398
1.9648510741886,8.73184612556046,1.492,16.4249878223689,1.75342464,12.035,57.442,434.3365285,572.668327096401
1.96622329729934,8.74527176404093,1.492,16.1413747586463,1.75342464,12.042,57.442,424.2160657,562.779965503611
1.96622329729934,9.402895986565,1.492,16.4402269753179,1.88527812,12.042,57.442,424.2160657,573.199650487322
1.96622329729934,9.402895986565,1.492,16.7133396136983,1.88527812,12.042,57.442,433.73832285,582.721907637322
1.95994870278509,9.00485302371278,1.492,16.5298211808521,1.81821816,12.01,57.442,433.73832285,576.323413156477
1.95994870278509,9.00485302371278,1.492,16.3903115324106,1.81821816,12.01,57.442,428.87422445,571.459314756477
1.95092185054234,8.88367727615401,1.492,16.3315015625785,1.81208544,11.964,57.442,428.87422445,569.408865319035
1.95092185054234,8.88367727615401,1.492,16.2763727498879,1.81208544,11.964,57.442,426.95212105,567.486761919036
1.95092185054234,9.14446209319237,1.492,16.3946972859318,1.86528012,11.964,57.442,426.95212105,571.612227024005
1.93166211204154,8.94647943188422,1.492,16.4206106947796,1.86528012,11.866,57.442,431.2768537,572.515715577831
1.93166211204154,9.36211888801493,1.492,16.6088111638805,1.95193812,11.866,57.442,431.2768537,579.077452424417
1.94719088761369,9.52900432252356,1.492,16.9612594305544,1.95193812,11.945,57.442,440.68143105,591.365799998671
1.94719088761369,9.85442623094934,1.492,17.1088536537436,2.01859812,11.945,57.442,440.68143105,596.511772573928
1.94719088761369,9.85442623094934,1.492,17.146543760379,2.01859812,11.945,57.442,441.99552215,597.825863673928
1.95249234647391,10.2619925821379,1.492,17.3339795410107,2.08952436,11.972,57.442,441.99552215,604.360939139018
1.95249234647391,10.2619925821379,1.492,17.0636795971553,2.08952436,11.972,57.442,432.5713315,594.936748489018
1.94679806963091,10.103109113487,1.492,16.9888438495628,2.0704596,11.943,57.442,432.5713315,592.327549453729
1.94679806963091,10.103109113487,1.492,16.7154499417299,2.0704596,11.943,57.442,423.0392677,582.795485653729
1.94679806963091,10.5181627911692,1.492,16.9036886291207,2.15551776,11.943,57.442,423.0392677,589.358555006882
1.95563256755642,10.6236453180222,1.492,17.1064575571841,2.15551776,11.988,57.442,428.28582545,596.42823104421
1.95563256755642,10.6440147517715,1.492,17.1157042098003,2.15965068,11.988,57.442,428.28582545,596.750621851571
1.93795534794343,10.4330259980392,1.492,17.1329108524259,2.15965068,11.898,57.442,432.5321049,597.350543102896
1.93795534794343,10.7292907032122,1.492,17.2671494211617,2.22097788,11.898,57.442,432.5321049,602.030861738202
1.93795534794343,10.7292907032122,1.492,16.9990996329263,2.22097788,11.898,57.442,423.18636745,592.685124288202
1.97151436375811,11.3455642306444,1.492,17.2962947982841,2.26137384,12.069,57.442,423.18636745,603.047035055332
1.97151436375811,11.3455642306444,1.492,17.2434161412135,2.26137384,12.069,57.442,421.34271725,601.203384855332
1.94895836783459,11.1667126623237,1.492,17.1503146612245,2.28283836,11.954,57.442,421.34271725,597.957338686403
1.94895836783459,11.1667126623237,1.492,17.2701354479908,2.28283836,11.954,57.442,425.52035015,602.134971586403
1.94895836783459,11.1667126623237,1.492,17.2701354479908,2.28283836,11.954,57.442,425.52035015,602.134971586403
1.96132161551901,11.5759764480692,1.492,17.4625360383904,2.3337666,12.017,57.442,425.52035015,608.843148507328
1.96132161551901,11.5759764480692,1.492,17.4391906738326,2.3337666,12.017,57.442,424.7063982,608.029196557328
1.9538663194244,11.3894445490226,1.492,17.3504780964929,2.31550176,11.979,57.442,424.7063982,604.936172452411
1.9538663194244,11.3894445490226,1.492,17.3319143126277,2.31550176,11.979,57.442,424.0591593,604.288933552411
1.9538663194244,11.0392624100787,1.492,17.172979191384,2.24430888,11.979,57.442,424.0591593,598.747552883895
1.9473872905173,10.9587415170783,1.492,17.3625796828255,2.24430888,11.946,57.442,432.0613857,605.358102457795
1.9473872905173,10.9789221626188,1.492,17.3717327489107,2.2484418,11.946,57.442,432.0613857,605.677230307355
1.94306548694926,10.925261173193,1.492,17.5046145565132,2.2484418,11.924,57.442,437.62175625,610.310244546648
1.94306548694926,10.4517144244468,1.492,17.289932220943,2.15098488,11.924,57.442,437.62175625,602.825199486176
1.94306548694926,10.4517144244468,1.492,17.0899496402133,2.15098488,11.924,57.442,430.6492281,595.852671336176
1.95249234647391,10.356277462622,1.492,17.0513371880124,2.10872244,11.972,57.442,430.6492281,594.506422033216
1.95249234647391,10.356277462622,1.492,16.8561361879753,2.10872244,11.972,57.442,423.843413,587.700606933216
1.95249234647391,10.0099114780657,1.492,16.6989555804979,2.03819616,11.972,57.442,423.843413,582.22039857571
1.96249824365807,10.1232414004316,1.492,17.2257054480399,2.03819616,12.023,57.442,440.24993845,600.585889540199
1.96249824365807,9.90009040933101,1.492,17.124334844693,1.99326732,12.023,57.442,440.24993845,597.051534783697
1.95837942182345,9.85439908997047,1.492,16.7188733746507,1.99326732,12.002,57.442,426.9030878,582.914845961626
1.95837942182345,9.65732429043189,1.492,16.6293863290405,1.95340464,12.002,57.442,426.9030878,579.794819495816
1.95837942182345,9.65732429043189,1.492,16.9044678535884,1.95340464,12.002,57.442,436.4939915,589.385723195815
1.9526886403674,9.22690268216989,1.492,16.7065501085886,1.87834548,11.973,57.442,436.4939915,582.485186942303
1.9526886403674,9.22690268216989,1.492,17.0992022642828,1.87834548,11.973,57.442,450.1840749,596.175270342303
1.95602502315785,9.21697097791792,1.492,17.0961463191799,1.86927972,11.99,57.442,450.1840749,596.068722746122
1.95602502315785,9.21697097791792,1.492,16.873099643345,1.86927972,11.99,57.442,442.40740145,588.292049296122
1.95602502315785,9.05394346186888,1.492,16.7990907048614,1.83621636,11.99,57.442,442.40740145,585.711677520511
1.95308121610514,9.02395028136332,1.492,16.7327493075083,1.83621636,11.975,57.442,440.6127845,583.398639760585
1.95308121610514,8.68587155158887,1.492,16.5793200322466,1.76742324,11.975,57.442,440.6127845,578.049224142023
1.948761997342,8.6435922864319,1.492,16.1662718566414,1.76742324,11.953,57.442,426.9423144,563.648019691087
1.948761997342,9.36209863776689,1.492,16.492202257159,1.91434188,11.953,57.442,426.9423144,575.01180389798
1.948761997342,9.36209863776689,1.492,16.8502582701953,1.91434188,11.953,57.442,439.42617985,587.49566934798
1.95445510482299,9.13440508685775,1.492,16.7494358323913,1.8558144,11.982,57.442,439.42617985,583.980426754473
1.95445510482299,9.13440508685775,1.492,16.7727811969491,1.8558144,11.982,57.442,440.2401318,584.794378704474
1.93952799442055,8.98903312085638,1.492,16.7003937941923,1.85741424,11.906,57.442,440.2401318,582.270542870447
1.93952799442055,8.98903312085638,1.492,16.8432786760639,1.85741424,11.906,57.442,445.22191,587.252321070447
1.93952799442055,9.45229222082587,1.492,17.0532182032159,1.953138,11.906,57.442,445.22191,594.57200490253
1.94915473428244,9.55607529500617,1.492,16.8892068051426,1.953138,11.955,57.442,437.7100161,588.853636403563
1.94915473428244,9.67479240788611,1.492,16.9430617364263,1.97740224,11.955,57.442,437.7100161,590.731325065354
1.96387079701354,9.83641839395971,1.492,16.893525160657,1.97740224,12.03,57.442,433.18915045,589.004198793925
1.96387079701354,10.1063362935243,1.492,17.0161577740296,2.03166348,12.03,57.442,433.18915045,593.279867933352
1.96387079701354,10.1063362935243,1.492,17.1612928115212,2.03166348,12.03,57.442,438.24938185,598.340099333352
1.96151773008425,10.4706112233197,1.492,17.3256470317159,2.1104556,12.018,57.442,438.24938185,604.070420557818
1.96151773008425,10.4706112233197,1.492,17.2769874164329,2.1104556,12.018,57.442,436.5528314,602.373870107818
1.95543633376376,10.4748010112763,1.492,17.275903387742,2.1257874,11.987,57.442,436.5528314,602.336074713164
1.95543633376376,10.4748010112763,1.492,16.8503427061049,2.1257874,11.987,57.442,421.71536995,587.498613263164
1.95543633376376,10.783559648799,1.492,16.9905000499026,2.1884478,11.987,57.442,421.71536995,592.385294000523
1.95249234647391,10.747821619077,1.492,17.1165118328552,2.1884478,11.972,57.442,426.7265681,596.778780176484
1.95249234647391,10.9638911368531,1.492,17.2145640076521,2.2324434,11.972,57.442,426.7265681,600.197435673605
1.94503018751832,10.8717305054856,1.492,17.2850444367629,2.2324434,11.934,57.442,430.77671455,602.654783579638
1.94503018751832,11.0827375173867,1.492,17.3807243047184,2.2757724,11.934,57.442,430.77671455,605.990726991679
1.94503018751832,11.0827375173867,1.492,17.1250503723931,2.2757724,11.934,57.442,421.8624697,597.076482141679
1.92260807811511,10.7817215696181,1.492,16.9767803125224,2.27137284,11.82,57.442,421.8624697,591.906946062694
1.92260807811511,10.7817215696181,1.492,17.0808500099486,2.27137284,11.82,57.442,425.4909302,595.535406562694
1.92812029024639,10.8170384902678,1.492,17.0997684469317,2.2644402,11.848,57.442,425.4909302,596.195010683901
1.92812029024639,10.8170384902678,1.492,17.2991884887564,2.2644402,11.848,57.442,432.44384505,603.147925533901
1.92812029024639,10.8781768885643,1.492,17.3268611850417,2.27723892,11.848,57.442,432.44384505,604.112752836018
1.95052918628817,11.1591219784757,1.492,17.3066215989345,2.27723892,11.962,57.442,426.8834745,603.407085955623
1.95052918628817,10.9794627931774,1.492,17.2251091206746,2.24057592,11.962,57.442,426.8834745,600.565098182642
1.95994870278509,11.0966094674085,1.492,17.4125691019407,2.24057592,12.01,57.442,431.3945335,607.101017419244
1.95994870278509,10.9183347705026,1.492,17.3316056371478,2.20457952,12.01,57.442,431.3945335,604.278171372701
1.95994870278509,10.9183347705026,1.492,17.0295222451596,2.20457952,12.01,57.442,420.8621914,593.745829272701
1.94758368936436,10.7124454860201,1.492,16.9297611015449,2.19338064,11.947,57.442,420.8621914,590.267589420054
1.94758368936436,10.7124454860201,1.492,17.2819104560787,2.19338064,11.947,57.442,433.1401172,602.545515220054
1.96190994735997,10.5870537507032,1.492,17.2321903209118,2.13298668,12.02,57.442,433.1401172,600.811989025881
1.96190994735997,10.5870537507032,1.492,17.2845064390774,2.13298668,12.02,57.442,434.9641541,602.636025925881
1.96190994735997,10.2641284284742,1.492,17.1378202963393,2.06792652,12.02,57.442,434.9641541,597.521714190708
1.95994870278509,10.2415511989155,1.492,16.8819219926526,2.06792652,12.01,57.442,426.4323686,588.599646481197
1.95994870278509,9.73908066430294,1.492,16.6537249678104,1.96647,12.01,57.442,426.4323686,580.64340262409
1.95092185054234,9.64054148199467,1.492,16.9055505656081,1.96647,11.964,57.442,436.91567745,589.423472683834
1.95092185054234,9.4353123277339,1.492,16.8124330109269,1.92460752,11.964,57.442,436.91567745,586.176866059873
1.95092185054234,9.4353123277339,1.492,16.6830490627755,1.92460752,11.964,57.442,432.40461845,581.665807059873
1.93382589182712,9.25388182020944,1.492,16.5931246371888,1.92460752,11.877,57.442,432.40461845,578.53053104489
1.93382589182712,9.00580394098936,1.492,16.529429041298,1.87301268,11.877,57.442,434.1011689,576.309740945277
1.94267249781206,9.09697749074026,1.492,16.5746150221431,1.87301268,11.922,57.442,434.1011689,577.885180777478
1.94267249781206,9.10733777544749,1.492,16.5793116598399,1.8751458,11.922,57.442,434.1011689,578.048932232388
1.94267249781206,9.10733777544749,1.492,16.6476601367981,1.8751458,11.922,57.442,436.48418485,580.431948182389
1.93539923354166,9.07079414253199,1.492,16.627906070293,1.883145,11.885,57.442,436.48418485,579.743209271823
1.93539923354166,9.07079414253199,1.492,16.5359309593245,1.883145,11.885,57.442,433.2774103,576.536434721823
1.95209974663039,9.02508647570418,1.492,16.5224562587915,1.8384828,11.97,57.442,433.2774103,576.066630159663
1.95209974663039,9.02508647570418,1.492,16.8203206089922,1.8384828,11.97,57.442,443.66265265,586.451872509663
1.95209974663039,9.46357871201468,1.492,17.0192998864804,1.9278072,11.97,57.442,443.66265265,593.389419812489
1.96583125316494,9.61079315591714,1.492,17.0211257248301,1.9278072,12.04,57.442,441.1815702,593.453078903417
1.96583125316494,9.19738282791019,1.492,16.8332621272867,1.84488216,12.04,57.442,441.1815702,586.903087311887
1.95641746279037,9.10069314461362,1.492,16.6441255765571,1.84488216,11.992,57.442,436.2586319,580.308713345192
1.95641746279037,9.28878378194268,1.492,16.7295157916009,1.88301168,11.992,57.442,436.2586319,583.285901038017
1.95641746279037,9.28878378194268,1.492,16.7387976835335,1.88301168,11.992,57.442,436.58225135,583.609520488017
1.96504711783412,9.47220226637465,1.492,16.8258867128104,1.90167648,12.036,57.442,436.58225135,586.645938489893
1.96504711783412,9.47220226637465,1.492,16.5814635585853,1.90167648,12.036,57.442,428.0602725,578.123959639893
1.96602727719189,9.86685298997539,1.492,16.761236614468,1.97873544,12.041,57.442,428.0602725,584.391869015702
1.96602727719189,9.86685298997539,1.492,16.805958457416,1.97873544,12.041,57.442,429.61952985,585.951126365702
1.96602727719189,10.169998453082,1.492,16.9437178029083,2.03952936,12.041,57.442,429.61952985,590.754199267681
1.94679806963091,9.95218050342075,1.492,16.9184245316169,2.03952936,11.943,57.442,432.50268495,589.872332229854
1.94679806963091,10.0302470258688,1.492,16.9538299273643,2.05552776,11.943,57.442,432.50268495,591.106765337031
1.94129690684695,9.96784099502215,1.492,16.7246030214668,2.05552776,11.915,57.442,425.5889967,583.114613979264
1.94129690684695,10.2413133481739,1.492,16.8485584092665,2.11192212,11.915,57.442,425.5889967,587.43640254517
1.94129690684695,10.2413133481739,1.492,16.6353561642692,2.11192212,11.915,57.442,418.155556,580.00296184517
1.93736553743711,11.01493263229,1.492,16.983919184126,2.28163848,11.895,57.442,418.155556,592.155847657191
1.93736553743711,11.01493263229,1.492,17.0632371697319,2.28163848,11.895,57.442,420.9210313,594.921322957191
1.93893828290561,10.8122293029784,1.492,16.9722201261043,2.23564308,11.903,57.442,420.9210313,591.74795207405
1.93893828290561,10.8122293029784,1.492,17.0298803638675,2.23564308,11.903,57.442,422.93139455,593.75831532405
1.93893828290561,10.9721334634614,1.492,17.1023410965331,2.26870644,11.903,57.442,422.93139455,596.284707855028
1.94836924421671,11.0901913543003,1.492,17.2846153724847,2.26870644,11.951,57.442,427.24632055,602.639823962922
1.94836924421671,11.1579694527223,1.492,17.3153597522267,2.28257172,11.951,57.442,427.24632055,603.711747589586
1.94915473428244,11.1678884044915,1.492,17.2001745024549,2.28257172,11.955,57.442,423.058881,599.695735827119
1.94915473428244,11.3146540660189,1.492,17.2667534010199,2.31256872,11.955,57.442,423.058881,602.017054227686
1.94915473428244,11.3146540660189,1.492,17.5677117151982,2.31256872,11.955,57.442,433.5519965,612.510169727686
1.94935109668702,11.5324710046162,1.492,17.6666300796692,2.35656432,11.956,57.442,433.5519965,615.959025514575
1.94935109668702,11.5324710046162,1.492,17.6213456978162,2.35656432,11.956,57.442,431.97312585,614.380154864575
1.94561951817147,11.0160799360098,1.492,17.385124343696,2.26057392,11.937,57.442,431.97312585,606.144137331323
1.94561951817147,11.0160799360098,1.492,17.0709463652501,2.26057392,11.937,57.442,421.0190978,595.190109281323
1.94561951817147,10.9634553503283,1.492,17.0470825775253,2.249775,11.937,57.442,421.0190978,594.358082156412
1.9495474550498,11.0123140066927,1.492,17.2096857861202,2.249775,11.957,57.442,425.8439696,600.027353175276
1.9495474550498,10.6775396608892,1.492,17.0578122172691,2.18138184,11.957,57.442,425.8439696,594.732178314587
1.95033284811234,10.6870234499431,1.492,17.1210174589767,2.18138184,11.961,57.442,427.8837528,596.935871883425
1.95033284811234,10.3375822113586,1.492,16.9624770752559,2.11005564,11.961,57.442,427.8837528,591.408254006049
1.95033284811234,10.3375822113586,1.492,17.2575287309316,2.11005564,11.961,57.442,438.17092865,601.695429856049
1.948761997342,10.1581932430119,1.492,17.1753819318466,2.0771256,11.953,57.442,438.17092865,598.831326057795
1.948761997342,10.1581932430119,1.492,17.1759444707516,2.0771256,11.953,57.442,438.19054195,598.850939357795
1.95524009597452,9.78285794851619,1.492,17.008685532998,1.9858014,11.986,57.442,438.19054195,593.019343187914
1.95524009597452,9.78285794851619,1.492,17.0362499393433,1.9858014,11.986,57.442,439.15159365,593.980394887914
1.95524009597452,9.45117998517274,1.492,16.8856917046111,1.9184748,11.986,57.442,439.15159365,588.731080042318
1.94326197538322,9.32401884800659,1.492,16.5515138682713,1.9184748,11.925,57.442,429.69798305,577.079743398479
1.94326197538322,9.62013258070562,1.492,16.6857597704569,1.97940204,11.925,57.442,429.69798305,581.760317719483
1.93402257408693,9.51948174803926,1.492,16.5860917583631,1.97940204,11.878,57.442,427.962206,578.285324960398
1.93402257408693,8.97640900333735,1.492,16.3401272911369,1.86648,11.878,57.442,427.962206,569.709607188494
1.93402257408693,8.97640900333735,1.492,16.5898945649596,1.86648,11.878,57.442,436.6705112,578.417912388494
1.9562212449695,9.14470871604354,1.492,16.6758368559629,1.85421456,11.991,57.442,436.6705112,581.414348583636
1.9562212449695,9.14470871604354,1.492,16.8817260951951,1.85421456,11.991,57.442,443.848979,588.592816383636
1.96445897511231,9.19852257117834,1.492,16.9096994301814,1.84794852,12.033,57.442,443.848979,589.568125657719
1.96445897511231,9.19852257117834,1.492,16.689184179419,1.84794852,12.033,57.442,436.1605654,581.879712057719
1.96445897511231,9.26820332076161,1.492,16.7208443497558,1.86194712,12.033,57.442,436.1605654,582.98356534385
1.96151773008425,9.23768517655611,1.492,16.5853294707248,1.86194712,12.018,57.442,431.9633192,578.258747285495
1.96151773008425,9.54988533432029,1.492,16.7271380830607,1.92487416,12.018,57.442,431.9633192,583.203000619045
1.95837942182345,9.5162740994578,1.492,16.710192512596,1.92487416,12.002,57.442,431.95351255,582.61218182547
1.95837942182345,9.28426630869667,1.492,16.6048432147539,1.87794552,12.002,57.442,431.95351255,578.939107190135
1.95837942182345,9.28426630869667,1.492,16.8247959266112,1.87794552,12.002,57.442,439.62231285,586.607907490135
1.95406258523016,9.25629985112101,1.492,16.8102167947772,1.88141184,11.98,57.442,439.62231285,586.099596182498
1.95406258523016,9.25629985112101,1.492,16.5368228869443,1.88141184,11.98,57.442,430.09024905,576.567532382498
1.92556146099712,9.37947068930277,1.492,16.5798245785828,1.96926972,11.835,57.442,430.09024905,578.066815491823
1.92556146099712,9.37947068930277,1.492,16.5944505901129,1.96926972,11.835,57.442,430.60019485,578.576761291823
1.92556146099712,9.37947068930277,1.492,16.5944505901129,1.96926972,11.835,57.442,430.60019485,578.576761291823
1.9334325148246,9.70016628888832,1.492,16.7433087041863,2.01833148,11.875,57.442,430.60019485,583.766800278948
1.9334325148246,9.70016628888832,1.492,16.800687672497,2.01833148,11.875,57.442,432.60075145,585.767356878948
1.95563256755642,10.2629092171072,1.492,17.0664608812438,2.08232508,11.988,57.442,432.60075145,595.033719842873
1.95563256755642,10.2629092171072,1.492,17.0636481867188,2.08232508,11.988,57.442,432.50268495,594.935653342873
1.95563256755642,10.6597846359645,1.492,17.2438087731762,2.16285036,11.988,57.442,432.50268495,601.21707423469
1.94561951817147,10.5398599199037,1.492,16.8654007868165,2.16285036,11.937,57.442,421.38194385,588.023623447871
1.94561951817147,10.5002290590818,1.492,16.8474292923571,2.15471784,11.937,57.442,421.38194385,587.397035119235
1.95857559584088,10.6549351161613,1.492,16.878555676201,2.15471784,12.003,57.442,419.79326655,588.48227757769
1.95857559584088,10.8935866761198,1.492,16.9869239492298,2.20297968,12.003,57.442,419.79326655,592.260610828032
1.95857559584088,10.8935866761198,1.492,17.1500602316816,2.20297968,12.003,57.442,425.48112355,597.948467828032
1.94994015965584,11.0968544883829,1.492,17.2378385160654,2.26604004,11.959,57.442,425.48112355,601.00891717613
1.94994015965584,11.0968544883829,1.492,17.3531589915916,2.26604004,11.959,57.442,429.50185005,605.02964367613
1.9513144986763,11.3645383923213,1.492,17.4753426165729,2.3171016,11.966,57.442,429.50185005,609.289658531135
1.9513144986763,11.3645383923213,1.492,17.4981254422256,2.3171016,11.966,57.442,430.2961887,610.083997181135
1.9513144986763,11.5450109237528,1.492,17.5800136640819,2.35389792,11.966,57.442,430.2961887,612.939085509144
1.93303912116801,11.3078273570667,1.492,17.4031082989841,2.35389792,11.873,57.442,428.22698555,606.771160115193
1.93303912116801,11.4461650728078,1.492,17.4657565582258,2.38269504,11.873,57.442,428.22698555,608.955434113045
1.93402257408693,11.4590272648318,1.492,17.1599214671103,2.38269504,11.878,57.442,417.34160405,598.292286481484
1.93402257408693,11.4385097585385,1.492,17.1506288308042,2.3784288,11.878,57.442,417.34160405,597.968292421624
1.93402257408693,11.4385097585385,1.492,17.1385342443466,2.3784288,11.878,57.442,416.9199181,597.546606471624
1.94758368936436,11.8669048737367,1.492,17.3403143329249,2.429757,11.947,57.442,416.9199181,604.581805950443
1.94758368936436,11.8669048737367,1.492,17.35212764993,2.429757,11.947,57.442,417.3317974,604.993685250443
1.93716892567107,11.2756476233617,1.492,17.0783085650622,2.33616636,11.894,57.442,417.3317974,595.446797365096
1.93716892567107,11.2756476233617,1.492,17.3590154786602,2.33616636,11.894,57.442,427.1188341,605.233834065096
1.93716892567107,11.116708802214,1.492,17.2870057988763,2.30323632,11.894,57.442,427.1188341,602.723167798396
1.93893828290561,11.1391301471916,1.492,17.2896797859527,2.30323632,11.903,57.442,426.8246346,602.816398169235
1.93893828290561,10.9424738207912,1.492,17.2005647719889,2.26257372,11.903,57.442,426.8246346,599.709342838798
1.93775874857177,10.9277883781719,1.492,17.1097495658125,2.26257372,11.897,57.442,423.91205955,596.543009155121
1.93775874857177,10.6425364630502,1.492,16.980503645153,2.20351296,11.897,57.442,423.91205955,592.036762577131
1.93775874857177,10.6425364630502,1.492,17.1352018440297,2.20351296,11.897,57.442,429.30571705,597.430420077131
1.95720229419492,10.7082616597765,1.492,17.1749116623341,2.16884976,11.996,57.442,429.30571705,598.81492979267
1.95720229419492,10.7082616597765,1.492,17.1315961666486,2.16884976,11.996,57.442,427.79549295,597.30470569267
1.96014484505463,10.4980706419732,1.492,17.0376130928355,2.11925472,12.011,57.442,427.79549295,594.02792215785
1.96014484505463,10.4980706419732,1.492,16.9549198737996,2.11925472,12.011,57.442,424.91233785,591.14476705785
1.96014484505463,10.3111711709315,1.492,16.8700377523941,2.08152516,12.011,57.442,424.91233785,588.185294393921
1.94719088761369,10.1616245125033,1.492,16.7883070455917,2.08152516,11.945,57.442,424.6475583,585.335697934971
1.94719088761369,10.474029544592,1.492,16.9299974998533,2.14551876,11.945,57.442,424.6475583,590.275831607217
1.94601238492166,10.4600567965251,1.492,17.2290926655232,2.14551876,11.939,57.442,435.3171935,600.703987172333
1.94601238492166,9.9615255367889,1.492,17.0030132235263,2.04326232,11.939,57.442,435.3171935,592.821574275628
1.94601238492166,9.9615255367889,1.492,17.1816193258657,2.04326232,11.939,57.442,441.54441625,599.048797025628
1.94149343213824,9.68036765296362,1.492,17.0520184631187,1.9958004,11.916,57.442,441.54441625,594.530175151309
1.94149343213824,9.68036765296362,1.492,16.6984627613224,1.9958004,11.916,57.442,429.2174572,582.203216101309
1.91886575328632,9.42976179282536,1.492,16.5744167082887,1.9951338,11.801,57.442,429.2174572,577.878266430603
1.91886575328632,9.42976179282536,1.492,16.3626208105539,1.9951338,11.801,57.442,421.83304975,570.493858980603
1.91886575328632,9.59674387602608,1.492,16.4381243894013,2.0304636,11.801,57.442,421.83304975,573.126342405
1.95524009597452,10.0028819440014,1.492,16.6866566188678,2.0304636,11.986,57.442,423.48056695,581.791586946873
1.95524009597452,10.4455570871569,1.492,16.8875996885896,2.12032128,11.986,57.442,423.48056695,588.797603196242
1.94994015965584,10.3832660930306,1.492,17.0392639358795,2.12032128,11.959,57.442,429.8450828,594.085479918902
1.94994015965584,10.1110187363409,1.492,16.9157512497942,2.06472684,11.959,57.442,429.8450828,589.779126448166
1.94994015965584,10.1110187363409,1.492,16.9736927570099,2.06472684,11.959,57.442,431.8652527,591.799296348166
1.95288493024399,10.3634867379922,1.492,17.0896786487594,2.10925572,11.974,57.442,431.8652527,595.843223035559
1.95288493024399,10.3634867379922,1.492,16.5850812509689,2.10925572,11.974,57.442,414.2721226,578.250092935559
1.93500592303286,10.5880092913761,1.492,16.6778957471198,2.1991134,11.883,57.442,414.2721226,581.486133218561
1.93500592303286,10.5880092913761,1.492,16.8092485814387,2.1991134,11.883,57.442,418.85182815,586.065838768561
1.93500592303286,10.7022660754843,1.492,16.8610023808454,2.22284436,11.883,57.442,418.85182815,587.870270044105
1.94051076463916,10.7695785176415,1.492,16.9838060878958,2.22284436,11.911,57.442,421.97034285,592.15190448051
1.94051076463916,11.1558442138899,1.492,17.1588720966557,2.30256972,11.911,57.442,421.97034285,598.255699469716
1.94070730635051,11.1583373582204,1.492,17.2627711125817,2.30256972,11.912,57.442,425.5497701,601.878209043594
1.94070730635051,11.1583373582204,1.492,17.2627711125817,2.30256972,11.912,57.442,425.5497701,601.878209043594
1.94070730635051,11.2804452709471,1.492,17.3181148615676,2.3277672,11.912,57.442,425.5497701,603.807806343133
1.93362920540685,11.189837491022,1.492,17.0113483065327,2.3277672,11.876,57.442,416.41977895,593.112182591025
1.93362920540685,11.3116054820469,1.492,17.0664962259788,2.353098,11.876,57.442,416.41977895,595.034952161002
1.94601238492166,11.4720687540339,1.492,17.2050913352485,2.353098,11.939,57.442,418.47917545,599.867164533246
1.94601238492166,11.6950103734466,1.492,17.3061933542902,2.39882676,11.939,57.442,418.47917545,603.392154915997
1.94601238492166,11.6950103734466,1.492,17.0803339839302,2.39882676,11.939,57.442,410.6044355,595.517414965997
1.9434584597294,11.9495902106806,1.492,17.194322017856,2.45815416,11.926,57.442,410.6044355,599.491684986969
1.9434584597294,11.9495902106806,1.492,17.2941726734946,2.45815416,11.926,57.442,414.08579625,602.973045736969
1.93303912116801,11.8016161479762,1.492,17.2211372293791,2.45668764,11.873,57.442,414.08579625,600.426615501971
1.93303912116801,11.8016161479762,1.492,17.1935728230338,2.45668764,11.873,57.442,413.12474455,599.465563801971
1.93303912116801,12.0411453409725,1.492,17.3020471237579,2.50654932,11.873,57.442,413.12474455,603.247593779734
1.95406258523016,12.3318943807346,1.492,17.3887783862997,2.50654932,11.98,57.442,411.12418795,606.271538002034
1.95406258523016,12.4761961074386,1.492,17.4542731051116,2.53587972,11.98,57.442,411.12418795,608.555055741061
1.9513144986763,12.437565291159,1.492,17.5605687226962,2.53587972,11.966,57.442,415.49795385,612.261124455274
1.9513144986763,12.4388730631259,1.492,17.5611621156082,2.53614636,11.966,57.442,415.49795385,612.281813501129
1.9513144986763,12.4388730631259,1.492,17.2872056688702,2.53614636,11.966,57.442,405.94627675,602.730136401129
1.9562212449695,11.9963481826441,1.492,17.0891931669565,2.4324234,11.991,57.442,405.94627675,595.826296383624
1.9562212449695,11.9963481826441,1.492,17.4309355517477,2.4324234,11.991,57.442,417.8613565,607.741376133624
1.94286899442604,11.5478183848905,1.492,17.2199838423733,2.3770956,11.923,57.442,417.8613565,600.386401882682
1.94286899442604,11.5478183848905,1.492,17.2270155786859,2.3770956,11.923,57.442,418.10652275,600.631568132682
1.94286899442604,11.2324068563744,1.492,17.0840267938578,2.31216876,11.923,57.442,418.10652275,595.646167285718
1.9495474550498,11.3177221818116,1.492,17.1552862676726,2.31216876,11.957,57.442,419.1166077,598.130677113097
1.9495474550498,11.2283185066165,1.492,17.1147274393439,2.29390392,11.957,57.442,419.1166077,596.716566087923
1.92556146099712,10.9256768451793,1.492,16.8558877243753,2.29390392,11.835,57.442,415.32143415,587.691944081488
1.92556146099712,10.711684453175,1.492,16.7590566298351,2.24897508,11.835,57.442,415.32143415,584.315862374705
1.92556146099712,10.711684453175,1.492,17.211900448365,2.24897508,11.835,57.442,431.11014065,600.104568874705
1.93205556408426,10.4570755133652,1.492,17.1000241244496,2.17924872,11.868,57.442,431.11014065,596.203925053765
1.93205556408426,10.4570755133652,1.492,16.8024410437014,2.17924872,11.868,57.442,420.73470495,585.828489353765
1.94149343213824,10.1666493146222,1.492,16.6755836392062,2.09605704,11.916,57.442,420.73470495,581.405520009879
1.94149343213824,10.1666493146222,1.492,16.5582942775125,2.09605704,11.916,57.442,416.6453319,577.316146959879
1.94149343213824,10.6839702312802,1.492,16.7927825267667,2.20271304,11.916,57.442,416.6453319,585.491738617931
1.91630432579371,10.3801462902789,1.492,16.6475764575427,2.20271304,11.788,57.442,416.83165825,580.429030648462
1.91630432579371,9.95921068838527,1.492,16.4572976587372,2.11338864,11.788,57.442,416.83165825,573.794831428817
1.95111817662362,10.363102367767,1.492,17.0456028596477,2.11338864,11.965,57.442,430.36483525,594.306490790214
1.95111817662362,10.3330302816632,1.492,17.0319581286938,2.10725592,11.965,57.442,430.36483525,593.830758002248
1.95111817662362,10.3330302816632,1.492,16.8499767929244,2.10725592,11.965,57.442,424.0199327,587.485855452248
1.95425884702921,10.2057019493133,1.492,16.7937200258497,2.07392592,11.981,57.442,424.0199327,585.524425158544
1.95425884702921,10.2057019493133,1.492,16.9529185359664,2.07392592,11.981,57.442,429.5704966,591.074989058544
1.95936025218989,10.6029723839609,1.492,17.1357756212776,2.14231908,12.007,57.442,429.5704966,597.450425209571
1.95936025218989,10.6029723839609,1.492,17.1973736313758,2.14231908,12.007,57.442,431.71815295,599.598081559571
1.95936025218989,10.6828130497434,1.492,17.233631075609,2.1584508,12.007,57.442,431.71815295,600.8622219144
1.95406258523016,10.6192952515341,1.492,17.1073532000717,2.1584508,11.98,57.442,428.4133119,596.459458240217
1.95406258523016,11.0771252753495,1.492,17.315150080666,2.25150816,11.98,57.442,428.4133119,603.704437248585
1.92693938064945,10.740714233929,1.492,16.6232866131173,2.25150816,11.842,57.442,410.10429635,579.582148768064
1.92693938064945,11.4861025026503,1.492,16.9606238130262,2.4077592,11.842,57.442,410.10429635,591.34363876297
1.92693938064945,11.4861025026503,1.492,17.1583562381359,2.4077592,11.842,57.442,416.9983713,598.23771371297
1.92949782679338,11.3329283633676,1.492,17.0904595190023,2.36869644,11.855,57.442,416.9983713,595.870448605559
1.92949782679338,11.3329283633676,1.492,17.0223923114966,2.36869644,11.855,57.442,414.625162,593.497239305559
1.9328424180906,11.6055913029921,1.492,17.1477229816357,2.416425,11.872,57.442,414.625162,597.866978021876
1.9328424180906,11.6055913029921,1.492,17.3178910004001,2.416425,11.872,57.442,420.55818525,603.800001271876
1.9328424180906,11.8956510470062,1.492,17.4492460177795,2.47681896,11.872,57.442,420.55818525,608.379782935761
1.94915473428244,12.11827759936,1.492,17.5469290231894,2.47681896,11.955,57.442,420.116886,611.785567092122
1.94915473428244,12.2030755371314,1.492,17.5853968312492,2.49415056,11.955,57.442,420.116886,613.126773279116
1.9334325148246,11.9869681572444,1.492,17.2577719627961,2.49415056,11.875,57.442,412.4284724,601.703910299779
1.9334325148246,12.5104529222897,1.492,17.4948497402403,2.603073,11.875,57.442,412.4284724,609.969787612379
1.9334325148246,12.5104529222897,1.492,17.5100382906754,2.603073,11.875,57.442,412.9580315,610.499346712379
1.93972455669087,12.2145764803658,1.492,17.3797682029902,2.52334764,11.907,57.442,412.9580315,605.95739185724
1.93972455669087,12.2145764803658,1.492,17.1769729277355,2.52334764,11.907,57.442,405.88743685,598.88679720724
1.96328258349963,12.9137188804845,1.492,17.5082367880173,2.5977402,12.027,57.442,405.88743685,610.436536101824
1.96328258349963,12.9137188804845,1.492,17.4083861323787,2.5977402,12.027,57.442,402.4060761,606.955175351824
1.96328258349963,13.0741048167984,1.492,17.4812503690349,2.63000364,12.027,57.442,402.4060761,609.495636322773
1.9296946009387,12.5859765241309,1.492,17.4167772231313,2.63000364,11.856,57.442,408.59407225,607.247736415234
1.9296946009387,12.6867817297279,1.492,17.4624118511318,2.6510682,11.856,57.442,408.59407225,608.838818634431
1.94935109668702,12.9737036618462,1.492,17.3880373036725,2.6510682,11.956,57.442,401.04295175,606.24569965421
1.94935109668702,12.9737036618462,1.492,17.3880373036725,2.6510682,11.956,57.442,401.04295175,606.24569965421
1.94935109668702,12.6722779091798,1.492,17.2512954557406,2.58947436,11.956,57.442,401.04295175,601.478102493952
1.93638243724672,12.4870563354133,1.492,17.1524594531588,2.58947436,11.89,57.442,400.7977855,598.032118310125
1.93638243724672,12.3751916490949,1.492,17.1017817007154,2.56627668,11.89,57.442,400.7977855,596.265204140895
1.9334325148246,12.3336086197775,1.492,16.9574156881024,2.56627668,11.875,57.442,396.4828595,591.231785314242
1.9334325148246,11.7864164663518,1.492,16.709601218167,2.4524214,11.875,57.442,396.4828595,582.591565944646
1.9334325148246,11.7864164663518,1.492,17.3725533177166,2.4524214,11.875,57.442,419.59713355,605.705839994646
1.94836924421671,11.6467538163425,1.492,17.3176838562599,2.38256172,11.951,57.442,419.59713355,603.792779051107
1.94836924421671,11.6467538163425,1.492,17.2636801213794,2.38256172,11.951,57.442,417.71425675,601.909902251107
1.93913485752942,11.4750455856499,1.492,17.1807098753921,2.37216276,11.904,57.442,417.71425675,599.017088418781
1.93913485752942,11.4750455856499,1.492,17.1334566073715,2.37216276,11.904,57.442,416.06673955,597.369571218781
1.93913485752942,11.1229197558424,1.492,16.9738870856422,2.29937004,11.904,57.442,416.06673955,591.806071747576
1.95484760840058,11.3226146396745,1.492,17.0281504778912,2.29937004,11.984,57.442,414.5074822,593.698001677622
1.95484760840058,11.1282913409359,1.492,16.9399450992856,2.25990732,11.984,57.442,414.5074822,590.62266140016
1.94110037745291,10.9564882941873,1.492,16.8665971718049,2.25990732,11.914,57.442,414.9193615,588.06533622095
1.94110037745291,10.6539907116447,1.492,16.7294885324423,2.19751356,11.914,57.442,414.9193615,583.284950628985
1.94110037745291,10.6539907116447,1.492,16.7877113091104,2.19751356,11.914,57.442,416.94933805,585.314927178985
1.94404788825627,10.8090397097251,1.492,16.8595190686901,2.22204444,11.929,57.442,416.94933805,587.81855336098
1.94404788825627,10.8090397097251,1.492,16.854456218545,2.22204444,11.929,57.442,416.77281835,587.64203366098
1.94758368936436,10.3452062899275,1.492,16.645904518799,2.11818816,11.947,57.442,416.77281835,580.370737371555
1.94758368936436,10.3452062899275,1.492,16.9004533733143,2.11818816,11.947,57.442,425.6478366,589.245755621555
1.94758368936436,10.681842219679,1.492,17.0531399926121,2.1871146,11.947,57.442,425.6478366,594.569278036846
1.95013650590205,10.7127319173254,1.492,16.8431551550485,2.1871146,11.96,57.442,417.79270995,587.24801442657
1.95013650590205,10.8557424805619,1.492,16.9080372614029,2.21631168,11.96,57.442,417.79270995,589.510173017266
1.9233957401462,10.5298879945344,1.492,16.7324834991686,2.21631168,11.824,57.442,417.30237745,583.389372172757
1.9233957401462,10.7870544121102,1.492,16.848823221356,2.2704396,11.824,57.442,417.30237745,587.44563539806
1.9233957401462,10.7870544121102,1.492,16.5498337933452,2.2704396,11.824,57.442,406.8779085,577.02116644806
1.91058774807283,10.9720682032277,1.492,16.6265052223029,2.3437656,11.759,57.442,406.8779085,579.694367757681
1.91058774807283,10.9720682032277,1.492,16.8568649039029,2.3437656,11.759,57.442,414.90955485,587.726014107681
1.94522663514174,11.7027827169725,1.492,17.2068961587894,2.40255972,11.935,57.442,414.90955485,599.930090928628
1.94522663514174,11.7027827169725,1.492,17.1424854541662,2.40255972,11.935,57.442,412.663832,597.684368078628
1.94522663514174,12.0437161239095,1.492,17.2970828748832,2.47255272,11.935,57.442,412.663832,603.07451187982
1.93697230977054,11.9312512798544,1.492,17.1412100190834,2.47255272,11.893,57.442,409.1726646,597.639899170457
1.93697230977054,12.1918010894274,1.492,17.2592536387347,2.52654732,11.893,57.442,409.1726646,601.755569935098
1.95975255655207,12.5101456676809,1.492,17.4418069647833,2.52654732,12.009,57.442,410.0356498,608.120415313658
1.95975255655207,12.8738779384261,1.492,17.606992659882,2.60000664,12.009,57.442,410.0356498,613.879726473915
1.95975255655207,12.8738779384261,1.492,17.6283691382722,2.60000664,12.009,57.442,410.7809552,614.625031873915
1.9393314280339,12.9309404226135,1.492,17.6417292007502,2.67253272,11.905,57.442,410.7809552,615.090839502626
1.9393314280339,12.9309404226135,1.492,17.6510110926828,2.67253272,11.905,57.442,411.10457465,615.414458952626
1.94444082019605,13.0503363167534,1.492,17.7083253244452,2.68159848,11.931,57.442,411.10457465,617.412758469019
1.94444082019605,13.0503363167534,1.492,17.5862543820589,2.68159848,11.931,57.442,406.84848855,613.156672369019
1.94444082019605,13.2579582527861,1.492,17.6803934470853,2.72426088,11.931,57.442,406.84848855,616.438894643161
1.93087515781533,13.0546716908653,1.492,17.5520805003434,2.72426088,11.862,57.442,405.88743685,611.965176832825
1.93087515781533,13.6980138848901,1.492,17.8433594209957,2.85851412,11.862,57.442,405.88743685,622.120813720498
1.94110037745291,13.8586552719998,1.492,17.8965313072968,2.85851412,11.914,57.442,404.96561175,623.974687556259
1.94110037745291,13.2232810761892,1.492,17.6085445711997,2.72746056,11.914,57.442,404.96561175,613.933834913306
1.94110037745291,13.2232810761892,1.492,17.5376646691689,2.72746056,11.914,57.442,402.49433595,611.462559113306
1.92319883100669,12.8934074863274,1.492,17.376875402036,2.7143952,11.823,57.442,402.49433595,605.856532392322
1.92319883100669,12.8934074863274,1.492,17.1943315273615,2.7143952,11.823,57.442,396.1298201,599.492016542322
1.93126864328935,12.8707183436354,1.492,17.1891786141883,2.68466484,11.864,57.442,396.1298201,599.312356733832
1.93126864328935,12.8707183436354,1.492,17.5033565926342,2.68466484,11.864,57.442,407.08384815,610.266384783832
1.93126864328935,12.5351605579469,1.492,17.3514233511566,2.61467184,11.864,57.442,407.08384815,604.969129396597
1.92792348250249,12.4872487631011,1.492,17.4160004810739,2.61467184,11.847,57.442,410.16313625,607.220654777218
1.92792348250249,12.0402750413136,1.492,17.2136938447107,2.5210812,11.847,57.442,410.16313625,600.167096853187
1.93598916819712,12.1517987701709,1.492,17.5966379510464,2.5210812,11.888,57.442,421.5878835,613.518702535841
1.93598916819712,11.6557020673379,1.492,17.3719020889052,2.41815816,11.888,57.442,421.5878835,605.683134460978
1.93598916819712,11.6557020673379,1.492,17.030722243019,2.41815816,11.888,57.442,409.69241705,593.787668010978
1.93382589182712,11.4199158095754,1.492,16.9227078372753,2.3750958,11.877,57.442,409.69241705,590.021672583248
1.93382589182712,11.4199158095754,1.492,16.9114570591752,2.3750958,11.877,57.442,409.30015105,589.629406583248
1.93893828290561,11.6858992120688,1.492,17.0348202311866,2.41629168,11.903,57.442,409.30015105,593.930547144513
1.93893828290561,11.6858992120688,1.492,17.0722290683695,2.41629168,11.903,57.442,410.6044355,595.234831594513
1.93893828290561,11.1920016841254,1.492,16.8484189021521,2.31416856,11.903,57.442,410.6044355,587.431538535122
1.95327749795229,11.3753298231195,1.492,17.0298587602186,2.31416856,11.976,57.442,413.7621768,593.757562098197
1.95327749795229,11.1407193797115,1.492,16.9233840159372,2.26644,11.976,57.442,413.7621768,590.045248010355
1.93028489822385,10.8534598492943,1.492,16.8057596521743,2.26644,11.859,57.442,414.625162,585.944194886275
1.93028489822385,10.8534598492943,1.492,16.8057596521743,2.26644,11.859,57.442,414.625162,585.944194886275
1.93028489822385,10.9741247852659,1.492,16.8603882922252,2.29163748,11.859,57.442,414.625162,587.848859428364
1.93028489822385,10.9741247852659,1.492,16.9219863023234,2.29163748,11.859,57.442,416.77281835,589.996515778364
1.93028489822385,10.9070887097261,1.492,16.8916370578506,2.27763888,11.859,57.442,416.77281835,588.938368810537
1.93323582007884,10.9439472113138,1.492,16.853085664744,2.27763888,11.874,57.442,414.79187505,587.594248374261
1.93323582007884,11.1470162388241,1.492,16.9450503935788,2.31990132,11.874,57.442,414.79187505,590.800660944139
1.93323582007884,11.1470162388241,1.492,17.2772296169849,2.31990132,11.874,57.442,426.3735287,602.382314594139
1.93362920540685,11.6006442396901,1.492,17.4828884659022,2.41322532,11.876,57.442,426.3735287,609.552749679737
1.93362920540685,11.6006442396901,1.492,17.1701168347188,2.41322532,11.876,57.442,415.4685339,598.647754879736
1.93992111484639,11.9700827278594,1.492,17.3410848494273,2.47228608,11.908,57.442,415.4685339,604.608670530264
1.93992111484639,11.9700827278594,1.492,17.1081937427548,2.47228608,11.908,57.442,407.3486277,596.488764330264
1.93992111484639,12.3664174342284,1.492,17.2878120268335,2.55414456,11.908,57.442,407.3486277,602.75127748228
1.94129690684695,12.3857762214706,1.492,16.9626960858265,2.55414456,11.915,57.442,395.6787142,591.415889957955
1.94129690684695,12.7277782895966,1.492,17.1177135802616,2.62467084,11.915,57.442,395.6787142,596.820679913898
1.94326197538322,12.7562167519601,1.492,17.1720303648201,2.62467084,11.925,57.442,397.08106515,598.714471402988
1.94326197538322,13.0212288234566,1.492,17.2921760409556,2.67919872,11.925,57.442,397.08106515,602.903431790933
1.94326197538322,13.0212288234566,1.492,17.3970895467393,2.67919872,11.925,57.442,400.7389456,606.561312240933
1.95327749795229,13.5628428401476,1.492,17.6491058222976,2.75919072,11.976,57.442,400.7389456,615.348030409971
1.95327749795229,13.5628428401476,1.492,17.4879384260133,2.75919072,11.976,57.442,395.11973515,609.728819959971
1.94994015965584,13.5523036694624,1.492,17.4810120138182,2.76745656,11.959,57.442,395.11973515,609.487325906675
1.94994015965584,13.5523036694624,1.492,17.693370450458,2.76745656,11.959,57.442,402.5237559,616.891346656675
1.94994015965584,13.581030009257,1.492,17.7064029640977,2.77332264,11.959,57.442,402.5237559,617.345734073252
1.92831709378502,13.250914342694,1.492,17.1630799849148,2.77332264,11.849,57.442,389.2847784,598.402410344394
1.92831709378502,14.0006656253279,1.492,17.5024425355668,2.93024028,11.849,57.442,389.2847784,610.234515564976
1.93303912116801,14.0765030290535,1.492,17.4632360421068,2.93024028,11.873,57.442,386.60756295,608.8675546111
1.93303912116801,13.9183112892939,1.492,17.391596597511,2.89731024,11.873,57.442,386.60756295,606.369796845037
1.93303912116801,13.9183112892939,1.492,17.483290439027,2.89731024,11.873,57.442,389.80453085,609.566764745037
1.90092037435215,13.3730084123516,1.492,17.2148610625824,2.88891108,11.71,57.442,389.80453085,600.207792694983
1.90092037435215,13.3730084123516,1.492,17.3225872628911,2.88891108,11.71,57.442,393.5604778,603.963739644983
1.92910426591803,13.5912193245814,1.492,17.4402721757793,2.84198244,11.853,57.442,393.5604778,608.066903855333
1.92910426591803,13.5912193245814,1.492,17.6098776556386,2.84198244,11.853,57.442,399.47388775,613.980313805333
1.92910426591803,13.1072987228383,1.492,17.3908202751668,2.74079256,11.853,57.442,399.47388775,606.34272984061
1.94227949230581,13.3057310065012,1.492,17.616293281839,2.74079256,11.92,57.442,403.90649355,614.203998958904
1.94227949230581,13.3012004044462,1.492,17.6142395052853,2.73985932,11.92,57.442,403.90649355,614.132392648083
1.93992111484639,13.2655937305996,1.492,17.5217740999187,2.73985932,11.908,57.442,401.29792465,610.908523651756
1.93992111484639,12.4845432506217,1.492,17.1678032143564,2.57854212,11.908,57.442,401.29792465,598.5670889385
1.93992111484639,12.4845432506217,1.492,17.2468399305097,2.57854212,11.908,57.442,404.0535933,601.3227575885
1.93028489822385,12.4425340589939,1.492,17.2219727965914,2.59827348,11.859,57.442,404.0535933,600.455748118859
1.93028489822385,12.4425340589939,1.492,17.1179030991652,2.59827348,11.859,57.442,400.4251328,596.827287618859
1.94994015965584,12.1845381724239,1.492,17.0126534222777,2.48815116,11.959,57.442,400.4251328,593.157686335593
1.94994015965584,12.1845381724239,1.492,17.1237548560164,2.48815116,11.959,57.442,404.29875955,597.031313085593
1.94994015965584,12.0324191457843,1.492,17.0547417724244,2.4570876,11.959,57.442,404.29875955,594.625125175085
1.94778008415636,12.0030553571274,1.492,17.1884151716072,2.4570876,11.948,57.442,409.4668641,599.285738791068
1.94778008415636,11.7985540341682,1.492,17.0956584053639,2.41522512,11.948,57.442,409.4668641,596.051711300401
1.92772667055177,11.5321220983979,1.492,17.2690735331475,2.41522512,11.846,57.442,420.116886,602.097947206024
1.92772667055177,11.2214754002296,1.492,17.1284734441817,2.35016496,11.846,57.442,420.116886,597.195829858457
1.92772667055177,11.2214754002296,1.492,17.1864149513973,2.35016496,11.846,57.442,422.1370559,599.215999758457
1.92378954569814,11.1423739056761,1.492,17.1484494917886,2.34416556,11.826,57.442,422.1370559,597.892308290511
1.92378954569814,11.1423739056761,1.492,16.7527033721168,2.34416556,11.826,57.442,408.33909935,584.094351740511
1.92989137089118,11.9800152347864,1.492,17.1352604144699,2.50281636,11.857,57.442,408.33909935,597.432462175206
1.92989137089118,11.9800152347864,1.492,17.1628248208152,2.50281636,11.857,57.442,409.30015105,598.393513875206
1.92989137089118,11.800694706316,1.492,17.0816444898848,2.46535344,11.857,57.442,409.30015105,595.563106643869
1.9296946009387,11.7980371006351,1.492,17.076389803398,2.46535344,11.856,57.442,409.16285795,595.379898439862
1.9296946009387,12.1565973888979,1.492,17.2387104422352,2.54027928,11.856,57.442,409.16285795,601.039317472703
1.95209974663039,12.4701956278512,1.492,17.4298596518201,2.54027928,11.97,57.442,410.4083025,607.703864153808
1.95209974663039,12.9414111653789,1.492,17.6436881291208,2.63626968,11.97,57.442,410.4083025,615.159138867293
1.95209974663039,12.9414111653789,1.492,17.197032238546,2.63626968,11.97,57.442,394.8353423,599.586178667293
1.95896793195665,13.041928051225,1.492,17.2468642328945,2.63626968,12.005,57.442,394.8353423,601.323604907609
1.95896793195665,13.324215155803,1.492,18.4781907687844,2.69333064,12.005,57.442,433.2970236,644.254638710696
1.94208298341055,13.0723994082628,1.492,18.3533622864599,2.69333064,11.919,57.442,433.2970236,639.902409112731
1.94208298341055,13.4832980135616,1.492,18.539623697515,2.77798884,11.919,57.442,433.2970236,646.39653938699
1.94208298341055,13.4832980135616,1.492,17.5065209984714,2.77798884,11.919,57.442,397.27719815,610.37671393699
1.94110037745291,13.4979850774298,1.492,17.5125403711405,2.78412156,11.914,57.442,397.27719815,610.586583442762
1.94110037745291,13.4979850774298,1.492,16.7621134718624,2.78412156,11.914,57.442,371.11305595,584.422441242762
1.95288493024399,14.1778210579042,1.492,17.0782271071572,2.88557808,11.974,57.442,371.11305595,595.443957280057
1.95288493024399,14.1778210579042,1.492,17.1882034630859,2.88557808,11.974,57.442,374.9474561,599.278357430057
1.95288493024399,14.4241184483021,1.492,17.299977596945,2.9357064,11.974,57.442,374.9474561,603.17543832546
1.94699448065205,14.3283937303322,1.492,17.4392889517898,2.9357064,11.944,57.442,381.4590717,608.03262308488
1.94699448065205,14.506685278112,1.492,17.5201509282658,2.97223608,11.944,57.442,381.4590717,610.851930672503
1.93225228384342,14.2654144766791,1.492,17.103552616222,2.97223608,11.869,57.442,371.1032493,596.326948309692
1.93225228384342,14.4330622111767,1.492,17.1794679094213,3.00716592,11.869,57.442,371.1032493,598.973786433875
1.93225228384342,14.4330622111767,1.492,17.3023826601652,3.00716592,11.869,57.442,375.38875535,603.259292483875
1.9233957401462,14.1903922486497,1.492,17.1863163185821,2.98676796,11.824,57.442,375.38875535,599.212560858537
1.9233957401462,14.1903922486497,1.492,17.267884459808,2.98676796,11.824,57.442,378.23268385,602.056489358537
1.95111817662362,14.7719316869835,1.492,17.5508106578193,3.01249872,11.965,57.442,378.23268385,611.920902913001
1.95111817662362,14.7719316869835,1.492,17.622253098755,3.01249872,11.965,57.442,380.72357295,614.411792013001
1.95111817662362,14.069160109558,1.492,17.3033816688539,2.86917972,11.965,57.442,380.72357295,603.294123598559
1.93854512129389,13.8699907889532,1.492,17.182159205751,2.86917972,11.901,57.442,379.93904095,599.067620303556
1.93854512129389,13.4420518509919,1.492,16.9882463745568,2.78065524,11.901,57.442,379.93904095,592.306718082899
1.93874170416093,13.4450602303078,1.492,17.0763683418028,2.78065524,11.902,57.442,382.95948915,595.379150166804
1.93874170416093,13.3071092838972,1.492,17.0138570410524,2.75212476,11.902,57.442,382.95948915,593.19965131953
1.93874170416093,13.3071092838972,1.492,17.3153778941356,2.75212476,11.902,57.442,393.47221795,603.71238011953
1.948761997342,13.2206472649905,1.492,17.2825527648249,2.70332964,11.953,57.442,393.47221795,602.567909749605
1.948761997342,13.2206472649905,1.492,17.4130617907864,2.70332964,11.953,57.442,398.02250355,607.118195349605
1.94561951817147,12.6500408371106,1.492,17.1523253772521,2.59587372,11.937,57.442,398.02250355,598.027443662812
1.94561951817147,12.6500408371106,1.492,16.8710559247491,2.59587372,11.937,57.442,388.21585355,588.220793662812
1.94561951817147,12.4213512795808,1.492,16.7673515632784,2.54894508,11.937,57.442,388.21585355,584.605070848385
1.9434584597294,12.3909434449508,1.492,16.8647873757652,2.54894508,11.926,57.442,392.13851355,588.002236456029
1.9434584597294,12.0273617057062,1.492,16.6999507994928,2.47415256,11.926,57.442,392.13851355,582.255097560151
1.93500592303286,11.9122325813493,1.492,16.7916828532846,2.47415256,11.883,57.442,397.3262314,585.453397757033
1.93500592303286,12.1799015643444,1.492,16.9129263047036,2.529747,11.883,57.442,397.3262314,589.680632823898
1.93500592303286,12.1799015643444,1.492,16.7967620208199,2.529747,11.883,57.442,393.27608495,585.630486373898
1.93618580479297,11.860141036091,1.492,16.6526029013839,2.46002064,11.889,57.442,393.27608495,580.604281018016
1.93618580479297,11.860141036091,1.492,16.6081623278884,2.46002064,11.889,57.442,391.72663425,579.054830318015
1.93067840880378,11.935878906838,1.492,16.6392690630922,2.49135084,11.861,57.442,391.72663425,580.139387713323
1.93067840880378,11.935878906838,1.492,16.4941340256006,2.49135084,11.861,57.442,386.66640285,575.079156313323
1.93067840880378,12.4123687481449,1.492,16.7098644662285,2.59080756,11.861,57.442,386.66640285,582.600744266641
1.93166211204154,12.4263408476739,1.492,16.8816120896595,2.59080756,11.866,57.442,392.41309975,588.588841503405
1.93166211204154,12.5305704343652,1.492,16.9288069765263,2.61253872,11.866,57.442,392.41309975,590.234323204933
1.95327749795229,12.8419727626369,1.492,17.2870713746859,2.61253872,11.976,57.442,399.522921,602.725454143419
1.95327749795229,13.2030631378263,1.492,17.4509473079234,2.68599804,11.976,57.442,399.522921,608.439099569119
1.95327749795229,13.2030631378263,1.492,16.9185042343351,2.68599804,11.976,57.442,380.95893255,589.875111119119
1.95367004961047,14.3313432396755,1.492,17.4308245822386,2.91424188,11.978,57.442,380.95893255,607.737507106516
1.95367004961047,14.3313432396755,1.492,17.3433497825101,2.91424188,11.978,57.442,377.9090644,604.687638956516
1.95504385418728,14.1276705464201,1.492,17.2518278228667,2.8683798,11.985,57.442,377.9090644,601.49666383444
1.95504385418728,14.1276705464201,1.492,17.1750412623334,2.8683798,11.985,57.442,375.23184895,598.81944838444
1.95504385418728,14.4251297496517,1.492,17.3100638593656,2.92877376,11.985,57.442,375.23184895,603.527102697422
1.9526886403674,14.3868690554268,1.492,17.2640945219565,2.92877376,11.973,57.442,374.29041055,601.924350607954
1.9526886403674,14.7562333192315,1.492,17.431715160938,3.00396624,11.973,57.442,374.29041055,607.768557736172
1.92497086065088,14.2979489857893,1.492,17.0535436643455,3.00396624,11.832,57.442,369.0242395,594.58335232529
1.92497086065088,14.5314677691539,1.492,17.159203601028,3.053028,11.832,57.442,369.0242395,598.267257594228
1.92497086065088,14.5314677691539,1.492,16.9609086370134,3.053028,11.832,57.442,362.11055125,591.353569344228
1.95288493024399,15.086370208122,1.492,17.2323375041814,3.07049292,11.974,57.442,362.11055125,600.81712067028
1.95288493024399,15.086370208122,1.492,17.4359765877936,3.07049292,11.974,57.442,369.21056585,607.91713527028
1.92989137089118,15.0584573320862,1.492,17.4066391296172,3.14595204,11.857,57.442,369.21056585,606.894264917084
1.92989137089118,15.0584573320862,1.492,17.7146291801081,3.14595204,11.857,57.442,379.9488476,617.632546667084
1.92989137089118,14.8357425120286,1.492,17.6138037868885,3.09942336,11.857,57.442,379.9488476,614.117201031012
1.92792348250249,14.8023434246673,1.492,17.4709639431064,3.09942336,11.847,57.442,375.54566175,609.13699311451
1.92792348250249,14.8023434246673,1.492,17.4709639431064,3.09942336,11.847,57.442,375.54566175,609.13699311451
1.93264571084505,14.6514470919249,1.492,17.3281431080123,3.05129484,11.871,57.442,372.8292197,604.157447948794
1.93264571084505,14.6514470919249,1.492,17.3281431080123,3.05129484,11.871,57.442,372.8292197,604.157447948794
1.93264571084505,14.3857787848882,1.492,17.2078364255707,2.99596704,11.871,57.442,372.8292197,599.962873966916
1.94247599710581,14.5477733323099,1.492,17.0960135296435,2.99596704,11.921,57.442,366.13127775,596.064092948981
1.94247599710581,14.1923653775467,1.492,16.9348994602361,2.92277436,11.921,57.442,366.13127775,590.446741776667
1.94188647041854,14.1828652297536,1.492,17.2964036380366,2.92277436,11.918,57.442,378.89953605,603.050829827033
1.94188647041854,13.8283421195085,1.492,17.1357007370048,2.849715,11.918,57.442,378.89953605,597.447814318671
1.94188647041854,13.8283421195085,1.492,17.3235887312768,2.849715,11.918,57.442,385.45037825,603.998656518671
1.94031421881902,13.4000369898348,1.492,17.1284262344708,2.76639,11.91,57.442,385.45037825,597.194183859905
1.94031421881902,13.4000369898348,1.492,17.4096956869738,2.76639,11.91,57.442,395.25702825,607.000833859905
1.95504385418728,13.3502054324549,1.492,17.3964867406666,2.71052892,11.985,57.442,395.25702825,606.540294998854
1.95504385418728,13.3502054324549,1.492,17.4758047262724,2.71052892,11.985,57.442,398.02250355,609.305770298854
1.95504385418728,12.7835226677995,1.492,17.2185762467166,2.59547376,11.985,57.442,398.02250355,600.337325106573
1.96269433453232,12.8939439052917,1.492,17.4707727344927,2.59547376,12.024,57.442,404.90677185,609.130326496665
1.96269433453232,12.8522180749016,1.492,17.4518175971629,2.5870746,12.024,57.442,404.90677185,608.469442793011
1.95779087591581,12.7816248308459,1.492,17.1327354556726,2.5870746,11.999,57.442,395.00205535,597.344427776271
1.95779087591581,12.650548131988,1.492,17.0732202197807,2.56054392,11.999,57.442,395.00205535,595.269388759893
1.95779087591581,12.650548131988,1.492,17.2206054128923,2.56054392,11.999,57.442,400.14073995,600.408073359893
1.93382589182712,12.2250471178453,1.492,17.0133977606519,2.54254572,11.877,57.442,400.14073995,593.18363819724
1.93382589182712,12.2250471178453,1.492,17.0758395791076,2.54254572,11.877,57.442,402.31781625,595.36071449724
1.94483373582056,12.4901310298382,1.492,17.2025370460867,2.56534344,11.933,57.442,402.31781625,599.778107511285
1.94483373582056,12.4901310298382,1.492,16.9592389696716,2.56534344,11.933,57.442,393.835064,591.295355261285
1.94483373582056,12.648513317089,1.492,17.0310549811436,2.59787352,11.933,57.442,393.835064,593.799269151096
1.92772667055177,12.4042245092395,1.492,16.8188575607035,2.59787352,11.846,57.442,390.6577094,586.400862339975
1.92772667055177,12.889928260679,1.492,17.0386892571807,2.69959668,11.846,57.442,390.6577094,594.065443356767
1.92910426591803,12.910287568769,1.492,17.1067190813862,2.69959668,11.853,57.442,392.6778793,596.43734926268
1.92910426591803,13.0894465794275,1.492,17.1878193763962,2.7370596,11.853,57.442,392.6778793,599.264965987432
1.92910426591803,13.0894465794275,1.492,17.1127204325779,2.7370596,11.853,57.442,390.05950375,596.646590437432
1.94031421881902,13.6945149111536,1.492,17.39408540554,2.82718392,11.91,57.442,390.05950375,606.456570822947
1.94031421881902,13.6945149111536,1.492,17.2376995899484,2.82718392,11.91,57.442,384.60700635,601.004073422947
1.94719088761369,14.1382802334662,1.492,17.4434852783936,2.89611036,11.945,57.442,384.60700635,608.17893085461
1.94719088761369,14.1382802334662,1.492,17.1360577668077,2.89611036,11.945,57.442,373.8883379,597.46026240461
1.94719088761369,14.6075386254162,1.492,17.3488886366465,2.99223408,11.945,57.442,373.8883379,604.88075485813
1.93048165560713,14.332347110194,1.492,17.1421838107748,2.99223408,11.86,57.442,371.4366754,597.673851077446
1.93048165560713,14.5507423477491,1.492,17.2410599974392,3.03782952,11.86,57.442,371.4366754,601.121236306535
1.93834853430297,14.6819796739147,1.492,17.2655943608862,3.03782952,11.9,57.442,370.0245178,601.976643508262
1.93834853430297,14.8179358624163,1.492,17.3271991693202,3.06596004,11.9,57.442,370.0245178,604.124536886847
1.93834853430297,14.8179358624163,1.492,17.4183304719312,3.06596004,11.9,57.442,373.2018724,607.301891486847
1.94797647489476,15.355340183853,1.492,17.6689383482232,3.14261904,11.949,57.442,373.2018724,616.039504861385
1.94797647489476,15.355340183853,1.492,17.6678132704132,3.14261904,11.949,57.442,373.1626458,616.000278261385
1.93539923354166,15.1432493221272,1.492,17.5624470694666,3.14381892,11.885,57.442,373.1626458,612.326614287859
1.93539923354166,15.1432493221272,1.492,17.3444632437767,3.14381892,11.885,57.442,365.56249205,604.726460537859
1.93539923354166,15.2363654389886,1.492,17.3866429380267,3.16315032,11.885,57.442,365.56249205,606.197084151393
1.92300191762273,15.0215988440099,1.492,17.3651649651361,3.16315032,11.822,57.442,368.52410035,605.448240076883
1.92300191762273,14.9817117696117,1.492,17.3471211974045,3.15475116,11.822,57.442,368.52410035,604.819131891652
1.92280499999273,14.9783206036931,1.492,17.5094210940782,3.15475116,11.821,57.442,374.2413773,610.477827734912
1.92280499999273,14.6238490853705,1.492,17.3490718104418,3.08009196,11.821,57.442,374.2413773,604.887141336587
1.92280499999273,14.6238490853705,1.492,17.5040512787709,3.08009196,11.821,57.442,379.64484145,610.290605486587
1.94326197538322,14.5717762246574,1.492,17.4950339739462,2.99823348,11.925,57.442,379.64484145,609.97621104534
1.94326197538322,14.5717762246574,1.492,17.6382001252702,2.99823348,11.925,57.442,384.6364263,614.96779589534
1.94365493998931,13.9494834528067,1.492,17.3563409892793,2.86891308,11.927,57.442,384.6364263,605.140586181069
1.94365493998931,13.9494834528067,1.492,17.3684355757369,2.86891308,11.927,57.442,385.05811225,605.562272131069
1.94365493998931,14.0583878266193,1.492,17.4178104355305,2.89131084,11.927,57.442,385.05811225,607.283760065454
1.93834853430297,13.9738476778807,1.492,17.0741077665305,2.89131084,11.9,57.442,374.5355768,595.300333678569
1.93834853430297,13.4532192403961,1.492,16.8381993057973,2.78358828,11.9,57.442,374.5355768,587.075225385219
1.95033284811234,13.637352561506,1.492,17.0146912595375,2.78358828,11.961,57.442,377.50699175,593.228736912134
1.95033284811234,13.5184772242679,1.492,16.9607578953559,2.75932404,11.961,57.442,377.50699175,591.348313634222
1.95033284811234,13.5184772242679,1.492,17.4214772585558,2.75932404,11.961,57.442,393.57028445,607.411606334223
1.95013650590205,13.2888811043933,1.492,17.3171863177222,2.713062,11.96,57.442,393.57028445,603.775432032944
1.95013650590205,13.2888811043933,1.492,17.4626026246662,2.713062,11.96,57.442,398.6403225,608.845470082944
1.95367004961047,13.3420026043001,1.492,17.4889363232256,2.713062,11.978,57.442,398.6403225,609.763612322275
1.95367004961047,12.9053552463412,1.492,17.2907617860954,2.62427088,11.978,57.442,398.6403225,602.854122837182
1.95367004961047,12.9053552463412,1.492,17.2148190339196,2.62427088,11.978,57.442,395.992527,600.206327337182
1.93461259591899,12.6710378148222,1.492,17.0968965477187,2.63293668,11.881,57.442,395.992527,596.094879972349
1.93461259591899,12.6710378148222,1.492,16.7059320087395,2.63293668,11.881,57.442,382.3612835,582.463636472349
1.91157362464812,12.1861624001519,1.492,16.4724054002119,2.60013996,11.764,57.442,382.3612835,574.321573069668
1.91157362464812,12.1861624001519,1.492,16.7573313555975,2.60013996,11.764,57.442,392.29541995,584.255709519668
1.91157362464812,12.2230276814732,1.492,16.7739870935547,2.60800584,11.764,57.442,392.29541995,584.836423106532
1.93874170416093,12.6102636153465,1.492,16.9146648180257,2.60800584,11.902,57.442,390.51060965,589.74124726858
1.93874170416093,13.0266949769411,1.492,17.1033671558049,2.69413056,11.902,57.442,390.51060965,596.320482106613
1.93067840880378,12.9073816529878,1.492,17.0453639140398,2.69413056,11.861,57.442,390.54983625,594.298159789725
1.93067840880378,13.1596785528755,1.492,17.1595911580719,2.74679196,11.861,57.442,390.54983625,598.280770033103
1.93067840880378,13.1596785528755,1.492,17.2704113223581,2.74679196,11.861,57.442,394.41365635,602.144590133103
1.9513144986763,13.8970388062143,1.492,17.6180658896089,2.83344996,11.966,57.442,394.41365635,614.265802129606
1.9513144986763,13.8970388062143,1.492,17.5066831864177,2.83344996,11.966,57.442,390.53022295,610.382368729606
1.94503018751832,14.1530518536328,1.492,17.6186101502972,2.90624268,11.934,57.442,390.53022295,614.284778147198
1.94503018751832,14.1530518536328,1.492,17.3452162424642,2.90624268,11.934,57.442,380.99815915,604.752714347198
1.94503018751832,14.6549239157851,1.492,17.5727871284015,3.00929904,11.934,57.442,380.99815915,612.687127447222
1.92693938064945,14.3557201378639,1.492,17.4056616782539,3.00929904,11.842,57.442,380.3411136,606.860185413154
1.92693938064945,14.4873714788411,1.492,17.4652425659512,3.03689628,11.842,57.442,380.3411136,608.937513424199
1.93539923354166,14.6282208688663,1.492,17.4239375315912,3.03689628,11.885,57.442,376.46748685,607.497385420245
1.93539923354166,14.8793132943339,1.492,17.5376772588446,3.0890244,11.885,57.442,376.46748685,611.462998060878
1.93539923354166,14.8793132943339,1.492,17.2654084288216,3.0890244,11.885,57.442,366.97464965,601.970160860878
1.94070730635051,15.2841634464374,1.492,17.4527231755537,3.15395124,11.912,57.442,366.97464965,608.501016397067
1.94070730635051,15.2841634464374,1.492,17.4794437735415,3.15395124,11.912,57.442,367.9062814,609.432648147067
1.91374217156231,15.1051319263705,1.492,17.3782540375018,3.21487848,11.775,57.442,367.9062814,605.904599451755
1.91374217156231,15.1051319263705,1.492,17.3613778703516,3.21487848,11.775,57.442,367.3178824,605.316200451755
1.91374217156231,15.2454466626858,1.492,17.4247874014811,3.24474216,11.775,57.442,367.3178824,607.52701670968
1.93520258036213,15.6258739962669,1.492,17.5952789920158,3.24474216,11.884,57.442,366.6902568,613.471321508649
1.93520258036213,15.3254011131108,1.492,17.459173800133,3.1823484,11.884,57.442,366.6902568,608.725921792828
1.92260807811511,15.1059279137632,1.492,17.2643523817075,3.1823484,11.82,57.442,363.6894219,601.933341062852
1.92260807811511,15.0129002052033,1.492,17.2222711316225,3.16275036,11.82,57.442,363.6894219,600.466149771819
1.92260807811511,15.0129002052033,1.492,17.2023010004948,3.16275036,11.82,57.442,362.99314975,599.769877621819
1.95209974663039,15.5357144858786,1.492,17.4609948874079,3.16475016,11.97,57.442,362.99314975,608.789415234313
1.95209974663039,15.5357144858786,1.492,17.6888231439354,3.16475016,11.97,57.442,370.93653625,616.732801734313
1.91492479481467,14.3517526302919,1.492,17.1255594348166,3.0503616,11.781,57.442,370.93653625,597.094230947923
1.91492479481467,14.3517526302919,1.492,17.5013354233606,3.0503616,11.781,57.442,384.03822065,610.195915347923
1.91492479481467,14.1165294119196,1.492,17.3950219007335,3.0003666,11.781,57.442,384.03822065,606.489222362271
1.9314653797549,14.3874801737363,1.492,17.3630381837781,3.0003666,11.865,57.442,378.2424905,605.374088404107
1.9314653797549,14.0812547570191,1.492,17.2243830530537,2.93650632,11.865,57.442,378.2424905,600.539783343184
1.9434584597294,14.2749579119455,1.492,17.2731284615052,2.93650632,11.926,57.442,376.5949733,602.239325030122
1.9434584597294,13.8258275281728,1.492,17.0695068084628,2.84411556,11.926,57.442,376.5949733,595.139918158744
1.9434584597294,13.8258275281728,1.492,17.1699200030064,2.84411556,11.926,57.442,380.09594735,598.640892208743
1.93657906555988,13.4486349073947,1.492,16.9944492208548,2.78825448,11.891,57.442,380.09594735,592.522984521032
1.93657906555988,13.4486349073947,1.492,17.1693988203117,2.78825448,11.891,57.442,386.19568365,598.622720821032
1.93579252745763,13.215571561242,1.492,17.0633080925288,2.7423924,11.887,57.442,386.19568365,594.923795728551
1.93579252745763,13.215571561242,1.492,17.3454213533894,2.7423924,11.887,57.442,396.0317536,604.759865678551
1.93579252745763,13.0080543218505,1.492,17.2514163286897,2.69933004,11.887,57.442,396.0317536,601.482316811202
1.95209974663039,13.2509735948936,1.492,17.30797237626,2.69933004,11.97,57.442,393.80564405,603.454181722124
1.95209974663039,13.070995438199,1.492,17.2263017772909,2.66266704,11.97,57.442,393.80564405,600.606680963502
1.95288493024399,13.0825837261349,1.492,17.1715735182469,2.66266704,11.974,57.442,391.6972143,598.698543137734
1.95288493024399,13.1677397387725,1.492,17.2102188304854,2.67999864,11.974,57.442,391.6972143,600.045938128165
1.95288493024399,13.1677397387725,1.492,17.220063261323,2.67999864,11.974,57.442,392.04044705,600.389170878165
1.9434584597294,13.0908869001811,1.492,17.1793071275401,2.69293068,11.926,57.442,392.04044705,598.96818066467
1.9434584597294,13.0908869001811,1.492,16.934883973315,2.69293068,11.926,57.442,383.5184682,590.44620181467
1.93225228384342,13.2115373060013,1.492,16.982416506834,2.75265804,11.869,57.442,383.5184682,592.103455795456
1.93225228384342,13.2115373060013,1.492,16.9683530342089,2.75265804,11.869,57.442,383.0281357,591.613123295456
1.93225228384342,13.7970246230445,1.492,17.2334770543515,2.87464584,11.869,57.442,383.0281357,600.85685185892
1.9233957401462,13.6576903836712,1.492,17.0870866981125,2.87464584,11.824,57.442,380.33130695,595.752852920409
1.9233957401462,13.7108972286869,1.492,17.1111569854617,2.88584472,11.824,57.442,380.33130695,596.59207979461
1.93185884015082,13.84454673147,1.492,17.0308397794167,2.88584472,11.867,57.442,375.2220423,593.791765997104
1.93185884015082,13.84454673147,1.492,17.0308397794167,2.88584472,11.867,57.442,375.2220423,593.791765997104
1.93185884015082,14.2897007795668,1.492,17.2324086586309,2.97863544,11.867,57.442,375.2220423,600.819601518363
1.94385141616444,14.4862145499622,1.492,17.3298009694045,2.97863544,11.928,57.442,375.2220423,604.215250409305
1.94385141616444,14.9491613402528,1.492,17.5396952757737,3.07382592,11.928,57.442,375.2220423,611.533357588163
1.93087515781533,14.7297891017222,1.492,17.3274681232797,3.07382592,11.862,57.442,371.6131951,604.133914148841
1.93087515781533,14.9770318316999,1.492,17.4394094761024,3.12542076,11.862,57.442,371.6131951,608.036825246685
1.93087515781533,14.9770318316999,1.492,17.2042682138099,3.12542076,11.862,57.442,363.4148357,599.838465846685
1.94522663514174,15.6452716950947,1.492,17.517685389739,3.21194544,11.935,57.442,363.4148357,610.765968001554
1.94522663514174,15.6452716950947,1.492,17.4617127686909,3.21194544,11.935,57.442,361.46331235,608.814444651554
1.93087515781533,15.44532361742,1.492,17.3603188785991,3.22314432,11.862,57.442,361.46331235,605.279277986918
1.93087515781533,15.44532361742,1.492,17.6595895760623,3.22314432,11.862,57.442,371.89758795,615.713553586918
1.93087515781533,15.2798562606649,1.492,17.5846727533722,3.18861444,11.862,57.442,371.89758795,613.101527813425
1.93126864328935,15.2867344005923,1.492,17.4117251889727,3.18861444,11.864,57.442,365.7488184,607.071593821928
1.93126864328935,16.0300747906031,1.492,17.748293493427,3.3436656,11.864,57.442,365.7488184,618.806275755938
1.94719088761369,16.3231629266369,1.492,17.7366033812256,3.3436656,11.945,57.442,360.2767077,618.398692074884
1.94719088761369,16.0120595821819,1.492,17.5955033038568,3.27993864,11.945,57.442,360.2767077,613.479142292939
1.94719088761369,16.0120595821819,1.492,17.5083097735809,3.27993864,11.945,57.442,357.2366462,610.439080792939
1.93815194318665,15.7487063167374,1.492,17.3820270669188,3.25927404,11.899,57.442,357.2366462,606.036148678317
1.93815194318665,15.7487063167374,1.492,17.4841278781774,3.25927404,11.899,57.442,360.79646015,609.595962628317
1.92122950590568,15.0706186751238,1.492,17.1643748026598,3.17994864,11.813,57.442,360.79646015,598.447555042213
1.92122950590568,15.0706186751238,1.492,17.2850393977836,3.17994864,11.813,57.442,365.003513,602.654607892213
1.92122950590568,14.7742862854444,1.492,17.1510131825327,3.11742156,11.813,57.442,365.003513,597.981693105007
1.92831709378502,14.895016348198,1.492,17.2237708680366,3.11742156,11.849,57.442,365.4546189,600.518439097854
1.92831709378502,14.371400754039,1.492,16.9867649065787,3.00783252,11.849,57.442,365.4546189,592.255065698263
1.92575831932595,14.3292973005725,1.492,17.234514934717,3.00783252,11.836,57.442,374.81996965,600.893038260945
1.92575831932595,14.1158916938621,1.492,17.1379472868272,2.963037,11.836,57.442,374.81996965,597.526141800093
1.92575831932595,14.1158916938621,1.492,17.3826517105048,2.963037,11.836,57.442,383.35175515,606.057927300093
1.93185884015082,13.9590331892421,1.492,17.3158524276385,2.909709,11.867,57.442,383.35175515,603.728925051566
1.93185884015082,13.9590331892421,1.492,17.0629911898382,2.909709,11.867,57.442,374.5355768,594.912746701566
1.92752985439266,13.5552696163653,1.492,16.8772875521099,2.83958268,11.845,57.442,374.5355768,588.438063572198
1.92752985439266,13.5552696163653,1.492,16.9526677653808,2.83958268,11.845,57.442,377.163759,591.066245772198
1.92752985439266,13.3541585220054,1.492,16.8616459286472,2.79745356,11.845,57.442,377.163759,587.892707774169
1.95582879735397,13.7905260800342,1.492,17.258218514962,2.79745356,11.989,57.442,383.44982165,601.719479643548
1.95582879735397,13.6571096574899,1.492,17.1976532366183,2.7703896,11.989,57.442,383.44982165,599.607830185763
1.93618580479297,13.3564779281364,1.492,17.3313138364995,2.7703896,11.889,57.442,393.3055049,604.267997545424
1.93618580479297,13.1655792782491,1.492,17.2448333654311,2.73079356,11.889,57.442,393.3055049,601.252797337739
1.93618580479297,13.1655792782491,1.492,17.1202309979723,2.73079356,11.889,57.442,388.96115895,596.908451387739
1.94817286158106,13.0502490187927,1.492,17.0755062856717,2.67026628,11.95,57.442,388.96115895,595.349093995819
1.94817286158106,13.0502490187927,1.492,17.1247284398598,2.67026628,11.95,57.442,390.6773227,597.065257745819
1.93756214507017,13.7160642189201,1.492,17.4197477709943,2.84051592,11.896,57.442,390.6773227,607.351306578794
1.93756214507017,13.7160642189201,1.492,17.1182269179111,2.84051592,11.896,57.442,380.1645939,596.838577778795
1.93756214507017,13.4894588211421,1.492,17.0155555373888,2.79358728,11.896,57.442,380.1645939,593.258870544901
1.92871068825272,13.3537583513754,1.492,16.964903068159,2.79358728,11.851,57.442,380.74318625,591.49283789204
1.92871068825272,13.7966743604527,1.492,17.165390255304,2.88624468,11.851,57.442,380.74318625,598.482959486543
1.93618580479297,13.9150332370656,1.492,17.1419124400974,2.88624468,11.889,57.442,377.87964445,597.664389554946
1.93618580479297,14.2049163720796,1.492,17.2732346369049,2.946372,11.889,57.442,377.87964445,602.243026907357
1.93618580479297,14.2049163720796,1.492,17.330894874668,2.946372,11.889,57.442,379.8900077,604.253390157357
1.92004770645278,14.3276564530254,1.492,17.3751350998913,3.02729724,11.807,57.442,379.8900077,605.795855579125
1.92004770645278,14.3276564530254,1.492,17.0935843779358,3.02729724,11.807,57.442,370.07355105,595.979398929125
1.9334325148246,15.3156136338792,1.492,17.5504588593965,3.18674796,11.875,57.442,370.07355105,611.908637222675
1.9334325148246,15.3156136338792,1.492,17.5119249444036,3.18674796,11.875,57.442,368.73004,610.565126172675
1.9334325148246,15.2726840387041,1.492,17.4924828255679,3.17781552,11.875,57.442,368.73004,609.887263528925
1.93559588257299,15.3104388934458,1.492,17.4251245483286,3.17781552,11.886,57.442,365.7292051,607.53877156291
1.93559588257299,15.4222032988603,1.492,17.4757526032071,3.2010132,11.886,57.442,365.7292051,609.30395299287
1.93795534794343,15.4637295026187,1.492,17.3962006786123,3.2010132,11.898,57.442,362.2380377,606.530321251548
1.93795534794343,15.8128066117574,1.492,17.5543687313401,3.27327264,11.898,57.442,362.2380377,612.044957556627
1.93795534794343,15.8128066117574,1.492,17.6710955541289,3.27327264,11.898,57.442,366.30779745,616.114717306627
1.92871068825272,15.8328134237649,1.492,17.6730257405408,3.31220208,11.851,57.442,366.30779745,616.182014563432
1.92871068825272,15.8328134237649,1.492,17.5880823658849,3.31220208,11.851,57.442,363.34618915,613.220406263432
1.96465502661513,16.5319043806267,1.492,17.9329070565166,3.32046792,12.034,57.442,363.34618915,625.242952694586
1.96465502661513,16.5319043806267,1.492,17.6384179397459,3.32046792,12.034,57.442,353.0786266,614.975390144586
1.96465502661513,16.4515879737346,1.492,17.601924616804,3.3043362,12.034,57.442,353.0786266,613.703025718789
1.93756214507017,15.9557238179825,1.492,17.3212382008193,3.3043362,11.896,57.442,351.862602,603.916703681964
1.93756214507017,15.6731108360945,1.492,17.1931906552248,3.24580872,11.896,57.442,351.862602,599.452239262421
1.94935109668702,15.8842237541518,1.492,17.7833000476022,3.24580872,11.956,57.442,368.7888799,620.026802981514
1.94935109668702,16.0949608063407,1.492,17.8789009499442,3.28887108,11.956,57.442,368.7888799,623.359993203946
1.94935109668702,16.0949608063407,1.492,17.7253278288775,3.28887108,11.956,57.442,363.434449,618.005562303946
1.93657906555988,15.3333986500347,1.492,17.3704397541586,3.1790154,11.891,57.442,363.434449,605.63214916942
1.93657906555988,15.3333986500347,1.492,17.402504471744,3.1790154,11.891,57.442,364.5524071,606.75010726942
1.93638243724672,15.3299623290908,1.492,17.4008014722525,3.1790154,11.89,57.442,364.5524071,606.690731038498
1.93638243724672,14.9416504294568,1.492,17.2248855959547,3.09849012,11.89,57.442,364.5524071,600.557304841859
1.93638243724672,14.9416504294568,1.492,17.2417617631048,3.09849012,11.89,57.442,365.1408061,601.145703841859
1.94503018751832,14.7159536361503,1.492,17.1456479855127,3.02183112,11.934,57.442,365.1408061,597.794631876397
1.94503018751832,14.7159536361503,1.492,17.3225664711372,3.02183112,11.934,57.442,371.30918895,603.963014726397
1.91196794489338,13.9076828852905,1.492,16.9334743366695,2.96610336,11.766,57.442,371.30918895,590.397053878102
1.91196794489338,13.9076828852905,1.492,17.0313561061405,2.96610336,11.766,57.442,374.72190315,593.809768078102
1.91196794489338,13.8933051117215,1.492,17.0248599407189,2.963037,11.766,57.442,374.72190315,593.583274870023
1.92615202331313,14.1222698465444,1.492,17.1807665954648,2.963037,11.838,57.442,376.2027073,599.019066002542
1.92615202331313,13.5789834250013,1.492,16.9349148420766,2.8490484,11.838,57.442,376.2027073,590.447278074953
1.93303912116801,13.6864675249498,1.492,17.3290744429616,2.8490484,11.873,57.442,388.0883671,604.18991957271
1.93303912116801,13.5186689993749,1.492,17.2530844248074,2.81411856,11.873,57.442,388.0883671,601.540476112352
1.93303912116801,13.5186689993749,1.492,17.26799170579,2.81411856,11.873,57.442,388.60811955,602.060228562352
1.93972455669087,13.5723969968074,1.492,17.2967254586129,2.80385292,11.907,57.442,388.60811955,603.062050319436
1.93972455669087,13.5723969968074,1.492,17.3721056718837,2.80385292,11.907,57.442,391.23630175,605.690232519436
1.94522663514174,13.495767738978,1.492,17.3409468977795,2.77065624,11.935,57.442,391.23630175,604.603860752611
1.94522663514174,13.495767738978,1.492,17.4250464640779,2.77065624,11.935,57.442,394.1684901,607.536049102611
1.94522663514174,13.6256471320969,1.492,17.4839407195891,2.79732024,11.935,57.442,394.1684901,609.58943721735
1.93579252745763,13.4802684734068,1.492,16.9598874852484,2.79732024,11.887,57.442,378.40920355,591.317966196191
1.93579252745763,13.864464476986,1.492,17.1339277476955,2.8770456,11.887,57.442,378.40920355,597.385997845339
1.93992111484639,13.929809386713,1.492,16.9969885090587,2.8770456,11.908,57.442,372.50560025,592.611518524434
1.93992111484639,14.5185019798865,1.492,17.2637830938792,2.99863344,11.908,57.442,372.50560025,601.91349245707
1.93992111484639,14.5185019798865,1.492,17.1493064267105,2.99863344,11.908,57.442,368.5142937,597.92218590707
1.91630432579371,14.1704514935989,1.492,16.9751230489308,3.0070326,11.788,57.442,368.5142937,591.849164444904
1.91630432579371,14.1704514935989,1.492,17.3208032060571,3.0070326,11.788,57.442,380.56666655,603.901537294904
1.94227949230581,14.9166836514657,1.492,17.677136248051,3.07262604,11.92,57.442,380.56666655,616.32533019233
1.94227949230581,14.9166836514657,1.492,17.4729346255338,3.07262604,11.92,57.442,373.44703865,609.20570229233
1.94227949230581,15.4758893908186,1.492,17.7264293315918,3.18781452,11.92,57.442,373.44703865,618.043966942261
1.92831709378502,15.2313533721833,1.492,17.1979647105022,3.18781452,11.849,57.442,359.24700945,599.618689933722
1.92831709378502,15.4695920975062,1.492,17.3057995396813,3.2376762,11.849,57.442,359.24700945,603.378424302879
1.94188647041854,15.7109374677082,1.492,17.4493122525463,3.2376762,11.918,57.442,360.0805747,608.382092255774
1.94188647041854,15.8720255232758,1.492,17.5223323663363,3.27087288,11.918,57.442,360.0805747,610.927987988588
1.94188647041854,15.8720255232758,1.492,17.3310691386342,3.27087288,11.918,57.442,353.4120527,604.259465988588
1.94070730635051,16.1453795716477,1.492,17.4540620063305,3.3316668,11.912,57.442,353.4120527,608.547695639054
1.94070730635051,16.1453795716477,1.492,17.5496936201815,3.3316668,11.912,57.442,356.7463137,611.881956639054
1.93972455669087,16.0802346997028,1.492,17.5194054389161,3.32193444,11.907,57.442,356.7463137,610.825938681315
1.93972455669087,16.0802346997028,1.492,17.2642940454959,3.32193444,11.907,57.442,347.85168215,601.931307131315
1.93972455669087,16.6429816057565,1.492,17.5193247465395,3.43818948,11.907,57.442,347.85168215,610.82312528694
1.94542307869229,16.7510282833199,1.492,17.7711723002695,3.43818948,11.936,57.442,354.7653704,619.603960855139
1.94542307869229,16.5925401332896,1.492,17.6993038162216,3.4056594,11.936,57.442,354.7653704,617.098217473424
1.94679806963091,16.6184109661317,1.492,17.5371777340392,3.4056594,11.943,57.442,348.6656341,611.445581790148
1.94679806963091,16.4277985404877,1.492,17.4507295594224,3.36659664,11.943,57.442,348.6656341,608.431507620126
1.94679806963091,16.4277985404877,1.492,17.5429859398434,3.36659664,11.943,57.442,351.8822153,611.648088820126
1.95602502315785,16.203488883439,1.492,17.4483424490791,3.28620468,11.99,57.442,351.8822153,608.348279400924
1.95602502315785,16.203488883439,1.492,17.5448178712877,3.28620468,11.99,57.442,355.24589625,611.711960350924
1.95465135861296,15.9303300863412,1.492,17.4197819894557,3.23580972,11.983,57.442,355.24589625,607.352499628631
1.95465135861296,15.9303300863412,1.492,17.7432418598342,3.23580972,11.983,57.442,366.52354375,618.630147128631
1.95465135861296,16.0773530330405,1.492,17.8099757529678,3.2656734,11.983,57.442,366.52354375,620.956869519831
1.94463728004697,15.8963520301602,1.492,17.7568175137632,3.2656734,11.932,57.442,367.79840825,619.103471499332
1.94463728004697,14.9469189613656,1.492,17.3263206287401,3.07062624,11.932,57.442,367.79840825,604.093905974377
1.91275653336722,14.4109232995623,1.492,17.1701401527789,3.07062624,11.77,57.442,371.6131951,598.648567879695
1.91275653336722,14.1130942143508,1.492,17.0355631908414,3.00716592,11.77,57.442,371.6131951,593.956450936176
1.91275653336722,14.1130942143508,1.492,16.8248923709166,3.00716592,11.77,57.442,364.26801425,586.611270086176
1.92024468369353,14.214780323793,1.492,16.8761668163391,3.00276636,11.808,57.442,364.26801425,588.398988360336
1.92024468369353,14.214780323793,1.492,17.1737498970873,3.00276636,11.808,57.442,374.64344995,598.774424060336
1.93126864328935,14.0390985955182,1.492,17.1019343207467,2.9283738,11.864,57.442,374.64344995,596.270525341673
1.93126864328935,14.0390985955182,1.492,17.1657824864649,2.9283738,11.864,57.442,376.8695595,598.496634891673
1.93126864328935,13.9981925035486,1.492,17.1472611008371,2.91984132,11.864,57.442,376.8695595,597.850874234944
1.9145306043271,13.7314069624887,1.492,17.10227256629,2.91984132,11.779,57.442,379.909621,596.282318501676
1.9145306043271,13.2686984862403,1.492,16.8931519893973,2.82145116,11.779,57.442,379.909621,588.991187925162
1.94031421881902,13.6667461598012,1.492,17.1862991232203,2.82145116,11.91,57.442,383.25368865,599.211961330599
1.94031421881902,13.6667461598012,1.492,17.1862991232203,2.82145116,11.91,57.442,383.25368865,599.211961330599
1.94031421881902,14.2085597036311,1.492,17.4318584682237,2.93330664,11.91,57.442,383.25368865,607.773554241766
1.93461259591899,14.1165716746022,1.492,17.4368979835488,2.93330664,11.881,57.442,385.01888565,607.949260357459
1.93461259591899,14.1435190434929,1.492,17.4491035592406,2.93890608,11.881,57.442,385.01888565,608.374816022295
1.93893828290561,14.2134165874445,1.492,16.970708650139,2.93890608,11.903,57.442,367.13155605,591.695253440612
1.93893828290561,14.4255475100207,1.492,17.0668359930705,2.98276836,11.903,57.442,367.13155605,595.04679837082
1.93893828290561,14.4255475100207,1.492,16.9357644282041,2.98276836,11.903,57.442,362.56165715,590.47689947082
1.95092185054234,15.1523168255649,1.492,17.2737946806358,3.09075756,11.964,57.442,362.56165715,602.262553211422
1.95092185054234,15.1523168255649,1.492,17.2937648117636,3.09075756,11.964,57.442,363.2579293,602.958825361422
1.94306548694926,15.5201545916014,1.492,17.4548424243103,3.19408056,11.924,57.442,363.2579293,608.574905440592
1.94306548694926,15.5201545916014,1.492,17.4700309747455,3.19408056,11.924,57.442,363.7874884,609.104464540592
1.94306548694926,15.9107820738092,1.492,17.6471218753594,3.27447252,11.924,57.442,363.7874884,615.278858756001
1.92752985439266,15.6312961663716,1.492,17.1764358423835,3.27447252,11.845,57.442,352.20583475,598.868071362609
1.92752985439266,15.805677305152,1.492,17.2553598400575,3.3110022,11.845,57.442,352.20583475,601.619810006469
1.92752985439266,15.805677305152,1.492,17.340021945261,3.3110022,11.845,57.442,355.1576364,604.571611656469
1.94247599710581,16.2827338400791,1.492,17.567767923061,3.35326464,11.921,57.442,355.1576364,612.512129452901
1.94247599710581,16.2827338400791,1.492,17.609677071484,3.35326464,11.921,57.442,356.61882725,613.9733203029
1.93244899942984,16.8997470178874,1.492,17.881174833812,3.5203146,11.87,57.442,356.61882725,623.439273705379
1.93244899942984,16.8997470178874,1.492,17.7011623842101,3.5203146,11.87,57.442,350.34257125,617.163017705379
1.92359264504282,16.5371352822354,1.492,17.5297602793318,3.47991864,11.825,57.442,350.34257125,611.186967207017
1.92359264504282,16.5371352822354,1.492,17.5362294767394,3.47991864,11.825,57.442,350.5681242,611.412520157017
1.92359264504282,16.7221342670799,1.492,17.619923119138,3.51884808,11.825,57.442,350.5681242,614.330555695269
1.92516773166116,16.7524129991988,1.492,17.6661464133319,3.51884808,11.833,57.442,351.65666235,615.942162160078
1.92516773166116,16.7117918568199,1.492,17.6477662236136,3.5103156,11.833,57.442,351.65666235,615.30132439438
1.93048165560713,16.8138789614778,1.492,17.878644942897,3.5103156,11.86,57.442,357.942725,623.35106734482
1.93048165560713,16.539927040685,1.492,17.7546160420811,3.45312132,11.86,57.442,357.942725,619.026715697805
1.93048165560713,16.539927040685,1.492,17.6848612178603,3.45312132,11.86,57.442,355.5106758,616.594666497805
1.93500592303286,16.8336188945945,1.492,17.8215430541665,3.496317,11.883,57.442,355.5106758,621.36017131208
1.93500592303286,16.8336188945945,1.492,17.7830091391736,3.496317,11.883,57.442,354.16716475,620.01666026208
1.93500592303286,15.9163551615011,1.492,17.3675249855097,3.30580272,11.883,57.442,354.16716475,605.530523785941
1.95563256755642,16.2929186854082,1.492,17.6953725187905,3.30580272,11.988,57.442,359.09010305,616.961150125336
1.95563256755642,16.0156315550145,1.492,17.5694987315636,3.24954168,11.988,57.442,359.09010305,612.572475263834
1.94404788825627,15.8072558879726,1.492,17.5626807471857,3.24954168,11.929,57.442,362.453784,612.334761619837
1.94404788825627,15.5167147113987,1.492,17.4309502606575,3.18981432,11.929,57.442,362.453784,607.741888969731
1.93756214507017,15.4027293955638,1.492,17.6228169660015,3.18981432,11.896,57.442,371.11305595,614.431451626525
1.93756214507017,15.0647525949005,1.492,17.469684935393,3.11982132,11.896,57.442,371.11305595,609.092399644155
1.93756214507017,15.0647525949005,1.492,17.5310016760387,3.11982132,11.896,57.442,373.25090565,611.230249344155
1.9224111519883,14.5033423766183,1.492,17.2658678669322,3.05609436,11.819,57.442,373.25090565,601.986179481834
1.9224111519883,14.5033423766183,1.492,17.3637496364032,3.05609436,11.819,57.442,376.66361985,605.398893681834
1.92575831932595,14.1546349736518,1.492,17.2083575704492,2.97116952,11.836,57.442,376.66361985,599.981044036141
1.92575831932595,14.1546349736518,1.492,17.2317029350069,2.97116952,11.836,57.442,377.4775718,600.794995986141
1.92575831932595,14.0295132340032,1.492,17.1750844033573,2.94490548,11.836,57.442,377.4775718,598.820952525463
1.90940455270618,13.7673421305398,1.492,16.8935976334224,2.94490548,11.753,57.442,372.19178745,589.006725605985
1.90940455270618,14.051551828196,1.492,17.0219724631917,3.0056994,11.753,57.442,372.19178745,593.482601009993
1.93913485752942,14.5397011593592,1.492,17.3926593785328,3.0056994,11.904,57.442,376.68323315,606.406851425314
1.93913485752942,14.2727046510436,1.492,17.2716671038149,2.95050492,11.904,57.442,376.68323315,602.188373804291
1.93913485752942,14.2727046510436,1.492,17.3585793646384,2.95050492,11.904,57.442,379.713488,605.218628654291
1.94581595358077,14.6907271356766,1.492,17.5527278575282,3.01396524,11.938,57.442,379.713488,611.987747379609
1.94581595358077,14.6907271356766,1.492,17.2919910750579,3.01396524,11.938,57.442,370.62272345,602.896982829609
1.94581595358077,14.9636561132935,1.492,17.4157593484147,3.06995964,11.938,57.442,370.62272345,607.212247523705
1.9434584597294,14.9237017996173,1.492,17.0784023185607,3.06995964,11.926,57.442,359.5510156,595.450066144334
1.9434584597294,15.2769140061918,1.492,17.2385376734065,3.14261904,11.926,57.442,359.5510156,601.033293770454
1.93874170416093,15.1952322840685,1.492,17.125767524045,3.14261904,11.902,57.442,357.03070655,597.101486119838
1.93874170416093,16.0255164848949,1.492,17.5020037640754,3.3143352,11.902,57.442,357.03070655,610.219217499694
1.93874170416093,16.0255164848949,1.492,17.6206994730317,3.3143352,11.902,57.442,361.16911285,614.357623799694
1.94503018751832,16.0884730920235,1.492,17.6540945983504,3.3036696,11.934,57.442,361.16911285,615.521967466568
1.94503018751832,16.0884730920235,1.492,17.5804020017946,3.3036696,11.934,57.442,358.59977055,612.952625166568
1.92930104845367,16.2133991814023,1.492,17.6246909034065,3.38952768,11.854,57.442,358.59977055,614.496787723599
1.92930104845367,16.2133991814023,1.492,17.4784307881049,3.38952768,11.854,57.442,353.50031255,609.397329723599
1.92930104845367,16.3549730729328,1.492,17.5425187131005,3.41912472,11.854,57.442,353.50031255,611.631798643224
1.93008813665238,16.3697154927024,1.492,17.3869689469258,3.41912472,11.858,57.442,347.8222622,606.208450672508
1.93008813665238,16.6563099813643,1.492,17.5167161160162,3.4789854,11.858,57.442,347.8222622,610.732173616599
1.93795534794343,16.8065814815009,1.492,17.5464636444285,3.4789854,11.898,57.442,346.26300485,611.769341346362
1.93795534794343,17.1228118515877,1.492,17.6897487254051,3.54444552,11.898,57.442,346.26300485,616.765072759265
1.93795534794343,17.1228118515877,1.492,17.7313766043755,3.54444552,11.898,57.442,347.71438905,618.216456959265
1.94188647041854,16.9511214135841,1.492,17.656798373082,3.49325064,11.918,57.442,347.71438905,615.616236404185
1.94188647041854,16.9511214135841,1.492,17.5912625906488,3.49325064,11.918,57.442,345.4294396,613.331286954186
1.94326197538322,16.9121762301473,1.492,17.5747268644355,3.47978532,11.925,57.442,345.4294396,612.754757658071
1.94326197538322,16.9121762301473,1.492,17.4639067001493,3.47978532,11.925,57.442,341.5656195,608.890937558071
1.94326197538322,16.9121762301473,1.492,17.4639067001493,3.47978532,11.925,57.442,341.5656195,608.890937558071
1.93520258036213,16.5805816399701,1.492,17.3071205442963,3.442989,11.884,57.442,341.5656195,603.424482023661
1.93520258036213,16.5805816399701,1.492,17.4185032474875,3.442989,11.884,57.442,345.4490529,607.307915423661
1.94797647489476,16.662745908823,1.492,17.4659650901894,3.41019228,11.949,57.442,345.4490529,608.962704721219
1.94797647489476,16.662745908823,1.492,17.7660795960101,3.41019228,11.949,57.442,355.91274845,619.426400271219
1.94797647489476,16.2021899309686,1.492,17.5571784301742,3.31593504,11.949,57.442,355.91274845,612.142919609833
1.94149343213824,16.0835072988985,1.492,17.5765448168021,3.31593504,11.916,57.442,358.63899715,612.818141798855
1.94149343213824,15.7588884236956,1.492,17.4294034403951,3.2490084,11.916,57.442,358.63899715,607.687958033427
1.95052918628817,15.9210703480741,1.492,17.6411456006882,3.2490084,11.962,57.442,363.2187027,615.070491891121
1.95052918628817,15.4167180169821,1.492,17.412317843537,3.14608536,11.962,57.442,363.2187027,607.092257124788
1.95052918628817,15.4167180169821,1.492,17.7425281807755,3.14608536,11.962,57.442,374.7317098,618.605264224788
1.94935109668702,15.2683235149372,1.492,17.6743460794388,3.11995464,11.956,57.442,374.7317098,616.228049073539
1.94935109668702,15.2683235149372,1.492,17.508397102462,3.11995464,11.956,57.442,368.9457863,610.442125573539
1.93264571084505,14.4645190301063,1.492,17.1321108836815,3.0123654,11.871,57.442,368.9457863,597.322651650701
1.93264571084505,14.4645190301063,1.492,17.4156304918045,3.0123654,11.871,57.442,378.8308895,607.207754850701
1.93264571084505,14.0791399437543,1.492,17.241113328359,2.93210676,11.871,57.442,378.8308895,601.123095725181
1.94620881219564,14.2980945729554,1.492,17.2888762514516,2.93210676,11.94,57.442,376.7126531,602.788382394522
1.94620881219564,14.5334381020515,1.492,17.3956046343046,2.9803686,11.94,57.442,376.7126531,606.509539762986
1.92457710593789,14.179219175798,1.492,17.1452439180687,2.9803686,11.83,57.442,374.1040842,597.780543791236
1.92457710593789,14.0821750901842,1.492,17.1013363959426,2.95997064,11.83,57.442,374.1040842,596.24967828833
1.92457710593789,14.0821750901842,1.492,16.866757672555,2.95997064,11.83,57.442,365.9253381,588.07093218833
1.93323582007884,14.7362773149767,1.492,17.1689685466512,3.06689328,11.874,57.442,365.9253381,598.607719038381
1.93323582007884,14.7362773149767,1.492,17.1377476374234,3.06689328,11.874,57.442,364.83679995,597.519180888381
1.92536459844271,14.7767406597557,1.492,17.150367082481,3.10315632,11.834,57.442,364.83679995,597.959166389023
1.92536459844271,14.7767406597557,1.492,17.2727192943198,3.10315632,11.834,57.442,369.1026927,602.225059139023
1.92536459844271,15.5569698344782,1.492,17.6257637288791,3.2670066,11.834,57.442,369.1026927,614.53419251046
1.92654571041679,15.5780672425907,1.492,17.4016385766317,3.2670066,11.84,57.442,360.9239466,606.719917249753
1.92654571041679,16.0859993269339,1.492,17.6315013931884,3.37352928,11.84,57.442,360.9239466,614.73424006343
1.92733303402361,16.1005287261632,1.492,17.152948365789,3.37352928,11.844,57.442,343.98786205,598.049164580177
1.92733303402361,16.284414783777,1.492,17.2361724598658,3.41205876,11.844,57.442,343.98786205,600.950828998104
1.92733303402361,16.284414783777,1.492,17.163042402215,3.41205876,11.844,57.442,341.43813305,598.401099998104
1.94935109668702,16.9927136973993,1.492,17.5017062104506,3.4723194,11.956,57.442,341.43813305,610.208843090994
1.94935109668702,16.9927136973993,1.492,17.639528242177,3.4723194,11.956,57.442,346.24339155,615.014101590994
1.93815194318665,17.0570722728585,1.492,17.6595616246548,3.53004696,11.899,57.442,346.24339155,615.712579042162
1.93815194318665,17.0570722728585,1.492,17.627778176522,3.53004696,11.899,57.442,345.1352401,614.604427592162
1.93815194318665,17.4513213940531,1.492,17.806417575716,3.6116388,11.899,57.442,345.1352401,620.832811259554
1.93264571084505,17.3420588858411,1.492,17.7134542819929,3.6116388,11.871,57.442,343.7819224,617.591583048396
1.93264571084505,17.3811089261526,1.492,17.7311379148337,3.61977132,11.871,57.442,343.7819224,618.208134886696
1.93402257408693,17.4084629178295,1.492,17.479175074597,3.61977132,11.878,57.442,334.5244448,609.423279776344
1.93402257408693,17.3828160349628,1.492,17.4675592792144,3.61443852,11.878,57.442,334.5244448,609.018287201519
1.93402257408693,17.3828160349628,1.492,17.428181555864,3.61443852,11.878,57.442,333.1515138,607.645356201519
1.92497086065088,17.5310419239482,1.492,17.487533315234,3.68323164,11.832,57.442,333.1515138,609.71469549822
1.92497086065088,17.5310419239482,1.492,17.6515134060433,3.68323164,11.832,57.442,338.86879075,615.43197244822
1.94110037745291,17.3322065723928,1.492,17.5751808126715,3.5749758,11.914,57.442,338.86879075,612.770584870835
1.94110037745291,17.3322065723928,1.492,17.8662946960122,3.5749758,11.914,57.442,349.0186735,622.920467620835
1.94110037745291,16.887509271561,1.492,17.664733277462,3.48325164,11.914,57.442,349.0186735,615.892892220681
1.92319883100669,16.5454841549743,1.492,17.5939689464979,3.48325164,11.823,57.442,352.46080765,613.425645884211
1.92319883100669,16.1876857645138,1.492,17.4321077336507,3.40792584,11.823,57.442,352.46080765,607.782245049736
1.93244899942984,16.3602095539193,1.492,17.6084447165849,3.40792584,11.87,57.442,355.6283556,613.93035341452
1.93244899942984,15.8750738508494,1.492,17.3887578813377,3.30686928,11.87,57.442,355.6283556,606.270823082644
1.93244899942984,15.8750738508494,1.492,17.1884940311555,3.30686928,11.87,57.442,348.6460208,599.288488282644
1.93126864328935,15.5455932638377,1.492,17.038396907233,3.24260904,11.864,57.442,348.6460208,594.055250377796
1.93126864328935,15.5455932638377,1.492,17.1635618135969,3.24260904,11.864,57.442,353.00998005,598.419209627796
1.93952799442055,15.4501426293445,1.492,17.1265443886908,3.19248072,11.906,57.442,353.00998005,597.128572031978
1.93952799442055,15.4501426293445,1.492,17.2775860846849,3.19248072,11.906,57.442,358.2761511,602.394743081978
1.93952799442055,15.121731930341,1.492,17.128757088417,3.12462084,11.906,57.442,358.2761511,597.205719306867
1.9334325148246,15.0170286883331,1.492,17.1623733323809,3.12462084,11.875,57.442,361.2573727,598.377772425097
1.9334325148246,14.7773918436245,1.492,17.0538456839549,3.07475916,11.875,57.442,361.2573727,594.593882443564
1.94070730635051,14.9003957207247,1.492,17.2090308545201,3.07475916,11.912,57.442,364.54260045,600.004518541373
1.94070730635051,14.9159014874202,1.492,17.2160586321691,3.07795884,11.912,57.442,364.54260045,600.249546769886
1.94070730635051,14.9159014874202,1.492,17.1761183699137,3.07795884,11.912,57.442,363.15005615,598.857002469886
1.95445510482299,15.3788733919252,1.492,17.3960359253054,3.12448752,11.982,57.442,363.15005615,606.524577015894
1.95445510482299,15.3788733919252,1.492,17.3842226083003,3.12448752,11.982,57.442,362.73817685,606.112697715894
1.95896793195665,15.4571976235718,1.492,17.4230532295698,3.12448752,12.005,57.442,362.73817685,607.466553631224
1.95896793195665,15.5937243306925,1.492,17.2423150351363,3.15208476,12.005,57.442,354.2750379,601.164994046035
1.95896793195665,15.5937243306925,1.492,17.2423150351363,3.15208476,12.005,57.442,354.2750379,601.164994046035
1.94561951817147,15.9588928726201,1.492,17.3980548296653,3.27487248,11.937,57.442,354.2750379,606.594967484054
1.94561951817147,15.9588928726201,1.492,17.1637573757303,3.27487248,11.937,57.442,346.10609845,598.426028034054
1.89953845758167,15.9904662630432,1.492,17.1415396262093,3.45992064,11.703,57.442,346.10609845,597.651391146184
1.89953845758167,15.9904662630432,1.492,17.3699304216417,3.45992064,11.703,57.442,354.06909825,605.614390946184
1.89953845758167,15.9990924393565,1.492,17.3738224436727,3.46178712,11.703,57.442,354.06909825,605.750088930838
1.93815194318665,16.7272429427088,1.492,17.6248696063948,3.46178712,11.899,57.442,350.24450475,614.503018324344
1.93815194318665,17.1260014492765,1.492,17.8055522666907,3.5443122,11.899,57.442,350.24450475,620.802641674206
1.93048165560713,16.9767175157952,1.492,17.5507156372356,3.5443122,11.86,57.442,343.9388288,611.917589955984
1.93048165560713,17.3464568214805,1.492,17.7181112865886,3.62150448,11.86,57.442,343.9388288,617.75395266839
1.93048165560713,17.3464568214805,1.492,17.5037839637813,3.62150448,11.86,57.442,336.4661615,610.28128536839
1.93618580479297,17.7105097609177,1.492,17.67352966224,3.67349928,11.889,57.442,336.4661615,616.199584134842
1.93618580479297,17.7105097609177,1.492,17.5461146002561,3.67349928,11.889,57.442,332.02374905,611.757171684842
1.92949782679338,17.8327617636442,1.492,17.5956787691799,3.72722724,11.855,57.442,332.02374905,613.485260010292
1.92949782679338,17.8327617636442,1.492,17.0480471451565,3.72722724,11.855,57.442,312.9302015,594.391712460292
1.92949782679338,17.892720972636,1.492,17.0751901668714,3.73975932,11.855,57.442,312.9302015,595.338072299698
1.93874170416093,18.0825326998305,1.492,17.6175979859567,3.73975932,11.902,57.442,328.5620016,614.249488351804
1.93874170416093,18.4203191293592,1.492,17.7706630401305,3.809619,11.902,57.442,328.5620016,619.58620515541
1.95288493024399,18.7179466239888,1.492,17.9238140273761,3.809619,11.974,57.442,328.7581346,624.925918073775
1.95288493024399,18.202425224406,1.492,17.6898612525166,3.70469616,11.974,57.442,328.7581346,616.768996093237
1.95288493024399,18.202425224406,1.492,17.9025009586089,3.70469616,11.974,57.442,336.171962,624.182823493237
1.92319883100669,17.5910153809039,1.492,17.5997589034315,3.70336296,11.823,57.442,336.171962,613.627516654952
1.92319883100669,17.5910153809039,1.492,17.553068174316,3.70336296,11.823,57.442,334.5440581,611.999612754952
1.93441592613134,17.2597649311654,1.492,17.4127209169072,3.58724124,11.88,57.442,334.5440581,607.106310550893
1.93441592613134,17.2597649311654,1.492,17.4484421373751,3.58724124,11.88,57.442,335.78950265,608.351755100893
1.93441592613134,16.8235721131927,1.492,17.2508765792055,3.49658364,11.88,57.442,335.78950265,601.463498079797
1.91866874612338,16.5224330328505,1.492,17.2414542505042,3.49658364,11.8,57.442,340.6634077,601.134982206723
1.91866874612338,16.2861912824666,1.492,17.1346361430751,3.44658864,11.8,57.442,340.6634077,597.410696530129
1.92418333429117,16.3898648536003,1.492,17.4343619427207,3.44658864,11.828,57.442,349.32267965,607.860839576016
1.92418333429117,15.7165693068525,1.492,17.1297429938128,3.3050028,11.828,57.442,349.32267965,597.240093566367
1.92418333429117,15.7165693068525,1.492,17.4495463613088,3.3050028,11.828,57.442,360.4728407,608.390254616367
1.93402257408693,15.5240581992003,1.492,17.3699434801847,3.22794384,11.878,57.442,360.4728407,605.61484624113
1.93402257408693,15.5240581992003,1.492,17.2709366329036,3.22794384,11.878,57.442,357.0208999,602.16290544113
1.92792348250249,15.3403673490412,1.492,17.1831631948023,3.21207876,11.847,57.442,357.0208999,599.102625061956
1.92792348250249,15.3403673490412,1.492,17.6382571689522,3.21207876,11.847,57.442,372.8880596,614.969784761956
1.92792348250249,14.9959046945012,1.492,17.4823484933504,3.13995264,11.847,57.442,372.8880596,609.533923170928
1.92615202331313,14.9654757896879,1.492,17.385702802388,3.13995264,11.838,57.442,370.0441311,606.164305685479
1.92615202331313,14.9769133985625,1.492,17.3908786287751,3.1423524,11.838,57.442,370.0441311,606.344764378692
1.93598916819712,15.1463721318312,1.492,17.3263416522482,3.1423524,11.888,57.442,364.8662199,604.09463897323
1.93598916819712,15.2363378551429,1.492,17.3670968604085,3.1610172,11.888,57.442,364.8662199,605.515596914267
1.93598916819712,15.2363378551429,1.492,17.3057801197629,3.1610172,11.888,57.442,362.7283702,603.377747214267
1.93795534794343,15.9544984272749,1.492,17.632633258578,3.30260304,11.898,57.442,362.7283702,614.773703316991
1.93795534794343,15.9544984272749,1.492,17.6410713421531,3.30260304,11.898,57.442,363.0225697,615.067902816991
1.93559588257299,15.7298765758346,1.492,17.5374948681482,3.26487348,11.886,57.442,363.0225697,611.456638885694
1.93559588257299,15.7298765758346,1.492,17.2570692240027,3.26487348,11.886,57.442,353.24533965,601.679408835694
1.93559588257299,15.9566170075088,1.492,17.3597801629228,3.31193544,11.886,57.442,353.24533965,605.260495299925
1.93480926155232,15.9423045011659,1.492,17.1507357563514,3.31193544,11.882,57.442,346.20416495,597.97202045326
1.93480926155232,16.807380842345,1.492,17.5425728149702,3.4916508,11.882,57.442,346.20416495,611.633684941562
1.93834853430297,16.8753202694561,1.492,17.4358893845707,3.4916508,11.9,57.442,341.3106466,607.914094870841
1.93834853430297,17.1543204098408,1.492,17.562310626523,3.54937836,11.9,57.442,341.3106466,612.321857112203
1.93834853430297,17.1543204098408,1.492,17.3699223210109,3.54937836,11.9,57.442,334.602898,605.614108512203
1.9328424180906,17.5348478804104,1.492,17.5376579819567,3.6509682,11.872,57.442,334.602898,611.462325959122
1.9328424180906,17.5348478804104,1.492,17.4667780799259,3.6509682,11.872,57.442,332.1316222,608.991050159122
1.91354505257217,17.2792032907891,1.492,17.3344948853662,3.67843212,11.774,57.442,332.1316222,604.37890696908
1.91354505257217,17.2792032907891,1.492,17.5488222081735,3.67843212,11.774,57.442,339.6042895,611.85157426908
1.91354505257217,17.2792032907891,1.492,17.5488222081735,3.67843212,11.774,57.442,339.6042895,611.85157426908
1.93480926155232,17.7841213403232,1.492,17.79569390609,3.69456384,11.882,57.442,339.6042895,620.458923253577
1.93480926155232,17.7841213403232,1.492,17.4860162388841,3.69456384,11.882,57.442,328.80716785,609.661801603577
1.93579252745763,18.6412157923887,1.492,17.8751286483972,3.8682798,11.887,57.442,328.80716785,623.228469355063
1.93579252745763,18.6412157923887,1.492,17.7094609408729,3.8682798,11.887,57.442,323.031051,617.452352505063
1.93579252745763,18.2165442901047,1.492,17.5170853330509,3.78015528,11.887,57.442,323.031051,610.74504661863
1.92615202331313,18.0167756683429,1.492,17.528068864737,3.78015528,11.838,57.442,326.86545115,611.127994891367
1.92615202331313,17.7626065822408,1.492,17.4130505005788,3.72682728,11.838,57.442,326.86545115,607.117801708869
1.92201728698076,17.6784373992651,1.492,17.4666972699301,3.72682728,11.817,57.442,330.1899055,608.988232663875
1.92201728698076,17.4254727087125,1.492,17.3522756514976,3.67349928,11.817,57.442,330.1899055,604.998845425357
1.92201728698076,17.4254727087125,1.492,17.3612762739777,3.67349928,11.817,57.442,330.5037183,605.312658225357
1.94188647041854,17.3114669836691,1.492,17.3265126661923,3.56750988,11.918,57.442,330.5037183,604.100601490239
1.94188647041854,17.3114669836691,1.492,17.5838742152326,3.56750988,11.918,57.442,339.47680305,613.073686240239
1.92871068825272,16.6032960927929,1.492,17.2522336828929,3.47338596,11.851,57.442,339.47680305,601.510814419193
1.92871068825272,16.6032960927929,1.492,17.4103071151996,3.47338596,11.851,57.442,344.98814035,607.022151719193
1.92871068825272,15.8608541495194,1.492,17.0742386648055,3.31806816,11.851,57.442,344.98814035,595.304897535602
1.93048165560713,15.8930429013771,1.492,17.1962275704647,3.31806816,11.86,57.442,348.6852474,599.558123369536
1.93048165560713,16.0182050843034,1.492,17.2528934552197,3.34419888,11.86,57.442,348.6852474,601.533817828313
1.93736553743711,16.1445933240833,1.492,17.5951088297703,3.34419888,11.895,57.442,358.4330575,613.465388686688
1.93736553743711,15.3999236351994,1.492,17.2577176694973,3.18994764,11.895,57.442,358.4330575,601.702017327136
1.93736553743711,15.3999236351994,1.492,17.2970953928478,3.18994764,11.895,57.442,359.8059885,603.074948327136
1.92674254764122,15.0570055204252,1.492,17.133915254727,3.1570176,11.841,57.442,359.8059885,597.385562269529
1.92674254764122,15.0570055204252,1.492,17.0928499146616,3.1570176,11.841,57.442,358.3742176,595.953791369529
1.91610726285309,14.8072814374941,1.492,16.9720155477283,3.14288568,11.787,57.442,358.3742176,591.740819310384
1.91610726285309,14.8072814374941,1.492,16.8811655145699,3.14288568,11.787,57.442,355.20666965,588.573271360384
1.91610726285309,14.6584171929583,1.492,16.8138747192834,3.11128884,11.787,57.442,355.20666965,586.227132198369
1.92438022223203,14.7987306842902,1.492,17.0456836673045,3.11128884,11.829,57.442,360.8651067,594.309308203909
1.92438022223203,15.3269623618843,1.492,17.2846765449222,3.2223444,11.829,57.442,360.8651067,602.641956781393
1.92398644211373,15.3200310723878,1.492,17.154389747098,3.2223444,11.827,57.442,356.44230755,598.099419315941
1.92398644211373,15.5691321154763,1.492,17.267088049129,3.27473916,11.827,57.442,356.44230755,602.028721960708
1.92398644211373,15.5691321154763,1.492,17.2406487205937,3.27473916,11.827,57.442,355.52048245,601.106896860708
1.91965373916023,15.9483453998164,1.492,17.4087831849448,3.37126284,11.805,57.442,355.52048245,606.969018858511
1.91965373916023,15.9483453998164,1.492,17.0060053289604,3.37126284,11.805,57.442,341.47735965,592.925896058511
1.92693938064945,16.7527921385554,1.492,17.3758235226745,3.51178212,11.842,57.442,341.47735965,605.819857905816
1.92693938064945,16.7527921385554,1.492,17.3896057258472,3.51178212,11.842,57.442,341.9578855,606.300383755816
1.92693938064945,16.9041593808384,1.492,17.4581093551802,3.54351228,11.842,57.442,341.9578855,608.688809198468
1.93716892567107,17.1029754141032,1.492,17.4846271405814,3.54351228,11.894,57.442,339.4473831,609.613369750247
1.93716892567107,17.7059133712503,1.492,17.757797464296,3.66843312,11.894,57.442,339.4473831,619.137638138496
1.95582879735397,18.0841688804375,1.492,17.8834111006483,3.66843312,11.989,57.442,337.2899201,623.517242663526
1.95582879735397,18.3010527200415,1.492,17.9818669718474,3.71242872,11.989,57.442,337.2899201,626.949973309185
1.95582879735397,18.3010527200415,1.492,17.7304120813097,3.71242872,11.989,57.442,328.522775,618.182828209185
1.91236224779541,17.5807866483997,1.492,17.3662266594541,3.74775852,11.768,57.442,328.522775,605.485256768499
1.91236224779541,17.5807866483997,1.492,17.3729771263142,3.74775852,11.768,57.442,328.7581346,605.720616368499
1.91945674910524,17.9435710579335,1.492,17.5432738525508,3.79388724,11.804,57.442,328.7581346,611.658127091708
1.91945674910524,17.9435710579335,1.492,17.4105146709694,3.79388724,11.804,57.442,324.1293958,607.029388291708
1.91945674910524,17.9959067362484,1.492,17.4341806135609,3.8049528,11.804,57.442,324.1293958,607.854517412024
1.91275653336722,17.8572312855813,1.492,17.4996466950221,3.8049528,11.77,57.442,328.80716785,610.137036690418
1.91275653336722,17.4524089785816,1.492,17.3167238076828,3.71869476,11.77,57.442,328.80716785,603.759306307105
1.92182034809686,17.6358645285792,1.492,17.5648388961636,3.71869476,11.816,57.442,334.2890852,612.410006945932
1.92182034809686,17.5207916664202,1.492,17.5127899772427,3.69443052,11.816,57.442,334.2890852,610.595286128603
1.92182034809686,17.5207916664202,1.492,17.4632865536022,3.69443052,11.816,57.442,332.5631148,608.869315728603
1.93008813665238,17.0743932554702,1.492,17.2683356714274,3.56631,11.858,57.442,332.5631148,602.072221157311
1.93008813665238,17.0743932554702,1.492,17.4081265893214,3.56631,11.858,57.442,337.43701985,606.946126207311
1.91275653336722,16.3242874646396,1.492,17.0544882738409,3.4783188,11.77,57.442,337.43701985,594.616286775245
1.91275653336722,16.3242874646396,1.492,17.294973655731,3.4783188,11.77,57.442,345.8217056,603.000972525246
1.91275653336722,16.1027927247975,1.492,17.1948891084078,3.43112352,11.77,57.442,345.8217056,599.511456983216
1.93028489822385,16.4308613342022,1.492,17.5621944749659,3.43112352,11.859,57.442,352.9609468,612.317807409481
1.93028489822385,15.4898025213869,1.492,17.1361488906535,3.23460984,11.859,57.442,352.9609468,597.463439499224
1.94188647041854,15.6960578481176,1.492,17.3680310178452,3.23460984,11.918,57.442,357.48181245,605.548166946117
1.94188647041854,15.5537310520338,1.492,17.3035152546573,3.20527944,11.918,57.442,357.48181245,603.298781158088
1.94188647041854,15.5537310520338,1.492,17.5659396538426,3.20527944,11.918,57.442,366.6314169,612.448385608088
1.92674254764122,15.0277562698366,1.492,17.3164418681645,3.15088488,11.841,57.442,366.6314169,603.749476294808
1.92674254764122,15.0277562698366,1.492,17.4165737932556,3.15088488,11.841,57.442,370.1225843,607.240643694807
1.9393314280339,15.0706156387069,1.492,17.4452226853909,3.11475516,11.905,57.442,370.1225843,608.239506726532
1.9393314280339,15.0706156387069,1.492,17.1971430282832,3.11475516,11.905,57.442,361.473119,599.590041426532
1.9393314280339,15.4273356852851,1.492,17.3587978546321,3.18848112,11.905,57.442,361.473119,605.226246455932
1.94640523540419,15.5517362345064,1.492,17.4072367909578,3.18848112,11.941,57.442,361.01220645,606.915102784592
1.94640523540419,15.5270261668985,1.492,17.3960305337004,3.18341496,11.941,57.442,361.01220645,606.524389033935
1.91334792925921,14.9504826428435,1.492,17.0045805325478,3.18341496,11.773,57.442,357.32490605,592.876219566394
1.91334792925921,15.5265126299202,1.492,17.2648824109446,3.30606936,11.773,57.442,357.32490605,601.951820891257
1.91334792925921,15.5265126299202,1.492,17.3382937380479,3.30606936,11.773,57.442,359.8844417,604.511356541257
1.92477398541032,15.7323095798839,1.492,17.4402508050882,3.30606936,11.831,57.442,359.8844417,608.066158751709
1.92477398541032,16.1719615896774,1.492,17.639175296375,3.39846012,11.831,57.442,359.8844417,615.001795896513
1.93185884015082,16.303767011545,1.492,17.1816066569739,3.39846012,11.867,57.442,341.65387935,599.048355316131
1.93185884015082,16.7028706408731,1.492,17.3623235831659,3.4816518,11.867,57.442,341.65387935,605.349173369674
1.93185884015082,16.7028706408731,1.492,17.1735917805364,3.4816518,11.867,57.442,335.0736172,598.768911219674
1.91551604821384,16.862905104078,1.492,17.232419192243,3.5816418,11.784,57.442,335.0736172,600.819968779886
1.91551604821384,16.862905104078,1.492,17.2253874559304,3.5816418,11.784,57.442,334.82845095,600.574802529886
1.92851389311995,17.5227775963509,1.492,17.5349485390241,3.66656664,11.85,57.442,334.82845095,611.36785939584
1.92851389311995,17.5227775963509,1.492,17.4702565649485,3.66656664,11.85,57.442,332.57292145,609.11232989584
1.92851389311995,17.8840391372255,1.492,17.6337791344996,3.74215908,11.85,57.442,332.57292145,614.813655057238
1.93736553743711,18.0658025041339,1.492,17.8166718998336,3.74215908,11.895,57.442,335.80911595,621.19033521643
1.93736553743711,18.3637991039206,1.492,17.9516866856645,3.80388624,11.895,57.442,335.80911595,625.897717186588
1.94168995332827,18.4543708668191,1.492,17.8323141102055,3.80388624,11.917,57.442,330.08203235,621.735711477446
1.94168995332827,18.4556644579356,1.492,17.8329004739801,3.80415288,11.917,57.442,330.08203235,621.756155447664
1.94168995332827,18.4556644579356,1.492,17.8078674927074,3.80415288,11.917,57.442,329.2092405,620.883363597664
1.93677568973398,18.3630382183955,1.492,17.761522670119,3.806286,11.892,57.442,329.2092405,619.267519963059
1.93677568973398,18.3630382183955,1.492,17.7373334972037,3.806286,11.892,57.442,328.3658686,618.424148063059
1.94031421881902,18.1116837309353,1.492,17.6265572057354,3.73909272,11.91,57.442,328.3658686,614.561857618574
1.94031421881902,18.1116837309353,1.492,17.6754980904709,3.73909272,11.91,57.442,330.0722257,616.268214718574
1.94031421881902,17.6641547847206,1.492,17.4726701690319,3.64670196,11.91,57.442,330.0722257,609.196481837241
1.92910426591803,17.4396313827122,1.492,17.6733305334927,3.64670196,11.853,57.442,340.94780055,616.192641376173
1.92910426591803,16.7746390406594,1.492,17.3723070185624,3.5076492,11.853,57.442,340.94780055,605.697252607785
1.92280499999273,16.6538315126216,1.492,17.2964156472262,3.5076492,11.821,57.442,340.3888215,603.051248535563
1.92280499999273,16.2708756758624,1.492,17.1231811532975,3.4269906,11.821,57.442,340.3888215,597.011310551659
1.92280499999273,16.2708756758624,1.492,17.2885675913693,3.4269906,11.821,57.442,346.1551317,602.777620751659
1.90723495356167,15.4312128490136,1.492,16.8966848778052,3.30913572,11.742,57.442,346.1551317,589.114364472763
1.90723495356167,15.4312128490136,1.492,17.0795100219321,3.30913572,11.742,57.442,352.5294542,595.488686972762
1.90249944213726,15.1263631741589,1.492,16.9381952135793,3.2616738,11.718,57.442,352.5294542,590.561650449594
1.90249944213726,15.1263631741589,1.492,17.1491473029565,3.2616738,11.718,57.442,359.8844417,597.916637949594
1.90249944213726,14.6793425089263,1.492,16.9473893452208,3.16528344,11.718,57.442,359.8844417,590.882210077595
1.93107190264334,15.1714677613493,1.492,17.2991973193664,3.16528344,11.863,57.442,363.6501953,603.148233419103
1.93107190264334,15.0871179279529,1.492,17.2610063674846,3.1476852,11.863,57.442,363.6501953,601.816680010303
1.93579252745763,15.1686749908081,1.492,17.4496517963376,3.1476852,11.887,57.442,368.81829985,608.393930680072
1.93579252745763,14.9219671891787,1.492,17.3378935007194,3.09649032,11.887,57.442,368.81829985,604.497401995669
1.93579252745763,14.9219671891787,1.492,17.3395811174344,3.09649032,11.887,57.442,368.87713975,604.556241895669
1.92044165666605,15.297469629489,1.492,17.4981427158328,3.23074356,11.809,57.442,368.87713975,610.084599437151
1.92044165666605,15.297469629489,1.492,17.3420381696936,3.23074356,11.809,57.442,363.434449,604.641908687151
1.93756214507017,15.666029417414,1.492,17.5218801285371,3.2443422,11.896,57.442,363.434449,610.912220411361
1.93756214507017,15.666029417414,1.492,17.0411906342094,3.2443422,11.896,57.442,346.67488415,594.152655561361
1.93756214507017,15.9492861646366,1.492,17.1695298598622,3.303003,11.896,57.442,346.67488415,598.627289603728
1.93992111484639,15.9921699516133,1.492,17.0310223827816,3.303003,11.908,57.442,341.10470695,593.798132587122
1.93992111484639,16.6531581264045,1.492,17.3305812148608,3.43952268,11.908,57.442,341.10470695,604.242454195696
1.92103254999016,16.2971141992722,1.492,17.0728629477409,3.43952268,11.812,57.442,338.2705851,595.256932228202
1.92103254999016,16.8694303923239,1.492,17.3317064507647,3.5603106,11.812,57.442,338.2705851,604.281686307746
1.92103254999016,16.8694303923239,1.492,17.5114376309141,3.5603106,11.812,57.442,344.53703445,610.548135657746
1.92693938064945,17.2278817603428,1.492,17.6785888822411,3.61137216,11.842,57.442,344.53703445,616.375977267416
1.92693938064945,17.2278817603428,1.492,17.3135011328922,3.61137216,11.842,57.442,331.80800275,603.646945567416
1.93559588257299,17.7082350165048,1.492,17.5383889653459,3.67549908,11.886,57.442,331.80800275,611.487812190173
1.93559588257299,17.7082350165048,1.492,17.1977716583647,3.67549908,11.886,57.442,319.9321496,599.611959040173
1.93559588257299,17.9002899430503,1.492,17.2847704423225,3.71536176,11.886,57.442,319.9321496,602.645230577864
1.92398644211373,17.6639894880142,1.492,17.3133748946009,3.71536176,11.827,57.442,325.0119943,603.642544183875
1.92398644211373,17.9473181553439,1.492,17.4415584595064,3.7749558,11.827,57.442,325.0119943,608.111751008839
1.92024468369353,17.8702439669759,1.492,17.3490866916178,3.7749558,11.808,57.442,323.11931085,604.887660178871
1.92024468369353,18.1719206971972,1.492,17.4855152941791,3.83868276,11.808,57.442,323.11931085,609.644335827086
1.92024468369353,18.1719206971972,1.492,17.7645345910621,3.83868276,11.808,57.442,332.84750765,619.372532627086
1.92260807811511,18.2302666699529,1.492,17.7930601690245,3.84054924,11.82,57.442,332.84750765,620.367096226635
1.92260807811511,18.2302666699529,1.492,17.652987981678,3.84054924,11.82,57.442,327.96379595,615.483384526635
1.9168954888207,17.944724735947,1.492,17.5187187663187,3.80535276,11.791,57.442,327.96379595,610.801997376038
1.9168954888207,17.944724735947,1.492,17.5687847288642,3.80535276,11.791,57.442,329.70937965,612.547581076038
1.9168954888207,17.6366661884708,1.492,17.4295215123675,3.74002596,11.791,57.442,329.70937965,607.69207469273
1.91945674910524,17.6888287201113,1.492,17.7993562671201,3.74002596,11.804,57.442,341.7029126,620.58661395186
1.91945674910524,17.0526034258971,1.492,17.5116582421216,3.60550608,11.804,57.442,341.7029126,610.555827416943
1.9151218835904,16.9675344190986,1.492,17.4003220317589,3.60550608,11.782,57.442,339.2904767,606.674015020903
1.9151218835904,16.9079309665837,1.492,17.3733825500315,3.59284068,11.782,57.442,339.2904767,605.734751741045
1.9151218835904,16.9079309665837,1.492,17.6262437878317,3.59284068,11.782,57.442,348.10665505,614.550930091045
1.94129690684695,17.422710272075,1.492,17.8813228094354,3.59284068,11.915,57.442,348.10665505,623.444432975729
1.94129690684695,16.6533672454777,1.492,17.7221823176289,3.43418988,11.915,57.442,354.71633715,617.895891923419
1.93480926155232,16.5307874424577,1.492,17.6614314858966,3.43418988,11.882,57.442,354.71633715,615.777773021044
1.93480926155232,15.9615569419933,1.492,17.4035980504404,3.31593504,11.882,57.442,354.71633715,606.788235631487
1.93480926155232,15.9615569419933,1.492,17.4210367564956,3.31593504,11.882,57.442,355.32434945,607.396247931487
1.92772667055177,15.4858652179138,1.492,17.2002081304729,3.24327564,11.846,57.442,355.32434945,599.696908290746
1.92772667055177,15.4858652179138,1.492,17.1498608984748,3.24327564,11.846,57.442,353.5689591,597.941517940746
1.91610726285309,15.0057670968751,1.492,16.9239145763838,3.1850148,11.787,57.442,353.5689591,590.063746359739
1.91610726285309,15.0057670968751,1.492,16.894381283871,3.1850148,11.787,57.442,352.53926085,589.034048109739
1.91610726285309,15.1112911183182,1.492,16.9420810881247,3.20741256,11.787,57.442,352.53926085,590.697134098003
1.91531896805626,15.0975407032647,1.492,17.1414397296037,3.20741256,11.783,57.442,359.7275353,597.647908183357
1.91531896805626,15.3171823711566,1.492,17.240715221561,3.25407456,11.783,57.442,359.7275353,601.109215461982
1.9233957401462,15.4603889659886,1.492,17.2762238868597,3.25407456,11.824,57.442,358.4918974,602.347249132017
1.9233957401462,15.4401196916969,1.492,17.2670542535838,3.24980832,11.824,57.442,358.4918974,602.027543656131
1.9233957401462,15.4401196916969,1.492,17.1615782088952,3.24980832,11.824,57.442,354.81440365,598.350049906131
1.92674254764122,16.1551241240475,1.492,17.4877093283273,3.38726124,11.841,57.442,354.81440365,609.720832313953
1.92674254764122,16.1551241240475,1.492,17.50261660931,3.38726124,11.841,57.442,355.3341561,610.240584763953
1.92536459844271,16.5384460786774,1.492,17.6749677607941,3.47311932,11.834,57.442,355.3341561,616.249724415131
1.92536459844271,16.5384460786774,1.492,17.4626093241543,3.47311932,11.834,57.442,347.93013535,608.845703665131
1.92536459844271,17.0818766511448,1.492,17.7085052037171,3.58724124,11.834,57.442,347.93013535,617.419030081689
1.92418333429117,17.0587224824317,1.492,17.3139437888848,3.58724124,11.828,57.442,334.57347805,603.662379068463
1.92418333429117,17.4974423678831,1.492,17.5124337254613,3.67949868,11.828,57.442,334.57347805,610.582865168912
1.91591019561065,17.3315170677941,1.492,17.1714606321708,3.67949868,11.786,57.442,325.55136005,598.69460728822
1.91591019561065,17.3786152880225,1.492,17.1927498780242,3.68949768,11.786,57.442,325.55136005,599.436871266728
1.91591019561065,17.3786152880225,1.492,17.1978127281692,3.68949768,11.786,57.442,325.72787975,599.613390966728
1.93028489822385,17.8501108192011,1.492,17.4236460669161,3.72749388,11.859,57.442,325.72787975,607.487223306904
1.93028489822385,17.8501108192011,1.492,17.3139509804399,3.72749388,11.859,57.442,321.90328625,603.662629806904
1.93264571084505,18.8073956444122,1.492,17.7495132084199,3.91680828,11.871,57.442,321.90328625,618.848801945431
1.93264571084505,18.8073956444122,1.492,17.9382450110495,3.91680828,11.871,57.442,328.4835484,625.429064095431
1.93264571084505,18.7043291445739,1.492,17.8915718161745,3.89534376,11.871,57.442,328.4835484,623.801771538606
1.9296946009387,18.6413069438869,1.492,17.7776486209818,3.89534376,11.856,57.442,325.6003933,619.829762163983
1.9296946009387,18.5736781350686,1.492,17.7470329844751,3.88121184,11.856,57.442,325.6003933,618.762327257433
1.90920733823832,18.1403966250722,1.492,17.4991829261542,3.88121184,11.752,57.442,324.4432086,610.120867074669
1.90920733823832,17.9777611648103,1.492,17.4257236517024,3.84641532,11.752,57.442,324.4432086,607.559659707883
1.90920733823832,17.9777611648103,1.492,17.3590627914592,3.84641532,11.752,57.442,322.11903255,605.235483657883
1.92024468369353,18.0374915266174,1.492,17.3960323113929,3.8102856,11.808,57.442,322.11903255,606.524451014388
1.92024468369353,18.0374915266174,1.492,17.7453689714017,3.8102856,11.808,57.442,334.29889185,618.704310314388
1.91472770172744,17.8565886719886,1.492,17.6586362274919,3.79615368,11.78,57.442,334.29889185,615.680314443191
1.91472770172744,17.8565886719886,1.492,17.8105217318436,3.79615368,11.78,57.442,339.59448285,620.975905443191
1.91472770172744,16.934096505925,1.492,17.3935933066942,3.60003996,11.78,57.442,339.59448285,606.439413463329
1.93048165560713,17.2436450283625,1.492,17.6113726469899,3.60003996,11.86,57.442,341.8402057,614.032437691538
1.93048165560713,16.7876970762738,1.492,17.4049469239536,3.50484948,11.86,57.442,341.8402057,606.83526502028
1.91945674910524,16.5765379183334,1.492,17.4319555801965,3.50484948,11.804,57.442,346.4297179,607.776940116485
1.91945674910524,16.3161206274409,1.492,17.3141961309157,3.44978832,11.804,57.442,346.4297179,603.671177144314
1.91945674910524,16.3161206274409,1.492,17.2945072692405,3.44978832,11.804,57.442,345.7432524,602.984711644314
1.93225228384342,15.8977403190586,1.492,17.1153497851464,3.3123354,11.869,57.442,345.7432524,596.738264595918
1.93225228384342,15.8977403190586,1.492,17.6148843327918,3.3123354,11.869,57.442,363.1598628,614.154874995918
1.93638243724672,15.8224241090901,1.492,17.5839598213285,3.28113852,11.89,57.442,363.1598628,613.076670954765
1.93638243724672,15.8224241090901,1.492,17.5054856440801,3.28113852,11.89,57.442,360.42380745,610.340615604765
1.93638243724672,15.6919153083853,1.492,17.4463615995628,3.25407456,11.89,57.442,360.42380745,608.279215740663
1.92851389311995,15.5514491881221,1.492,16.9751006893939,3.25407456,11.85,57.442,346.41991125,591.848384864503
1.92851389311995,15.3819684652427,1.492,16.8983863975058,3.21861144,11.85,57.442,346.41991125,589.173689109772
1.9168954888207,15.1778560268799,1.492,17.0661504198646,3.21861144,11.791,57.442,355.79506865,595.022895396572
1.9168954888207,15.6575471936643,1.492,17.2830031426953,3.3203346,11.791,57.442,355.79506865,602.583612479152
1.9168954888207,15.6575471936643,1.492,17.2998793098455,3.3203346,11.791,57.442,356.38346765,603.172011479152
1.91216509851148,16.0823964127126,1.492,17.4881210342589,3.42912372,11.767,57.442,356.38346765,609.735186720157
1.91216509851148,16.0823964127126,1.492,17.4659007475112,3.42912372,11.767,57.442,355.6087423,608.960461370157
1.90368355750148,16.4084146156447,1.492,17.606146895989,3.53324664,11.724,57.442,355.6087423,613.850238342847
1.90368355750148,16.4084146156447,1.492,17.0576714636081,3.53324664,11.724,57.442,336.4857748,594.727270842847
1.90368355750148,16.7235562290838,1.492,17.199926304403,3.60110652,11.724,57.442,336.4857748,599.687082233904
1.92201728698076,17.0820731412874,1.492,17.0928786070494,3.60110652,11.817,57.442,326.561445,595.954791749067
1.92201728698076,17.2914014227196,1.492,17.1875624963023,3.64523544,11.817,57.442,326.561445,599.256009688942
1.92674254764122,17.3855002085923,1.492,17.2586566269792,3.64523544,11.841,57.442,327.41462355,601.734754715813
1.92674254764122,17.607413001102,1.492,17.3590846052644,3.69176412,11.841,57.442,327.41462355,605.23624421098
1.92674254764122,17.607413001102,1.492,17.4746863502432,3.69176412,11.841,57.442,331.4451567,609.266777360981
1.93775874857177,18.7152300519455,1.492,17.9861027073155,3.8749458,11.897,57.442,331.4451567,627.097655095666
1.93775874857177,18.7152300519455,1.492,17.9945407908906,3.8749458,11.897,57.442,331.7393562,627.391854595666
1.91985072494221,18.3996105490887,1.492,17.8353596027726,3.88854444,11.806,57.442,331.7393562,621.841894638884
1.91985072494221,18.3996105490887,1.492,17.5273695522818,3.88854444,11.806,57.442,321.00107445,611.103612888884
1.91985072494221,18.3996105490887,1.492,17.5273695522818,3.88854444,11.806,57.442,321.00107445,611.103612888884
1.93539923354166,18.9179840456531,1.492,17.7762523881646,3.92747388,11.885,57.442,321.00107445,619.781081560973
1.93539923354166,18.9179840456531,1.492,17.6305548117681,3.92747388,11.885,57.442,315.92122975,614.701236860973
1.92280499999273,18.809144940994,1.492,17.5696292753417,3.9616038,11.821,57.442,315.92122975,612.577026761089
1.92280499999273,18.809144940994,1.492,17.4922801759033,3.9616038,11.821,57.442,313.224401,609.880198011089
1.92280499999273,18.6091217270834,1.492,17.4017973658514,3.91947468,11.821,57.442,313.224401,606.725453543463
1.92398644211373,18.6344060197406,1.492,17.7121892417975,3.91947468,11.827,57.442,323.60964335,617.547476565015
1.92398644211373,18.8556178875214,1.492,17.8122699222271,3.96600336,11.827,57.442,323.60964335,621.036857285177
1.92556146099712,18.8897497844004,1.492,18.004131183617,3.96600336,11.835,57.442,329.70937965,627.726230134826
1.92556146099712,17.9829808354921,1.492,17.5938201954764,3.7756224,11.835,57.442,329.70937965,613.42045957908
1.92556146099712,17.9829808354921,1.492,17.9535638252278,3.7756224,11.835,57.442,342.252085,625.96316492908
1.92752985439266,17.6462256750533,1.492,17.8028939781513,3.69656364,11.845,57.442,342.252085,620.709958643492
1.92752985439266,17.6462256750533,1.492,17.6811043052175,3.69656364,11.845,57.442,338.00580555,616.463679193492
