iteration,loss
1,8.801314353942871
2,6.092687129974365
3,8.223685264587402
4,6.7867817878723145
5,5.93134880065918
6,9.555476188659668
7,7.419832706451416
8,8.447452545166016
9,5.718563556671143
10,6.230501174926758
11,5.329030990600586
12,9.45783519744873
13,6.42701530456543
14,8.683121681213379
15,7.789656639099121
16,6.80539608001709
17,6.948230743408203
18,7.642691612243652
19,7.167077541351318
20,8.816584587097168
21,6.077612400054932
22,8.410274505615234
23,6.7982306480407715
24,5.81356954574585
25,9.560775756835938
26,7.0938520431518555
27,8.449301719665527
28,5.84489631652832
29,6.194868564605713
30,5.324315071105957
31,9.451385498046875
32,6.430343151092529
33,8.776029586791992
34,7.806660175323486
35,6.7668280601501465
36,7.017906665802002
37,7.811792850494385
38,7.084280014038086
39,8.780343055725098
40,6.033097743988037
41,8.267523765563965
42,6.771462917327881
43,5.803701400756836
44,9.552103042602539
45,7.034988880157471
46,8.459078788757324
47,5.959281921386719
48,6.164910793304443
49,5.399448871612549
50,9.425153732299805
51,6.365517616271973
52,8.629305839538574
53,7.767759799957275
54,6.75182580947876
55,6.958629608154297
56,7.761685371398926
57,7.077256202697754
58,8.771930694580078
59,6.015585899353027
60,8.216933250427246
61,6.748192310333252
62,5.7989501953125
63,9.518363952636719
64,7.071804046630859
65,8.427644729614258
66,5.861663818359375
67,6.149602890014648
68,5.339613437652588
69,9.417619705200195
70,6.357133865356445
71,8.643922805786133
72,7.756757736206055
73,6.728363037109375
74,6.9369730949401855
75,7.749279022216797
76,7.068915367126465
77,8.764381408691406
78,6.003540992736816
79,8.241575241088867
80,6.736794471740723
81,5.784970283508301
82,9.505559921264648
83,7.048098087310791
84,8.415630340576172
85,5.847311496734619
86,6.130961894989014
87,5.314455509185791
88,9.407684326171875
89,6.341791152954102
90,8.647261619567871
91,7.745694160461426
92,6.704059600830078
93,6.923910140991211
94,7.760074615478516
95,7.051984786987305
96,8.756373405456543
97,5.987411975860596
98,8.231826782226562
99,6.721766471862793
100,5.773919582366943
101,9.489489555358887
102,7.032661437988281
103,8.402336120605469
104,5.833364486694336
105,6.112075328826904
106,5.295654296875
107,9.396488189697266
108,6.321720123291016
109,8.634613037109375
110,7.731500625610352
111,6.681469917297363
112,6.903265476226807
113,7.758963108062744
114,7.0381083488464355
115,8.749053955078125
116,5.972012519836426
117,8.22419261932373
118,6.706577301025391
119,5.763525009155273
120,9.47219467163086
121,7.023251533508301
122,8.38672161102295
123,5.808238983154297
124,6.094250202178955
125,5.270103931427002
126,9.385963439941406
127,6.304232597351074
128,8.629185676574707
129,7.718317031860352
130,6.658449172973633
131,6.883882999420166
132,7.759216785430908
133,7.0243239402771
134,8.742237091064453
135,5.95708703994751
136,8.22095012664795
137,6.692128658294678
138,5.752906799316406
139,9.455992698669434
140,7.011534214019775
141,8.371720314025879
142,5.78629207611084
143,6.076453685760498
144,5.245698928833008
145,9.375286102294922
146,6.286642551422119
147,8.624098777770996
148,7.705253601074219
149,6.635405540466309
150,6.865163803100586
151,7.761221408843994
152,7.010096549987793
153,8.735758781433105
154,5.942103385925293
155,8.216596603393555
156,6.677694797515869
157,5.74261999130249
158,9.439913749694824
159,7.000361442565918
160,8.356633186340332
161,5.764679431915283
162,6.058852672576904
163,5.2217864990234375
164,9.36453628540039
165,6.268866539001465
166,8.618468284606934
167,7.692093372344971
168,6.612541198730469
169,6.846198558807373
170,7.763114929199219
171,6.996048927307129
172,8.729750633239746
173,5.927300453186035
174,8.212575912475586
175,6.66341495513916
176,5.7326202392578125
177,9.42396354675293
178,6.989986896514893
179,8.34135627746582
180,5.742406368255615
181,6.041566371917725
182,5.197562217712402
183,9.353873252868652
184,6.251353740692139
185,8.613492012023926
186,7.6790690422058105
187,6.589791774749756
188,6.827390670776367
189,7.765331745147705
190,6.982146263122559
191,8.724230766296387
192,5.912728786468506
193,8.209264755249023
194,6.649378776550293
195,5.722855091094971
196,9.40829086303711
197,6.979944229125977
198,8.326087951660156
199,5.720150947570801
200,6.0245513916015625
201,5.173369407653809
202,9.343316078186035
203,6.2340474128723145
204,8.608987808227539
205,7.666197299957275
206,6.567187786102295
207,6.808798313140869
208,7.767971992492676
209,6.96836519241333
210,8.719193458557129
211,5.898373603820801
212,8.20640754699707
213,6.635565757751465
214,5.713339805603027
215,9.392867088317871
216,6.970298767089844
217,8.310861587524414
218,5.697919845581055
219,6.007823467254639
220,5.150327205657959
221,9.33236026763916
222,6.2158989906311035
223,8.602714538574219
224,7.652825355529785
225,6.545037269592285
226,6.789597034454346
227,7.771385192871094
228,6.954628944396973
229,8.715414047241211
230,5.884420871734619
231,8.203558921813965
232,6.622179985046387
233,5.704988479614258
234,9.378386497497559
235,6.962498188018799
236,8.29474925994873
237,5.676747798919678
238,5.992462635040283
239,5.12653112411499
240,9.321273803710938
241,6.199057579040527
242,8.601250648498535
243,7.640233039855957
244,6.522859573364258
245,6.771938800811768
246,7.777804851531982
247,6.940667152404785
248,8.712760925292969
249,5.87103271484375
250,8.203218460083008
251,6.609471321105957
252,5.697177410125732
253,9.36441421508789
254,6.955535888671875
255,8.27871036529541
256,5.654741287231445
257,5.9774250984191895
258,5.10270357131958
259,9.310609817504883
260,6.182458400726318
261,8.5997896194458
262,7.62785005569458
263,6.501021862030029
264,6.75429630279541
265,7.783900260925293
266,6.927272319793701
267,8.710785865783691
268,5.8580474853515625
269,8.203731536865234
270,6.5970964431762695
271,5.689630508422852
272,9.35071086883545
273,6.94903564453125
274,8.26296615600586
275,5.632544994354248
276,5.9626970291137695
277,5.07891321182251
278,9.300418853759766
279,6.166280746459961
280,8.598919868469238
281,7.615829944610596
282,6.479487419128418
283,6.737074375152588
284,7.7903289794921875
285,6.9142537117004395
286,8.70942497253418
287,5.845420837402344
288,8.204811096191406
289,6.585061550140381
290,5.682347774505615
291,9.337346076965332
292,6.942765235900879
293,8.247628211975098
294,5.6107177734375
295,5.948238372802734
296,5.055531978607178
297,9.29065227508545
298,6.150387287139893
299,8.59825325012207
300,7.604128360748291
301,6.458301067352295
302,6.720233917236328
303,7.797037601470947
304,6.901614189147949
305,8.708670616149902
306,5.833141326904297
307,8.206208229064941
308,6.573354721069336
309,5.675357341766357
310,9.32431411743164
311,6.936799049377441
312,8.232710838317871
313,5.589284420013428
314,5.934071063995361
315,5.032632827758789
316,9.281325340270996
317,6.1347832679748535
318,8.597699165344238
319,7.592748165130615
320,6.437532424926758
321,6.703761577606201
322,7.803919792175293
323,6.889404296875
324,8.708517074584961
325,5.821241855621338
326,8.20801830291748
327,6.561993598937988
328,5.668680191040039
329,9.311614990234375
330,6.931291103363037
331,8.21818733215332
332,5.568055629730225
333,5.920252799987793
334,5.010125160217285
335,9.272456169128418
336,6.11953592300415
337,8.597367286682129
338,7.581718921661377
339,6.417191505432129
340,6.6876912117004395
341,7.810953140258789
342,6.877645969390869
343,8.708975791931152
344,5.809739589691162
345,8.210250854492188
346,6.550998210906982
347,5.662306308746338
348,9.299277305603027
349,6.926178932189941
350,8.204083442687988
351,5.54710578918457
352,5.906797409057617
353,4.98803186416626
354,9.264042854309082
355,6.104669094085693
356,8.597395896911621
357,7.571094036102295
358,6.397291660308838
359,6.672215938568115
360,7.818424701690674
361,6.8662261962890625
362,8.709946632385254
363,5.798610687255859
364,8.212608337402344
365,6.54037618637085
366,5.656257629394531
367,9.287342071533203
368,6.921403408050537
369,8.190448760986328
370,5.526727199554443
371,5.89372444152832
372,4.966581344604492
373,9.256036758422852
374,6.09015417098999
375,8.597512245178223
376,7.560835361480713
377,6.377924919128418
378,6.6572489738464355
379,7.82607889175415
380,6.855210781097412
381,8.711416244506836
382,5.787882328033447
383,8.215087890625
384,6.530137062072754
385,5.650544166564941
386,9.275814056396484
387,6.917069435119629
388,8.177267074584961
389,5.506794452667236
390,5.881104469299316
391,4.945711135864258
392,9.248440742492676
393,6.076061725616455
394,8.597749710083008
395,7.550949573516846
396,6.359126567840576
397,6.642755508422852
398,7.833739757537842
399,6.844668388366699
400,8.713394165039062
401,5.777592658996582
402,8.217845916748047
403,6.520303249359131
404,5.6451497077941895
405,9.264703750610352
406,6.913154602050781
407,8.16452693939209
408,5.487272262573242
409,5.868945598602295
410,4.925375938415527
411,9.241265296936035
412,6.062442302703857
413,8.598197937011719
414,7.541452407836914
415,6.3408989906311035
416,6.628767967224121
417,7.841427803039551
418,6.8345794677734375
419,8.715840339660645
420,5.767733097076416
421,8.22088623046875
422,6.510868549346924
423,5.640053749084473
424,9.254019737243652
425,6.909587860107422
426,8.15225601196289
427,5.468238830566406
428,5.857239723205566
429,4.905612468719482
430,9.234485626220703
431,6.049286842346191
432,8.598821640014648
433,7.532339096069336
434,6.323239803314209
435,6.615292072296143
436,7.84912633895874
437,6.82492733001709
438,8.71871566772461
439,5.7582831382751465
440,8.224142074584961
441,6.501821994781494
442,5.63524055480957
443,9.243748664855957
444,6.90634822845459
445,8.140449523925781
446,5.449709415435791
447,5.845967769622803
448,4.886429309844971
449,9.228100776672363
450,6.036581993103027
451,8.59957218170166
452,7.523597717285156
453,6.306146621704102
454,6.602308750152588
455,7.856789588928223
456,6.815705299377441
457,8.721967697143555
458,5.749222278594971
459,8.227548599243164
460,6.4931488037109375
461,5.630692958831787
462,9.233872413635254
463,6.903406143188477
464,8.129110336303711
465,5.431678771972656
466,5.835114002227783
467,4.867822170257568
468,9.222097396850586
469,6.024321556091309
470,8.600417137145996
471,7.51522159576416
472,6.289615154266357
473,6.5898027420043945
474,7.864358425140381
475,6.806910514831543
476,8.725549697875977
477,5.740542888641357
478,8.231077194213867
479,6.4848313331604
480,5.626378536224365
481,9.224370002746582
482,6.900734901428223
483,8.118231773376465
484,5.414139747619629
485,5.824660778045654
486,4.8497819900512695
487,9.216468811035156
488,6.012500286102295
489,8.601314544677734
490,7.507198810577393
491,6.273634910583496
492,6.577762603759766
493,7.871797561645508
494,6.798526763916016
495,8.729391098022461
496,5.732217788696289
497,8.234662055969238
498,6.476848125457764
499,5.622274398803711
500,9.21522331237793
501,6.898280143737793
502,8.107817649841309
503,5.397096633911133
504,5.814577102661133
505,4.832304000854492
506,9.211196899414062
507,6.001108646392822
508,8.60222339630127
509,7.49951171875
510,6.2581892013549805
511,6.566162109375
512,7.879034519195557
513,6.790544033050537
514,8.733438491821289
515,5.724217891693115
516,8.238242149353027
517,6.469176769256592
518,5.618340492248535
519,9.206398963928223
520,6.8960041999816895
521,8.097860336303711
522,5.380537509918213
523,5.8048295974731445
524,4.815374851226807
525,9.206278800964355
526,5.990128040313721
527,8.603084564208984
528,7.492149829864502
529,6.243264675140381
530,6.554980278015137
531,7.886007308959961
532,6.782944202423096
533,8.737607955932617
534,5.716519355773926
535,8.241744995117188
536,6.4617838859558105
537,5.614536762237549
538,9.197859764099121
539,6.893847465515137
540,8.088363647460938
541,5.364444255828857
542,5.795383453369141
543,4.798971176147461
544,9.201689720153809
545,5.979552745819092
546,8.603848457336426
547,7.485093593597412
548,6.228836536407471
549,6.544183731079102
550,7.89263391494751
551,6.775710582733154
552,8.741816520690918
553,5.709084987640381
554,8.245094299316406
555,6.454636096954346
556,5.610815525054932
557,9.189570426940918
558,6.891742706298828
559,8.079319953918457
560,5.348815441131592
561,5.786189079284668
562,4.783085346221924
563,9.197421073913574
564,5.969353675842285
565,8.604426383972168
566,7.4783172607421875
567,6.214883327484131
568,6.533733367919922
569,7.898818016052246
570,6.768822193145752
571,8.745969772338867
572,5.701873779296875
573,8.248198509216309
574,6.44769811630249
575,5.6071248054504395
576,9.181475639343262
577,6.889636516571045
578,8.070717811584473
579,5.333597183227539
580,5.777200698852539
581,4.767673015594482
582,9.193462371826172
583,5.959522247314453
584,8.604763984680176
585,7.471799373626709
586,6.20137357711792
587,6.523586750030518
588,7.904451847076416
589,6.76226282119751
590,8.74996566772461
591,5.694886684417725
592,8.251598358154297
593,6.440979480743408
594,5.60330867767334
595,9.173614501953125
596,6.8868632316589355
597,8.062670707702637
598,5.319266319274902
599,5.768157005310059
600,4.752839088439941
601,9.189765930175781
602,5.9499077796936035
603,8.604782104492188
604,7.465503692626953
605,6.188147068023682
606,6.513733863830566
607,7.9097514152526855
608,6.755864143371582
609,8.753637313842773
610,5.687942981719971
611,8.254456520080566
612,6.434327602386475
613,5.599367141723633
614,9.165792465209961
615,6.88376522064209
616,8.055054664611816
617,5.30537223815918
618,5.759009838104248
619,4.738417625427246
620,9.186333656311035
621,5.940410614013672
622,8.604240417480469
623,7.459345817565918
624,6.175156116485596
625,6.503965377807617
626,7.914387226104736
627,6.749701976776123
628,8.756990432739258
629,5.681009769439697
630,8.256673812866211
631,6.427667617797852
632,5.595248222351074
633,9.157898902893066
634,6.880505561828613
635,8.047788619995117
636,5.291537761688232
637,5.749775409698486
638,4.724189281463623
639,9.183185577392578
640,5.931100845336914
641,8.603227615356445
642,7.453326225280762
643,6.162347793579102
644,6.494278907775879
645,7.918272972106934
646,6.743735313415527
647,8.759885787963867
648,5.674027442932129
649,8.258210182189941
650,6.420957088470459
651,5.590865135192871
652,9.149881362915039
653,6.876898765563965
654,8.040884017944336
655,5.277822971343994
656,5.7403669357299805
657,4.710153102874756
658,9.180279731750488
659,5.92194128036499
660,8.601715087890625
661,7.44744348526001
662,6.149654865264893
663,6.484731674194336
664,7.9215168952941895
665,6.73779821395874
666,8.762067794799805
667,5.66688346862793
668,8.258699417114258
669,6.414119243621826
670,5.586138725280762
671,9.141670227050781
672,6.8727874755859375
673,8.03433609008789
674,5.264324188232422
675,5.73067045211792
676,4.69636344909668
677,9.177538871765137
678,5.912822246551514
679,8.599296569824219
680,7.4415717124938965
681,6.137089729309082
682,6.475063800811768
683,7.923569679260254
684,6.732027530670166
685,8.763532638549805
686,5.659573078155518
687,8.258211135864258
688,6.407094478607178
689,5.580995559692383
690,9.133172988891602
691,6.868228912353516
692,8.028088569641113
693,5.250738143920898
694,5.720701694488525
695,4.682619571685791
696,9.174979209899902
697,5.903836727142334
698,8.596107482910156
699,7.435726642608643
700,6.124603748321533
701,6.465308666229248
702,7.924386501312256
703,6.726345539093018
704,8.764080047607422
705,5.652027130126953
706,8.25665283203125
707,6.399834632873535
708,5.575326442718506
709,9.124334335327148
710,6.862981796264648
711,8.022160530090332
712,5.237199306488037
713,5.7103729248046875
714,4.668972969055176
715,9.17253589630127
716,5.894958972930908
717,8.59191608428955
718,7.429847240447998
719,6.112203121185303
720,6.455363750457764
721,7.9236650466918945
722,6.720770835876465
723,8.763587951660156
724,5.64420223236084
725,8.253924369812012
726,6.392275810241699
727,5.569060325622559
728,9.11507511138916
729,6.856996059417725
730,8.01652717590332
731,5.223605155944824
732,5.699647426605225
733,4.655345439910889
734,9.17017936706543
735,5.8861918449401855
736,8.586651802062988
737,7.423896312713623
738,6.099854946136475
739,6.445165634155273
740,7.92123556137085
741,6.715277194976807
742,8.761921882629395
743,5.636050701141357
744,8.249958992004395
745,6.384365081787109
746,5.562108993530273
747,9.105328559875488
748,6.850146770477295
749,8.0111722946167
750,5.2099409103393555
751,5.688469886779785
752,4.641705513000488
753,9.167863845825195
754,5.877519130706787
755,8.580238342285156
756,7.417838096618652
757,6.087534427642822
758,6.434683799743652
759,7.916987895965576
760,6.709816932678223
761,8.758953094482422
762,5.627509117126465
763,8.244647026062012
764,6.37604284286499
765,5.55441427230835
766,9.095029830932617
767,6.842327117919922
768,8.006071090698242
769,5.196205139160156
770,5.676790237426758
771,4.628036022186279
772,9.165528297424316
773,5.868915557861328
774,8.572582244873047
775,7.411630153656006
776,6.0752272605896
777,6.423875331878662
778,7.91082239151001
779,6.704349994659424
780,8.754610061645508
781,5.61855411529541
782,8.238088607788086
783,6.367285251617432
784,5.545910835266113
785,9.084156036376953
786,6.833374977111816
787,8.00120735168457
788,5.182467460632324
789,5.664557933807373
790,4.614322662353516
791,9.163115501403809
792,5.860345363616943
793,8.563687324523926
794,7.40524435043335
795,6.062898635864258
796,6.41272497177124
797,7.902758598327637
798,6.698801040649414
799,8.748834609985352
800,5.609144687652588
801,8.230242729187012
802,6.358053207397461
803,5.536584377288818
804,9.07266902923584
805,6.823233604431152
806,7.996537208557129
807,5.168727874755859
808,5.651747703552246
809,4.600541114807129
810,9.16055679321289
811,5.851776599884033
812,8.553546905517578
813,7.3986382484436035
814,6.0505242347717285
815,6.4012250900268555
816,7.892834186553955
817,6.693120002746582
818,8.741599082946777
819,5.599236488342285
820,8.220948219299316
821,6.348313808441162
822,5.526459693908691
823,9.060543060302734
824,6.811996936798096
825,7.991988658905029
826,5.154926776885986
827,5.63839864730835
828,4.586671829223633
829,9.15777587890625
830,5.84316349029541
831,8.54213809967041
832,7.391769886016846
833,6.038118362426758
834,6.389345169067383
835,7.881053447723389
836,6.687290668487549
837,8.732954978942871
838,5.588836669921875
839,8.210282325744629
840,6.338068008422852
841,5.515570640563965
842,9.04779052734375
843,6.799726486206055
844,7.9874958992004395
845,5.141045093536377
846,5.624569416046143
847,4.572686195373535
848,9.154698371887207
849,5.8345208168029785
850,8.529557228088379
851,7.384629249572754
852,6.02569580078125
853,6.377113342285156
854,7.867520809173584
855,6.681272506713867
856,8.723008155822754
857,5.577969074249268
858,8.198384284973145
859,6.327339172363281
860,5.503981590270996
861,9.034445762634277
862,6.786478042602539
863,7.9829936027526855
864,5.127098083496094
865,5.610344409942627
866,4.558579921722412
867,9.151247024536133
868,5.8258538246154785
869,8.515950202941895
870,7.377199649810791
871,6.01326847076416
872,6.364579200744629
873,7.852403163909912
874,6.675014972686768
875,8.711838722229004
876,5.566658020019531
877,8.185385704040527
878,6.316155910491943
879,5.491764545440674
880,9.020561218261719
881,6.7723236083984375
882,7.97841739654541
883,5.113142013549805
884,5.595800399780273
885,4.54436731338501
886,9.147336959838867
887,5.817152500152588
888,8.501434326171875
889,7.369469165802002
890,6.000858783721924
891,6.351785182952881
892,7.835888862609863
893,6.6684794425964355
894,8.699565887451172
895,5.554939270019531
896,8.171433448791504
897,6.3045549392700195
898,5.479013919830322
899,9.006204605102539
900,6.757373809814453
901,7.9736833572387695
902,5.099187850952148
903,5.581047058105469
904,4.530043125152588
905,9.142895698547363
906,5.808431148529053
907,8.486184120178223
908,7.361437797546387
909,5.988482475280762
910,6.3387861251831055
911,7.818179607391357
912,6.661618232727051
913,8.686339378356934
914,5.542855739593506
915,8.156696319580078
916,6.292586803436279
917,5.465826988220215
918,8.99144172668457
919,6.7417402267456055
920,7.968724250793457
921,5.085271835327148
922,5.566181182861328
923,4.515620708465576
924,9.137839317321777
925,5.799683570861816
926,8.470328330993652
927,7.353096961975098
928,5.976153373718262
929,6.325632095336914
930,7.799489498138428
931,6.654404163360596
932,8.672313690185547
933,5.530455589294434
934,8.141375541687012
935,6.280298709869385
936,5.45229959487915
937,8.976350784301758
938,6.725529193878174
939,7.963467121124268
940,5.07141637802124
941,5.551302909851074
942,4.5010986328125
943,9.13211727142334
944,5.790925025939941
945,8.454062461853027
946,7.344454765319824
947,5.963881969451904
948,6.312382221221924
949,7.780038833618164
950,6.646795749664307
951,8.657682418823242
952,5.517843723297119
953,8.126121520996094
954,6.267803192138672
955,5.438473701477051
956,8.961064338684082
957,6.708565711975098
958,7.957923889160156
959,5.057860851287842
960,5.536458969116211
961,4.486536026000977
962,9.125709533691406
963,5.7822184562683105
964,8.437650680541992
965,7.335574626922607
966,5.951676845550537
967,6.299202919006348
968,7.760164737701416
969,6.638697147369385
970,8.642391204833984
971,5.504969596862793
972,8.110384941101074
973,6.2550859451293945
974,5.4244866371154785
975,8.945597648620605
976,6.691189765930176
977,7.952015399932861
978,5.044543743133545
979,5.521734714508057
980,4.471990585327148
981,9.118532180786133
982,5.773464202880859
983,8.4209623336792
984,7.326398849487305
985,5.9395670890808105
986,6.286017417907715
987,7.7400665283203125
988,6.6299638748168945
989,8.626372337341309
990,5.491730690002441
991,8.093351364135742
992,6.2420654296875
993,5.410491466522217
994,8.92991828918457
995,6.673913478851318
996,7.945587158203125
997,5.031262397766113
998,5.507232666015625
999,4.457468032836914
1000,9.110471725463867
1001,5.764506816864014
1002,8.403763771057129
1003,7.316804885864258
1004,5.927547454833984
1005,6.272650718688965
1006,7.719481468200684
1007,6.620874404907227
1008,8.610135078430176
1009,5.478331565856934
1010,8.076216697692871
1011,6.2288618087768555
1012,5.39650297164917
1013,8.914114952087402
1014,6.656736850738525
1015,7.9385809898376465
1016,5.017815589904785
1017,5.493106365203857
1018,4.442717552185059
1019,9.101606369018555
1020,5.755594253540039
1021,8.386690139770508
1022,7.30690860748291
1023,5.915563583374023
1024,6.259265899658203
1025,7.698737621307373
1026,6.611344337463379
1027,8.593717575073242
1028,5.4647908210754395
1029,8.059149742126465
1030,6.215526580810547
1031,5.382548809051514
1032,8.898259162902832
1033,6.639580249786377
1034,7.930997848510742
1035,5.004368782043457
1036,5.479355812072754
1037,4.4278178215026855
1038,9.091910362243652
1039,5.746705055236816
1040,8.369791984558105
1041,7.296720504760742
1042,5.903608322143555
1043,6.245907306671143
1044,7.678002834320068
1045,6.601311206817627
1046,8.577101707458496
1047,5.451085567474365
1048,8.041980743408203
1049,6.202062606811523
1050,5.368685722351074
1051,8.8823823928833
1052,6.622530460357666
1053,7.922824382781982
1054,4.990970134735107
1055,5.466003894805908
1056,4.412829875946045
1057,9.081351280212402
1058,5.737795829772949
1059,8.35299301147461
1060,7.286229133605957
1061,5.891703128814697
1062,6.232559680938721
1063,7.657252788543701
1064,6.5908379554748535
1065,8.56040096282959
1066,5.43727970123291
1067,8.024961471557617
1068,6.188517093658447
1069,5.354931354522705
1070,8.866519927978516
1071,6.605619430541992
1072,7.914052963256836
1073,4.977579116821289
1074,5.453094005584717
1075,4.397709369659424
1076,9.06997299194336
1077,5.728930473327637
1078,8.336451530456543
1079,7.27547550201416
1080,5.879830837249756
1081,6.219255447387695
1082,7.636569023132324
1083,6.57994270324707
1084,8.543665885925293
1085,5.423398971557617
1086,8.008326530456543
1087,6.174910545349121
1088,5.341297149658203
1089,8.850701332092285
1090,6.588861465454102
1091,7.904695987701416
1092,4.964203357696533
1093,5.440627098083496
1094,4.38246488571167
1095,9.057804107666016
1096,5.720103740692139
1097,8.3201904296875
1098,7.264469623565674
1099,5.867978572845459
1100,6.205999851226807
1101,7.61599588394165
1102,6.568633556365967
1103,8.52691650390625
1104,5.40944766998291
1105,7.991924285888672
1106,6.161260604858398
1107,5.327794075012207
1108,8.834940910339355
1109,6.572268009185791
1110,7.894772052764893
1111,4.9508538246154785
1112,5.428590297698975
1113,4.367101669311523
1114,9.044881820678711
1115,5.711310863494873
1116,8.304217338562012
1117,7.253231525421143
1118,5.856141567230225
1119,6.192797660827637
1120,7.595565319061279
1121,6.55692195892334
1122,8.510167121887207
1123,5.395432949066162
1124,7.975743770599365
1125,6.1475725173950195
1126,5.314425468444824
1127,8.819244384765625
1128,6.555850028991699
1129,7.884304046630859
1130,4.937530994415283
1131,5.416971683502197
1132,4.3516364097595215
1133,9.031246185302734
1134,5.702547073364258
1135,8.288516998291016
1136,7.241770267486572
1137,5.844308376312256
1138,6.179637432098389
1139,7.575284481048584
1140,6.544834613800049
1141,8.493425369262695
1142,5.381358623504639
1143,7.959786415100098
1144,6.133867263793945
1145,5.3011908531188965
1146,8.803631782531738
1147,6.539620876312256
1148,7.873318672180176
1149,4.924227237701416
1150,5.405759334564209
1151,4.336065292358398
1152,9.016944885253906
1153,5.693816184997559
1154,8.273094177246094
1155,7.230106830596924
1156,5.832481861114502
1157,6.166515827178955
1158,7.55515718460083
1159,6.532408714294434
1160,8.47670841217041
1161,5.367241382598877
1162,7.944057941436768
1163,6.120146751403809
1164,5.288088798522949
1165,8.788093566894531
1166,6.523585319519043
1167,7.861851692199707
1168,4.910935401916504
1169,5.3949384689331055
1170,4.320394992828369
1171,9.002033233642578
1172,5.685116767883301
1173,8.257948875427246
1174,7.218260288238525
1175,5.820655822753906
1176,6.153441905975342
1177,7.535183429718018
1178,6.5196661949157715
1179,8.460030555725098
1180,5.353087902069092
1181,7.928548336029053
1182,6.106424808502197
1183,5.275114059448242
1184,8.772643089294434
1185,6.507739067077637
1186,7.849935531616211
1187,4.897663593292236
1188,5.384484767913818
1189,4.3046441078186035
1190,8.986550331115723
1191,5.676448822021484
1192,8.243062019348145
1193,7.206252098083496
1194,5.80883264541626
1195,6.140401363372803
1196,7.5153632164001465
1197,6.5066351890563965
1198,8.443390846252441
1199,5.33890438079834
1200,7.913242340087891
1201,6.092708110809326
1202,5.262260437011719
1203,8.757281303405762
1204,6.492076396942139
1205,7.837611675262451
1206,4.884418964385986
1207,5.374378204345703
1208,4.288817405700684
1209,8.970563888549805
1210,5.667809963226318
1211,8.228409767150879
1212,7.194094181060791
1213,5.797009468078613
1214,6.127394676208496
1215,7.4956793785095215
1216,6.493353843688965
1217,8.426809310913086
1218,5.324709415435791
1219,7.898188591003418
1220,6.079013824462891
1221,5.249515056610107
1222,8.742011070251465
1223,6.476574420928955
1224,7.824920177459717
1225,4.871203422546387
1226,5.3645853996276855
1227,4.272921085357666
1228,8.954119682312012
1229,5.659213066101074
1230,8.214001655578613
1231,7.181816577911377
1232,5.78518533706665
1233,6.114422798156738
1234,7.47614049911499
1235,6.479839324951172
1236,8.410290718078613
1237,5.310514450073242
1238,7.883478164672852
1239,6.065364360809326
1240,5.236860275268555
1241,8.726847648620605
1242,6.461148738861084
1243,7.811908721923828
1244,4.858051776885986
1245,5.355061054229736
1246,4.256956577301025
1247,8.937294006347656
1248,5.650651454925537
1249,8.199878692626953
1250,7.169444561004639
1251,5.773349761962891
1252,6.101502418518066
1253,7.456790924072266
1254,6.466103553771973
1255,8.393819808959961
1256,5.296298503875732
1257,7.8689117431640625
1258,6.051734447479248
1259,5.224297523498535
1260,8.711762428283691
1261,6.445866584777832
1262,7.798612594604492
1263,4.844923973083496
1264,5.3457794189453125
1265,4.240941047668457
1266,8.920108795166016
1267,5.642055988311768
1268,8.185803413391113
1269,7.156938076019287
1270,5.761500358581543
1271,6.0885210037231445
1272,7.4374799728393555
1273,6.45225191116333
1274,8.37746524810791
1275,5.2820820808410645
1276,7.854533672332764
1277,6.038121223449707
1278,5.211814880371094
1279,8.696734428405762
1280,6.4307732582092285
1281,7.7850565910339355
1282,4.831731796264648
1283,5.336723804473877
1284,4.2248311042785645
1285,8.902653694152832
1286,5.633476257324219
1287,8.171915054321289
1288,7.144349098205566
1289,5.7496256828308105
1290,6.07552433013916
1291,7.418261528015137
1292,6.438283443450928
1293,8.361204147338867
1294,5.267876148223877
1295,7.840364933013916
1296,6.024538516998291
1297,5.199395656585693
1298,8.6817626953125
1299,6.415820121765137
1300,7.771285057067871
1301,4.818495750427246
1302,5.327864646911621
1303,4.208639621734619
1304,8.88497543334961
1305,5.624911785125732
1306,8.15820026397705
1307,7.13169527053833
1308,5.737730503082275
1309,6.062520980834961
1310,7.3991498947143555
1311,6.424216270446777
1312,8.345037460327148
1313,5.253671169281006
1314,7.826362133026123
1315,6.010988235473633
1316,5.187041282653809
1317,8.666853904724121
1318,6.400984287261963
1319,7.757335662841797
1320,4.805248260498047
1321,5.3191680908203125
1322,4.192393779754639
1323,8.867106437683105
1324,5.616355895996094
1325,8.144628524780273
1326,7.118990898132324
1327,5.725820541381836
1328,6.0495076179504395
1329,7.380138874053955
1330,6.410068988800049
1331,8.328969955444336
1332,5.239475727081299
1333,7.812507152557373
1334,5.9974894523620605
1335,5.174741744995117
1336,8.651996612548828
1337,6.386275291442871
1338,7.743233680725098
1339,4.791982173919678
1340,5.310619831085205
1341,4.176074981689453
1342,8.84911823272705
1343,5.607879638671875
1344,8.13138198852539
1345,7.10629940032959
1346,5.713905334472656
1347,6.036574363708496
1348,7.36132287979126
1349,6.395807266235352
1350,8.312946319580078
1351,5.225285053253174
1352,7.7987565994262695
1353,5.984046936035156
1354,5.162500381469727
1355,8.637225151062012
1356,6.371626377105713
1357,7.729018211364746
1358,4.778806209564209
1359,5.302211761474609
1360,4.159773826599121
1361,8.830985069274902
1362,5.599417209625244
1363,8.118261337280273
1364,7.093588829040527
1365,5.702012062072754
1366,6.023670673370361
1367,7.3426032066345215
1368,6.381489276885986
1369,8.296988487243652
1370,5.211144924163818
1371,7.785329341888428
1372,5.970715045928955
1373,5.150308609008789
1374,8.622580528259277
1375,6.356922149658203
1376,7.714726448059082
1377,4.765807151794434
1378,5.29392671585083
1379,4.1435160636901855
1380,8.812746047973633
1381,5.591002941131592
1382,8.10534381866455
1383,7.080904960632324
1384,5.690155506134033
1385,6.010862827301025
1386,7.324055194854736
1387,6.367094039916992
1388,8.281065940856934
1389,5.197032928466797
1390,7.772006511688232
1391,5.957470417022705
1392,5.13817834854126
1393,8.608052253723145
1394,6.342237949371338
1395,7.700384616851807
1396,4.75297212600708
1397,5.285759449005127
1398,4.127338886260986
1399,8.794416427612305
1400,5.582612991333008
1401,8.092520713806152
1402,7.068237781524658
1403,5.6783528327941895
1404,5.9981160163879395
1405,7.305623531341553
1406,6.352671146392822
1407,8.265203475952148
1408,5.182957172393799
1409,7.7587199211120605
1410,5.944294452667236
1411,5.12611722946167
1412,8.593620300292969
1413,6.327670097351074
1414,7.686000347137451
1415,4.740217208862305
1416,5.277729511260986
1417,4.111219882965088
1418,8.776039123535156
1419,5.574248313903809
1420,8.079781532287598
1421,7.0555877685546875
1422,5.666606426239014
1423,5.9853973388671875
1424,7.287252902984619
1425,6.338270664215088
1426,8.249427795410156
1427,5.168941974639893
1428,7.745537757873535
1429,5.9312028884887695
1430,5.114127159118652
1431,8.579276084899902
1432,6.313215255737305
1433,7.671589374542236
1434,4.727532386779785
1435,5.269835472106934
1436,4.095152854919434
1437,8.757638931274414
1438,5.5659284591674805
1439,8.067157745361328
1440,7.042969703674316
1441,5.65492057800293
1442,5.972728252410889
1443,7.268957614898682
1444,6.3239006996154785
1445,8.233755111694336
1446,5.155007362365723
1447,7.732577323913574
1448,5.91823148727417
1449,5.102192401885986
1450,8.56505298614502
1451,6.29879093170166
1452,7.657184600830078
1453,4.7149577140808105
1454,5.2620391845703125
1455,4.079143524169922
1456,8.739253044128418
1457,5.5576629638671875
1458,8.054693222045898
1459,7.030407428741455
1460,5.643288612365723
1461,5.960126876831055
1462,7.250796794891357
1463,6.309548854827881
1464,8.218167304992676
1465,5.141132831573486
1466,7.719696521759033
1467,5.905350208282471
1468,5.090325355529785
1469,8.550921440124512
1470,6.284440517425537
1471,7.642794609069824
1472,4.702471733093262
1473,5.254329681396484
1474,4.063198089599609
1475,8.720890045166016
1476,5.549417495727539
1477,8.042319297790527
1478,7.017890453338623
1479,5.631708145141602
1480,5.94757080078125
1481,7.232728958129883
1482,6.2952423095703125
1483,8.202688217163086
1484,5.127318859100342
1485,7.706908702850342
1486,5.8925557136535645
1487,5.078514575958252
1488,8.536879539489746
1489,6.270188808441162
1490,7.628431797027588
1491,4.690051078796387
1492,5.246706962585449
1493,4.047311782836914
1494,8.702577590942383
1495,5.541205406188965
1496,8.030034065246582
1497,7.005422115325928
1498,5.620182037353516
1499,5.9350504875183105
1500,7.214749336242676
1501,6.281004905700684
1502,8.187325477600098
1503,5.113584995269775
1504,7.69423770904541
1505,5.879856109619141
1506,5.066764831542969
1507,8.52292251586914
1508,6.256036281585693
1509,7.614103317260742
1510,4.677685737609863
1511,5.239169120788574
1512,4.031484127044678
1513,8.684328079223633
1514,5.533026218414307
1515,8.017845153808594
1516,6.993011474609375
1517,5.608712673187256
1518,5.922567844390869
1519,7.196865081787109
1520,6.2668328285217285
1521,8.172078132629395
1522,5.099923610687256
1523,7.681663990020752
1524,5.867257118225098
1525,5.055079460144043
1526,8.509054183959961
1527,6.241972923278809
1528,7.599825859069824
1529,4.665393829345703
1530,5.231708526611328
1531,4.015723705291748
1532,8.666158676147461
1533,5.524878978729248
1534,8.005764961242676
1535,6.980664253234863
1536,5.597300052642822
1537,5.91013765335083
1538,7.179086685180664
1539,6.252742767333984
1540,8.156956672668457
1541,5.086346626281738
1542,7.66920804977417
1543,5.854760646820068
1544,5.043455123901367
1545,8.49527645111084
1546,6.227996826171875
1547,7.585605621337891
1548,4.653171539306641
1549,5.224316120147705
1550,4.000037670135498
1551,8.64807415008545
1552,5.51676607131958
1553,7.99376916885376
1554,6.9683837890625
1555,5.585951805114746
1556,5.897751331329346
1557,7.16140604019165
1558,6.238738059997559
1559,8.141963958740234
1560,5.072854995727539
1561,7.656865119934082
1562,5.842369079589844
1563,5.031897068023682
1564,8.481582641601562
1565,6.214118003845215
1566,7.5714521408081055
1567,4.64100980758667
1568,5.216994285583496
1569,3.9844183921813965
1570,8.630097389221191
1571,5.508694648742676
1572,7.981875896453857
1573,6.956174850463867
1574,5.574661731719971
1575,5.885415554046631
1576,7.1438374519348145
1577,6.224823474884033
1578,8.127098083496094
1579,5.0594482421875
1580,7.644626140594482
1581,5.830081939697266
1582,5.020400047302246
1583,8.467987060546875
1584,6.200329303741455
1585,7.557375907897949
1586,4.628926753997803
1587,5.2097320556640625
1588,3.9688832759857178
1589,8.612225532531738
1590,5.5006489753723145
1591,7.970069408416748
1592,6.944039344787598
1593,5.5634379386901855
1594,5.873126983642578
1595,7.126377105712891
1596,6.211005210876465
1597,8.112369537353516
1598,5.046133041381836
1599,7.632500171661377
1600,5.817901134490967
1601,5.008971691131592
1602,8.45447826385498
1603,6.186633586883545
1604,7.5433759689331055
1605,4.61690616607666
1606,5.202535152435303
1607,3.9534263610839844
1608,8.59447193145752
1609,5.492641448974609
1610,7.958364486694336
1611,6.931980133056641
1612,5.552277088165283
1613,5.860891342163086
1614,7.109035015106201
1615,6.197286128997803
1616,8.097764015197754
1617,5.032906532287598
1618,7.620485305786133
1619,5.805830478668213
1620,4.997610092163086
1621,8.441061973571777
1622,6.173028945922852
1623,7.529460430145264
1624,4.604966163635254
1625,5.195392608642578
1626,3.9380528926849365
1627,8.57684326171875
1628,5.484671115875244
1629,7.94675350189209
1630,6.920004367828369
1631,5.541179180145264
1632,5.848731517791748
1633,7.091862678527832
1634,6.183628082275391
1635,8.083274841308594
1636,5.019748210906982
1637,7.608587265014648
1638,5.793888568878174
1639,4.986308574676514
1640,8.427763938903809
1641,6.159395694732666
1642,7.515629768371582
1643,4.593204975128174
1644,5.1882405281066895
1645,3.922785997390747
1646,8.559309959411621
1647,5.476675510406494
1648,7.935204982757568
1649,6.90809965133667
1650,5.5301103591918945
1651,5.83664083480835
1652,7.074916362762451
1653,6.170008659362793
1654,8.068894386291504
1655,5.006622791290283
1656,7.596743106842041
1657,5.782039165496826
1658,4.975066661834717
1659,8.414549827575684
1660,6.145786762237549
1661,7.501871109008789
1662,4.581543445587158
1663,5.181065559387207
1664,3.9075820446014404
1665,8.541888236999512
1666,5.468648910522461
1667,7.923707485198975
1668,6.896246433258057
1669,5.519047260284424
1670,5.824555397033691
1671,7.058161735534668
1672,6.156460762023926
1673,8.05466365814209
1674,4.993545055389404
1675,7.584942817687988
1676,5.770255088806152
1677,4.9638824462890625
1678,8.401375770568848
1679,6.13227653503418
1680,7.4881815910339355
1681,4.569887638092041
1682,5.173878192901611
1683,3.8924171924591064
1684,8.5246000289917
1685,5.460586071014404
1686,7.912236213684082
1687,6.884438514709473
1688,5.507981300354004
1689,5.812471866607666
1690,7.0415778160095215
1691,6.143003463745117
1692,8.040604591369629
1693,4.98053503036499
1694,7.57326078414917
1695,5.7585530281066895
1696,4.952754020690918
1697,8.388245582580566
1698,6.118870735168457
1699,7.474567890167236
1700,4.558230400085449
1701,5.166687965393066
1702,3.8772735595703125
1703,8.507464408874512
1704,5.452505588531494
1705,7.900838851928711
1706,6.872680187225342
1707,5.496920108795166
1708,5.800385475158691
1709,7.025155544281006
1710,6.129654884338379
1711,8.026721954345703
1712,4.9676032066345215
1713,7.5617289543151855
1714,5.746939659118652
1715,4.941672325134277
1716,8.375215530395508
1717,6.1053338050842285
1718,7.461048126220703
1719,4.54679536819458
1720,5.159347057342529
1721,3.8622400760650635
1722,8.490432739257812
1723,5.444299697875977
1724,7.889370441436768
1725,6.860957145690918
1726,5.485818386077881
1727,5.788301944732666
1728,7.009014129638672
1729,6.116333484649658
1730,8.012957572937012
1731,4.954649925231934
1732,7.550045490264893
1733,5.735323429107666
1734,4.930629730224609
1735,8.362167358398438
1736,6.09186315536499
1737,7.447610855102539
1738,4.535362243652344
1739,5.151878833770752
1740,3.847234010696411
1741,8.473514556884766
1742,5.435887336730957
1743,7.877590656280518
1744,6.849181652069092
1745,5.474654197692871
1746,5.7760515213012695
1747,6.992942810058594
1748,6.103190898895264
1749,7.999418258666992
1750,4.941756248474121
1751,7.538481712341309
1752,5.723744869232178
1753,4.919620037078857
1754,8.34907341003418
1755,6.078523635864258
1756,7.434278964996338
1757,4.523767471313477
1758,5.144328594207764
1759,3.8321704864501953
1760,8.456806182861328
1761,5.42734432220459
1762,7.865574359893799
1763,6.837363243103027
1764,5.463433265686035
1765,5.763613224029541
1766,6.976861000061035
1767,6.09030294418335
1768,7.986165523529053
1769,4.928981304168701
1770,7.5272321701049805
1771,5.71225118637085
1772,4.908628940582275
1773,8.335947036743164
1774,6.06527042388916
1775,7.421072483062744
1776,4.511995315551758
1777,5.136687278747559
1778,3.8170394897460938
1779,8.44039535522461
1780,5.418795585632324
1781,7.853690147399902
1782,6.825627326965332
1783,5.452167510986328
1784,5.75114107131958
1785,6.960958003997803
1786,6.077578067779541
1787,7.9731316566467285
1788,4.9162983894348145
1789,7.516247272491455
1790,5.700854778289795
1791,4.897655487060547
1792,8.322818756103516
1793,6.052009582519531
1794,7.408003330230713
1795,4.50015115737915
1796,5.128923416137695
1797,3.8018789291381836
1798,8.424256324768066
1799,5.410270690917969
1800,7.8421220779418945
1801,6.814040660858154
1802,5.440884590148926
1803,5.738821029663086
1804,6.945457935333252
1805,6.064833641052246
1806,7.960149765014648
1807,4.903604507446289
1808,7.505158424377441
1809,5.6894965171813965
1810,4.886720657348633
1811,8.309699058532715
1812,6.038761138916016
1813,7.3950514793396
1814,4.488368511199951
1815,5.12106466293335
1816,3.7868027687072754
1817,8.408263206481934
1818,5.401672840118408
1819,7.830483913421631
1820,6.802496433258057
1821,5.429610252380371
1822,5.726498126983643
1823,6.93011999130249
1824,6.052193641662598
1825,7.947296142578125
1826,4.890963077545166
1827,7.494217395782471
1828,5.678257465362549
1829,4.875832557678223
1830,8.29665756225586
1831,6.02544641494751
1832,7.382213592529297
1833,4.476711273193359
1834,5.113125324249268
1835,3.7718160152435303
1836,8.392412185668945
1837,5.392999172210693
1838,7.8187360763549805
1839,6.790976047515869
1840,5.418343544006348
1841,5.714146614074707
1842,6.914905071258545
1843,6.039688587188721
1844,7.934605121612549
1845,4.878387451171875
1846,7.483521461486816
1847,5.667164325714111
1848,4.864980220794678
1849,8.283705711364746
1850,6.012012004852295
1851,7.369505882263184
1852,4.465174674987793
1853,5.105075836181641
1854,3.7568976879119873
1855,8.376771926879883
1856,5.384314060211182
1857,7.80706787109375
1858,6.779547691345215
1859,5.40709114074707
1860,5.701850891113281
1861,6.899923801422119
1862,6.027265548706055
1863,7.922019958496094
1864,4.865861415863037
1865,7.472816467285156
1866,5.656133651733398
1867,4.854171276092529
1868,8.270794868469238
1869,5.998520851135254
1870,7.356938362121582
1871,4.453771591186523
1872,5.096893787384033
1873,3.7420969009399414
1874,8.361295700073242
1875,5.3755598068237305
1876,7.795351505279541
1877,6.768183708190918
1878,5.395866394042969
1879,5.689598560333252
1880,6.885138988494873
1881,6.0149383544921875
1882,7.9095282554626465
1883,4.853367328643799
1884,7.462010383605957
1885,5.6451616287231445
1886,4.843421936035156
1887,8.258052825927734
1888,5.98470401763916
1889,7.344501495361328
1890,4.442924976348877
1891,5.088451862335205
1892,3.7276089191436768
1893,8.345839500427246
1894,5.366645336151123
1895,7.783517837524414
1896,6.756908416748047
1897,5.3846917152404785
1898,5.677529335021973
1899,6.870829105377197
1900,6.002510070800781
1901,7.897013187408447
1902,4.8407979011535645
1903,7.450613975524902
1904,5.634119510650635
1905,4.8327789306640625
1906,8.245281219482422
1907,5.971200942993164
1908,7.332162380218506
1909,4.43210506439209
1910,5.0800323486328125
1911,3.713263511657715
1912,8.330463409423828
1913,5.357626914978027
1914,7.771460056304932
1915,6.745621681213379
1916,5.373561859130859
1917,5.6654133796691895
1918,6.856633186340332
1919,5.990261554718018
1920,7.884721279144287
1921,4.8283467292785645
1922,7.439338684082031
1923,5.623162746429443
1924,4.8222551345825195
1925,8.232558250427246
1926,5.957950592041016
1927,7.319914817810059
1928,4.421245574951172
1929,5.071684837341309
1930,3.6989822387695312
1931,8.31525993347168
1932,5.348635196685791
1933,7.7594685554504395
1934,6.734396457672119
1935,5.362475395202637
1936,5.65331506729126
1937,6.842601299285889
1938,5.978179454803467
1939,7.872649192810059
1940,4.81603479385376
1941,7.428330421447754
1942,5.61234188079834
1943,4.811834812164307
1944,8.219915390014648
1945,5.944846153259277
1946,7.307773113250732
1947,4.410401821136475
1948,5.063385963439941
1949,3.684762954711914
1950,8.30025863647461
1951,5.339704990386963
1952,7.747633457183838
1953,6.723262786865234
1954,5.351443290710449
1955,5.641287803649902
1956,6.828789710998535
1957,5.966229438781738
1958,7.860777378082275
1959,4.803854465484619
1960,7.417550086975098
1961,5.601654529571533
1962,4.801516056060791
1963,8.207357406616211
1964,5.93185567855835
1965,7.2957444190979
1966,4.399599075317383
1967,5.055116653442383
1968,3.670626163482666
1969,8.285446166992188
1970,5.3308186531066895
1971,7.735940933227539
1972,6.712227821350098
1973,5.3404645919799805
1974,5.629333972930908
1975,6.815192222595215
1976,5.954404830932617
1977,7.849084377288818
1978,4.791789531707764
1979,7.406947612762451
1980,5.591082572937012
1981,4.791294097900391
1982,8.19487190246582
1983,5.9189887046813965
1984,7.2838311195373535
1985,4.388827800750732
1986,5.046868801116943
1987,3.656572103500366
1988,8.270828247070312
1989,5.321976661682129
1990,7.724353313446045
1991,6.701283931732178
1992,5.329544544219971
1993,5.6174635887146
1994,6.801826477050781
1995,5.942688465118408
1996,7.837535381317139
1997,4.779826641082764
1998,7.396451473236084
1999,5.5806145668029785
2000,4.781169891357422
2001,8.18244743347168
2002,5.9062652587890625
2003,7.272033214569092
2004,4.378096580505371
2005,5.038651466369629
2006,3.6426119804382324
2007,8.256390571594238
2008,5.313165187835693
2009,7.712833881378174
2010,6.6904168128967285
2011,5.318691730499268
2012,5.605668067932129
2013,6.788661479949951
2014,5.931081295013428
2015,7.826135158538818
2016,4.76795768737793
2017,7.3860087394714355
2018,5.570233345031738
2019,4.771143436431885
2020,8.170106887817383
2021,5.893622398376465
2022,7.260356426239014
2023,4.367484092712402
2024,5.030421257019043
2025,3.628787040710449
2026,8.242094039916992
2027,5.304351806640625
2028,7.7013397216796875
2029,6.679623126983643
2030,5.30789852142334
2031,5.593942642211914
2032,6.775705337524414
2033,5.919572830200195
2034,7.81485652923584
2035,4.756168365478516
2036,7.375585556030273
2037,5.559921741485596
2038,4.761209964752197
2039,8.157825469970703
2040,5.8810577392578125
2041,7.248791694641113
2042,4.35698127746582
2043,5.022153377532959
2044,3.615082263946533
2045,8.227945327758789
2046,5.295515060424805
2047,7.6898369789123535
2048,6.668896198272705
2049,5.29714822769165
2050,5.582275390625
2051,6.76295280456543
2052,5.908172607421875
2053,7.803725719451904
2054,4.74445915222168
2055,7.365256309509277
2056,5.549699306488037
2057,4.751352310180664
2058,8.145580291748047
2059,5.868595123291016
2060,7.237346649169922
2061,4.346485614776611
2062,5.013866901397705
2063,3.6014440059661865
2064,8.213988304138184
2065,5.286694049835205
2066,7.678394317626953
2067,6.658239364624023
2068,5.286433696746826
2069,5.570637226104736
2070,6.750370502471924
2071,5.896897315979004
2072,7.792743682861328
2073,4.732848644256592
2074,7.3551249504089355
2075,5.539602279663086
2076,4.741567134857178
2077,8.133407592773438
2078,5.856137275695801
2079,7.226023197174072
2080,4.336050510406494
2081,5.00552225112915
2082,3.5878756046295166
2083,8.200227737426758
2084,5.277879238128662
2085,7.667045593261719
2086,6.647660732269287
2087,5.27574348449707
2088,5.559070110321045
2089,6.738039493560791
2090,5.885712146759033
2091,7.781898021697998
2092,4.7213029861450195
2093,7.345076084136963
2094,5.52957010269165
2095,4.731849670410156
2096,8.121237754821777
2097,5.843771457672119
2098,7.214808464050293
2099,4.325606822967529
2100,4.997131824493408
2101,3.5743556022644043
2102,8.186654090881348
2103,5.269059658050537
2104,7.655726909637451
2105,6.637143611907959
2106,5.265069961547852
2107,5.547524929046631
2108,6.725881576538086
2109,5.874648094177246
2110,7.771210193634033
2111,4.709850311279297
2112,7.335173606872559
2113,5.519624710083008
2114,4.722201824188232
2115,8.109086036682129
2116,5.8314971923828125
2117,7.203708648681641
2118,4.3151397705078125
2119,4.988709926605225
2120,3.5608794689178467
2121,8.173279762268066
2122,5.260246276855469
2123,7.644455909729004
2124,6.626684665679932
2125,5.254420280456543
2126,5.5359954833984375
2127,6.713889122009277
2128,5.863717555999756
2129,7.760693073272705
2130,4.698492050170898
2131,7.325456142425537
2132,5.509767532348633
2133,4.712618350982666
2134,8.096943855285645
2135,5.819303035736084
2136,7.192724227905273
2137,4.304647445678711
2138,4.980252742767334
2139,3.5474436283111572
2140,8.160104751586914
2141,5.2514495849609375
2142,7.633256912231445
2143,6.61628532409668
2144,5.2437920570373535
2145,5.524501800537109
2146,6.702070236206055
2147,5.8529052734375
2148,7.7503204345703125
2149,4.687224864959717
2150,7.315887928009033
2151,5.5
2152,4.703099250793457
2153,8.084824562072754
2154,5.807182312011719
2155,7.181851387023926
2156,4.29414176940918
2157,4.971767425537109
2158,3.5340545177459717
2159,8.147122383117676
2160,5.2426652908325195
2161,7.6221137046813965
2162,6.6059465408325195
2163,5.233187675476074
2164,5.51303243637085
2165,6.690404891967773
2166,5.842214107513428
2167,7.740100860595703
2168,4.676053524017334
2169,7.3064961433410645
2170,5.490324020385742
2171,4.693644046783447
2172,8.07272720336914
2173,5.795127868652344
2174,7.171082019805908
2175,4.28362512588501
2176,4.963246822357178
2177,3.5206942558288574
2178,8.134350776672363
2179,5.233946323394775
2180,7.611166477203369
2181,6.595699787139893
2182,5.222611904144287
2183,5.501646041870117
2184,6.678975582122803
2185,5.83159875869751
2186,7.730010509490967
2187,4.664961338043213
2188,7.297248840332031
2189,5.48073673248291
2190,4.684257507324219
2191,8.060657501220703
2192,5.783110618591309
2193,7.160408973693848
2194,4.273166656494141
2195,4.954667091369629
2196,3.5074009895324707
2197,8.121726989746094
2198,5.225231170654297
2199,7.600308418273926
2200,6.585522174835205
2201,5.212053298950195
2202,5.490333557128906
2203,6.667788982391357
2204,5.821025848388672
2205,7.7200212478637695
2206,4.653911113739014
2207,7.28804349899292
2208,5.47119665145874
2209,4.6749348640441895
2210,8.048585891723633
2211,5.771139144897461
2212,7.1498122215271
2213,4.262826919555664
2214,4.945958614349365
2215,3.4942188262939453
2216,8.109156608581543
2217,5.216371059417725
2218,7.589229106903076
2219,6.575324535369873
2220,5.201476573944092
2221,5.478988170623779
2222,6.656797885894775
2223,5.810513496398926
2224,7.710142612457275
2225,4.642862796783447
2226,7.278713226318359
2227,5.461630344390869
2228,4.665664196014404
2229,8.036421775817871
2230,5.759342670440674
2231,7.139301300048828
2232,4.252375602722168
2233,4.937191963195801
2234,3.4810333251953125
2235,8.09675407409668
2236,5.207499027252197
2237,7.578216075897217
2238,6.565168857574463
2239,5.190880298614502
2240,5.467662334442139
2241,6.6460418701171875
2242,5.8000664710998535
2243,7.700397491455078
2244,4.63185977935791
2245,7.269494533538818
2246,5.452113628387451
2247,4.6564459800720215
2248,8.024243354797363
2249,5.747614860534668
2250,7.128868579864502
2251,4.241864204406738
2252,4.928374767303467
2253,3.46785044670105
2254,8.08452033996582
2255,5.198670864105225
2256,7.56748628616333
2257,6.555123805999756
2258,5.180285453796387
2259,5.45649528503418
2260,6.63566255569458
2261,5.78956937789917
2262,7.690704345703125
2263,4.620850086212158
2264,7.260225296020508
2265,5.442619323730469
2266,4.647282600402832
2267,8.012042999267578
2268,5.735957622528076
2269,7.1185126304626465
2270,4.231359958648682
2271,4.919486045837402
2272,3.4547111988067627
2273,8.072403907775879
2274,5.189795017242432
2275,7.55668306350708
2276,6.545089244842529
2277,5.169684886932373
2278,5.445309638977051
2279,6.6254401206970215
2280,5.7791571617126465
2281,7.681141376495361
2282,4.609891891479492
2283,7.251020431518555
2284,5.433160305023193
2285,4.63817024230957
2286,7.999813556671143
2287,5.724410057067871
2288,7.1082353591918945
2289,4.220792293548584
2290,4.910572528839111
2291,3.4415829181671143
2292,8.060440063476562
2293,5.1809210777282715
2294,7.5459160804748535
2295,6.535081386566162
2296,5.159088134765625
2297,5.434125900268555
2298,6.615356922149658
2299,5.768857002258301
2300,7.671736240386963
2301,4.599013328552246
2302,7.242021560668945
2303,5.42378568649292
2304,4.62911319732666
2305,7.987589359283447
2306,5.712926864624023
2307,7.0980305671691895
2308,4.2101898193359375
2309,4.901632308959961
2310,3.428466320037842
2311,8.04863166809082
2312,5.172067165374756
2313,7.535218238830566
2314,6.525119304656982
2315,5.148502349853516
2316,5.4229631423950195
2317,6.605443954467773
2318,5.758640766143799
2319,7.662467956542969
2320,4.588204383850098
2321,7.233173847198486
2322,5.414482116699219
2323,4.6201066970825195
2324,7.975367546081543
2325,5.701501846313477
2326,7.087905406951904
2327,4.199558258056641
2328,4.89265775680542
2329,3.415372610092163
2330,8.036978721618652
2331,5.1632208824157715
2332,7.524566173553467
2333,6.515195369720459
2334,5.137928009033203
2335,5.411827087402344
2336,6.595693111419678
2337,5.748507976531982
2338,7.653316974639893
2339,4.577457427978516
2340,7.224447250366211
2341,5.405246734619141
2342,4.611152648925781
2343,7.963146209716797
2344,5.690138816833496
2345,7.077861785888672
2346,4.188903331756592
2347,4.8836565017700195
2348,3.402303457260132
2349,8.025471687316895
2350,5.154394626617432
2351,7.5139689445495605
2352,6.505310535430908
2353,5.127370357513428
2354,5.40070915222168
2355,6.586085319519043
2356,5.738465309143066
2357,7.644303798675537
2358,4.566782474517822
2359,7.215884685516357
2360,5.396086692810059
2361,4.602250576019287
2362,7.950926780700684
2363,5.678834438323975
2364,7.067898273468018
2365,4.178226470947266
2366,4.874627590179443
2367,3.3892569541931152
2368,8.014117240905762
2369,5.145586967468262
2370,7.503429412841797
2371,6.495468616485596
2372,5.116830825805664
2373,5.389618873596191
2374,6.576625823974609
2375,5.728516578674316
2376,7.635417938232422
2377,4.556179523468018
2378,7.207463264465332
2379,5.387000560760498
2380,4.593399524688721
2381,7.938711643218994
2382,5.6675896644592285
2383,7.05801248550415
2384,4.16752815246582
2385,4.86557674407959
2386,3.3762378692626953
2387,8.002911567687988
2388,5.136806964874268
2389,7.492945194244385
2390,6.485665798187256
2391,5.106319427490234
2392,5.378561019897461
2393,6.567310810089111
2394,5.718649864196777
2395,7.626647472381592
2396,4.545643329620361
2397,7.199189186096191
2398,5.377991199493408
2399,4.584602355957031
2400,7.926502227783203
2401,5.656393527984619
2402,7.048211574554443
2403,4.156815052032471
2404,4.856500148773193
2405,3.3632521629333496
2406,7.991851806640625
2407,5.128047466278076
2408,7.482514381408691
2409,6.475914001464844
2410,5.095834255218506
2411,5.367534637451172
2412,6.558139801025391
2413,5.708865642547607
2414,7.617990970611572
2415,4.5351762771606445
2416,7.191031455993652
2417,5.369051456451416
2418,4.57585334777832
2419,7.914297580718994
2420,5.645236968994141
2421,7.038480758666992
2422,4.146162509918213
2423,4.847364902496338
2424,3.3503401279449463
2425,7.980870246887207
2426,5.119248390197754
2427,7.471987724304199
2428,6.466168403625488
2429,5.085375785827637
2430,5.356523513793945
2431,6.549088954925537
2432,5.699164390563965
2433,7.609436988830566
2434,4.524754524230957
2435,7.182888984680176
2436,5.3601460456848145
2437,4.567154884338379
2438,7.902066230773926
2439,5.634090900421143
2440,7.0288286209106445
2441,4.135719299316406
2442,4.838079452514648
2443,3.3376095294952393
2444,7.969847679138184
2445,5.110267639160156
2446,7.46110200881958
2447,6.456397533416748
2448,5.074957847595215
2449,5.345526695251465
2450,6.540185451507568
2451,5.689474105834961
2452,7.600884437561035
2453,4.514289855957031
2454,7.1743645668029785
2455,5.351150035858154
2456,4.558501720428467
2457,7.889733791351318
2458,5.623175144195557
2459,7.019269943237305
2460,4.125194549560547
2461,4.8288350105285645
2462,3.3249332904815674
2463,7.95891809463501
2464,5.101272106170654
2465,7.4500627517700195
2466,6.4466142654418945
2467,5.064589500427246
2468,5.334474563598633
2469,6.531252384185791
2470,5.679970741271973
2471,7.592495918273926
2472,4.50395393371582
2473,7.166066646575928
2474,5.34225606918335
2475,4.549907684326172
2476,7.877424240112305
2477,5.612345218658447
2478,7.0097975730896
2479,4.114656925201416
2480,4.8196258544921875
2481,3.312302589416504
2482,7.9481401443481445
2483,5.092349529266357
2484,7.439131736755371
2485,6.43689489364624
2486,5.054280757904053
2487,5.323483467102051
2488,6.522426605224609
2489,5.670557022094727
2490,7.584212303161621
2491,4.493705749511719
2492,7.1579365730285645
2493,5.33345890045166
2494,4.541370391845703
2495,7.865152835845947
2496,5.601550579071045
2497,7.0004072189331055
2498,4.104157447814941
2499,4.810420989990234
2500,3.2997329235076904
2501,7.937488555908203
2502,5.083477020263672
2503,7.42827033996582
2504,6.4272332191467285
2505,5.044039726257324
2506,5.312564373016357
2507,6.51371431350708
2508,5.661224365234375
2509,7.576021671295166
2510,4.483535289764404
2511,7.14990758895874
2512,5.324740886688232
2513,4.532889366149902
2514,7.852904796600342
2515,5.590825080871582
2516,6.991098403930664
2517,4.093684673309326
2518,4.801233768463135
2519,3.2872297763824463
2520,7.9269490242004395
2521,5.074652671813965
2522,7.417454242706299
2523,6.417623996734619
2524,5.03386116027832
2525,5.301695823669434
2526,6.505093097686768
2527,5.651979923248291
2528,7.567927837371826
2529,4.4734416007995605
2530,7.141969203948975
2531,5.316102504730225
2532,4.524466514587402
2533,7.840683937072754
2534,5.580160140991211
2535,6.981873989105225
2536,4.083250999450684
2537,4.79205846786499
2538,3.2747950553894043
2539,7.9165191650390625
2540,5.065864086151123
2541,7.406668663024902
2542,6.40805721282959
2543,5.023746013641357
2544,5.290884971618652
2545,6.496565818786621
2546,5.642860412597656
2547,7.559963226318359
2548,4.463418483734131
2549,7.134060382843018
2550,5.307514667510986
2551,4.516097545623779
2552,7.828462600708008
2553,5.569621562957764
2554,6.972733020782471
2555,4.07281494140625
2556,4.782907485961914
2557,3.262420654296875
2558,7.9062299728393555
2559,5.057116985321045
2560,7.395884990692139
2561,6.398530960083008
2562,5.01369047164917
2563,5.280116558074951
2564,6.488151550292969
2565,5.633730888366699
2566,7.551994800567627
2567,4.453466415405273
2568,7.126347541809082
2569,5.299036502838135
2570,4.507788181304932
2571,7.816277027130127
2572,5.5591325759887695
2573,6.96370267868042
2574,4.062407970428467
2575,4.77376651763916
2576,3.2501230239868164
2577,7.896021842956543
2578,5.048373699188232
2579,7.385008811950684
2580,6.389014720916748
2581,5.00369119644165
2582,5.269367218017578
2583,6.479692459106445
2584,5.624941825866699
2585,7.544445514678955
2586,4.443769931793213
2587,7.118895053863525
2588,5.290477275848389
2589,4.499517440795898
2590,7.803996562957764
2591,5.548772811889648
2592,6.954685688018799
2593,4.0519185066223145
2594,4.76469612121582
2595,3.2378275394439697
2596,7.885918617248535
2597,5.0397515296936035
2598,7.374410629272461
2599,6.379595756530762
2600,4.9937520027160645
2601,5.25868558883667
2602,6.4715256690979
2603,5.615872859954834
2604,7.536502838134766
2605,4.433831214904785
2606,7.111268043518066
2607,5.282296180725098
2608,4.491321563720703
2609,7.791794300079346
2610,5.538686275482178
2611,6.946107864379883
2612,4.041251182556152
2613,4.755543231964111
2614,3.2256155014038086
2615,7.876675605773926
2616,5.031109809875488
2617,7.362858295440674
2618,6.369851589202881
2619,4.983789920806885
2620,5.247371196746826
2621,6.462636470794678
2622,5.607532024383545
2623,7.529130458831787
2624,4.424211025238037
2625,7.103787899017334
2626,5.273911476135254
2627,4.483170986175537
2628,7.779653549194336
2629,5.528223514556885
2630,6.936940670013428
2631,4.031009674072266
2632,4.7466511726379395
2633,3.2133982181549072
2634,7.8661603927612305
2635,5.022639751434326
2636,7.352809906005859
2637,6.360445022583008
2638,4.973796367645264
2639,5.236022472381592
2640,6.452315807342529
2641,5.60058069229126
2642,7.524176597595215
2643,4.416874408721924
2644,7.105467796325684
2645,5.267188549041748
2646,4.475100040435791
2647,7.766988277435303
2648,5.519909858703613
2649,6.928005695343018
2650,4.01753044128418
2651,4.739207744598389
2652,3.19984769821167
2653,7.858465194702148
2654,5.015863418579102
2655,7.345466613769531
2656,6.351932525634766
2657,4.964231967926025
2658,5.2263054847717285
2659,6.4459123611450195
2660,5.591781139373779
2661,7.516011714935303
2662,4.406920909881592
2663,7.096648693084717
2664,5.260030269622803
2665,4.46716833114624
2666,7.756646156311035
2667,5.505794525146484
2668,6.919885158538818
2669,4.010853290557861
2670,4.7275800704956055
2671,3.18912672996521
2672,7.848220348358154
2673,5.0064544677734375
2674,7.334792137145996
2675,6.343225955963135
2676,4.954730987548828
2677,5.217597484588623
2678,6.441000461578369
2679,5.580680847167969
2680,7.506432056427002
2681,4.395351409912109
2682,7.082513809204102
2683,5.250010013580322
2684,4.459015846252441
2685,7.743669509887695
2686,5.496264934539795
2687,6.911349773406982
2688,4.001026630401611
2689,4.7180867195129395
2690,3.1777126789093018
2691,7.83756160736084
2692,4.996664524078369
2693,7.321146011352539
2694,6.333224296569824
2695,4.9449462890625
2696,5.206373691558838
2697,6.432601451873779
2698,5.572307109832764
2699,7.499063968658447
2700,4.38558292388916
2701,7.0737409591674805
2702,5.241309642791748
2703,4.4510416984558105
2704,7.731049060821533
2705,5.487063884735107
2706,6.902738094329834
2707,3.9903275966644287
2708,4.709419250488281
2709,3.1657445430755615
2710,7.827836990356445
2711,4.988081932067871
2712,7.309948444366455
2713,6.3237457275390625
2714,4.935295104980469
2715,5.195565700531006
2716,6.424376487731934
2717,5.564205646514893
2718,7.4921698570251465
2719,4.376405239105225
2720,7.067322731018066
2721,5.233513832092285
2722,4.443193435668945
2723,7.719045639038086
2724,5.477145195007324
2725,6.894155979156494
2726,3.98009991645813
2727,4.700559616088867
2728,3.1538522243499756
2729,7.818376064300537
2730,4.979787349700928
2731,7.299633502960205
2732,6.314584732055664
2733,4.925762176513672
2734,5.1852498054504395
2735,6.416784763336182
2736,5.555795192718506
2737,7.485109329223633
2738,4.367121696472168
2739,7.060622692108154
2740,5.2257399559021
2741,4.4353814125061035
2742,7.707076549530029
2743,5.467138290405273
2744,6.885678768157959
2745,3.9700522422790527
2746,4.691552639007568
2747,3.1420958042144775
2748,7.808969497680664
2749,4.971410274505615
2750,7.289113521575928
2751,6.3054280281066895
2752,4.916289806365967
2753,5.174976825714111
2754,6.4093122482299805
2755,5.547428131103516
2756,7.478064060211182
2757,4.35783052444458
2758,7.0536885261535645
2759,5.21792459487915
2760,4.427599906921387
2761,7.695024490356445
2762,5.457257270812988
2763,6.877311706542969
2764,3.9599740505218506
2765,4.682536602020264
2766,3.1304023265838623
2767,7.79966402053833
2768,4.963014602661133
2769,7.278467655181885
2770,6.296283721923828
2771,4.906874179840088
2772,5.16468620300293
2773,6.401852607727051
2774,5.539212226867676
2775,7.471154689788818
2776,4.348633766174316
2777,7.046884059906006
2778,5.2101850509643555
2779,4.419863224029541
2780,7.68296480178833
2781,5.447442531585693
2782,6.869039535522461
2783,3.9498841762542725
2784,4.673526763916016
2785,3.1187570095062256
2786,7.790502071380615
2787,4.954674243927002
2788,7.267866134643555
2789,6.287176132202148
2790,4.897526741027832
2791,5.154439926147461
2792,6.394467830657959
2793,5.531098365783691
2794,7.464349746704102
2795,4.33952522277832
2796,7.040231227874756
2797,5.202536106109619
2798,4.412173748016357
2799,7.670923709869385
2800,5.437662124633789
2801,6.860858917236328
2802,3.9398229122161865
2803,4.6645121574401855
2804,3.107173442840576
2805,7.781467437744141
2806,4.9463887214660645
2807,7.257300853729248
2808,6.278122901916504
2809,4.888246059417725
2810,5.144256114959717
2811,6.387173175811768
2812,5.523067951202393
2813,7.457630634307861
2814,4.330491065979004
2815,7.03367280960083
2816,5.194967269897461
2817,4.404533386230469
2818,7.658894062042236
2819,5.427919387817383
2820,6.852766513824463
2821,3.929786443710327
2822,4.655493259429932
2823,3.0956478118896484
2824,7.772547245025635
2825,4.938138008117676
2826,7.246758460998535
2827,6.269106388092041
2828,4.8790364265441895
2829,5.1341233253479
2830,6.379965782165527
2831,5.515122890472412
2832,7.451003551483154
2833,4.321528911590576
2834,7.02720832824707
2835,5.187474727630615
2836,4.396939277648926
2837,7.646875858306885
2838,5.418229103088379
2839,6.844755172729492
2840,3.9197826385498047
2841,4.646477222442627
2842,3.0841879844665527
2843,7.763734817504883
2844,4.929932594299316
2845,7.236226558685303
2846,6.260133266448975
2847,4.869894027709961
2848,5.124039173126221
2849,6.372837066650391
2850,5.507259845733643
2851,7.444469451904297
2852,4.31263542175293
2853,7.020815372467041
2854,5.1800537109375
2855,4.389396667480469
2856,7.634862422943115
2857,5.40859317779541
2858,6.836831569671631
2859,3.9098012447357178
2860,4.63747501373291
2861,3.0727901458740234
2862,7.755033493041992
2863,4.921777248382568
2864,7.225732803344727
2865,6.251198768615723
2866,4.8608269691467285
2867,5.1140055656433105
2868,6.36578893661499
2869,5.499490737915039
2870,7.4380316734313965
2871,4.3038201332092285
2872,7.014525890350342
2873,5.172712326049805
2874,4.381903171539307
2875,7.622867107391357
2876,5.399013996124268
2877,6.828986644744873
2878,3.8998537063598633
2879,4.628481864929199
2880,3.061457633972168
2881,7.746431827545166
2882,4.913670539855957
2883,7.2152509689331055
2884,6.242306232452393
2885,4.851832389831543
2886,5.10402774810791
2887,6.358810901641846
2888,5.491803169250488
2889,7.431683540344238
2890,4.295086860656738
2891,7.008355617523193
2892,5.165459632873535
2893,4.3744587898254395
2894,7.6108927726745605
2895,5.3894829750061035
2896,6.821227550506592
2897,3.8899431228637695
2898,4.619508743286133
2899,3.050192356109619
2900,7.737931728363037
2901,4.905606269836426
2902,7.204793453216553
2903,6.233450412750244
2904,4.8429155349731445
2905,5.094109058380127
2906,6.351922035217285
2907,5.48419189453125
2908,7.425416946411133
2909,4.2864179611206055
2910,7.0022430419921875
2911,5.158269882202148
2912,4.367070198059082
2913,7.598930358886719
2914,5.380013942718506
2915,6.813546657562256
2916,3.8800711631774902
2917,4.610551357269287
2918,3.0389955043792725
2919,7.729532718658447
2920,4.897597789764404
2921,7.194357872009277
2922,6.22463321685791
2923,4.834075450897217
2924,5.084244251251221
2925,6.345095157623291
2926,5.476675987243652
2927,7.419253349304199
2928,4.277834415435791
2929,6.9962568283081055
2930,5.1511735916137695
2931,4.359729290008545
2932,7.586994647979736
2933,5.370589733123779
2934,6.805942535400391
2935,3.870239019393921
2936,4.601617813110352
2937,3.0278656482696533
2938,7.721236228942871
2939,4.889647483825684
2940,7.183968544006348
2941,6.2158684730529785
2942,4.825318813323975
2943,5.074444770812988
2944,6.338363170623779
2945,5.469233989715576
2946,7.413167953491211
2947,4.269323825836182
2948,6.99035120010376
2949,5.144162178039551
2950,4.352445602416992
2951,7.575084686279297
2952,5.361225605010986
2953,6.798416614532471
2954,3.860457181930542
2955,4.592708587646484
2956,3.0168118476867676
2957,7.71302604675293
2958,4.8817458152771
2959,7.17358922958374
2960,6.20713996887207
2961,4.816639423370361
2962,5.064703464508057
2963,6.331685543060303
2964,5.4618730545043945
2965,7.40717077255249
2966,4.260885715484619
2967,6.984535217285156
2968,5.137228012084961
2969,4.345213413238525
2970,7.563187599182129
2971,5.351922988891602
2972,6.7909722328186035
2973,3.850715398788452
2974,4.583830833435059
2975,3.0058295726776123
2976,7.704919815063477
2977,4.873903274536133
2978,7.1632466316223145
2979,6.198452949523926
2980,4.808050155639648
2981,5.055019855499268
2982,6.325082778930664
2983,5.454601287841797
2984,7.401270389556885
2985,4.252533435821533
2986,6.978825569152832
2987,5.130380153656006
2988,4.3380327224731445
2989,7.551331043243408
2990,5.342674732208252
2991,6.783607006072998
2992,3.8410210609436035
2993,4.574977874755859
2994,2.9949228763580322
2995,7.696894645690918
2996,4.86611270904541
2997,7.152917861938477
2998,6.189809322357178
2999,4.79954195022583
3000,5.045407295227051
3001,6.3185553550720215
3002,5.447403430938721
3003,7.395442008972168
3004,4.244246959686279
3005,6.973166465759277
3006,5.123605728149414
3007,4.3309102058410645
3008,7.539484977722168
3009,5.333487510681152
3010,6.7763214111328125
3011,3.8313817977905273
3012,4.566161632537842
3013,2.984093189239502
3014,7.688964366912842
3015,4.858384609222412
3016,7.142621994018555
3017,6.181204319000244
3018,4.791127681732178
3019,5.0358452796936035
3020,6.312082767486572
3021,5.440299034118652
3022,7.389711380004883
3023,4.236050605773926
3024,6.967625141143799
3025,5.116921424865723
3026,4.323841094970703
3027,7.527676105499268
3028,5.324365615844727
3029,6.769114017486572
3030,3.821788787841797
3031,4.557377815246582
3032,2.9733407497406006
3033,7.68112325668335
3034,4.850715637207031
3035,7.132356643676758
3036,6.172647476196289
3037,4.782801151275635
3038,5.026355266571045
3039,6.305679798126221
3040,5.433272838592529
3041,7.38406229019165
3042,4.227932453155518
3043,6.962177753448486
3044,5.1103315353393555
3045,4.316827774047852
3046,7.515896797180176
3047,5.315293312072754
3048,6.76198148727417
3049,3.812256097793579
3050,4.548632621765137
3051,2.9626705646514893
3052,7.673376083374023
3053,4.843112468719482
3054,7.12212610244751
3055,6.164137363433838
3056,4.7745680809021
3057,5.016936779022217
3058,6.299351215362549
3059,5.426327705383301
3060,7.378493309020996
3061,4.219891548156738
3062,6.956804275512695
3063,5.103821277618408
3064,4.309871196746826
3065,7.504148483276367
3066,5.306283950805664
3067,6.7549333572387695
3068,3.8027830123901367
3069,4.539926052093506
3070,2.952082395553589
3071,7.665708541870117
3072,4.835561752319336
3073,7.111891746520996
3074,6.155661106109619
3075,4.7664265632629395
3076,5.0075764656066895
3077,6.293074607849121
3078,5.419473171234131
3079,7.373016834259033
3080,4.211927890777588
3081,6.95151424407959
3082,5.0973920822143555
3083,4.3029680252075195
3084,7.492427349090576
3085,5.297346115112305
3086,6.747962474822998
3087,3.7933597564697266
3088,4.531260967254639
3089,2.941575050354004
3090,7.658136367797852
3091,4.828088760375977
3092,7.101720333099365
3093,6.147241592407227
3094,4.758382797241211
3095,4.998292922973633
3096,6.286864757537842
3097,5.412698268890381
3098,7.3676300048828125
3099,4.2040581703186035
3100,6.946343898773193
3101,5.091066837310791
3102,4.296126842498779
3103,7.480751991271973
3104,5.288455009460449
3105,6.741073131561279
3106,3.7840147018432617
3107,4.522632122039795
3108,2.9311556816101074
3109,7.650641441345215
3110,4.820666790008545
3111,7.0915679931640625
3112,6.138863563537598
3113,4.7504401206970215
3114,4.989080429077148
3115,6.280722618103027
3116,5.405995845794678
3117,7.362307548522949
3118,4.196256160736084
3119,6.941208839416504
3120,5.084811687469482
3121,4.289340972900391
3122,7.4691057205200195
3123,5.279634475708008
3124,6.73425817489624
3125,3.7747244834899902
3126,4.5140485763549805
3127,2.920823335647583
3128,7.6432318687438965
3129,4.813310146331787
3130,7.0814313888549805
3131,6.130532741546631
3132,4.742593765258789
3133,4.979936599731445
3134,6.274636745452881
3135,5.399386882781982
3136,7.357082366943359
3137,4.188544750213623
3138,6.936183929443359
3139,5.0786519050598145
3140,4.282612323760986
3141,7.457492828369141
3142,5.27087926864624
3143,6.7275238037109375
3144,3.7654950618743896
3145,4.505519390106201
3146,2.910576105117798
3147,7.635908126831055
3148,4.806028842926025
3149,7.071340560913086
3150,6.122247219085693
3151,4.7348504066467285
3152,4.970866680145264
3153,6.2686052322387695
3154,5.392867088317871
3155,7.3519392013549805
3156,4.1809186935424805
3157,6.931268215179443
3158,5.072593688964844
3159,4.275942325592041
3160,7.4459333419799805
3161,5.262173652648926
3162,6.7208685874938965
3163,3.756343126296997
3164,4.497034072875977
3165,2.9004175662994385
3166,7.628671646118164
3167,4.798815727233887
3168,7.061287879943848
3169,6.114013195037842
3170,4.727210521697998
3171,4.961878299713135
3172,6.2626495361328125
3173,5.386416912078857
3174,7.346866130828857
3175,4.173370838165283
3176,6.9263997077941895
3177,5.066617965698242
3178,4.26933479309082
3179,7.434401988983154
3180,5.253540515899658
3181,6.714293479919434
3182,3.7472617626190186
3183,4.488595008850098
3184,2.8903536796569824
3185,7.621509552001953
3186,4.791665077209473
3187,7.051241397857666
3188,6.105822563171387
3189,4.719671726226807
3190,4.952953815460205
3191,6.256741046905518
3192,5.380058765411377
3193,7.341874599456787
3194,4.165900707244873
3195,6.921611309051514
3196,5.060722827911377
3197,4.262783050537109
3198,7.422918796539307
3199,5.244968414306641
3200,6.707789421081543
3201,3.738255500793457
3202,4.4802117347717285
3203,2.8803858757019043
3204,7.614411354064941
3205,4.784580707550049
3206,7.041232109069824
3207,6.097680568695068
3208,4.7122392654418945
3209,4.9441142082214355
3210,6.250890254974365
3211,5.3737640380859375
3212,7.3369574546813965
3213,4.158519268035889
3214,6.916903495788574
3215,5.0549397468566895
3216,4.2562971115112305
3217,7.411509037017822
3218,5.2364301681518555
3219,6.70132303237915
3220,3.729358196258545
3221,4.471890926361084
3222,2.870497226715088
3223,7.607320308685303
3224,4.7775559425354
3225,7.03126335144043
3226,6.089565277099609
3227,4.70488977432251
3228,4.93535041809082
3229,6.2451043128967285
3230,5.3674750328063965
3231,7.332058906555176
3232,4.151161193847656
3233,6.912177085876465
3234,5.0492048263549805
3235,4.249864101409912
3236,7.400125026702881
3237,5.227972030639648
3238,6.694871425628662
3239,3.7205393314361572
3240,4.4636664390563965
3241,2.860684394836426
3242,7.600221157073975
3243,4.770590782165527
3244,7.021307945251465
3245,6.081467628479004
3246,4.6976213455200195
3247,4.926641464233398
3248,6.23932409286499
3249,5.361242294311523
3250,7.327226161956787
3251,4.1438822746276855
3252,6.907561779022217
3253,5.043550491333008
3254,4.243487358093262
3255,7.3887834548950195
3256,5.219593048095703
3257,6.688445091247559
3258,3.711787223815918
3259,4.455537796020508
3260,2.850947141647339
3261,7.593118667602539
3262,4.76368522644043
3263,7.011372089385986
3264,6.073393821716309
3265,4.690438270568848
3266,4.9179911613464355
3267,6.2335734367370605
3268,5.355039596557617
3269,7.322425365447998
3270,4.136656284332275
3271,6.902982234954834
3272,5.037968635559082
3273,4.237161636352539
3274,7.377474784851074
3275,5.211276531219482
3276,6.682043552398682
3277,3.703115701675415
3278,4.4474921226501465
3279,2.8412857055664062
3280,7.586025714874268
3281,4.75684928894043
3282,7.001469612121582
3283,6.065345764160156
3284,4.683344841003418
3285,4.909413814544678
3286,6.227844715118408
3287,5.348884105682373
3288,7.317668914794922
3289,4.129491806030273
3290,6.898458480834961
3291,5.032456874847412
3292,4.230893135070801
3293,7.366206645965576
3294,5.203014850616455
3295,6.675674915313721
3296,3.694521188735962
3297,4.439531326293945
3298,2.8317067623138428
3299,7.578940391540527
3300,4.750068187713623
3301,6.991572856903076
3302,6.057328701019287
3303,4.676342964172363
3304,4.900895595550537
3305,6.2221360206604
3306,5.34276819229126
3307,7.312944412231445
3308,4.1223859786987305
3309,6.893965721130371
3310,5.027015209197998
3311,4.224673271179199
3312,7.354968070983887
3313,5.194822788238525
3314,6.669345378875732
3315,3.685999631881714
3316,4.431647300720215
3317,2.8222076892852783
3318,7.571878433227539
3319,4.7433576583862305
3320,6.981690883636475
3321,6.049337387084961
3322,4.669435501098633
3323,4.892434597015381
3324,6.216434955596924
3325,5.336714267730713
3326,7.3082709312438965
3327,4.115355491638184
3328,6.889545440673828
3329,5.021658897399902
3330,4.218503952026367
3331,7.3437700271606445
3332,5.1866774559021
3333,6.663057804107666
3334,3.6775619983673096
3335,4.423836708068848
3336,2.812793731689453
3337,7.564845085144043
3338,4.7367072105407715
3339,6.971840858459473
3340,6.041385173797607
3341,4.662629127502441
3342,4.884047031402588
3343,6.210756301879883
3344,5.33071756362915
3345,7.303639888763428
3346,4.108389854431152
3347,6.885196208953857
3348,5.016378879547119
3349,4.212385177612305
3350,7.332616329193115
3351,5.178588390350342
3352,6.656817436218262
3353,3.669200897216797
3354,4.416092395782471
3355,2.803466320037842
3356,7.557830810546875
3357,4.7301201820373535
3358,6.962005138397217
3359,6.033463001251221
3360,4.655918121337891
3361,4.875733852386475
3362,6.205101490020752
3363,5.324761867523193
3364,7.299040794372559
3365,4.101489543914795
3366,6.880865097045898
3367,5.011174201965332
3368,4.206315994262695
3369,7.321491241455078
3370,5.170552730560303
3371,6.650629997253418
3372,3.660919427871704
3373,4.408420562744141
3374,2.7942261695861816
3375,7.550846099853516
3376,4.723598003387451
3377,6.952185153961182
3378,6.025576114654541
3379,4.649311542510986
3380,4.867480278015137
3381,6.199453353881836
3382,5.318874359130859
3383,7.294484615325928
3384,4.094658851623535
3385,6.87660551071167
3386,5.006049156188965
3387,4.200302600860596
3388,7.310403823852539
3389,5.162570476531982
3390,6.644484043121338
3391,3.6527199745178223
3392,4.40081787109375
3393,2.78507661819458
3394,7.543889045715332
3395,4.717127323150635
3396,6.942368507385254
3397,6.017722129821777
3398,4.6428022384643555
3399,4.8592939376831055
3400,6.193822383880615
3401,5.313047885894775
3402,7.289970397949219
3403,4.08789587020874
3404,6.872367858886719
3405,5.0009965896606445
3406,4.194334506988525
3407,7.299354553222656
3408,5.154642581939697
3409,6.638397693634033
3410,3.644595146179199
3411,4.393286228179932
3412,2.7760140895843506
3413,7.536967754364014
3414,4.710724830627441
3415,6.932570457458496
3416,6.009903430938721
3417,4.63639497756958
3418,4.851175308227539
3419,6.18821907043457
3420,5.307277679443359
3421,7.2854838371276855
3422,4.081193447113037
3423,6.868160247802734
3424,4.996017932891846
3425,4.188417911529541
3426,7.288337230682373
3427,5.146764278411865
3428,6.632360935211182
3429,3.636556386947632
3430,4.385818004608154
3431,2.767042875289917
3432,7.5300726890563965
3433,4.704378604888916
3434,6.922788143157959
3435,6.002119541168213
3436,4.630094051361084
3437,4.8431267738342285
3438,6.182618141174316
3439,5.30157470703125
3440,7.2810540199279785
3441,4.07457160949707
3442,6.86402702331543
3443,4.991122245788574
3444,4.182552337646484
3445,7.277359962463379
3446,5.13894510269165
3447,6.626377105712891
3448,3.628591299057007
3449,4.378419876098633
3450,2.7581627368927
3451,7.523217678070068
3452,4.698099613189697
3453,6.91300630569458
3454,5.994373321533203
3455,4.623891353607178
3456,4.835142612457275
3457,6.1770405769348145
3458,5.295928478240967
3459,7.276656627655029
3460,4.068016052246094
3461,6.85991096496582
3462,4.98630428314209
3463,4.176735877990723
3464,7.266417980194092
3465,5.131173610687256
3466,6.620448589324951
3467,3.620710611343384
3468,4.371088027954102
3469,2.749375343322754
3470,7.516393661499023
3471,4.691876411437988
3472,6.903242111206055
3473,5.986664772033691
3474,4.617795467376709
3475,4.827233791351318
3476,6.1714768409729
3477,5.290342807769775
3478,7.272287845611572
3479,4.061522483825684
3480,6.855845928192139
3481,4.981560230255127
3482,4.170973777770996
3483,7.255513668060303
3484,5.123458385467529
3485,6.614576816558838
3486,3.612917423248291
3487,4.363821983337402
3488,2.740680694580078
3489,7.509603023529053
3490,4.685720920562744
3491,6.893498420715332
3492,5.978995323181152
3493,4.611802577972412
3494,4.819386959075928
3495,6.165924072265625
3496,5.284835338592529
3497,7.267983436584473
3498,4.055115699768066
3499,6.851847171783447
3500,4.97689962387085
3501,4.165262222290039
3502,7.244649410247803
3503,5.115797519683838
3504,6.608762741088867
3505,3.605196714401245
3506,4.356630325317383
3507,2.7320754528045654
3508,7.5028533935546875
3509,4.679622173309326
3510,6.883760452270508
3511,5.971362590789795
3512,4.60591983795166
3513,4.811611652374268
3514,6.160393714904785
3515,5.279382705688477
3516,7.263697147369385
3517,4.048770427703857
3518,6.84787130355835
3519,4.9723100662231445
3520,4.159600734710693
3521,7.233828544616699
3522,5.10818338394165
3523,6.603001594543457
3524,3.5975654125213623
3525,4.349498271942139
3526,2.7235679626464844
3527,7.496131896972656
3528,4.673587322235107
3529,6.874034404754639
3530,5.963772296905518
3531,4.60014009475708
3532,4.803908824920654
3533,6.154887676239014
3534,5.273991107940674
3535,7.259456634521484
3536,4.042501449584961
3537,6.843962669372559
3538,4.967811584472656
3539,4.153996467590332
3540,7.223038673400879
3541,5.100624084472656
3542,6.5972981452941895
3543,3.590017795562744
3544,4.342437267303467
3545,2.7151553630828857
3546,7.4894514083862305
3547,4.667613983154297
3548,6.864328861236572
3549,5.956221103668213
3550,4.594464302062988
3551,4.796278476715088
3552,6.149393558502197
3553,5.26867151260376
3554,7.255253314971924
3555,4.036297798156738
3556,6.8400559425354
3557,4.963377952575684
3558,4.148438930511475
3559,7.212294578552246
3560,5.093125343322754
3561,6.5916547775268555
3562,3.5825510025024414
3563,4.335441589355469
3564,2.7068350315093994
3565,7.482807636260986
3566,4.66169548034668
3567,6.8546223640441895
3568,5.948702335357666
3569,4.588895320892334
3570,4.788712501525879
3571,6.143916606903076
3572,5.26340913772583
3573,7.251089572906494
3574,4.03016471862793
3575,6.836190700531006
3576,4.9590229988098145
3577,4.142934799194336
3578,7.201584339141846
3579,5.085677146911621
3580,6.586068153381348
3581,3.575169801712036
3582,4.3285136222839355
3583,2.698612689971924
3584,7.476196765899658
3585,4.655843257904053
3586,6.844950199127197
3587,5.941228866577148
3588,4.583432674407959
3589,4.781227111816406
3590,6.138465404510498
3591,5.2582106590271
3592,7.246959686279297
3593,4.024105072021484
3594,6.832387924194336
3595,4.954754829406738
3596,4.137485027313232
3597,7.190920352935791
3598,5.078287124633789
3599,6.58053731918335
3600,3.567871570587158
3601,4.321657180786133
3602,2.6904854774475098
3603,7.469624996185303
3604,4.650044918060303
3605,6.83526611328125
3606,5.933794021606445
3607,4.578077793121338
3608,4.77379846572876
3609,6.133020877838135
3610,5.253096103668213
3611,7.242870807647705
3612,4.018120288848877
3613,6.828598499298096
3614,4.950572490692139
3615,4.132094383239746
3616,7.180325031280518
3617,5.070930480957031
3618,6.575036525726318
3619,3.5606822967529297
3620,4.31487512588501
3621,2.6824491024017334
3622,7.463035583496094
3623,4.644309043884277
3624,6.8256306648254395
3625,5.926396369934082
3626,4.57280969619751
3627,4.766461372375488
3628,6.127617359161377
3629,5.2479729652404785
3630,7.238787651062012
3631,4.012174606323242
3632,6.8248291015625
3633,4.9464497566223145
3634,4.126753807067871
3635,7.1697773933410645
3636,5.063636302947998
3637,6.569533824920654
3638,3.553584337234497
3639,4.308196544647217
3640,2.6744906902313232
3641,7.456417560577393
3642,4.638629913330078
3643,6.816006660461426
3644,5.919015884399414
3645,4.567625045776367
3646,4.75917387008667
3647,6.122218608856201
3648,5.2428717613220215
3649,7.234701633453369
3650,4.006270885467529
3651,6.821056842803955
3652,4.942378520965576
3653,4.121460914611816
3654,7.159265041351318
3655,5.056415557861328
3656,6.564045429229736
3657,3.5465688705444336
3658,4.301627159118652
3659,2.666612386703491
3660,7.449757099151611
3661,4.632993698120117
3662,6.806375980377197
3663,5.911655426025391
3664,4.562518119812012
3665,4.7519402503967285
3666,6.116819381713867
3667,5.237804889678955
3668,7.230636119842529
3669,4.000422477722168
3670,6.817307949066162
3671,4.938374996185303
3672,4.116214275360107
3673,7.148804664611816
3674,5.049252986907959
3675,6.558570861816406
3676,3.5396416187286377
3677,4.295156002044678
3678,2.6588165760040283
3679,7.443092346191406
3680,4.627419471740723
3681,6.796763896942139
3682,5.904321670532227
3683,4.557507514953613
3684,4.744770526885986
3685,6.111412525177002
3686,5.232776641845703
3687,7.226583957672119
3688,3.9946398735046387
3689,6.813624382019043
3690,4.9344611167907715
3691,4.111022472381592
3692,7.138410568237305
3693,5.042125225067139
3694,6.5531182289123535
3695,3.5328054428100586
3696,4.288775444030762
3697,2.651111602783203
3698,7.436429977416992
3699,4.621917247772217
3700,6.787207126617432
3701,5.897037982940674
3702,4.552597522735596
3703,4.737677097320557
3704,6.106003284454346
3705,5.227794647216797
3706,7.222527980804443
3707,3.9889261722564697
3708,6.809978008270264
3709,4.93062162399292
3710,4.10587739944458
3711,7.12806510925293
3712,5.035042762756348
3713,6.547704219818115
3714,3.526057481765747
3715,4.282477855682373
3716,2.643495559692383
3717,7.429762840270996
3718,4.616463661193848
3719,6.777645111083984
3720,5.8897809982299805
3721,4.547787666320801
3722,4.7306389808654785
3723,6.10058069229126
3724,5.222866058349609
3725,7.21848726272583
3726,3.983262538909912
3727,6.806334495544434
3728,4.926843643188477
3729,4.100772380828857
3730,7.117757320404053
3731,5.028010845184326
3732,6.542325019836426
3733,3.5193939208984375
3734,4.27625846862793
3735,2.6359734535217285
3736,7.423099517822266
3737,4.611056804656982
3738,6.768067836761475
3739,5.882558345794678
3740,4.5430803298950195
3741,4.723662853240967
3742,6.095155239105225
3743,5.217981338500977
3744,7.214439868927002
3745,3.977658271789551
3746,6.802670478820801
3747,4.923128128051758
3748,4.09570837020874
3749,7.107494354248047
3750,5.021030902862549
3751,6.536987781524658
3752,3.5128185749053955
3753,4.270127296447754
3754,2.6285417079925537
3755,7.416445732116699
3756,4.605714797973633
3757,6.758521556854248
3758,5.875373840332031
3759,4.538476467132568
3760,4.716745853424072
3761,6.089713096618652
3762,5.213168621063232
3763,7.210417747497559
3764,3.97212290763855
3765,6.799048900604248
3766,4.9194841384887695
3767,4.090691566467285
3768,7.097274303436279
3769,5.014096260070801
3770,6.531692981719971
3771,3.5063233375549316
3772,4.264072895050049
3773,2.6212034225463867
3774,7.409806728363037
3775,4.600419998168945
3776,6.748963356018066
3777,5.868222713470459
3778,4.533973217010498
3779,4.709893703460693
3780,6.084270477294922
3781,5.208403587341309
3782,7.206396579742432
3783,3.966639518737793
3784,6.795407772064209
3785,4.915893077850342
3786,4.085716247558594
3787,7.087095260620117
3788,5.0072150230407715
3789,6.526433944702148
3790,3.4999163150787354
3791,4.258090972900391
3792,2.6139609813690186
3793,7.403172016143799
3794,4.595169544219971
3795,6.739404678344727
3796,5.861108779907227
3797,4.529570579528809
3798,4.703100681304932
3799,6.078823089599609
3800,5.20369815826416
3801,7.202386379241943
3802,3.961228370666504
3803,6.791776657104492
3804,4.9123687744140625
3805,4.080784797668457
3806,7.07695198059082
3807,5.000385284423828
3808,6.521229267120361
3809,3.493591547012329
3810,4.252193927764893
3811,2.6068100929260254
3812,7.396559715270996
3813,4.589969158172607
3814,6.729841709136963
3815,5.854032516479492
3816,4.525270462036133
3817,4.696362018585205
3818,6.07336950302124
3819,5.199054718017578
3820,7.198391437530518
3821,3.955873966217041
3822,6.788155555725098
3823,4.908910751342773
3824,4.075899600982666
3825,7.066861152648926
3826,4.993610382080078
3827,6.516068458557129
3828,3.4873461723327637
3829,4.246373653411865
3830,2.5997512340545654
3831,7.389957427978516
3832,4.584828853607178
3833,6.72028923034668
3834,5.8469929695129395
3835,4.521069049835205
3836,4.6896891593933105
3837,6.067921161651611
3838,5.194475173950195
3839,7.194415092468262
3840,3.950585126876831
3841,6.784558296203613
3842,4.905522346496582
3843,4.0710577964782715
3844,7.056812286376953
3845,4.986869812011719
3846,6.510951519012451
3847,3.4811925888061523
3848,4.2406206130981445
3849,2.592787265777588
3850,7.383386611938477
3851,4.579742431640625
3852,6.710771560668945
3853,5.839998722076416
3854,4.51697301864624
3855,4.6830854415893555
3856,6.062480449676514
3857,5.189950942993164
3858,7.190451622009277
3859,3.9453635215759277
3860,6.78097677230835
3861,4.902202129364014
3862,4.066265106201172
3863,7.046810150146484
3864,4.980195045471191
3865,6.50588321685791
3866,3.4751157760620117
3867,4.234947681427002
3868,2.5859158039093018
3869,7.376826763153076
3870,4.574699401855469
3871,6.7012410163879395
3872,5.833040714263916
3873,4.512976169586182
3874,4.676535129547119
3875,6.057040214538574
3876,5.185488700866699
3877,7.186488151550293
3878,3.9401941299438477
3879,6.777381420135498
3880,4.898937702178955
3881,4.061513900756836
3882,7.036849498748779
3883,4.97356653213501
3884,6.50085973739624
3885,3.469125509262085
3886,4.229343891143799
3887,2.5791409015655518
3888,7.37028694152832
3889,4.569713592529297
3890,6.691720485687256
3891,5.82612419128418
3892,4.509082317352295
3893,4.670053958892822
3894,6.051602840423584
3895,5.181090354919434
3896,7.182558059692383
3897,3.9350955486297607
3898,6.773805141448975
3899,4.895742416381836
3900,4.05681037902832
3901,7.026925563812256
3902,4.966998100280762
3903,6.49589204788208
3904,3.46321177482605
3905,4.223822593688965
3906,2.5724568367004395
3907,7.36376953125
3908,4.564767360687256
3909,6.682186603546143
3910,5.819248676300049
3911,4.505284786224365
3912,4.663625240325928
3913,6.046174049377441
3914,5.176768779754639
3915,7.178647041320801
3916,3.9300663471221924
3917,6.770248889923096
3918,4.892604351043701
3919,4.052152156829834
3920,7.017049789428711
3921,4.960476875305176
3922,6.490972518920898
3923,3.4573848247528076
3924,4.218367576599121
3925,2.5658700466156006
3926,7.3572797775268555
3927,4.559874534606934
3928,6.672662258148193
3929,5.812408447265625
3930,4.501590251922607
3931,4.657262802124023
3932,6.040761470794678
3933,5.172491073608398
3934,7.174739837646484
3935,3.9250824451446533
3936,6.7666707038879395
3937,4.889523029327393
3938,4.047535419464111
3939,7.007208824157715
3940,4.9540181159973145
3941,6.486105918884277
3942,3.451636552810669
3943,4.212988376617432
3944,2.559372663497925
3945,7.350816249847412
3946,4.555026531219482
3947,6.663145065307617
3948,5.805612087249756
3949,4.497992515563965
3950,4.650956153869629
3951,6.035349369049072
3952,5.1682891845703125
3953,7.170860290527344
3954,3.920175552368164
3955,6.763106822967529
3956,4.886504650115967
3957,4.042969226837158
3958,6.997413158416748
3959,4.947609901428223
3960,6.481288433074951
3961,3.445967674255371
3962,4.207683563232422
3963,2.552973985671997
3964,7.344371318817139
3965,4.550221920013428
3966,6.653617858886719
3967,5.79885721206665
3968,4.494498252868652
3969,4.644705295562744
3970,6.029952526092529
3971,5.164152145385742
3972,7.166997909545898
3973,3.915322780609131
3974,6.759525775909424
3975,4.883543014526367
3976,4.038443088531494
3977,6.98765754699707
3978,4.9412617683410645
3979,6.476529121398926
3980,3.440385341644287
3981,4.2024455070495605
3982,2.546668529510498
3983,7.337957382202148
3984,4.545472621917725
3985,6.644107341766357
3986,5.792147159576416
3987,4.49110221862793
3988,4.638526916503906
3989,6.024564743041992
3990,5.160078048706055
3991,7.163159370422363
3992,3.910548210144043
3993,6.755993366241455
3994,4.880656719207764
3995,4.033970355987549
3996,6.97795295715332
3997,4.934967517852783
3998,6.471821308135986
3999,3.4348742961883545
4000,4.197283744812012
4001,2.5404562950134277
4002,7.331577777862549
4003,4.540773391723633
4004,6.634608268737793
4005,5.785475254058838
4006,4.487808704376221
4007,4.632436752319336
4008,6.019247055053711
4009,5.155971050262451
4010,7.159235954284668
4011,3.9057343006134033
4012,6.752192974090576
4013,4.87770938873291
4014,4.029514312744141
4015,6.968238830566406
4016,4.928751468658447
4017,6.467158317565918
4018,3.4294586181640625
4019,4.192189693450928
4020,2.5343408584594727
4021,7.325155258178711
4022,4.536060810089111
4023,6.624994277954102
4024,5.778825283050537
4025,4.4846014976501465
4026,4.626409530639648
4027,6.013942241668701
4028,5.151834964752197
4029,7.155201435089111
4030,3.9008772373199463
4031,6.7480669021606445
4032,4.8746747970581055
4033,4.02506160736084
4034,6.958489894866943
4035,4.9226274490356445
4036,6.462523460388184
4037,3.424112558364868
4038,4.187187671661377
4039,2.528320789337158
4040,7.318673610687256
4041,4.531325817108154
4042,6.615235805511475
4043,5.772177219390869
4044,4.481468200683594
4045,4.620391368865967
4046,6.008586883544922
4047,5.147718906402588
4048,7.151095390319824
4049,3.896007776260376
4050,6.743696212768555
4051,4.871572971343994
4052,4.0206122398376465
4053,6.948727607727051
4054,4.9165873527526855
4055,6.457915782928467
4056,3.418839693069458
4057,4.1822919845581055
4058,2.5223891735076904
4059,7.312132358551025
4060,4.526589870452881
4061,6.605369567871094
4062,5.765542984008789
4063,4.4784088134765625
4064,4.614396095275879
4065,6.003162860870361
4066,5.143640518188477
4067,7.146939277648926
4068,3.891158103942871
4069,6.739174842834473
4070,4.868448734283447
4071,4.01617431640625
4072,6.938966751098633
4073,4.91062068939209
4074,6.453332901000977
4075,3.413640022277832
4076,4.177494049072266
4077,2.516542673110962
4078,7.3055419921875
4079,4.521857261657715
4080,6.5954413414001465
4081,5.758935928344727
4082,4.475424289703369
4083,4.608432292938232
4084,5.997705459594727
4085,5.139595985412598
4086,7.14273738861084
4087,3.886324405670166
4088,6.734547138214111
4089,4.865315914154053
4090,4.011764049530029
4091,6.929234027862549
4092,4.904702663421631
4093,6.448767185211182
4094,3.408524990081787
4095,4.172793865203857
4096,2.510784149169922
4097,7.298908233642578
4098,4.517133712768555
4099,6.585451602935791
4100,5.752348899841309
4101,4.472517967224121
4102,4.602502822875977
4103,5.992213249206543
4104,5.135561943054199
4105,7.1384596824646
4106,3.88149356842041
4107,6.729731559753418
4108,4.862140655517578
4109,4.007360935211182
4110,6.9195027351379395
4111,4.8988542556762695
4112,6.444228649139404
4113,3.4034860134124756
4114,4.168182373046875
4115,2.505112886428833
4116,7.292226791381836
4117,4.512418270111084
4118,6.575409412384033
4119,5.745789527893066
4120,4.469682693481445
4121,4.5966081619262695
4122,5.986678600311279
4123,5.131557464599609
4124,7.1341142654418945
4125,3.876680612564087
4126,6.724796772003174
4127,4.858962059020996
4128,4.0029778480529785
4129,6.909801959991455
4130,4.893062114715576
4131,6.4397053718566895
4132,3.398524522781372
4133,4.163671970367432
4134,2.4995205402374268
4135,7.285503387451172
4136,4.507718086242676
4137,6.565321445465088
4138,5.739260673522949
4139,4.466918468475342
4140,4.590750217437744
4141,5.981105804443359
4142,5.1275811195373535
4143,7.129725456237793
4144,3.8718743324279785
4145,6.719725131988525
4146,4.855752468109131
4147,3.998612880706787
4148,6.900114059448242
4149,4.887325286865234
4150,6.435208320617676
4151,3.3936429023742676
4152,4.159246444702148
4153,2.494016170501709
4154,7.278733730316162
4155,4.503011226654053
4156,6.555177688598633
4157,5.732757568359375
4158,4.4642252922058105
4159,4.584924697875977
4160,5.975495338439941
4161,5.123615741729736
4162,7.125260829925537
4163,3.8670811653137207
4164,6.7144880294799805
4165,4.852507591247559
4166,3.994258403778076
4167,6.890442371368408
4168,4.8816423416137695
4169,6.430732250213623
4170,3.38883900642395
4171,4.154914855957031
4172,2.4885923862457275
4173,7.271916389465332
4174,4.498312950134277
4175,6.544979572296143
4176,5.726284027099609
4177,4.461601734161377
4178,4.579126358032227
4179,5.969849586486816
4180,5.119681358337402
4181,7.120742321014404
4182,3.862292766571045
4183,6.709140777587891
4184,4.8492584228515625
4185,3.9899234771728516
4186,6.880788326263428
4187,4.8760223388671875
4188,6.426278591156006
4189,3.384113311767578
4190,4.150670528411865
4191,2.483248472213745
4192,7.265069484710693
4193,4.493622779846191
4194,6.5347442626953125
4195,5.719844818115234
4196,4.459046363830566
4197,4.573365211486816
4198,5.964183807373047
4199,5.115760326385498
4200,7.116166591644287
4201,3.857517957687378
4202,6.703634262084961
4203,4.845968723297119
4204,3.9856059551239014
4205,6.87115478515625
4206,4.870457649230957
4207,6.421844482421875
4208,3.3794567584991455
4209,4.146511077880859
4210,2.4779856204986572
4211,7.258166313171387
4212,4.4889235496521
4213,6.52443790435791
4214,5.713437557220459
4215,4.456554889678955
4216,4.567640781402588
4217,5.9584784507751465
4218,5.111856937408447
4219,7.111515998840332
4220,3.8527324199676514
4221,6.697930335998535
4222,4.84262228012085
4223,3.981290340423584
4224,6.861522674560547
4225,4.864955902099609
4226,6.417438983917236
4227,3.3748831748962402
4228,4.14243221282959
4229,2.472801923751831
4230,7.251220226287842
4231,4.484224796295166
4232,6.514070510864258
4233,5.707055568695068
4234,4.454125881195068
4235,4.561938285827637
4236,5.952747821807861
4237,5.107968330383301
4238,7.106810569763184
4239,3.8479461669921875
4240,6.692070484161377
4241,4.839236259460449
4242,3.976990222930908
4243,6.851895809173584
4244,4.859518051147461
4245,6.413056373596191
4246,3.3703720569610596
4247,4.1384453773498535
4248,2.4676930904388428
4249,7.2442307472229
4250,4.479519367218018
4251,6.503644943237305
4252,5.700705051422119
4253,4.451756477355957
4254,4.556264400482178
4255,5.946987152099609
4256,5.1040873527526855
4257,7.102029800415039
4258,3.8431529998779297
4259,6.686040878295898
4260,4.835797309875488
4261,3.972698211669922
4262,6.842283248901367
4263,4.8541412353515625
4264,6.408697128295898
4265,3.3659355640411377
4266,4.134552001953125
4267,2.462660789489746
4268,7.237186431884766
4269,4.474802017211914
4270,6.493134498596191
4271,5.694385051727295
4272,4.449443817138672
4273,4.550630569458008
4274,5.941224098205566
4275,5.100183010101318
4276,7.097152233123779
4277,3.8383195400238037
4278,6.679738521575928
4279,4.832268714904785
4280,3.9684078693389893
4281,6.832653045654297
4282,4.848842620849609
4283,6.404351711273193
4284,3.3615736961364746
4285,4.130739212036133
4286,2.457698106765747
4287,7.230071067810059
4288,4.470059394836426
4289,6.482533931732178
4290,5.688092231750488
4291,4.447174549102783
4292,4.545017242431641
4293,5.935443878173828
4294,5.0962748527526855
4295,7.092206954956055
4296,3.8334548473358154
4297,6.673209190368652
4298,4.8286566734313965
4299,3.9641244411468506
4300,6.823016166687012
4301,4.843626499176025
4302,6.400028228759766
4303,3.357274055480957
4304,4.127021789550781
4305,2.452803611755371
4306,7.22288703918457
4307,4.465297222137451
4308,6.471848487854004
4309,5.681819438934326
4310,4.444953441619873
4311,4.539419651031494
4312,5.929642200469971
4313,5.092343807220459
4314,7.0871734619140625
4315,3.828551769256592
4316,6.666421890258789
4317,4.824929714202881
4318,3.959839344024658
4319,6.813353538513184
4320,4.838491916656494
4321,6.395712375640869
4322,3.353041887283325
4323,4.123392105102539
4324,2.44797420501709
4325,7.215627193450928
4326,4.460496425628662
4327,6.461040019989014
4328,5.675572395324707
4329,4.442766189575195
4330,4.533834934234619
4331,5.923820972442627
4332,5.0883989334106445
4333,7.082036972045898
4334,3.8235976696014404
4335,6.659355640411377
4336,4.821102619171143
4337,3.955552816390991
4338,6.803664684295654
4339,4.833439826965332
4340,6.391417026519775
4341,3.348871946334839
4342,4.119853496551514
4343,2.4432082176208496
4344,7.208293437957764
4345,4.455663681030273
4346,6.4501142501831055
4347,5.669342517852783
4348,4.440622329711914
4349,4.528263568878174
4350,5.917970657348633
4351,5.084445953369141
4352,7.076827049255371
4353,3.818603515625
4354,6.652032852172852
4355,4.817159652709961
4356,3.9512593746185303
4357,6.793950080871582
4358,4.8284711837768555
4359,6.387142181396484
4360,3.344759702682495
4361,4.116413593292236
4362,2.4385058879852295
4363,7.200881481170654
4364,4.450803279876709
4365,6.439089775085449
4366,5.663143157958984
4367,4.43851375579834
4368,4.522695541381836
4369,5.912089824676514
4370,5.08048677444458
4371,7.071531295776367
4372,3.813565731048584
4373,6.644423007965088
4374,4.813086032867432
4375,3.946955442428589
4376,6.784205913543701
4377,4.8235859870910645
4378,6.382884979248047
4379,3.3407111167907715
4380,4.113058567047119
4381,2.4338672161102295
4382,7.193389892578125
4383,4.445898532867432
4384,6.427943229675293
4385,5.656970024108887
4386,4.4364471435546875
4387,4.51714563369751
4388,5.906183242797852
4389,5.076489448547363
4390,7.0661211013793945
4391,3.808462142944336
4392,6.636505603790283
4393,4.808892250061035
4394,3.9426517486572266
4395,6.774444580078125
4396,4.81877326965332
4397,6.378643035888672
4398,3.3367269039154053
4399,4.1097869873046875
4400,2.4292893409729004
4401,7.185808181762695
4402,4.440946102142334
4403,6.416663646697998
4404,5.650821685791016
4405,4.434412479400635
4406,4.51160192489624
4407,5.900256156921387
4408,5.072454929351807
4409,7.060590744018555
4410,3.803288698196411
4411,6.62824010848999
4412,4.804538249969482
4413,3.938331127166748
4414,6.764630317687988
4415,4.814052104949951
4416,6.374419212341309
4417,3.3328068256378174
4418,4.106600761413574
4419,2.424767017364502
4420,7.178127765655518
4421,4.435937881469727
4422,6.405235767364502
4423,5.644700050354004
4424,4.432407855987549
4425,4.506047248840332
4426,5.894287586212158
4427,5.068393230438232
4428,7.054944038391113
4429,3.7980291843414307
4430,6.619594573974609
4431,4.800004959106445
4432,3.933992862701416
4433,6.754763603210449
4434,4.809426784515381
4435,6.370213508605957
4436,3.328939914703369
4437,4.103507041931152
4438,2.4203028678894043
4439,7.1703410148620605
4440,4.430866241455078
4441,6.393645763397217
4442,5.638601779937744
4443,4.430434226989746
4444,4.500494480133057
4445,5.888276100158691
4446,5.064289093017578
4447,7.049181938171387
4448,3.7926840782165527
4449,6.610584735870361
4450,4.795294284820557
4451,3.929638624191284
4452,6.7448506355285645
4453,4.80488920211792
4454,6.366023063659668
4455,3.3251354694366455
4456,4.100469589233398
4457,2.415898561477661
4458,7.162379264831543
4459,4.425631523132324
4460,6.381654739379883
4461,5.632503032684326
4462,4.428483009338379
4463,4.494905948638916
4464,5.8822455406188965
4465,5.060087203979492
4466,7.043202877044678
4467,3.787132501602173
4468,6.600780963897705
4469,4.7901997566223145
4470,3.9252195358276367
4471,6.734744548797607
4472,4.800515651702881
4473,6.36189079284668
4474,3.3213701248168945
4475,4.097479343414307
4476,2.4115638732910156
4477,7.154208660125732
4478,4.420158863067627
4479,6.369071006774902
4480,5.626382827758789
4481,4.426558971405029
4482,4.48923397064209
4483,5.8761887550354
4484,5.055774211883545
4485,7.036985874176025
4486,3.781310558319092
4487,6.589956760406494
4488,4.7845845222473145
4489,3.920715570449829
4490,6.724367141723633
4491,4.796360969543457
4492,6.357847690582275
4493,3.317626714706421
4494,4.094559192657471
4495,2.407287359237671
4496,7.145844459533691
4497,4.414474010467529
4498,6.355937480926514
4499,5.620250225067139
4500,4.424649715423584
4501,4.483487606048584
4502,5.870088577270508
4503,5.051366806030273
4504,7.030550956726074
4505,3.7752225399017334
4506,6.578195571899414
4507,4.778499126434326
4508,3.916137456893921
4509,6.713738441467285
4510,4.79240083694458
4511,6.353870391845703
4512,3.3139164447784424
4513,4.091720104217529
4514,2.403061866760254
4515,7.137279510498047
4516,4.408593654632568
4517,6.342309951782227
4518,5.6141228675842285
4519,4.422759056091309
4520,4.4776716232299805
4521,5.863938808441162
4522,5.0468363761901855
4523,7.023869037628174
4524,3.768876552581787
4525,6.565506935119629
4526,4.771924018859863
4527,3.9114890098571777
4528,6.702868461608887
4529,4.788647651672363
4530,6.349946975708008
4531,3.3102359771728516
4532,4.088967800140381
4533,2.3988771438598633
4534,7.12849760055542
4535,4.402517318725586
4536,6.328201770782471
4537,5.60800838470459
4538,4.420878887176514
4539,4.471776962280273
4540,5.857722282409668
4541,5.0421671867370605
4542,7.016941547393799
4543,3.762256622314453
4544,6.551898956298828
4545,4.764873027801514
4546,3.9067859649658203
4547,6.6917829513549805
4548,4.785083770751953
4549,6.346060752868652
4550,3.3065929412841797
4551,4.086160182952881
4552,2.3947808742523193
4553,7.119118690490723
4554,4.39573860168457
4555,6.312435150146484
4556,5.601808547973633
4557,4.419017314910889
4558,4.465629577636719
4559,5.85137414932251
4560,5.037093162536621
4561,7.009261608123779
4562,3.7547900676727295
4563,6.535365581512451
4564,4.756331920623779
4565,3.9018092155456543
4566,6.679875373840332
4567,4.781996250152588
4568,6.342390537261963
4569,3.3029236793518066
4570,4.083311557769775
4571,2.3907880783081055
4572,7.109035968780518
4573,4.388093948364258
4574,6.294610500335693
4575,5.5955281257629395
4576,4.4171833992004395
4577,4.459100723266602
4578,5.844743728637695
4579,5.0315632820129395
4580,7.000681400299072
4581,3.7463219165802
4582,6.51539945602417
4583,4.74601936340332
4584,3.8965306282043457
4585,6.6670145988464355
4586,4.779469966888428
4587,6.338944911956787
4588,3.299097776412964
4589,4.080809593200684
4590,2.386781930923462
4591,7.098572254180908
4592,4.380127429962158
4593,6.275936126708984
4594,5.58928918838501
4595,4.415318012237549
4596,4.45220947265625
4597,5.837453842163086
4598,5.025961875915527
4599,6.991549968719482
4600,3.7374682426452637
4601,6.494081020355225
4602,4.734941005706787
4603,3.8911383152008057
4604,6.653886795043945
4605,4.777064323425293
4606,6.335421562194824
4607,3.2952864170074463
4608,4.078517436981201
4609,2.382744312286377
4610,7.087500095367432
4611,4.371840000152588
4612,6.25674295425415
4613,5.583150386810303
4614,4.413400173187256
4615,4.4450764656066895
4616,5.829522609710693
4617,5.020030498504639
4618,6.981700420379639
4619,3.728180170059204
4620,6.471402645111084
4621,4.723127365112305
4622,3.8856616020202637
4623,6.640614032745361
4624,4.774705410003662
4625,6.331729412078857
4626,3.2915360927581787
4627,4.076389789581299
4628,2.3786725997924805
4629,7.075746059417725
4630,4.363214015960693
4631,6.237086296081543
4632,5.577146053314209
4633,4.4114203453063965
4634,4.437722206115723
4635,5.820974349975586
4636,5.013664245605469
4637,6.97106409072876
4638,3.7183985710144043
4639,6.447314262390137
4640,4.7105607986450195
4641,3.880143165588379
4642,6.627209186553955
4643,4.772414207458496
4644,6.3278608322143555
4645,3.2878165245056152
4646,4.074570178985596
4647,2.3745198249816895
4648,7.063481330871582
4649,4.354497909545898
4650,6.217474460601807
4651,5.571318626403809
4652,4.409369945526123
4653,4.430208206176758
4654,5.811816692352295
4655,5.007046222686768
4656,6.959916591644287
4657,3.7084219455718994
4658,6.422773361206055
4659,4.697701930999756
4660,3.87467098236084
4661,6.613944053649902
4662,4.7700605392456055
4663,6.323763370513916
4664,3.2839901447296143
4665,4.073518753051758
4666,2.370159387588501
4667,7.051498889923096
4668,4.346589088439941
4669,6.199793338775635
4670,5.565727710723877
4671,4.407269477844238
4672,4.422731876373291
4673,5.802077770233154
4674,5.001051425933838
4675,6.949362277984619
4676,3.6994402408599854
4677,6.401487827301025
4678,4.686400413513184
4679,3.8694827556610107
4680,6.601754665374756
4681,4.7670817375183105
4682,6.319305419921875
4683,3.2803843021392822
4684,4.072443008422852
4685,2.365816354751587
4686,7.039339542388916
4687,4.33875036239624
4688,6.182517051696777
4689,5.5603485107421875
4690,4.405246257781982
4691,4.415442943572998
4692,5.7924275398254395
4693,4.994767189025879
4694,6.93867826461792
4695,3.690376043319702
4696,6.3801188468933105
4697,4.67509651184082
4698,3.8644583225250244
4699,6.589714050292969
4700,4.764162540435791
4701,6.314875602722168
4702,3.276866912841797
4703,4.071585178375244
4704,2.3614490032196045
4705,7.027332782745361
4706,4.33123779296875
4707,6.166017055511475
4708,5.555174827575684
4709,4.403258323669434
4710,4.40827751159668
4711,5.7827935218811035
4712,4.98856782913208
4713,6.928211212158203
4714,3.6815848350524902
4715,6.359743118286133
4716,4.664262771606445
4717,3.859635591506958
4718,6.578079700469971
4719,4.761170387268066
4720,6.3103437423706055
4721,3.2734951972961426
4722,4.070891857147217
4723,2.357063055038452
4724,7.01535701751709
4725,4.323988914489746
4726,6.150236129760742
4727,5.550179958343506
4728,4.401284217834473
4729,4.401247024536133
4730,5.773190975189209
4731,4.982337951660156
4732,6.917876243591309
4733,3.672961711883545
4734,6.340076923370361
4735,4.653763294219971
4736,3.8549890518188477
4737,6.566793441772461
4738,4.7581305503845215
4739,6.305707931518555
4740,3.27028226852417
4741,4.070308685302734
4742,2.3526813983917236
4743,7.003333568572998
4744,4.316890716552734
4745,6.13490629196167
4746,5.545357704162598
4747,4.399334907531738
4748,4.394346714019775
4749,5.763658046722412
4750,4.975973129272461
4751,6.907553195953369
4752,3.664367914199829
4753,6.320635795593262
4754,4.643390655517578
4755,3.850505828857422
4756,6.55573844909668
4757,4.75514030456543
4758,6.301034450531006
4759,3.267207145690918
4760,4.069832801818848
4761,2.3483121395111084
4762,6.991227626800537
4763,4.309861183166504
4764,6.119839668273926
4765,5.540717124938965
4766,4.397422790527344
4767,4.387526988983154
4768,5.754180908203125
4769,4.969468116760254
4770,6.897220134735107
4771,3.65571665763855
4772,6.301167011260986
4773,4.632994174957275
4774,3.846181869506836
4775,6.544818878173828
4776,4.752263069152832
4777,6.296339988708496
4778,3.264270544052124
4779,4.06946325302124
4780,2.3439581394195557
4781,6.97900390625
4782,4.302863597869873
4783,6.104902744293213
4784,5.536263942718506
4785,4.395547389984131
4786,4.3807692527771
4787,5.74476432800293
4788,4.962764739990234
4789,6.886814117431641
4790,3.646937370300293
4791,6.28143310546875
4792,4.622460842132568
4793,3.842019557952881
4794,6.533979415893555
4795,4.749560832977295
4796,6.291653156280518
4797,3.2614476680755615
4798,4.069231033325195
4799,2.3396170139312744
4800,6.966639041900635
4801,4.295864105224609
4802,6.090023994445801
4803,5.532001495361328
4804,4.3937177658081055
4805,4.374046325683594
4806,5.735384941101074
4807,4.955862522125244
4808,6.876319885253906
4809,3.6380114555358887
4810,6.261357307434082
4811,4.611738204956055
4812,3.838040828704834
4813,6.523207187652588
4814,4.747049331665039
4815,6.286977291107178
4816,3.2587554454803467
4817,4.0691237449646
4818,2.335284471511841
4819,6.954094409942627
4820,4.288845062255859
4821,6.075142860412598
4822,5.5279412269592285
4823,4.391936779022217
4824,4.3673601150512695
4825,5.72603178024292
4826,4.948704242706299
4827,6.86569881439209
4828,3.6288774013519287
4829,6.240777492523193
4830,4.600758075714111
4831,3.8342504501342773
4832,6.5124664306640625
4833,4.744776248931885
4834,6.2823076248168945
4835,3.25618314743042
4836,4.069169998168945
4837,2.3309543132781982
4838,6.9413371086120605
4839,4.281776428222656
4840,6.060235500335693
4841,5.524110794067383
4842,4.390199184417725
4843,4.360676288604736
4844,5.716673851013184
4845,4.94128942489624
4846,6.854933261871338
4847,3.619513511657715
4848,6.219651699066162
4849,4.589511394500732
4850,3.830677032470703
4851,6.501767158508301
4852,4.74275016784668
4853,6.277649879455566
4854,3.253736734390259
4855,4.0693817138671875
4856,2.3266243934631348
4857,6.9283318519592285
4858,4.274661064147949
4859,6.045274257659912
4860,5.520509719848633
4861,4.388514995574951
4862,4.353995323181152
4863,5.707298755645752
4864,4.933585166931152
4865,6.844010829925537
4866,3.6099135875701904
4867,6.197950839996338
4868,4.57796573638916
4869,3.8273420333862305
4870,6.4911088943481445
4871,4.7409844398498535
4872,6.272974967956543
4873,3.2514278888702393
4874,4.069765567779541
4875,2.3222882747650146
4876,6.915067672729492
4877,4.267505645751953
4878,6.030299663543701
4879,5.51715612411499
4880,4.386874198913574
4881,4.347317218780518
4882,5.697892189025879
4883,4.925563335418701
4884,6.832920074462891
4885,3.600062847137451
4886,6.175663948059082
4887,4.5661301612854
4888,3.824263095855713
4889,6.480513572692871
4890,4.739495277404785
4891,6.2682905197143555
4892,3.2492599487304688
4893,4.070339679718018
4894,2.3179402351379395
4895,6.9015021324157715
4896,4.2602996826171875
4897,6.015292167663574
4898,5.514067649841309
4899,4.3852763175964355
4900,4.340648651123047
4901,5.68845272064209
4902,4.917174339294434
4903,6.821632385253906
4904,3.58992862701416
4905,6.152768611907959
4906,4.55399751663208
4907,3.8214805126190186
4908,6.46999454498291
4909,4.738285541534424
4910,6.26355504989624
4911,3.2472503185272217
4912,4.071124076843262
4913,2.3135738372802734
4914,6.88761568069458
4915,4.253058433532715
4916,6.000303745269775
4917,5.51125431060791
4918,4.383699893951416
4919,4.334003448486328
4920,5.6790289878845215
4921,4.908280372619629
4922,6.810093879699707
4923,3.579446792602539
4924,6.129106521606445
4925,4.541513919830322
4926,3.8190412521362305
4927,6.459555149078369
4928,4.737421035766602
4929,6.258732318878174
4930,3.245408058166504
4931,4.072144031524658
4932,2.3091704845428467
4933,6.873327255249023
4934,4.245759010314941
4935,5.985332489013672
4936,5.508725166320801
4937,4.382133960723877
4938,4.3273491859436035
4939,5.669577598571777
4940,4.89892578125
4941,6.798359394073486
4942,3.568652868270874
4943,6.104841709136963
4944,4.528748989105225
4945,3.8169820308685303
4946,6.449233055114746
4947,4.736908435821533
4948,6.253816604614258
4949,3.243736982345581
4950,4.073446273803711
4951,2.304720878601074
4952,6.858637809753418
4953,4.238431453704834
4954,5.970407485961914
4955,5.506515979766846
4956,4.380598068237305
4957,4.320678234100342
4958,5.660063743591309
4959,4.889126300811768
4960,6.7864298820495605
4961,3.5575499534606934
4962,6.079930305480957
4963,4.515686988830566
4964,3.8153364658355713
4965,6.4390387535095215
4966,4.7367658615112305
4967,6.248816013336182
4968,3.2422547340393066
4969,4.075028896331787
4970,2.3002336025238037
4971,6.843532085418701
4972,4.231166362762451
4973,5.955948829650879
4974,5.5045166015625
4975,4.378965854644775
4976,4.314101696014404
4977,5.650623321533203
4978,4.878322601318359
4979,6.773979663848877
4980,3.545825242996216
4981,6.053670406341553
4982,4.502089500427246
4983,3.814173936843872
4984,6.429032325744629
4985,4.736921310424805
4986,6.243505001068115
4987,3.241034507751465
4988,4.076912879943848
4989,2.295694589614868
4990,6.827704429626465
4991,4.22382116317749
4992,5.941681385040283
4993,5.50281286239624
4994,4.377408981323242
4995,4.307185173034668
4996,5.640351295471191
4997,4.868537902832031
4998,6.762173652648926
4999,3.5348498821258545
5000,6.029652118682861
5001,4.489445686340332
5002,3.8131539821624756
5003,6.419684886932373
5004,4.736983299255371
5005,6.238048553466797
5006,3.240020990371704
5007,4.079211235046387
5008,2.2911059856414795
5009,6.811961650848389
5010,4.216859817504883
5011,5.928310871124268
5012,5.501281261444092
5013,4.375962734222412
5014,4.300268650054932
5015,5.629751205444336
5016,4.859978199005127
5017,6.751363754272461
5018,3.524994134902954
5019,6.008845806121826
5020,4.478341102600098
5021,3.812051296234131
5022,6.411126136779785
5023,4.73653507232666
5024,6.2324700355529785
5025,3.239179849624634
5026,4.08160400390625
5027,2.286564350128174
5028,6.796847343444824
5029,4.210495471954346
5030,5.91623067855835
5031,5.499722003936768
5032,4.374809265136719
5033,4.293201446533203
5034,5.618641376495361
5035,4.853987693786621
5036,6.742250919342041
5037,3.5169215202331543
5038,5.992585182189941
5039,4.469271183013916
5040,3.810640335083008
5041,6.403270721435547
5042,4.735493183135986
5043,6.22733736038208
5044,3.2383875846862793
5045,4.0838727951049805
5046,2.2821948528289795
5047,6.783133029937744
5048,4.204858303070068
5049,5.905361175537109
5050,5.498122215270996
5051,4.374142646789551
5052,4.28641939163208
5053,5.607928276062012
5054,4.849462985992432
5055,6.734323024749756
5056,3.5098941326141357
5057,5.978538990020752
5058,4.4613165855407715
5059,3.809174060821533
5060,6.395623207092285
5061,4.7341742515563965
5062,6.2229743003845215
5063,3.2375807762145996
5064,4.085646629333496
5065,2.2781484127044678
5066,6.77083683013916
5067,4.199678421020508
5068,5.8949971199035645
5069,5.496614933013916
5070,4.374026775360107
5071,4.279809951782227
5072,5.597315788269043
5073,4.847628593444824
5074,6.728189945220947
5075,3.5046794414520264
5076,5.968478679656982
5077,4.455171585083008
5078,3.8072218894958496
5079,6.3881964683532715
5080,4.732491970062256
5081,6.220187187194824
5082,3.236645460128784
5083,4.087161064147949
5084,2.2743866443634033
5085,6.760512828826904
5086,4.195112705230713
5087,5.885137557983398
5088,5.495216369628906
5089,4.374668121337891
5090,4.273553371429443
5091,5.586986541748047
5092,4.847173690795898
5093,6.722939968109131
5094,3.500340700149536
5095,5.959666728973389
5096,4.449636936187744
5097,3.805046558380127
5098,6.380814075469971
5099,4.730104923248291
5100,6.218265056610107
5101,3.2356722354888916
5102,4.087787628173828
5103,2.271085023880005
5104,6.7515153884887695
5105,4.190845012664795
5106,5.875675201416016
5107,5.493760108947754
5108,4.375685214996338
5109,4.267855644226074
5110,5.577268600463867
5111,4.847114562988281
5112,6.718215465545654
5113,3.496629238128662
5114,5.952050685882568
5115,4.444803237915039
5116,3.802586078643799
5117,6.373547077178955
5118,4.727334976196289
5119,6.217128276824951
5120,3.234666347503662
5121,4.088010311126709
5122,2.2680373191833496
5123,6.743602275848389
5124,4.186872959136963
5125,5.86647891998291
5126,5.49237060546875
5127,4.3770432472229
5128,4.262434005737305
5129,5.567930221557617
5130,4.848208904266357
5131,6.714395999908447
5132,3.49379301071167
5133,5.946327209472656
5134,4.440890789031982
5135,3.7999212741851807
5136,6.366468906402588
5137,4.724067687988281
5138,6.21629524230957
5139,3.2336151599884033
5140,4.087690353393555
5141,2.265254259109497
5142,6.736757278442383
5143,4.183211326599121
5144,5.857712745666504
5145,5.4908952713012695
5146,4.378560543060303
5147,4.257494926452637
5148,5.559541702270508
5149,4.849443435668945
5150,6.711069583892822
5151,3.491314649581909
5152,5.941351413726807
5153,4.437466144561768
5154,3.7972631454467773
5155,6.359448432922363
5156,4.720508575439453
5157,6.215672016143799
5158,3.2324917316436768
5159,4.0867919921875
5160,2.262726068496704
5161,6.73073673248291
5162,4.179751873016357
5163,5.8492255210876465
5164,5.489350318908691
5165,4.380162239074707
5166,4.252988338470459
5167,5.5521135330200195
5168,4.850595951080322
5169,6.708106517791748
5170,3.489025831222534
5171,5.936717510223389
5172,4.434352874755859
5173,3.794700860977173
5174,6.352423667907715
5175,4.716878890991211
5176,6.215230464935303
5177,3.2313144207000732
5178,4.085485935211182
5179,2.2603940963745117
5180,6.725346088409424
5181,4.176443576812744
5182,5.8409318923950195
5183,5.487781524658203
5184,4.3818206787109375
5185,4.248819351196289
5186,5.545482158660889
5187,4.851673126220703
5188,6.705423831939697
5189,3.486849546432495
5190,5.932300090789795
5191,4.431457042694092
5192,3.7922756671905518
5193,6.34538459777832
5194,4.713339328765869
5195,6.214982986450195
5196,3.230100393295288
5197,4.0839338302612305
5198,2.258206844329834
5199,6.720450401306152
5200,4.173255920410156
5201,5.832756042480469
5202,5.486252307891846
5203,4.383557319641113
5204,4.244898319244385
5205,5.539485454559326
5206,4.852760314941406
5207,6.702995777130127
5208,3.4847638607025146
5209,5.927982807159424
5210,4.428668975830078
5211,3.7900261878967285
5212,6.338283061981201
5213,4.710022449493408
5214,6.214984893798828
5215,3.2288641929626465
5216,4.082244873046875
5217,2.2561306953430176
5218,6.715924263000488
5219,4.170150279998779
5220,5.824594974517822
5221,5.48479700088501
5222,4.3853960037231445
5223,4.241164684295654
5224,5.533999443054199
5225,4.853943347930908
5226,6.7008185386657715
5227,3.4827611446380615
5228,5.923742771148682
5229,4.425980567932129
5230,3.787952423095703
5231,6.3311076164245605
5232,4.706974506378174
5233,6.215271949768066
5234,3.2276227474212646
5235,4.080489158630371
5236,2.2541513442993164
5237,6.711740016937256
5238,4.167104244232178
5239,5.816390037536621
5240,5.483469009399414
5241,4.387389659881592
5242,4.237568378448486
5243,5.528916835784912
5244,4.855330467224121
5245,6.698873519897461
5246,3.4808192253112793
5247,5.919460296630859
5248,4.423293590545654
5249,3.7860794067382812
5250,6.323814868927002
5251,4.704281330108643
5252,6.215922832489014
5253,3.2263901233673096
5254,4.07868766784668
5255,2.252263307571411
5256,6.707860946655273
5257,4.1641011238098145
5258,5.808058261871338
5259,5.482317924499512
5260,4.389586925506592
5261,4.234091281890869
5262,5.524148941040039
5263,4.856988906860352
5264,6.697179794311523
5265,3.4789700508117676
5266,5.91515588760376
5267,4.4206013679504395
5268,3.784409999847412
5269,6.316395282745361
5270,4.70194673538208
5271,6.2169928550720215
5272,3.2251789569854736
5273,4.076869010925293
5274,2.250469207763672
5275,6.704280853271484
5276,4.161130428314209
5277,5.799556732177734
5278,5.48136043548584
5279,4.392033100128174
5280,4.230710506439209
5281,5.519628047943115
5282,4.859005928039551
5283,6.6957316398620605
5284,3.4772114753723145
5285,5.910797119140625
5286,4.417887210845947
5287,3.782928466796875
5288,6.308829307556152
5289,4.699976921081543
5290,6.218519687652588
5291,3.223996162414551
5292,4.075033187866211
5293,2.24877667427063
5294,6.70100212097168
5295,4.158185005187988
5296,5.790871620178223
5297,5.48061990737915
5298,4.394766330718994
5299,4.2274298667907715
5300,5.515334129333496
5301,4.861435890197754
5302,6.694545745849609
5303,3.4755685329437256
5304,5.906390190124512
5305,4.415147304534912
5306,3.781644344329834
5307,6.301087856292725
5308,4.698530673980713
5309,6.220746994018555
5310,3.2228901386260986
5311,4.073329925537109
5312,2.247157335281372
5313,6.6980180740356445
5314,4.155252933502197
5315,5.7818603515625
5316,5.480221748352051
5317,4.397920608520508
5318,4.224183082580566
5319,5.511050701141357
5320,4.864591598510742
5321,6.693681716918945
5322,3.474090099334717
5323,5.901941299438477
5324,4.41231632232666
5325,3.78056001663208
5326,6.293155670166016
5327,4.697561264038086
5328,6.223664283752441
5329,3.2218847274780273
5330,4.0716938972473145
5331,2.2456443309783936
5332,6.6953206062316895
5333,4.152334213256836
5334,5.772599220275879
5335,5.480108737945557
5336,4.401454448699951
5337,4.221028804779053
5338,5.506839752197266
5339,4.868253231048584
5340,6.6930389404296875
5341,3.47273325920105
5342,5.897395133972168
5343,4.409413814544678
5344,3.7796428203582764
5345,6.28508996963501
5346,4.696928024291992
5347,6.227147102355957
5348,3.220975399017334
5349,4.070061206817627
5350,2.2442495822906494
5351,6.692872047424316
5352,4.149427890777588
5353,5.763121128082275
5354,5.480269432067871
5355,4.405362606048584
5356,4.21798038482666
5357,5.5026936531066895
5358,4.872405529022217
5359,6.692620277404785
5360,3.471498966217041
5361,5.892753601074219
5362,4.406443119049072
5363,3.7788755893707275
5364,6.276905059814453
5365,4.6965813636779785
5366,6.231170177459717
5367,3.220187187194824
5368,4.068431377410889
5369,2.242969274520874
5370,6.690663814544678
5371,4.14653205871582
5372,5.753493309020996
5373,5.480632305145264
5374,4.409570217132568
5375,4.215083599090576
5376,5.498660564422607
5377,4.876718044281006
5378,6.692227363586426
5379,3.4701828956604004
5380,5.887594699859619
5381,4.403199672698975
5382,3.778343677520752
5383,6.268581390380859
5384,4.696512699127197
5385,6.235462188720703
5386,3.2195019721984863
5387,4.06664514541626
5388,2.24182391166687
5389,6.6884002685546875
5390,4.143566608428955
5391,5.743771553039551
5392,5.481123447418213
5393,4.413878917694092
5394,4.212329387664795
5395,5.494731426239014
5396,4.88048791885376
5397,6.691450119018555
5398,3.468364715576172
5399,5.880979061126709
5400,4.399266719818115
5401,3.7782106399536133
5402,6.260096549987793
5403,4.696908950805664
5404,6.239849090576172
5405,3.218963146209717
5406,4.064817428588867
5407,2.2407360076904297
5408,6.685621738433838
5409,4.140430450439453
5410,5.733936786651611
5411,5.481820583343506
5412,4.418175220489502
5413,4.209614276885986
5414,5.490614891052246
5415,4.883730411529541
5416,6.69026517868042
5417,3.4662139415740967
5418,5.873663425445557
5419,4.394966125488281
5420,3.77824068069458
5421,6.251755237579346
5422,4.697538375854492
5423,6.24418306350708
5424,3.2186388969421387
5425,4.0632853507995605
5426,2.239577293395996
5427,6.682308673858643
5428,4.137214660644531
5429,5.724191188812256
5430,5.482711315155029
5431,4.422442436218262
5432,4.206872463226318
5433,5.48612117767334
5434,4.886781692504883
5435,6.688789367675781
5436,3.4638686180114746
5437,5.866023540496826
5438,4.390416622161865
5439,3.778362274169922
5440,6.243619918823242
5441,4.69834041595459
5442,6.2484331130981445
5443,3.2185466289520264
5444,4.062104225158691
5445,2.2383317947387695
5446,6.678471565246582
5447,4.133941650390625
5448,5.714589595794678
5449,5.483794689178467
5450,4.426688194274902
5451,4.204115390777588
5452,5.481225967407227
5453,4.889678478240967
5454,6.687042236328125
5455,3.461359739303589
5456,5.858115196228027
5457,4.385646820068359
5458,3.778574228286743
5459,6.2357177734375
5460,4.699103355407715
5461,6.252269268035889
5462,3.21856427192688
5463,4.060954570770264
5464,2.2370615005493164
5465,6.674129009246826
5466,4.130618572235107
5467,5.705249309539795
5468,5.4848713874816895
5469,4.430701732635498
5470,4.201395034790039
5471,5.476235866546631
5472,4.891510009765625
5473,6.684591293334961
5474,3.458082675933838
5475,5.848454475402832
5476,4.380010604858398
5477,3.7792913913726807
5478,6.227809429168701
5479,4.700476169586182
5480,6.2560248374938965
5481,3.2187581062316895
5482,4.059972286224365
5483,2.23571515083313
5484,6.668953895568848
5485,4.12709379196167
5486,5.6961894035339355
5487,5.485798358917236
5488,4.43408727645874
5489,4.198665142059326
5490,5.471238613128662
5491,4.891730308532715
5492,6.681421756744385
5493,3.454286813735962
5494,5.838400363922119
5495,4.374277114868164
5496,3.7800214290618896
5497,6.220354080200195
5498,4.7017130851745605
5499,6.258901119232178
5500,3.21909236907959
5501,4.059411525726318
5502,2.2341361045837402
5503,6.662969589233398
5504,4.123595714569092
5505,5.687886714935303
5506,5.486352920532227
5507,4.436645984649658
5508,4.1958723068237305
5509,5.466275691986084
5510,4.89060640335083
5511,6.677732467651367
5512,3.4502291679382324
5513,5.828790664672852
5514,4.368860721588135
5515,3.780552864074707
5516,6.213484764099121
5517,4.702517032623291
5518,6.260581970214844
5519,3.21952223777771
5520,4.059312343597412
5521,2.2322981357574463
5522,6.656316757202148
5523,4.120225429534912
5524,5.680364608764648
5525,5.486629962921143
5526,4.438572406768799
5527,4.1930437088012695
5528,5.461279392242432
5529,4.888702869415283
5530,6.673738479614258
5531,3.4460160732269287
5532,5.819576740264893
5533,4.363710403442383
5534,3.7809643745422363
5535,6.207055568695068
5536,4.703106880187988
5537,6.261435031890869
5538,3.2200653553009033
5539,4.059624671936035
5540,2.2302627563476562
5541,6.649171829223633
5542,4.116961479187012
5543,5.673526287078857
5544,5.486598014831543
5545,4.43988037109375
5546,4.190167427062988
5547,5.456318378448486
5548,4.885942459106445
5549,6.669457912445068
5550,3.4416961669921875
5551,5.810861587524414
5552,4.358859539031982
5553,3.7811782360076904
5554,6.201064586639404
5555,4.703309535980225
5556,6.2614593505859375
5557,3.220682382583618
5558,4.060257434844971
5559,2.2280662059783936
5560,6.641610145568848
5561,4.113805770874023
5562,5.66731595993042
5563,5.486274242401123
5564,4.4406514167785645
5565,4.187247276306152
5566,5.4513421058654785
5567,4.8825201988220215
5568,6.664968490600586
5569,3.4373323917388916
5570,5.802645206451416
5571,4.354304313659668
5572,3.7811758518218994
5573,6.195469379425049
5574,4.703127384185791
5575,6.260746955871582
5576,3.2213633060455322
5577,4.061164855957031
5578,2.2257392406463623
5579,6.633729934692383
5580,4.1107563972473145
5581,5.661613941192627
5582,5.4857869148254395
5583,4.441078186035156
5584,4.184286117553711
5585,5.446292400360107
5586,4.878783702850342
5587,6.6603922843933105
5588,3.4329819679260254
5589,5.794834613800049
5590,4.349968433380127
5591,3.781052589416504
5592,6.190182209014893
5593,4.702734470367432
5594,6.259562969207764
5595,3.2221179008483887
5596,4.062307834625244
5597,2.223325490951538
5598,6.62562894821167
5599,4.107794284820557
5600,5.65628719329834
5601,5.485232830047607
5602,4.441291809082031
5603,4.181321144104004
5604,5.441214561462402
5605,4.874838352203369
5606,6.655760765075684
5607,3.428621768951416
5608,5.787266254425049
5609,4.345759391784668
5610,3.780874252319336
5611,6.1851348876953125
5612,4.702244281768799
5613,6.258072376251221
5614,3.2229490280151367
5615,4.063636302947998
5616,2.220857858657837
5617,6.617380619049072
5618,4.1049113273620605
5619,5.651259422302246
5620,5.484645843505859
5621,4.441334247589111
5622,4.178360462188721
5623,5.4361443519592285
5624,4.87074089050293
5625,6.651123046875
5626,3.424266815185547
5627,5.779887676239014
5628,4.341673851013184
5629,3.78070068359375
5630,6.180291652679443
5631,4.701747894287109
5632,6.256368160247803
5633,3.2238550186157227
5634,4.0652923583984375
5635,2.218282699584961
5636,6.609155654907227
5637,4.1022257804870605
5638,5.646763324737549
5639,5.4839630126953125
5640,4.441247463226318
5641,4.175394535064697
5642,5.430895805358887
5643,4.866904258728027
5644,6.646583557128906
5645,3.4200994968414307
5646,5.77309513092041
5647,4.337799072265625
5648,3.7803781032562256
5649,6.175721645355225
5650,4.701085090637207
5651,6.254436492919922
5652,3.224855899810791
5653,4.067141532897949
5654,2.2156691551208496
5655,6.600821018218994
5656,4.099603176116943
5657,5.6425299644470215
5658,5.483306407928467
5659,4.44109582901001
5660,4.172415733337402
5661,5.425476551055908
5662,4.863120079040527
5663,6.642087936401367
5664,3.4159958362579346
5665,5.766490936279297
5666,4.333975315093994
5667,3.7800192832946777
5668,6.1713666915893555
5669,4.7003350257873535
5670,6.252418518066406
5671,3.2259392738342285
5672,4.069097995758057
5673,2.2130565643310547
5674,6.592418670654297
5675,4.097016334533691
5676,5.638504505157471
5677,5.482676982879639
5678,4.440881729125977
5679,4.169434547424316
5680,5.419946670532227
5681,4.859344482421875
5682,6.6376190185546875
5683,3.411959171295166
5684,5.760107040405273
5685,4.330231666564941
5686,3.779616117477417
5687,6.1672139167785645
5688,4.699493408203125
5689,6.250319004058838
5690,3.2270898818969727
5691,4.071128845214844
5692,2.2104547023773193
5693,6.583982944488525
5694,4.094482898712158
5695,5.634666919708252
5696,5.482068061828613
5697,4.440614700317383
5698,4.166463851928711
5699,5.414350509643555
5700,4.855565071105957
5701,6.633203029632568
5702,3.407999038696289
5703,5.753939628601074
5704,4.326575756072998
5705,3.7791647911071777
5706,6.163265228271484
5707,4.698551654815674
5708,6.24812650680542
5709,3.2282981872558594
5710,4.073226451873779
5711,2.2078685760498047
5712,6.575559616088867
5713,4.09199857711792
5714,5.6310272216796875
5715,5.481482028961182
5716,4.440296649932861
5717,4.163519382476807
5718,5.408725738525391
5719,4.851799964904785
5720,6.628870964050293
5721,3.4041199684143066
5722,5.748003005981445
5723,4.3230061531066895
5724,3.778688430786133
5725,6.159491539001465
5726,4.697546005249023
5727,6.245876312255859
5728,3.229557514190674
5729,4.075601100921631
5730,2.205214500427246
5731,6.567394733428955
5732,4.089757919311523
5733,5.627925395965576
5734,5.4807939529418945
5735,4.439979076385498
5736,4.1606340408325195
5737,5.4030537605285645
5738,4.848641395568848
5739,6.624826431274414
5740,3.400564670562744
5741,5.742787837982178
5742,4.319751739501953
5743,3.7780861854553223
5744,6.155895709991455
5745,4.696462154388428
5746,6.243621349334717
5747,3.23088002204895
5748,4.078131675720215
5749,2.2025675773620605
5750,6.559504985809326
5751,4.087670803070068
5752,5.625065326690674
5753,5.480125427246094
5754,4.439765930175781
5755,4.1578497886657715
5756,5.397477149963379
5757,4.845940113067627
5758,6.621057987213135
5759,3.397218704223633
5760,5.737907409667969
5761,4.316648006439209
5762,3.7775275707244873
5763,6.152369022369385
5764,4.695477485656738
5765,6.241568565368652
5766,3.2322347164154053
5767,4.080624580383301
5768,2.2000083923339844
5769,6.551884174346924
5770,4.0856547355651855
5771,5.622237205505371
5772,5.479554176330566
5773,4.4396796226501465
5774,4.155160427093506
5775,5.392063140869141
5776,4.8434576988220215
5777,6.617478847503662
5778,3.3939995765686035
5779,5.733147621154785
5780,4.31361198425293
5781,3.777052640914917
5782,6.148890495300293
5783,4.694598197937012
5784,6.239743232727051
5785,3.2336111068725586
5786,4.083100318908691
5787,2.19752836227417
5788,6.544580936431885
5789,4.083735942840576
5790,5.619534969329834
5791,5.479032039642334
5792,4.439717769622803
5793,4.1525702476501465
5794,5.386739253997803
5795,4.841284275054932
5796,6.614089488983154
5797,3.3909261226654053
5798,5.728574275970459
5799,4.310651779174805
5800,3.776613473892212
5801,6.145483493804932
5802,4.693772792816162
5803,6.238095760345459
5804,3.235018491744995
5805,4.085562705993652
5806,2.195120096206665
5807,6.537498950958252
5808,4.081889629364014
5809,5.616945266723633
5810,5.478549003601074
5811,4.439817905426025
5812,4.1500468254089355
5813,5.381484508514404
5814,4.839322566986084
5815,6.6108598709106445
5816,3.388007164001465
5817,5.7242560386657715
5818,4.307806491851807
5819,3.7761662006378174
5820,6.142200469970703
5821,4.692909240722656
5822,6.236522674560547
5823,3.236447811126709
5824,4.0879926681518555
5825,2.1927905082702637
5826,6.5305891036987305
5827,4.080097675323486
5828,5.614442825317383
5829,5.478127479553223
5830,4.4399847984313965
5831,4.147593021392822
5832,5.376291275024414
5833,4.837494373321533
5834,6.607762813568115
5835,3.3851826190948486
5836,5.7200541496276855
5837,4.305013656616211
5838,3.7757556438446045
5839,6.13901948928833
5840,4.692079067230225
5841,6.235060691833496
5842,3.2379088401794434
5843,4.090398788452148
5844,2.1905324459075928
5845,6.523827075958252
5846,4.078346252441406
5847,5.6120123863220215
5848,5.477766036987305
5849,4.440202236175537
5850,4.145206451416016
5851,5.371174335479736
5852,4.835730075836182
5853,6.604757785797119
5854,3.3824172019958496
5855,5.715937614440918
5856,4.302263259887695
5857,3.775376796722412
5858,6.135944366455078
5859,4.691285610198975
5860,6.233672142028809
5861,3.239388942718506
5862,4.09276819229126
5863,2.188344955444336
5864,6.51718807220459
5865,4.076632976531982
5866,5.609659194946289
5867,5.477443695068359
5868,4.440427780151367
5869,4.142882823944092
5870,5.366150856018066
5871,4.833686828613281
5872,6.601652145385742
5873,3.3793704509735107
5874,5.711021423339844
5875,4.299128532409668
5876,3.7754902839660645
5877,6.1328654289245605
5878,4.691163063049316
5879,6.232629299163818
5880,3.2409873008728027
5881,4.0952558517456055
5882,2.1861605644226074
5883,6.510462284088135
5884,4.074917316436768
5885,5.607336044311523
5886,5.477300643920898
5887,4.440650463104248
5888,4.14061164855957
5889,5.361213684082031
5890,4.831459045410156
5891,6.598474025726318
5892,3.376155138015747
5893,5.705776691436768
5894,4.295846939086914
5895,3.7759056091308594
5896,6.129894733428955
5897,4.691506862640381
5898,6.231687068939209
5899,3.24272084236145
5900,4.097960472106934
5901,2.1839349269866943
5902,6.503598690032959
5903,4.0732245445251465
5904,5.605152606964111
5905,5.47727632522583
5906,4.440822124481201
5907,4.138386249542236
5908,5.356320381164551
5909,4.829041004180908
5910,6.595227241516113
5911,3.372793674468994
5912,5.700272560119629
5913,4.292453765869141
5914,3.7765514850616455
5915,6.127067565917969
5916,4.692232608795166
5917,6.230754375457764
5918,3.2445874214172363
5919,4.1008992195129395
5920,2.181668996810913
5921,6.496567726135254
5922,4.071556091308594
5923,5.603114128112793
5924,5.477362632751465
5925,4.440939903259277
5926,4.136195659637451
5927,5.351434230804443
5928,4.8264570236206055
5929,6.591909885406494
5930,3.369312047958374
5931,5.694601535797119
5932,4.288994789123535
5933,3.777397871017456
5934,6.124402046203613
5935,4.693270206451416
5936,6.229836463928223
5937,3.2465858459472656
5938,4.104038238525391
5939,2.1793642044067383
5940,6.489387035369873
5941,4.069916725158691
5942,5.601243495941162
5943,5.477537631988525
5944,4.440999984741211
5945,4.134031295776367
5946,5.346536636352539
5947,4.823736667633057
5948,6.588538646697998
5949,3.365736722946167
5950,5.688807964324951
5951,4.2854743003845215
5952,3.7784221172332764
5953,6.121914863586426
5954,4.694577217102051
5955,6.228914260864258
5956,3.248720169067383
5957,4.107392311096191
5958,2.1770291328430176
5959,6.482056617736816
5960,4.068312168121338
5961,5.599529266357422
5962,5.477817535400391
5963,4.441023349761963
5964,4.131894588470459
5965,5.341609001159668
5966,4.8209123611450195
5967,6.5851335525512695
5968,3.3620917797088623
5969,5.682924270629883
5970,4.281924247741699
5971,3.7795820236206055
5972,6.119606018066406
5973,4.6960954666137695
5974,6.227972507476807
5975,3.250978708267212
5976,4.110922336578369
5977,2.1746761798858643
5978,6.474603176116943
5979,4.066737174987793
5980,5.597979545593262
5981,5.478166580200195
5982,4.441000938415527
5983,4.129786014556885
5984,5.336652755737305
5985,4.817958354949951
5986,6.581703186035156
5987,3.3584039211273193
5988,5.677040100097656
5989,4.278380870819092
5990,3.7808444499969482
5991,6.11749267578125
5992,4.697762966156006
5993,6.226986408233643
5994,3.253361225128174
5995,4.114617824554443
5996,2.1723084449768066
5997,6.467043399810791
5998,4.065199851989746
5999,5.5966033935546875
6000,5.478588104248047
6001,4.440946578979492
6002,4.1277055740356445
6003,5.331661701202393
6004,4.814945220947266
6005,6.578274726867676
6006,3.354696273803711
6007,5.671178340911865
6008,4.2748565673828125
6009,3.7821829319000244
6010,6.115574359893799
6011,4.699550151824951
6012,6.22598123550415
6013,3.255852699279785
6014,4.1184587478637695
6015,2.16994047164917
6016,6.4593963623046875
6017,4.0637054443359375
6018,5.595380783081055
6019,5.479077339172363
6020,4.440866947174072
6021,4.125650405883789
6022,5.32665491104126
6023,4.811866283416748
6024,6.574844837188721
6025,3.3509817123413086
6026,5.665345668792725
6027,4.271368026733398
6028,3.7835941314697266
6029,6.113846778869629
6030,4.701423645019531
6031,6.224923610687256
6032,3.2584431171417236
6033,4.122422695159912
6034,2.167576789855957
6035,6.451685905456543
6036,4.062252044677734
6037,5.594318866729736
6038,5.479613304138184
6039,4.440762519836426
6040,4.123628616333008
6041,5.321622848510742
6042,4.80873966217041
6043,6.571449279785156
6044,3.347283363342285
6045,5.659619331359863
6046,4.267949104309082
6047,3.7850120067596436
6048,6.112315654754639
6049,4.70326566696167
6050,6.22377347946167
6051,3.261106252670288
6052,4.12645149230957
6053,2.1652369499206543
6054,6.44395112991333
6055,4.060846328735352
6056,5.593416213989258
6057,5.480175495147705
6058,4.440621376037598
6059,4.121630668640137
6060,5.316580772399902
6061,4.805576324462891
6062,6.568105220794678
6063,3.3436479568481445
6064,5.654066562652588
6065,4.2646307945251465
6066,3.786400318145752
6067,6.110971927642822
6068,4.7050628662109375
6069,6.2225565910339355
6070,3.263836145401001
6071,4.130543231964111
6072,2.1629297733306885
6073,6.436216354370117
6074,4.059492588043213
6075,5.592677593231201
6076,5.480750560760498
6077,4.440467357635498
6078,4.119665622711182
6079,5.311543941497803
6080,4.8024210929870605
6081,6.564833164215088
6082,3.340094566345215
6083,5.6487507820129395
6084,4.261445999145508
6085,3.787733316421509
6086,6.109809875488281
6087,4.706761360168457
6088,6.2212677001953125
6089,3.266613721847534
6090,4.13466739654541
6091,2.1606616973876953
6092,6.428526878356934
6093,4.058187961578369
6094,5.592073917388916
6095,5.481351375579834
6096,4.44030237197876
6097,4.117738246917725
6098,5.306538105010986
6099,4.799306392669678
6100,6.561655521392822
6101,3.3366379737854004
6102,5.643632411956787
6103,4.2583723068237305
6104,3.789027214050293
6105,6.108794689178467
6106,4.708409309387207
6107,6.219945907592773
6108,3.269426107406616
6109,4.1388115882873535
6110,2.158440589904785
6111,6.4209184646606445
6112,4.056942462921143
6113,5.591592788696289
6114,5.481963634490967
6115,4.440153121948242
6116,4.115856647491455
6117,5.301574230194092
6118,4.796220779418945
6119,6.558563232421875
6120,3.333261251449585
6121,5.638716220855713
6122,4.255414962768555
6123,3.7902987003326416
6124,6.1079206466674805
6125,4.709986686706543
6126,6.218593597412109
6127,3.2722671031951904
6128,4.142945289611816
6129,2.1562724113464355
6130,6.413402557373047
6131,4.055747032165527
6132,5.591222286224365
6133,5.482590198516846
6134,4.440001010894775
6135,4.114020824432373
6136,5.296672344207764
6137,4.79318380355835
6138,6.55556583404541
6139,3.3299808502197266
6140,5.633996963500977
6141,4.2525739669799805
6142,3.791524648666382
6143,6.107180595397949
6144,4.7114973068237305
6145,6.217195987701416
6146,3.2751364707946777
6147,4.1470818519592285
6148,2.15415096282959
6149,6.405969619750977
6150,4.054603099822998
6151,5.590951919555664
6152,5.483235836029053
6153,4.439861297607422
6154,4.1122307777404785
6155,5.291835784912109
6156,4.79017448425293
6157,6.552664279937744
6158,3.326780319213867
6159,5.629440784454346
6160,4.249834060668945
6161,3.7927186489105225
6162,6.106560707092285
6163,4.71295166015625
6164,6.215762615203857
6165,3.278020143508911
6166,4.151220321655273
6167,2.152069091796875
6168,6.398611545562744
6169,4.053508758544922
6170,5.590798377990723
6171,5.483876705169678
6172,4.439698696136475
6173,4.110478401184082
6174,5.287065029144287
6175,4.787178993225098
6176,6.5498456954956055
6177,3.3236546516418457
6178,5.625077247619629
6179,4.247225761413574
6180,3.7938754558563232
6181,6.106057643890381
6182,4.714353084564209
6183,6.214280128479004
6184,3.280923843383789
6185,4.155356407165527
6186,2.150028705596924
6187,6.391341686248779
6188,4.052469253540039
6189,5.590754508972168
6190,5.484511375427246
6191,4.43953275680542
6192,4.108767509460449
6193,5.282380104064941
6194,4.784206390380859
6195,6.54710054397583
6196,3.320610284805298
6197,5.620888710021973
6198,4.244717597961426
6199,3.7949979305267334
6200,6.105652809143066
6201,4.715699195861816
6202,6.212770938873291
6203,3.283832550048828
6204,4.159481525421143
6205,2.1480352878570557
6206,6.384182453155518
6207,4.051472187042236
6208,5.590786457061768
6209,5.485166072845459
6210,4.439381122589111
6211,4.1071038246154785
6212,5.277769565582275
6213,4.781286716461182
6214,6.544455051422119
6215,3.3176429271698
6216,5.6168341636657715
6217,4.242294788360596
6218,3.7961254119873047
6219,6.105332374572754
6220,4.717034339904785
6221,6.211281776428223
6222,3.286752700805664
6223,4.163571357727051
6224,2.1460916996002197
6225,6.377133369445801
6226,4.050525665283203
6227,5.590880870819092
6228,5.485828876495361
6229,4.439243316650391
6230,4.105493068695068
6231,5.273257732391357
6232,4.778409004211426
6233,6.541903972625732
6234,3.3147521018981934
6235,5.612936496734619
6236,4.239969730377197
6237,3.7972240447998047
6238,6.105079650878906
6239,4.718348503112793
6240,6.209815502166748
6241,3.2896711826324463
6242,4.167629241943359
6243,2.1441986560821533
6244,6.370221138000488
6245,4.049620628356934
6246,5.591041564941406
6247,5.4864959716796875
6248,4.439122200012207
6249,4.103921890258789
6250,5.2688374519348145
6251,4.775577068328857
6252,6.539430618286133
6253,3.3119373321533203
6254,5.609166622161865
6255,4.237733364105225
6256,3.7983126640319824
6257,6.104896068572998
6258,4.719627380371094
6259,6.208356857299805
6260,3.2925772666931152
6261,4.171639442443848
6262,2.1423585414886475
6263,6.363437175750732
6264,4.0487542152404785
6265,5.591245174407959
6266,5.487178325653076
6267,4.439020156860352
6268,4.10239839553833
6269,5.264512538909912
6270,4.77280330657959
6271,6.537051677703857
6272,3.3092010021209717
6273,5.605534076690674
6274,4.235570430755615
6275,3.799405336380005
6276,6.104777812957764
6277,4.720903396606445
6278,6.206945896148682
6279,3.2954792976379395
6280,4.175608158111572
6281,2.1405694484710693
6282,6.356788158416748
6283,4.047930717468262
6284,5.591507434844971
6285,5.487863063812256
6286,4.438941478729248
6287,4.100924491882324
6288,5.260290145874023
6289,4.770087718963623
6290,6.534755706787109
6291,3.3065290451049805
6292,5.602015018463135
6293,4.233491897583008
6294,3.8004889488220215
6295,6.104708194732666
6296,4.72214937210083
6297,6.205556869506836
6298,3.298365354537964
6299,4.1795220375061035
6300,2.1388282775878906
6301,6.350276947021484
6302,4.047146797180176
6303,5.591798305511475
6304,5.488555431365967
6305,4.438876628875732
6306,4.099496841430664
6307,5.256171703338623
6308,4.767420291900635
6309,6.532555103302002
6310,3.3039426803588867
6311,5.5986456871032715
6312,4.231499671936035
6313,3.8015434741973877
6314,6.1046833992004395
6315,4.723370552062988
6316,6.204184055328369
6317,3.3012330532073975
6318,4.183383464813232
6319,2.137136459350586
6320,6.343909740447998
6321,4.046396732330322
6322,5.592130184173584
6323,5.489245414733887
6324,4.438830852508545
6325,4.098110198974609
6326,5.25215482711792
6327,4.76480770111084
6328,6.530433654785156
6329,3.3014211654663086
6330,5.595378398895264
6331,4.229579448699951
6332,3.8025965690612793
6333,6.1046977043151855
6334,4.72457218170166
6335,6.202856540679932
6336,3.3040828704833984
6337,4.187191009521484
6338,2.1354923248291016
6339,6.337684154510498
6340,4.04568338394165
6341,5.592493534088135
6342,5.489939212799072
6343,4.438807010650635
6344,4.096774101257324
6345,5.248238563537598
6346,4.762263298034668
6347,6.528385639190674
6348,3.2989625930786133
6349,5.592207908630371
6350,4.227725028991699
6351,3.8036630153656006
6352,6.104753494262695
6353,4.725775241851807
6354,6.201559066772461
6355,3.3069047927856445
6356,4.190927982330322
6357,2.133899688720703
6358,6.3315863609313965
6359,4.045001983642578
6360,5.5928802490234375
6361,5.490636825561523
6362,4.43878698348999
6363,4.095474720001221
6364,5.244431495666504
6365,4.759745121002197
6366,6.526419162750244
6367,3.2965738773345947
6368,5.589150905609131
6369,4.225940704345703
6370,3.804703950881958
6371,6.104838848114014
6372,4.726948261260986
6373,6.200294017791748
6374,3.309701442718506
6375,4.194611072540283
6376,2.1323485374450684
6377,6.325634002685547
6378,4.0443525314331055
6379,5.593289375305176
6380,5.491333961486816
6381,4.438797473907471
6382,4.094215393066406
6383,5.240723133087158
6384,4.7572855949401855
6385,6.524521827697754
6386,3.294250726699829
6387,5.586190223693848
6388,4.224222183227539
6389,3.8057405948638916
6390,6.104952335357666
6391,4.72811222076416
6392,6.199053764343262
6393,3.3124635219573975
6394,4.198229789733887
6395,2.1308414936065674
6396,6.319813251495361
6397,4.043735027313232
6398,5.593724250793457
6399,5.492022514343262
6400,4.438809394836426
6401,4.092989444732666
6402,5.237111568450928
6403,4.754885196685791
6404,6.522705078125
6405,3.292001724243164
6406,5.5833587646484375
6407,4.22259521484375
6408,3.806737184524536
6409,6.105091094970703
6410,4.729232311248779
6411,6.197841644287109
6412,3.3151979446411133
6413,4.201778411865234
6414,2.1293838024139404
6415,6.314155101776123
6416,4.04314661026001
6417,5.594172477722168
6418,5.492713451385498
6419,4.438850402832031
6420,4.091814994812012
6421,5.233607769012451
6422,4.752552032470703
6423,6.520961284637451
6424,3.289806842803955
6425,5.58059549331665
6426,4.2209930419921875
6427,3.807769536972046
6428,6.105241298675537
6429,4.730350494384766
6430,6.196683406829834
6431,3.3178937435150146
6432,4.205247402191162
6433,2.127972364425659
6434,6.308655261993408
6435,4.042584419250488
6436,5.594614028930664
6437,5.493396759033203
6438,4.438913345336914
6439,4.090683460235596
6440,5.2302117347717285
6441,4.750308513641357
6442,6.519305229187012
6443,3.2877001762390137
6444,5.5779595375061035
6445,4.219477653503418
6446,3.808746337890625
6447,6.105386257171631
6448,4.731422424316406
6449,6.195590019226074
6450,3.3205294609069824
6451,4.208619594573975
6452,2.126619338989258
6453,6.303337097167969
6454,4.042046070098877
6455,5.595046520233154
6456,5.494064807891846
6457,4.43901252746582
6458,4.089590549468994
6459,5.226923942565918
6460,4.748162269592285
6461,6.517724990844727
6462,3.2856690883636475
6463,5.575414657592773
6464,4.218003749847412
6465,3.8097305297851562
6466,6.105525493621826
6467,4.732476234436035
6468,6.194559097290039
6469,3.323112964630127
6470,4.211877346038818
6471,2.125314950942993
6472,6.298188209533691
6473,4.041528224945068
6474,5.595454216003418
6475,5.494744777679443
6476,4.4391303062438965
6477,4.088530540466309
6478,5.223751068115234
6479,4.7460737228393555
6480,6.516218185424805
6481,3.28369402885437
6482,5.572939395904541
6483,4.216577529907227
6484,3.810713768005371
6485,6.105660438537598
6486,4.733524322509766
6487,6.193596363067627
6488,3.3256380558013916
6489,4.215047836303711
6490,2.1240532398223877
6491,6.293191909790039
6492,4.041026592254639
6493,5.595852851867676
6494,5.495406627655029
6495,4.4392595291137695
6496,4.08751916885376
6497,5.220673561096191
6498,4.744053840637207
6499,6.514781475067139
6500,3.2817862033843994
6501,5.570561408996582
6502,4.2152099609375
6503,3.811673402786255
6504,6.105798244476318
6505,4.734528064727783
6506,6.192653179168701
6507,3.3281075954437256
6508,4.21812105178833
6509,2.122833728790283
6510,6.288337707519531
6511,4.040544033050537
6512,5.596255779266357
6513,5.496048927307129
6514,4.439384937286377
6515,4.086526393890381
6516,5.217710018157959
6517,4.742056369781494
6518,6.513393402099609
6519,3.279937744140625
6520,5.568294048309326
6521,4.213910102844238
6522,3.8125956058502197
6523,6.105928897857666
6524,4.735470771789551
6525,6.191703796386719
6526,3.330507516860962
6527,4.221103191375732
6528,2.121652841567993
6529,6.283627033233643
6530,4.040086269378662
6531,5.596659183502197
6532,5.49666166305542
6533,4.439507961273193
6534,4.08556604385376
6535,5.214845657348633
6536,4.740114212036133
6537,6.512073516845703
6538,3.278160572052002
6539,5.566134452819824
6540,4.212674140930176
6541,3.8134756088256836
6542,6.106051445007324
6543,4.736366271972656
6544,6.190791130065918
6545,3.332852363586426
6546,4.223996639251709
6547,2.1205086708068848
6548,6.279051303863525
6549,4.039642333984375
6550,5.59705114364624
6551,5.497263431549072
6552,4.439624309539795
6553,4.084630966186523
6554,5.212086200714111
6555,4.738219261169434
6556,6.510807991027832
6557,3.2764439582824707
6558,5.564082622528076
6559,4.2115020751953125
6560,3.814300060272217
6561,6.106174945831299
6562,4.737182140350342
6563,6.189833641052246
6564,3.3351330757141113
6565,4.226814270019531
6566,2.1193878650665283
6567,6.274532794952393
6568,4.039198398590088
6569,5.597402572631836
6570,5.498192310333252
6571,4.4398627281188965
6572,4.083714962005615
6573,5.209446430206299
6574,4.735781192779541
6575,6.509390354156494
6576,3.2742810249328613
6577,5.560527324676514
6578,4.209259510040283
6579,3.817629098892212
6580,6.105828285217285
6581,4.740987777709961
6582,6.1919331550598145
6583,3.336571216583252
6584,4.2276082038879395
6585,2.118475914001465
6586,6.269203186035156
6587,4.038462162017822
6588,5.597588539123535
6589,5.49738073348999
6590,4.437566757202148
6591,4.08188533782959
6592,5.207582473754883
6593,4.730689525604248
6594,6.508029460906982
6595,3.273627996444702
6596,5.563162326812744
6597,4.2113871574401855
6598,3.8120391368865967
6599,6.106645584106445
6600,4.7336907386779785
6601,6.183262348175049
6602,3.338240146636963
6603,4.231653213500977
6604,2.117187023162842
6605,6.26600456237793
6606,4.03855562210083
6607,5.599071025848389
6608,5.497442722320557
6609,4.438571929931641
6610,4.081590175628662
6611,5.204730987548828
6612,4.732205867767334
6613,6.50743293762207
6614,3.272387742996216
6615,5.560781955718994
6616,4.209659576416016
6617,3.814319610595703
6618,6.106266975402832
6619,4.736665725708008
6620,6.185201644897461
6621,3.3407704830169678
6622,4.234106540679932
6623,2.116360664367676
6624,6.262730598449707
6625,4.0380659103393555
6626,5.598581314086914
6627,5.498620986938477
6628,4.439701080322266
6629,4.081092834472656
6630,5.20245361328125
6631,4.731517314910889
6632,6.506552219390869
6633,3.270723819732666
6634,5.557870864868164
6635,4.207934856414795
6636,3.8162622451782227
6637,6.105978965759277
6638,4.738730430603027
6639,6.185929298400879
6640,3.3429315090179443
6641,4.236349582672119
6642,2.11548113822937
6643,6.25909423828125
6644,4.037606716156006
6645,5.598454475402832
6646,5.499499797821045
6647,4.4402360916137695
6648,4.080403804779053
6649,5.200207233428955
6650,4.729991912841797
6651,6.50549840927124
6652,3.269047975540161
6653,5.5554518699646
6654,4.206567287445068
6655,3.817687511444092
6656,6.105936050415039
6657,4.740177154541016
6658,6.185754299163818
6659,3.345034122467041
6660,4.238752365112305
6661,2.114525556564331
6662,6.255224227905273
6663,4.037206649780273
6664,5.598642349243164
6665,5.500164031982422
6666,4.440455913543701
6667,4.079649448394775
6668,5.197968482971191
6669,4.728245258331299
6670,6.504417896270752
6671,3.267456531524658
6672,5.553438186645508
6673,4.205467700958252
6674,3.8187382221221924
6675,6.106007099151611
6676,4.741239070892334
6677,6.185129642486572
6678,3.347095489501953
6679,4.24123477935791
6680,2.11354660987854
6681,6.251327037811279
6682,4.03684663772583
6683,5.598989963531494
6684,5.500725746154785
6685,4.440558910369873
6686,4.078890800476074
6687,5.1957621574401855
6688,4.726479530334473
6689,6.503363132476807
6690,3.2659356594085693
6691,5.551647663116455
6692,4.204501628875732
6693,3.819610834121704
6694,6.106117248535156
6695,4.742125511169434
6696,6.184340000152588
6697,3.349120616912842
6698,4.243703842163086
6699,2.1125831604003906
6700,6.24749231338501
6701,4.0365095138549805
6702,5.599389553070068
6703,5.50123929977417
6704,4.440639972686768
6705,4.078136920928955
6706,5.193592548370361
6707,4.724773406982422
6708,6.502355098724365
6709,3.2644765377044678
6710,5.549952507019043
6711,4.203585147857666
6712,3.820420503616333
6713,6.106228351593018
6714,4.742919445037842
6715,6.183541297912598
6716,3.351097345352173
6717,4.246109962463379
6718,2.111645221710205
6719,6.2437615394592285
6720,4.036183834075928
6721,5.599776268005371
6722,5.501730918884277
6723,4.4407243728637695
6724,4.077404499053955
6725,5.191483497619629
6726,4.723121643066406
6727,6.501384258270264
6728,3.263092041015625
6729,5.548437595367432
6730,4.2027716636657715
6731,3.8210740089416504
6732,6.1063079833984375
6733,4.743505477905273
6734,6.182655334472656
6735,3.352968215942383
6736,4.248385429382324
6737,2.11074161529541
6738,6.240172863006592
6739,4.035861968994141
6740,5.600140571594238
6741,5.5021514892578125
6742,4.440775394439697
6743,4.076672077178955
6744,5.189469337463379
6745,4.721527099609375
6746,6.5004754066467285
6747,3.2618062496185303
6748,5.547111511230469
6749,4.202059745788574
6750,3.821561336517334
6751,6.106322288513184
6752,4.743885517120361
6753,6.181691646575928
6754,3.3547065258026123
6755,4.250514507293701
6756,2.1098806858062744
6757,6.236763954162598
6758,4.035545349121094
6759,5.600461483001709
6760,5.502504825592041
6761,4.4408183097839355
6762,4.07596492767334
6763,5.187572479248047
6764,4.720019817352295
6765,6.499621868133545
6766,3.2606000900268555
6767,5.545892238616943
6768,4.2013983726501465
6769,3.8219728469848633
6770,6.106260776519775
6771,4.744156837463379
6772,6.180778980255127
6773,3.3563387393951416
6774,4.252490997314453
6775,2.1090612411499023
6776,6.233534336090088
6777,4.035228252410889
6778,5.600710391998291
6779,5.502812385559082
6780,4.4408745765686035
6781,4.075268745422363
6782,5.18578577041626
6783,4.718591213226318
6784,6.498830795288086
6785,3.259456157684326
6786,5.544740676879883
6787,4.20078182220459
6788,3.8223488330841064
6789,6.10611629486084
6790,4.744355201721191
6791,6.179896354675293
6792,3.3578684329986572
6793,4.2543182373046875
6794,2.108276605606079
6795,6.230474948883057
6796,4.034908771514893
6797,5.600885391235352
6798,5.503076076507568
6799,4.440932750701904
6800,4.0745978355407715
6801,5.184104919433594
6802,4.717227458953857
6803,6.498077392578125
6804,3.258366584777832
6805,5.543654918670654
6806,4.200189590454102
6807,3.8226773738861084
6808,6.105906009674072
6809,4.7444891929626465
6810,6.179054260253906
6811,3.3592967987060547
6812,4.256009101867676
6813,2.1075284481048584
6814,6.227568626403809
6815,4.034581184387207
6816,5.601004123687744
6817,5.503313064575195
6818,4.441000461578369
6819,4.07393741607666
6820,5.182529926300049
6821,4.715924263000488
6822,6.4973578453063965
6823,3.257316827774048
6824,5.542595863342285
6825,4.199619770050049
6826,3.8230044841766357
6827,6.105625629425049
6828,4.7446136474609375
6829,6.178284645080566
6830,3.3606441020965576
6831,4.257587909698486
6832,2.1068084239959717
6833,6.2248005867004395
6834,4.034255504608154
6835,5.601054668426514
6836,5.503516674041748
6837,4.441069602966309
6838,4.073297500610352
6839,5.181053638458252
6840,4.714674472808838
6841,6.496675968170166
6842,3.256317138671875
6843,5.541589260101318
6844,4.199077129364014
6845,3.823302984237671
6846,6.105288982391357
6847,4.744686126708984
6848,6.1775407791137695
6849,3.361907482147217
6850,4.259061336517334
6851,2.1061127185821533
6852,6.222166538238525
6853,4.033926486968994
6854,5.601050853729248
6855,5.503714084625244
6856,4.441152095794678
6857,4.072678089141846
6858,5.179656028747559
6859,4.713462829589844
6860,6.4960198402404785
6861,3.2553298473358154
6862,5.540572643280029
6863,4.198533535003662
6864,3.8236277103424072
6865,6.104896068572998
6866,4.744783878326416
6867,6.176851749420166
6868,3.363112449645996
6869,4.260441303253174
6870,2.1054391860961914
6871,6.219624996185303
6872,4.033596515655518
6873,5.601004600524902
6874,5.503880023956299
6875,4.441220283508301
6876,4.0720648765563965
6877,5.1783447265625
6878,4.712257385253906
6879,6.495372295379639
6880,3.254380941390991
6881,5.539610862731934
6882,4.198020935058594
6883,3.823918104171753
6884,6.104464054107666
6885,4.744812965393066
6886,6.17616081237793
6887,3.3642358779907227
6888,4.261733055114746
6889,2.104783296585083
6890,6.217190265655518
6891,4.033263683319092
6892,5.600925922393799
6893,5.504012107849121
6894,4.441277027130127
6895,4.071469783782959
6896,5.177107810974121
6897,4.711089611053467
6898,6.4947590827941895
6899,3.253457546234131
6900,5.538671493530273
6901,4.19752836227417
6902,3.8241817951202393
6903,6.103989124298096
6904,4.744834899902344
6905,6.175512313842773
6906,3.3653130531311035
6907,4.26295280456543
6908,2.1041464805603027
6909,6.214841365814209
6910,4.032933235168457
6911,5.600815773010254
6912,5.504125118255615
6913,4.4413347244262695
6914,4.070880889892578
6915,5.175937175750732
6916,4.709949016571045
6917,6.494152545928955
6918,3.252561092376709
6919,5.5377678871154785
6920,4.19705057144165
6921,3.824444532394409
6922,6.10347843170166
6923,4.744842052459717
6924,6.1748762130737305
6925,3.366325616836548
6926,4.264099597930908
6927,2.1035265922546387
6928,6.212582588195801
6929,4.032602787017822
6930,5.600656509399414
6931,5.504236221313477
6932,4.441400527954102
6933,4.070308685302734
6934,5.174829483032227
6935,4.708831310272217
6936,6.493569850921631
6937,3.2516770362854004
6938,5.536855220794678
6939,4.1965742111206055
6940,3.8247344493865967
6941,6.102933406829834
6942,4.744871139526367
6943,6.174285411834717
6944,3.3673012256622314
6945,4.2651896476745605
6946,2.102919101715088
6947,6.210395812988281
6948,4.0322699546813965
6949,5.6004791259765625
6950,5.504331111907959
6951,4.441457271575928
6952,4.0697455406188965
6953,5.173773765563965
6954,4.70773458480835
6955,6.492992877960205
6956,3.2508111000061035
6957,5.535955429077148
6958,4.196109294891357
6959,3.8250210285186768
6960,6.102366924285889
6961,4.744887351989746
6962,6.173715591430664
6963,3.368229627609253
6964,4.266224384307861
6965,2.1023244857788086
6966,6.208271503448486
6967,4.0319390296936035
6968,5.600284099578857
6969,5.504396438598633
6970,4.441498756408691
6971,4.069190979003906
6972,5.17277193069458
6973,4.706638813018799
6974,6.492432594299316
6975,3.249964475631714
6976,5.535079479217529
6977,4.195662498474121
6978,3.82527756690979
6979,6.101771831512451
6980,4.744869232177734
6981,6.173140525817871
6982,3.3691141605377197
6983,4.267209053039551
6984,2.1017422676086426
6985,6.206211566925049
6986,4.031606674194336
6987,5.60006046295166
6988,5.504464626312256
6989,4.4415459632873535
6990,4.068640232086182
6991,5.171815395355225
6992,4.705568313598633
6993,6.491878032684326
6994,3.2491414546966553
6995,5.534228801727295
6996,4.195226669311523
6997,3.8255369663238525
6998,6.101159572601318
6999,4.744849681854248
7000,6.172574996948242
7001,3.3699657917022705
7002,4.268149375915527
7003,2.1011714935302734
7004,6.20421028137207
7005,4.031274795532227
7006,5.599822998046875
7007,5.504514694213867
7008,4.441586494445801
7009,4.068106174468994
7010,5.170899391174316
7011,4.704516410827637
7012,6.491349220275879
7013,3.2483279705047607
7014,5.533385753631592
7015,4.194799423217773
7016,3.825796127319336
7017,6.100529193878174
7018,4.744844436645508
7019,6.1720685958862305
7020,3.370788812637329
7021,4.26904821395874
7022,2.1006088256835938
7023,6.202266216278076
7024,4.030945301055908
7025,5.5995635986328125
7026,5.504561424255371
7027,4.441637992858887
7028,4.067581653594971
7029,5.170025825500488
7030,4.7034807205200195
7031,6.490812301635742
7032,3.2475242614746094
7033,5.532546043395996
7034,4.194369792938232
7035,3.82607364654541
7036,6.099876403808594
7037,4.744828701019287
7038,6.171546459197998
7039,3.371574640274048
7040,4.269901275634766
7041,2.100059747695923
7042,6.2003607749938965
7043,4.030616283416748
7044,5.599294662475586
7045,5.504587650299072
7046,4.441656112670898
7047,4.0670576095581055
7048,5.169187545776367
7049,4.702457427978516
7050,6.490298271179199
7051,3.2467503547668457
7052,5.531754016876221
7053,4.193970680236816
7054,3.826310157775879
7055,6.099211692810059
7056,4.744786262512207
7057,6.171024799346924
7058,3.3723316192626953
7059,4.270724773406982
7060,2.0995185375213623
7061,6.198506832122803
7062,4.03028678894043
7063,5.599016189575195
7064,5.504600524902344
7065,4.44168758392334
7066,4.066544532775879
7067,5.168378829956055
7068,4.701444149017334
7069,6.489788055419922
7070,3.245971441268921
7071,5.530948162078857
7072,4.193566799163818
7073,3.8265581130981445
7074,6.098535060882568
7075,4.744749069213867
7076,6.170527458190918
7077,3.3730578422546387
7078,4.271511554718018
7079,2.098984718322754
7080,6.196699619293213
7081,4.029961585998535
7082,5.598724842071533
7083,5.5046234130859375
7084,4.441719055175781
7085,4.066037178039551
7086,5.167605400085449
7087,4.700456619262695
7088,6.489295959472656
7089,3.245211124420166
7090,5.530156135559082
7091,4.193166255950928
7092,3.826815366744995
7093,6.0978498458862305
7094,4.744729995727539
7095,6.170051574707031
7096,3.373770236968994
7097,4.272276401519775
7098,2.0984601974487305
7099,6.194925785064697
7100,4.029635429382324
7101,5.59841775894165
7102,5.5046305656433105
7103,4.441742897033691
7104,4.065539836883545
7105,5.1668524742126465
7106,4.699452877044678
7107,6.488803386688232
7108,3.2444634437561035
7109,5.529377460479736
7110,4.192779541015625
7111,3.827059030532837
7112,6.097154140472412
7113,4.74468469619751
7114,6.1695756912231445
7115,3.3744561672210693
7116,4.273015022277832
7117,2.0979442596435547
7118,6.193190097808838
7119,4.029313564300537
7120,5.598111152648926
7121,5.504629611968994
7122,4.441760540008545
7123,4.06504487991333
7124,5.166130542755127
7125,4.698470115661621
7126,6.488317012786865
7127,3.243724822998047
7128,5.528615951538086
7129,4.192399024963379
7130,3.827296495437622
7131,6.096452713012695
7132,4.74462890625
7133,6.169095516204834
7134,3.375117301940918
7135,4.273715496063232
7136,2.0974345207214355
7137,6.1914896965026855
7138,4.028989791870117
7139,5.597792148590088
7140,5.504627704620361
7141,4.441779136657715
7142,4.064559459686279
7143,5.165425777435303
7144,4.697512626647949
7145,6.487842082977295
7146,3.243006944656372
7147,5.52787446975708
7148,4.192023754119873
7149,3.827536106109619
7150,6.095743179321289
7151,4.744577407836914
7152,6.168641090393066
7153,3.3757591247558594
7154,4.274400234222412
7155,2.096935987472534
7156,6.18982458114624
7157,4.028671741485596
7158,5.597468852996826
7159,5.50462007522583
7160,4.441793918609619
7161,4.0640740394592285
7162,5.16474723815918
7163,4.6965484619140625
7164,6.487372398376465
7165,3.24228835105896
7166,5.527124404907227
7167,4.191651821136475
7168,3.8277759552001953
7169,6.095029830932617
7170,4.744523525238037
7171,6.168185234069824
7172,3.376377820968628
7173,4.275053977966309
7174,2.096440315246582
7175,6.188186168670654
7176,4.028349876403809
7177,5.597135543823242
7178,5.5045952796936035
7179,4.44179630279541
7180,4.063595294952393
7181,5.16409158706665
7182,4.695597171783447
7183,6.48691987991333
7184,3.2415904998779297
7185,5.526418685913086
7186,4.191303253173828
7187,3.82798433303833
7188,6.094303131103516
7189,4.744441509246826
7190,6.167722702026367
7191,3.376976728439331
7192,4.275693416595459
7193,2.0959513187408447
7194,6.186587810516357
7195,4.0280351638793945
7196,5.596804618835449
7197,5.504560947418213
7198,4.441794395446777
7199,4.0631208419799805
7200,5.163459777832031
7201,4.694666862487793
7202,6.486465930938721
7203,3.240901470184326
7204,5.52571439743042
7205,4.190956115722656
7206,3.828193187713623
7207,6.0935797691345215
7208,4.744350910186768
7209,6.167275428771973
7210,3.3775627613067627
7211,4.276306629180908
7212,2.0954699516296387
7213,6.185014247894287
7214,4.0277204513549805
7215,5.596463203430176
7216,5.504537105560303
7217,4.441800594329834
7218,4.0626606941223145
7219,5.162839412689209
7220,4.693752765655518
7221,6.48602294921875
7222,3.240222215652466
7223,5.525017261505127
7224,4.190608024597168
7225,3.8284072875976562
7226,6.092843055725098
7227,4.744276523590088
7228,6.1668381690979
7229,3.3781278133392334
7230,4.276897430419922
7231,2.0949974060058594
7232,6.183471202850342
7233,4.02740478515625
7234,5.596118450164795
7235,5.50450325012207
7236,4.441807746887207
7237,4.062196731567383
7238,5.162238121032715
7239,4.692842483520508
7240,6.4855875968933105
7241,3.2395551204681396
7242,5.524338245391846
7243,4.190271854400635
7244,3.828622579574585
7245,6.092109203338623
7246,4.744187355041504
7247,6.166402339935303
7248,3.3786792755126953
7249,4.277471542358398
7250,2.0945284366607666
7251,6.18195915222168
7252,4.027093410491943
7253,5.595771312713623
7254,5.50446081161499
7255,4.441801071166992
7256,4.061741828918457
7257,5.16165828704834
7258,4.691935062408447
7259,6.485153675079346
7260,3.2388970851898193
7261,5.5236663818359375
7262,4.189935684204102
7263,3.8288309574127197
7264,6.091371536254883
7265,4.744096755981445
7266,6.165982723236084
7267,3.3792147636413574
7268,4.2780256271362305
7269,2.094068765640259
7270,6.1804633140563965
7271,4.026780128479004
7272,5.595411777496338
7273,5.504416465759277
7274,4.441798686981201
7275,4.061288833618164
7276,5.161092281341553
7277,4.6910400390625
7278,6.48472785949707
7279,3.238243818283081
7280,5.523002624511719
7281,4.189606189727783
7282,3.8290398120880127
7283,6.0906267166137695
7284,4.7440104484558105
7285,6.165554046630859
7286,3.3797295093536377
7287,4.278560161590576
7288,2.0936129093170166
7289,6.1790008544921875
7290,4.026469707489014
7291,5.595062732696533
7292,5.504365921020508
7293,4.4417829513549805
7294,4.060840129852295
7295,5.160542964935303
7296,4.690158843994141
7297,6.484311580657959
7298,3.2376065254211426
7299,5.52236270904541
7300,4.189282417297363
7301,3.829230308532715
7302,6.089885711669922
7303,4.743903636932373
7304,6.165133953094482
7305,3.380234956741333
7306,4.279086589813232
7307,2.0931599140167236
7308,6.177553653717041
7309,4.026163101196289
7310,5.594704627990723
7311,5.504304885864258
7312,4.441765785217285
7313,4.060391902923584
7314,5.160010814666748
7315,4.689271926879883
7316,6.483902454376221
7317,3.236983060836792
7318,5.52174186706543
7319,4.188982009887695
7320,3.8294050693511963
7321,6.089137554168701
7322,4.7437744140625
7323,6.164704322814941
7324,3.3807146549224854
7325,4.279582977294922
7326,2.0927183628082275
7327,6.176141262054443
7328,4.025856018066406
7329,5.594344139099121
7330,5.504240036010742
7331,4.441745758056641
7332,4.059957027435303
7333,5.159490585327148
7334,4.6884002685546875
7335,6.483500957489014
7336,3.2363638877868652
7337,5.5211358070373535
7338,4.188677787780762
7339,3.8295750617980957
7340,6.088383674621582
7341,4.743638038635254
7342,6.164275646209717
7343,3.381187677383423
7344,4.280061721801758
7345,2.0922796726226807
7346,6.174756050109863
7347,4.025552272796631
7348,5.593984603881836
7349,5.504165172576904
7350,4.441719055175781
7351,4.059520244598389
7352,5.1589860916137695
7353,4.687546730041504
7354,6.483109474182129
7355,3.2357587814331055
7356,5.520534038543701
7357,4.188379764556885
7358,3.829745292663574
7359,6.087634086608887
7360,4.743502140045166
7361,6.163868427276611
7362,3.3816404342651367
7363,4.280529022216797
7364,2.0918471813201904
7365,6.173389434814453
7366,4.025250434875488
7367,5.593614101409912
7368,5.504093647003174
7369,4.441699981689453
7370,4.05908727645874
7371,5.158492088317871
7372,4.686708450317383
7373,6.482720851898193
7374,3.235166072845459
7375,5.519950866699219
7376,4.188088417053223
7377,3.829902410507202
7378,6.0868754386901855
7379,4.743364334106445
7380,6.163456439971924
7381,3.3820817470550537
7382,4.280975818634033
7383,2.091423273086548
7384,6.172049522399902
7385,4.0249481201171875
7386,5.59323787689209
7387,5.504024505615234
7388,4.441680908203125
7389,4.058666229248047
7390,5.158017635345459
7391,4.68587064743042
7392,6.482332706451416
7393,3.234600067138672
7394,5.519454479217529
7395,4.187851428985596
7396,3.829939842224121
7397,6.086106777191162
7398,4.743045330047607
7399,6.162936687469482
7400,3.3824543952941895
7401,4.281359672546387
7402,2.091010570526123
7403,6.1707563400268555
7404,4.024647235870361
7405,5.592868804931641
7406,5.5038886070251465
7407,4.441621780395508
7408,4.058226585388184
7409,5.157556533813477
7410,4.685068130493164
7411,6.4819817543029785
7412,3.2341148853302
7413,5.519149303436279
7414,4.1877055168151855
7415,3.8297672271728516
7416,6.085307598114014
7417,4.742475986480713
7418,6.1623029708862305
7419,3.382744073867798
7420,4.281649589538574
7421,2.0906267166137695
7422,6.169556140899658
7423,4.0243401527404785
7424,5.5924763679504395
7425,5.503699779510498
7426,4.441562175750732
7427,4.057785987854004
7428,5.157113075256348
7429,4.684366703033447
7430,6.481688976287842
7431,3.233696699142456
7432,5.518935203552246
7433,4.187586784362793
7434,3.8295185565948486
7435,6.08446741104126
7436,4.741811275482178
7437,6.1616997718811035
7438,3.38297176361084
7439,4.2818498611450195
7440,2.0902695655822754
7441,6.168456077575684
7442,4.024025917053223
7443,5.592033386230469
7444,5.50349235534668
7445,4.441519260406494
7446,4.0573554039001465
7447,5.156696319580078
7448,4.6837286949157715
7449,6.4814276695251465
7450,3.2333271503448486
7451,5.518767833709717
7452,4.187476634979248
7453,3.829231023788452
7454,6.083587646484375
7455,4.741095542907715
7456,6.161142349243164
7457,3.3831443786621094
7458,4.281973361968994
7459,2.0899341106414795
7460,6.1674394607543945
7461,4.02371072769165
7462,5.591549396514893
7463,5.503269672393799
7464,4.441500663757324
7465,4.0569353103637695
7466,5.156313896179199
7467,4.683152198791504
7468,6.4811882972717285
7469,3.2329695224761963
7470,5.518591403961182
7471,4.187351703643799
7472,3.8289694786071777
7473,6.082674026489258
7474,4.74038553237915
7475,6.160636901855469
7476,3.3832757472991943
7477,4.2820258140563965
7478,2.0896174907684326
7479,6.1664862632751465
7480,4.023384094238281
7481,5.5910258293151855
7482,5.503040790557861
7483,4.4414801597595215
7484,4.056517124176025
7485,5.155961513519287
7486,4.682598114013672
7487,6.480969429016113
7488,3.232647180557251
7489,5.518462181091309
7490,4.187238693237305
7491,3.828669786453247
7492,6.081732749938965
7493,4.739630222320557
7494,6.160153388977051
7495,3.383366107940674
7496,4.282029628753662
7497,2.08931303024292
7498,6.165600776672363
7499,4.023055076599121
7500,5.590476989746094
7501,5.502791404724121
7502,4.441457271575928
7503,4.056103706359863
7504,5.155637741088867
7505,4.6820831298828125
7506,6.480762958526611
7507,3.2323384284973145
7508,5.518346309661865
7509,4.187133312225342
7510,3.828364849090576
7511,6.080768585205078
7512,4.73887300491333
7513,6.15968132019043
7514,3.383418083190918
7515,4.281981945037842
7516,2.0890181064605713
7517,6.164754390716553
7518,4.022722244262695
7519,5.589905261993408
7520,5.50253963470459
7521,4.441438674926758
7522,4.055706024169922
7523,5.1553497314453125
7524,4.6815690994262695
7525,6.480566024780273
7526,3.232041835784912
7527,5.518227577209473
7528,4.187024116516113
7529,3.828059434890747
7530,6.079786777496338
7531,4.738102436065674
7532,6.159218788146973
7533,3.383431911468506
7534,4.281890392303467
7535,2.088733196258545
7536,6.1639628410339355
7537,4.02239465713501
7538,5.5893168449401855
7539,5.5022664070129395
7540,4.441410064697266
7541,4.055304050445557
7542,5.155089855194092
7543,4.6810712814331055
7544,6.480374336242676
7545,3.231755495071411
7546,5.518111705780029
7547,4.186911106109619
7548,3.827763080596924
7549,6.078793048858643
7550,4.737341403961182
7551,6.158788204193115
7552,3.383423089981079
7553,4.281763553619385
7554,2.0884530544281006
7555,6.163200855255127
7556,4.022054195404053
7557,5.588714122772217
7558,5.501992702484131
7559,4.441380023956299
7560,4.054912567138672
7561,5.154850006103516
7562,4.680587291717529
7563,6.480188846588135
7564,3.2314839363098145
7565,5.518010139465332
7566,4.186800479888916
7567,3.827469825744629
7568,6.07778787612915
7569,4.736588001251221
7570,6.158368110656738
7571,3.3833959102630615
7572,4.281619071960449
7573,2.088181734085083
7574,6.162475109100342
7575,4.021720886230469
7576,5.5880889892578125
7577,5.5017218589782715
7578,4.441351413726807
7579,4.054527759552002
7580,5.154635429382324
7581,4.680107593536377
7582,6.479996681213379
7583,3.2312209606170654
7584,5.517932891845703
7585,4.186720848083496
7586,3.827127695083618
7587,6.076758861541748
7588,4.735767841339111
7589,6.157909393310547
7590,3.383315086364746
7591,4.281423568725586
7592,2.0879154205322266
7593,6.161790370941162
7594,4.021387100219727
7595,5.587462425231934
7596,5.501411437988281
7597,4.44129753112793
7598,4.054144859313965
7599,5.154461860656738
7600,4.679638862609863
