lambda_theta,sigma_theta_kPa,lambda_z,sigma_z_kPa,pressure_kPa,od_mm,length_mm,F_transducer_mN,F_vessel_mN
1.24516790693686,1.18716676265079,1.566,15.3471266405371,0.6559344,8.502,60.291,494.3532265,509.802839400217
1.24516790693686,1.18716676265079,1.566,15.5717889190583,0.6559344,8.502,60.291,501.81608715,517.265700050217
1.26260928473038,1.28740553731896,1.566,15.6148823524006,0.686598,8.579,60.291,501.81608715,518.697183297338
1.26260928473038,1.28740553731896,1.566,15.7492073678107,0.686598,8.579,60.291,506.2781129,523.159209047338
1.26260928473038,1.28740553731896,1.566,15.7492073678107,0.686598,8.579,60.291,506.2781129,523.159209047338
1.26463940378085,1.29315569563497,1.566,15.7835023707759,0.68686464,8.588,60.291,507.32742445,524.298424895253
1.26463940378085,1.29315569563497,1.566,15.7835023707759,0.68686464,8.588,60.291,507.32742445,524.298424895253
1.28216265299289,1.33102814585752,1.566,15.8022561464705,0.68286504,8.666,60.291,507.32742445,524.921390243916
1.28216265299289,1.33102814585752,1.566,15.7594492734277,0.68286504,8.666,60.291,505.9054602,523.499425993916
1.28216265299289,1.35519558388265,1.566,15.7690661035515,0.6952638,8.666,60.291,505.9054602,523.818879101849
1.29711694867121,1.39514852846606,1.566,15.6491805674607,0.6952638,8.733,60.291,501.28652805,519.836505845041
1.29711694867121,1.43153207590065,1.566,15.6637436334197,0.71339532,8.733,60.291,501.28652805,520.320263655229
1.30000849337168,1.43951363771468,1.566,15.563068519869,0.71339532,8.746,60.291,497.81497395,516.976024701108
1.30000849337168,1.46211112333756,1.566,15.5721235204621,0.7245942,8.746,60.291,497.81497395,517.276814882961
1.30000849337168,1.46211112333756,1.566,15.5809801148847,0.7245942,8.746,60.291,498.10917345,517.571014382961
1.31596640597554,1.49552912401431,1.566,15.5979505304261,0.71899476,8.818,60.291,498.10917345,518.134739843202
1.31596640597554,1.49552912401431,1.566,15.427018258069,0.71899476,8.818,60.291,492.4311231,512.456689493202
1.33468690037719,1.69915710762155,1.566,15.5136873494271,0.78885444,8.903,60.291,492.4311231,515.335674589075
1.33468690037719,1.69915710762155,1.566,15.740711386461,0.78885444,8.903,60.291,499.97243695,522.876988439074
1.33468690037719,1.68221435464712,1.566,15.7338360008461,0.78098856,8.903,60.291,499.97243695,522.648600989716
1.36743195434579,1.78516512935676,1.566,15.6648924196045,0.78098856,9.053,60.291,496.03016365,520.358424183421
1.36743195434579,1.84397989036152,1.566,15.6890216697954,0.80671932,9.053,60.291,496.03016365,521.159952739746
1.41271154741805,1.99527572612306,1.566,15.8922830795015,0.80671932,9.263,60.291,500.34508965,527.911916559146
1.41271154741805,2.05924589483366,1.566,15.9188894836183,0.8325834,9.263,60.291,500.34508965,528.795731535245
1.41271154741805,2.05924589483366,1.566,15.874311291691,0.8325834,9.263,60.291,498.8642855,527.314927385245
1.45190562969504,2.26504961873043,1.566,15.9700524196432,0.85778088,9.447,60.291,498.8642855,530.495268567058
1.45190562969504,2.26504961873043,1.566,15.9921939056998,0.85778088,9.447,60.291,499.59978425,531.230767317058
1.49489754216226,2.39941431905962,1.566,16.0595084590297,0.84804852,9.651,60.291,499.59978425,533.466830863305
1.49489754216226,2.39941431905962,1.566,15.9511627872593,0.84804852,9.651,60.291,496.0007437,529.867790313305
1.49489754216226,2.44279313476341,1.566,15.9695948778873,0.86338032,9.651,60.291,496.0007437,530.480069885783
1.52643829390453,2.56536984893559,1.566,16.0398901619365,0.86338032,9.802,60.291,496.34397645,532.815147730915
1.52643829390453,2.69649051292535,1.566,16.0960073229157,0.90750924,9.802,60.291,496.34397645,534.679254848577
1.56292714832086,2.84890117750457,1.566,16.2896781761264,0.90750924,9.978,60.291,500.2960564,541.112638320833
1.56292714832086,2.74175872099786,1.566,16.243467143367,0.87337932,9.978,60.291,500.2960564,539.577594252707
1.56292714832086,2.74175872099786,1.566,16.199774610882,0.87337932,9.978,60.291,498.8446722,538.126210052707
1.59155332342096,3.03427716178971,1.566,16.333369890718,0.92684064,10.117,60.291,498.8446722,542.563995351943
1.59155332342096,3.03427716178971,1.566,16.1630280579891,0.92684064,10.117,60.291,493.18623515,536.905558301943
1.62431124323981,3.11479195276491,1.566,16.2061904977195,0.9079092,10.277,60.291,493.18623515,538.3393338122
1.62431124323981,3.11479195276491,1.566,16.2422073150383,0.9079092,10.277,60.291,494.38264645,539.5357451122
1.62431124323981,3.16098783928903,1.566,16.2623671349454,0.92137452,10.277,60.291,494.38264645,540.205416619525
1.65829824014804,3.31413290132157,1.566,16.4428491995466,0.92137452,10.444,60.291,497.87381385,546.200693204488
1.65829824014804,3.31173517819806,1.566,16.4417966496565,0.92070792,10.444,60.291,497.87381385,546.165729465988
1.68886272411042,3.45206511610267,1.566,16.3013479769841,0.92070792,10.595,60.291,490.91109235,541.500287276355
1.68886272411042,3.86095438123038,1.566,16.48173667526,1.02976368,10.595,60.291,490.91109235,547.492462406641
1.68886272411042,3.86095438123038,1.566,16.6813052695837,1.02976368,10.595,60.291,497.54038775,554.121757806641
1.7182753606261,3.90294724125097,1.566,16.7076249251875,1.00109988,10.741,60.291,497.54038775,554.996047533517
1.7182753606261,3.90294724125097,1.566,16.7362612471541,1.00109988,10.741,60.291,498.4916328,555.947292583517
1.73694322963171,4.05666760139469,1.566,16.8093139863208,1.01549844,10.834,60.291,498.4916328,558.373967929687
1.73694322963171,4.05666760139469,1.566,16.6903404012432,1.01549844,10.834,60.291,494.53955285,554.421887979687
1.73694322963171,3.93310886652222,1.566,16.6354334179155,0.9845682,10.834,60.291,494.53955285,552.597980699907
1.76934297476362,4.09974514190707,1.566,16.815770926786,0.9845682,10.996,60.291,497.79536065,558.588455413898
1.76934297476362,4.30514875768305,1.566,16.9074626856518,1.0338966,10.996,60.291,497.79536065,561.634284129218
1.7850907798134,4.39136763227632,1.566,17.1360738646106,1.0338966,11.075,60.291,503.97355015,569.228319865132
1.7850907798134,4.62749919935036,1.566,17.241704852399,1.08949104,11.075,60.291,503.97355015,572.737183691206
1.7850907798134,4.62749919935036,1.566,17.2673889762247,1.08949104,11.075,60.291,504.8267287,573.590362241207
1.81371239423718,4.70198732268143,1.566,17.3084636675246,1.06842648,11.219,60.291,504.8267287,574.954786653843
1.81371239423718,4.70198732268143,1.566,17.5735710605759,1.06842648,11.219,60.291,513.6331004,583.761158353843
1.80795673750734,4.64375581300031,1.566,17.5459151291673,1.06269372,11.19,60.291,513.6331004,582.842480044306
1.80795673750734,4.64375581300031,1.566,17.4561683056844,1.06269372,11.19,60.291,510.6518788,579.861258444306
1.80795673750734,4.82610377053,1.566,17.5379811161031,1.10442288,11.19,60.291,510.6518788,582.5789269713
1.82976672052259,4.95664725223821,1.566,17.7628854343971,1.10442288,11.3,60.291,515.97688975,590.049827729805
1.82976672052259,4.99793270134546,1.566,17.7814589193336,1.11362196,11.3,60.291,515.97688975,590.666804156725
1.85684954899546,5.16358387956652,1.566,17.7622159657355,1.11362196,11.437,60.291,512.6132088,590.02758923314
1.85684954899546,5.16358387956652,1.566,17.7622159657355,1.11362196,11.437,60.291,512.6132088,590.02758923314
1.85684954899546,5.40899783864564,1.566,18.1395624029013,1.16655,11.437,60.291,521.46861375,602.562332029657
1.86040146617933,5.43194467752695,1.566,18.1509275303048,1.16655,11.455,60.291,521.46861375,602.93986030294
1.86040146617933,5.33137610178302,1.566,18.1055191355142,1.14495216,11.455,60.291,521.46861375,601.43147836676
1.86020417573173,5.33012399367609,1.566,18.3700063622394,1.14495216,11.454,60.291,530.27498545,610.217249301459
1.86020417573173,5.21840737527114,1.566,18.3195655886125,1.12095456,11.454,60.291,530.27498545,608.541701153664
1.86020417573173,5.21840737527114,1.566,18.1347579849932,1.12095456,11.454,60.291,524.13602255,602.402738253664
1.8889618866867,6.06107405572077,1.566,18.5241087179123,1.2585408,11.6,60.291,524.13602255,615.336241300444
1.8889618866867,6.06107405572077,1.566,18.4674265136074,1.2585408,11.6,60.291,522.25314575,613.453364500445
1.90742884562325,6.07576055391969,1.566,18.4795849919668,1.23480984,11.694,60.291,522.25314575,613.857246408479
1.90742884562325,6.07576055391969,1.566,18.5988537968585,1.23480984,11.694,60.291,526.21503235,617.819133008479
1.90742884562325,6.19252641211422,1.566,18.6518512461243,1.2585408,11.694,60.291,526.21503235,619.579609138603
1.88384742860576,6.02489422198742,1.566,18.7677444611869,1.2585408,11.574,60.291,532.82471445,623.429364958699
1.88384742860576,6.30316264156226,1.566,18.8937210404046,1.31666832,11.574,60.291,532.82471445,627.614071274567
1.89014173710735,6.34975984453833,1.566,19.2610389690728,1.31666832,11.606,60.291,544.25926835,639.815685777641
1.89014173710735,6.38897970587053,1.566,19.2788067601751,1.32480084,11.606,60.291,544.25926835,640.405898562482
1.89014173710735,6.38897970587053,1.566,19.2433803824845,1.32480084,11.606,60.291,543.08247035,639.229100562482
1.89407347098508,6.75550750855642,1.566,19.4107445889706,1.39439388,11.626,60.291,543.08247035,644.788626438497
1.89407347098508,6.75550750855642,1.566,19.502262731338,1.39439388,11.626,60.291,546.12253185,647.828687938497
1.91802104094977,6.98034815862958,1.566,19.6122684647812,1.40145984,11.748,60.291,546.12253185,651.482872632037
1.91802104094977,6.98034815862958,1.566,19.6426761056323,1.40145984,11.748,60.291,547.1326168,652.492957582037
1.91802104094977,7.29576533664985,1.566,19.7859972446219,1.46478684,11.748,60.291,547.1326168,657.253817729627
1.91311871941195,7.25477900915215,1.566,19.7243447377061,1.46478684,11.723,60.291,545.7596858,655.205836774107
1.91311871941195,7.65624489042679,1.566,19.9066712289768,1.5458454,11.723,60.291,545.7596858,661.262381762935
1.90880257805076,7.61825410729685,1.566,20.0584733300143,1.5458454,11.701,60.291,551.4279295,666.304963605678
1.90880257805076,7.83638781696676,1.566,20.1574938886198,1.59010764,11.701,60.291,551.4279295,669.59424133945
1.90880257805076,7.83638781696676,1.566,20.1796353746765,1.59010764,11.701,60.291,552.16342825,670.32974008945
1.93975729852851,8.19212162263832,1.566,20.3530643693479,1.6045062,11.859,60.291,552.16342825,676.090726884484
1.93975729852851,8.19212162263832,1.566,20.32649458608,1.6045062,11.859,60.291,551.28082975,675.208128384484
1.92664303403515,8.49809993957889,1.566,20.4606608512148,1.68943104,11.792,60.291,551.28082975,679.664880747287
1.92664303403515,8.49809993957889,1.566,20.6646577427498,1.68943104,11.792,60.291,558.0572249,686.441275897287
1.92664303403515,8.98094652705496,1.566,20.8842531406044,1.78542144,11.792,60.291,558.0572249,693.735824249405
1.93095114887786,9.02515233616423,1.566,20.8934817165434,1.78542144,11.814,60.291,557.63553895,694.042380279567
1.93095114887786,8.8101714822786,1.566,20.7956665448331,1.74289236,11.814,60.291,557.63553895,690.793143243715
1.92096122548112,8.71025344108496,1.566,20.7396216706866,1.74289236,11.763,60.291,557.41979265,688.931437359422
1.92096122548112,9.05871688097538,1.566,20.8980071866403,1.81261872,11.763,60.291,557.41979265,694.19270793106
1.92096122548112,9.05871688097538,1.566,20.8389632238227,1.81261872,11.763,60.291,555.45846265,692.23137793106
1.91351099821174,9.28082391408815,1.566,20.9366237138475,1.87301268,11.725,60.291,555.45846265,695.475476730659
1.91351099821174,9.28082391408815,1.566,20.938395032732,1.87301268,11.725,60.291,555.51730255,695.534316630659
1.90880257805076,9.35084022898222,1.566,20.9680776221361,1.89741024,11.701,60.291,555.51730255,696.520316727837
1.90880257805076,9.35084022898222,1.566,21.1697127551584,1.89741024,11.701,60.291,562.2152445,703.218258677837
1.90880257805076,9.75622727376033,1.566,21.3537359017235,1.97966868,11.701,60.291,562.2152445,709.331163381865
1.91782499651885,9.85805509780431,1.566,21.3575771588437,1.97966868,11.747,60.291,560.6657938,709.458762758126
1.91782499651885,9.85805509780431,1.566,21.3575771588437,1.97966868,11.747,60.291,560.6657938,709.458762758126
1.90664376540693,9.7319339127521,1.566,21.0889843524104,1.97966868,11.69,60.291,553.8207521,700.536612145223
1.90664376540693,10.2208572543181,1.566,21.3108773059025,2.0791254,11.69,60.291,553.8207521,707.907480997923
1.90664376540693,10.2208572543181,1.566,21.2326440551691,2.0791254,11.69,60.291,551.22198985,705.308718747923
1.92135318196201,10.3306137299069,1.566,21.2897294540558,2.06619336,11.765,60.291,551.22198985,707.204988917731
1.92135318196201,10.3306137299069,1.566,21.4662709028806,2.06619336,11.765,60.291,557.08636655,713.069365617731
1.93975729852851,11.0340084339815,1.566,21.7954670988551,2.1611172,11.859,60.291,557.08636655,724.0046474694
1.93975729852851,11.0340084339815,1.566,21.8099328697454,2.1611172,11.859,60.291,557.5668924,724.4851733194
1.93975729852851,11.2368544866235,1.566,21.9023094709633,2.20084656,11.859,60.291,557.5668924,727.553751216623
1.90664376540693,10.8192312635,1.566,21.6169840650869,2.20084656,11.69,60.291,554.96813015,718.075774949417
1.90664376540693,10.730097785681,1.566,21.576531730402,2.18271504,11.69,60.291,554.96813015,716.732024059381
1.90860634285376,10.7544468146514,1.566,21.2062930356098,2.18271504,11.7,60.291,542.2685184,704.433387169113
1.90860634285376,10.8588908070487,1.566,21.2537038035751,2.20391292,11.7,60.291,542.2685184,706.008284196617
1.90860634285376,10.8588908070487,1.566,21.2852923236826,2.20391292,11.7,60.291,543.31782995,707.057595746617
1.90860634285376,10.7393385641788,1.566,21.2310233943134,2.17964868,11.7,60.291,543.31782995,705.254883425826
1.90860634285376,10.7393385641788,1.566,21.3461591218078,2.17964868,11.7,60.291,547.14242345,709.079476925826
1.90860634285376,10.9219513307604,1.566,21.4290534205146,2.21671164,11.7,60.291,547.14242345,711.83307047077
1.90762510541315,10.9095846597572,1.566,21.7417600223401,2.21671164,11.695,60.291,557.73360545,722.220598849453
1.90762510541315,10.3413702906377,1.566,21.4838546526455,2.10125652,11.695,60.291,557.73360545,713.653464893603
1.90252101305164,10.2804903783532,1.566,21.356252455039,2.10125652,11.669,60.291,554.49741095,709.414758575663
1.90252101305164,9.59234131743308,1.566,21.044080725775,1.96060392,11.669,60.291,554.49741095,699.044997662962
1.93055958084194,9.90626814540997,1.566,21.0527141527337,1.96060392,11.812,60.291,549.61369925,699.331783957256
1.93055958084194,9.51758891789048,1.566,20.8758742199965,1.88367828,11.812,60.291,549.61369925,693.457492180017
1.93055958084194,9.51758891789048,1.566,20.8035453655448,1.88367828,11.812,60.291,547.21107,691.054862930017
1.9289931513923,9.17449882005545,1.566,20.6467762861409,1.81901808,11.804,60.291,547.21107,685.847287356932
1.9289931513923,9.17449882005545,1.566,20.6160734254757,1.81901808,11.804,60.291,546.1911784,684.827395756932
1.91253027075641,9.0031105406547,1.566,20.53108844466,1.81901808,11.72,60.291,546.1911784,682.00435366306
1.91253027075641,8.99321266187209,1.566,20.5265935835351,1.81701828,11.72,60.291,546.1911784,681.855042784363
1.91253027075641,8.99321266187209,1.566,20.6378914534464,1.81701828,11.72,60.291,549.88828545,685.552149834363
1.92037326074958,8.51396160397948,1.566,20.4234360933969,1.70476284,11.76,60.291,549.88828545,678.428343923422
1.92037326074958,8.51396160397948,1.566,20.6418987558223,1.70476284,11.76,60.291,557.14520645,685.685264923422
1.91154944168136,8.38392493663902,1.566,20.5792673253625,1.6958304,11.715,60.291,557.14520645,683.604765958896
1.91154944168136,8.38392493663902,1.566,20.4540941241891,1.6958304,11.715,60.291,552.98718685,679.446746358896
1.91154944168136,8.25210221750948,1.566,20.3942365136928,1.6691664,11.715,60.291,552.98718685,677.458388504982
1.89996791843269,8.14232859207794,1.566,20.1744952833785,1.6691664,11.656,60.291,547.49546285,670.158995871341
1.89996791843269,8.27629981332139,1.566,20.2352532439396,1.69663032,11.656,60.291,547.49546285,672.177261670255
1.90409180001387,8.31595276531068,1.566,20.2956494273159,1.69663032,11.677,60.291,548.84878055,674.183509907815
1.90409180001387,8.63549550476038,1.566,20.4406311295871,1.7618238,11.677,60.291,548.84878055,678.999530861451
1.90409180001387,8.63549550476038,1.566,20.4057951915247,1.7618238,11.677,60.291,547.69159585,677.842346161451
1.91566824183625,9.0442745324264,1.566,20.5963088239182,1.82075124,11.736,60.291,547.69159585,684.170852663905
1.91566824183625,9.0442745324264,1.566,20.6618476226458,1.82075124,11.736,60.291,549.86867215,686.347928963905
1.91213795133128,9.39807831933393,1.566,20.8209831569175,1.89967668,11.718,60.291,549.86867215,691.634113741121
1.91213795133128,9.39807831933393,1.566,21.0857953301547,1.89967668,11.718,60.291,558.6652372,700.430678791121
1.91213795133128,9.42512030200588,1.566,21.0980752256848,1.9051428,11.718,60.291,558.6652372,700.838593950447
1.9170407785355,9.47840647705319,1.566,21.055708763043,1.9051428,11.743,60.291,556.38028775,699.431259310158
1.9170407785355,9.9029117356476,1.566,21.2485781871771,1.9904676,11.743,60.291,556.38028775,705.838020807604
1.93134270120609,10.0661277123302,1.566,21.1603546866361,1.9904676,11.816,60.291,550.7610773,702.90740114628
1.93134270120609,10.3378389961928,1.566,21.2839868670505,2.04419556,11.816,60.291,550.7610773,707.014230919224
1.93134270120609,10.3378389961928,1.566,21.1534997092235,2.04419556,11.816,60.291,546.426538,702.679691619224
1.91253027075641,10.6534168630072,1.566,21.287616898421,2.1524514,11.72,60.291,546.426538,707.134813771189
1.91253027075641,10.6534168630072,1.566,21.2017079325213,2.1524514,11.72,60.291,543.57280285,704.281078621189
1.90703631372948,10.5461271108096,1.566,21.1501934524721,2.14431888,11.692,60.291,543.57280285,702.569863954468
1.90703631372948,10.5461271108096,1.566,21.2372832976281,2.14431888,11.692,60.291,546.4657646,705.462825704468
1.90703631372948,10.7356216852329,1.566,21.3232871098055,2.18284836,11.692,60.291,546.4657646,708.319711470396
1.91978525997048,10.8942829304994,1.566,21.3774478529433,2.18284836,11.757,60.291,545.65181265,710.118830046947
1.91978525997048,10.8703292149007,1.566,21.3665616135014,2.17804884,11.757,60.291,545.65181265,709.757209535966
1.90448445542184,10.6804553528056,1.566,21.1504988172001,2.17804884,11.679,60.291,541.6016662,702.580007599531
1.90448445542184,11.1426627308085,1.566,21.3602185907071,2.27230608,11.679,60.291,541.6016662,709.546506183694
1.90448445542184,11.1426627308085,1.566,21.2908419343964,2.27230608,11.679,60.291,539.29710345,707.241943433694
1.90369912808518,11.0208471541699,1.566,21.2351491522736,2.24950836,11.675,60.291,539.29710345,705.391933387819
1.90369912808518,11.0208471541699,1.566,21.3538275175371,2.24950836,11.675,60.291,543.23937675,709.334206687819
1.89289412820683,10.9246476795433,1.566,21.3043907168236,2.25804084,11.62,60.291,543.23937675,707.692008642225
1.89289412820683,10.9246476795433,1.566,21.3235800047394,2.25804084,11.62,60.291,543.876809,708.329440892225
1.89289412820683,10.6724461537299,1.566,21.2092906120416,2.20591272,11.62,60.291,543.876809,704.532961051057
1.90389546611538,10.8097191610854,1.566,21.2501716601843,2.20591272,11.676,60.291,542.9745972,705.890953000231
1.90389546611538,10.185805115465,1.566,20.967097736032,2.07859212,11.676,60.291,542.9745972,696.487766744385
1.90389546611538,10.185805115465,1.566,21.2277768318719,2.07859212,11.676,60.291,551.63386915,705.147038694385
1.90252101305164,9.78606669287696,1.566,21.0457580600531,2.00019996,11.669,60.291,551.63386915,699.100715570139
1.90252101305164,9.78606669287696,1.566,20.6466208714057,2.00019996,11.669,60.291,538.37527835,685.84212477014
1.91507995123954,9.83231782411875,1.566,20.6735611992088,1.98073524,11.733,60.291,538.37527835,686.737032066476
1.91507995123954,9.83231782411875,1.566,20.7240437874179,1.98073524,11.733,60.291,540.0522155,688.413969216476
1.91507995123954,9.34523524226835,1.566,20.5027885926664,1.88261172,11.733,60.291,540.0522155,681.064285516178
1.91802104094977,9.37685467541936,1.566,20.6589909589736,1.88261172,11.748,60.291,544.7201809,686.253035940254
1.91802104094977,9.18959647709996,1.566,20.5739034617208,1.84501548,11.748,60.291,544.7201809,683.426588442106
1.90899880915426,9.09468701805,1.566,20.747967059774,1.84501548,11.702,60.291,552.06536175,689.208655574419
1.90899880915426,8.96325140827978,1.566,20.6883013667951,1.81835148,11.702,60.291,552.06536175,687.226672861443
1.90899880915426,8.96325140827978,1.566,20.5970784442418,1.81835148,11.702,60.291,549.0351069,684.196418011443
1.90899880915426,9.07102860829136,1.566,20.6460043124845,1.84021596,11.702,60.291,549.0351069,685.821643836084
1.90899880915426,9.07102860829136,1.566,20.5417917181113,1.84021596,11.702,60.291,545.57335945,682.359896386084
1.90899880915426,9.26752484489783,1.566,20.6309919291147,1.88007864,11.702,60.291,545.57335945,685.322960541984
1.90899880915426,9.26752484489783,1.566,20.6664183068053,1.88007864,11.702,60.291,546.75015745,686.499758541984
1.90899880915426,8.71418092776523,1.566,20.4152257393643,1.7678232,11.702,60.291,546.75015745,678.155611320352
1.90841010356175,8.70826203513336,1.566,20.72404353132,1.7678232,11.699,60.291,557.10597985,688.413960709383
1.90841010356175,9.12922703999915,1.566,20.9151302291549,1.85328132,11.699,60.291,557.10597985,694.761503373853
1.90252101305164,9.0672607543613,1.566,20.8103116371497,1.85328132,11.669,60.291,554.6445107,691.279625816067
1.90252101305164,9.540811672113,1.566,21.0251331304632,1.95007164,11.669,60.291,554.6445107,698.415593989168
1.90252101305164,9.540811672113,1.566,20.8730949262077,1.95007164,11.669,60.291,549.59408595,693.365169239167
1.90664376540693,9.64869897390642,1.566,20.92396927059,1.96273704,11.69,60.291,549.59408595,695.055119796439
1.90664376540693,9.64869897390642,1.566,20.8516404161383,1.96273704,11.69,60.291,547.1914567,692.652490546439
1.91429550713596,10.205627180897,1.566,21.1081552278113,2.0577942,11.729,60.291,547.1914567,701.173432765921
1.91429550713596,10.205627180897,1.566,21.0582630792304,2.0577942,11.729,60.291,545.53413285,699.516108915921
1.91429550713596,10.40927688428,1.566,21.1507624542044,2.09885676,11.729,60.291,545.53413285,702.588765127667
1.9221370469603,10.5033458802562,1.566,21.1543035679504,2.09885676,11.769,60.291,544.10236195,702.706394302474
1.9221370469603,10.79023139944,1.566,21.2847163055381,2.15618436,11.769,60.291,544.10236195,707.038461501328
1.91194178551778,10.6646630790619,1.566,21.1368420027059,2.15618436,11.717,60.291,541.25843345,702.126353767817
1.91194178551778,11.146033514214,1.566,21.3554301191174,2.25350796,11.717,60.291,541.25843345,709.387442114568
1.91194178551778,11.146033514214,1.566,21.4292350726395,2.25350796,11.717,60.291,543.71009595,711.839104614568
1.90134274888764,11.0103398750675,1.566,21.3619665218798,2.25350796,11.663,60.291,543.71009595,709.604569187654
1.90134274888764,11.057890890324,1.566,21.3835348167958,2.26324032,11.663,60.291,543.71009595,710.321027600146
1.89721764507611,11.0050561742472,1.566,21.3549843678683,2.26324032,11.642,60.291,543.63164275,709.372635091875
1.89721764507611,11.1217450356613,1.566,21.4078887808808,2.28723792,11.642,60.291,543.63164275,711.130020731692
1.89721764507611,11.1217450356613,1.566,21.1903117778977,2.28723792,11.642,60.291,536.4041417,703.902519681692
1.90311008918887,11.4017001435548,1.566,21.320524332176,2.32883376,11.672,60.291,536.4041417,708.227937165463
1.90311008918887,11.4017001435548,1.566,21.2443576201412,2.32883376,11.672,60.291,533.874026,705.697821465463
1.90232464605627,11.4519775000687,1.566,21.2667286319126,2.34123252,11.668,60.291,533.874026,706.440944630369
1.90232464605627,11.4519775000687,1.566,21.1825909848974,2.34123252,11.668,60.291,531.07913075,703.646049380369
1.90232464605627,11.2680780834626,1.566,21.0991686700674,2.30363628,11.668,60.291,531.07913075,700.874916127492
1.89878933000466,11.2219582388812,1.566,21.3712324118771,2.30363628,11.65,60.291,540.8759741,709.912364721034
1.89878933000466,10.6056240546867,1.566,21.0917511822005,2.1771156,11.65,60.291,540.8759741,700.62852105535
1.91606041536072,10.8193283964689,1.566,21.1643342672195,2.1771156,11.738,60.291,539.76782265,703.039595369248
1.91606041536072,10.6490548264816,1.566,21.0869802498677,2.14285236,11.738,60.291,539.76782265,700.470039607531
1.91606041536072,10.6490548264816,1.566,21.2313427389568,2.14285236,11.738,60.291,544.5632745,705.265491457531
1.91194178551778,10.1668073550347,1.566,21.0102570692446,2.05552776,11.717,60.291,544.5632745,697.921439061931
1.91194178551778,10.1668073550347,1.566,20.9819159670921,2.05552776,11.717,60.291,543.6218361,696.980000661931
1.90546602174435,9.9674027767901,1.566,20.8882519934054,2.03033028,11.684,60.291,543.6218361,693.868658659392
1.90546602174435,9.9674027767901,1.566,20.7471369222712,2.03033028,11.684,60.291,538.9342574,689.181079959392
1.90546602174435,9.62378950882669,1.566,20.591211101134,1.96033728,11.684,60.291,538.9342574,684.001515848572
1.91488384628535,9.72886932874661,1.566,20.9202226959901,1.96033728,11.732,60.291,548.1328951,694.930665596394
1.91488384628535,9.26902410408129,1.566,20.7113442647401,1.86767988,11.732,60.291,548.1328951,687.992114828236
1.91174561563497,9.23560933230612,1.566,20.8671856718612,1.86767988,11.716,60.291,553.8599787,693.168874863344
1.91174561563497,9.19737210329093,1.566,20.8498226810208,1.85994732,11.716,60.291,553.8599787,692.592108786003
1.91174561563497,9.19737210329093,1.566,20.7556475603266,1.85994732,11.716,60.291,550.73165735,689.463787436003
1.90507340758437,9.03063626970696,1.566,20.6770256993258,1.84034928,11.682,60.291,550.73165735,686.852116279835
1.90507340758437,9.03063626970696,1.566,20.426974516793,1.84034928,11.682,60.291,542.4254248,678.545883729835
1.90860634285376,9.07283284900836,1.566,20.4476733702992,1.84141584,11.7,60.291,542.4254248,679.23346092503
1.90860634285376,9.07283284900836,1.566,20.3443464353683,1.84141584,11.7,60.291,538.9930973,675.80113342503
1.90860634285376,8.91386777881867,1.566,20.2721866501631,1.8091524,11.7,60.291,538.9930973,673.404120339144
1.90350278592172,8.86142952402468,1.566,20.2919503366664,1.8091524,11.674,60.291,540.51312805,674.060633035778
1.90350278592172,8.83857395782417,1.566,20.281581051882,1.8044862,11.674,60.291,540.51312805,673.716184791526
1.90684004162257,8.87275945411356,1.566,20.4514515312407,1.8044862,11.691,60.291,545.59297275,679.358964364257
1.90684004162257,9.18676401846674,1.566,20.5939623363057,1.86834648,11.691,60.291,545.59297275,684.092906734647
1.90684004162257,9.18676401846674,1.566,20.3769757729508,1.86834648,11.691,60.291,538.385085,676.885018984647
1.90684004162257,9.29623951376316,1.566,20.4266611684537,1.89061092,11.691,60.291,538.385085,678.535474884136
1.90684004162257,9.29623951376316,1.566,20.5004661219757,1.89061092,11.691,60.291,540.8367475,680.987137384136
1.90507340758437,9.69596205109583,1.566,20.681049686008,1.97593572,11.682,60.291,540.8367475,686.985785590342
1.90507340758437,9.69596205109583,1.566,20.5768370916349,1.97593572,11.682,60.291,537.37500005,683.524038140342
1.90507340758437,10.0021296673102,1.566,20.7157648837858,2.03832948,11.682,60.291,537.37500005,688.138959523938
1.90821386017321,10.0384961198383,1.566,20.817635561463,2.03832948,11.698,60.291,540.16008865,691.522912881973
1.90821386017321,10.356938831469,1.566,20.9621817709016,2.10298968,11.698,60.291,540.16008865,696.324467578324
1.90369912808518,10.3030192028611,1.566,20.7553679805984,2.10298968,11.675,60.291,534.17803215,689.4545003204
1.90369912808518,10.2710141349684,1.566,20.7408473754962,2.096457,11.675,60.291,534.17803215,688.972152980451
1.90369912808518,10.2710141349684,1.566,20.8831433258868,2.096457,11.675,60.291,538.90483745,693.698958280451
1.90566232264442,10.7153121557346,1.566,21.0857417623435,2.18218176,11.685,60.291,538.90483745,700.428899368632
1.90566232264442,10.7153121557346,1.566,21.0600576385178,2.18218176,11.685,60.291,538.0516589,699.575720818632
1.90782136110043,10.8483979033019,1.566,21.1215848693448,2.2037796,11.696,60.291,538.0516589,701.619540336821
1.90782136110043,10.8483979033019,1.566,21.0846823925838,2.2037796,11.696,60.291,536.82582765,700.393709086821
1.90782136110043,11.1411011982125,1.566,21.2175395207816,2.26324032,11.696,60.291,536.82582765,704.806974369388
1.89643170223331,10.9950027592757,1.566,21.1197299420242,2.26324032,11.638,60.291,535.98245575,701.557923120969
1.89643170223331,10.9801061367814,1.566,21.1129766848924,2.26017396,11.638,60.291,535.98245575,701.333592551369
1.90232464605627,11.0554851408612,1.566,21.0222146152632,2.26017396,11.668,60.291,531.72636965,698.318646373458
1.90232464605627,11.1800411287044,1.566,21.0787169632509,2.28563808,11.668,60.291,531.72636965,700.19554868303
1.90232464605627,11.1800411287044,1.566,21.2009379662835,2.28563808,11.668,60.291,535.78632275,704.25550178303
1.90094996096847,11.1068953143409,1.566,21.167011663923,2.27430588,11.661,60.291,535.78632275,703.128533479528
1.90094996096847,11.1068953143409,1.566,21.1510697939623,2.27430588,11.661,60.291,535.25676365,702.598974379528
1.89702116564612,11.1101309915197,1.566,21.1503981856445,2.28537144,11.641,60.291,535.25676365,702.576664807492
1.89702116564612,11.1101309915197,1.566,21.1096578513004,2.28537144,11.641,60.291,533.90344595,701.223347107492
1.89702116564612,10.6473708977182,1.566,20.8998560816,2.19018096,11.641,60.291,533.90344595,694.254124763166
1.89702116564612,10.6473708977182,1.566,20.7658262860039,2.19018096,11.641,60.291,529.45122685,689.801905663165
1.89702116564612,10.5449674035717,1.566,20.7193995638573,2.1691164,11.641,60.291,529.45122685,688.259696797054
1.91488384628535,10.7650097918055,1.566,20.9332846796028,2.1691164,11.732,60.291,532.9325876,695.36456025889
1.91488384628535,10.7650097918055,1.566,20.9332846796028,2.1691164,11.732,60.291,532.9325876,695.36456025889
1.91488384628535,10.350818265704,1.566,20.7451438192251,2.08565808,11.732,60.291,532.9325876,689.114872804406
1.90212827491684,10.1995313542893,1.566,20.6140508092189,2.08565808,11.667,60.291,531.0693241,684.760208228291
1.90212827491684,10.1467212008952,1.566,20.5900950385232,2.07485916,11.667,60.291,531.0693241,683.964442336295
1.90664376540693,10.1998846713018,1.566,20.8774234564752,2.07485916,11.69,60.291,539.7384027,693.508954917914
1.90664376540693,9.72079222802473,1.566,20.659992157544,1.97740224,11.69,60.291,539.7384027,686.286293883968
1.90664376540693,9.72079222802473,1.566,20.7243500770152,1.97740224,11.69,60.291,541.8762524,688.424143583969
1.91017610989682,9.64995493387481,1.566,20.693847203878,1.95500448,11.708,60.291,541.8762524,687.410895195559
1.91017610989682,9.64995493387481,1.566,20.8107542502569,1.95500448,11.708,60.291,545.7596858,691.294328595559
1.90958747791897,9.4033731628081,1.566,20.6985368785731,1.90634268,11.705,60.291,545.7596858,687.56667741665
1.90958747791897,9.4033731628081,1.566,20.4812550954041,1.90634268,11.705,60.291,538.5419914,680.34898301665
1.90958747791897,9.37378005893186,1.566,20.4678203537913,1.90034328,11.705,60.291,538.5419914,679.902706030654
1.90860634285376,9.36317401026391,1.566,20.5939351125148,1.90034328,11.7,60.291,542.90595065,684.092002411235
1.90860634285376,9.43346021898415,1.566,20.625840472089,1.91460852,11.7,60.291,542.90595065,685.151838775656
1.90978369266366,9.44628354198135,1.566,20.4435523173312,1.91460852,11.706,60.291,536.6395013,679.096567254075
1.90978369266366,8.78851015976693,1.566,20.144928708196,1.78128852,11.706,60.291,536.6395013,669.176849549592
1.90978369266366,8.78851015976693,1.566,20.4676039649945,1.78128852,11.706,60.291,547.35816975,679.895517999592
1.90193189963182,8.80751109930938,1.566,20.4728775728545,1.80141984,11.666,60.291,547.35816975,680.070697388145
1.90193189963182,8.80751109930938,1.566,20.4333181177667,1.80141984,11.666,60.291,546.04407865,678.756606288145
1.90644748508104,8.97685050903155,1.566,20.5121026838118,1.826484,11.689,60.291,546.04407865,681.373682201536
1.90644748508104,8.97685050903155,1.566,20.6558747332728,1.826484,11.689,60.291,550.8199172,686.149520751536
1.90644748508104,9.2677790948717,1.566,20.7879069878501,1.88567808,11.689,60.291,550.8199172,690.535385275396
1.91488384628535,9.35834655779326,1.566,20.546444782363,1.88567808,11.732,60.291,541.3074667,682.514462476727
1.91488384628535,9.50060083592714,1.566,20.6110618510231,1.91434188,11.732,60.291,541.3074667,684.660920628027
1.90880257805076,9.43428294322342,1.566,20.5170719562194,1.91434188,11.701,60.291,539.27749015,681.538752135635
1.90880257805076,9.57685828960405,1.566,20.5817932249465,1.94327232,11.701,60.291,539.27749015,683.688671618251
1.90880257805076,9.57685828960405,1.566,20.4076135346344,1.94327232,11.701,60.291,533.49156665,677.902748118251
1.9272306167177,10.4344680001594,1.566,20.8060669374568,2.07299268,11.795,60.291,533.49156665,691.1386248322
1.9272306167177,10.4344680001594,1.566,20.9793609683266,2.07299268,11.795,60.291,539.2480702,696.8951283822
1.91213795133128,10.0800639311096,1.566,20.8109530733354,2.03752956,11.718,60.291,539.2480702,691.300933126318
1.91213795133128,10.0800639311096,1.566,21.0117025469155,2.03752956,11.718,60.291,545.9165922,697.969455126318
1.91213795133128,10.5067996088841,1.566,21.205485288573,2.1237876,11.718,60.291,545.9165922,704.406555323486
1.90114635700473,10.3741806095507,1.566,20.8090947639213,2.1237876,11.662,60.291,534.9331442,691.239203563643
1.90114635700473,10.5448042956588,1.566,20.8864849973424,2.15871744,11.662,60.291,534.9331442,693.809962355437
1.89937864297168,10.5231977076115,1.566,20.9708358029596,2.15871744,11.653,60.291,538.0908855,696.611938335474
1.89937864297168,10.6388800934782,1.566,21.0232961648359,2.1824484,11.653,60.291,538.0908855,698.354573427168
1.89937864297168,10.6388800934782,1.566,20.7974530070583,2.1824484,11.653,60.291,530.58879825,690.852486177168
1.89485961528854,10.8805175264624,1.566,20.9046154045303,2.2437756,11.63,60.291,530.58879825,694.412220568349
1.89485961528854,10.8805175264624,1.566,20.8544280361353,2.2437756,11.63,60.291,528.92166775,692.745090068349
1.89584220110328,10.7253346104913,1.566,20.7846086550092,2.20924572,11.635,60.291,528.92166775,690.425820828126
1.89584220110328,10.7253346104913,1.566,20.9537696084818,2.20924572,11.635,60.291,534.5408782,696.045031278126
1.89584220110328,10.9292137006069,1.566,21.0461905435117,2.25124152,11.635,60.291,534.5408782,699.115081861652
1.91468773728435,11.1700659765615,1.566,21.00262592813,2.25124152,11.731,60.291,529.1276074,697.667946828553
1.91468773728435,11.5206602539261,1.566,21.161875317492,2.32190112,11.731,60.291,529.1276074,702.957913658893
1.91880517845823,11.575261251499,1.566,21.4655689665428,2.32190112,11.752,60.291,538.31643845,713.046048605599
1.91880517845823,11.1871151461433,1.566,21.2891863560877,2.24404224,11.752,60.291,538.31643845,707.186948219123
1.91880517845823,11.1871151461433,1.566,21.1956016750217,2.24404224,11.752,60.291,535.2077304,704.078240169123
1.91253027075641,10.9820264385896,1.566,21.0991148204503,2.21884476,11.72,60.291,535.2077304,700.873127343939
1.91253027075641,10.9820264385896,1.566,21.1661297182483,2.21884476,11.72,60.291,537.43383995,703.099236893939
1.9154721490135,10.6809227456464,1.566,21.0308953832958,2.15071824,11.735,60.291,537.43383995,698.607005249674
1.9154721490135,10.6809227456464,1.566,21.1232991851055,2.15071824,11.735,60.291,540.5033214,701.676486699674
1.9154721490135,10.4458788840853,1.566,21.0165271054691,2.10338964,11.735,60.291,540.5033214,698.129717936881
1.90252101305164,10.2909267622155,1.566,20.9999329803884,2.10338964,11.669,60.291,542.503878,697.578492141874
1.90252101305164,10.2087402393,1.566,20.9626499113009,2.08659132,11.669,60.291,542.503878,696.340018326708
1.90664376540693,10.2575592745965,1.566,21.0001353757723,2.08659132,11.69,60.291,542.94517725,697.585215337938
1.90664376540693,9.87677581420797,1.566,20.8273206224494,2.0091324,11.69,60.291,542.94517725,691.844632491532
1.90664376540693,9.87677581420797,1.566,20.6617023067459,2.0091324,11.69,60.291,537.4436466,686.343101841532
1.89485961528854,9.4685715800694,1.566,20.4709897265086,1.95260472,11.63,60.291,537.4436466,680.007986663847
1.89485961528854,9.4685715800694,1.566,20.5409568224475,1.95260472,11.63,60.291,539.76782265,682.332162713847
1.90271737590451,9.53319616976201,1.566,20.5739211956887,1.94807184,11.67,60.291,539.76782265,683.427177531344
1.90271737590451,9.53319616976201,1.566,20.401217604447,1.94807184,11.67,60.291,534.0309324,677.690287281344
1.90271737590451,9.53319616976201,1.566,20.401217604447,1.94807184,11.67,60.291,534.0309324,677.690287281344
1.90742884562325,9.44819469424588,1.566,20.3648175093347,1.92020796,11.694,60.291,534.0309324,676.481144209984
1.90742884562325,9.44819469424588,1.566,20.5212840108015,1.92020796,11.694,60.291,539.2284569,681.678668709984
1.91272642437104,9.37672825830367,1.566,20.4912392539386,1.89407724,11.721,60.291,539.2284569,680.680638087278
1.91272642437104,9.37672825830367,1.566,20.492715353009,1.89407724,11.721,60.291,539.27749015,680.729671337278
1.91272642437104,9.25660687145133,1.566,20.4381642566988,1.869813,11.721,60.291,539.27749015,678.917585958515
1.90094996096847,9.13149696838217,1.566,20.416587367942,1.869813,11.661,60.291,540.6210012,678.200842074708
1.90094996096847,9.15428501785763,1.566,20.4269231847685,1.8744792,11.661,60.291,540.6210012,678.544178575999
1.91468773728435,9.30067082970834,1.566,20.4664291681638,1.8744792,11.731,60.291,539.5226564,679.856493446396
1.91468773728435,9.30133232834488,1.566,20.4667296387098,1.87461252,11.731,60.291,539.5226564,679.866474515888
1.91468773728435,9.30133232834488,1.566,20.9325865053411,1.87461252,11.731,60.291,554.9975501,695.341368215888
1.92390050981309,9.254360529552,1.566,20.9152978244566,1.84554876,11.778,60.291,554.9975501,694.767070576281
1.92390050981309,9.254360529552,1.566,20.649009552149,1.84554876,11.778,60.291,546.1519518,685.921472276281
1.90644748508104,9.15376654096137,1.566,20.595639986307,1.8624804,11.689,60.291,546.1519518,684.148635129559
1.90644748508104,9.15376654096137,1.566,20.4979222278438,1.8624804,11.689,60.291,542.90595065,680.902633979559
1.90644748508104,9.48597553425181,1.566,20.6486887888138,1.93007364,11.689,60.291,542.90595065,685.910817118291
1.90703631372948,9.49243236652517,1.566,20.7679110817775,1.93007364,11.692,60.291,546.7599641,689.871158679046
1.90703631372948,9.80126262449528,1.566,20.9080764642534,1.99286736,11.692,60.291,546.7599641,694.527190498258
1.90605491209241,9.79015203361246,1.566,20.6749540496589,1.99286736,11.687,60.291,539.19903695,686.783299953027
1.90605491209241,9.88118970638956,1.566,20.7162679872169,2.01139884,11.687,60.291,539.19903695,688.155671678838
1.90605491209241,9.88118970638956,1.566,20.8922189964136,2.01139884,11.687,60.291,545.04380035,694.000435078838
1.90546602174435,10.07539551815,1.566,20.9800641245199,2.05232808,11.684,60.291,545.04380035,696.91848591565
1.90546602174435,10.07539551815,1.566,21.0771914433549,2.05232808,11.684,60.291,548.2701882,700.14487376565
1.91037231238832,10.6098483455886,1.566,21.322232461221,2.14898508,11.709,60.291,548.2701882,708.284678017194
1.91037231238832,10.6098483455886,1.566,21.0305552849017,2.14898508,11.709,60.291,538.581218,698.595707817194
1.91037231238832,10.5413934645202,1.566,20.9994754014166,2.1351198,11.709,60.291,538.581218,697.563292224354
1.90841010356175,10.5175578048764,1.566,20.9572509230213,2.1351198,11.699,60.291,537.57113305,696.160674035145
1.90841010356175,10.8511774967201,1.566,21.1086893668592,2.20284636,11.699,60.291,537.57113305,701.191175865957
1.92233300322604,11.02621524519,1.566,20.8412120251289,2.20284636,11.77,60.291,525.80315305,692.306078903952
1.92233300322604,11.1303179855066,1.566,20.8885361282271,2.22364428,11.77,60.291,525.80315305,693.878097086681
1.92233300322604,11.1303179855066,1.566,20.9009353604188,2.22364428,11.77,60.291,526.21503235,694.289976386681
1.9154721490135,11.1139331272267,1.566,20.889865155647,2.23790952,11.735,60.291,526.21503235,693.922244891553
1.9154721490135,11.1139331272267,1.566,21.0616830874464,2.23790952,11.735,60.291,531.92250265,699.629715191553
1.91743289558208,11.0374610174804,1.566,21.0279764100161,2.21751156,11.745,60.291,531.92250265,698.510042417413
1.91743289558208,11.0374610174804,1.566,20.9766081623647,2.21751156,11.745,60.291,530.21614555,696.803685317413
1.91743289558208,11.1277090003084,1.566,21.0176130533929,2.23564308,11.745,60.291,530.21614555,698.165791095587
1.92409643021603,11.2129691459607,1.566,20.950363804505,2.23564308,11.779,60.291,526.5778784,695.931896840748
1.92409643021603,11.5446307057672,1.566,21.1011615486126,2.3017698,11.779,60.291,526.5778784,700.941115824982
1.90369912808518,11.2768876973119,1.566,20.9669377951483,2.3017698,11.675,60.291,526.52884515,696.482453807408
1.90369912808518,10.8235914296064,1.566,20.7612786126802,2.20924572,11.675,60.291,526.52884515,689.650840462013
1.90369912808518,10.8235914296064,1.566,20.8587011513294,2.20924572,11.675,60.291,529.76503965,692.887034962013
1.90880257805076,10.5367780180008,1.566,20.7311801140841,2.13805284,11.701,60.291,529.76503965,688.651024639458
1.90880257805076,10.5367780180008,1.566,20.8451349623222,2.13805284,11.701,60.291,533.55040655,692.436391539458
1.90409180001387,10.3050899818442,1.566,20.7376102018239,2.1024564,11.677,60.291,533.55040655,688.864620126359
1.90409180001387,10.3050899818442,1.566,20.845070214152,2.1024564,11.677,60.291,537.12002715,692.434240726359
1.90409180001387,10.2946345956863,1.566,20.8403264365726,2.10032328,11.677,60.291,537.12002715,692.276661308653
1.90193189963182,10.2689113275992,1.566,21.0832356204742,2.10032328,11.666,60.291,545.61258605,700.345650023604
1.90193189963182,9.79698725744672,1.566,20.869165685435,2.0037996,11.666,60.291,545.61258605,693.234647210548
1.90153913661876,9.79252761777347,1.566,20.5123960705812,2.0037996,11.664,60.291,533.8347994,681.383427961221
1.90153913661876,10.0036240215099,1.566,20.6081476692347,2.04699528,11.664,60.291,533.8347994,684.564116960145
1.90153913661876,10.0036240215099,1.566,20.7770134028932,2.04699528,11.664,60.291,539.4442032,690.173520760145
1.90546602174435,9.63295252930571,1.566,20.6107205533636,1.96220376,11.684,60.291,539.4442032,684.649583358194
1.90546602174435,9.63295252930571,1.566,20.4259129497443,1.96220376,11.684,60.291,533.3052403,678.510620458194
1.91174561563497,9.67599672854999,1.566,20.4483786981079,1.95673764,11.716,60.291,533.3052403,679.256890595481
1.91174561563497,9.67599672854999,1.566,20.9009506731053,1.95673764,11.716,60.291,548.33883475,694.290485045481
1.91174561563497,9.48085500805869,1.566,20.812339547437,1.91727492,11.716,60.291,548.33883475,691.346989202498
1.90899880915426,9.45087752052728,1.566,20.7815356884324,1.91727492,11.702,60.291,547.80927565,690.323742626586
1.90899880915426,9.0973157302454,1.566,20.6210349743192,1.84554876,11.702,60.291,547.80927565,684.992209128679
1.90919503616579,9.09937577699043,1.566,20.4027079419767,1.84554876,11.703,60.291,540.5229347,677.739793506326
1.90919503616579,9.57725240704693,1.566,20.6196463715457,1.9424724,11.703,60.291,540.5229347,684.946082341997
1.90919503616579,9.57725240704693,1.566,20.5461366378377,1.9424724,11.703,60.291,538.08107885,682.504226491997
1.9111570815557,9.27480721449088,1.566,20.4097138866815,1.87687896,11.713,60.291,538.08107885,677.972517884437
1.9111570815557,9.27480721449088,1.566,20.3568695399597,1.87687896,11.713,60.291,536.3256885,676.217127534437
1.91684471396733,9.51473506758777,1.566,20.4684008698947,1.91287536,11.742,60.291,536.3256885,679.921989689724
1.91684471396733,9.51473506758777,1.566,20.4684008698947,1.91287536,11.742,60.291,536.3256885,679.921989689724
1.91684471396733,9.51473506758777,1.566,20.4232322383392,1.91287536,11.742,60.291,534.82527105,678.421572239724
1.92076524124011,9.79542019175542,1.566,20.5525802632111,1.9604706,11.762,60.291,534.82527105,682.718271673765
1.92076524124011,9.79542019175542,1.566,20.6340609318995,1.9604706,11.762,60.291,537.53190645,685.424907073765
1.90978369266366,9.87580956056737,1.566,20.6654185371785,2.00166648,11.706,60.291,537.53190645,686.466548065102
1.90978369266366,9.87580956056737,1.566,20.5310935217683,2.00166648,11.706,60.291,533.0698807,682.004522315102
1.90978369266366,10.3046778057712,1.566,20.7257961149245,2.08859112,11.706,60.291,533.0698807,688.472178258424
1.89466308552171,10.1256794843579,1.566,20.6518278852119,2.08859112,11.629,60.291,533.5602132,686.015092028793
1.89466308552171,10.3764623031968,1.566,20.7654962879461,2.14031928,11.629,60.291,533.5602132,689.790943744966
1.91606041536072,10.6364665080778,1.566,20.808183142343,2.14031928,11.738,60.291,530.6966714,691.20892120005
1.91606041536072,10.6424293957428,1.566,20.8108920378923,2.14151916,11.738,60.291,530.6966714,691.298905643067
1.91606041536072,10.6424293957428,1.566,21.2315802729682,2.14151916,11.738,60.291,544.67114765,705.273381893067
1.91076470512871,10.9169084744064,1.566,21.3535043646063,2.21017896,11.711,60.291,544.67114765,709.323472151933
1.91076470512871,10.9169084744064,1.566,21.1684015411729,2.21017896,11.711,60.291,538.5223781,703.174702601933
1.90173552019964,11.3216446688376,1.566,21.3472146131715,2.31616836,11.665,60.291,538.5223781,709.114538374575
1.90173552019964,11.3216446688376,1.566,21.2037377835246,2.31616836,11.665,60.291,533.7563462,704.348506474574
1.90173552019964,11.0929048266249,1.566,21.0999810734827,2.26937304,11.665,60.291,533.7563462,700.901902649307
1.93564874337328,11.5328970874433,1.566,21.0205669747757,2.26937304,11.838,60.291,523.871243,698.263914838459
1.93564874337328,11.9461897218775,1.566,21.2087031484784,2.35069824,11.838,60.291,523.871243,704.51344661037
1.91723683907326,11.697752598772,1.566,21.2478713878023,2.35069824,11.744,60.291,529.2649005,705.81454225448
1.91723683907326,11.5166338113704,1.566,21.1655803124928,2.31430188,11.744,60.291,529.2649005,703.080986662433
1.91723683907326,11.5166338113704,1.566,21.1759130059859,2.31430188,11.744,60.291,529.60813325,703.424219412433
1.91174561563497,11.74937750877,1.566,21.2785740384224,2.37602904,11.716,60.291,529.60813325,706.834426877176
1.91174561563497,11.74937750877,1.566,21.2706031034421,2.37602904,11.716,60.291,529.3433537,706.569647327176
1.90919503616579,11.4263128752022,1.566,21.122501288819,2.31750156,11.703,60.291,529.3433537,701.649982077545
1.90919503616579,11.4263128752022,1.566,21.3545440626924,2.31750156,11.703,60.291,537.0513806,709.358008977545
1.90919503616579,11.4532632766222,1.566,21.3667785545939,2.32296768,11.703,60.291,537.0513806,709.764415913257
1.90566232264442,11.4066226173949,1.566,21.2323587874887,2.32296768,11.685,60.291,533.35427355,705.299242689189
1.90566232264442,11.6167652861382,1.566,21.3277199354188,2.3657634,11.685,60.291,533.35427355,708.466961645438
1.90742884562325,11.6405064812465,1.566,21.2724744412533,2.3657634,11.694,60.291,531.128164,706.631809668831
1.90742884562325,11.0966924562843,1.566,21.0256492421447,2.25524112,11.694,60.291,531.128164,698.432738253814
1.90742884562325,11.0966924562843,1.566,20.9976033598063,2.25524112,11.694,60.291,530.19653225,697.501106503814
1.90899880915426,10.8815541328761,1.566,20.9007819704048,2.20751256,11.702,60.291,530.19653225,694.284881057337
1.90899880915426,10.8815541328761,1.566,21.095331827889,2.20751256,11.702,60.291,536.6591146,700.747463407337
1.89898577183027,10.6275319940965,1.566,20.9748433072129,2.1811152,11.651,60.291,536.6591146,696.745060130523
1.89898577183027,10.6275319940965,1.566,21.0492387003632,2.1811152,11.651,60.291,539.1303904,699.216335930523
1.89898577183027,10.1883992539981,1.566,20.8501065292198,2.09099088,11.651,60.291,539.1303904,692.60153769222
1.89819997948952,10.1791041006112,1.566,20.7037937292016,2.09099088,11.647,60.291,534.4231984,687.741300161318
1.89819997948952,10.4004171902764,1.566,20.8041433661922,2.136453,11.647,60.291,534.4231984,691.074727392931
1.91096089538062,10.555134638018,1.566,20.9472643436223,2.136453,11.712,60.291,536.62969465,695.828938547929
1.91096089538062,10.1342465859934,1.566,20.7561608407757,2.05126152,11.712,60.291,536.62969465,689.480837652405
1.91096089538062,10.1342465859934,1.566,20.8943237137691,2.05126152,11.712,60.291,541.21920685,694.070349852405
1.92527186915802,10.2611787891539,1.566,20.9589408174852,2.043129,11.785,60.291,541.21920685,696.216809168201
1.92527186915802,10.2611787891539,1.566,20.8160544274664,2.043129,11.785,60.291,536.47278825,691.470390568201
1.91194178551778,9.88062274016341,1.566,20.6367455958784,1.99766688,11.717,60.291,536.47278825,685.514086589342
1.91194178551778,9.88062274016341,1.566,20.5862630076693,1.99766688,11.717,60.291,534.7958511,683.837149439342
1.91194178551778,10.007229758724,1.566,20.6437546766433,2.02326432,11.717,60.291,534.7958511,685.746915141501
1.91782499651885,10.0751460815057,1.566,20.8684355806436,2.02326432,11.747,60.291,541.14075365,693.210394495075
1.91782499651885,9.91780490983222,1.566,20.7969434277966,1.99166748,11.747,60.291,541.14075365,690.835558907286
1.92037326074958,9.94682665221314,1.566,20.8597498519319,1.99166748,11.76,60.291,542.74904425,692.921870834379
1.92037326074958,9.83230398107179,1.566,20.8076995681452,1.96873644,11.76,60.291,542.74904425,691.192857769748
1.92037326074958,9.83230398107179,1.566,20.5546961874715,1.96873644,11.76,60.291,534.3447452,682.788558719748
1.90782136110043,9.69136671736594,1.566,20.4848188715189,1.96873644,11.696,60.291,534.3447452,680.467364992955
1.90782136110043,9.674959582001,1.566,20.4773717230773,1.96540344,11.696,60.291,534.3447452,680.219984652004
1.93897484834296,10.0258668368274,1.566,20.5911563560438,1.96540344,11.855,60.291,532.3441886,683.999697319077
1.93897484834296,10.7957271854428,1.566,20.9417249744035,2.11632168,11.855,60.291,532.3441886,695.644931064159
1.93897484834296,10.7957271854428,1.566,20.9284400827696,2.11632168,11.855,60.291,531.90288935,695.203631814159
1.89937864297168,10.2417905554749,1.566,20.6569378491889,2.10098988,11.653,60.291,531.90288935,686.184835473656
1.89937864297168,10.2417905554749,1.566,20.5840185551091,2.10098988,11.653,60.291,529.4806468,683.762592923656
1.90684004162257,10.7836640576408,1.566,20.8336684179559,2.193114,11.691,60.291,529.4806468,692.055494384376
1.90684004162257,10.7836640576408,1.566,20.7991276997076,2.193114,11.691,60.291,528.33326875,690.908116334376
1.90684004162257,10.9960596293536,1.566,20.8955233173299,2.23630968,11.691,60.291,528.33326875,694.110198438773
1.91390326078242,11.0859715498825,1.566,21.1198879644148,2.23630968,11.727,60.291,534.3055186,701.563172329195
1.91390326078242,11.2386399311883,1.566,21.1892283365829,2.2671066,11.727,60.291,534.3055186,703.866529787848
1.89819997948952,11.0364489435663,1.566,21.0692158520545,2.2671066,11.647,60.291,533.64847305,699.879939541406
1.89819997948952,11.2376426614437,1.566,21.1604427947732,2.3084358,11.647,60.291,533.64847305,702.910327933781
1.89819997948952,11.2376426614437,1.566,21.0193277236389,2.3084358,11.647,60.291,528.96089435,698.222749233781
1.92703475977968,11.840397907676,1.566,21.309012905311,2.35283136,11.794,60.291,528.96089435,707.845549097732
1.92703475977968,11.840397907676,1.566,21.4377287442535,2.35283136,11.794,60.291,533.23659375,712.121248497732
1.89898577183027,11.7948715413698,1.566,21.401161461245,2.42069124,11.651,60.291,533.23659375,710.906551757195
1.89898577183027,11.7948715413698,1.566,20.8939738206413,2.42069124,11.651,60.291,516.38876905,694.058727057195
1.89898577183027,11.7292614722131,1.566,20.8642218246569,2.40722592,11.651,60.291,516.38876905,693.070421403247
1.89053498663181,11.6144109451025,1.566,20.8229450458118,2.40722592,11.608,60.291,516.9085215,691.699284020374
1.89053498663181,11.7404867395886,1.566,20.8800636819695,2.43335664,11.608,60.291,516.9085215,693.596658270152
1.89819997948952,11.845766899028,1.566,21.0583022241189,2.43335664,11.647,60.291,521.09596105,699.517409235895
1.89819997948952,11.8606941748706,1.566,21.0650706747077,2.436423,11.647,60.291,521.09596105,699.742244503717
1.89819997948952,11.8606941748706,1.566,21.2791050399217,2.436423,11.647,60.291,528.2057823,706.852065753717
1.90271737590451,11.9895665214698,1.566,21.3401876325264,2.45002164,11.67,60.291,528.2057823,708.881115221877
1.90271737590451,11.9895665214698,1.566,21.3803375272424,2.45002164,11.67,60.291,529.5394867,710.214819621877
1.89525266221359,11.6810505920805,1.566,21.2361061480867,2.4077592,11.632,60.291,529.5394867,705.423722998622
1.89525266221359,11.6810505920805,1.566,21.0188243649177,2.4077592,11.632,60.291,522.3217923,698.206028598622
1.89525266221359,11.5613942045094,1.566,20.964586107665,2.383095,11.632,60.291,522.3217923,696.404335148165
1.90350278592172,11.6726641666869,1.566,20.9509533933342,2.383095,11.674,60.291,520.03684285,695.951481878798
1.90350278592172,11.6406663740062,1.566,20.936436394636,2.37656232,11.674,60.291,520.03684285,695.469254336845
1.89918220948542,11.5824941002415,1.566,20.9574930843082,2.37656232,11.652,60.291,521.6941667,696.168718180123
1.89918220948542,11.2069369595515,1.566,20.7871867294588,2.29950336,11.652,60.291,521.6941667,690.511459638918
1.89918220948542,11.2069369595515,1.566,20.8069664570027,2.29950336,11.652,60.291,522.35121225,691.168505188918
1.90625120064338,11.1058411036077,1.566,20.7649467982365,2.26017396,11.688,60.291,522.35121225,689.772690724661
1.90625120064338,11.1058411036077,1.566,20.8107058694202,2.26017396,11.688,60.291,523.871243,691.292721474661
1.89859288400704,10.69475692314,1.566,20.6201549620057,2.19591372,11.649,60.291,523.871243,684.962976765731
1.89859288400704,10.69475692314,1.566,20.925412249773,2.19591372,11.649,60.291,534.0113191,695.103052865731
1.89859288400704,10.5902182876822,1.566,20.8780094502199,2.1744492,11.649,60.291,534.0113191,693.52842053398
1.90409180001387,10.6579592646721,1.566,20.9065692895522,2.1744492,11.677,60.291,533.84460605,694.477124973933
1.90409180001387,10.6958600394944,1.566,20.9237654832776,2.18218176,11.677,60.291,533.84460605,695.048350363117
1.91351099821174,10.8127643124632,1.566,20.9758172789203,2.18218176,11.725,60.291,533.64847305,696.777413648778
1.91351099821174,10.3311840837373,1.566,20.7570976529435,2.08499148,11.725,60.291,533.64847305,689.511956800262
1.91351099821174,10.3311840837373,1.566,20.8887656900269,2.08499148,11.725,60.291,538.02223895,693.885722700262
1.90428812978218,10.21723378892,1.566,20.8324661675564,2.08405824,11.678,60.291,538.02223895,692.015557874978
1.90428812978218,10.21723378892,1.566,20.6981411521463,2.08405824,11.678,60.291,533.5602132,687.553532124978
1.90369912808518,10.0267305555421,1.566,20.6114177862244,2.04659532,11.675,60.291,533.5602132,684.672744129619
1.90369912808518,10.0267305555421,1.566,20.6518629007545,2.04659532,11.675,60.291,534.90372425,686.016255179619
1.90369912808518,10.1906748829111,1.566,20.7262439595434,2.08005864,11.675,60.291,534.90372425,688.487054818947
1.90232464605627,10.1744634676881,1.566,20.5992342806757,2.08005864,11.668,60.291,530.9516443,684.268030865174
1.90232464605627,10.1216412948332,1.566,20.575272551948,2.06925972,11.668,60.291,530.9516443,683.472067058496
1.89780705826521,10.0687170046727,1.566,20.4105809908539,2.06925972,11.645,60.291,526.35232545,678.00132146308
1.89780705826521,10.0336863546983,1.566,20.3946977753973,2.06206044,11.645,60.291,526.35232545,677.473710755992
1.89780705826521,10.0336863546983,1.566,20.5620874099854,2.06206044,11.645,60.291,531.912696,683.034081305992
1.89702116564612,10.291551161728,1.566,20.6786082918814,2.11698828,11.641,60.291,531.912696,686.904687044208
1.89702116564612,10.291551161728,1.566,20.4049395242215,2.11698828,11.641,60.291,522.82193145,677.813922494208
1.90703631372948,11.0536316111681,1.566,20.7558437951528,2.24750856,11.692,60.291,522.82193145,689.470305989861
1.90703631372948,11.0536316111681,1.566,21.07409075474,2.24750856,11.692,60.291,533.39350015,700.041874689861
1.90703631372948,11.0536316111681,1.566,21.07409075474,2.24750856,11.692,60.291,533.39350015,700.041874689861
1.90369912808518,11.0495863988083,1.566,21.0704657348964,2.25537444,11.675,60.291,533.39350015,699.921458311446
1.90369912808518,11.0495863988083,1.566,21.0878837039277,2.25537444,11.675,60.291,533.9720925,700.500050661446
1.90644748508104,11.3881504997787,1.566,21.2430084819584,2.3171016,11.689,60.291,533.9720925,705.653005618664
1.90644748508104,11.3881504997787,1.566,21.1142926430159,2.3171016,11.689,60.291,529.6963931,701.377306218664
1.90644748508104,11.652214058548,1.566,21.2341327299408,2.37082956,11.689,60.291,529.6963931,705.358169739195
1.91527605214843,11.7713889072898,1.566,21.0452321111912,2.37082956,11.734,60.291,521.4588071,699.083244532765
1.91527605214843,12.071250526533,1.566,21.1814457879464,2.43122352,11.734,60.291,521.4588071,703.608008079806
1.90016433525895,11.8624083753481,1.566,20.8414416423874,2.43122352,11.657,60.291,513.60368045,692.313706359771
1.90016433525895,12.0204784145677,1.566,20.9131302977697,2.46362028,11.657,60.291,513.60368045,694.695069394212
1.90016433525895,12.0204784145677,1.566,21.1256885639133,2.46362028,11.657,60.291,520.66446845,701.755857394212
1.91390326078242,12.4513952545479,1.566,21.3293982805042,2.5117488,11.727,60.291,520.66446845,708.522713129744
1.91390326078242,12.4513952545479,1.566,21.3048950359348,2.5117488,11.727,60.291,519.8505165,707.708761179744
1.9154721490135,12.8208150289299,1.566,21.4736433309588,2.58160848,11.735,60.291,519.8505165,713.31426388798
1.9154721490135,12.8208150289299,1.566,21.4261129408906,2.58160848,11.735,60.291,518.27164585,711.73539323798
1.9154721490135,12.894969712014,1.566,21.4597987800998,2.59654032,11.735,60.291,518.27164585,712.854373805396
1.91802104094977,12.9327683349952,1.566,21.6341212240632,2.59654032,11.748,60.291,523.4397504,718.645039314665
1.91802104094977,13.2295925004164,1.566,21.7689939590703,2.65613436,11.748,60.291,523.4397504,723.125259285134
1.90742884562325,13.069248274211,1.566,21.6638123904905,2.65613436,11.694,60.291,522.58657185,719.631324324506
1.90742884562325,13.0134892969833,1.566,21.6385046197737,2.64480216,11.694,60.291,522.58657185,718.790647520795
1.90742884562325,13.0134892969833,1.566,21.4209276167906,2.64480216,11.694,60.291,515.3590708,711.563146470795
1.8923043998797,12.7619070740945,1.566,21.2972934095336,2.63960268,11.617,60.291,515.3590708,707.456249369931
1.8923043998797,12.7619070740945,1.566,21.2414968646709,2.63960268,11.617,60.291,513.50561395,705.602792519931
1.89466308552171,12.7130084117091,1.566,21.2208214482496,2.62227108,11.629,60.291,513.50561395,704.915993860859
1.89466308552171,12.7130084117091,1.566,21.242077274864,2.62227108,11.629,60.291,514.21169275,705.622072660859
1.89466308552171,12.0240020073733,1.566,20.9297821271457,2.48015196,11.629,60.291,514.21169275,695.248212017971
1.90271737590451,12.1370139848127,1.566,21.2423444092182,2.48015196,11.67,60.291,522.7336716,705.630946364416
1.90271737590451,12.1454954760669,1.566,21.2461920314677,2.48188512,11.67,60.291,522.7336716,705.758757178368
1.90369912808518,12.1593131406405,1.566,21.4629428413025,2.48188512,11.675,60.291,529.70619975,712.95881363742
1.90369912808518,11.706016872935,1.566,21.2572836588344,2.38936104,11.675,60.291,529.70619975,706.127200292025
1.90369912808518,11.706016872935,1.566,21.2761777269361,2.38936104,11.675,60.291,530.33382535,706.754825892025
1.90428812978218,11.5630170777753,1.566,21.2116302920744,2.35856412,11.678,60.291,530.33382535,704.610680845253
1.90428812978218,11.5630170777753,1.566,21.1974597409981,2.35856412,11.678,60.291,529.86310615,704.139961645252
1.90389546611538,11.3068904581715,1.566,21.081032670612,2.30736924,11.676,60.291,529.86310615,700.272472149915
1.90389546611538,11.3068904581715,1.566,21.0237600266789,2.30736924,11.676,60.291,527.96061605,698.369982049915
1.90389546611538,11.0305390013155,1.566,20.898377545091,2.25097488,11.676,60.291,527.96061605,694.205010546017
1.90153913661876,11.0004681502653,1.566,20.7919531852032,2.25097488,11.664,60.291,524.92055455,690.669792382844
1.90153913661876,11.0623637007436,1.566,20.8200284996232,2.26364028,11.664,60.291,524.92055455,691.602401811541
1.88699512905879,10.8765415369623,1.566,20.8094108904626,2.26364028,11.59,60.291,527.62718995,691.249704696015
1.88699512905879,10.4838611693224,1.566,20.6315762930262,2.18191512,11.59,60.291,527.62718995,685.342372018041
1.88699512905879,10.4838611693224,1.566,20.8872366520267,2.18191512,11.59,60.291,536.11974885,693.834930918041
1.94229983520101,11.0732967535906,1.566,21.1834711994782,2.16258372,11.872,60.291,536.11974885,703.675288462253
1.94229983520101,11.0732967535906,1.566,21.002501453442,2.16258372,11.872,60.291,530.1082724,697.663812012253
1.89996791843269,10.6884321414378,1.566,20.805766745216,2.1911142,11.656,60.291,530.1082724,691.128653007487
1.89996791843269,10.6884321414378,1.566,20.7895296554412,2.1911142,11.656,60.291,529.56890665,690.589287257487
1.89996791843269,10.8913400105055,1.566,20.8815514209511,2.23271004,11.656,60.291,529.56890665,693.64607817623
1.90350278592172,10.9360619188534,1.566,20.8281435448834,2.23271004,11.674,60.291,527.05840425,691.87196843547
1.90350278592172,11.1946563250077,1.566,20.9454645955872,2.28550476,11.674,60.291,527.05840425,695.769154284724
1.91253027075641,11.311955731343,1.566,21.0086345959453,2.28550476,11.72,60.291,527.2251173,697.867543533849
1.91253027075641,11.4379887211748,1.566,21.0658691609355,2.31096888,11.72,60.291,527.2251173,699.768768722595
1.91253027075641,11.4379887211748,1.566,21.0059395386756,2.31096888,11.72,60.291,525.23436735,697.778018772595
1.89387692438888,11.6875358740412,1.566,21.1086507864549,2.41295868,11.625,60.291,525.23436735,701.189894297094
1.89387692438888,11.6875358740412,1.566,21.1169169412494,2.41295868,11.625,60.291,525.50895355,701.464480497095
1.89623520604953,12.0524985230422,1.566,21.283725339794,2.48148516,11.637,60.291,525.50895355,707.005543472961
1.89623520604953,12.0524985230422,1.566,20.9746301944435,2.48148516,11.637,60.291,515.241391,696.737980922961
1.89623520604953,12.4267715658789,1.566,21.144300076342,2.55854412,11.637,60.291,515.241391,702.374097023293
1.89485961528854,12.4068931580713,1.566,20.9463925637302,2.55854412,11.63,60.291,508.99455495,695.79997965062
1.89485961528854,12.4068931580713,1.566,20.9463925637302,2.55854412,11.63,60.291,508.99455495,695.79997965062
1.92918896885284,13.1669045477393,1.566,21.3125841248072,2.61000564,11.805,60.291,508.99455495,707.964178329243
1.92918896885284,13.1669045477393,1.566,21.3816655613039,2.61000564,11.805,60.291,511.28931105,710.258934429243
1.92918896885284,13.4278617405944,1.566,21.5003782631633,2.6617338,11.805,60.291,511.28931105,714.202348326732
1.90487709432141,13.0582230310963,1.566,21.352526753783,2.6617338,11.681,60.291,512.46610905,709.290997749054
1.90487709432141,13.0261742993897,1.566,21.3379845037695,2.65520112,11.681,60.291,512.46610905,708.80793140564
1.8925009802106,12.8402653252437,1.566,21.0937974406146,2.65520112,11.618,60.291,507.4156843,700.696493932234
1.8925009802106,12.8492914205717,1.566,21.0978875929284,2.6570676,11.618,60.291,507.4156843,700.832361141255
1.8925009802106,12.8492914205717,1.566,21.287123493759,2.6570676,11.618,60.291,513.70174695,707.118423791255
1.90114635700473,13.0813663467699,1.566,21.3978492111972,2.67799884,11.662,60.291,513.70174695,710.79652500634
1.90114635700473,13.0813663467699,1.566,21.453940975874,2.67799884,11.662,60.291,515.56501045,712.65978850634
1.89407347098508,13.2222960328577,1.566,21.5132695645939,2.72919372,11.626,60.291,515.56501045,714.630573246407
1.89407347098508,13.2222960328577,1.566,21.4273605986942,2.72919372,11.626,60.291,512.7112753,711.776838096407
1.89407347098508,12.8967605338317,1.566,21.2798196943721,2.66200044,11.626,60.291,512.7112753,706.875805237758
1.90252101305164,13.0239547861544,1.566,21.2327481903782,2.66200044,11.669,60.291,509.05339485,705.31217792478
1.90252101305164,12.5497515944113,1.566,21.017630799691,2.5650768,11.669,60.291,509.05339485,698.166380594417
1.92527186915802,12.8825500752575,1.566,21.467815437424,2.5650768,11.785,60.291,518.52661875,713.12067216613
1.92527186915802,12.6629307184652,1.566,21.3679481698698,2.52134784,11.785,60.291,518.52661875,709.803268344899
1.92527186915802,12.6629307184652,1.566,21.4736368633135,2.52134784,11.785,60.291,522.03739945,713.314049044899
1.91939323940502,12.2960370055034,1.566,21.3033846727709,2.46482016,11.755,60.291,522.03739945,707.658589740651
1.91939323940502,12.2960370055034,1.566,21.383979682017,2.46482016,11.755,60.291,524.7146149,710.335805190651
1.91311871941195,11.9449305793722,1.566,21.2208442461059,2.4117588,11.723,60.291,524.7146149,704.916751163001
1.91311871941195,11.9449305793722,1.566,21.167409459756,2.4117588,11.723,60.291,522.93961125,703.141747513001
1.91311871941195,11.7712701734919,1.566,21.0885412571175,2.37669564,11.723,60.291,522.93961125,700.521893348425
1.89937864297168,11.5857859148709,1.566,20.8542942941154,2.37669564,11.653,60.291,518.21280595,692.740647408621
1.89937864297168,11.1782979601604,1.566,20.669504143012,2.293104,11.653,60.291,518.21280595,686.602264248552
1.90487709432141,11.2497588847912,1.566,20.9210280751324,2.293104,11.681,60.291,525.39127375,694.957418784997
1.90487709432141,11.067931386537,1.566,20.8385230648517,2.25604104,11.681,60.291,525.39127375,692.216756673385
1.90487709432141,11.067931386537,1.566,20.876311201055,2.25604104,11.681,60.291,526.64652495,693.472007873385
1.90369912808518,11.0502395634591,1.566,20.8676508416833,2.25550776,11.675,60.291,526.64652495,693.18432693471
1.90369912808518,11.0502395634591,1.566,20.8667651822411,2.25550776,11.675,60.291,526.617105,693.154906984711
1.90468077693441,10.852243928878,1.566,20.7774529672083,2.21257872,11.68,60.291,526.617105,690.188122264463
1.90468077693441,10.852243928878,1.566,20.8612953944093,2.21257872,11.68,60.291,529.4021936,692.973210864463
1.90468077693441,10.9294049787459,1.566,20.8963068174136,2.22831048,11.68,60.291,529.4021936,694.136224845977
1.89544917937496,10.8129425605079,1.566,20.7169482644962,2.22831048,11.633,60.291,525.3618538,688.17826921756
1.89544917937496,10.9695018580813,1.566,20.7879155157206,2.26057392,11.633,60.291,525.3618538,690.535668555304
1.91311871941195,11.1961438863369,1.566,21.0443331265633,2.26057392,11.723,60.291,530.147499,699.053381945021
1.91311871941195,11.6537357543029,1.566,21.2521493411201,2.35296468,11.723,60.291,530.147499,705.956647861564
1.91311871941195,11.6537357543029,1.566,21.0782648706221,2.35296468,11.723,60.291,524.37138215,700.180531011564
1.90664376540693,11.8082196313593,1.566,21.1447406939512,2.40202644,11.69,60.291,524.37138215,702.388733516071
1.90664376540693,11.8082196313593,1.566,21.2274022418959,2.40202644,11.69,60.291,527.11724415,705.134595516071
1.89603870567338,12.0037793918963,1.566,21.3099393364984,2.47201944,11.636,60.291,527.11724415,707.87632340884
1.89603870567338,12.0037793918963,1.566,21.1289695904623,2.47201944,11.636,60.291,521.1057677,701.86484695884
1.89603870567338,12.3468924906831,1.566,21.2845103588801,2.54267904,11.636,60.291,521.1057677,707.031620338583
1.91272642437104,12.5876653299337,1.566,21.4224646525447,2.54267904,11.721,60.291,521.72358665,711.614203923441
1.91272642437104,12.8312081417387,1.566,21.5330655016571,2.59187412,11.721,60.291,521.72358665,715.288157246317
1.89525266221359,12.574269355517,1.566,21.1337997683808,2.59187412,11.632,60.291,512.691662,702.025296434192
1.89525266221359,12.9726927865647,1.566,21.314398506044,2.67399924,11.632,60.291,512.691662,708.024448680036
1.89525266221359,12.9726927865647,1.566,21.1889300850565,2.67399924,11.632,60.291,508.52383575,703.856622430036
1.91978525997048,13.7946786609121,1.566,21.5778877958874,2.76399024,11.757,60.291,508.52383575,716.777070018216
1.91978525997048,13.7946786609121,1.566,21.6998135791059,2.76399024,11.757,60.291,512.5739822,720.827216468216
1.9072325817292,13.5837427959132,1.566,21.5957817344186,2.76132384,11.693,60.291,512.5739822,717.371473184678
1.9072325817292,13.5837427959132,1.566,21.6087714062385,2.76132384,11.693,60.291,513.0054748,717.802965784678
1.9072325817292,13.6670343821956,1.566,21.6465748306513,2.77825548,11.693,60.291,513.0054748,719.058724830403
1.89446655154991,13.4661525880655,1.566,21.5517240129629,2.77825548,11.628,60.291,513.1623812,715.90795809018
1.89446655154991,13.5449889341351,1.566,21.587456164838,2.79452052,11.628,60.291,513.1623812,717.094913336622
1.90448445542184,13.7034354318515,1.566,21.5045086961093,2.79452052,11.679,60.291,507.79814365,714.339553583009
1.90448445542184,13.5125379009083,1.566,21.4178917599508,2.75559108,11.679,60.291,507.79814365,711.462300985306
1.90448445542184,13.5125379009083,1.566,21.3824653822602,2.75559108,11.679,60.291,506.62134565,710.285502985306
1.92820984212308,13.6903460857863,1.566,21.4786340146839,2.71679496,11.8,60.291,506.62134565,713.480045065995
1.92820984212308,13.6903460857863,1.566,21.51228907349,2.71679496,11.8,60.291,507.73930375,714.598003165995
1.90546602174435,12.7837225711645,1.566,21.0860404238529,2.60400624,11.684,60.291,507.73930375,700.438820345315
1.90546602174435,12.7837225711645,1.566,21.5436311356898,2.60400624,11.684,60.291,522.93961125,715.639127845315
1.90546602174435,12.4721798748777,1.566,21.4022583911921,2.54054592,11.684,60.291,522.93961125,710.942989718171
1.91174561563497,12.5629075191966,1.566,21.3864218813655,2.54054592,11.716,60.291,520.91944135,710.416930484748
1.91174561563497,12.1970167932754,1.566,21.2202760207374,2.46655332,11.716,60.291,520.91944135,704.897875779154
1.90899880915426,12.1584510817937,1.566,21.0901535834697,2.46655332,11.702,60.291,517.23214095,700.575451813905
1.90899880915426,12.1584510817937,1.566,21.0901535834697,2.46655332,11.702,60.291,517.23214095,700.575451813905
1.90899880915426,11.8581207134688,1.566,20.953817475013,2.40562608,11.702,60.291,517.23214095,696.046621314754
1.89761059138409,11.7027543535384,1.566,20.9379115602226,2.40562608,11.644,60.291,519.2621175,695.518256578259
1.89761059138409,11.5451524189391,1.566,20.8664549295292,2.37322932,11.644,60.291,519.2621175,693.144600969967
1.90841010356175,11.6904805797443,1.566,21.0134807737128,2.37322932,11.699,60.291,521.7530066,698.02852449426
1.90841010356175,11.4448629325995,1.566,20.9019886910448,2.32336764,11.699,60.291,521.7530066,694.324966059764
1.90841010356175,11.4448629325995,1.566,20.7384369140398,2.32336764,11.699,60.291,516.3201225,688.892081959764
1.89996791843269,11.3641413592628,1.566,20.6971319634182,2.32963368,11.656,60.291,516.3201225,687.520008763172
1.89996791843269,11.3641413592628,1.566,20.6277553071075,2.32963368,11.656,60.291,514.01555975,685.215446013172
1.91390326078242,11.120999360312,1.566,20.5249874319445,2.24337564,11.727,60.291,514.01555975,681.801689432912
1.91390326078242,11.120999360312,1.566,20.9170393450537,2.24337564,11.727,60.291,527.03879095,694.824920632912
1.91390326078242,11.4164225916699,1.566,21.0512174678206,2.30296968,11.727,60.291,527.03879095,699.282066884071
1.90055715642971,11.241755681636,1.566,21.1568155574501,2.30296968,11.659,60.291,533.4229201,702.789837894847
1.90055715642971,11.2781999515313,1.566,21.1733446314015,2.3104356,11.659,60.291,533.4229201,703.33890281302
1.90330643962347,11.3141975118667,1.566,20.8623136091457,2.3104356,11.673,60.291,522.498312,693.007034053381
1.90330643962347,11.4539112030115,1.566,20.9256986299021,2.33896608,11.673,60.291,522.498312,695.11256587793
1.90330643962347,11.4539112030115,1.566,20.7996397692863,2.33896608,11.673,60.291,518.31087245,690.92512632793
1.89957507229061,11.9609064209894,1.566,21.0274735076265,2.453088,11.654,60.291,518.31087245,698.493336940736
1.89957507229061,11.9609064209894,1.566,20.8104869442716,2.453088,11.654,60.291,511.1029847,691.285449190736
1.89918220948542,12.1828657230746,1.566,20.9109101347137,2.49975,11.652,60.291,511.1029847,694.621319730422
1.89918220948542,12.1828657230746,1.566,21.2138056639683,2.49975,11.652,60.291,521.1646076,704.682942630422
1.89918220948542,12.7390541528854,1.566,21.4660240718422,2.61387192,11.652,60.291,521.1646076,713.061166352344
1.89368037358139,12.6577909691709,1.566,21.379101573651,2.61387192,11.624,60.291,519.6151569,710.173763555489
1.89368037358139,13.0987412513265,1.566,21.5789428067676,2.70492948,11.624,60.291,519.6151569,716.812115506203
1.91154944168136,13.3727557420966,1.566,21.5408878955803,2.70492948,11.715,60.291,513.83904005,715.548002540251
1.91154944168136,13.3154128592753,1.566,21.5148498350144,2.69333064,11.715,60.291,513.83904005,714.683066873798
1.91154944168136,13.3154128592753,1.566,21.339489265446,2.69333064,11.715,60.291,508.01388995,708.857916773798
1.89859288400704,13.5465189537654,1.566,21.4359093402467,2.78145516,11.649,60.291,508.01388995,712.060811299915
1.89859288400704,13.5465189537654,1.566,21.5407123742481,2.78145516,11.649,60.291,511.4952507,715.542172049915
1.92331272472495,14.1511350732867,1.566,21.8316992756059,2.82398424,11.775,60.291,511.4952507,725.208212606892
1.92331272472495,14.1511350732867,1.566,21.5884381487971,2.82398424,11.775,60.291,503.4145711,717.127533006892
1.92331272472495,14.2333081265401,1.566,21.6257970279456,2.8403826,11.775,60.291,503.4145711,718.368525090479
1.91449162423505,14.0900506713714,1.566,21.5488589505962,2.8403826,11.73,60.291,503.2184381,715.812786077606
1.91449162423505,14.3585585602508,1.566,21.6708199672895,2.89451052,11.73,60.291,503.2184381,719.864102917733
1.94464621528218,14.8603851331222,1.566,21.8689164986684,2.89451052,11.884,60.291,501.5316943,726.44449914028
1.94464621528218,14.7809873773559,1.566,21.8327407797738,2.8790454,11.884,60.291,501.5316943,725.242809427163
1.94464621528218,14.7809873773559,1.566,21.6178207551175,2.8790454,11.884,60.291,494.3924531,718.103568227163
1.91429550713596,14.3275500733954,1.566,21.3909031240458,2.88891108,11.729,60.291,494.3924531,710.565788984188
1.91429550713596,14.3275500733954,1.566,21.6211745790346,2.88891108,11.729,60.291,502.0416401,718.214975984188
1.90389546611538,13.6842969628971,1.566,21.3221390946826,2.79252072,11.676,60.291,502.0416401,708.281576555436
1.90389546611538,13.6842969628971,1.566,21.3811830575003,2.79252072,11.676,60.291,504.0029701,710.242906555436
1.90389546611538,13.2968822727893,1.566,21.2054104532884,2.71346196,11.676,60.291,504.0029701,704.404069435314
1.92370458543124,13.6033962232817,1.566,21.548092579042,2.71346196,11.777,60.291,510.338066,715.787328648112
1.92370458543124,13.3768177670495,1.566,21.4450775286382,2.66826648,11.777,60.291,510.338066,712.365361368708
1.91527605214843,13.2481908334082,1.566,21.2508105248962,2.66826648,11.734,60.291,506.0035267,705.912174890932
1.91527605214843,12.8530089643393,1.566,21.0712971363249,2.58867444,11.734,60.291,506.0035267,699.949075911718
1.91527605214843,12.8530089643393,1.566,21.5926553280048,2.58867444,11.734,60.291,523.3220706,717.267619811719
1.89977149744376,12.1807998152956,1.566,21.2781686914604,2.49761688,11.655,60.291,523.3220706,706.820962009319
1.89977149744376,12.1807998152956,1.566,21.0732861404831,2.49761688,11.655,60.291,516.5162555,700.015146909319
1.91135326365544,12.3845813363536,1.566,21.1726592870703,2.50561608,11.714,60.291,516.5162555,703.316136956308
1.91135326365544,12.3845813363536,1.566,21.0197354233726,2.50561608,11.714,60.291,511.4364108,698.236292256308
1.91135326365544,12.0261045753141,1.566,20.8569628984499,2.43309,11.714,60.291,511.4364108,692.829293452848
1.89603870567338,11.814743495961,1.566,20.8056234809175,2.43309,11.636,60.291,513.21141445,691.123894035473
1.89603870567338,11.5635588123208,1.566,20.6917558995098,2.38136184,11.636,60.291,513.21141445,687.34142597634
1.89761059138409,11.584715044497,1.566,20.928675574368,2.38136184,11.644,60.291,520.733115,695.211454404559
1.89761059138409,11.5419095807787,1.566,20.9092676005994,2.37256272,11.644,60.291,520.733115,694.566757819591
1.89761059138409,11.5419095807787,1.566,21.0571727274576,2.37256272,11.644,60.291,525.64624665,699.479889469591
1.88738851467035,11.450011906487,1.566,21.0097110276949,2.38189512,11.592,60.291,525.64624665,697.903300583049
1.88738851467035,11.450011906487,1.566,20.813094631512,2.38189512,11.592,60.291,519.11501775,691.372071683049
1.89446655154991,11.7989577285613,1.566,20.9752752939039,2.43428988,11.628,60.291,519.11501775,696.759409920344
1.89446655154991,11.7989577285613,1.566,20.8580730277109,2.43428988,11.628,60.291,515.2217777,692.866169870344
1.89446655154991,11.8855484693262,1.566,20.8973198174753,2.45215476,11.628,60.291,515.2217777,694.169874813157
1.88915853904191,11.8121777632502,1.566,20.7077379720689,2.45215476,11.601,60.291,510.13212635,687.872320531458
1.88915853904191,12.3201662703307,1.566,20.937847387838,2.55761088,11.601,60.291,510.13212635,695.516124891678
1.89328725932619,12.3796718148131,1.566,21.1049106376352,2.55761088,11.622,60.291,514.70202525,701.065653549447
1.89328725932619,12.3796718148131,1.566,21.1049106376352,2.55761088,11.622,60.291,514.70202525,701.065653549447
1.89328725932619,12.7429826588362,1.566,21.2695581650228,2.63267004,11.622,60.291,514.70202525,706.534936427501
1.94464621528218,13.5160989923893,1.566,21.5575483649949,2.63267004,11.884,60.291,511.5344773,716.101432169928
1.94464621528218,13.8521705275725,1.566,21.7106714510058,2.69813016,11.884,60.291,511.5344773,721.187894662516
1.92056925299675,13.4780831226927,1.566,21.1980345263803,2.69813016,11.761,60.291,500.6687091,704.159054940483
1.92056925299675,13.8230602477818,1.566,21.3548290192868,2.76718992,11.761,60.291,500.6687091,709.367474702582
1.92056925299675,13.8230602477818,1.566,21.2228657623893,2.76718992,11.761,60.291,496.28513655,704.983902152582
1.92252895550118,14.1778344162295,1.566,21.3854273385701,2.83185012,11.771,60.291,496.28513655,710.383893633427
1.92252895550118,14.1778344162295,1.566,21.5008582858786,2.83185012,11.771,60.291,500.1195367,714.218293783427
1.91782499651885,14.2463468478539,1.566,21.5288272853918,2.86091388,11.747,60.291,500.1195367,715.147371629788
1.91782499651885,14.2463468478539,1.566,21.2793665424872,2.86091388,11.747,60.291,491.83291745,706.860752379789
1.91782499651885,14.9620168185882,1.566,21.6045502588125,3.00463284,11.747,60.291,491.83291745,717.662747163064
1.89210781532483,14.5234185835508,1.566,21.5925999797384,3.00463284,11.616,60.291,498.65834585,717.26578124584
1.89210781532483,14.3713341541362,1.566,21.5236862660167,2.97316932,11.616,60.291,498.65834585,714.97659658269
1.9058586194266,14.6026650545535,1.566,21.5294137588365,2.97316932,11.686,60.291,495.039692,715.166853180592
1.9058586194266,14.8390473730456,1.566,21.6366845105186,3.02129784,11.686,60.291,495.039692,718.73018689595
1.9058586194266,14.8390473730456,1.566,21.5472329068498,3.02129784,11.686,60.291,492.06827705,715.75877194595
1.8889618866867,14.3674421763627,1.566,21.3212900192277,2.98330164,11.6,60.291,492.06827705,708.253371857065
1.8889618866867,14.3674421763627,1.566,21.1394346137493,2.98330164,11.6,60.291,486.02738065,702.212475457065
1.90860634285376,14.465821387262,1.566,21.1979296597031,2.93597304,11.7,60.291,486.02738065,704.155571465625
1.90860634285376,14.465821387262,1.566,21.3254646193893,2.93597304,11.7,60.291,490.26385345,708.392044265625
1.90860634285376,14.3186801652682,1.566,21.2586720909349,2.90610936,11.7,60.291,490.26385345,706.173321409267
1.9154721490135,14.4323551952393,1.566,21.2636623741606,2.90610936,11.735,60.291,488.55749635,706.339089283442
1.9154721490135,13.9119482228814,1.566,21.0272599668531,2.80131984,11.735,60.291,488.55749635,698.48624351568
1.91802104094977,13.9527278832881,1.566,21.5381349805511,2.80131984,11.748,60.291,504.85614865,715.456555852451
1.91802104094977,13.566922871857,1.566,21.3628305979133,2.72386092,11.748,60.291,504.85614865,709.633272177188
1.91802104094977,13.566922871857,1.566,21.4971556133235,2.72386092,11.748,60.291,509.3181744,714.095297927188
1.91449162423505,13.0120510189736,1.566,21.242839228629,2.623071,11.73,60.291,509.3181744,705.647383339657
1.91449162423505,13.0120510189736,1.566,21.4698632656629,2.623071,11.73,60.291,516.85948825,713.188697189657
1.8980035209665,12.4692168095068,1.566,21.213336928143,2.56201044,11.646,60.291,516.85948825,704.667372103099
1.8980035209665,12.4692168095068,1.566,21.1303801603842,2.56201044,11.646,60.291,514.1038196,701.911703453099
1.8980035209665,12.3316576710557,1.566,21.0680082685778,2.5337466,11.646,60.291,514.1038196,699.839825877159
1.91684471396733,12.6029788095557,1.566,20.8792487417773,2.5337466,11.742,60.291,503.36553785,693.569587481357
1.91684471396733,12.4338780678332,1.566,20.8024212079372,2.49975,11.742,60.291,503.36553785,691.017520517085
1.92096122548112,12.492714145211,1.566,21.0704276920449,2.49975,11.763,60.291,511.2991177,699.920194599079
1.92096122548112,12.216208738797,1.566,20.9447489365558,2.4444222,11.763,60.291,511.2991177,695.745381430379
1.92096122548112,12.216208738797,1.566,21.2187129240298,2.4444222,11.763,60.291,520.3996889,704.84595263038
1.89191122654439,11.8237860641944,1.566,21.0237080354962,2.44668864,11.615,60.291,520.3996889,698.368255000077
1.89191122654439,11.8237860641944,1.566,20.7243551440106,2.44668864,11.615,60.291,510.4557458,688.424311900077
1.8923043998797,12.0457861205454,1.566,20.8251820714749,2.49148416,11.617,60.291,510.4557458,691.773593828429
1.8923043998797,12.0457861205454,1.566,20.6518880406051,2.49148416,11.617,60.291,504.69924225,686.017090278429
1.8923043998797,12.5569327597573,1.566,20.8835078739034,2.59720692,11.617,60.291,504.69924225,693.71106788366
1.90428812978218,12.7329792375864,1.566,21.0587430973453,2.59720692,11.678,60.291,507.62162395,699.532054219799
1.90428812978218,13.0153388202894,1.566,21.1868568953956,2.65480116,11.678,60.291,507.62162395,703.787754947511
1.91939323940502,13.2437789317714,1.566,21.3449873777996,2.65480116,11.755,60.291,509.11223475,709.040553781682
1.91939323940502,13.5171276557687,1.566,21.4692110231461,2.70959568,11.755,60.291,509.11223475,713.167030913305
1.91939323940502,13.5171276557687,1.566,21.167791592962,2.70959568,11.755,60.291,499.0996451,703.154441263305
1.92546776174933,14.034004340461,1.566,21.4067137803955,2.7937206,11.786,60.291,499.0996451,711.090989413472
1.92546776174933,14.034004340461,1.566,21.4932131859234,2.7937206,11.786,60.291,501.97299355,713.964337863472
1.89603870567338,13.8015625528982,1.566,21.3679706650555,2.84224908,11.636,60.291,501.97299355,709.804015592887
1.89603870567338,13.8015625528982,1.566,21.3157167579618,2.84224908,11.636,60.291,500.2372165,708.068238542887
1.89603870567338,14.4521826741826,1.566,21.6106572716597,2.97623568,11.636,60.291,500.2372165,717.865610706361
1.91625649606543,14.7939435305892,1.566,21.8352857931662,2.97623568,11.739,60.291,502.07106005,725.327350011477
1.91625649606543,14.8873831488392,1.566,21.8777355912736,2.9950338,11.739,60.291,502.07106005,726.737452900053
1.91076470512871,14.7936029000809,1.566,21.4282643606956,2.9950338,11.711,60.291,488.6849828,711.806859379558
1.91076470512871,15.0741314928,1.566,21.5556352429226,3.05182812,11.711,60.291,488.6849828,716.037881833282
1.91076470512871,15.0741314928,1.566,21.5677392553002,3.05182812,11.711,60.291,489.08705545,716.439954483282
1.89171463353679,14.9019487201195,1.566,21.4756976640625,3.0843582,11.614,60.291,489.08705545,713.382504990946
1.89171463353679,14.9019487201195,1.566,21.3945122151882,3.0843582,11.614,60.291,486.3902267,710.685676240946
1.90094996096847,15.1729344278915,1.566,21.5241944912498,3.10688928,11.661,60.291,486.3902267,714.993478874273
1.90094996096847,15.1729344278915,1.566,21.6006564230987,3.10688928,11.661,60.291,488.93014905,717.533401224273
1.90094996096847,15.1729344278915,1.566,21.6006564230987,3.10688928,11.661,60.291,488.93014905,717.533401224273
1.90036074792411,15.3213238233134,1.566,21.6675191080998,3.13941936,11.658,60.291,488.93014905,719.754454549879
1.90036074792411,15.3213238233134,1.566,21.6397684455755,3.13941936,11.658,60.291,488.00832395,718.832629449879
1.91076470512871,15.0596441006877,1.566,21.5286872367623,3.04889508,11.711,60.291,488.00832395,715.142719476282
1.91076470512871,15.0596441006877,1.566,21.9328431622492,3.04889508,11.711,60.291,501.4336278,728.568023326282
1.91076470512871,14.9088435191556,1.566,21.8643738382351,3.0183648,11.711,60.291,501.4336278,726.293600457966
1.89171463353679,14.5831043450835,1.566,21.6787002835095,3.0183648,11.614,60.291,500.6294825,720.125872282019
1.89171463353679,13.9376860344044,1.566,21.3862557503005,2.88477816,11.614,60.291,500.6294825,710.411411921525
1.89741412032158,14.0305019222889,1.566,21.388270221159,2.88477816,11.643,60.291,499.16829165,710.47832887527
1.89741412032158,13.6699806602133,1.566,21.224813558153,2.81065224,11.643,60.291,499.16829165,705.0486042844
1.89741412032158,13.6699806602133,1.566,21.2912380163229,2.81065224,11.643,60.291,501.3747879,707.2551005344
1.90232464605627,13.3007535499915,1.566,21.1270306734963,2.71919472,11.668,60.291,501.3747879,701.800439764074
1.90232464605627,13.3007535499915,1.566,21.2584034907656,2.71919472,11.668,60.291,505.73874715,706.164399014074
1.93271301082201,13.6222872476947,1.566,21.4239682103689,2.68946436,11.823,60.291,505.73874715,711.664149301879
1.93271301082201,13.6222872476947,1.566,21.327431331162,2.68946436,11.823,60.291,502.5319726,708.457374751879
1.93271301082201,13.2340051296447,1.566,21.1507331391548,2.61280536,11.823,60.291,502.5319726,702.587791336555
1.90664376540693,12.8443963110052,1.566,20.9534114812911,2.61280536,11.69,60.291,502.3946795,696.033134962744
1.90664376540693,12.5016256573336,1.566,20.7978484589367,2.543079,11.69,60.291,502.3946795,690.865622348854
1.89328725932619,12.3093327704108,1.566,21.0293414080183,2.543079,11.622,60.291,513.25064105,698.555385097746
1.89328725932619,12.0828281411885,1.566,20.9266925943184,2.49628368,11.622,60.291,513.25064105,695.145583516579
1.89328725932619,12.0828281411885,1.566,21.0577701917736,2.49628368,11.622,60.291,517.60479365,699.499736116579
1.90232464605627,12.2286590787135,1.566,21.1292851197819,2.50001664,11.668,60.291,517.60479365,701.875328252624
1.90232464605627,12.2286590787135,1.566,20.8429219001163,2.50001664,11.668,60.291,508.09234315,692.362877752624
1.92762231873246,12.6217550332792,1.566,21.0365031413271,2.506416,11.797,60.291,508.09234315,698.793284481869
1.92762231873246,12.6217550332792,1.566,20.9567937915232,2.506416,11.797,60.291,505.44454765,696.145488981869
1.92762231873246,12.9970508345347,1.566,21.1274930451754,2.58094188,11.797,60.291,505.44454765,701.815798886364
1.89839643383585,12.5670911090198,1.566,21.0808253743743,2.58094188,11.648,60.291,510.97549825,700.265586156656
1.89839643383585,12.8364925662358,1.566,21.202982238827,2.63626968,11.648,60.291,510.97549825,704.323408693009
1.89505614085198,12.7867252933315,1.566,21.2347021409107,2.63626968,11.631,60.291,512.8485684,705.377084506502
1.89505614085198,13.0706017171088,1.566,21.3633758680438,2.69479716,11.631,60.291,512.8485684,709.651385030966
1.89505614085198,13.0706017171088,1.566,20.7593561284191,2.69479716,11.631,60.291,492.7841625,689.586979130966
1.90212827491684,13.9529641084854,1.566,21.1641468759459,2.85318132,11.667,60.291,492.7841625,703.033370581664
1.90212827491684,13.9529641084854,1.566,21.2007541328929,2.85318132,11.667,60.291,494.0001871,704.249395181664
1.88994510598367,13.9789914592759,1.566,21.2041749594377,2.89931004,11.605,60.291,494.0001871,704.363028640649
1.88994510598367,13.9789914592759,1.566,21.1637298449076,2.89931004,11.605,60.291,492.65667605,703.019517590649
1.88994510598367,14.317104739617,1.566,21.3169021489236,2.96943636,11.605,60.291,492.65667605,708.1076150133
1.91076470512871,14.6671674780103,1.566,21.5677693818859,2.96943636,11.711,60.291,495.22601835,716.440955232106
1.91076470512871,14.7955784535507,1.566,21.6260729547363,2.99543376,11.711,60.291,495.22601835,718.377690862331
1.93623578462515,15.2328629714602,1.566,21.8665336228892,2.99543376,11.841,60.291,496.01055035,726.365344464186
1.93623578462515,15.7759252484826,1.566,22.1137573689965,3.10222308,11.841,60.291,496.01055035,734.577654864999
1.93623578462515,15.7759252484826,1.566,21.6260542361226,3.10222308,11.841,60.291,479.80996455,718.377069064999
1.92096122548112,15.868078937725,1.566,21.6566662070981,3.17514912,11.763,60.291,479.80996455,719.393941479518
1.92096122548112,15.868078937725,1.566,21.9530669004427,3.17514912,11.763,60.291,489.65584115,729.239818079518
1.92527186915802,15.6927404425057,1.566,21.8765630667136,3.12462084,11.785,60.291,489.65584115,726.698503827435
1.92527186915802,15.6927404425057,1.566,21.4543987325673,3.12462084,11.785,60.291,475.63233165,712.674994327435
1.92527186915802,15.8989683751034,1.566,21.5481765325876,3.1656834,11.785,60.291,475.63233165,715.790117427859
1.9260554157254,15.9132007542921,1.566,21.7409276949482,3.1656834,11.789,60.291,481.8007145,722.192950490406
1.9260554157254,15.7537001529224,1.566,21.6683922888227,3.13395324,11.789,60.291,481.8007145,719.783459980163
1.90409180001387,15.3609226508061,1.566,21.4281843372613,3.13395324,11.677,60.291,480.2904904,711.80420115076
1.90409180001387,14.8852025806233,1.566,21.2123424573974,3.03689628,11.677,60.291,480.2904904,704.634337645142
1.90409180001387,14.8852025806233,1.566,21.4240150640987,3.03689628,11.677,60.291,487.32185845,711.665705695142
1.89564569233767,14.4869886892817,1.566,21.2373506908952,2.98476816,11.634,60.291,487.32185845,705.465064382738
1.89564569233767,14.4869886892817,1.566,21.4475471985261,2.98476816,11.634,60.291,494.30419325,712.447399182738
1.88876523008039,14.0579465906827,1.566,21.2482697023741,2.919708,11.599,60.291,494.30419325,705.827773519487
1.88876523008039,14.0579465906827,1.566,21.4378008230188,2.919708,11.599,60.291,500.60006255,712.123642819487
1.88876523008039,13.4924191502082,1.566,21.1816384078847,2.80225308,11.599,60.291,500.60006255,703.614406553851
1.91958925169334,13.9825012155869,1.566,21.4136567069482,2.80225308,11.756,60.291,500.2372165,711.321620446446
1.91958925169334,14.1621137246601,1.566,21.4952834911616,2.83824948,11.756,60.291,500.2372165,714.033109530871
1.90762510541315,13.96849388474,1.566,21.500842368983,2.83824948,11.695,60.291,503.6107041,714.217765053928
1.90762510541315,13.3162940199539,1.566,21.204817037024,2.7057294,11.695,60.291,503.6107041,704.384357257028
1.90762510541315,13.3162940199539,1.566,21.2600231422585,2.7057294,11.695,60.291,505.44454765,706.218200807028
1.89662819422629,13.1476545251383,1.566,21.176428914645,2.7057294,11.639,60.291,505.44454765,703.441356933055
1.89662819422629,12.8969453701135,1.566,21.2921554230524,2.65413456,11.639,60.291,513.0643147,707.285575069897
1.90350278592172,13.0002460548477,1.566,21.3433594188527,2.65413456,11.674,60.291,513.0643147,708.986476030647
1.90350278592172,12.8624596414675,1.566,21.2808474448666,2.62600404,11.674,60.291,513.0643147,706.909945186727
1.90350278592172,12.8624596414675,1.566,20.9930081261305,2.62600404,11.674,60.291,503.50283095,697.348461436727
1.90271737590451,12.6485131496836,1.566,20.895459572531,2.58467484,11.67,60.291,503.50283095,694.108080955791
1.90271737590451,12.6485131496836,1.566,20.9654266684699,2.58467484,11.67,60.291,505.827007,696.432257005791
1.90684004162257,12.5555937809115,1.566,20.9257875919091,2.55347796,11.691,60.291,505.827007,695.115521029395
1.90684004162257,12.5555937809115,1.566,20.9786319386309,2.55347796,11.691,60.291,507.58239735,696.870911379395
1.90684004162257,12.4985616366553,1.566,20.9527479301953,2.54187912,11.691,60.291,507.58239735,696.011093036548
1.90428812978218,12.4617310273509,1.566,20.9265190002592,2.54187912,11.678,60.291,507.3176178,695.13981704665
1.90428812978218,13.107497850755,1.566,21.2195200013559,2.67359928,11.678,60.291,507.3176178,704.872762229472
1.90703631372948,13.1492186694961,1.566,21.1342183375473,2.67359928,11.692,60.291,503.79703045,702.03920051895
1.90703631372948,13.6245943319767,1.566,21.3499718456047,2.77025628,11.692,60.291,503.79703045,709.206128478459
1.90703631372948,13.6245943319767,1.566,21.2221416661044,2.77025628,11.692,60.291,499.550751,704.959849028459
1.92527186915802,14.0750563997915,1.566,21.438832181047,2.80251972,11.785,60.291,499.550751,712.157902603975
1.92527186915802,14.0750563997915,1.566,21.5138180138254,2.80251972,11.785,60.291,502.0416401,714.648791703975
1.92037326074958,14.362607785989,1.566,21.6412545087276,2.87584572,11.76,60.291,502.0416401,718.881993688034
1.92037326074958,14.362607785989,1.566,21.4189539887191,2.87584572,11.76,60.291,494.65723265,711.497586238034
1.92037326074958,14.7720929182677,1.566,21.6050640150493,2.95783752,11.76,60.291,494.65723265,717.679813184241
1.89407347098508,14.330020994821,1.566,21.2456804198064,2.95783752,11.626,60.291,489.9990739,705.741762395974
1.89407347098508,14.5812775605374,1.566,21.3595562368328,3.009699,11.626,60.291,489.9990739,709.524504026954
1.89446655154991,14.5879550206622,1.566,21.5689291903129,3.009699,11.628,60.291,496.8441156,716.479481898566
1.89446655154991,14.6991013446291,1.566,21.6193056667269,3.03263004,11.628,60.291,496.8441156,718.152894213221
1.89446655154991,14.6991013446291,1.566,21.2747841436858,3.03263004,11.628,60.291,485.39975505,706.708533663221
1.9154721490135,15.8062031184488,1.566,21.7926919186594,3.18274836,11.735,60.291,485.39975505,723.912461174418
1.9154721490135,15.8062031184488,1.566,21.6465581106857,3.18274836,11.735,60.291,480.5454633,719.058169424418
1.89643170223331,15.4192996400846,1.566,21.4565697011311,3.17394924,11.638,60.291,480.5454633,712.747109842216
1.89643170223331,15.4192996400846,1.566,21.6301589518151,3.17394924,11.638,60.291,486.3117735,718.513420042216
1.89643170223331,15.5080316958115,1.566,21.6703848747306,3.19221408,11.638,60.291,486.3117735,719.849649956791
1.91664864536725,15.874653460302,1.566,21.9542790275818,3.19221408,11.741,60.291,489.7048744,729.28008267573
1.91664864536725,15.9064770222004,1.566,21.9687371279318,3.19861344,11.741,60.291,489.7048744,729.760353724729
1.89780705826521,15.5639880404682,1.566,21.7573244431675,3.19861344,11.645,60.291,488.32213675,722.737619795281
1.89780705826521,15.4011603896614,1.566,21.6834969046563,3.16515012,11.645,60.291,488.32213675,720.285207064189
1.89780705826521,15.4011603896614,1.566,21.5547810657138,3.16515012,11.645,60.291,484.04643735,716.009507664189
1.91606041536072,15.5492234009019,1.566,21.6356514309435,3.12888708,11.738,60.291,484.04643735,718.695869924896
1.91606041536072,15.5492234009019,1.566,21.9090249787893,3.12888708,11.738,60.291,493.12739525,727.776827824895
1.90193189963182,14.7169912374339,1.566,21.5209170162296,3.01009896,11.666,60.291,493.12739525,714.884607284787
1.90193189963182,14.7169912374339,1.566,21.6747265393696,3.01009896,11.666,60.291,498.2366599,719.993871934787
1.90193189963182,14.3812993919526,1.566,21.5224530358541,2.94143916,11.666,60.291,498.2366599,714.935630983511
1.92154915420481,14.7099934314783,1.566,21.6222370916329,2.94143916,11.766,60.291,496.1380368,718.250270665218
1.92154915420481,14.3479607780181,1.566,21.4576739493721,2.8690464,11.766,60.291,496.1380368,712.783790903226
1.89485961528854,13.9125809369858,1.566,21.356083585583,2.8690464,11.63,60.291,499.93321035,709.40914904821
1.89485961528854,13.5505435148337,1.566,21.1919850399241,2.7943872,11.63,60.291,499.93321035,703.958102316286
1.89485961528854,13.5505435148337,1.566,21.2501433432995,2.7943872,11.63,60.291,501.8651204,705.890012366286
1.90212827491684,13.2488287298973,1.566,21.118110147849,2.70919572,11.667,60.291,501.8651204,701.504116588379
1.90212827491684,13.2488287298973,1.566,20.9899847485347,2.70919572,11.667,60.291,497.6090343,697.248030488379
1.90546602174435,13.0972287718397,1.566,20.9233421050896,2.66786652,11.684,60.291,497.6090343,695.034286531663
1.90546602174435,13.0972287718397,1.566,21.0553053619871,2.66786652,11.684,60.291,501.99260685,699.417859081663
1.90546602174435,13.0271971153214,1.566,21.0235261946315,2.65360128,11.684,60.291,501.99260685,698.362214586696
1.88345388890976,12.6974750537434,1.566,20.7523516354929,2.65360128,11.572,60.291,498.4131796,689.354302978226
1.88345388890976,12.7989068530574,1.566,20.7982694343715,2.67479916,11.572,60.291,498.4131796,690.879606365341
1.91409938598558,13.2626702961772,1.566,21.2539847675059,2.67479916,11.728,60.291,505.91526685,706.017617292838
1.91409938598558,12.9843677394962,1.566,21.1275800624892,2.61867144,11.728,60.291,505.91526685,701.818689438756
1.91409938598558,12.9843677394962,1.566,21.1922332017745,2.61867144,11.728,60.291,508.0629232,703.966345788756
1.90978369266366,12.9199847734557,1.566,21.1603130589209,2.61867144,11.706,60.291,508.0629232,702.906018351448
1.90978369266366,13.077192611805,1.566,20.9724811047347,2.65053492,11.706,60.291,499.4526845,696.666592182819
1.9170407785355,13.1868578845553,1.566,21.0268529771564,2.65053492,11.743,60.291,499.4526845,698.472724079252
1.9170407785355,13.6100365642165,1.566,21.21911968434,2.73559308,11.743,60.291,499.4526845,704.859464447018
1.9170407785355,13.6100365642165,1.566,21.1441338515616,2.73559308,11.743,60.291,496.9617954,702.368575347018
1.89544917937496,13.7552222520951,1.566,21.19570680095,2.83464984,11.633,60.291,496.9617954,704.081732255819
1.89544917937496,13.7552222520951,1.566,21.1393198164591,2.83464984,11.633,60.291,495.08872525,702.208662105819
1.9221370469603,14.8373187468093,1.566,21.6489371310192,2.96490348,11.769,60.291,495.08872525,719.137196029817
1.9221370469603,14.8373187468093,1.566,21.6306335025457,2.96490348,11.769,60.291,494.48071295,718.529183729817
1.9221370469603,14.8873569187599,1.566,21.6533799102645,2.97490248,11.769,60.291,494.48071295,719.284776845896
1.89721764507611,14.4655291866254,1.566,21.1118349082184,2.97490248,11.642,60.291,483.43842505,701.295664866011
1.89721764507611,15.1157454532824,1.566,21.4066300540598,3.10862244,11.642,60.291,483.43842505,711.088208181215
1.92017726449712,15.5216599304525,1.566,21.7581316828146,3.10862244,11.759,60.291,488.4300099,722.764434786375
1.92017726449712,15.4970297714515,1.566,21.7469375624721,3.1036896,11.759,60.291,488.4300099,722.392587047781
1.92017726449712,15.4970297714515,1.566,21.7991914695658,3.1036896,11.759,60.291,490.16578695,724.128364097781
1.90153913661876,15.2868979039134,1.566,21.6899835700659,3.12808716,11.664,60.291,490.16578695,720.500681955451
1.90153913661876,15.2868979039134,1.566,21.4691591491279,3.12808716,11.664,60.291,482.83041275,713.165307755451
1.95422157074113,16.5787955561382,1.566,22.0960771368253,3.19461384,11.933,60.291,482.83041275,733.990350624065
1.95422157074113,16.5787955561382,1.566,22.0098729511115,3.19461384,11.933,60.291,479.96687095,731.126808824065
1.95422157074113,16.9032866301649,1.566,22.1578604303619,3.25714092,11.933,60.291,479.96687095,736.042676066488
1.91037231238832,16.0809730709768,1.566,21.5534099784607,3.25714092,11.709,60.291,473.43564205,715.963962710331
1.91037231238832,16.3666405554353,1.566,21.6831087230047,3.3150018,11.709,60.291,473.43564205,720.272312395836
1.90252101305164,16.2187927959998,1.566,21.4441968463377,3.3150018,11.669,60.291,467.9341114,712.336106750048
1.90252101305164,15.595871134219,1.566,21.1616148544446,3.1876812,11.669,60.291,467.9341114,702.94926156367
1.90252101305164,15.595871134219,1.566,21.6454801297354,3.1876812,11.669,60.291,484.00721075,719.02236091367
1.92350865706901,16.1442751540488,1.566,21.9105017967185,3.2210112,11.776,60.291,484.00721075,727.825884954041
1.92350865706901,16.1442751540488,1.566,21.9125683354172,3.2210112,11.776,60.291,484.0758573,727.894531504041
1.90664376540693,15.4541721100878,1.566,21.5863614326566,3.1436856,11.69,60.291,484.0758573,717.058548381309
1.90664376540693,15.4541721100878,1.566,21.7239338660217,3.1436856,11.69,60.291,488.6457562,721.628447281309
1.90664376540693,14.8846354025532,1.566,21.4654553451308,3.02783052,11.69,60.291,488.6457562,713.042274314827
1.91507995123954,15.0300713538104,1.566,21.6568277991118,3.02783052,11.733,60.291,492.6076428,719.399309263948
1.91507995123954,14.8063839724715,1.566,21.5552187558699,2.98276836,11.733,60.291,492.6076428,716.024046912452
1.88974847061688,14.3780821049687,1.566,21.3364146424956,2.98276836,11.604,60.291,492.3918965,708.755783550628
1.88974847061688,13.8254002737313,1.566,21.0860437539994,2.86811316,11.604,60.291,492.3918965,700.438930966552
1.88974847061688,13.8254002737313,1.566,21.1506968932847,2.86811316,11.604,60.291,494.53955285,702.586587316552
1.89073160503577,13.5594762666055,1.566,21.0308928523713,2.809719,11.609,60.291,494.53955285,698.606921177096
1.89073160503577,13.5594762666055,1.566,21.0542152176843,2.809719,11.609,60.291,495.3142782,699.381646527096
1.89387692438888,13.5712058085447,1.566,21.0616436010847,2.80185312,11.625,60.291,495.3142782,699.628403528479
1.89387692438888,13.5712058085447,1.566,21.0185415082278,2.80185312,11.625,60.291,493.8825073,698.196632628479
1.89387692438888,13.2515566424222,1.566,20.8736715420401,2.73585972,11.625,60.291,493.8825073,693.384323338528
1.89996791843269,13.3457448113444,1.566,21.2784575847758,2.73585972,11.656,60.291,505.77797375,706.830558504867
1.89996791843269,13.0745506401865,1.566,21.1554669558731,2.68026528,11.656,60.291,505.77797375,702.745039873086
1.91743289558208,13.3407753439203,1.566,21.2396240166471,2.68026528,11.745,60.291,504.18929645,705.540580011839
1.91743289558208,13.3965167450787,1.566,21.264950566988,2.69146416,11.745,60.291,504.18929645,706.381880639535
1.91743289558208,13.3965167450787,1.566,21.1424343441413,2.69146416,11.745,60.291,500.1195367,702.312120889535
1.90468077693441,13.0892604678447,1.566,20.9948035896904,2.66866644,11.68,60.291,500.1195367,697.408103377679
1.90468077693441,13.0892604678447,1.566,20.8522124194858,2.66866644,11.68,60.291,495.38292475,692.671491427679
1.92429234664151,13.8740488392564,1.566,21.221320214443,2.76559008,11.78,60.291,495.38292475,704.932561940834
1.92429234664151,13.8740488392564,1.566,21.2874494527988,2.76559008,11.78,60.291,497.57961435,707.129251540834
1.92429234664151,13.981060399914,1.566,21.336105768308,2.78692128,11.78,60.291,497.57961435,708.745523327883
1.91566824183625,13.8435611646659,1.566,21.2968575391348,2.78692128,11.736,60.291,498.54066605,707.441770570603
1.91566824183625,14.2124314080986,1.566,21.4644256453649,2.86118052,11.736,60.291,498.54066605,713.008069614708
1.88994510598367,13.7951503981018,1.566,20.8321661809769,2.86118052,11.605,60.291,484.4092834,692.005592881946
1.88994510598367,14.4058112656381,1.566,21.1088081749221,2.98783452,11.605,60.291,484.4092834,701.195122447569
1.88994510598367,14.4058112656381,1.566,20.9597221688075,2.98783452,11.605,60.291,479.45692515,696.242764197569
1.89898577183027,14.7668127927751,1.566,21.1298530466147,3.03063024,11.651,60.291,479.45692515,701.894193719673
1.89898577183027,14.7668127927751,1.566,21.3542201053218,3.03063024,11.651,60.291,486.90997915,709.347247719673
1.89505614085198,15.1405070303461,1.566,21.5207531740241,3.12155448,11.631,60.291,486.90997915,714.879164753198
1.89505614085198,15.1405070303461,1.566,21.3492304620388,3.12155448,11.631,60.291,481.2123155,709.181501103198
1.89505614085198,15.307341010607,1.566,21.424851923543,3.15595104,11.631,60.291,481.2123155,711.693504600492
1.88837190410803,15.1884353999477,1.566,21.3981009838739,3.15595104,11.597,60.291,482.28124035,710.804888423708
1.88837190410803,15.1884353999477,1.566,21.3981009838739,3.15595104,11.597,60.291,482.28124035,710.804888423708
1.93975729852851,16.6490322200341,1.566,22.1006262745952,3.26087388,11.859,60.291,482.28124035,734.141464471383
1.93975729852851,16.6490322200341,1.566,22.1292625965618,3.26087388,11.859,60.291,483.2324854,735.092709521383
1.93975729852851,16.6088714243768,1.566,22.110973269475,3.253008,11.859,60.291,483.2324854,734.485172286698
1.90958747791897,16.0460385462282,1.566,21.7769561258858,3.253008,11.705,60.291,481.4084485,723.3897475731
1.90958747791897,16.1703295825085,1.566,21.8333820406597,3.27820548,11.705,60.291,481.4084485,725.264110914281
1.89191122654439,15.8421466615342,1.566,21.387295599516,3.27820548,11.615,60.291,471.9940645,710.445953767371
1.89191122654439,15.8537436618151,1.566,21.3925504121173,3.28060524,11.615,60.291,471.9940645,710.620508812587
1.89191122654439,15.8537436618151,1.566,21.5000104244455,3.28060524,11.615,60.291,475.5636851,714.190129412587
1.90075356077732,16.1126887294119,1.566,21.6243549950012,3.30006996,11.66,60.291,475.5636851,718.320623453463
1.90075356077732,16.1126887294119,1.566,21.5989660909896,3.30006996,11.66,60.291,474.7203132,717.477251553463
1.90428812978218,15.7565797690311,1.566,21.4401658752016,3.21394524,11.678,60.291,474.7203132,712.202205429046
1.90428812978218,15.7565797690311,1.566,21.4401658752016,3.21394524,11.678,60.291,474.7203132,712.202205429046
1.90428812978218,15.4846779486504,1.566,21.3167970326346,3.15848412,11.678,60.291,474.7203132,708.104123246805
1.8925009802106,15.2740874583425,1.566,21.3665196794295,3.15848412,11.618,60.291,479.8393845,709.755816564534
1.8925009802106,15.1129071846273,1.566,21.2934812452552,3.12515412,11.618,60.291,479.8393845,707.329616403455
1.88522468239463,14.9849257097305,1.566,21.7041797542929,3.12515412,11.581,60.291,495.5888644,720.97225264077
1.88522468239463,14.1449362731626,1.566,21.3238450452106,2.94997164,11.581,60.291,495.5888644,708.338245040907
1.88522468239463,14.1449362731626,1.566,21.3267972433515,2.94997164,11.581,60.291,495.6869309,708.436311540907
1.91194178551778,14.339563675093,1.566,21.4337111057625,2.89917672,11.717,60.291,495.6869309,711.987790062261
1.91194178551778,14.339563675093,1.566,21.4298732481793,2.89917672,11.717,60.291,495.55944445,711.860303612261
1.89977149744376,13.8940702067392,1.566,21.2193787775677,2.84891508,11.655,60.291,495.55944445,704.868071039396
1.89977149744376,13.8940702067392,1.566,21.4768104554527,2.84891508,11.655,60.291,504.11084325,713.419469839396
1.89977149744376,13.734771821197,1.566,21.4045677768763,2.81625168,11.655,60.291,504.11084325,711.019703190774
1.89957507229061,13.7316406107054,1.566,21.3221254831433,2.81625168,11.654,60.291,501.42382115,708.281124405561
1.89957507229061,13.5392260291504,1.566,21.2348662810025,2.77678896,11.654,60.291,501.42382115,705.382536933318
1.90114635700473,13.563931810152,1.566,21.1629748415429,2.77678896,11.662,60.291,498.6289259,702.994437791146
1.90114635700473,13.2760857442749,1.566,21.032415745466,2.71786152,11.662,60.291,498.6289259,698.657508837051
1.90114635700473,13.2760857442749,1.566,20.8632547919934,2.71786152,11.662,60.291,493.00971545,693.038298387051
1.92703475977968,13.8068647179321,1.566,21.1211091552719,2.74359228,11.794,60.291,493.00971545,701.603738005167
1.92703475977968,13.8068647179321,1.566,20.9885554587462,2.74359228,11.794,60.291,488.6065296,697.200552155167
1.92703475977968,13.7437982286233,1.566,20.9598720823182,2.7310602,11.794,60.291,488.6065296,696.247744043976
1.91154944168136,13.5019420068436,1.566,21.2010016048474,2.7310602,11.715,60.291,500.60006255,704.257615737086
1.91154944168136,13.7524051731897,1.566,21.3147310647904,2.7817218,11.715,60.291,500.60006255,708.035495659521
1.90605491209241,13.6654751258579,1.566,21.0688188097844,2.7817218,11.687,60.291,493.862894,699.866750539882
1.90605491209241,14.3957413499332,1.566,21.4002219779661,2.9303736,11.687,60.291,493.862894,710.87534388002
1.90605491209241,14.3957413499332,1.566,21.2641256436714,2.9303736,11.687,60.291,489.34202835,706.35447823002
1.88620830661654,14.2841197040017,1.566,21.1995134246654,2.97556908,11.586,60.291,489.34202835,704.208181175156
1.88620830661654,14.2841197040017,1.566,21.0093918643925,2.97556908,11.586,60.291,483.02654575,697.892698575156
1.89741412032158,14.9000325202088,1.566,21.2965747112901,3.06356028,11.643,60.291,483.02654575,707.432375558646
1.89741412032158,14.9000325202088,1.566,21.0695506742562,3.06356028,11.643,60.291,475.4852319,699.891061708646
1.89741412032158,15.2054381217153,1.566,21.2080184589249,3.126354,11.643,60.291,475.4852319,704.490702504149
1.89269755631911,15.1221753854207,1.566,21.3858037765407,3.126354,11.619,60.291,482.7617662,710.396398198665
1.89269755631911,15.4046279576516,1.566,21.513799195417,3.18474816,11.619,60.291,482.7617662,714.648166591646
1.92272490378718,15.9482154873313,1.566,21.9553945092622,3.18474816,11.772,60.291,488.47904315,729.317136890588
1.92272490378718,16.359472216241,1.566,22.1423554693853,3.26687328,11.772,60.291,488.47904315,735.527630265681
1.90036074792411,15.9433378191979,1.566,21.7580260888221,3.26687328,11.658,60.291,482.5656332,722.760927151463
1.90036074792411,16.068911774434,1.566,21.8149781761994,3.29260404,11.658,60.291,482.5656332,724.652768962295
1.90036074792411,16.068911774434,1.566,21.6593973341749,3.29260404,11.658,60.291,477.39752865,719.484664412295
1.93212575878528,16.6660899637871,1.566,21.9554918255648,3.29260404,11.82,60.291,477.39752865,729.320369556126
1.93212575878528,16.7261491615349,1.566,21.8033280870487,3.30446952,11.82,60.291,471.43508545,724.265774792805
1.92076524124011,16.5106620110745,1.566,21.6964656468291,3.30446952,11.762,60.291,471.43508545,720.716004420461
1.92076524124011,16.7571295711526,1.566,21.8084891481581,3.35379792,11.762,60.291,471.43508545,724.437215588825
1.92076524124011,16.7571295711526,1.566,21.7317319964951,3.35379792,11.762,60.291,468.88535645,721.887486588825
1.90625120064338,16.4953152237859,1.566,21.601264656766,3.3569976,11.688,60.291,468.88535645,717.553605608967
1.90625120064338,16.4953152237859,1.566,21.551077288371,3.3569976,11.688,60.291,467.21822595,715.886475108967
1.91056851079844,16.4124785743717,1.566,21.5169057200984,3.32353428,11.71,60.291,467.21822595,714.751359530646
1.91056851079844,16.4124785743717,1.566,21.7067320605571,3.32353428,11.71,60.291,473.5239019,721.057035480647
1.91056851079844,16.153739592474,1.566,21.5892569508386,3.27113952,11.71,60.291,473.5239019,717.154732079098
1.89977149744376,15.9532456639315,1.566,21.4892766118118,3.27113952,11.655,60.291,473.5042886,713.833572235052
1.89977149744376,15.5813326985024,1.566,21.3206120724416,3.19488048,11.655,60.291,473.5042886,708.230851732963
1.87912381514412,15.209946659258,1.566,21.2694091350495,3.19488048,11.55,60.291,477.9172811,706.529985930556
1.87912381514412,14.4927358545109,1.566,20.9448870023398,3.04422888,11.55,60.291,477.9172811,695.749967717464
1.87912381514412,14.4927358545109,1.566,21.1471125749903,3.04422888,11.55,60.291,484.63483635,702.467522967464
1.90409180001387,14.8682125781168,1.566,21.335416196472,3.03342996,11.677,60.291,484.63483635,708.72261704137
1.90409180001387,14.8682125781168,1.566,21.4416953295438,3.03342996,11.677,60.291,488.16523035,712.25301104137
1.91860915011044,14.6199842131544,1.566,21.33927153986,2.93330664,11.751,60.291,488.16523035,708.850684337101
1.91860915011044,14.6199842131544,1.566,21.1444264625618,2.93330664,11.751,60.291,481.69284135,702.378295337101
1.91860915011044,14.3455521851554,1.566,21.0197207274863,2.87824548,11.751,60.291,481.69284135,698.235804086456
1.90978369266366,14.2006695486272,1.566,21.1731398639731,2.87824548,11.706,60.291,489.1753153,703.332100822075
1.90978369266366,14.4743032756284,1.566,21.2973672853734,2.9337066,11.706,60.291,489.1753153,707.45870338714
1.91723683907326,14.5989703911059,1.566,21.4802172790894,2.9337066,11.744,60.291,493.1960418,713.532638147965
1.91723683907326,13.8512748841403,1.566,21.1405028399911,2.78345496,11.744,60.291,493.1960418,702.247959934643
1.91723683907326,13.8512748841403,1.566,21.4534358429247,2.78345496,11.744,60.291,503.5910908,712.643008934643
1.90350278592172,13.5429024980654,1.566,21.3043735257536,2.76492348,11.674,60.291,503.5910908,707.691437587035
1.90350278592172,13.5429024980654,1.566,21.0487131667531,2.76492348,11.674,60.291,495.0985319,699.198878687035
1.88797856111198,13.3376412322654,1.566,20.9453886536597,2.77265604,11.595,60.291,495.0985319,695.766631635946
1.88797856111198,13.3376412322654,1.566,20.8774880964194,2.77265604,11.595,60.291,492.8430024,693.511102135946
1.88797856111198,13.6025085606746,1.566,20.9974525346746,2.8277172,11.595,60.291,492.8430024,697.496096375065
1.92076524124011,14.128586349346,1.566,21.1894522822678,2.8277172,11.762,60.291,490.55805295,703.873968844597
1.92076524124011,14.5662328006199,1.566,21.3883696886816,2.91530844,11.762,60.291,490.55805295,710.481633000314
1.9058586194266,14.3184824334299,1.566,20.8941491565394,2.91530844,11.686,60.291,478.22128725,694.064551387752
1.9058586194266,14.8521433463693,1.566,21.1363255072896,3.02396424,11.686,60.291,478.22128725,702.109196756219
1.9058586194266,14.8521433463693,1.566,21.3205426712807,3.02396424,11.686,60.291,484.34063685,708.228546356219
1.91272642437104,15.0442136918261,1.566,21.4126866139137,3.03889608,11.721,60.291,484.34063685,711.289395770449
1.91272642437104,15.0442136918261,1.566,21.2680289050104,3.03889608,11.721,60.291,479.53537835,706.484137270449
1.88876523008039,15.4252263275847,1.566,21.4229943652351,3.2036796,11.599,60.291,479.53537835,711.631799988163
1.88876523008039,15.4252263275847,1.566,21.3533224891103,3.2036796,11.599,60.291,477.22100895,709.317430588163
1.88876523008039,15.3969820513295,1.566,21.3405289065156,3.19781352,11.599,60.291,477.22100895,708.89245170543
1.9385836000425,16.3053786143629,1.566,21.6536341280219,3.19781352,11.853,60.291,472.6609167,719.293221484269
1.9385836000425,16.8396914464687,1.566,21.8969326692323,3.30260304,11.853,60.291,472.6609167,727.375143920708
1.92017726449712,16.4902242911682,1.566,21.7687880721905,3.30260304,11.759,60.291,474.16133415,723.118420108111
1.92017726449712,16.7738039596664,1.566,21.8976717280259,3.35939736,11.759,60.291,474.16133415,727.399694071382
1.92017726449712,16.7738039596664,1.566,22.0033604214695,3.35939736,11.759,60.291,477.67211485,730.910474771382
1.91292257392238,16.788444194045,1.566,22.004207833234,3.39046092,11.722,60.291,477.67211485,730.938624205072
1.91292257392238,16.788444194045,1.566,21.8979287001622,3.39046092,11.722,60.291,474.14172085,727.408230205071
1.91056851079844,17.3374868938788,1.566,22.1453118990598,3.51084888,11.71,60.291,474.14172085,735.625837329311
1.91056851079844,17.3374868938788,1.566,22.0440515028275,3.51084888,11.71,60.291,470.7780399,732.262156379311
1.91056851079844,16.6758261386442,1.566,21.7436380543107,3.37686228,11.71,60.291,470.7780399,722.282983558558
1.89957507229061,16.4650977574587,1.566,21.495698035153,3.37686228,11.654,60.291,466.012008,714.04687990684
1.89957507229061,16.3727907622533,1.566,21.4538372016936,3.35793084,11.654,60.291,466.012008,712.656341322183
1.8893551871476,16.1790731256231,1.566,21.5384998823825,3.35793084,11.602,60.291,472.0136778,715.468677208724
1.8893551871476,16.0602368796136,1.566,21.4846680937107,3.33326664,11.602,60.291,472.0136778,713.680485884206
1.8893551871476,16.0602368796136,1.566,21.5809097531035,3.33326664,11.602,60.291,475.2106457,716.877453784206
1.93251726405907,16.2319815478593,1.566,21.6924125866932,3.20541276,11.822,60.291,475.2106457,720.581369344207
1.93251726405907,16.2319815478593,1.566,21.7446664937868,3.20541276,11.822,60.291,476.94642275,722.317146394207
1.88030495157131,14.9387144759092,1.566,21.1183473752349,3.13355328,11.556,60.291,476.94642275,701.511996838393
1.88030495157131,14.9387144759092,1.566,21.3642654803705,3.13355328,11.556,60.291,485.1153622,709.680936288393
1.88030495157131,14.6825750131033,1.566,21.2483527130981,3.07982532,11.556,60.291,485.1153622,705.830530980462
1.89269755631911,14.897116144077,1.566,21.430836026633,3.07982532,11.619,60.291,487.6454779,711.892285311563
1.89269755631911,14.3696133950248,1.566,21.1917943539372,2.97076956,11.619,60.291,487.6454779,703.951768084488
1.89721764507611,14.4454327716041,1.566,21.0250807815388,2.97076956,11.642,60.291,480.8592761,698.41385505582
1.89721764507611,14.6023144630607,1.566,21.0962078256999,3.003033,11.642,60.291,480.8592761,700.776562416019
1.89721764507611,14.6023144630607,1.566,21.1788693736447,3.003033,11.642,60.291,483.6051381,703.522424416019
1.92233300322604,15.0315014463418,1.566,21.3916456958484,3.003033,11.77,60.291,483.6051381,710.590455830453
1.92233300322604,14.5723816685357,1.566,21.1829342667998,2.91130884,11.77,60.291,483.6051381,703.657452563037
1.91449162423505,14.4418885947307,1.566,21.3659197338309,2.91130884,11.73,60.291,491.83291745,709.735887493979
1.91449162423505,14.3003598060109,1.566,21.301634862963,2.88277836,11.73,60.291,491.83291745,707.600464331942
1.91449162423505,14.3003598060109,1.566,21.5206879650165,2.88277836,11.73,60.291,499.10945175,714.876998631942
1.90625120064338,13.9417513340989,1.566,21.3522713241396,2.83731624,11.688,60.291,499.10945175,709.282512854096
1.90625120064338,13.9417513340989,1.566,21.4054108906755,2.83731624,11.688,60.291,500.87464875,711.047709854096
1.89525266221359,13.7624249445343,1.566,21.3166311279359,2.83678296,11.632,60.291,500.87464875,708.098612203049
1.89525266221359,13.7624249445343,1.566,20.9833279578302,2.83678296,11.632,60.291,489.8029409,697.02690435305
1.89525266221359,13.8562096807387,1.566,21.0258390243256,2.85611436,11.632,60.291,489.8029409,698.439042462867
1.90801761268661,14.0627889345317,1.566,21.1155445308446,2.85611436,11.697,60.291,489.38125495,701.418891590612
1.90801761268661,14.4848760971562,1.566,21.3071326027962,2.94183912,11.697,60.291,489.38125495,707.783088965392
1.90271737590451,14.3963527704605,1.566,21.1613983587255,2.94183912,11.67,60.291,485.9979607,702.942069980848
1.90271737590451,14.9137237369689,1.566,21.3961033159459,3.04756188,11.67,60.291,485.9979607,710.738529631882
1.90271737590451,14.9137237369689,1.566,21.235798956896,3.04756188,11.67,60.291,480.67294975,705.413518681882
1.90782136110043,15.2927627309583,1.566,21.4115373069705,3.10662264,11.696,60.291,480.67294975,711.251217943636
1.90782136110043,15.2927627309583,1.566,21.2668795980673,3.10662264,11.696,60.291,475.86769125,706.445959443636
1.88601159032591,15.3704960315996,1.566,21.2856786691055,3.20261304,11.585,60.291,475.86769125,707.070429418888
1.88601159032591,15.3704960315996,1.566,21.1808756351042,3.20261304,11.585,60.291,472.3863305,703.589068668888
1.88601159032591,15.6513905348829,1.566,21.3080715482928,3.26114052,11.585,60.291,472.3863305,707.814278978444
1.9029137346164,15.9625350515324,1.566,21.5762382265106,3.26114052,11.671,60.291,476.1716974,716.722274409122
1.9029137346164,16.2079016832881,1.566,21.6875509649533,3.31126884,11.671,60.291,476.1716974,720.419875363925
1.89289412820683,16.020279531016,1.566,21.5603087827611,3.31126884,11.62,60.291,475.034126,716.193128084619
1.89289412820683,16.3034418579522,1.566,21.6886285868387,3.36979632,11.62,60.291,475.034126,720.455671947209
1.89289412820683,16.3034418579522,1.566,21.713131831408,3.36979632,11.62,60.291,475.84807795,721.269623897209
1.89977149744376,16.5156664945192,1.566,21.8148950329651,3.38646132,11.655,60.291,475.84807795,724.650007099574
1.89977149744376,16.5156664945192,1.566,21.3983398752865,3.38646132,11.655,60.291,462.0108948,710.812823949574
1.89073160503577,16.7429775034816,1.566,21.4939649848164,3.46938636,11.609,60.291,462.0108948,713.989311216418
1.89073160503577,16.7429775034816,1.566,21.3248040313438,3.46938636,11.609,60.291,456.39168435,708.370100766418
1.89073160503577,16.4064837389532,1.566,21.1723522524896,3.39966,11.609,60.291,456.39168435,703.30593784186
1.92037326074958,16.9786518261888,1.566,21.7323178631435,3.39966,11.76,60.291,465.57070875,721.906947982992
1.92037326074958,16.9167296842345,1.566,21.7041743957472,3.38726124,11.76,60.291,465.57070875,720.972074639907
1.91174561563497,16.7498840963596,1.566,21.8183603636732,3.38726124,11.716,60.291,472.1117443,724.765118903618
1.91174561563497,16.3543265548232,1.566,21.6387432170483,3.30726924,11.716,60.291,472.1117443,718.798573275949
1.91174561563497,16.3543265548232,1.566,21.7739538919007,3.30726924,11.716,60.291,476.60319,723.290018975949
1.89918220948542,15.4608687936299,1.566,21.3588243377739,3.1723494,11.652,60.291,476.60319,709.500191709274
1.89918220948542,15.4608687936299,1.566,21.2227280034792,3.1723494,11.652,60.291,472.08232435,704.979326059274
1.89505614085198,15.4644753408528,1.566,21.2212271415319,3.1883478,11.631,60.291,472.08232435,704.929470232826
1.89505614085198,15.4644753408528,1.566,21.5173326150625,3.1883478,11.631,60.291,481.9183943,714.765540182826
1.89505614085198,14.7324750863746,1.566,21.1855361250519,3.03742956,11.631,60.291,481.9183943,703.74388142726
1.91154944168136,15.016585049642,1.566,21.5669759520935,3.03742956,11.715,60.291,489.91081405,716.414598978551
1.91154944168136,14.7694174512742,1.566,21.4547429324129,2.98743456,11.715,60.291,489.91081405,712.686428002464
1.90625120064338,14.6793893381491,1.566,21.4163103370737,2.98743456,11.688,60.291,490.1167537,711.409769075462
1.90625120064338,14.3210518708174,1.566,21.2536892859175,2.91450852,11.688,60.291,490.1167537,706.007801947187
1.90625120064338,14.3210518708174,1.566,21.2557558246162,2.91450852,11.688,60.291,490.18540025,706.076448497187
1.93036379093003,14.5537018199743,1.566,21.3780224762589,2.8810452,11.811,60.291,490.18540025,710.137917958629
1.93036379093003,14.5537018199743,1.566,21.401640061386,2.8810452,11.811,60.291,490.96993225,710.922449958629
1.93036379093003,14.3866810864549,1.566,21.3256510703112,2.84798184,11.811,60.291,490.96993225,708.398237816485
1.91174561563497,14.0831670038349,1.566,21.075660058654,2.84798184,11.716,60.291,487.6650912,700.09400403042
1.91174561563497,14.2249084562188,1.566,21.140022869528,2.87664564,11.716,60.291,487.6650912,702.232016213668
1.90742884562325,14.1542523722657,1.566,20.9234338911587,2.87664564,11.694,60.291,481.63400145,695.037335493187
1.90742884562325,14.2624903868843,1.566,20.9725607401972,2.89864344,11.694,60.291,481.63400145,696.66923752392
1.89309069587532,14.0271666878132,1.566,20.966032285792,2.89864344,11.621,60.291,485.2918819,696.452374480394
1.89309069587532,14.7465251119192,1.566,21.2920287346416,3.04729524,11.621,60.291,485.2918819,707.281366717867
1.89309069587532,14.7465251119192,1.566,21.1813213043585,3.04729524,11.621,60.291,481.61438815,703.603872967867
1.90860634285376,15.3539237628672,1.566,21.4682213615346,3.11622168,11.7,60.291,481.61438815,713.134156205781
1.90860634285376,15.3539237628672,1.566,21.346000358502,3.11622168,11.7,60.291,477.55443505,709.074203105781
1.90958747791897,15.6508062033478,1.566,21.4815063009644,3.17288268,11.705,60.291,477.55443505,713.575457043472
1.90958747791897,15.6508062033478,1.566,21.2471017685783,3.17288268,11.705,60.291,469.76795495,705.788976943472
1.90958747791897,15.6508062033478,1.566,21.2471017685783,3.17288268,11.705,60.291,469.76795495,705.788976943472
1.89525266221359,15.8412121318514,1.566,21.357900032692,3.26527344,11.632,60.291,470.94475295,709.469488023413
1.89525266221359,15.8412121318514,1.566,21.357900032692,3.26527344,11.632,60.291,470.94475295,709.469488023413
1.90252101305164,16.4157795414007,1.566,21.6241903361233,3.35526444,11.669,60.291,470.94475295,718.315153793541
1.90252101305164,16.4157795414007,1.566,21.6714255063774,3.35526444,11.669,60.291,472.51381695,719.884217793541
1.90252101305164,16.6179844787327,1.566,21.7631536922275,3.39659364,11.669,60.291,472.51381695,722.931256545141
1.92272490378718,17.0090709130416,1.566,21.7501018571136,3.39659364,11.772,60.291,465.6393553,722.497698996792
1.92272490378718,17.3956255332344,1.566,21.9258330193072,3.47378592,11.772,60.291,465.6393553,728.335159490588
1.9231167883976,17.4034254047875,1.566,21.9235012110933,3.47378592,11.774,60.291,465.43341565,728.257701183491
1.9231167883976,17.6592402624031,1.566,22.039801648398,3.52484748,11.774,60.291,465.43341565,732.120984164736
1.9231167883976,17.6592402624031,1.566,22.1605465523601,3.52484748,11.774,60.291,469.4443355,736.131904014736
1.90134274888764,17.3242027638464,1.566,21.9901227960991,3.54577872,11.663,60.291,469.4443355,730.470745618242
1.90134274888764,17.3242027638464,1.566,22.013445161412,3.54577872,11.663,60.291,470.21906085,731.245470968242
1.90428812978218,17.3899515217506,1.566,22.0457627150902,3.54711192,11.678,60.291,470.21906085,732.318999649768
1.90428812978218,17.3899515217506,1.566,21.8884105541812,3.54711192,11.678,60.291,464.9921164,727.092055199768
1.90428812978218,17.1670704622559,1.566,21.7872836904423,3.5016498,11.678,60.291,464.9921164,723.732809949421
1.93838797008545,17.8506571911199,1.566,22.2422729937588,3.5016498,11.852,60.291,468.84612985,738.846703524444
1.93838797008545,17.1553888756233,1.566,21.9256898828981,3.36526344,11.852,60.291,468.84612985,728.330404766821
1.8980035209665,16.3786215697336,1.566,21.7336118736362,3.36526344,11.646,60.291,475.25967895,721.949932591044
1.8980035209665,15.9075464069245,1.566,21.520017564903,3.26847312,11.646,60.291,475.25967895,714.854729194189
1.8980035209665,15.9075464069245,1.566,21.3939587042873,3.26847312,11.646,60.291,471.0722394,710.667289644189
1.89289412820683,15.6842258354948,1.566,21.2887515543515,3.24180912,11.62,60.291,471.0722394,707.172504918766
1.89289412820683,15.6842258354948,1.566,21.4100868979418,3.24180912,11.62,60.291,475.10277255,711.203038068766
1.88699512905879,15.1133897450704,1.566,21.1469705440913,3.14541876,11.59,60.291,475.10277255,702.462804966675
1.88699512905879,15.1133897450704,1.566,21.2048336276526,3.14541876,11.59,60.291,477.02487595,704.384908366675
1.88699512905879,14.805907564863,1.566,21.065583045647,3.08142516,11.59,60.291,477.02487595,699.759264507903
1.91586433061816,15.3099086377894,1.566,21.4901820070293,3.08142516,11.737,60.291,482.83041275,713.863647770588
1.91586433061816,14.9866604477993,1.566,21.3433357812399,3.016365,11.737,60.291,482.83041275,708.985690833365
1.9289931513923,15.2135030638929,1.566,21.2857751262472,3.016365,11.804,60.291,477.18178235,707.073633544707
1.9289931513923,14.8624998108829,1.566,21.1261025548219,2.94677196,11.804,60.291,477.18178235,701.769609397806
1.9289931513923,14.8624998108829,1.566,21.3959334648986,2.94677196,11.804,60.291,486.14506045,710.732887497806
1.90958747791897,14.4841802860933,1.566,21.2104914887466,2.936373,11.705,60.291,486.14506045,704.572851928895
1.90958747791897,14.4841802860933,1.566,21.2358803927582,2.936373,11.705,60.291,486.98843235,705.416223828895
1.92233300322604,14.5617044644007,1.566,21.2799313484963,2.90917572,11.77,60.291,486.98843235,706.879514178911
1.92233300322604,14.5617044644007,1.566,21.6324238065177,2.90917572,11.77,60.291,498.69757245,718.588654278911
1.92233300322604,14.4869640354555,1.566,21.5984475273703,2.89424388,11.77,60.291,498.69757245,717.460025840029
1.89741412032158,14.0765397093525,1.566,20.8417308015629,2.89424388,11.643,60.291,480.31991035,692.323311686694
1.89741412032158,14.6925382686544,1.566,21.1210182653321,3.02089788,11.643,60.291,480.31991035,701.600718811382
1.89053498663181,14.5752623839764,1.566,20.9840699139524,3.02089788,11.608,60.291,477.7015348,697.051550747561
1.89053498663181,15.1233061436811,1.566,21.2323611282704,3.13448652,11.608,60.291,477.7015348,705.299320445576
1.89053498663181,15.1233061436811,1.566,21.3049852025361,3.13448652,11.608,60.291,480.1139707,707.711756345576
1.91606041536072,15.9328358406787,1.566,21.6915405658316,3.20607936,11.738,60.291,480.1139707,720.552402442345
1.91606041536072,15.9328358406787,1.566,21.5155895566349,3.20607936,11.738,60.291,474.2692073,714.707639042345
1.89387692438888,16.0141003447897,1.566,21.5352596216432,3.30620268,11.625,60.291,474.2692073,715.361041808039
1.89387692438888,16.0141003447897,1.566,21.4162860365656,3.30620268,11.625,60.291,470.31712735,711.408961858039
1.89387692438888,16.1645614674291,1.566,21.4844773539833,3.33726624,11.625,60.291,470.31712735,713.674149867248
1.92252895550118,16.7082317737893,1.566,21.4584879264656,3.33726624,11.771,60.291,460.5006707,712.810829699686
1.92252895550118,17.3977333486664,1.566,21.7719350837479,3.4749858,11.771,60.291,460.5006707,723.222957945399
1.92252895550118,17.3977333486664,1.566,21.8380643221037,3.4749858,11.771,60.291,462.6973603,725.419647545399
1.91096089538062,17.1385087851,1.566,21.7107719789064,3.4689864,11.712,60.291,462.6973603,721.191234011333
1.91096089538062,17.1385087851,1.566,21.5448584433888,3.4689864,11.712,60.291,457.186023,715.679896711333
1.90782136110043,17.3902509160129,1.566,21.6565293090012,3.53271336,11.696,60.291,457.186023,719.389393980816
1.90782136110043,17.3902509160129,1.566,21.8478317485304,3.53271336,11.696,60.291,463.5407322,725.744103180816
1.91194178551778,17.7414678873529,1.566,22.0107697230808,3.5869746,11.717,60.291,463.5407322,731.156597911425
1.91194178551778,17.7414678873529,1.566,21.9328316921615,3.5869746,11.717,60.291,460.9517766,728.567642311425
1.91194178551778,17.6095855763524,1.566,21.8729445369802,3.5603106,11.717,60.291,460.9517766,726.578303038342
1.93662712601457,18.1135049609393,1.566,22.2232090146562,3.5603106,11.843,60.291,464.2860376,738.21343379882
1.93662712601457,17.7262062778202,1.566,22.0468881032195,3.48418488,11.843,60.291,464.2860376,732.356382938324
1.93662712601457,17.7262062778202,1.566,22.0468881032195,3.48418488,11.843,60.291,464.2860376,732.356382938324
1.90487709432141,17.0930929473915,1.566,21.5753040250825,3.48418488,11.681,60.291,459.0492865,716.691241985152
1.90487709432141,16.81315708677,1.566,21.4482819229237,3.42712392,11.681,60.291,459.0492865,712.471805352886
1.90232464605627,16.7635404371485,1.566,21.9146369455412,3.42712392,11.668,60.291,475.35774545,727.963246862918
1.90232464605627,16.0579405479011,1.566,21.5945555815479,3.28287168,11.668,60.291,475.35774545,717.330742679896
1.91292257392238,16.2556977639166,1.566,21.6917075054681,3.28287168,11.722,60.291,475.3283255,720.557947864802
1.91292257392238,15.8846897171605,1.566,21.5232169859939,3.20794584,11.722,60.291,475.3283255,714.961007978146
1.91292257392238,15.8846897171605,1.566,21.5630716608958,3.20794584,11.722,60.291,476.65222325,716.284905728146
1.90762510541315,15.4152752749345,1.566,21.3459590124984,3.13222008,11.695,60.291,476.65222325,709.072829668882
1.90762510541315,15.4152752749345,1.566,21.5408040897967,3.13222008,11.695,60.291,483.12461225,715.545218668882
1.92448825909099,15.4753297575783,1.566,21.5805131073505,3.08409156,11.781,60.291,483.12461225,716.864277954237
1.92448825909099,15.4753297575783,1.566,21.58553184419,3.08409156,11.781,60.291,483.2913253,717.030991004236
1.92448825909099,15.1241194466489,1.566,21.4258393180454,3.01409856,11.781,60.291,483.2913253,711.726303998888
1.88679842985304,14.4790773986634,1.566,21.0514577890383,3.01409856,11.589,60.291,481.47709505,699.290049905389
1.88679842985304,13.9987470709477,1.566,20.833933552814,2.91410856,11.589,60.291,481.47709505,692.064301668414
1.88679842985304,13.9987470709477,1.566,20.9537927973339,2.91410856,11.589,60.291,485.45859495,696.045801568414
1.91468773728435,14.9141482593602,1.566,21.3886753861622,3.00583272,11.731,60.291,485.45859495,710.491787698795
1.91468773728435,14.9141482593602,1.566,21.4834409464845,3.00583272,11.731,60.291,488.6065296,713.639722348795
1.93486596719838,14.5695026353325,1.566,21.3407307162881,2.86944636,11.834,60.291,488.6065296,708.899155448576
1.93486596719838,14.5695026353325,1.566,21.3191796698597,2.86944636,11.834,60.291,487.89064415,708.183269998576
1.93486596719838,15.1117212670707,1.566,21.5659849785072,2.97623568,11.834,60.291,487.89064415,716.381680689684
1.89898577183027,14.5017740975678,1.566,21.0961661713342,2.97623568,11.651,60.291,482.3302736,700.775178735904
1.89898577183027,14.861655070962,1.566,21.2593602879221,3.05009496,11.651,60.291,482.3302736,706.196182025874
1.92390050981309,15.2944636419194,1.566,21.3301664109409,3.05009496,11.778,60.291,477.55443505,708.548228986022
1.92390050981309,15.6882235459797,1.566,21.5091949954413,3.12862044,11.778,60.291,477.55443505,714.495223680852
1.92390050981309,15.6882235459797,1.566,21.2296218314997,3.12862044,11.778,60.291,468.2675375,705.208326130852
1.91841311774409,16.2051219168914,1.566,21.4604282021846,3.25207476,11.75,60.291,468.2675375,712.875282029686
1.91841311774409,16.2051219168914,1.566,21.4075838554628,3.25207476,11.75,60.291,466.51214715,711.119891679686
1.91841311774409,16.4608908644585,1.566,21.5238064439347,3.30340296,11.75,60.291,466.51214715,714.980588668327
1.91841311774409,16.4608908644585,1.566,21.6076488711358,3.30340296,11.75,60.291,469.29723575,717.765677268327
1.91841311774409,16.6263102617161,1.566,21.682816207576,3.33659964,11.75,60.291,469.29723575,720.262595580461
1.91664864536725,16.5926725756339,1.566,21.6100457189345,3.33659964,11.741,60.291,467.43397225,717.845296068773
1.91664864536725,16.9937820537279,1.566,21.7922780254296,3.41725824,11.741,60.291,467.43397225,723.898712415533
1.89623520604953,16.5975201280083,1.566,21.4296277884168,3.41725824,11.637,60.291,461.9128283,711.852149898095
1.89623520604953,16.9394166100459,1.566,21.5846203448916,3.4876512,11.637,60.291,461.9128283,717.00071270255
1.89623520604953,16.9394166100459,1.566,21.4680085183267,3.4876512,11.637,60.291,458.03920155,713.12708595255
1.92860150464597,17.8138669441325,1.566,21.8920940979849,3.53351328,11.802,60.291,458.03920155,727.214415634666
1.92860150464597,17.8138669441325,1.566,21.8073660113415,3.53351328,11.802,60.291,455.224693,724.399907084666
1.90330643962347,17.5144822072041,1.566,21.650038124327,3.57657564,11.673,60.291,455.224693,719.173768968036
1.90330643962347,17.5144822072041,1.566,21.8318935298054,3.57657564,11.673,60.291,461.2655894,725.214665368036
1.90330643962347,17.2827141681555,1.566,21.7267454813544,3.52924704,11.673,60.291,461.2655894,721.721843883388
1.89937864297168,17.2041804419399,1.566,21.7876013354744,3.52924704,11.653,60.291,464.5802371,723.743361523213
1.89937864297168,16.855183581207,1.566,21.6293360864432,3.4576542,11.653,60.291,464.5802371,718.486085993775
1.89191122654439,16.7093445714299,1.566,21.5511482327494,3.4576542,11.615,60.291,464.3841041,715.888831748512
1.89191122654439,16.3852728413574,1.566,21.4043054139456,3.39059424,11.615,60.291,464.3841041,711.01098798498
1.89191122654439,16.3852728413574,1.566,21.3771451910495,3.39059424,11.615,60.291,463.4818923,710.10877618498
1.9029137346164,15.9899430263561,1.566,21.2066576568,3.26673996,11.671,60.291,463.4818923,704.44549920301
1.9029137346164,15.9899430263561,1.566,21.5133910436377,3.26673996,11.671,60.291,473.67100165,714.63460855301
1.9170407785355,15.7982285143774,1.566,21.4371684028178,3.17541576,11.743,60.291,473.67100165,712.102635003384
1.9170407785355,15.7982285143774,1.566,21.4672808238548,3.17541576,11.743,60.291,474.67127995,713.102913303384
1.9170407785355,15.5700569378829,1.566,21.3636135083827,3.12955368,11.743,60.291,474.67127995,709.659278998507
1.90703631372948,15.3916804152664,1.566,21.3616762711724,3.12955368,11.692,60.291,477.5446284,709.594927602081
1.90703631372948,15.0553111534009,1.566,21.2090120647814,3.06116052,11.692,60.291,477.5446284,704.523708232112
1.91272642437104,15.1544349643775,1.566,21.2693727625199,3.06116052,11.721,60.291,477.9172811,706.52877770316
1.91272642437104,14.9267323354541,1.566,21.1659654645693,3.01516512,11.721,60.291,477.9172811,703.093780693967
1.91272642437104,14.9267323354541,1.566,21.0505345172607,3.01516512,11.721,60.291,474.08288095,699.259380543967
1.89859288400704,14.1471291264267,1.566,20.6867940604366,2.90477616,11.649,60.291,474.08288095,687.176602963706
1.89859288400704,14.1471291264267,1.566,20.8527075959542,2.90477616,11.649,60.291,479.59421825,692.687940263706
1.91311871941195,14.477203037741,1.566,21.0125742203392,2.923041,11.723,60.291,479.59421825,697.998410486942
1.91311871941195,14.477203037741,1.566,21.0326491676972,2.923041,11.723,60.291,480.26107045,698.665262686942
1.91311871941195,14.477203037741,1.566,21.0326491676972,2.923041,11.723,60.291,480.26107045,698.665262686942
1.90742884562325,14.6790427461737,1.566,21.1202939004033,2.98330164,11.694,60.291,480.26107045,701.576656763408
1.90742884562325,14.6790427461737,1.566,21.1843566000604,2.98330164,11.694,60.291,482.3891135,703.704699813408
1.91998126423792,14.8453227714485,1.566,21.2687509666649,2.97383592,11.758,60.291,482.3891135,706.508122807956
1.91998126423792,14.8453227714485,1.566,21.235981567301,2.97383592,11.758,60.291,481.30057535,705.419584657956
1.91998126423792,15.3597778284883,1.566,21.4697906171044,3.07689228,11.758,60.291,481.30057535,713.186283940438
1.89977149744376,15.0059079180745,1.566,21.1346396581174,3.07689228,11.655,60.291,475.9951777,702.053196000186
1.89977149744376,15.2438802001497,1.566,21.2425613738683,3.1256874,11.655,60.291,475.9951777,705.638153524249
1.90271737590451,15.2960432658137,1.566,21.3103392913468,3.1256874,11.67,60.291,477.387722,707.889609160767
1.90271737590451,16.0247990912739,1.566,21.6409388338628,3.27460584,11.67,60.291,477.387722,718.871507559512
1.90271737590451,16.0247990912739,1.566,21.2716188464383,3.27460584,11.67,60.291,465.11960285,706.603388409512
1.9231167883976,16.6453317666836,1.566,21.5694040560483,3.32246772,11.774,60.291,465.11960285,716.495256050036
1.9231167883976,16.6453317666836,1.566,21.6281527990519,3.32246772,11.774,60.291,467.0711262,718.446779400036
1.90153913661876,16.4453219960226,1.566,21.5201925819802,3.36513012,11.664,60.291,467.0711262,714.860542934117
1.90153913661876,16.4453219960226,1.566,21.3604786625585,3.36513012,11.664,60.291,461.76572855,709.555145284117
1.90153913661876,16.912470519106,1.566,21.5723734040231,3.46072056,11.664,60.291,461.76572855,716.59389223544
1.9170407785355,17.2176679728024,1.566,21.8420618309122,3.46072056,11.743,60.291,465.6981952,725.552437310468
1.9170407785355,17.4829837594239,1.566,21.9626052209959,3.51404856,11.743,60.291,465.6981952,729.556663246372
1.92801400494182,17.7038754702049,1.566,22.111109472685,3.51404856,11.799,60.291,466.992673,734.489696702556
1.92801400494182,17.9409749481995,1.566,22.2189559671006,3.56111052,11.799,60.291,466.992673,738.072155514567
1.92801400494182,17.9409749481995,1.566,22.056585069352,3.56111052,11.799,60.291,461.5990155,732.678498014567
1.91174561563497,17.5238583526325,1.566,21.8533356065334,3.54377892,11.716,60.291,461.5990155,725.926931048422
1.91174561563497,17.5238583526325,1.566,21.8489073093221,3.54377892,11.716,60.291,461.45191575,725.779831298422
1.89171463353679,17.0952115423373,1.566,21.6375542914111,3.5383128,11.614,60.291,461.45191575,718.759079390229
1.89171463353679,17.0952115423373,1.566,21.5979948363233,3.5383128,11.614,60.291,460.13782465,717.444988290229
1.89171463353679,17.1564038971422,1.566,21.6257216134239,3.5509782,11.614,60.291,460.13782465,718.366019961134
1.90919503616579,17.5079010200202,1.566,21.7488795713004,3.5509782,11.703,60.291,458.4412742,722.457096948428
1.90919503616579,16.9918994318575,1.566,21.5146338117244,3.446322,11.703,60.291,458.4412742,714.675890984188
1.90664376540693,16.941914717802,1.566,21.6593100687892,3.446322,11.69,60.291,464.0702913,719.481765619417
1.90664376540693,16.5781714811142,1.566,21.4942288500384,3.3723294,11.69,60.291,464.0702913,713.998076325518
1.90664376540693,16.5781714811142,1.566,21.6093645775328,3.3723294,11.69,60.291,467.8948848,717.822669825518
1.91468773728435,15.9857760505499,1.566,21.3466989835949,3.22181112,11.731,60.291,467.8948848,709.097410124553
1.91468773728435,15.9857760505499,1.566,21.370611788536,3.22181112,11.731,60.291,468.68922345,709.891748774553
1.89996791843269,15.432704272365,1.566,21.108403701488,3.1636836,11.656,60.291,468.68922345,701.181686596679
1.89996791843269,15.432704272365,1.566,21.1340878253137,3.1636836,11.656,60.291,469.542402,702.034865146679
1.89996791843269,15.1569576810678,1.566,21.0090326055182,3.10715592,11.656,60.291,469.542402,697.880764667362
1.89898577183027,15.1396858590716,1.566,20.9555980037713,3.10715592,11.651,60.291,468.0517912,696.105767149533
1.89898577183027,14.8675015127681,1.566,20.8321714065685,3.05129484,11.651,60.291,468.0517912,692.005766466325
1.91213795133128,15.0953623759278,1.566,21.4068523686469,3.05129484,11.718,60.291,483.3893918,711.095593055947
1.91213795133128,14.8262616703142,1.566,21.2846524326403,2.99690028,11.718,60.291,483.3893918,707.036339763142
1.91213795133128,14.8262616703142,1.566,21.1718784636586,2.99690028,11.718,60.291,479.6432515,703.290199463142
1.91429550713596,14.9226303754885,1.566,21.2171829050746,3.00889908,11.729,60.291,479.6432515,704.795128262667
1.91429550713596,14.9226303754885,1.566,21.1200555862395,3.00889908,11.729,60.291,476.41686365,701.568740412667
1.9058586194266,14.9300643876451,1.566,21.1173657801959,3.03982932,11.686,60.291,476.41686365,701.479390087321
1.9058586194266,14.9300643876451,1.566,21.0527126409106,3.03982932,11.686,60.291,474.2692073,699.331733737321
1.9058586194266,15.193948250117,1.566,21.1724636462509,3.09355728,11.686,60.291,474.2692073,703.309638134244
1.91194178551778,15.3009857222872,1.566,21.2485555385637,3.09355728,11.717,60.291,475.034126,705.837268463033
1.91194178551778,15.8904996524598,1.566,21.5162511222237,3.21274536,11.717,60.291,475.034126,714.729615013712
1.91625649606543,15.9695597204864,1.566,21.6463771623836,3.21274536,11.739,60.291,478.0545742,719.052158660297
1.91625649606543,16.2889774225892,1.566,21.7914892381836,3.2770056,11.739,60.291,478.0545742,723.872510378691
1.91625649606543,16.2889774225892,1.566,21.4136078761506,3.2770056,11.739,60.291,465.5020622,711.319998378691
1.89210781532483,16.4566952286523,1.566,21.4704835729039,3.40459284,11.616,60.291,465.5020622,713.209302635886
1.89210781532483,16.4566952286523,1.566,21.3890029042155,3.40459284,11.616,60.291,462.7954268,710.502667235886
1.89623520604953,16.5366521937061,1.566,21.4286041998881,3.40472616,11.637,60.291,462.7954268,711.818148201847
1.89623520604953,16.5366521937061,1.566,21.3925873825693,3.40472616,11.637,60.291,461.5990155,710.621736901847
1.89623520604953,17.0572672913543,1.566,21.6285987753832,3.51191544,11.637,60.291,461.5990155,718.461593899541
1.93055958084194,17.7445202969121,1.566,21.5923415152861,3.51191544,11.812,60.291,449.07592345,717.257195540205
1.93055958084194,17.9978017346024,1.566,21.7075786291668,3.56204376,11.812,60.291,449.07592345,721.085156906309
1.90841010356175,17.5465569422845,1.566,21.4144517360259,3.56204376,11.699,60.291,446.7713607,711.348029825265
1.90841010356175,17.9924777508709,1.566,21.6168665064313,3.65256804,11.699,60.291,446.7713607,718.071869870779
1.90841010356175,17.9924777508709,1.566,21.6812244259026,3.65256804,11.699,60.291,448.9092104,720.209719570779
1.91096089538062,18.2681222580611,1.566,21.8085919928834,3.6976302,11.712,60.291,448.9092104,724.440631898226
1.91096089538062,18.2681222580611,1.566,21.9316986553582,3.6976302,11.712,60.291,452.99858345,728.530004948225
1.92683889888598,18.6038107648342,1.566,22.0981485244003,3.6976302,11.793,60.291,452.99858345,734.059158244666
1.92683889888598,18.4656321090724,1.566,22.0353045262623,3.67016628,11.793,60.291,452.99858345,731.971598179488
1.92683889888598,18.4656321090724,1.566,21.8082804892284,3.67016628,11.793,60.291,445.4572696,724.430284329488
1.90369912808518,18.2539924979308,1.566,21.6918475043628,3.72589404,11.675,60.291,445.4572696,720.562598366208
1.90369912808518,18.2539924979308,1.566,22.253946030387,3.72589404,11.675,60.291,464.1291312,739.234459966208
1.94621016223639,18.6235386247221,1.566,22.458868075934,3.62110452,11.892,60.291,464.1291312,746.041587001938
1.94621016223639,18.6235386247221,1.566,22.211473871728,3.62110452,11.892,60.291,455.9111585,737.823614301938
1.94621016223639,18.232705554655,1.566,22.0333721196785,3.54511212,11.892,60.291,455.9111585,731.907407247444
1.9029137346164,17.3525109175952,1.566,21.6951971101931,3.54511212,11.671,60.291,459.17677295,720.673866006276
1.9029137346164,16.8363273917475,1.566,21.4610258971393,3.439656,11.671,60.291,459.17677295,712.895136338061
1.90566232264442,16.8899715064732,1.566,21.5543378947048,3.439656,11.685,60.291,461.39307585,715.994786352242
1.90566232264442,16.4664129186946,1.566,21.3621302227088,3.35339796,11.685,60.291,461.39307585,709.610007022981
1.90566232264442,16.4664129186946,1.566,21.5537278820521,3.35339796,11.685,60.291,467.7575917,715.974522872981
1.9170407785355,16.2068148257745,1.566,21.4447876756515,3.25754088,11.743,60.291,467.7575917,712.355732994675
1.9170407785355,16.2068148257745,1.566,21.503241198841,3.25754088,11.743,60.291,469.6993084,714.297449694675
1.92546776174933,15.8496180730781,1.566,21.3472735288962,3.15515112,11.786,60.291,469.6993084,709.116495444745
1.92546776174933,15.8496180730781,1.566,21.3381217146594,3.15515112,11.786,60.291,469.39530225,708.812489294745
1.92546776174933,15.7712607116925,1.566,21.3024896365026,3.13955268,11.786,60.291,469.39530225,707.628858310031
1.91468773728435,15.5776313918067,1.566,21.5031732014481,3.13955268,11.731,60.291,479.2509855,714.295190948477
1.91468773728435,15.2276986130787,1.566,21.3442242826322,3.0690264,11.731,60.291,479.2509855,709.015205187628
1.89977149744376,14.9675462660459,1.566,21.1494214013795,3.0690264,11.655,60.291,477.06410255,702.544217861334
1.89977149744376,14.8849711845608,1.566,21.1119731557501,3.05209476,11.655,60.291,477.06410255,701.300257190416
1.89977149744376,14.8849711845608,1.566,20.9549162146551,3.05209476,11.655,60.291,471.84696475,696.083119390416
1.93114692700472,15.6431739109682,1.566,21.3222069589235,3.09395724,11.815,60.291,471.84696475,708.283830878576
1.93114692700472,15.6431739109682,1.566,21.1858154048147,3.09395724,11.815,60.291,467.31629245,703.753158578576
1.91566824183625,15.6183766985974,1.566,21.1631299395812,3.14421888,11.736,60.291,467.31629245,702.99958985786
1.91566824183625,15.6183766985974,1.566,21.3535467196681,3.14421888,11.736,60.291,473.6415817,709.32487910786
1.91566824183625,16.3296274013744,1.566,21.6766493158819,3.28740456,11.736,60.291,473.6415817,720.057742973873
1.90094996096847,16.054506399028,1.566,21.4496247066672,3.28740456,11.661,60.291,470.63094015,712.516410117097
1.90094996096847,16.1756086048119,1.566,21.5045521903734,3.31220208,11.661,60.291,470.63094015,714.340998381104
1.92135318196201,16.5604444125569,1.566,21.2480874247104,3.31220208,11.765,60.291,455.7738654,705.821718596458
1.92135318196201,16.7937464389776,1.566,21.3541334708704,3.35886408,11.765,60.291,455.7738654,709.344369885251
1.92135318196201,16.7937464389776,1.566,21.3747988578566,3.35886408,11.765,60.291,456.4603309,710.030835385251
1.89839643383585,16.9567119612949,1.566,21.4301194337116,3.48245172,11.648,60.291,456.4603309,711.868481435139
1.89839643383585,16.9567119612949,1.566,21.3439152479978,3.48245172,11.648,60.291,453.5967891,709.004939635139
1.90369912808518,17.3656885727443,1.566,21.5338590737498,3.54457884,11.675,60.291,453.5967891,715.314518226817
1.90369912808518,17.3656885727443,1.566,21.6365955690525,3.54457884,11.675,60.291,457.0095033,718.727232426817
1.90369912808518,17.9215316906367,1.566,21.8887799556236,3.65803416,11.675,60.291,457.0095033,727.104326024701
1.90664376540693,17.9826791499826,1.566,21.8066135496515,3.65803416,11.69,60.291,453.27316965,724.374911714841
1.90664376540693,17.9813683635441,1.566,21.8060186623767,3.65776752,11.69,60.291,453.27316965,724.355150672341
1.90369912808518,17.920225361335,1.566,21.7842699033053,3.65776752,11.675,60.291,453.5575625,723.632697578172
1.90369912808518,18.0600025966217,1.566,21.8476864235476,3.686298,11.675,60.291,453.5575625,725.739275756723
1.90369912808518,18.0600025966217,1.566,21.5914356249189,3.686298,11.675,60.291,445.0453903,717.227103556723
1.90939125908685,18.5099131328219,1.566,21.8006611180601,3.75335796,11.704,60.291,445.0453903,724.177183071707
1.90939125908685,18.5099131328219,1.566,21.7684821583244,3.75335796,11.704,60.291,443.97646545,723.108258221707
1.8980035209665,17.973528939134,1.566,21.5150215632043,3.692964,11.646,60.291,443.97646545,714.688771363038
1.8980035209665,17.973528939134,1.566,21.8335637426055,3.692964,11.646,60.291,454.5578408,725.270146713038
1.8980035209665,17.7529152265237,1.566,21.7335333500859,3.6476352,11.646,60.291,454.5578408,721.947324185586
1.93212575878528,18.4631421390944,1.566,22.4431837835387,3.6476352,11.82,60.291,466.43369395,745.520584146851
1.93212575878528,17.8564767595971,1.566,22.1671210004362,3.52778052,11.82,60.291,466.43369395,736.350294881976
1.91292257392238,17.4684055608755,1.566,21.8503977351955,3.52778052,11.722,60.291,462.3050943,725.829340458018
1.91292257392238,16.9006708274053,1.566,21.5925652676726,3.41312532,11.722,60.291,462.3050943,717.264628175946
1.91292257392238,16.9006708274053,1.566,21.7324994595505,3.41312532,11.722,60.291,466.9534464,721.912980275946
1.91037231238832,16.6398018596985,1.566,21.6119891147996,3.3703296,11.709,60.291,466.9534464,717.909852044188
1.91037231238832,16.6398018596985,1.566,21.5142713563364,3.3703296,11.709,60.291,463.70744525,714.663850894188
1.91233411307699,15.7795930408036,1.566,21.1252072328353,3.18888108,11.719,60.291,463.70744525,701.739868476157
1.91233411307699,15.7795930408036,1.566,21.4629387001523,3.18888108,11.719,60.291,474.92625285,712.958676076157
1.91233411307699,15.591575815308,1.566,21.3775573956561,3.15088488,11.719,60.291,474.92625285,710.122468850961
1.93701845186104,16.0376185944179,1.566,21.4741653038204,3.15088488,11.845,60.291,470.78784655,713.331602850063
1.93701845186104,16.0376185944179,1.566,21.4741653038204,3.15088488,11.845,60.291,470.78784655,713.331602850063
1.90841010356175,15.2361749030991,1.566,21.2236194814716,3.093024,11.699,60.291,475.2694856,705.008939290626
1.90841010356175,15.2361749030991,1.566,21.2236194814716,3.093024,11.699,60.291,475.2694856,705.008939290626
1.90841010356175,15.0923506658672,1.566,21.1583340106045,3.06382692,11.699,60.291,475.2694856,702.840278068287
1.91939323940502,15.284250671975,1.566,21.2115573398513,3.06382692,11.755,60.291,473.8769413,704.608257508862
1.91939323940502,15.2031106614454,1.566,21.1746831677533,3.04756188,11.755,60.291,473.8769413,703.383366486823
1.89996791843269,14.8662531378841,1.566,20.988196380029,3.04756188,11.656,60.291,473.2297024,697.188624231856
1.89996791843269,15.1602094097387,1.566,21.121509963396,3.10782252,11.656,60.291,473.2297024,701.617052101316
1.89996791843269,15.1602094097387,1.566,21.0884453442181,3.10782252,11.656,60.291,472.1313576,700.518707301316
1.94132201355125,16.5264713911527,1.566,21.7404468936164,3.23114352,11.867,60.291,472.1313576,722.176979169528
1.94132201355125,16.5264713911527,1.566,21.5736476986566,3.23114352,11.867,60.291,466.59060035,716.636221919528
1.91233411307699,16.1028507267433,1.566,21.3587977852059,3.25420788,11.719,60.291,466.59060035,709.499309682633
1.91233411307699,16.1028507267433,1.566,21.4266983424462,3.25420788,11.719,60.291,468.84612985,711.754839182633
1.91233411307699,16.6774577562404,1.566,21.6876355923277,3.3703296,11.719,60.291,468.84612985,720.422686527003
1.90487709432141,16.5345293376466,1.566,21.5131558215192,3.3703296,11.681,60.291,465.4039957,714.626794914229
1.90487709432141,16.8236219787558,1.566,21.6443328522533,3.42925704,11.681,60.291,465.4039957,718.984250501756
1.91978525997048,17.1149297952914,1.566,21.7701611699083,3.42925704,11.757,60.291,464.78617675,723.164031845845
1.91978525997048,17.5580735338679,1.566,21.9715565995823,3.51804816,11.757,60.291,464.78617675,729.854011298992
1.91978525997048,17.5580735338679,1.566,21.97716577605,3.51804816,11.757,60.291,464.9725031,730.040337648992
1.92664303403515,17.9048903319773,1.566,22.1405766086822,3.55951068,11.792,60.291,464.9725031,735.468539840575
1.92664303403515,17.9048903319773,1.566,21.8432902558953,3.55951068,11.792,60.291,455.09720655,725.593243290575
1.89780705826521,17.7378344861005,1.566,21.7427614722038,3.64536876,11.645,60.291,455.09720655,722.25386514066
1.89780705826521,17.7378344861005,1.566,21.5086521596318,3.64536876,11.645,60.291,447.3205331,714.47719169066
1.89780705826521,17.9369902183622,1.566,21.5989511808387,3.686298,11.645,60.291,447.3205331,717.47675626614
1.91743289558208,18.3482112146536,1.566,21.8698276515056,3.686298,11.745,60.291,449.54664265,726.47476593317
1.91743289558208,18.3767455033419,1.566,21.8827924332277,3.69203076,11.745,60.291,449.54664265,726.905431730681
1.91390326078242,18.302361400435,1.566,21.9681324420034,3.69203076,11.727,60.291,453.60659575,729.740267189286
1.91390326078242,18.3770433358789,1.566,22.0020521911593,3.70709592,11.727,60.291,453.60659575,730.867017807588
1.91390326078242,18.3770433358789,1.566,21.9934908165507,3.70709592,11.727,60.291,453.3222029,730.582624957588
1.9111570815557,18.1536662022515,1.566,21.8896435880677,3.6736326,11.713,60.291,453.3222029,727.133014279025
1.9111570815557,18.1536662022515,1.566,21.9938561824409,3.6736326,11.713,60.291,456.78395035,730.594761729025
1.90094996096847,17.3071980330506,1.566,21.6009489455767,3.54391224,11.661,60.291,456.78395035,717.543118273813
1.90094996096847,17.3071980330506,1.566,21.6735730198424,3.54391224,11.661,60.291,459.19638625,719.955554173813
1.90094996096847,17.0011870829515,1.566,21.5347777653159,3.48125184,11.661,60.291,459.19638625,715.345035442183
1.89918220948542,16.9663461205827,1.566,21.813318079245,3.48125184,11.652,60.291,469.02264955,724.597623646767
1.89918220948542,16.3536291938168,1.566,21.5354653238419,3.35553108,11.652,60.291,469.02264955,715.367874850304
1.91507995123954,16.656768345914,1.566,21.6373282987559,3.35553108,11.733,60.291,467.41435895,718.751572336954
1.91507995123954,15.867906338352,1.566,21.2789910811692,3.19661364,11.733,60.291,467.41435895,706.848280257124
1.91507995123954,15.867906338352,1.566,21.3282927901219,3.19661364,11.733,60.291,469.0520695,708.485990807123
1.90232464605627,15.472983892952,1.566,21.1393752822148,3.16328364,11.668,60.291,469.0520695,702.21050457447
1.90232464605627,15.472983892952,1.566,21.3486861304034,3.16328364,11.668,60.291,476.00498435,709.16341942447
1.90311008918887,15.3526098624085,1.566,21.29466834624,3.13581972,11.672,60.291,476.00498435,707.369049677636
1.90311008918887,15.3526098624085,1.566,21.3389513183533,3.13581972,11.672,60.291,477.47598185,708.840047177636
1.90311008918887,15.2886433743121,1.566,21.3099317447195,3.12275436,11.672,60.291,477.47598185,707.876071224143
1.91037231238832,15.4174873006218,1.566,21.3746904075278,3.12275436,11.709,60.291,477.5054018,710.027232868189
1.91037231238832,15.1535410765023,1.566,21.2548535490897,3.06929304,11.709,60.291,477.5054018,706.04647659195
1.8925009802106,14.8427690458807,1.566,21.0650849163215,3.06929304,11.618,60.291,476.31879715,699.742717583486
1.8925009802106,15.1412749128012,1.566,21.2003520964122,3.1310202,11.618,60.291,476.31879715,704.236040281805
1.8925009802106,15.1412749128012,1.566,21.1324515391719,3.1310202,11.618,60.291,474.06326765,701.980510781805
1.90409180001387,15.4145065048651,1.566,21.2650316154098,3.14488548,11.677,60.291,474.06326765,706.384572916502
1.90409180001387,15.4145065048651,1.566,21.3104954667794,3.14488548,11.677,60.291,475.57349175,707.894797016502
1.91096089538062,15.7777032835621,1.566,21.4805241755852,3.19354728,11.712,60.291,475.57349175,713.542832675491
1.91096089538062,15.7777032835621,1.566,21.0329709374273,3.19354728,11.712,60.291,460.70661035,698.675951275491
1.91096089538062,16.2624820101506,1.566,21.2530838921927,3.2916708,11.712,60.291,460.70661035,705.98769190007
1.90939125908685,16.2330748143848,1.566,21.0412978528298,3.2916708,11.704,60.291,454.15576815,698.952555829233
1.90939125908685,16.7537955617721,1.566,21.2776908641594,3.39726024,11.704,60.291,454.15576815,706.805089480183
1.89269755631911,16.4325489625284,1.566,21.4113108653716,3.39726024,11.619,60.291,463.88396495,711.243695977291
1.89269755631911,16.8059280477377,1.566,21.5805102889546,3.47445252,11.619,60.291,463.88396495,716.864184332397
1.89269755631911,16.8059280477377,1.566,21.4355573602372,3.47445252,11.619,60.291,459.0688998,712.049119182397
1.91527605214843,17.6600621187418,1.566,21.8420036283855,3.55684428,11.734,60.291,459.0688998,725.550503931402
1.91527605214843,17.6600621187418,1.566,21.5087004582798,3.55684428,11.734,60.291,447.99719195,714.478796081402
1.9170407785355,17.8557524396271,1.566,21.5990969196343,3.5889744,11.743,60.291,447.99719195,717.481597436317
1.9170407785355,17.8557524396271,1.566,21.313914579225,3.5889744,11.743,60.291,438.52396805,708.008373536317
1.9170407785355,18.396996644335,1.566,21.5598230949959,3.69776352,11.743,60.291,438.52396805,716.17699444556
1.90448445542184,18.1326504049346,1.566,21.4777733174112,3.69776352,11.679,60.291,440.15187195,713.451454312575
1.90448445542184,18.2209078250624,1.566,21.5178188187174,3.71576172,11.679,60.291,440.15187195,714.781690958773
1.91351099821174,18.4116907473522,1.566,21.8816417230735,3.71576172,11.725,60.291,449.09553675,726.867207291821
1.91351099821174,18.539847900127,1.566,21.9398469458986,3.7416258,11.725,60.291,449.09553675,728.800675918176
1.91351099821174,18.539847900127,1.566,21.9035349087657,3.7416258,11.725,60.291,447.8893188,727.594457968175
1.91174561563497,18.5022040053659,1.566,21.8848713824237,3.7416258,11.716,60.291,447.8893188,726.974490534188
1.91174561563497,18.2378397151057,1.566,21.764827256096,3.68816448,11.716,60.291,447.8893188,722.986849206363
1.92938478237356,18.6101304134253,1.566,22.1233159974061,3.68816448,11.806,60.291,453.66543565,734.895174620852
1.92938478237356,18.1594079084732,1.566,21.9182725489109,3.59884008,11.806,60.291,453.66543565,728.084014806275
1.92938478237356,18.1594079084732,1.566,21.8164217130504,3.59884008,11.806,60.291,450.2821414,724.700720556275
1.90134274888764,17.3202944612226,1.566,21.4114905428021,3.5449788,11.663,60.291,450.2821414,711.249664525434
1.90134274888764,17.3202944612226,1.566,21.8740999914785,3.5449788,11.663,60.291,465.64916195,726.616685075434
1.9278181638121,16.8726095815367,1.566,21.6924020095886,3.34979832,11.798,60.291,465.64916195,720.581017992576
1.9278181638121,16.8726095815367,1.566,21.4981473719185,3.34979832,11.798,60.291,459.19638625,714.128242292576
1.9278181638121,16.9182729362906,1.566,21.5189172760517,3.35886408,11.798,60.291,459.19638625,714.818179656697
1.93251726405907,17.009048085379,1.566,21.7168603915756,3.35886408,11.822,60.291,464.27623095,721.393479691511
1.93251726405907,16.2468342531812,1.566,21.3700014807328,3.2083458,11.822,60.291,464.27623095,709.871475490941
1.91762894806345,15.9728416998073,1.566,21.3649111598168,3.2083458,11.746,60.291,468.6205769,709.702384551821
1.91762894806345,15.7883226891052,1.566,21.2810717531924,3.17128284,11.746,60.291,468.6205769,706.91739628973
1.91762894806345,15.7883226891052,1.566,21.2940614250123,3.17128284,11.746,60.291,469.0520695,707.34888888973
1.90330643962347,15.4945094950451,1.566,21.1498809863965,3.16408356,11.673,60.291,469.0520695,702.55948441592
1.90330643962347,15.4945094950451,1.566,21.3110710048887,3.16408356,11.673,60.291,474.4065004,707.91391531592
1.92096122548112,15.4816376468332,1.566,21.3183526722254,3.09782352,11.763,60.291,474.4065004,708.155798684107
1.92096122548112,15.4816376468332,1.566,21.3000490437519,3.09782352,11.763,60.291,473.7984881,707.547786384107
1.92096122548112,16.055969358469,1.566,21.5610974467196,3.21274536,11.763,60.291,473.7984881,716.21932602608
1.89525266221359,15.5863763658891,1.566,21.2143413213936,3.21274536,11.632,60.291,470.0131212,704.700736168117
1.89525266221359,15.5870231571732,1.566,21.2146345011626,3.21287868,11.632,60.291,470.0131212,704.710475051633
1.89269755631911,15.5406952926761,1.566,21.0021422100257,3.21287868,11.619,60.291,463.7172519,697.651878617946
1.89269755631911,15.7535020251788,1.566,21.0985771146585,3.25687428,11.619,60.291,463.7172519,700.855265763343
1.89269755631911,15.7535020251788,1.566,21.0303813376041,3.25687428,11.619,60.291,461.45191575,698.589929613343
1.91135326365544,16.4787286090345,1.566,21.3740178569658,3.33393324,11.714,60.291,461.45191575,710.004891996563
1.91135326365544,16.4787286090345,1.566,21.3988163213493,3.33393324,11.714,60.291,462.27567435,710.828650596563
1.88699512905879,16.5386977679069,1.566,21.4063074959356,3.44205576,11.59,60.291,462.27567435,711.07749340369
1.88699512905879,16.5386977679069,1.566,21.1547802143324,3.44205576,11.59,60.291,453.92040855,702.72222760369
1.88699512905879,16.9198475537891,1.566,21.3273929149435,3.52138116,11.59,60.291,453.92040855,708.456098636959
1.90507340758437,17.2794983911743,1.566,21.3423944606,3.52138116,11.682,60.291,448.4973311,708.954421922495
1.90507340758437,17.9088429356149,1.566,21.627968255577,3.649635,11.682,60.291,448.4973311,718.440649210998
1.88148593238808,17.4232074148588,1.566,21.2624012679542,3.649635,11.562,60.291,444.34911815,706.297197694231
1.88148593238808,17.5625930741776,1.566,21.3254868381286,3.67883208,11.562,60.291,444.34911815,708.392782330585
1.88148593238808,17.5625930741776,1.566,21.6094882992816,3.67883208,11.562,60.291,453.78311545,717.826779630585
1.90782136110043,18.3523653338133,1.566,21.9907888181271,3.72816048,11.696,60.291,453.78311545,730.492869624185
1.90782136110043,18.3523653338133,1.566,21.7286336232167,3.72816048,11.696,60.291,445.07481025,721.784564424185
1.90271737590451,18.3324171348305,1.566,21.715038769252,3.74615868,11.67,60.291,445.07481025,721.332968805358
1.90271737590451,18.3324171348305,1.566,21.8340123543296,3.74615868,11.67,60.291,449.0268902,725.285048755359
1.90271737590451,18.5627222435032,1.566,21.938490096951,3.79322064,11.67,60.291,449.0268902,728.755603934192
1.92448825909099,19.0335919363082,1.566,22.1495105299194,3.79322064,11.781,60.291,448.2815848,735.765307992709
1.92448825909099,18.7566375196896,1.566,22.0235815664454,3.73802616,11.781,60.291,448.2815848,731.582183382777
1.92801400494182,18.8322809178846,1.566,21.9887649824097,3.73802616,11.799,60.291,445.87895555,730.425641587342
1.92801400494182,18.3527086026207,1.566,21.7706278803905,3.64283568,11.799,60.291,445.87895555,723.179535095058
1.92801400494182,18.3527086026207,1.566,21.8270148648814,3.64283568,11.799,60.291,447.7520257,725.052605245058
1.92154915420481,18.0076241939354,1.566,21.6645715190175,3.60083988,11.766,60.291,447.7520257,719.656541154184
1.92154915420481,18.0076241939354,1.566,21.8198571412279,3.60083988,11.766,60.291,452.9103236,724.814839054184
1.95070515121201,17.4885914014981,1.566,21.6075102470797,3.38326164,11.915,60.291,452.9103236,717.761072436487
1.95070515121201,17.4885914014981,1.566,21.9815537515295,3.38326164,11.915,60.291,465.33534915,730.186097986487
1.95070515121201,17.2970073525713,1.566,21.8942102600926,3.34619868,11.915,60.291,465.33534915,727.284710581492
1.9231167883976,16.7642222227034,1.566,21.4956247325278,3.34619868,11.774,60.291,460.8733234,714.044444930745
1.9231167883976,16.4369395066938,1.566,21.3468330503364,3.28087188,11.774,60.291,460.8733234,709.101863570927
1.91468773728435,16.2788199465357,1.566,21.1470947049803,3.28087188,11.731,60.291,456.84279025,702.466929359159
1.91468773728435,16.0069440069191,1.566,21.0236013105883,3.22607736,11.731,60.291,456.84279025,698.364709798272
1.91468773728435,16.0069440069191,1.566,21.2931370008509,3.22607736,11.731,60.291,465.7962617,707.318181248272
1.93055958084194,15.8462567559244,1.566,21.2320259075728,3.13621968,11.812,60.291,465.7962617,705.288185041051
1.93055958084194,15.8462567559244,1.566,21.5718239135885,3.13621968,11.812,60.291,477.08371585,716.575639191051
1.91096089538062,15.3660365660107,1.566,21.339071455313,3.11022228,11.712,60.291,477.08371585,708.844037902717
1.91096089538062,15.3660365660107,1.566,21.4385605326608,3.11022228,11.712,60.291,480.3885569,712.148878952717
1.91096089538062,15.1993938787459,1.566,21.3628967044602,3.07649232,11.712,60.291,480.3885569,709.635468113018
1.91096089538062,15.1993938787459,1.566,20.8137878502559,3.07649232,11.712,60.291,462.1481879,691.395099113018
1.91096089538062,15.9476393045673,1.566,21.1535274108721,3.22794384,11.712,60.291,462.1481879,702.680611816172
1.92448825909099,16.1971505680407,1.566,21.2589404597992,3.22794384,11.781,60.291,461.5401756,706.182236120943
1.92448825909099,16.3202414198711,1.566,21.3149088880099,3.25247472,11.781,60.291,461.5401756,708.041402614246
1.92448825909099,16.3202414198711,1.566,21.2774159716207,3.25247472,11.781,60.291,460.29473105,706.795958064246
1.90330643962347,16.5776170352752,1.566,21.3776316991202,3.38526144,11.673,60.291,460.29473105,710.12493707305
1.90330643962347,16.5776170352752,1.566,21.363756367858,3.38526144,11.673,60.291,459.8338185,709.66402452305
1.90526971672484,16.6153283130683,1.566,21.3824505034841,3.38526144,11.683,60.291,459.8338185,710.285008740196
1.90526971672484,16.7998558250518,1.566,21.4661841733285,3.42285768,11.683,60.291,459.8338185,713.066484624244
1.90526971672484,16.7998558250518,1.566,21.3120794303744,3.42285768,11.683,60.291,454.7147472,707.947413324244
1.90997990332244,17.340198716622,1.566,21.5612213028108,3.51378192,11.707,60.291,454.7147472,716.223440293753
1.90997990332244,17.340198716622,1.566,21.6648434575558,3.51378192,11.707,60.291,458.15688135,719.665574443753
1.93467026341206,18.5761673218183,1.566,22.2476452972962,3.65936736,11.833,60.291,458.15688135,739.025161398782
1.93467026341206,18.5761673218183,1.566,21.9279222386386,3.65936736,11.833,60.291,447.5362794,728.404559448782
1.93467026341206,18.2479306141864,1.566,21.7785195011201,3.59470716,11.833,60.291,447.5362794,723.441679974006
1.92840567535732,18.1183249242072,1.566,21.785979460216,3.59470716,11.801,60.291,449.91929535,723.689485860932
1.92840567535732,19.0422835627409,1.566,22.2062659903974,3.77802216,11.801,60.291,449.91929535,737.650618225748
1.88856856922137,18.1864165232933,1.566,21.8262494385844,3.77802216,11.598,60.291,451.39029285,725.027179215243
1.88856856922137,18.2217137534712,1.566,21.8422373951754,3.78535476,11.598,60.291,451.39029285,725.558269226892
1.88856856922137,18.2217137534712,1.566,21.7507192528081,3.78535476,11.598,60.291,448.35023135,722.518207726892
1.89996791843269,18.2844703167948,1.566,21.7894365306621,3.7482918,11.656,60.291,448.35023135,723.804323274521
1.89996791843269,18.2844703167948,1.566,21.645369261387,3.7482918,11.656,60.291,443.56458615,719.018678074521
1.8925009802106,18.2707511072545,1.566,21.6324321552844,3.77815548,11.618,60.291,443.56458615,718.588931609324
1.8925009802106,18.2707511072545,1.566,21.8125162418783,3.77815548,11.618,60.291,449.54664265,724.570988109324
1.8925009802106,17.6614896726113,1.566,21.5364309606996,3.65216808,11.618,60.291,449.54664265,715.399951500443
1.9170407785355,18.1701516467736,1.566,21.940623771765,3.65216808,11.743,60.291,454.5970674,728.826480620362
1.9170407785355,18.0215748062656,1.566,21.873119473318,3.6223044,11.743,60.291,454.5970674,726.584114096256
1.91311871941195,17.9405065694606,1.566,21.9885056225595,3.6223044,11.723,60.291,459.76517195,730.417026138266
1.91311871941195,17.1818152905386,1.566,21.6439445395497,3.46911972,11.723,60.291,459.76517195,718.971351480102
1.91311871941195,17.1818152905386,1.566,21.4916111154801,3.46911972,11.723,60.291,454.70494055,713.911120080102
1.90546602174435,16.4698748095834,1.566,21.1622044781101,3.35486448,11.684,60.291,454.70494055,702.968847758914
1.90546602174435,16.4698748095834,1.566,21.1946786576598,3.35486448,11.684,60.291,455.78367205,704.047579258914
1.91684471396733,16.270143914362,1.566,21.1129451925893,3.2710062,11.742,60.291,455.78367205,701.332546435969
1.91684471396733,16.270143914362,1.566,21.3615202760517,3.2710062,11.742,60.291,464.04087135,709.589745735969
1.91684471396733,16.0950749111669,1.566,21.2819811821937,3.23580972,11.742,60.291,464.04087135,706.947605820017
1.91370713152497,16.0371354763623,1.566,21.4218244664267,3.23580972,11.726,60.291,469.6404685,711.592938138103
1.91370713152497,15.6010385123147,1.566,21.2237579097942,3.14781852,11.726,60.291,469.6404685,705.013537620565
1.91311871941195,15.5904784914072,1.566,21.2273788618213,3.14781852,11.723,60.291,469.934668,705.133818873726
1.91311871941195,15.4636997920573,1.566,21.1698020751043,3.12222108,11.723,60.291,469.934668,703.221225719359
1.91311871941195,15.4636997920573,1.566,21.0162877717783,3.12222108,11.723,60.291,464.83521,698.121767719359
1.92350865706901,15.7627196444063,1.566,21.1598744270991,3.14488548,11.776,60.291,464.83521,702.891447822811
1.92350865706901,15.7627196444063,1.566,20.9304886315525,3.14488548,11.776,60.291,457.21544295,695.271680772811
1.90566232264442,15.6513735959985,1.566,20.8665079240478,3.18741456,11.685,60.291,457.21544295,693.146361348745
1.90566232264442,15.6513735959985,1.566,21.0457063511994,3.18741456,11.685,60.291,463.1680795,699.098997898745
1.90566232264442,15.8850836668439,1.566,21.1517622073085,3.2350098,11.685,60.291,463.1680795,702.621975055694
1.88778188322605,15.5581781292808,1.566,20.9044134611119,3.2350098,11.594,60.291,460.33395765,694.405512385737
1.88778188322605,16.1031792176752,1.566,21.1512515053235,3.3483318,11.594,60.291,460.33395765,702.605010491048
1.91174561563497,16.5573794261452,1.566,21.359560159526,3.3483318,11.716,60.291,459.7749786,709.524634331486
1.91174561563497,16.8369067554976,1.566,21.4864896098076,3.40485948,11.716,60.291,459.7749786,713.740993241705
1.91174561563497,16.8369067554976,1.566,21.5124689534474,3.40485948,11.716,60.291,460.6379638,714.603978441705
1.91939323940502,17.5328930949309,1.566,21.8349087536462,3.51458184,11.755,60.291,460.6379638,725.314825463897
1.91939323940502,17.5328930949309,1.566,21.6796231314358,3.51458184,11.755,60.291,455.4796659,720.156527563897
1.89937864297168,17.670159490628,1.566,21.7249524011761,3.62483748,11.653,60.291,455.4796659,721.662281113914
1.89937864297168,17.670159490628,1.566,21.5717333176643,3.62483748,11.653,60.291,450.39001455,716.572629763914
1.89937864297168,17.7409987044453,1.566,21.6038579212851,3.63936936,11.653,60.291,450.39001455,717.639749005457
1.90212827491684,17.797673671017,1.566,21.590915322182,3.63936936,11.667,60.291,449.0268902,717.209820073056
1.90212827491684,17.990006945724,1.566,21.6781616475552,3.67869876,11.667,60.291,449.0268902,720.107979803166
1.9072325817292,18.0965727581901,1.566,21.8139453146415,3.67869876,11.693,60.291,451.78255885,724.618459233363
1.9072325817292,18.5097514932918,1.566,22.0014741129102,3.76269036,11.693,60.291,451.78255885,730.847815129479
1.9072325817292,18.5097514932918,1.566,21.7216057291545,3.76269036,11.693,60.291,442.48585465,721.551110929479
1.91233411307699,18.6519684787257,1.566,21.7907382210313,3.76935636,11.719,60.291,442.48585465,723.847562993707
1.91233411307699,18.6519684787257,1.566,21.6032736390852,3.76935636,11.719,60.291,436.2586319,717.620340243707
1.89898577183027,18.3175517829787,1.566,21.4395524393276,3.75935736,11.651,60.291,436.2586319,712.181828236778
1.89898577183027,18.3175517829787,1.566,21.4944633247481,3.75935736,11.651,60.291,438.0826688,714.005865136778
1.89898577183027,18.2090678072444,1.566,21.4452694303976,3.73709292,11.651,60.291,438.0826688,712.371735986191
1.90173552019964,18.2672550343744,1.566,21.7259342847524,3.73709292,11.665,60.291,446.44774125,721.694897449654
1.90173552019964,17.3920481737143,1.566,21.3289392374984,3.55804416,11.665,60.291,446.44774125,708.507464579756
1.88620830661654,17.0802718159594,1.566,21.4398182674205,3.55804416,11.586,60.291,455.2639196,712.190658548778
1.88620830661654,16.7449127620189,1.566,21.2879561714999,3.48818448,11.586,60.291,455.2639196,707.146083788243
1.88620830661654,16.7449127620189,1.566,21.2475110569698,3.48818448,11.586,60.291,453.92040855,705.802572738243
1.89466308552171,16.5684710776222,1.566,21.1745710699876,3.41752488,11.629,60.291,453.92040855,703.379642808731
1.89466308552171,16.5684710776222,1.566,21.1356020545279,3.41752488,11.629,60.291,452.62593075,702.085165008731
1.91664864536725,16.3825044689301,1.566,21.0687800952663,3.2943372,11.741,60.291,452.62593075,699.865464516008
1.91664864536725,16.3825044689301,1.566,21.2527020394433,3.2943372,11.741,60.291,458.7354737,705.975007466008
1.91664864536725,16.3825044689301,1.566,21.2527020394433,3.2943372,11.741,60.291,458.7354737,705.975007466008
1.92272490378718,16.2927097602492,1.566,21.5153654198981,3.25354128,11.772,60.291,468.6598035,714.700193639205
1.92272490378718,16.2927097602492,1.566,21.5153654198981,3.25354128,11.772,60.291,468.6598035,714.700193639205
1.92820984212308,16.2103425607978,1.566,21.4821007151776,3.21687828,11.8,60.291,468.6598035,713.59520237175
1.92820984212308,16.2103425607978,1.566,21.2674759103354,3.21687828,11.8,60.291,461.53036895,706.465767821751
1.92820984212308,15.5230707948855,1.566,20.9548588373819,3.08049192,11.8,60.291,461.53036895,696.081213424726
1.91253027075641,15.24669247672,1.566,21.0241728372624,3.08049192,11.72,60.291,468.3852173,698.383694845314
1.91253027075641,15.4030789614851,1.566,21.0951916430356,3.11208876,11.72,60.291,468.3852173,700.742806728731
1.92683889888598,15.657788162377,1.566,21.2105668338454,3.11208876,11.793,60.291,468.02237125,704.575354752141
1.92683889888598,15.9093269774775,1.566,21.3249673158928,3.16208376,11.793,60.291,468.02237125,708.375524773703
1.92683889888598,15.9093269774775,1.566,21.3689550681919,3.16208376,11.793,60.291,469.4835621,709.836715623703
1.94816475243122,16.5521999118936,1.566,21.677624394389,3.21127884,11.902,60.291,469.4835621,720.090133257945
1.94816475243122,16.5521999118936,1.566,21.6247800476672,3.21127884,11.902,60.291,467.72817175,718.334742907945
1.91429550713596,16.3422274961484,1.566,21.5032835519613,3.29513712,11.729,60.291,467.72817175,714.298856586106
1.91429550713596,16.3422274961484,1.566,21.2924966047022,3.29513712,11.729,60.291,460.72622365,707.296908486106
1.91429550713596,16.7653957109702,1.566,21.4847030981547,3.38046192,11.729,60.291,460.72622365,713.681648666358
1.90958747791897,16.6747275974657,1.566,21.3007026273573,3.38046192,11.705,60.291,456.1072915,707.569497208915
1.90958747791897,17.0660141931627,1.566,21.4783397664603,3.45978732,11.705,60.291,456.1072915,713.470270690411
1.92135318196201,17.2983453932646,1.566,21.5722775663441,3.45978732,11.765,60.291,455.4012127,716.590708687011
1.92135318196201,17.7056240736732,1.566,21.7574036640691,3.54124584,11.765,60.291,455.4012127,722.740251365445
1.92135318196201,17.7056240736732,1.566,21.6602763452341,3.54124584,11.765,60.291,452.17482485,719.513863515446
1.89957507229061,17.6585882025096,1.566,21.6203857664288,3.6216378,11.654,60.291,452.17482485,718.188773104938
1.89957507229061,17.6585882025096,1.566,21.4807467943651,3.6216378,11.654,60.291,447.5362794,713.550227654938
1.91292257392238,18.1939177377169,1.566,21.7352826042571,3.6742992,11.722,60.291,447.5362794,722.005431137083
1.91292257392238,18.1939177377169,1.566,21.5327618117925,3.6742992,11.722,60.291,440.8089175,715.278069237083
1.91292257392238,18.4282733544401,1.566,21.6391926559444,3.7216278,11.722,60.291,440.8089175,718.81350279538
1.91958925169334,18.5699377436181,1.566,21.8464151604055,3.7216278,11.756,60.291,445.3592031,725.697046773107
1.91958925169334,18.9584329484282,1.566,22.0229708714449,3.79948668,11.756,60.291,445.3592031,731.561897237197
1.88955183100539,18.3107694669517,1.566,21.6608759747527,3.79948668,11.603,60.291,443.99607875,719.533782086415
1.88955183100539,17.9798790400778,1.566,21.5109822441189,3.73082688,11.603,60.291,443.99607875,714.55459273878
1.88955183100539,17.9798790400778,1.566,21.6340889065938,3.73082688,11.603,60.291,448.0854518,718.64396578878
1.88620830661654,17.9212294435887,1.566,21.60453185595,3.73322664,11.586,60.291,448.0854518,717.662135854395
1.88620830661654,17.9212294435887,1.566,21.4362565619197,3.73322664,11.586,60.291,442.4956613,712.072345354395
1.90330643962347,18.0478751308738,1.566,21.5088314129204,3.68549808,11.673,60.291,442.4956613,714.483146149606
1.90330643962347,18.0478751308738,1.566,21.5717132333212,3.68549808,11.673,60.291,444.58447775,716.571962599606
1.90330643962347,17.297730125615,1.566,21.2313889863631,3.5323134,11.673,60.291,444.58447775,705.267027709858
1.89191122654439,17.0701401357253,1.566,21.4117357622027,3.5323134,11.615,60.291,454.3224812,711.257810255228
1.89191122654439,16.6990361267358,1.566,21.2435817589602,3.45552108,11.615,60.291,454.3224812,705.67204880832
1.93956169178054,17.6389352412044,1.566,21.9088736008328,3.45552108,11.858,60.291,460.94196995,727.77179933234
1.93956169178054,17.1407794251405,1.566,21.6820166738987,3.35793084,11.858,60.291,460.94196995,720.236036567269
1.93956169178054,17.1407794251405,1.566,21.6023073240949,3.35793084,11.858,60.291,458.29417445,717.588241067269
1.89878933000466,15.9207757548431,1.566,21.0158994203587,3.26820648,11.65,60.291,458.29417445,698.108867411632
1.89878933000466,15.9207757548431,1.566,21.1195215751037,3.26820648,11.65,60.291,461.7363086,701.551001561632
1.93075536682408,16.2089090042842,1.566,21.2749511698556,3.20727924,11.813,60.291,461.7363086,706.714081960152
1.93075536682408,16.2089090042842,1.566,21.279379467067,3.20727924,11.813,60.291,461.88340835,706.861181710152
1.93075536682408,15.7379430736198,1.566,21.0650967140686,3.11408856,11.813,60.291,461.88340835,699.743109482578
1.93838797008545,15.8749533855008,1.566,21.4120337133422,3.11408856,11.852,60.291,471.1506926,711.267707634748
1.93838797008545,15.7383464144208,1.566,21.3498311666335,3.08729124,11.852,60.291,471.1506926,709.201455386183
1.93780105697016,15.7278825729546,1.566,21.1914219292459,3.08729124,11.849,60.291,466.06104125,703.939396832883
1.93780105697016,16.0729084548504,1.566,21.3485164982517,3.1550178,11.849,60.291,466.06104125,709.157784561696
1.93780105697016,16.0729084548504,1.566,21.3742006220774,3.1550178,11.849,60.291,466.9142198,710.010963111696
1.88994510598367,15.3218025669426,1.566,20.9970990175063,3.17781552,11.605,60.291,466.9142198,697.484353196005
1.88994510598367,15.3218025669426,1.566,21.1193200205388,3.17781552,11.605,60.291,470.9741729,701.544306296005
1.8980035209665,15.8374691099777,1.566,21.3592321461696,3.25407456,11.646,60.291,470.9741729,709.513738341352
1.8980035209665,15.8374691099777,1.566,21.1425408026288,3.25407456,11.646,60.291,463.7760918,702.315657241351
1.8980035209665,16.2553374362161,1.566,21.3320101343425,3.33993264,11.646,60.291,463.7760918,708.609474028644
1.90860634285376,16.4561691669098,1.566,21.1989309077531,3.33993264,11.7,60.291,456.0484516,704.188831052958
1.90860634285376,16.8686900928566,1.566,21.3861885321699,3.4236576,11.7,60.291,456.0484516,710.409179060959
1.90016433525895,16.7046856261756,1.566,20.9013230456924,3.4236576,11.657,60.291,442.64276105,694.302854566282
1.90016433525895,17.1912551296172,1.566,21.121994297651,3.52338096,11.657,60.291,442.64276105,701.633140779295
1.90016433525895,17.1912551296172,1.566,21.5087322541066,3.52338096,11.657,60.291,455.48947255,714.479852279295
1.91860915011044,17.5609918546152,1.566,21.6920339460585,3.52338096,11.751,60.291,455.48947255,720.56879161059
1.91860915011044,17.8686480990789,1.566,21.8318372277533,3.58510812,11.751,60.291,455.48947255,725.212795119181
1.91664864536725,17.8284875626872,1.566,21.7664603642645,3.58510812,11.741,60.291,453.97924845,723.041098004906
1.91664864536725,18.0340147332808,1.566,21.8598355956917,3.62643732,11.741,60.291,453.97924845,726.142848529692
1.91664864536725,18.0340147332808,1.566,21.8616069145762,3.62643732,11.741,60.291,454.03808835,726.201688429692
1.90507340758437,18.2994029075806,1.566,21.9719894418064,3.72922704,11.682,60.291,454.03808835,729.868389508022
1.90507340758437,18.2994029075806,1.566,21.8975940486561,3.72922704,11.682,60.291,451.56681255,727.397113708022
1.9385836000425,19.1530076903058,1.566,22.3152799073208,3.756291,11.853,60.291,451.56681255,741.271856629745
1.9385836000425,19.1530076903058,1.566,22.3114420497377,3.756291,11.853,60.291,451.4393261,741.144370179745
1.9385836000425,19.3854949531305,1.566,22.4173047737758,3.80188644,11.853,60.291,451.4393261,744.660931850563
1.93447455572587,19.2953526246313,1.566,22.1187055418929,3.80188644,11.832,60.291,443.0056071,734.742023912802
1.93447455572587,19.3433930929958,1.566,22.1405715741502,3.81135216,11.832,60.291,443.0056071,735.468372602837
1.90644748508104,18.7321315585543,1.566,22.0364499594193,3.81135216,11.689,60.291,449.6152892,732.009647326373
1.90644748508104,18.5833910428207,1.566,21.968946982417,3.78108852,11.689,60.291,449.6152892,729.767324698184
1.90644748508104,18.5833910428207,1.566,22.0220865489528,3.78108852,11.689,60.291,451.3804862,731.532521698183
1.88325711261806,17.7069256042167,1.566,21.6040620217127,3.70136316,11.571,60.291,451.3804862,717.64652883988
1.88325711261806,17.7069256042167,1.566,21.4650134892771,3.70136316,11.571,60.291,446.76155405,713.02759668988
1.90153913661876,17.4851672440577,1.566,21.3804576292594,3.57790884,11.664,60.291,446.76155405,710.218809186226
1.90153913661876,17.4851672440577,1.566,21.4530817035251,3.57790884,11.664,60.291,449.17398995,712.631245086226
1.90153913661876,17.0421254090553,1.566,21.252121558203,3.48725124,11.664,60.291,449.17398995,705.955724965027
1.90016433525895,17.0149712587179,1.566,21.4562386202383,3.48725124,11.657,60.291,456.401491,712.736111954259
1.90016433525895,16.7560746512717,1.566,21.3388226332335,3.43418988,11.657,60.291,456.401491,708.835772498672
1.89191122654439,16.5959516797942,1.566,21.3279499110703,3.43418988,11.615,60.291,458.6766338,708.474601006402
1.89191122654439,16.203586503623,1.566,21.1501620847254,3.352998,11.615,60.291,458.6766338,702.568821976599
1.89191122654439,16.203586503623,1.566,21.0267602024365,3.352998,11.615,60.291,454.5774541,698.469642276599
1.8889618866867,15.8159361456112,1.566,20.8487915162752,3.28407156,11.6,60.291,454.5774541,692.557855422002
1.8889618866867,15.8159361456112,1.566,21.2446812869676,3.28407156,11.6,60.291,467.72817175,705.708573072002
1.91743289558208,15.9646027270212,1.566,21.3341536531997,3.20741256,11.745,60.291,467.72817175,708.680677715516
1.91743289558208,15.9646027270212,1.566,21.4053016283949,3.20741256,11.745,60.291,470.0915744,711.044080365516
1.91743289558208,16.1616883954028,1.566,21.4948490742432,3.2470086,11.745,60.291,470.0915744,714.01867901344
1.90311008918887,15.8969777304944,1.566,21.2455253666949,3.2470086,11.672,60.291,466.1689144,705.736611821648
1.90311008918887,15.9655132534549,1.566,21.2766177670169,3.2610072,11.672,60.291,466.1689144,706.76944320039
1.89918220948542,15.892954431275,1.566,21.1004217462706,3.2610072,11.652,60.291,461.51075565,700.91654097502
1.89918220948542,16.3308878444671,1.566,21.299014277704,3.35086488,11.652,60.291,461.51075565,707.51341339158
1.89918220948542,16.3308878444671,1.566,21.2892720238391,3.35086488,11.652,60.291,461.1871362,707.18979394158
1.91370713152497,16.8551476604394,1.566,21.5388698307901,3.40085988,11.726,60.291,461.1871362,715.480966202816
1.91370713152497,16.8551476604394,1.566,21.4532560847045,3.40085988,11.726,60.291,458.3432077,712.637037702816
1.89977149744376,16.8693739301721,1.566,21.4483358980647,3.4589874,11.655,60.291,458.3432077,712.473598306106
1.89977149744376,16.8693739301721,1.566,21.3966724305992,3.4589874,11.655,60.291,456.62704395,710.757434556106
1.89977149744376,17.7588440992403,1.566,21.8000519583239,3.64136916,11.655,60.291,456.62704395,724.156947924738
1.90801761268661,17.9291861162706,1.566,21.643003038103,3.64136916,11.697,60.291,448.60520425,718.940076563169
1.90801761268661,18.147122256226,1.566,21.7419256506814,3.6856314,11.697,60.291,448.60520425,722.226100713134
1.91998126423792,18.3985899765397,1.566,21.5185400791798,3.6856314,11.758,60.291,437.0431639,714.805649882177
1.91998126423792,18.5629760038215,1.566,21.593250086038,3.71856144,11.758,60.291,437.0431639,717.287376561056
1.91998126423792,18.5629760038215,1.566,21.6283812439145,3.71856144,11.758,60.291,438.21015525,718.454367911056
1.91606041536072,18.9639704036821,1.566,21.8070882044534,3.81601836,11.738,60.291,438.21015525,724.390678859495
1.91606041536072,18.9639704036821,1.566,21.7793375419291,3.81601836,11.738,60.291,437.28833015,723.468853759495
1.91606041536072,19.1103924230097,1.566,21.8458559770838,3.84548208,11.738,60.291,437.28833015,725.678471749143
1.90841010356175,18.9427684872841,1.566,21.7476938148892,3.84548208,11.699,60.291,436.788191,722.417708338466
1.90841010356175,19.5712607020369,1.566,22.0329823793634,3.97306932,11.699,60.291,436.788191,731.894460803204
1.88581486976002,19.063801831545,1.566,21.8611687727204,3.97306932,11.584,60.291,439.4359865,726.187134176808
1.88581486976002,18.7407516008504,1.566,21.7148868930442,3.90574272,11.584,60.291,439.4359865,721.327923761829
1.93447455572587,19.8224445240102,1.566,22.1885693392368,3.90574272,11.832,60.291,437.3569767,737.0627685767
1.93447455572587,19.6079539821577,1.566,22.0909421247926,3.86348028,11.832,60.291,437.3569767,733.819775129646
1.93447455572587,19.6079539821577,1.566,21.8597850103615,3.86348028,11.832,60.291,429.67836975,726.141168179646
1.90566232264442,19.0234760467676,1.566,21.5677651813759,3.87414588,11.685,60.291,429.67836975,716.440815699018
1.90566232264442,19.0234760467676,1.566,21.7068137138115,3.87414588,11.685,60.291,434.2973019,721.059747849018
1.90566232264442,18.4663688470774,1.566,21.4540026954674,3.76069056,11.685,60.291,434.2973019,712.661838715785
1.9154721490135,18.6763866110336,1.566,21.8229360779323,3.76069056,11.735,60.291,443.09386695,724.917115572192
1.9154721490135,18.2268238448364,1.566,21.6187156777264,3.67016628,11.735,60.291,443.09386695,718.13329588223
1.96281214760107,19.2307191228602,1.566,22.3242032172121,3.67016628,11.977,60.291,449.9879419,741.568272292818
1.96281214760107,18.6355441185855,1.566,22.0525391430569,3.55657764,11.977,60.291,449.9879419,732.54409991116
1.96281214760107,18.6355441185855,1.566,22.0525391430569,3.55657764,11.977,60.291,449.9879419,732.54409991116
1.91958925169334,17.746381127942,1.566,21.9796240991336,3.55657764,11.756,60.291,462.21683445,730.121998543407
1.91958925169334,17.3292809679832,1.566,21.7900685669046,3.472986,11.756,60.291,462.21683445,723.825318336241
1.90821386017321,17.1039848205761,1.566,21.5520120476682,3.472986,11.698,60.291,458.01958825,715.917526064304
1.90821386017321,16.6489728635451,1.566,21.3454748865527,3.38059524,11.698,60.291,458.01958825,709.056747910549
1.92820984212308,17.0353374078556,1.566,21.4222094321703,3.38059524,11.8,60.291,454.2048014,711.605725980007
1.92820984212308,17.0870675407738,1.566,21.4457397494894,3.39086088,11.8,60.291,454.2048014,712.387359106664
1.92820984212308,17.0870675407738,1.566,21.6181481209169,3.39086088,11.8,60.291,459.931885,718.114442706664
1.91154944168136,16.2913107436247,1.566,21.2433120739245,3.29527044,11.715,60.291,459.931885,705.663090375895
1.91154944168136,16.2913107436247,1.566,21.2840524082687,3.29527044,11.715,60.291,461.2852027,707.016408075895
1.91154944168136,16.7520311469825,1.566,21.4932547569532,3.38846112,11.715,60.291,461.2852027,713.965718775322
1.89584220110328,16.4501300138946,1.566,21.2709746986552,3.38846112,11.635,60.291,458.8727668,706.58199102507
1.89584220110328,16.6811929826923,1.566,21.3757184250224,3.43605636,11.635,60.291,458.8727668,710.0613816864
1.94347309430511,17.6173260189896,1.566,21.7796766613583,3.43605636,11.878,60.291,456.8722102,723.480118672592
1.94347309430511,18.1272598726413,1.566,22.0119886959724,3.53551308,11.878,60.291,456.8722102,731.197089910731
1.94347309430511,18.1272598726413,1.566,21.5741777116794,3.53551308,11.878,60.291,442.32894825,716.653827960731
1.91606041536072,17.9158272608031,1.566,21.4549168864846,3.60510612,11.738,60.291,442.32894825,712.692206431335
1.91606041536072,17.9158272608031,1.566,21.469677877189,3.60510612,11.738,60.291,442.81928075,713.182538931335
1.8816827474203,17.5411879737959,1.566,21.2699185897074,3.67349928,11.563,60.291,442.81928075,706.546909061329
1.8816827474203,17.5411879737959,1.566,21.2731660076624,3.67349928,11.563,60.291,442.9271539,706.654782211329
1.8816827474203,18.2834767586346,1.566,21.6091312523958,3.8289504,11.563,60.291,442.9271539,717.814919200914
1.92331272472495,19.1870738978753,1.566,22.1544670775761,3.8289504,11.775,60.291,446.1633484,735.929955234384
1.92331272472495,19.2532131846402,1.566,22.1845364193298,3.84214908,11.775,60.291,446.1633484,736.928802521174
1.90232464605627,18.7936074013142,1.566,21.7243290903694,3.84214908,11.668,60.291,438.44551485,721.641575894849
1.90232464605627,19.0714129029958,1.566,21.8503500340488,3.8989434,11.668,60.291,438.44551485,725.827755915152
1.88483120274507,18.6865817707722,1.566,21.4027789923805,3.8989434,11.579,60.291,429.91372935,710.960283115839
1.88483120274507,18.9345008587209,1.566,21.5150281759768,3.95067156,11.579,60.291,429.91372935,714.688991026974
1.88483120274507,18.9345008587209,1.566,21.4214434949109,3.95067156,11.579,60.291,426.8050213,711.580282976974
1.90899880915426,19.67656796065,1.566,21.7808093161526,3.99173412,11.702,60.291,426.8050213,723.51774334617
1.90899880915426,19.67656796065,1.566,21.949084610183,3.99173412,11.702,60.291,432.3948118,729.10753384617
1.90899880915426,19.9729552606818,1.566,22.0836307478503,4.05186144,11.702,60.291,432.3948118,733.576904863932
1.89761059138409,19.7112674746586,1.566,21.73042850374,4.05186144,11.644,60.291,424.97117775,721.844186997753
1.89761059138409,19.497240156067,1.566,21.6333886348971,4.00786584,11.644,60.291,424.97117775,718.620704072912
1.92997219931112,20.2368499423373,1.566,22.3103640865753,4.00786584,11.809,60.291,435.2779669,741.108562259875
1.92997219931112,19.8942061854133,1.566,22.1544786050374,3.94000596,11.809,60.291,435.2779669,735.930338155086
1.92997219931112,19.8942061854133,1.566,22.1267279425131,3.94000596,11.809,60.291,434.3561418,735.008513055086
1.88719182399736,18.6966568150324,1.566,21.54328316771,3.8902776,11.591,60.291,434.3561418,715.627568999916
