iteration,loss
1,593.164306640625
2,782.9190673828125
3,694.4568481445312
4,779.3361206054688
5,577.134521484375
6,636.5278930664062
7,829.1050415039062
8,750.4877319335938
9,472.8680114746094
10,622.4393920898438
11,620.7568969726562
12,642.032958984375
13,657.7921142578125
14,542.7147827148438
15,630.1572265625
16,547.2006225585938
17,564.7571411132812
18,705.865478515625
19,610.0067749023438
20,809.3021850585938
21,489.365966796875
22,459.7381896972656
23,643.6309814453125
24,758.7199096679688
25,790.3137817382812
26,479.75048828125
27,612.3856201171875
28,629.081787109375
29,643.8637084960938
30,619.094482421875
31,644.8286743164062
32,439.8158264160156
33,428.1334228515625
34,334.55133056640625
35,653.115966796875
36,365.6770935058594
37,399.88543701171875
38,288.0035095214844
39,436.93658447265625
40,413.3443603515625
41,402.02587890625
42,338.4438781738281
43,505.27410888671875
44,431.89324951171875
45,310.12872314453125
46,274.2288818359375
47,360.3058776855469
48,308.0126953125
49,319.19720458984375
50,297.40447998046875
51,359.20782470703125
52,291.5972900390625
53,248.5845489501953
54,396.7749328613281
55,242.7538604736328
56,258.9013977050781
57,199.50904846191406
58,221.80087280273438
59,267.4023132324219
60,181.14251708984375
61,169.26739501953125
62,212.75428771972656
63,217.07115173339844
64,188.84681701660156
65,249.18885803222656
66,97.48725891113281
67,106.34667205810547
68,136.09027099609375
69,112.44175720214844
70,96.10340118408203
71,120.25949096679688
72,132.57827758789062
73,114.24463653564453
74,119.28263092041016
75,73.81669616699219
76,119.37948608398438
77,90.62804412841797
78,90.05530548095703
79,70.39957427978516
80,88.83050537109375
81,111.39434814453125
82,65.64531707763672
83,117.8875961303711
84,53.62688446044922
85,88.51258850097656
86,59.088382720947266
87,101.39026641845703
88,127.83386993408203
89,57.8777961730957
90,101.17772674560547
91,101.12665557861328
92,38.80198287963867
93,70.67678833007812
94,220.52188110351562
95,95.49073028564453
96,71.92576599121094
97,104.83881378173828
98,106.87924194335938
99,83.3385009765625
100,69.03086853027344
101,102.20477294921875
102,116.68641662597656
103,128.259765625
104,83.6675796508789
105,74.60687255859375
106,47.67729187011719
107,42.9241943359375
108,56.050872802734375
109,67.83697509765625
110,52.53852081298828
111,70.4909439086914
112,60.8468017578125
113,45.164920806884766
114,50.45558166503906
115,76.05029296875
116,117.02598571777344
117,78.83259582519531
118,48.50178527832031
119,132.51458740234375
120,44.55196762084961
121,48.645565032958984
122,62.772247314453125
123,123.08721923828125
124,79.94721221923828
125,90.94974517822266
126,120.62278747558594
127,26.99457550048828
128,31.11966896057129
129,45.00102996826172
130,46.580657958984375
131,47.42218780517578
132,60.0380973815918
133,66.49874877929688
134,56.85457992553711
135,61.042972564697266
136,42.663787841796875
137,64.87564086914062
138,55.77813720703125
139,39.52096939086914
140,47.1795654296875
141,38.365726470947266
142,65.44647979736328
143,31.82445526123047
144,53.691200256347656
145,48.631683349609375
146,49.262123107910156
147,36.47880935668945
148,40.82656478881836
149,55.20750045776367
150,40.65865707397461
151,57.78607177734375
152,59.12466049194336
153,36.129661560058594
154,44.216983795166016
155,67.46772003173828
156,35.505210876464844
157,45.46345520019531
158,44.306583404541016
159,39.1537971496582
160,38.278717041015625
161,41.82073974609375
162,41.77109909057617
163,44.07854461669922
164,58.19206619262695
165,58.980224609375
166,38.27433395385742
167,32.08890151977539
168,25.733856201171875
169,35.81234359741211
170,25.2154483795166
171,39.56396484375
172,35.482521057128906
173,40.59941101074219
174,28.07439613342285
175,28.204547882080078
176,44.88181686401367
177,48.251220703125
178,40.85362243652344
179,36.64330291748047
180,52.61531066894531
181,31.070369720458984
182,26.48655891418457
183,35.96051788330078
184,33.87453842163086
185,47.91019821166992
186,41.76008605957031
187,57.68839645385742
188,18.02810287475586
189,24.40413475036621
190,32.326934814453125
191,37.49037551879883
192,19.650232315063477
193,38.354190826416016
194,31.724916458129883
195,30.798643112182617
196,32.726295471191406
197,32.774417877197266
198,44.46375274658203
199,34.153114318847656
200,21.9493408203125
201,34.44036865234375
202,19.582326889038086
203,39.87736129760742
204,15.832989692687988
205,27.604719161987305
206,30.204471588134766
207,25.008996963500977
208,26.02350616455078
209,20.289880752563477
210,29.421344757080078
211,28.435558319091797
212,44.1865234375
213,42.113216400146484
214,32.13385772705078
215,35.46173858642578
216,32.95867919921875
217,18.290956497192383
218,30.866069793701172
219,29.17464828491211
220,19.933879852294922
221,27.155868530273438
222,31.8452205657959
223,25.169206619262695
224,21.143709182739258
225,36.361427307128906
226,43.43826675415039
227,23.278940200805664
228,23.343549728393555
229,19.576555252075195
230,23.310791015625
231,16.665660858154297
232,28.765926361083984
233,23.292421340942383
234,24.8250732421875
235,20.10512924194336
236,17.740537643432617
237,33.5278205871582
238,32.025634765625
239,29.93284034729004
240,33.09388732910156
241,33.93789291381836
242,22.702241897583008
243,18.75271224975586
244,27.22838592529297
245,18.096189498901367
246,35.527191162109375
247,31.25766944885254
248,38.383941650390625
249,12.541475296020508
250,24.43789291381836
251,24.79741096496582
252,32.55986022949219
253,13.612213134765625
254,26.696975708007812
255,25.69955825805664
256,21.01439666748047
257,20.655498504638672
258,27.741287231445312
259,31.350194931030273
260,26.31194496154785
261,21.097644805908203
262,25.11038589477539
263,13.456768035888672
264,30.464862823486328
265,16.24956512451172
266,24.14466667175293
267,24.419384002685547
268,20.15463638305664
269,20.706485748291016
270,17.86489486694336
271,17.700605392456055
272,20.1022891998291
273,33.998966217041016
274,33.28159713745117
275,32.06566619873047
276,33.10576248168945
277,24.08979606628418
278,13.78167724609375
279,28.518211364746094
280,27.18468475341797
281,17.775802612304688
282,25.552610397338867
283,28.79657745361328
284,19.004924774169922
285,15.470643997192383
286,28.45764923095703
287,36.35464859008789
288,18.329849243164062
289,21.22614097595215
290,18.677640914916992
291,21.224044799804688
292,14.586392402648926
293,26.091175079345703
294,20.34891700744629
295,22.224632263183594
296,19.384492874145508
297,16.87173843383789
298,31.273563385009766
299,27.672700881958008
300,29.214099884033203
301,33.34064865112305
302,29.000028610229492
303,22.13941764831543
304,17.31148338317871
305,26.4100284576416
306,14.382549285888672
307,33.55307388305664
308,28.183927536010742
309,35.22042465209961
310,12.237730026245117
311,23.970718383789062
312,24.211532592773438
313,32.44055938720703
314,12.881966590881348
315,24.972719192504883
316,24.502979278564453
317,19.3167667388916
318,18.621383666992188
319,27.288293838500977
320,29.92826271057129
321,25.960111618041992
322,19.73911476135254
323,23.893075942993164
324,12.903282165527344
325,29.446670532226562
326,14.991952896118164
327,22.99070167541504
328,23.902423858642578
329,19.786413192749023
330,20.349218368530273
331,17.35116958618164
332,16.38089942932129
333,19.53351593017578
334,33.47764587402344
335,32.50156021118164
336,31.0631103515625
337,32.04598617553711
338,22.25493812561035
339,12.265907287597656
340,27.407840728759766
341,26.166854858398438
342,17.20505714416504
343,24.917600631713867
344,28.2939395904541
345,18.01907730102539
346,14.674692153930664
347,26.9877872467041
348,34.99600601196289
349,17.686744689941406
350,20.955171585083008
351,18.405391693115234
352,21.053871154785156
353,14.062064170837402
354,25.763643264770508
355,19.81620216369629
356,22.040876388549805
357,19.149131774902344
358,16.683135986328125
359,31.565853118896484
360,26.900915145874023
361,29.13162612915039
362,33.112510681152344
363,28.270336151123047
364,22.236536026000977
365,16.82956314086914
366,25.920459747314453
367,13.572157859802246
368,32.886932373046875
369,28.078338623046875
370,34.27362060546875
371,12.35441780090332
372,23.997909545898438
373,24.064973831176758
374,32.52651596069336
375,12.871182441711426
376,24.624046325683594
377,24.09203338623047
378,19.071670532226562
379,18.168724060058594
380,26.941699981689453
381,29.6953182220459
382,25.317346572875977
383,19.584550857543945
384,24.004291534423828
385,12.603120803833008
386,29.21078109741211
387,14.719849586486816
388,22.564321517944336
389,23.6810245513916
390,19.354084014892578
391,20.388553619384766
392,16.993988037109375
393,16.134252548217773
394,19.533485412597656
395,33.36077880859375
396,32.40006637573242
397,31.182588577270508
398,32.00436019897461
399,21.842077255249023
400,12.18884563446045
401,27.28689193725586
402,25.922319412231445
403,16.80514907836914
404,24.685523986816406
405,28.218353271484375
406,17.862520217895508
407,14.400813102722168
408,26.845163345336914
409,34.98640060424805
410,17.46356773376465
411,20.863765716552734
412,18.267642974853516
413,20.854089736938477
414,13.910127639770508
415,25.838579177856445
416,19.695436477661133
417,21.983549118041992
418,19.003093719482422
419,16.46077537536621
420,31.51959991455078
421,26.56592559814453
422,28.793689727783203
423,32.8028450012207
424,27.833005905151367
425,22.28467559814453
426,16.69099998474121
427,25.634056091308594
428,13.098255157470703
429,32.8551025390625
430,27.780731201171875
431,34.11180877685547
432,12.192572593688965
433,23.812423706054688
434,23.90059471130371
435,32.37859344482422
436,12.568682670593262
437,24.57724952697754
438,23.77872657775879
439,18.981849670410156
440,18.034448623657227
441,26.79551887512207
442,29.6433048248291
443,25.033124923706055
444,19.370689392089844
445,23.997406005859375
446,12.433350563049316
447,29.068450927734375
448,14.61968994140625
449,22.396677017211914
450,23.614351272583008
451,19.20103645324707
452,20.249696731567383
453,16.83183479309082
454,16.011777877807617
455,19.490333557128906
456,33.270538330078125
457,32.25004959106445
458,31.035367965698242
459,31.852672576904297
460,21.573915481567383
461,12.041061401367188
462,27.120969772338867
463,25.795976638793945
464,16.652667999267578
465,24.507516860961914
466,28.09930992126465
467,17.699871063232422
468,14.24816608428955
469,26.693267822265625
470,34.91756820678711
471,17.346403121948242
472,20.753868103027344
473,18.15506362915039
474,20.727067947387695
475,13.734918594360352
476,25.795345306396484
477,19.565458297729492
478,21.893943786621094
479,18.87066078186035
480,16.350502014160156
481,31.349576950073242
482,26.389890670776367
483,28.566904067993164
484,32.76577377319336
485,27.62183952331543
486,22.185779571533203
487,16.55974769592285
488,25.47088623046875
489,12.86077880859375
490,32.734920501708984
491,27.552383422851562
492,33.911319732666016
493,12.107282638549805
494,23.679365158081055
495,23.721052169799805
496,32.27711486816406
497,12.432387351989746
498,24.462209701538086
499,23.569385528564453
500,18.889524459838867
501,17.90605354309082
502,26.630887985229492
503,29.527353286743164
504,24.781551361083984
505,19.2014217376709
506,23.934614181518555
507,12.301753044128418
508,28.92631721496582
509,14.585847854614258
510,22.317031860351562
511,23.507455825805664
512,19.06665802001953
513,20.09149932861328
514,16.73151969909668
515,15.887073516845703
516,19.419527053833008
517,33.12676239013672
518,32.08033752441406
519,30.854503631591797
520,31.686967849731445
521,21.37334632873535
522,11.914277076721191
523,26.96571922302246
524,25.725770950317383
525,16.568134307861328
526,24.350120544433594
527,27.96257781982422
528,17.54823112487793
529,14.140521049499512
530,26.559799194335938
531,34.76841735839844
532,17.228191375732422
533,20.635112762451172
534,18.086606979370117
535,20.59281349182129
536,13.560683250427246
537,25.725595474243164
538,19.442794799804688
539,21.790117263793945
540,18.730785369873047
541,16.262680053710938
542,31.119291305541992
543,26.282148361206055
544,28.355632781982422
545,32.80033493041992
546,27.49995994567871
547,22.047958374023438
548,16.42586898803711
549,25.31730842590332
550,12.685956954956055
551,32.60844802856445
552,27.364953994750977
553,33.72536087036133
554,12.020184516906738
555,23.544652938842773
556,23.51877212524414
557,32.16865921020508
558,12.32741641998291
559,24.344383239746094
560,23.372182846069336
561,18.810632705688477
562,17.791847229003906
563,26.450389862060547
564,29.39541244506836
565,24.535139083862305
566,19.064668655395508
567,23.869598388671875
568,12.172590255737305
569,28.774581909179688
570,14.598784446716309
571,22.28293228149414
572,23.38779640197754
573,18.93090057373047
574,19.91307830810547
575,16.669445037841797
576,15.774199485778809
577,19.32487678527832
578,32.9863395690918
579,31.891069412231445
580,30.654008865356445
581,31.526029586791992
582,21.225196838378906
583,11.81710433959961
584,26.813587188720703
585,25.699180603027344
586,16.525272369384766
587,24.21747398376465
588,27.835529327392578
589,17.423751831054688
590,14.083770751953125
591,26.47113037109375
592,34.57421875
593,17.11066436767578
594,20.521793365478516
595,18.05875587463379
596,20.459339141845703
597,13.40802001953125
598,25.652236938476562
599,19.343944549560547
600,21.689363479614258
601,18.595895767211914
602,16.19623565673828
603,30.861312866210938
604,26.251184463500977
605,28.167457580566406
606,32.874629974365234
607,27.47296714782715
608,21.889074325561523
609,16.310895919799805
610,25.191593170166016
611,12.598713874816895
612,32.45346450805664
613,27.1932315826416
614,33.55778884887695
615,11.947311401367188
616,23.416440963745117
617,23.333580017089844
618,32.03636932373047
619,12.305745124816895
620,24.07829475402832
621,23.339372634887695
622,18.694366455078125
623,17.567716598510742
624,26.342193603515625
625,29.113418579101562
626,24.62190818786621
627,18.902902603149414
628,23.487321853637695
629,12.314179420471191
630,28.541385650634766
631,14.468868255615234
632,22.255859375
633,22.92053985595703
634,18.71187400817871
635,19.801406860351562
636,16.709360122680664
637,15.578862190246582
638,19.1721248626709
639,32.78133010864258
640,31.823474884033203
641,30.134082794189453
642,31.100271224975586
643,21.12615966796875
644,11.449453353881836
645,26.566619873046875
646,25.565927505493164
647,16.575706481933594
648,24.119524002075195
649,27.662742614746094
650,17.212785720825195
651,14.069038391113281
652,26.135326385498047
653,33.594417572021484
654,16.795629501342773
655,20.438838958740234
656,18.292736053466797
657,20.310571670532227
658,13.35262393951416
659,25.473222732543945
660,19.260698318481445
661,21.579769134521484
662,18.57375144958496
663,16.158796310424805
664,30.656753540039062
665,26.171554565429688
666,27.889175415039062
667,32.7105827331543
668,27.384693145751953
669,21.888105392456055
670,16.2177677154541
671,25.018896102905273
672,12.462597846984863
673,32.37187957763672
674,27.494178771972656
675,33.39140701293945
676,11.890878677368164
677,23.596710205078125
678,23.345661163330078
679,31.876134872436523
680,12.175179481506348
681,23.931684494018555
682,23.24736785888672
683,18.703943252563477
684,17.49907875061035
685,26.396347045898438
686,29.085289001464844
687,24.77872085571289
688,18.894075393676758
689,23.450214385986328
690,12.223814010620117
691,28.424549102783203
692,14.530036926269531
693,22.2255859375
694,22.939180374145508
695,18.658775329589844
696,19.660503387451172
697,16.6348934173584
698,15.652697563171387
699,19.19936180114746
700,32.88774871826172
701,31.819129943847656
702,29.93084716796875
703,30.971519470214844
704,21.04575538635254
705,11.35966682434082
706,26.41793441772461
707,25.506807327270508
708,16.5194149017334
709,24.033878326416016
710,27.671918869018555
711,17.163860321044922
712,14.071258544921875
713,26.181650161743164
714,33.709529876708984
715,16.739940643310547
716,20.378755569458008
717,18.176259994506836
718,20.264707565307617
719,13.253823280334473
720,25.49889373779297
721,19.213285446166992
722,21.552581787109375
723,18.452239990234375
724,16.092084884643555
725,30.5966854095459
726,26.14077377319336
727,27.805145263671875
728,32.71137619018555
729,27.35822105407715
730,21.84037208557129
731,16.147537231445312
732,24.916898727416992
733,12.338485717773438
734,32.324581146240234
735,27.430767059326172
736,33.31504821777344
737,11.844807624816895
738,23.510074615478516
739,23.231979370117188
740,31.808284759521484
741,12.09693431854248
742,23.900001525878906
743,23.084867477416992
744,18.68804359436035
745,17.4692440032959
746,26.272377014160156
747,29.065059661865234
748,24.559009552001953
749,18.80121612548828
750,23.49362564086914
751,12.113029479980469
752,28.34743881225586
753,14.495137214660645
754,22.177305221557617
755,22.895992279052734
756,18.576820373535156
757,19.568824768066406
758,16.558910369873047
759,15.650545120239258
760,19.1883602142334
761,32.86127471923828
762,31.761924743652344
763,29.807641983032227
764,30.863670349121094
765,20.969682693481445
766,11.316354751586914
767,26.309343338012695
768,25.454341888427734
769,16.447650909423828
770,23.924428939819336
771,27.62193489074707
772,17.12828826904297
773,14.043110847473145
774,26.19396209716797
775,33.70206832885742
776,16.6833553314209
777,20.30614471435547
778,18.118993759155273
779,20.178607940673828
780,13.144376754760742
781,25.502716064453125
782,19.158687591552734
783,21.507953643798828
784,18.337841033935547
785,16.02866554260254
786,30.461742401123047
787,26.113758087158203
788,27.652395248413086
789,32.70569610595703
790,27.325016021728516
791,21.747533798217773
792,16.07439613342285
793,24.819944381713867
794,12.23061466217041
795,32.27779769897461
796,27.313867568969727
797,33.25373840332031
798,11.776447296142578
799,23.3858642578125
800,23.087080001831055
801,31.726913452148438
802,12.005602836608887
803,23.87696075439453
804,22.91141128540039
805,18.665145874023438
806,17.450544357299805
807,26.1503849029541
808,29.04363441467285
809,24.391265869140625
810,18.681575775146484
811,23.484464645385742
812,12.028226852416992
813,28.239925384521484
814,14.472319602966309
815,22.148792266845703
816,22.81027603149414
817,18.476177215576172
818,19.464269638061523
819,16.503463745117188
820,15.617238998413086
821,19.148204803466797
822,32.79850387573242
823,31.669235229492188
824,29.660070419311523
825,30.736331939697266
826,20.8868408203125
827,11.262876510620117
828,26.186735153198242
829,25.42334747314453
830,16.407861709594727
831,23.814720153808594
832,27.56061553955078
833,17.069316864013672
834,14.030781745910645
835,26.186941146850586
836,33.632537841796875
837,16.604541778564453
838,20.220645904541016
839,18.077857971191406
840,20.083986282348633
841,13.020097732543945
842,25.48672103881836
843,19.09185028076172
844,21.44603729248047
845,18.21466827392578
846,15.970110893249512
847,30.264814376831055
848,26.098142623901367
849,27.49531364440918
850,32.74333190917969
851,27.312894821166992
852,21.625354766845703
853,15.99024486541748
854,24.724525451660156
855,12.132614135742188
856,32.2121467590332
857,27.201066970825195
858,33.176815032958984
859,11.703218460083008
860,23.262712478637695
861,22.927833557128906
862,31.633474349975586
863,11.919866561889648
864,23.83241081237793
865,22.728271484375
866,18.63343048095703
867,17.423831939697266
868,26.016836166381836
869,29.001361846923828
870,24.230173110961914
871,18.558834075927734
872,23.454713821411133
873,11.9346342086792
874,28.10771942138672
875,14.475932121276855
876,22.14261245727539
877,22.71369171142578
878,18.370094299316406
879,19.33843421936035
880,16.4634952545166
881,15.561907768249512
882,19.08235740661621
883,32.711341857910156
884,31.5428409576416
885,29.495132446289062
886,30.59317970275879
887,20.795488357543945
888,11.20724868774414
889,26.050111770629883
890,25.405092239379883
891,16.381105422973633
892,23.69511604309082
893,27.487321853637695
894,17.001121520996094
895,14.025071144104004
896,26.17253303527832
897,33.522125244140625
898,16.51384925842285
899,20.121702194213867
900,18.046266555786133
901,19.97374725341797
902,12.876211166381836
903,25.464256286621094
904,19.014575958251953
905,21.373645782470703
906,18.076553344726562
907,15.909331321716309
908,30.0267276763916
909,26.087770462036133
910,27.315570831298828
911,32.79216384887695
912,27.306961059570312
913,21.480348587036133
914,15.897274017333984
915,24.623334884643555
916,12.032673835754395
917,32.11453628540039
918,27.051172256469727
919,33.08002853393555
920,11.613031387329102
921,23.128908157348633
922,22.76032257080078
923,31.504362106323242
924,11.850143432617188
925,23.691789627075195
926,22.625736236572266
927,18.574867248535156
928,17.334131240844727
929,25.991811752319336
930,28.889923095703125
931,24.525531768798828
932,18.39667510986328
933,23.112581253051758
934,12.117249488830566
935,27.882261276245117
936,14.39556884765625
937,22.14311408996582
938,22.263521194458008
939,18.03272247314453
940,19.404460906982422
941,16.558216094970703
942,15.162650108337402
943,18.793970108032227
944,32.307621002197266
945,31.26978302001953
946,29.538606643676758
947,30.520538330078125
948,20.747642517089844
949,11.211661338806152
950,26.015478134155273
951,25.36387062072754
952,16.336265563964844
953,23.59284019470215
954,27.34300994873047
955,16.927494049072266
956,14.02210521697998
957,26.012218475341797
958,32.865150451660156
959,16.275117874145508
960,20.07159996032715
961,18.264158248901367
962,19.88132667541504
963,12.908767700195312
964,25.365802764892578
965,18.987001419067383
966,21.313138961791992
967,18.16960334777832
968,15.892706871032715
969,29.5371036529541
970,26.06319236755371
971,26.75235939025879
972,32.665706634521484
973,27.241596221923828
974,21.17375373840332
975,15.867782592773438
976,24.681062698364258
977,12.030125617980957
978,32.0153694152832
979,26.793895721435547
980,33.01496124267578
981,11.597511291503906
982,22.98859977722168
983,22.63116455078125
984,31.486066818237305
985,11.839680671691895
986,23.65953826904297
987,22.527027130126953
988,18.530662536621094
989,17.317487716674805
990,25.906673431396484
991,28.850418090820312
992,24.447229385375977
993,18.307538986206055
994,23.056228637695312
995,12.100128173828125
996,27.811031341552734
997,14.38264274597168
998,22.162015914916992
999,22.192358016967773
1000,18.000032424926758
1001,19.374155044555664
1002,16.56515884399414
1003,15.083999633789062
1004,18.742046356201172
1005,32.183685302734375
1006,31.19100570678711
1007,29.491830825805664
1008,30.43986701965332
1009,20.69428253173828
1010,11.17760944366455
1011,25.976558685302734
1012,25.345767974853516
1013,16.34334373474121
1014,23.51214599609375
1015,27.270397186279297
1016,16.876188278198242
1017,14.005976676940918
1018,25.949413299560547
1019,32.75534439086914
1020,16.233659744262695
1021,20.012554168701172
1022,18.256032943725586
1023,19.851173400878906
1024,12.819918632507324
1025,25.32353401184082
1026,18.92496681213379
1027,21.26966094970703
1028,18.115951538085938
1029,15.891876220703125
1030,29.402711868286133
1031,26.048315048217773
1032,26.654983520507812
1033,32.703819274902344
1034,27.221906661987305
1035,21.080631256103516
1036,15.82657527923584
1037,24.66609764099121
1038,12.014425277709961
1039,31.9656982421875
1040,26.698135375976562
1041,32.970176696777344
1042,11.55391788482666
1043,22.925216674804688
1044,22.544206619262695
1045,31.438676834106445
1046,11.824183464050293
1047,23.605892181396484
1048,22.44854164123535
1049,18.481210708618164
1050,17.286630630493164
1051,25.827259063720703
1052,28.778610229492188
1053,24.388277053833008
1054,18.255470275878906
1055,22.988170623779297
1056,12.062264442443848
1057,27.71726417541504
1058,14.44338607788086
1059,22.213401794433594
1060,22.13602638244629
1061,17.9642391204834
1062,19.307039260864258
1063,16.604124069213867
1064,14.979275703430176
1065,18.650117874145508
1066,32.069488525390625
1067,31.059419631958008
1068,29.437829971313477
1069,30.372682571411133
1070,20.626052856445312
1071,11.153632164001465
1072,25.926166534423828
1073,25.37207794189453
1074,16.370868682861328
1075,23.456546783447266
1076,27.20452308654785
1077,16.821102142333984
1078,13.997023582458496
1079,25.87942886352539
1080,32.577125549316406
1081,16.176240921020508
1082,19.95668601989746
1083,18.2997989654541
1084,19.783273696899414
1085,12.72651195526123
1086,25.279977798461914
1087,18.87201690673828
1088,21.21327781677246
1089,18.06033706665039
1090,15.883941650390625
1091,29.208131790161133
1092,26.042945861816406
1093,26.576343536376953
1094,32.79034423828125
1095,27.22774314880371
1096,20.975679397583008
1097,15.776378631591797
1098,24.64897346496582
1099,11.984644889831543
1100,31.900005340576172
1101,26.623050689697266
1102,32.90536880493164
1103,11.52069091796875
1104,22.87223243713379
1105,22.46062660217285
1106,31.391420364379883
1107,11.80841064453125
1108,23.545703887939453
1109,22.360437393188477
1110,18.438709259033203
1111,17.25264549255371
1112,25.74808692932129
1113,28.712549209594727
1114,24.321365356445312
1115,18.20550537109375
1116,22.939382553100586
1117,12.007906913757324
1118,27.622787475585938
1119,14.49646282196045
1120,22.25196075439453
1121,22.0915584564209
1122,17.928081512451172
1123,19.231285095214844
1124,16.624326705932617
1125,14.900880813598633
1126,18.57686996459961
1127,31.983556747436523
1128,30.948463439941406
1129,29.363750457763672
1130,30.293638229370117
1131,20.556053161621094
1132,11.121227264404297
1133,25.860889434814453
1134,25.384220123291016
1135,16.386627197265625
1136,23.394399642944336
1137,27.152761459350586
1138,16.76796531677246
1139,13.994871139526367
1140,25.8297061920166
1141,32.44376754760742
1142,16.116762161254883
1143,19.90077018737793
1144,18.320409774780273
1145,19.723508834838867
1146,12.634735107421875
1147,25.250499725341797
1148,18.820192337036133
1149,21.164981842041016
1150,17.998170852661133
1151,15.869205474853516
1152,29.03342628479004
1153,26.0335693359375
1154,26.485902786254883
1155,32.852535247802734
1156,27.224544525146484
1157,20.879974365234375
1158,15.726824760437012
1159,24.622251510620117
1160,11.942249298095703
1161,31.845552444458008
1162,26.540727615356445
1163,32.85226058959961
1164,11.479865074157715
1165,22.806541442871094
1166,22.37200164794922
1167,31.3386287689209
1168,11.777716636657715
1169,23.498899459838867
1170,22.25708770751953
1171,18.401065826416016
1172,17.227642059326172
1173,25.66417694091797
1174,28.66123390197754
1175,24.238143920898438
1176,18.142749786376953
1177,22.904680252075195
1178,11.94768238067627
1179,27.531435012817383
1180,14.531378746032715
1181,22.279308319091797
1182,22.050561904907227
1183,17.892114639282227
1184,19.155427932739258
1185,16.630983352661133
1186,14.838685989379883
1187,18.5168399810791
1188,31.90968132019043
1189,30.851829528808594
1190,29.27968406677246
1191,30.205923080444336
1192,20.48581886291504
1193,11.084885597229004
1194,25.78838348388672
1195,25.386619567871094
1196,16.394325256347656
1197,23.325326919555664
1198,27.106380462646484
1199,16.717418670654297
1200,13.995658874511719
1201,25.790924072265625
1202,32.332366943359375
1203,16.056659698486328
1204,19.843360900878906
1205,18.32979965209961
1206,19.66607666015625
1207,12.541328430175781
1208,25.228519439697266
1209,18.768085479736328
1210,21.120121002197266
1211,17.930755615234375
1212,15.85051155090332
1213,28.863683700561523
1214,26.02326774597168
1215,26.38897705078125
1216,32.9059944152832
1217,27.21925163269043
1218,20.786571502685547
1219,15.676273345947266
1220,24.590152740478516
1221,11.892631530761719
1222,31.77946662902832
1223,26.42183494567871
1224,32.794891357421875
1225,11.448644638061523
1226,22.699398040771484
1227,22.2617244720459
1228,31.308656692504883
1229,11.796302795410156
1230,23.414756774902344
1231,22.177635192871094
1232,18.341245651245117
1233,17.149185180664062
1234,25.536361694335938
1235,28.529287338256836
1236,24.126123428344727
1237,18.10603904724121
1238,22.822582244873047
1239,11.942667007446289
1240,27.436138153076172
1241,14.54786205291748
1242,22.31848907470703
1243,21.920730590820312
1244,17.809911727905273
1245,19.19529151916504
1246,16.6896915435791
1247,14.690505981445312
1248,18.426054000854492
1249,31.733985900878906
1250,30.79334831237793
1251,29.328643798828125
1252,30.149551391601562
1253,20.484607696533203
1254,11.0884370803833
1255,25.83992576599121
1256,25.26935577392578
1257,16.29818344116211
1258,23.181001663208008
1259,26.974239349365234
1260,16.799800872802734
1261,13.886809349060059
1262,25.72663116455078
1263,32.15433883666992
1264,16.129953384399414
1265,19.78885269165039
1266,18.381855010986328
1267,19.539043426513672
1268,12.408403396606445
1269,25.199501037597656
1270,18.720947265625
1271,21.09221649169922
1272,17.890531539916992
1273,15.855340003967285
1274,28.821735382080078
1275,26.003347396850586
1276,26.142539978027344
1277,32.755794525146484
1278,27.161149978637695
1279,20.65642547607422
1280,15.701295852661133
1281,24.685588836669922
1282,11.961405754089355
1283,31.76144790649414
1284,26.135446548461914
1285,32.848655700683594
1286,11.466164588928223
1287,22.50275230407715
1288,22.161161422729492
1289,31.36695098876953
1290,11.872879981994629
1291,23.433563232421875
1292,22.117103576660156
1293,18.294841766357422
1294,17.13325309753418
1295,25.33683204650879
1296,28.443721771240234
1297,23.699932098388672
1298,18.06772232055664
1299,22.933446884155273
1300,11.779092788696289
1301,27.440460205078125
1302,14.54541015625
1303,22.337112426757812
1304,21.98923110961914
1305,17.887184143066406
1306,19.072416305541992
1307,16.652559280395508
1308,14.729989051818848
1309,18.443801879882812
1310,31.72701072692871
1311,30.791677474975586
1312,29.178813934326172
1313,30.03725242614746
1314,20.444427490234375
1315,11.006325721740723
1316,25.7659969329834
1317,25.24195671081543
1318,16.321203231811523
1319,23.1353759765625
1320,26.956098556518555
1321,16.73929214477539
1322,13.901817321777344
1323,25.699665069580078
1324,32.150779724121094
1325,16.09844207763672
1326,19.75257110595703
1327,18.33336067199707
1328,19.553508758544922
1329,12.359406471252441
1330,25.181472778320312
1331,18.67957305908203
1332,21.076499938964844
1333,17.85036849975586
1334,15.856599807739258
1335,28.784311294555664
1336,25.99281120300293
1337,26.111629486083984
1338,32.767330169677734
1339,27.14695930480957
1340,20.62687110900879
1341,15.67315673828125
1342,24.6612606048584
1343,11.948759078979492
1344,31.742841720581055
1345,26.11528968811035
1346,32.830543518066406
1347,11.430571556091309
1348,22.486360549926758
1349,22.124643325805664
1350,31.321611404418945
1351,11.849954605102539
1352,23.40130043029785
1353,22.073871612548828
1354,18.270755767822266
1355,17.12474822998047
1356,25.298168182373047
1357,28.41387939453125
1358,23.671688079833984
1359,18.024921417236328
1360,22.899608612060547
1361,11.759637832641602
1362,27.396495819091797
1363,14.564959526062012
1364,22.365753173828125
1365,21.967424392700195
1366,17.884906768798828
1367,19.031259536743164
1368,16.665348052978516
1369,14.692953109741211
1370,18.410736083984375
1371,31.671728134155273
1372,30.738807678222656
1373,29.12681007385254
1374,29.98196792602539
1375,20.40981674194336
1376,10.978899002075195
1377,25.73084259033203
1378,25.24641227722168
1379,16.340368270874023
1380,23.098846435546875
1381,26.923397064208984
1382,16.706003189086914
1383,13.903721809387207
1384,25.664159774780273
1385,32.07066345214844
1386,16.071247100830078
1387,19.719772338867188
1388,18.345806121826172
1389,19.526308059692383
1390,12.30536937713623
1391,25.15838623046875
1392,18.645851135253906
1393,21.048912048339844
1394,17.818248748779297
1395,15.856362342834473
1396,28.68796157836914
1397,25.991039276123047
1398,26.071041107177734
1399,32.811126708984375
1400,27.1508731842041
1401,20.572063446044922
1402,15.645467758178711
1403,24.653966903686523
1404,11.94275188446045
1405,31.709989547729492
1406,26.077739715576172
1407,32.80382537841797
1408,11.409686088562012
1409,22.459354400634766
1410,22.082988739013672
1411,31.29184913635254
1412,11.845541000366211
1413,23.36520767211914
1414,22.03057861328125
1415,18.245275497436523
1416,17.109169006347656
1417,25.245759963989258
1418,28.372346878051758
1419,23.614397048950195
1420,17.99207878112793
1421,22.878433227539062
1422,11.72353458404541
1423,27.351716995239258
1424,14.594940185546875
1425,22.396535873413086
1426,21.954679489135742
1427,17.884946823120117
1428,18.97981071472168
1429,16.677385330200195
1430,14.659073829650879
1431,18.37664031982422
1432,31.622966766357422
1433,30.683876037597656
1434,29.068355560302734
1435,29.924930572509766
1436,20.372526168823242
1437,10.949692726135254
1438,25.690776824951172
1439,25.251792907714844
1440,16.35944366455078
1441,23.063215255737305
1442,26.894084930419922
1443,16.670793533325195
1444,13.908356666564941
1445,25.631227493286133
1446,31.994394302368164
1447,16.04085922241211
1448,19.687286376953125
1449,18.356487274169922
1450,19.50008201599121
1451,12.252437591552734
1452,25.13785171508789
1453,18.612892150878906
1454,21.02237319946289
1455,17.78563690185547
1456,15.854536056518555
1457,28.59087562561035
1458,25.988727569580078
1459,26.02945899963379
1460,32.85411071777344
1461,27.15445327758789
1462,20.51820945739746
1463,15.617130279541016
1464,24.64457130432129
1465,11.93263053894043
1466,31.677505493164062
1467,26.041030883789062
1468,32.77647018432617
1469,11.388237953186035
1470,22.431922912597656
1471,22.04079818725586
1472,31.26104164123535
1473,11.837855339050293
1474,23.33030128479004
1475,21.983903884887695
1476,18.221227645874023
1477,17.094324111938477
1478,25.19504737854004
1479,28.333965301513672
1480,23.5612735748291
1481,17.95822525024414
1482,22.85795783996582
1483,11.687990188598633
1484,27.305696487426758
1485,14.623306274414062
1486,22.424962997436523
1487,21.941064834594727
1488,17.882007598876953
1489,18.930028915405273
1490,16.687908172607422
1491,14.626220703125
1492,18.343400955200195
1493,31.576562881469727
1494,30.62993812561035
1495,29.01137351989746
1496,29.86858367919922
1497,20.334674835205078
1498,10.921882629394531
1499,25.65010643005371
1500,25.25617027282715
1501,16.37575912475586
1502,23.026565551757812
1503,26.866188049316406
1504,16.637235641479492
1505,13.913176536560059
1506,25.601093292236328
1507,31.92186164855957
1508,16.010133743286133
1509,19.654888153076172
1510,18.366409301757812
1511,19.472827911376953
1512,12.199310302734375
1513,25.119810104370117
1514,18.580577850341797
1515,20.99652671813965
1516,17.752117156982422
1517,15.851149559020996
1518,28.493366241455078
1519,25.98594856262207
1520,25.9862060546875
1521,32.895606994628906
1522,27.15757179260254
1523,20.464885711669922
1524,15.588580131530762
1525,24.6339111328125
1526,11.919321060180664
1527,31.64010238647461
1528,25.9813289642334
1529,32.75626754760742
1530,11.376105308532715
1531,22.374298095703125
1532,21.991395950317383
1533,31.252710342407227
1534,11.869281768798828
1535,23.283153533935547
1536,21.95667266845703
1537,18.187877655029297
1538,17.05032730102539
1539,25.108427047729492
1540,28.240859985351562
1541,23.459997177124023
1542,17.958452224731445
1543,22.83280372619629
1544,11.649829864501953
1545,27.251192092895508
1546,14.674018859863281
1547,22.46445083618164
1548,21.897735595703125
1549,17.851085662841797
1550,18.90740394592285
1551,16.728992462158203
1552,14.548295021057129
1553,18.279922485351562
1554,31.502012252807617
1555,30.57517433166504
1556,29.008033752441406
1557,29.83323860168457
1558,20.32484245300293
1559,10.914689064025879
1560,25.660850524902344
1561,25.209182739257812
1562,16.340539932250977
1563,22.962989807128906
1564,26.812238693237305
1565,16.67992401123047
1566,13.866297721862793
1567,25.57699203491211
1568,31.848108291625977
1569,16.06359100341797
1570,19.628854751586914
1571,18.395280838012695
1572,19.38809585571289
1573,12.110788345336914
1574,25.109821319580078
1575,18.55780601501465
1576,20.961645126342773
1577,17.688886642456055
1578,15.83730411529541
1579,28.48334503173828
1580,25.973758697509766
1581,25.965131759643555
1582,32.879676818847656
1583,27.145139694213867
1584,20.436809539794922
1585,15.577095031738281
1586,24.638261795043945
1587,11.923966407775879
1588,31.623682022094727
1589,25.9279727935791
1590,32.75528335571289
1591,11.376447677612305
1592,22.33191680908203
1593,21.96327018737793
1594,31.256200790405273
1595,11.88515567779541
1596,23.274499893188477
1597,21.932554244995117
1598,18.175636291503906
1599,17.04192352294922
1600,25.05514907836914
1601,28.211589813232422
1602,23.36673927307129
1603,17.947608947753906
1604,22.852989196777344
1605,11.601840019226074
1606,27.23528289794922
1607,14.692646980285645
1608,22.477306365966797
1609,21.91008949279785
1610,17.858896255493164
1611,18.86136817932129
1612,16.725751876831055
1613,14.546126365661621
1614,18.2676944732666
1615,31.493722915649414
1616,30.550561904907227
1617,28.95850944519043
1618,29.797117233276367
1619,20.30192756652832
1620,10.892660140991211
1621,25.6267032623291
1622,25.21143913269043
1623,16.348865509033203
1624,22.947355270385742
1625,26.80545997619629
1626,16.65456771850586
1627,13.875856399536133
1628,25.566286087036133
1629,31.818330764770508
1630,16.03624153137207
1631,19.612796783447266
1632,18.393692016601562
1633,19.381071090698242
1634,12.091888427734375
1635,25.103679656982422
1636,18.54275131225586
1637,20.95244789123535
1638,17.676305770874023
1639,15.833792686462402
1640,28.431556701660156
1641,25.972890853881836
1642,25.932628631591797
1643,32.894256591796875
1644,27.14691925048828
1645,20.408124923706055
1646,15.563827514648438
1647,24.633211135864258
1648,11.915757179260254
1649,31.609159469604492
1650,25.90329360961914
1651,32.74460220336914
1652,11.366328239440918
1653,22.310916900634766
1654,21.93910026550293
1655,31.242305755615234
1656,11.8787260055542
1657,23.26146125793457
1658,21.903860092163086
1659,18.16640281677246
1660,17.03598976135254
1661,25.027484893798828
1662,28.19660758972168
1663,23.334409713745117
1664,17.92888832092285
1665,22.84864044189453
1666,11.581144332885742
1667,27.212284088134766
1668,14.702256202697754
1669,22.486032485961914
1670,21.902950286865234
1671,17.85301971435547
1672,18.836475372314453
1673,16.72565269470215
1674,14.534624099731445
1675,18.25419807434082
1676,31.476459503173828
1677,30.527103424072266
1678,28.92897605895996
1679,29.768964767456055
1680,20.28315544128418
1681,10.879820823669434
1682,25.60358428955078
1683,25.21056365966797
1684,16.35110092163086
1685,22.927480697631836
1686,26.794218063354492
1687,16.640012741088867
1688,13.878702163696289
1689,25.557353973388672
1690,31.791662216186523
1691,16.020044326782227
1692,19.596397399902344
1693,18.394296646118164
1694,19.366405487060547
1695,12.06636905670166
1696,25.098709106445312
1697,18.527694702148438
1698,20.940853118896484
1699,17.657470703125
1700,15.828437805175781
1701,28.385028839111328
1702,25.970949172973633
1703,25.908363342285156
1704,32.91048812866211
1705,27.147830963134766
1706,20.38317108154297
1707,15.548965454101562
1708,24.623998641967773
1709,11.904582977294922
1710,31.595020294189453
1711,25.883718490600586
1712,32.73257064819336
1713,11.354294776916504
1714,22.29254913330078
1715,21.91531753540039
1716,31.225997924804688
1717,11.869220733642578
1718,23.248493194580078
1719,21.87417221069336
1720,18.157495498657227
1721,17.030717849731445
1722,25.001827239990234
1723,28.18341064453125
1724,23.306427001953125
1725,17.908885955810547
1726,22.842853546142578
1727,11.562360763549805
1728,27.188907623291016
1729,14.71043872833252
1730,22.494081497192383
1731,21.89468002319336
1732,17.84635353088379
1733,18.813030242919922
1734,16.725236892700195
1735,14.523138999938965
1736,18.241151809692383
1737,31.459026336669922
1738,30.504316329956055
1739,28.900239944458008
1740,29.74089241027832
1741,20.264530181884766
1742,10.867307662963867
1743,25.580785751342773
1744,25.209077835083008
1745,16.35268211364746
1746,22.907066345214844
1747,26.782936096191406
1748,16.626068115234375
1749,13.881301879882812
1750,25.54887580871582
1751,31.766082763671875
1752,16.004383087158203
1753,19.57989501953125
1754,18.394453048706055
1755,19.351531982421875
1756,12.040443420410156
1757,25.094146728515625
1758,18.5125789642334
1759,20.92930793762207
1760,17.638137817382812
1761,15.822858810424805
1762,28.339088439941406
1763,25.968841552734375
1764,25.884183883666992
1765,32.9262809753418
1766,27.148500442504883
1767,20.358577728271484
1768,15.534056663513184
1769,24.614421844482422
1770,11.892932891845703
1771,31.581138610839844
1772,25.864145278930664
1773,32.72076416015625
1774,11.341972351074219
1775,22.274011611938477
1776,21.891403198242188
1777,31.209383010864258
1778,11.859146118164062
1779,23.235822677612305
1780,21.843952178955078
1781,18.148723602294922
1782,17.025732040405273
1783,24.97615623474121
1784,28.170682907104492
1785,23.278446197509766
1786,17.88846778869629
1787,22.8372802734375
1788,11.543548583984375
1789,27.16548728942871
1790,14.71813678741455
1791,22.501850128173828
1792,21.886398315429688
1793,17.8396053314209
1794,18.789722442626953
1795,16.72452163696289
1796,14.511946678161621
1797,18.228384017944336
1798,31.441864013671875
1799,30.481815338134766
1800,28.871416091918945
1801,29.712608337402344
1802,20.245861053466797
1803,10.854789733886719
1804,25.557857513427734
1805,25.20736312866211
1806,16.35400390625
1807,22.88638687133789
1808,26.771785736083984
1809,16.61227035522461
1810,13.883992195129395
1811,25.540729522705078
1812,31.74116325378418
1813,15.988738059997559
1814,19.56331443786621
1815,18.394311904907227
1816,19.336671829223633
1817,12.014365196228027
1818,25.089862823486328
1819,18.497426986694336
1820,20.917863845825195
1821,17.618600845336914
1822,15.817151069641113
1823,28.293190002441406
1824,25.966678619384766
1825,25.859813690185547
1826,32.94184494018555
1827,27.14908218383789
1828,20.334075927734375
1829,15.5191011428833
1830,24.604658126831055
1831,11.880949974060059
1832,31.564632415771484
1833,25.8347225189209
1834,32.71254348754883
1835,11.334535598754883
1836,22.24285125732422
1837,21.865812301635742
1838,31.204069137573242
1839,11.870545387268066
1840,23.214111328125
1841,21.826932907104492
1842,18.135692596435547
1843,17.006519317626953
1844,24.926897048950195
1845,28.12649154663086
1846,23.19590187072754
1847,17.88563346862793
1848,22.849327087402344
1849,11.502434730529785
1850,27.151212692260742
1851,14.734416961669922
1852,22.51762580871582
1853,21.89170265197754
1854,17.847747802734375
1855,18.752840042114258
1856,16.72771644592285
1857,14.503630638122559
1858,18.215267181396484
1859,31.426525115966797
1860,30.472900390625
1861,28.824636459350586
1862,29.67029571533203
1863,20.236328125
1864,10.82608413696289
1865,25.539989471435547
1866,25.17514991760254
1867,16.342363357543945
1868,22.855154037475586
1869,26.75668716430664
1870,16.613079071044922
1871,13.875301361083984
1872,25.533599853515625
1873,31.731037139892578
1874,16.00065040588379
1875,19.550031661987305
1876,18.386159896850586
1877,19.314924240112305
1878,11.979273796081543
1879,25.08836555480957
1880,18.485841751098633
1881,20.905927658081055
1882,17.586498260498047
1883,15.808917045593262
1884,28.29925537109375
1885,25.958433151245117
1886,25.857513427734375
1887,32.932437896728516
1888,27.14040756225586
1889,20.329063415527344
1890,15.508899688720703
1891,24.593612670898438
1892,11.8723726272583
1893,31.55612564086914
1894,25.829477310180664
1895,32.70305633544922
1896,11.32820987701416
1897,22.236255645751953
1898,21.853572845458984
1899,31.194896697998047
1900,11.864107131958008
1901,23.206438064575195
1902,21.810861587524414
1903,18.131851196289062
1904,17.003089904785156
1905,24.916168212890625
1906,28.120319366455078
1907,23.187562942504883
1908,17.87649154663086
1909,22.844566345214844
1910,11.494332313537598
1911,27.137590408325195
1912,14.7398681640625
1913,22.52127456665039
1914,21.8856258392334
1915,17.8414363861084
1916,18.741931915283203
1917,16.728059768676758
1918,14.49650764465332
1919,18.207345962524414
1920,31.417964935302734
1921,30.4599609375
1922,28.81209945678711
1923,29.65768814086914
1924,20.226829528808594
1925,10.821338653564453
1926,25.52860450744629
1927,25.17510414123535
1928,16.342153549194336
1929,22.845144271850586
1930,26.75133514404297
1931,16.606998443603516
1932,13.876562118530273
1933,25.530187606811523
1934,31.717498779296875
1935,15.992506980895996
1936,19.54184913635254
1937,18.387571334838867
1938,19.30581283569336
1939,11.966242790222168
1940,25.086685180664062
1941,18.478775024414062
1942,20.899709701538086
1943,17.57640838623047
1944,15.80516529083252
1945,28.274023056030273
1946,25.957611083984375
1947,25.845529556274414
1948,32.94187545776367
1949,27.14165496826172
1950,20.316158294677734
1951,15.500898361206055
1952,24.588153839111328
1953,11.865288734436035
1954,31.54819107055664
1955,25.820556640625
1956,32.69550323486328
1957,11.322495460510254
1958,22.22731590270996
1959,21.841062545776367
1960,31.186731338500977
1961,11.858616828918457
1962,23.199588775634766
1963,21.794763565063477
1964,18.128000259399414
1965,16.99996566772461
1966,24.9041805267334
1967,28.114084243774414
1968,23.176244735717773
1969,17.867115020751953
1970,22.84113121032715
1971,11.485252380371094
1972,27.124528884887695
1973,14.74478530883789
1974,22.524696350097656
1975,21.880271911621094
1976,17.83572769165039
1977,18.73063087463379
1978,16.727890014648438
1979,14.490116119384766
1980,18.19998550415039
1981,31.409854888916016
1982,30.447616577148438
1983,28.798940658569336
1984,29.64466094970703
1985,20.21729278564453
1986,10.816266059875488
1987,25.516958236694336
1988,25.17470359802246
1989,16.341812133789062
1990,22.83497428894043
1991,26.746122360229492
1992,16.600805282592773
1993,13.877900123596191
1994,25.5269775390625
1995,31.704750061035156
1996,15.984333992004395
1997,19.533618927001953
1998,18.38840675354004
1999,19.29703712463379
2000,11.953267097473145
2001,25.085140228271484
2002,18.471654891967773
2003,20.893678665161133
2004,17.5662841796875
2005,15.801399230957031
2006,28.249351501464844
2007,25.956666946411133
2008,25.83328628540039
2009,32.950653076171875
2010,27.142601013183594
2011,20.303483963012695
2012,15.493001937866211
2013,24.582605361938477
2014,11.85810375213623
2015,31.540586471557617
2016,25.81136703491211
2017,32.68836975097656
2018,11.316610336303711
2019,22.21808624267578
2020,21.828521728515625
2021,31.178470611572266
2022,11.852869987487793
2023,23.19305992126465
2024,21.77848243713379
2025,18.124195098876953
2026,16.99705696105957
2027,24.892078399658203
2028,28.108171463012695
2029,23.164491653442383
2030,17.8574161529541
2031,22.837980270385742
2032,11.476102828979492
2033,27.11164665222168
2034,14.749195098876953
2035,22.527883529663086
2036,21.87504005432129
2037,17.830156326293945
2038,18.719417572021484
2039,16.7274112701416
2040,14.484063148498535
2041,18.192962646484375
2042,31.401926040649414
2043,30.4356689453125
2044,28.78564453125
2045,29.631465911865234
2046,20.207794189453125
2047,10.811087608337402
2048,25.50527000427246
2049,25.174034118652344
2050,16.34130096435547
2051,22.824634552001953
2052,26.74098014831543
2053,16.594661712646484
2054,13.879239082336426
2055,25.52393341064453
2056,31.69261932373047
2057,15.97624397277832
2058,19.525365829467773
2059,18.388830184936523
2060,19.28843116760254
2061,11.940274238586426
2062,25.08374786376953
2063,18.464494705200195
2064,20.887771606445312
2065,17.556060791015625
2066,15.797581672668457
2067,28.225126266479492
2068,25.955629348754883
2069,25.82095718383789
2070,32.95899200439453
2071,27.143346786499023
2072,20.2910213470459
2073,15.485129356384277
2074,24.576934814453125
2075,11.85079574584961
2076,31.533203125
2077,25.80207061767578
2078,32.68147659301758
2079,11.31057071685791
2080,22.20868492126465
2081,21.815942764282227
2082,31.17011833190918
2083,11.84687614440918
2084,23.1867733001709
2085,21.762006759643555
2086,18.12043571472168
2087,16.99432373046875
2088,24.879901885986328
2089,28.10249900817871
2090,23.152502059936523
2091,17.847490310668945
2092,22.835010528564453
2093,11.466923713684082
2094,27.098861694335938
2095,14.75324535369873
2096,22.530874252319336
2097,21.869855880737305
2098,17.82464599609375
2099,18.708276748657227
2100,16.726715087890625
2101,14.478253364562988
2102,18.186195373535156
2103,31.394136428833008
2104,30.424022674560547
2105,28.772245407104492
2106,29.6181583404541
2107,20.19831657409668
2108,10.805843353271484
2109,25.4935245513916
2110,25.17314338684082
2111,16.340625762939453
2112,22.814165115356445
2113,26.735883712768555
2114,16.588594436645508
2115,13.8805513381958
2116,25.52104377746582
2117,31.680997848510742
2118,15.968225479125977
2119,19.51707649230957
2120,18.388978958129883
2121,19.279895782470703
2122,11.92723274230957
2123,25.082489013671875
2124,18.45731544494629
2125,20.88195037841797
2126,17.545730590820312
2127,15.79372787475586
2128,28.20122528076172
2129,25.95452117919922
2130,25.808561325073242
2131,32.96705627441406
2132,27.14395523071289
2133,20.278715133666992
2134,15.477283477783203
2135,24.571151733398438
2136,11.843350410461426
2137,31.524581909179688
2138,25.78814697265625
2139,32.67634201049805
2140,11.306814193725586
2141,22.193452835083008
2142,21.802762985229492
2143,31.16726303100586
2144,11.851696968078613
2145,23.176395416259766
2146,21.752649307250977
2147,18.11455535888672
2148,16.985183715820312
2149,24.854387283325195
2150,28.080808639526367
2151,23.10707664489746
2152,17.845993041992188
2153,22.844680786132812
2154,11.443217277526855
2155,27.09343147277832
2156,14.76099967956543
2157,22.53850555419922
2158,21.876516342163086
2159,17.83167839050293
2160,18.68596076965332
2161,16.72648048400879
2162,14.47796630859375
2163,18.181367874145508
2164,31.38972282409668
2165,30.420907974243164
2166,28.74265480041504
2167,29.594141006469727
2168,20.192550659179688
2169,10.788384437561035
2170,25.480871200561523
2171,25.157203674316406
2172,16.336254119873047
2173,22.799514770507812
2174,26.730308532714844
2175,16.585182189941406
2176,13.878958702087402
2177,25.51770782470703
2178,31.676828384399414
2179,15.969930648803711
2180,19.510488510131836
2181,18.38286590576172
2182,19.272342681884766
2183,11.912338256835938
2184,25.08204460144043
2185,18.45167350769043
2186,20.87729835510254
2187,17.531394958496094
2188,15.789811134338379
2189,28.20380401611328
2190,25.95042610168457
2191,25.805526733398438
2192,32.961185455322266
2193,27.139371871948242
2194,20.276309967041016
2195,15.472269058227539
2196,24.56523323059082
2197,11.838407516479492
2198,31.52062225341797
2199,25.785816192626953
2200,32.67161178588867
2201,11.303261756896973
2202,22.19025421142578
2203,21.796520233154297
2204,31.16213607788086
2205,11.84739875793457
2206,23.1728515625
2207,21.743928909301758
2208,18.112876892089844
2209,16.983722686767578
2210,24.84973907470703
2211,28.0786190032959
2212,23.104665756225586
2213,17.840839385986328
2214,22.84166717529297
2215,11.440112113952637
2216,27.086267471313477
2217,14.762849807739258
2218,22.53968048095703
2219,21.872478485107422
2220,17.827560424804688
2221,18.681608200073242
2222,16.726375579833984
2223,14.474226951599121
2224,18.17760467529297
2225,31.385356903076172
2226,30.414819717407227
2227,28.737462997436523
2228,29.588232040405273
2229,20.1879940032959
2230,10.786591529846191
2231,25.475648880004883
2232,25.156661987304688
2233,16.335296630859375
2234,22.7940616607666
2235,26.72755241394043
2236,16.583026885986328
2237,13.879115104675293
2238,25.516565322875977
2239,31.671222686767578
2240,15.966721534729004
2241,19.506351470947266
2242,18.3832950592041
2243,19.26717185974121
2244,11.905294418334961
2245,25.081632614135742
2246,18.448217391967773
2247,20.87407875061035
2248,17.52553939819336
2249,15.787511825561523
2250,28.192066192626953
2251,25.94978904724121
2252,25.800418853759766
2253,32.96575164794922
2254,27.139751434326172
2255,20.270549774169922
2256,15.46800422668457
2257,24.56159019470215
2258,11.833963394165039
2259,31.516775131225586
2260,25.78234100341797
2261,32.66743469238281
2262,11.299981117248535
2263,22.186279296875
2264,21.790193557739258
2265,31.157461166381836
2266,11.84361743927002
2267,23.16954231262207
2268,21.735307693481445
2269,18.111154556274414
2270,16.98232078552246
2271,24.84443473815918
2272,28.07623863220215
2273,23.100605010986328
2274,17.83572006225586
2275,22.839439392089844
2276,11.43628978729248
2277,27.079437255859375
2278,14.764662742614746
2279,22.540863037109375
2280,21.86909294128418
2281,17.823959350585938
2282,18.676729202270508
2283,16.726030349731445
2284,14.47094440460205
2285,18.174102783203125
2286,31.381315231323242
2287,30.408950805664062
2288,28.73159408569336
2289,29.581989288330078
2290,20.1833438873291
2291,10.784442901611328
2292,25.470081329345703
2293,25.15607261657715
2294,16.334482192993164
2295,22.788660049438477
2296,26.72493553161621
2297,16.58052635192871
2298,13.879500389099121
2299,25.51540184020996
2300,31.665756225585938
2301,15.963144302368164
2302,19.50220489501953
2303,18.383468627929688
2304,19.26240348815918
2305,11.898514747619629
2306,25.081218719482422
2307,18.444719314575195
2308,20.871036529541016
2309,17.51996612548828
2310,15.785287857055664
2311,28.180282592773438
2312,25.94915199279785
2313,25.794755935668945
2314,32.9699821472168
2315,27.140058517456055
2316,20.2646541595459
2317,15.463887214660645
2318,24.558198928833008
2319,11.829710960388184
2320,31.513057708740234
2321,25.778310775756836
2322,32.663612365722656
2323,11.296775817871094
2324,22.181913375854492
2325,21.783838272094727
2326,31.152984619140625
2327,11.840035438537598
2328,23.166399002075195
2329,21.726694107055664
2330,18.10943031311035
2331,16.98098373413086
2332,24.838804244995117
2333,28.07379150390625
2334,23.095678329467773
2335,17.830602645874023
2336,22.837621688842773
2337,11.43212890625
2338,27.072782516479492
2339,14.766410827636719
2340,22.542051315307617
2341,21.866010665893555
2342,17.82062339782715
2343,18.671621322631836
2344,16.725570678710938
2345,14.467939376831055
2346,18.17072296142578
2347,31.37745475769043
2348,30.403188705444336
2349,28.72536849975586
2350,29.575563430786133
2351,20.178651809692383
2352,10.782111167907715
2353,25.46434211730957
2354,25.155447006225586
2355,16.333711624145508
2356,22.783275604248047
2357,26.722402572631836
2358,16.57785415649414
2359,13.87999439239502
2360,25.51426124572754
2361,31.66042709350586
2362,15.959393501281738
2363,19.4980525970459
2364,18.38345718383789
2365,19.25784683227539
2366,11.891843795776367
2367,25.08082389831543
2368,18.441194534301758
2369,20.868083953857422
2370,17.514493942260742
2371,15.783102989196777
2372,28.16855239868164
2373,25.948495864868164
2374,25.788837432861328
2375,32.973960876464844
2376,27.14028549194336
2377,20.258731842041016
2378,15.459842681884766
2379,24.554916381835938
2380,11.825533866882324
2381,31.509429931640625
2382,25.774028778076172
2383,32.660003662109375
2384,11.293591499328613
2385,22.177330017089844
2386,21.7774658203125
2387,31.148578643798828
2388,11.836517333984375
2389,23.16336441040039
2390,21.718090057373047
2391,18.107704162597656
2392,16.979694366455078
2393,24.83300018310547
2394,28.07134246826172
2395,23.090290069580078
2396,17.8254451751709
2397,22.836048126220703
2398,11.427767753601074
2399,27.06624984741211
2400,14.768092155456543
2401,22.543203353881836
2402,21.863130569458008
2403,17.817447662353516
2404,18.666362762451172
2405,16.724994659423828
2406,14.465108871459961
2407,18.167465209960938
2408,31.37372589111328
2409,30.39754867553711
2410,28.71893882751465
2411,29.56901741027832
2412,20.173921585083008
2413,10.779669761657715
2414,25.458494186401367
2415,25.1547908782959
2416,16.33298110961914
2417,22.777894973754883
2418,26.719945907592773
2419,16.5750732421875
2420,13.880561828613281
2421,25.513124465942383
2422,31.655187606811523
2423,15.955525398254395
2424,19.493898391723633
2425,18.383333206176758
2426,19.253414154052734
2427,11.88524055480957
2428,25.080432891845703
2429,18.437654495239258
2430,20.86519432067871
2431,17.509096145629883
2432,15.780950546264648
2433,28.156824111938477
2434,25.947845458984375
2435,25.782737731933594
2436,32.977848052978516
2437,27.140501022338867
2438,20.252782821655273
2439,15.455841064453125
2440,24.551712036132812
2441,11.821398735046387
2442,31.50516700744629
2443,25.7673282623291
2444,32.657283782958984
2445,11.29157543182373
2446,22.169845581054688
2447,21.770822525024414
2448,31.146968841552734
2449,11.838540077209473
2450,23.1583309173584
2451,21.71317481994629
2452,18.104900360107422
2453,16.975269317626953
2454,24.820209503173828
2455,28.060697555541992
2456,23.067062377929688
2457,17.824607849121094
2458,22.841516494750977
2459,11.415427207946777
2460,27.063888549804688
2461,14.77182674407959
2462,22.546945571899414
2463,21.86725425720215
2464,17.82158088684082
2465,18.65450668334961
2466,16.72454261779785
2467,14.465727806091309
2468,18.16539764404297
2469,31.372156143188477
2470,30.396259307861328
2471,28.702951431274414
2472,29.556472778320312
2473,20.17082977294922
2474,10.770323753356934
2475,25.45142936706543
2476,25.146928787231445
2477,16.331159591674805
2478,22.77081871032715
2479,26.71756935119629
2480,16.572507858276367
2481,13.880364418029785
2482,25.511411666870117
2483,31.653043746948242
2484,15.955328941345215
2485,19.490617752075195
2486,18.379915237426758
2487,19.250398635864258
2488,11.878451347351074
2489,25.080223083496094
2490,18.434846878051758
2491,20.863191604614258
2492,17.50249671936035
2493,15.779109954833984
2494,28.157772064208984
2495,25.94584083557129
2496,25.78044891357422
2497,32.974544525146484
2498,27.138154983520508
2499,20.25143051147461
2500,15.453460693359375
2501,24.548952102661133
2502,11.818995475769043
2503,31.503305435180664
2504,25.765756607055664
2505,32.65515899658203
2506,11.28984260559082
2507,22.16794776916504
2508,21.767663955688477
2509,31.144514083862305
2510,11.836435317993164
2511,23.156709671020508
2512,21.708749771118164
2513,18.104080200195312
2514,16.974599838256836
2515,24.817716598510742
2516,28.05965805053711
2517,23.065387725830078
2518,17.821958541870117
2519,22.84025001525879
2520,11.413701057434082
2521,27.060392379760742
2522,14.772613525390625
2523,22.547435760498047
2524,21.8653564453125
2525,17.8195743560791
2526,18.652284622192383
2527,16.724348068237305
2528,14.464015007019043
2529,18.16364860534668
2530,31.37010955810547
2531,30.393342971801758
2532,28.70025634765625
2533,29.5534610748291
2534,20.168535232543945
2535,10.769377708435059
2536,25.448747634887695
2537,25.146547317504883
2538,16.33058738708496
2539,22.76804542541504
2540,26.71624183654785
2541,16.571430206298828
2542,13.880459785461426
2543,25.510929107666016
2544,31.65049934387207
2545,15.953720092773438
2546,19.488544464111328
2547,18.379968643188477
2548,19.247888565063477
2549,11.874956130981445
2550,25.080102920532227
2551,18.433120727539062
2552,20.86163330078125
2553,17.49953842163086
2554,15.777909278869629
2555,28.152067184448242
2556,25.945466995239258
2557,25.777833938598633
2558,32.976646423339844
2559,27.13825035095215
2560,20.248640060424805
2561,15.451343536376953
2562,24.547060012817383
2563,11.816666603088379
2564,31.501462936401367
2565,25.763986587524414
2566,32.65313720703125
2567,11.2881498336792
2568,22.165910720825195
2569,21.764490127563477
2570,31.142133712768555
2571,11.834400177001953
2572,23.15514373779297
2573,21.704328536987305
2574,18.103254318237305
2575,16.973949432373047
2576,24.815095901489258
2577,28.058595657348633
2578,23.063426971435547
2579,17.819320678710938
2580,22.83916473388672
2581,11.411835670471191
2582,27.05695915222168
2583,14.773356437683105
2584,22.54791259765625
2585,21.86360740661621
2586,17.81770133972168
2587,18.649953842163086
2588,16.724092483520508
2589,14.462424278259277
2590,18.161972045898438
2591,31.368146896362305
2592,30.39052391052246
2593,28.69737434387207
2594,29.55034065246582
2595,20.166215896606445
2596,10.768328666687012
2597,25.445966720581055
2598,25.14615821838379
2599,16.330045700073242
2600,22.765287399291992
2601,26.714948654174805
2602,16.57025909423828
2603,13.880613327026367
2604,25.510448455810547
2605,31.648042678833008
2606,15.952009201049805
2607,19.486459732055664
2608,18.379924774169922
2609,19.2454776763916
2610,11.871524810791016
2611,25.079986572265625
2612,18.431377410888672
2613,20.86013412475586
2614,17.496660232543945
2615,15.776741981506348
2616,28.146358489990234
2617,25.945085525512695
2618,25.775060653686523
2619,32.9786376953125
2620,27.138315200805664
2621,20.245813369750977
2622,15.449270248413086
2623,24.54523468017578
2624,11.8143949508667
2625,31.49966049194336
2626,25.76205062866211
2627,32.6512451171875
2628,11.286478996276855
2629,22.163740158081055
2630,21.761289596557617
2631,31.13980484008789
2632,11.83243465423584
2633,23.15363311767578
2634,21.699914932250977
2635,18.102436065673828
2636,16.97332763671875
2637,24.812362670898438
2638,28.057514190673828
2639,23.061126708984375
2640,17.8166561126709
2641,22.838212966918945
2642,11.409847259521484
2643,27.053604125976562
2644,14.774072647094727
2645,22.548383712768555
2646,21.86197280883789
2647,17.81592559814453
2648,18.647520065307617
2649,16.723770141601562
2650,14.460953712463379
2651,18.16035270690918
2652,31.366249084472656
2653,30.387731552124023
2654,28.694368362426758
2655,29.54716682434082
2656,20.163877487182617
2657,10.767210960388184
2658,25.443132400512695
2659,25.145753860473633
2660,16.329524993896484
2661,22.762527465820312
2662,26.713695526123047
2663,16.56902313232422
2664,13.880797386169434
2665,25.50995635986328
2666,31.645584106445312
2667,15.95021915435791
2668,19.484378814697266
2669,18.379837036132812
2670,19.243154525756836
2671,11.86813735961914
2672,25.079856872558594
2673,18.42962646484375
2674,20.858657836914062
2675,17.49381446838379
2676,15.77558422088623
2677,28.140644073486328
2678,25.944713592529297
2679,25.772197723388672
2680,32.980567932128906
2681,27.13838005065918
2682,20.24297332763672
2683,15.447225570678711
2684,24.54347038269043
2685,11.812158584594727
2686,31.497859954833984
2687,25.760025024414062
2688,32.649375915527344
2689,11.284819602966309
2690,22.161510467529297
2691,21.75811004638672
2692,31.13752555847168
2693,11.830513000488281
2694,23.15214729309082
2695,21.695514678955078
2696,18.101594924926758
2697,16.972698211669922
2698,24.809581756591797
2699,28.056415557861328
2700,23.05868911743164
2701,17.81401252746582
2702,22.83734130859375
2703,11.40778923034668
2704,27.05028533935547
2705,14.774803161621094
2706,22.54885482788086
2707,21.86042022705078
2708,17.81420135498047
2709,18.645042419433594
2710,16.723438262939453
2711,14.459505081176758
2712,18.158750534057617
2713,31.364391326904297
2714,30.384963989257812
2715,28.691307067871094
2716,29.543960571289062
2717,20.161521911621094
2718,10.766074180603027
2719,25.440258026123047
2720,25.145336151123047
2721,16.32903289794922
2722,22.75978660583496
2723,26.712467193603516
2724,16.567739486694336
2725,13.881016731262207
2726,25.509464263916016
2727,31.643125534057617
2728,15.948397636413574
2729,19.482297897338867
2730,18.379728317260742
2731,19.240863800048828
2732,11.864776611328125
2733,25.079736709594727
2734,18.427873611450195
2735,20.857213973999023
2736,17.491025924682617
2737,15.774444580078125
2738,28.13490867614746
2739,25.944347381591797
2740,25.76926612854004
2741,32.98246765136719
2742,27.1384334564209
2743,20.240114212036133
2744,15.44519329071045
2745,24.541738510131836
2746,11.809937477111816
2747,31.495849609375
2748,25.757125854492188
2749,32.64784240722656
2750,11.283587455749512
2751,22.158245086669922
2752,21.75482177734375
2753,31.13625144958496
2754,11.830578804016113
2755,23.14995002746582
2756,21.69245719909668
2757,18.100385665893555
2758,16.970966339111328
2759,24.804244995117188
2760,28.052350997924805
2761,23.0496826171875
2762,17.812931060791016
2763,22.839120864868164
2764,11.402755737304688
2765,27.048547744750977
2766,14.776301383972168
2767,22.550304412841797
2768,21.861534118652344
2769,17.815269470214844
2770,18.640033721923828
2771,16.72313117980957
2772,14.4594144821167
2773,18.157615661621094
2774,31.36338996887207
2775,30.383777618408203
2776,28.684566497802734
2777,29.538482666015625
2778,20.159738540649414
2779,10.762321472167969
2780,25.436832427978516
2781,25.142398834228516
2782,16.328262329101562
2783,22.756486892700195
2784,26.71131706237793
2785,16.566373825073242
2786,13.881071090698242
2787,25.508729934692383
2788,31.641735076904297
2789,15.947700500488281
2790,19.48053550720215
2791,18.378389358520508
2792,19.239242553710938
2793,11.861469268798828
2794,25.079648971557617
2795,18.426368713378906
2796,20.856128692626953
2797,17.4879150390625
2798,15.773469924926758
2799,28.133642196655273
2800,25.943510055541992
2801,25.767513275146484
2802,32.98172378540039
2803,27.13758087158203
2804,20.23881721496582
2805,15.443790435791016
2806,24.540273666381836
2807,11.808445930480957
2808,31.494726181030273
2809,25.755910873413086
2810,32.64663314819336
2811,11.282490730285645
2812,22.1568603515625
2813,21.75278091430664
2814,31.13473129272461
2815,11.82926082611084
2816,23.149002075195312
2817,21.689599990844727
2818,18.099857330322266
2819,16.970579147338867
2820,24.802509307861328
2821,28.05170249938965
2822,23.04827117919922
2823,17.81121063232422
2824,22.838510513305664
2825,11.401501655578613
2826,27.04639434814453
2827,14.776713371276855
2828,22.55058479309082
2829,21.86046600341797
2830,17.814088821411133
2831,18.638517379760742
2832,16.722919464111328
2833,14.458468437194824
2834,18.15658187866211
2835,31.36216926574707
2836,30.38200569152832
2837,28.682689666748047
2838,29.536468505859375
2839,20.158227920532227
2840,10.761628150939941
2841,25.43504524230957
2842,25.14211082458496
2843,16.327898025512695
2844,22.754714965820312
2845,26.71051025390625
2846,16.56560516357422
2847,13.881181716918945
2848,25.508432388305664
2849,31.64021873474121
2850,15.946598052978516
2851,19.479198455810547
2852,18.378320693969727
2853,19.23771858215332
2854,11.859285354614258
2855,25.07958984375
2856,18.42525863647461
2857,20.85518455505371
2858,17.48607063293457
2859,15.772714614868164
2860,28.13002586364746
2861,25.943254470825195
2862,25.765722274780273
2863,32.98293685913086
2864,27.137592315673828
2865,20.237035751342773
2866,15.442464828491211
2867,24.539098739624023
2868,11.806962966918945
2869,31.493593215942383
2870,25.754655838012695
2871,32.64543151855469
2872,11.281411170959473
2873,22.15546989440918
2874,21.750741958618164
2875,31.133241653442383
2876,11.827981948852539
2877,23.148069381713867
2878,21.68675422668457
2879,18.099336624145508
2880,16.97018814086914
2881,24.800756454467773
2882,28.0510311126709
2883,23.046781539916992
2884,17.80948829650879
2885,22.837923049926758
2886,11.400222778320312
2887,27.04425811767578
2888,14.777134895324707
2889,22.550853729248047
2890,21.859424591064453
2891,17.812955856323242
2892,18.636980056762695
2893,16.72269058227539
2894,14.457542419433594
2895,18.155574798583984
2896,31.360992431640625
2897,30.380264282226562
2898,28.680770874023438
2899,29.5344295501709
2900,20.156740188598633
2901,10.760915756225586
2902,25.433229446411133
2903,25.141820907592773
2904,16.32753562927246
2905,22.7529296875
2906,26.70972442626953
2907,16.564828872680664
2908,13.881294250488281
2909,25.508150100708008
2910,31.63872718811035
2911,15.945473670959473
2912,19.47786521911621
2913,18.37821388244629
2914,19.236236572265625
2915,11.857112884521484
2916,25.079530715942383
2917,18.424135208129883
2918,20.854257583618164
2919,17.48423957824707
2920,15.771963119506836
2921,28.12643051147461
2922,25.942995071411133
2923,25.763887405395508
2924,32.984127044677734
2925,27.13759422302246
2926,20.235244750976562
2927,15.441156387329102
2928,24.537939071655273
2929,11.80550479888916
2930,31.492473602294922
2931,25.753358840942383
2932,32.64426040649414
2933,11.280335426330566
2934,22.154020309448242
2935,21.748693466186523
2936,31.131757736206055
2937,11.826708793640137
2938,23.147136688232422
2939,21.683908462524414
2940,18.098814010620117
2941,16.969818115234375
2942,24.79899024963379
2943,28.05037498474121
2944,23.04522705078125
2945,17.80776023864746
2946,22.837379455566406
2947,11.398920059204102
2948,27.042129516601562
2949,14.777544021606445
2950,22.551124572753906
2951,21.85841941833496
2952,17.81183624267578
2953,18.635419845581055
2954,16.722455978393555
2955,14.456639289855957
2956,18.15457534790039
2957,31.359811782836914
2958,30.378520965576172
2959,28.678813934326172
2960,29.532365798950195
2961,20.15523338317871
2962,10.760176658630371
2963,25.43138885498047
2964,25.141530990600586
2965,16.327184677124023
2966,22.751157760620117
2967,26.708938598632812
2968,16.56403160095215
2969,13.881417274475098
2970,25.507856369018555
2971,31.63725471496582
2972,15.944329261779785
2973,19.476537704467773
2974,18.378097534179688
2975,19.23478126525879
2976,11.854960441589355
2977,25.079479217529297
2978,18.423011779785156
2979,20.85334014892578
2980,17.482425689697266
2981,15.771215438842773
2982,28.122835159301758
2983,25.94274139404297
2984,25.76202964782715
2985,32.985286712646484
2986,27.137605667114258
2987,20.233457565307617
2988,15.439852714538574
2989,24.536802291870117
2990,11.804049491882324
2991,31.491371154785156
2992,25.752017974853516
2993,32.64311599731445
2994,11.279261589050293
2995,22.152559280395508
2996,21.74664878845215
2997,31.13029670715332
2998,11.82544994354248
2999,23.146215438842773
3000,21.681074142456055
3001,18.098291397094727
3002,16.969440460205078
3003,24.79718780517578
3004,28.04970359802246
3005,23.04360580444336
3006,17.8060359954834
3007,22.836872100830078
3008,11.397581100463867
3009,27.040037155151367
3010,14.777952194213867
3011,22.5513973236084
3012,21.85744857788086
3013,17.810766220092773
3014,18.63384246826172
3015,16.722190856933594
3016,14.45576000213623
3017,18.15361213684082
3018,31.358659744262695
3019,30.37680435180664
3020,28.67682456970215
3021,29.53028678894043
3022,20.153732299804688
3023,10.759422302246094
3024,25.429540634155273
3025,25.141225814819336
3026,16.32684326171875
3027,22.7493839263916
3028,26.70815658569336
3029,16.563213348388672
3030,13.881552696228027
3031,25.50756072998047
3032,31.63578224182129
3033,15.943160057067871
3034,19.475204467773438
3035,18.377971649169922
3036,19.23334503173828
3037,11.85280990600586
3038,25.07942008972168
3039,18.42188262939453
3040,20.852428436279297
3041,17.480636596679688
3042,15.77048397064209
3043,28.119224548339844
3044,25.942472457885742
3045,25.760129928588867
3046,32.986427307128906
3047,27.137584686279297
3048,20.231651306152344
3049,15.438567161560059
3050,24.535686492919922
3051,11.802618980407715
3052,31.49028205871582
3053,25.750635147094727
3054,32.64200973510742
3055,11.278189659118652
3056,22.15106773376465
3057,21.74461555480957
3058,31.128849029541016
3059,11.824210166931152
3060,23.14531898498535
3061,21.678239822387695
3062,18.097759246826172
3063,16.969072341918945
3064,24.795358657836914
3065,28.049020767211914
3066,23.041894912719727
3067,17.80430793762207
3068,22.836395263671875
3069,11.396209716796875
3070,27.037954330444336
3071,14.778349876403809
3072,22.551666259765625
3073,21.856508255004883
3074,17.809711456298828
3075,18.632232666015625
3076,16.721921920776367
3077,14.454910278320312
3078,18.152631759643555
3079,31.357511520385742
3080,30.37510108947754
3081,28.6748104095459
3082,29.5281925201416
3083,20.1522159576416
3084,10.758646965026855
3085,25.427675247192383
3086,25.14093017578125
3087,16.326507568359375
3088,22.747615814208984
3089,26.707386016845703
3090,16.562374114990234
3091,13.88170051574707
3092,25.507266998291016
3093,31.634313583374023
3094,15.941980361938477
3095,19.473867416381836
3096,18.377824783325195
3097,19.231929779052734
3098,11.850679397583008
3099,25.079360961914062
3100,18.420757293701172
3101,20.85152816772461
3102,17.478851318359375
3103,15.769744873046875
3104,28.115629196166992
3105,25.94221305847168
3106,25.758220672607422
3107,32.987545013427734
3108,27.137563705444336
3109,20.2298526763916
3110,15.437284469604492
3111,24.53458023071289
3112,11.801185607910156
3113,31.489198684692383
3114,25.749242782592773
3115,32.64090347290039
3116,11.277131080627441
3117,22.14957046508789
3118,21.742565155029297
3119,31.127399444580078
3120,11.822969436645508
3121,23.144424438476562
3122,21.675403594970703
3123,18.09722900390625
3124,16.96870231628418
3125,24.793521881103516
3126,28.048343658447266
3127,23.040170669555664
3128,17.802574157714844
3129,22.835933685302734
3130,11.39482593536377
3131,27.035879135131836
3132,14.778740882873535
3133,22.551937103271484
3134,21.855575561523438
3135,17.808677673339844
3136,18.630617141723633
3137,16.721651077270508
3138,14.454069137573242
3139,18.151681900024414
3140,31.356380462646484
3141,30.373401641845703
3142,28.672779083251953
3143,29.526094436645508
3144,20.15069580078125
3145,10.757872581481934
3146,25.425806045532227
3147,25.140613555908203
3148,16.326171875
3149,22.745840072631836
3150,26.706623077392578
3151,16.5615291595459
3152,13.881855010986328
3153,25.5069637298584
3154,31.632858276367188
3155,15.940802574157715
3156,19.4725399017334
3157,18.37767219543457
3158,19.23052978515625
3159,11.848555564880371
3160,25.079309463500977
3161,18.419620513916016
3162,20.850631713867188
3163,17.47707748413086
3164,15.769018173217773
3165,28.112045288085938
3166,25.941940307617188
3167,25.75628089904785
3168,32.988643646240234
3169,27.137550354003906
3170,20.22806739807129
3171,15.43600845336914
3172,24.53347396850586
3173,11.799760818481445
3174,31.48811912536621
3175,25.747825622558594
3176,32.639827728271484
3177,11.276061058044434
3178,22.14803695678711
3179,21.740530014038086
3180,31.125953674316406
3181,11.821734428405762
3182,23.143545150756836
3183,21.672557830810547
3184,18.096704483032227
3185,16.968347549438477
3186,24.791671752929688
3187,28.047670364379883
3188,23.038410186767578
3189,17.800844192504883
3190,22.835500717163086
3191,11.393437385559082
3192,27.0338191986084
3193,14.779117584228516
3194,22.55219268798828
3195,21.854671478271484
3196,17.807649612426758
3197,18.628995895385742
3198,16.72136116027832
3199,14.453254699707031
3200,18.15074920654297
3201,31.35525131225586
3202,30.371726989746094
3203,28.670726776123047
3204,29.523975372314453
3205,20.149181365966797
3206,10.75706958770752
3207,25.42391586303711
3208,25.140308380126953
3209,16.325841903686523
3210,22.744068145751953
3211,26.70586395263672
3212,16.56067657470703
3213,13.88200855255127
3214,25.506669998168945
3215,31.63143539428711
3216,15.93959903717041
3217,19.471202850341797
3218,18.377483367919922
3219,19.22914695739746
3220,11.846436500549316
3221,25.07925033569336
3222,18.418489456176758
3223,20.849748611450195
3224,17.475305557250977
3225,15.768290519714355
3226,28.108469009399414
3227,25.941680908203125
3228,25.75432586669922
3229,32.98971939086914
3230,27.137516021728516
3231,20.22625732421875
3232,15.434735298156738
3233,24.53238296508789
3234,11.79833698272705
3235,31.48705291748047
3236,25.74639129638672
3237,32.63874816894531
3238,11.274993896484375
3239,22.146501541137695
3240,21.738479614257812
3241,31.12451934814453
3242,11.820503234863281
3243,23.142677307128906
3244,21.669719696044922
3245,18.096174240112305
3246,16.967998504638672
3247,24.78980255126953
3248,28.047000885009766
3249,23.03660011291504
3250,17.799100875854492
3251,22.83507537841797
3252,11.39202880859375
3253,27.031768798828125
3254,14.779487609863281
3255,22.552452087402344
3256,21.853776931762695
3257,17.806644439697266
3258,18.62736701965332
3259,16.721067428588867
3260,14.452442169189453
3261,18.14981460571289
3262,31.354150772094727
3263,30.370075225830078
3264,28.668659210205078
3265,29.5218448638916
3266,20.147666931152344
3267,10.756272315979004
3268,25.42203140258789
3269,25.139989852905273
3270,16.32550811767578
3271,22.742292404174805
3272,26.70510482788086
3273,16.559814453125
3274,13.88216495513916
3275,25.50637435913086
3276,31.6300048828125
3277,15.938395500183105
3278,19.469865798950195
3279,18.377290725708008
3280,19.22777557373047
3281,11.844316482543945
3282,25.079204559326172
3283,18.4173526763916
3284,20.8488712310791
3285,17.47353744506836
3286,15.767565727233887
3287,28.10489845275879
3288,25.941402435302734
3289,25.752349853515625
3290,32.99076461791992
3291,27.13747215270996
3292,20.224464416503906
3293,15.433465957641602
3294,24.531293869018555
3295,11.79692268371582
3296,31.48599624633789
3297,25.744930267333984
3298,32.63771057128906
3299,11.273926734924316
3300,22.14495086669922
3301,21.736440658569336
3302,31.12308692932129
3303,11.819271087646484
3304,23.141813278198242
3305,21.6668758392334
3306,18.09564971923828
3307,16.9676456451416
3308,24.787918090820312
3309,28.04633331298828
3310,23.034748077392578
3311,17.797353744506836
3312,22.834688186645508
3313,11.390599250793457
3314,27.02973175048828
3315,14.779838562011719
3316,22.552711486816406
3317,21.85289764404297
3318,17.80565071105957
3319,18.6257266998291
3320,16.720752716064453
3321,14.451661109924316
3322,18.148900985717773
3323,31.353044509887695
3324,30.368410110473633
3325,28.666574478149414
3326,29.51970672607422
3327,20.14614486694336
3328,10.755450248718262
3329,25.42013931274414
3330,25.13966178894043
3331,16.32517433166504
3332,22.740514755249023
3333,26.704357147216797
3334,16.558948516845703
3335,13.882330894470215
3336,25.506088256835938
3337,31.628602981567383
3338,15.93719482421875
3339,19.46852684020996
3340,18.377079010009766
3341,19.226408004760742
3342,11.842206954956055
3343,25.079151153564453
3344,18.41620445251465
3345,20.847990036010742
3346,17.47177505493164
3347,15.766840934753418
3348,28.10135841369629
3349,25.941125869750977
3350,25.750370025634766
3351,32.99180221557617
3352,27.137422561645508
3353,20.22266960144043
3354,15.432212829589844
3355,24.53020668029785
3356,11.795509338378906
3357,31.484947204589844
3358,25.743459701538086
3359,32.63667678833008
3360,11.272854804992676
3361,22.143388748168945
3362,21.7343807220459
3363,31.12164306640625
3364,11.818036079406738
3365,23.140962600708008
3366,21.66402816772461
3367,18.095123291015625
3368,16.96730613708496
3369,24.786027908325195
3370,28.045669555664062
3371,23.032875061035156
3372,17.79559326171875
3373,22.83429718017578
3374,11.389167785644531
3375,27.02769660949707
3376,14.780183792114258
3377,22.55295181274414
3378,21.852022171020508
3379,17.804662704467773
3380,18.624073028564453
3381,16.72043800354004
3382,14.450887680053711
3383,18.147987365722656
3384,31.35194969177246
3385,30.366762161254883
3386,28.664472579956055
3387,29.51756477355957
3388,20.144630432128906
3389,10.75463581085205
3390,25.41822624206543
3391,25.13932991027832
3392,16.324831008911133
3393,22.738733291625977
3394,26.70360565185547
3395,16.558073043823242
3396,13.882497787475586
3397,25.505800247192383
3398,31.627214431762695
3399,15.93598461151123
3400,19.467191696166992
3401,18.376867294311523
3402,19.22506332397461
3403,11.84009838104248
3404,25.079105377197266
3405,18.415075302124023
3406,20.847124099731445
3407,17.469995498657227
3408,15.766117095947266
3409,28.097797393798828
3410,25.940847396850586
3411,25.748376846313477
3412,32.99284362792969
3413,27.137372970581055
3414,20.220884323120117
3415,15.430949211120605
3416,24.52912139892578
3417,11.794088363647461
3418,31.483890533447266
3419,25.74198341369629
3420,32.63564682006836
3421,11.271787643432617
3422,22.141807556152344
3423,21.732349395751953
3424,31.120220184326172
3425,11.816802978515625
3426,23.140108108520508
3427,21.661176681518555
3428,18.094600677490234
3429,16.96697425842285
3430,24.784130096435547
3431,28.04500389099121
3432,23.030981063842773
3433,17.793840408325195
3434,22.83393096923828
3435,11.387722969055176
3436,27.025663375854492
3437,14.780529022216797
3438,22.553205490112305
3439,21.851160049438477
3440,17.803682327270508
3441,18.622426986694336
3442,16.720117568969727
3443,14.450111389160156
3444,18.1470890045166
3445,31.350862503051758
3446,30.365135192871094
3447,28.662370681762695
3448,29.515413284301758
3449,20.14310073852539
3450,10.753812789916992
3451,25.416311264038086
3452,25.13900375366211
3453,16.324499130249023
3454,22.736957550048828
3455,26.702857971191406
3456,16.557201385498047
3457,13.882670402526855
3458,25.505517959594727
3459,31.625818252563477
3460,15.934762954711914
3461,19.465852737426758
3462,18.376638412475586
3463,19.223703384399414
3464,11.837992668151855
3465,25.079063415527344
3466,18.413936614990234
3467,20.84626007080078
3468,17.46824836730957
3469,15.765395164489746
3470,28.094240188598633
3471,25.940576553344727
3472,25.74636459350586
3473,32.99385070800781
3474,27.137325286865234
3475,20.219072341918945
3476,15.42969799041748
3477,24.528039932250977
3478,11.792673110961914
3479,31.482851028442383
3480,25.740482330322266
3481,32.634613037109375
3482,11.270715713500977
3483,22.140226364135742
3484,21.73029327392578
3485,31.118799209594727
3486,11.815572738647461
3487,23.13926887512207
3488,21.658323287963867
3489,18.094070434570312
3490,16.96663475036621
3491,24.782217025756836
3492,28.044340133666992
3493,23.0290470123291
3494,17.79207420349121
3495,22.83357810974121
3496,11.386266708374023
3497,27.023637771606445
3498,14.780863761901855
3499,22.55344581604004
3500,21.850309371948242
3501,17.802701950073242
3502,18.620777130126953
3503,16.719785690307617
3504,14.44936466217041
3505,18.146203994750977
3506,31.349790573120117
3507,30.363508224487305
3508,28.66023826599121
3509,29.51325798034668
3510,20.141576766967773
3511,10.75297737121582
3512,25.414392471313477
3513,25.1386661529541
3514,16.324174880981445
3515,22.73518180847168
3516,26.70212745666504
3517,16.556312561035156
3518,13.882845878601074
3519,25.50524139404297
3520,31.624425888061523
3521,15.933533668518066
3522,19.464509963989258
3523,18.376415252685547
3524,19.22237777709961
3525,11.835893630981445
3526,25.079021453857422
3527,18.41278648376465
3528,20.845399856567383
3529,17.46649169921875
3530,15.764674186706543
3531,28.0906982421875
3532,25.940298080444336
3533,25.744342803955078
3534,32.99485397338867
3535,27.137266159057617
3536,20.217275619506836
3537,15.428450584411621
3538,24.5269718170166
3539,11.791258811950684
3540,31.481815338134766
3541,25.73896598815918
3542,32.63360595703125
3543,11.269649505615234
3544,22.138628005981445
3545,21.728239059448242
3546,31.11737632751465
3547,11.814356803894043
3548,23.13844108581543
3549,21.65546226501465
3550,18.09354591369629
3551,16.96630096435547
3552,24.78030014038086
3553,28.04368019104004
3554,23.027090072631836
3555,17.79031753540039
3556,22.833240509033203
3557,11.384787559509277
3558,27.02161979675293
3559,14.781200408935547
3560,22.553693771362305
3561,21.849485397338867
3562,17.801740646362305
3563,18.619094848632812
3564,16.71944808959961
3565,14.448622703552246
3566,18.145313262939453
3567,31.348731994628906
3568,30.361875534057617
3569,28.658098220825195
3570,29.511091232299805
3571,20.140043258666992
3572,10.752134323120117
3573,25.412466049194336
3574,25.138320922851562
3575,16.32383918762207
3576,22.733394622802734
3577,26.70138931274414
3578,16.555418014526367
3579,13.883034706115723
3580,25.50495147705078
3581,31.623065948486328
3582,15.932300567626953
3583,19.463172912597656
3584,18.376169204711914
3585,19.221054077148438
3586,11.83380126953125
3587,25.078983306884766
3588,18.41164207458496
3589,20.84454345703125
3590,17.464746475219727
3591,15.763954162597656
3592,28.087129592895508
3593,25.940019607543945
3594,25.742300033569336
3595,32.9958610534668
3596,27.13721466064453
3597,20.215476989746094
3598,15.427192687988281
3599,24.52590560913086
3600,11.789851188659668
3601,31.480772018432617
3602,25.737445831298828
3603,32.63261032104492
3604,11.268586158752441
3605,22.137006759643555
3606,21.72618293762207
3607,31.115970611572266
3608,11.81313419342041
3609,23.13760757446289
3610,21.65261459350586
3611,18.093019485473633
3612,16.965967178344727
3613,24.778369903564453
3614,28.043010711669922
3615,23.025108337402344
3616,17.788558959960938
3617,22.83291244506836
3618,11.38331413269043
3619,27.019611358642578
3620,14.781533241271973
3621,22.553932189941406
3622,21.848655700683594
3623,17.80078125
3624,18.61742401123047
3625,16.7191104888916
3626,14.447881698608398
3627,18.144426345825195
3628,31.347665786743164
3629,30.360246658325195
3630,28.65595054626465
3631,29.508914947509766
3632,20.138517379760742
3633,10.751287460327148
3634,25.410537719726562
3635,25.13798713684082
3636,16.323509216308594
3637,22.731626510620117
3638,26.700660705566406
3639,16.554523468017578
3640,13.883224487304688
3641,25.504671096801758
3642,31.621686935424805
3643,15.931052207946777
3644,19.461830139160156
3645,18.375925064086914
3646,19.2197265625
3647,11.831719398498535
3648,25.07893180847168
3649,18.410507202148438
3650,20.843687057495117
3651,17.463001251220703
3652,15.76323127746582
3653,28.083574295043945
3654,25.93974494934082
3655,25.740257263183594
3656,32.99685287475586
3657,27.13715362548828
3658,20.213668823242188
3659,15.425945281982422
3660,24.52484130859375
3661,11.788436889648438
3662,31.4797420501709
3663,25.73590087890625
3664,32.63160705566406
3665,11.267525672912598
3666,22.135395050048828
3667,21.724140167236328
3668,31.11454200744629
3669,11.811917304992676
3670,23.136777877807617
3671,21.64974594116211
3672,18.092491149902344
3673,16.965633392333984
3674,24.77643585205078
3675,28.04234504699707
3676,23.02313804626465
3677,17.78680419921875
3678,22.83258819580078
3679,11.381826400756836
3680,27.017606735229492
3681,14.781869888305664
3682,22.554174423217773
3683,21.847827911376953
3684,17.799833297729492
3685,18.61574363708496
3686,16.71877098083496
3687,14.447141647338867
3688,18.143535614013672
3689,31.346601486206055
3690,30.358617782592773
3691,28.6538028717041
3692,29.506744384765625
3693,20.1369686126709
3694,10.750441551208496
3695,25.408592224121094
3696,25.137659072875977
3697,16.323177337646484
3698,22.729848861694336
3699,26.699928283691406
3700,16.55362319946289
3701,13.883404731750488
3702,25.50438690185547
3703,31.62030029296875
3704,15.92980670928955
3705,19.460493087768555
3706,18.375686645507812
3707,19.218400955200195
3708,11.829629898071289
3709,25.078901290893555
3710,18.40936279296875
3711,20.842836380004883
3712,17.46126365661621
3713,15.762514114379883
3714,28.08000946044922
3715,25.939455032348633
3716,25.738204956054688
3717,32.99785232543945
3718,27.137086868286133
3719,20.21186065673828
3720,15.424700736999512
3721,24.523784637451172
3722,11.787027359008789
3723,31.478702545166016
3724,25.734363555908203
3725,32.63060760498047
3726,11.266463279724121
3727,22.133773803710938
3728,21.722078323364258
3729,31.113140106201172
3730,11.810691833496094
3731,23.135953903198242
3732,21.64688491821289
3733,18.091970443725586
3734,16.965309143066406
3735,24.774503707885742
3736,28.041688919067383
3737,23.021142959594727
3738,17.7850399017334
3739,22.83226776123047
3740,11.380338668823242
3741,27.015575408935547
3742,14.782208442687988
3743,22.554414749145508
3744,21.847007751464844
3745,17.798870086669922
3746,18.614065170288086
3747,16.71842384338379
3748,14.446405410766602
3749,18.142656326293945
3750,31.345544815063477
3751,30.357004165649414
3752,28.651653289794922
3753,29.504573822021484
3754,20.13544273376465
3755,10.749597549438477
3756,25.406652450561523
3757,25.137306213378906
3758,16.322845458984375
3759,22.728073120117188
3760,26.699201583862305
3761,16.552730560302734
3762,13.88359546661377
3763,25.50411033630371
3764,31.61895179748535
3765,15.928559303283691
3766,19.459156036376953
3767,18.37544059753418
3768,19.217084884643555
3769,11.827543258666992
3770,25.078857421875
3771,18.408222198486328
3772,20.841978073120117
3773,17.459524154663086
3774,15.761795043945312
3775,28.076433181762695
3776,25.939180374145508
3777,25.736154556274414
3778,32.99885559082031
3779,27.13703155517578
3780,20.21005630493164
3781,15.42345142364502
3782,24.522720336914062
3783,11.78560733795166
3784,31.477663040161133
3785,25.732830047607422
3786,32.62959671020508
3787,11.265399932861328
3788,22.132152557373047
3789,21.72002410888672
3790,31.111732482910156
3791,11.809469223022461
3792,23.135120391845703
3793,21.644020080566406
3794,18.091453552246094
3795,16.964977264404297
3796,24.77256965637207
3797,28.04102325439453
3798,23.019149780273438
3799,17.783283233642578
3800,22.831958770751953
3801,11.378849029541016
3802,27.013561248779297
3803,14.782546043395996
3804,22.554651260375977
3805,21.846195220947266
3806,17.797908782958984
3807,18.612380981445312
3808,16.71807861328125
3809,14.445679664611816
3810,18.141769409179688
3811,31.344505310058594
3812,30.355369567871094
3813,28.649503707885742
3814,29.502405166625977
3815,20.133901596069336
3816,10.748748779296875
3817,25.404712677001953
3818,25.136974334716797
3819,16.322507858276367
3820,22.726295471191406
3821,26.69847869873047
3822,16.55182456970215
3823,13.883788108825684
3824,25.503826141357422
3825,31.617570877075195
3826,15.927306175231934
3827,19.457815170288086
3828,18.375205993652344
3829,19.21575927734375
3830,11.825456619262695
3831,25.078824996948242
3832,18.407081604003906
3833,20.84111976623535
3834,17.457775115966797
3835,15.761066436767578
3836,28.072843551635742
3837,25.938901901245117
3838,25.734086990356445
3839,32.999839782714844
3840,27.136978149414062
3841,20.20823097229004
3842,15.42220687866211
3843,24.521657943725586
3844,11.784195899963379
3845,31.476627349853516
3846,25.731290817260742
3847,32.62860107421875
3848,11.264341354370117
3849,22.13053321838379
3850,21.71796226501465
3851,31.110321044921875
3852,11.808253288269043
3853,23.134294509887695
3854,21.641145706176758
3855,18.09092903137207
3856,16.964632034301758
3857,24.7706356048584
3858,28.040361404418945
3859,23.01717185974121
3860,17.781522750854492
3861,22.831634521484375
3862,11.377355575561523
3863,27.011547088623047
3864,14.782877922058105
3865,22.554887771606445
3866,21.84537124633789
3867,17.796953201293945
3868,18.61069107055664
3869,16.717729568481445
3870,14.444952011108398
3871,18.140892028808594
3872,31.343456268310547
3873,30.353742599487305
3874,28.6473445892334
3875,29.50022315979004
3876,20.13235092163086
3877,10.747908592224121
3878,25.402772903442383
3879,25.13663673400879
3880,16.32216453552246
3881,22.72451400756836
3882,26.697755813598633
3883,16.55092430114746
3884,13.883979797363281
3885,25.503557205200195
3886,31.61619758605957
3887,15.926054954528809
3888,19.45647430419922
3889,18.37496566772461
3890,19.214427947998047
3891,11.823363304138184
3892,25.07880210876465
3893,18.405935287475586
3894,20.840269088745117
3895,17.456035614013672
3896,15.760334014892578
3897,28.06926918029785
3898,25.938631057739258
3899,25.732038497924805
3900,33.0008544921875
3901,27.136917114257812
3902,20.206424713134766
3903,15.420953750610352
3904,24.52059555053711
3905,11.782768249511719
3906,31.475576400756836
3907,25.729753494262695
3908,32.627586364746094
3909,11.263279914855957
3910,22.128915786743164
3911,21.715904235839844
3912,31.108901977539062
3913,11.807027816772461
3914,23.133466720581055
3915,21.638275146484375
3916,18.09040641784668
3917,16.96430778503418
3918,24.768701553344727
3919,28.039701461791992
3920,23.01519203186035
3921,17.779767990112305
3922,22.83132553100586
3923,11.375855445861816
3924,27.009517669677734
3925,14.783222198486328
3926,22.55512809753418
3927,21.84455680847168
3928,17.795989990234375
3929,18.609010696411133
3930,16.71738624572754
3931,14.444210052490234
3932,18.1400089263916
3933,31.3424015045166
3934,30.352130889892578
3935,28.645198822021484
3936,29.49805450439453
3937,20.130823135375977
3938,10.747063636779785
3939,25.40082550048828
3940,25.13630485534668
3941,16.321828842163086
3942,22.722734451293945
3943,26.697031021118164
3944,16.550029754638672
3945,13.884170532226562
3946,25.503284454345703
3947,31.61482048034668
3948,15.92480182647705
3949,19.45513916015625
3950,18.374719619750977
3951,19.213102340698242
3952,11.821272850036621
3953,25.078763961791992
3954,18.404800415039062
3955,20.83941650390625
3956,17.454294204711914
3957,15.759615898132324
3958,28.06568717956543
3959,25.9383487701416
3960,25.7299861907959
3961,33.001853942871094
3962,27.136859893798828
3963,20.204608917236328
3964,15.419708251953125
3965,24.5195369720459
3966,11.781349182128906
3967,31.47454833984375
3968,25.72822380065918
3969,32.626583099365234
3970,11.262218475341797
3971,22.127300262451172
3972,21.71384620666504
3973,31.107484817504883
3974,11.805805206298828
3975,23.132631301879883
3976,21.63540267944336
3977,18.08988380432129
3978,16.963973999023438
3979,24.76677894592285
3980,28.03904151916504
3981,23.013216018676758
3982,17.778013229370117
3983,22.831003189086914
3984,11.374361038208008
3985,27.007497787475586
3986,14.783564567565918
3987,22.555376052856445
3988,21.84372901916504
3989,17.795019149780273
3990,18.60733985900879
3991,16.717050552368164
3992,14.443476676940918
3993,18.139110565185547
3994,31.341350555419922
3995,30.35050392150879
3996,28.64305305480957
3997,29.495882034301758
3998,20.129289627075195
3999,10.746225357055664
4000,25.39887809753418
4001,25.13595962524414
4002,16.321491241455078
4003,22.720956802368164
4004,26.696308135986328
4005,16.549144744873047
4006,13.88436222076416
4007,25.503009796142578
4008,31.613460540771484
4009,15.92354679107666
4010,19.45379638671875
4011,18.374486923217773
4012,19.211769104003906
4013,11.819185256958008
4014,25.0787353515625
4015,18.403656005859375
4016,20.838563919067383
4017,17.45253562927246
4018,15.758888244628906
4019,28.062095642089844
4020,25.938077926635742
4021,25.72792625427246
4022,33.00285339355469
4023,27.136808395385742
4024,20.20281219482422
4025,15.418462753295898
4026,24.518461227416992
4027,11.779916763305664
4028,31.473499298095703
4029,25.726688385009766
4030,32.625572204589844
4031,11.261154174804688
4032,22.12567710876465
4033,21.7117862701416
4034,31.10607147216797
4035,11.804572105407715
4036,23.13181495666504
4037,21.63252067565918
4038,18.089365005493164
4039,16.963647842407227
4040,24.764848709106445
4041,28.038393020629883
4042,23.011253356933594
4043,17.77625274658203
4044,22.83068084716797
4045,11.372878074645996
4046,27.005475997924805
4047,14.783900260925293
4048,22.555604934692383
4049,21.8429012298584
4050,17.79405403137207
4051,18.605663299560547
4052,16.716703414916992
4053,14.442745208740234
4054,18.138229370117188
4055,31.340307235717773
4056,30.348867416381836
4057,28.640901565551758
4058,29.493711471557617
4059,20.127744674682617
4060,10.745382308959961
4061,25.39693832397461
4062,25.13563346862793
4063,16.321147918701172
4064,22.719175338745117
4065,26.69559097290039
4066,16.548242568969727
4067,13.884559631347656
4068,25.502750396728516
4069,31.61208724975586
4070,15.92228889465332
4071,19.45245361328125
4072,18.37425994873047
4073,19.210439682006836
4074,11.817091941833496
4075,25.078718185424805
4076,18.40251350402832
4077,20.83771324157715
4078,17.450794219970703
4079,15.758160591125488
4080,28.058507919311523
4081,25.937801361083984
4082,25.725866317749023
4083,33.00385665893555
4084,27.13675880432129
4085,20.200992584228516
4086,15.417211532592773
4087,24.517391204833984
4088,11.778498649597168
4089,31.47245979309082
4090,25.725139617919922
4091,32.624568939208984
4092,11.26009750366211
4093,22.124053955078125
4094,21.709716796875
4095,31.104663848876953
4096,11.803349494934082
4097,23.1309757232666
4098,21.629640579223633
4099,18.088844299316406
4100,16.963315963745117
4101,24.762924194335938
4102,28.0377197265625
4103,23.009288787841797
4104,17.774494171142578
4105,22.830364227294922
4106,11.371383666992188
4107,27.00343132019043
4108,14.784247398376465
4109,22.555830001831055
4110,21.842073440551758
4111,17.793075561523438
4112,18.603979110717773
4113,16.71635627746582
4114,14.441997528076172
4115,18.1373291015625
4116,31.33926010131836
4117,30.347238540649414
4118,28.638771057128906
4119,29.49153709411621
4120,20.126195907592773
4121,10.744551658630371
4122,25.395002365112305
4123,25.135290145874023
4124,16.320802688598633
4125,22.717384338378906
4126,26.694862365722656
4127,16.547359466552734
4128,13.884754180908203
4129,25.502473831176758
4130,31.610729217529297
4131,15.921037673950195
4132,19.451108932495117
4133,18.374011993408203
4134,19.20909881591797
4135,11.81500244140625
4136,25.078685760498047
4137,18.401376724243164
4138,20.836849212646484
4139,17.44904327392578
4140,15.757434844970703
4141,28.054908752441406
4142,25.937522888183594
4143,25.723814010620117
4144,33.00486755371094
4145,27.136714935302734
4146,20.199172973632812
4147,15.415958404541016
4148,24.516328811645508
4149,11.777063369750977
4150,31.47142219543457
4151,25.723609924316406
4152,32.62356185913086
4153,11.259032249450684
4154,22.122440338134766
4155,21.707656860351562
4156,31.10324478149414
4157,11.802114486694336
4158,23.13014793395996
4159,21.626747131347656
4160,18.088329315185547
4161,16.962982177734375
4162,24.760986328125
4163,28.03706169128418
4164,23.0073184967041
4165,17.772729873657227
4166,22.830047607421875
4167,11.36988639831543
4168,27.00140380859375
4169,14.784587860107422
4170,22.556072235107422
4171,21.841245651245117
4172,17.792095184326172
4173,18.60230255126953
4174,16.71601676940918
4175,14.441267013549805
4176,18.136459350585938
4177,31.338218688964844
4178,30.345613479614258
4179,28.636615753173828
4180,29.489362716674805
4181,20.124658584594727
4182,10.7437162399292
4183,25.393047332763672
4184,25.13495635986328
4185,16.320465087890625
4186,22.715604782104492
4187,26.69415283203125
4188,16.546478271484375
4189,13.884943962097168
4190,25.50221824645996
4191,31.6093807220459
4192,15.91978931427002
4193,19.44977569580078
4194,18.373777389526367
4195,19.2077693939209
4196,11.812905311584473
4197,25.07866668701172
4198,18.400238037109375
4199,20.83599853515625
4200,17.44729232788086
4201,15.756699562072754
4202,28.051319122314453
4203,25.937255859375
4204,25.72175407409668
4205,33.0058708190918
4206,27.13665008544922
4207,20.197370529174805
4208,15.414710998535156
4209,24.51526641845703
4210,11.775635719299316
4211,31.47039222717285
4212,25.72207260131836
4213,32.6225471496582
4214,11.257966041564941
4215,22.120807647705078
4216,21.705589294433594
4217,31.10182762145996
4218,11.800882339477539
4219,23.129329681396484
4220,21.623863220214844
4221,18.087806701660156
4222,16.96265983581543
4223,24.75905990600586
4224,28.03642463684082
4225,23.005352020263672
4226,17.770977020263672
4227,22.829723358154297
4228,11.36840534210205
4229,26.999372482299805
4230,14.784929275512695
4231,22.556310653686523
4232,21.840423583984375
4233,17.791128158569336
4234,18.600629806518555
4235,16.715667724609375
4236,14.440533638000488
4237,18.135570526123047
4238,31.337181091308594
4239,30.3439884185791
4240,28.634469985961914
4241,29.487186431884766
4242,20.12311553955078
4243,10.742876052856445
4244,25.391090393066406
4245,25.13460922241211
4246,16.320114135742188
4247,22.713823318481445
4248,26.693431854248047
4249,16.545581817626953
4250,13.88514232635498
4251,25.501956939697266
4252,31.60801124572754
4253,15.918543815612793
4254,19.448427200317383
4255,18.373533248901367
4256,19.20643424987793
4257,11.810810089111328
4258,25.078645706176758
4259,18.39909553527832
4260,20.835153579711914
4261,17.445528030395508
4262,15.755967140197754
4263,28.047744750976562
4264,25.936969757080078
4265,25.719696044921875
4266,33.00685119628906
4267,27.1366024017334
4268,20.195558547973633
4269,15.413456916809082
4270,24.514190673828125
4271,11.774191856384277
4272,31.469356536865234
4273,25.720535278320312
4274,32.621559143066406
4275,11.256901741027832
4276,22.11917495727539
4277,21.70352554321289
4278,31.10040855407715
4279,11.799643516540527
4280,23.128509521484375
4281,21.620962142944336
4282,18.087295532226562
4283,16.962331771850586
4284,24.75713348388672
4285,28.03577423095703
4286,23.003372192382812
4287,17.76920509338379
4288,22.829423904418945
4289,11.366900444030762
4290,26.997346878051758
4291,14.785246849060059
4292,22.556537628173828
4293,21.839595794677734
4294,17.790149688720703
4295,18.598955154418945
4296,16.715312957763672
4297,14.43981647491455
4298,18.134693145751953
4299,31.336139678955078
4300,30.342374801635742
4301,28.632320404052734
4302,29.48500633239746
4303,20.12158203125
4304,10.742036819458008
4305,25.389141082763672
4306,25.134275436401367
4307,16.319759368896484
4308,22.712026596069336
4309,26.692720413208008
4310,16.54469871520996
4311,13.885337829589844
4312,25.501705169677734
4313,31.606691360473633
4314,15.917291641235352
4315,19.44708824157715
4316,18.373268127441406
4317,19.205102920532227
4318,11.808719635009766
4319,25.07862663269043
4320,18.39795684814453
4321,20.834299087524414
4322,17.443771362304688
4323,15.755229949951172
4324,28.04416275024414
4325,25.93669319152832
4326,25.717626571655273
4327,33.00784683227539
4328,27.136547088623047
4329,20.193742752075195
4330,15.412208557128906
4331,24.51310920715332
4332,11.772758483886719
4333,31.46832847595215
4334,25.7189884185791
4335,32.620567321777344
4336,11.255830764770508
4337,22.117538452148438
4338,21.701457977294922
4339,31.098989486694336
4340,11.798396110534668
4341,23.12769889831543
4342,21.618057250976562
4343,18.08677864074707
4344,16.962018966674805
4345,24.75519371032715
4346,28.035131454467773
4347,23.00136947631836
4348,17.767431259155273
4349,22.829126358032227
4350,11.36540699005127
4351,26.995315551757812
4352,14.785569190979004
4353,22.556753158569336
4354,21.838777542114258
4355,17.7891845703125
4356,18.5972843170166
4357,16.714948654174805
4358,14.439109802246094
4359,18.133821487426758
4360,31.335113525390625
4361,30.340757369995117
4362,28.630155563354492
4363,29.482826232910156
4364,20.120038986206055
4365,10.741192817687988
4366,25.387189865112305
4367,25.133914947509766
4368,16.31941032409668
4369,22.710233688354492
4370,26.691997528076172
4371,16.543807983398438
4372,13.885536193847656
4373,25.50145149230957
4374,31.605363845825195
4375,15.916035652160645
4376,19.44574546813965
4377,18.37302017211914
4378,19.203784942626953
4379,11.806621551513672
4380,25.07862091064453
4381,18.396814346313477
4382,20.833459854125977
4383,17.442012786865234
4384,15.754498481750488
4385,28.04059410095215
4386,25.93640899658203
4387,25.715559005737305
4388,33.00882339477539
4389,27.136489868164062
4390,20.19194793701172
4391,15.41096305847168
4392,24.51203727722168
4393,11.771318435668945
4394,31.467288970947266
4395,25.71744728088379
4396,32.61957931518555
4397,11.254756927490234
4398,22.11590003967285
4399,21.69938850402832
4400,31.097570419311523
4401,11.797149658203125
4402,23.126890182495117
4403,21.615156173706055
4404,18.08626365661621
4405,16.961700439453125
4406,24.753259658813477
4407,28.03449249267578
4408,22.9993896484375
4409,17.76565933227539
4410,22.82882308959961
4411,11.363900184631348
4412,26.9932918548584
4413,14.785887718200684
4414,22.556978225708008
4415,21.837949752807617
4416,17.7882137298584
4417,18.595598220825195
4418,16.714590072631836
4419,14.43838119506836
4420,18.132949829101562
4421,31.334077835083008
4422,30.33916664123535
4423,28.628005981445312
4424,29.48064422607422
4425,20.11850357055664
4426,10.740352630615234
4427,25.385229110717773
4428,25.133575439453125
4429,16.319053649902344
4430,22.70844078063965
4431,26.691286087036133
4432,16.542926788330078
4433,13.885737419128418
4434,25.50120735168457
4435,31.604028701782227
4436,15.914785385131836
4437,19.444406509399414
4438,18.37276268005371
4439,19.202455520629883
4440,11.804526329040527
4441,25.07860565185547
4442,18.395673751831055
4443,20.832609176635742
4444,17.44024658203125
4445,15.75376033782959
4446,28.037019729614258
4447,25.936138153076172
4448,25.713499069213867
4449,33.00981140136719
4450,27.136428833007812
4451,20.190139770507812
4452,15.409708976745605
4453,24.510961532592773
4454,11.769876480102539
4455,31.466262817382812
4456,25.715898513793945
4457,32.61857986450195
4458,11.253684997558594
4459,22.11427116394043
4460,21.697317123413086
4461,31.096145629882812
4462,11.795900344848633
4463,23.126070022583008
4464,21.612260818481445
4465,18.085758209228516
4466,16.961380004882812
4467,24.751327514648438
4468,28.033855438232422
4469,22.997407913208008
4470,17.763887405395508
4471,22.828523635864258
4472,11.362409591674805
4473,26.99126625061035
4474,14.786211967468262
4475,22.557212829589844
4476,21.837133407592773
4477,17.787235260009766
4478,18.593929290771484
4479,16.7142391204834
4480,14.437663078308105
4481,18.132080078125
4482,31.333036422729492
4483,30.33755111694336
4484,28.625850677490234
4485,29.478456497192383
4486,20.116958618164062
4487,10.73951244354248
4488,25.383291244506836
4489,25.133228302001953
4490,16.318702697753906
4491,22.706655502319336
4492,26.690580368041992
4493,16.542034149169922
4494,13.885931968688965
4495,25.50094985961914
4496,31.60268783569336
4497,15.913534164428711
4498,19.443058013916016
4499,18.372520446777344
4500,19.201126098632812
4501,11.80242919921875
4502,25.078594207763672
4503,18.39453125
4504,20.831762313842773
4505,17.438491821289062
4506,15.753032684326172
4507,28.033424377441406
4508,25.935861587524414
4509,25.711435317993164
4510,33.010799407958984
4511,27.136377334594727
4512,20.188331604003906
4513,15.408455848693848
4514,24.5098876953125
4515,11.76843547821045
4516,31.46523666381836
4517,25.714366912841797
4518,32.617576599121094
4519,11.252618789672852
4520,22.112642288208008
4521,21.695249557495117
4522,31.094722747802734
4523,11.794657707214355
4524,23.125253677368164
4525,21.60935401916504
4526,18.085248947143555
4527,16.9610595703125
4528,24.749391555786133
4529,28.03321647644043
4530,22.99542999267578
4531,17.76212501525879
4532,22.82820701599121
4533,11.360917091369629
4534,26.989229202270508
4535,14.786540985107422
4536,22.55743980407715
4537,21.836313247680664
4538,17.786266326904297
4539,18.592260360717773
4540,16.71387481689453
4541,14.4369478225708
4542,18.131202697753906
4543,31.33201789855957
4544,30.335939407348633
4545,28.623701095581055
4546,29.476282119750977
4547,20.11542320251465
4548,10.738677024841309
4549,25.38132667541504
4550,25.132883071899414
4551,16.31835174560547
4552,22.704853057861328
4553,26.689861297607422
4554,16.541156768798828
4555,13.886129379272461
4556,25.50069808959961
4557,31.601356506347656
4558,15.912282943725586
4559,19.44171142578125
4560,18.372270584106445
4561,19.199787139892578
4562,11.800333976745605
4563,25.078580856323242
4564,18.39339256286621
4565,20.830909729003906
4566,17.436738967895508
4567,15.75229263305664
4568,28.02984619140625
4569,25.935579299926758
4570,25.709365844726562
4571,33.01178741455078
4572,27.13631248474121
4573,20.186527252197266
4574,15.407207489013672
4575,24.508811950683594
4576,11.766990661621094
4577,31.464204788208008
4578,25.71282958984375
4579,32.61658477783203
4580,11.25154972076416
4581,22.111007690429688
4582,21.693172454833984
4583,31.093299865722656
4584,11.793414115905762
4585,23.124441146850586
4586,21.6064453125
4587,18.084726333618164
4588,16.96074104309082
4589,24.747455596923828
4590,28.03257179260254
4591,22.993457794189453
4592,17.760351181030273
4593,22.827899932861328
4594,11.359420776367188
4595,26.987199783325195
4596,14.786866188049316
4597,22.557662963867188
4598,21.835479736328125
4599,17.785289764404297
4600,18.5905818939209
4601,16.713516235351562
4602,14.436225891113281
4603,18.13032341003418
4604,31.33098793029785
4605,30.33431625366211
4606,28.621553421020508
4607,29.47410011291504
4608,20.113880157470703
4609,10.737837791442871
4610,25.37936019897461
4611,25.132532119750977
4612,16.317996978759766
4613,22.703073501586914
4614,26.689151763916016
4615,16.540271759033203
4616,13.886333465576172
4617,25.500452041625977
4618,31.600017547607422
4619,15.911028861999512
4620,19.440364837646484
4621,18.37202262878418
4622,19.19845962524414
4623,11.798234939575195
4624,25.078569412231445
4625,18.392253875732422
4626,20.830059051513672
4627,17.434982299804688
4628,15.751558303833008
4629,28.026260375976562
4630,25.9353084564209
4631,25.707294464111328
4632,33.012779235839844
4633,27.13626480102539
4634,20.184709548950195
4635,15.40595817565918
4636,24.50774383544922
4637,11.765551567077637
4638,31.463171005249023
4639,25.711273193359375
4640,32.615596771240234
4641,11.25047492980957
4642,22.109359741210938
4643,21.691099166870117
4644,31.091876983642578
4645,11.79216194152832
4646,23.12363052368164
4647,21.603538513183594
4648,18.08422088623047
4649,16.960430145263672
4650,24.745521545410156
4651,28.031938552856445
4652,22.991470336914062
4653,17.75857925415039
4654,22.82761001586914
4655,11.357917785644531
4656,26.98515510559082
4657,14.787196159362793
4658,22.55789566040039
4659,21.834659576416016
4660,17.784317016601562
4661,18.588897705078125
4662,16.71315574645996
4663,14.435506820678711
4664,18.129444122314453
4665,31.329965591430664
4666,30.33270835876465
4667,28.61939239501953
4668,29.471912384033203
4669,20.112337112426758
4670,10.737001419067383
4671,25.37740135192871
4672,25.132186889648438
4673,16.31764030456543
4674,22.701278686523438
4675,26.688447952270508
4676,16.539390563964844
4677,13.886534690856934
4678,25.500211715698242
4679,31.59868621826172
4680,15.909764289855957
4681,19.43902587890625
4682,18.37175941467285
4683,19.197134017944336
4684,11.796142578125
4685,25.07855796813965
4686,18.39110565185547
4687,20.829212188720703
4688,17.43321990966797
4689,15.750821113586426
4690,28.02267074584961
4691,25.935035705566406
4692,25.705223083496094
4693,33.013763427734375
4694,27.136215209960938
4695,20.182910919189453
4696,15.404707908630371
4697,24.506668090820312
4698,11.764107704162598
4699,31.462154388427734
4700,25.709726333618164
4701,32.61459732055664
4702,11.249406814575195
4703,22.107728958129883
4704,21.689022064208984
4705,31.090452194213867
4706,11.790918350219727
4707,23.122825622558594
4708,21.600622177124023
4709,18.08370590209961
4710,16.960115432739258
4711,24.743572235107422
4712,28.03129768371582
4713,22.989473342895508
4714,17.756805419921875
4715,22.827312469482422
4716,11.356407165527344
4717,26.983129501342773
4718,14.787521362304688
4719,22.558115005493164
4720,21.833843231201172
4721,17.7833309173584
4722,18.58722496032715
4723,16.712799072265625
4724,14.434795379638672
4725,18.128576278686523
4726,31.328929901123047
4727,30.33109474182129
4728,28.617237091064453
4729,29.4697265625
4730,20.110790252685547
4731,10.736164093017578
4732,25.375438690185547
4733,25.131847381591797
4734,16.317291259765625
4735,22.699481964111328
4736,26.687740325927734
4737,16.53849983215332
4738,13.88674259185791
4739,25.499963760375977
4740,31.59735679626465
4741,15.908513069152832
4742,19.43767738342285
4743,18.37151527404785
4744,19.195804595947266
4745,11.794044494628906
4746,25.078550338745117
4747,18.38996696472168
4748,20.828369140625
4749,17.431459426879883
4750,15.750092506408691
4751,28.01908302307129
4752,25.93476104736328
4753,25.703144073486328
4754,33.014747619628906
4755,27.136165618896484
4756,20.18109703063965
4757,15.40346622467041
4758,24.505605697631836
4759,11.762677192687988
4760,31.461118698120117
4761,25.708173751831055
4762,32.61361312866211
4763,11.248332977294922
4764,22.106060028076172
4765,21.686948776245117
4766,31.089035034179688
4767,11.789671897888184
4768,23.12201690673828
4769,21.597707748413086
4770,18.083200454711914
4771,16.95981216430664
4772,24.741619110107422
4773,28.030662536621094
4774,22.98744773864746
4775,17.755023956298828
4776,22.8270263671875
4777,11.354890823364258
4778,26.981115341186523
4779,14.78784465789795
4780,22.558340072631836
4781,21.833032608032227
4782,17.782381057739258
4783,18.585533142089844
4784,16.712430953979492
4785,14.434100151062012
4786,18.12771224975586
4787,31.327905654907227
4788,30.329490661621094
4789,28.615055084228516
4790,29.467525482177734
4791,20.109249114990234
4792,10.735307693481445
4793,25.373470306396484
4794,25.131494522094727
4795,16.316938400268555
4796,22.69768714904785
4797,26.68702507019043
4798,16.537614822387695
4799,13.88695240020752
4800,25.499713897705078
4801,31.596033096313477
4802,15.90725326538086
4803,19.436330795288086
4804,18.37123680114746
4805,19.194486618041992
4806,11.791951179504395
4807,25.07854652404785
4808,18.388822555541992
4809,20.827524185180664
4810,17.429704666137695
4811,15.749356269836426
4812,28.0154972076416
4813,25.93448257446289
4814,25.701061248779297
4815,33.015708923339844
4816,27.1361026763916
4817,20.17928695678711
4818,15.402217864990234
4819,24.50452995300293
4820,11.761241912841797
4821,31.460111618041992
4822,25.70661735534668
4823,32.612640380859375
4824,11.247254371643066
4825,22.104406356811523
4826,21.68487548828125
4827,31.087617874145508
4828,11.788427352905273
4829,23.121213912963867
4830,21.594799041748047
4831,18.082687377929688
4832,16.959491729736328
4833,24.73966407775879
4834,28.030027389526367
4835,22.98540687561035
4836,17.753252029418945
4837,22.826749801635742
4838,11.353378295898438
4839,26.979080200195312
4840,14.788163185119629
4841,22.558568954467773
4842,21.832231521606445
4843,17.781421661376953
4844,18.58384895324707
4845,16.71207046508789
4846,14.433392524719238
4847,18.126846313476562
4848,31.32688331604004
4849,30.327890396118164
4850,28.61287498474121
4851,29.465333938598633
4852,20.107709884643555
4853,10.734468460083008
4854,25.371505737304688
4855,25.13114356994629
4856,16.31658363342285
4857,22.69588851928711
4858,26.686315536499023
4859,16.53672218322754
4860,13.887163162231445
4861,25.499467849731445
4862,31.594694137573242
4863,15.905988693237305
4864,19.434978485107422
4865,18.370990753173828
4866,19.193166732788086
4867,11.789854049682617
4868,25.078533172607422
4869,18.387680053710938
4870,20.82668685913086
4871,17.427942276000977
4872,15.748626708984375
4873,28.011899948120117
4874,25.9342098236084
4875,25.698965072631836
4876,33.016693115234375
4877,27.13605499267578
4878,20.177473068237305
4879,15.400972366333008
4880,24.503467559814453
4881,11.759805679321289
4882,31.459081649780273
4883,25.705049514770508
4884,32.611663818359375
4885,11.24618911743164
4886,22.10276222229004
4887,21.682790756225586
4888,31.08619499206543
4889,11.787187576293945
4890,23.120405197143555
4891,21.591880798339844
4892,18.082178115844727
4893,16.95918846130371
4894,24.73771095275879
4895,28.029390335083008
4896,22.98338508605957
4897,17.7514705657959
4898,22.826467514038086
4899,11.35185432434082
4900,26.977060317993164
4901,14.78848648071289
4902,22.55880355834961
4903,21.8314208984375
4904,17.780466079711914
4905,18.582149505615234
4906,16.711708068847656
4907,14.432692527770996
4908,18.125978469848633
4909,31.325862884521484
4910,30.32628631591797
4911,28.610692977905273
4912,29.463125228881836
4913,20.10615348815918
4914,10.733617782592773
4915,25.36952018737793
4916,25.130796432495117
4917,16.316240310668945
4918,22.6940860748291
4919,26.685617446899414
4920,16.535829544067383
4921,13.88737964630127
4922,25.499223709106445
4923,31.5933780670166
4924,15.904719352722168
4925,19.43363380432129
4926,18.3707218170166
4927,19.191862106323242
4928,11.787760734558105
4929,25.078523635864258
4930,18.386531829833984
4931,20.825849533081055
4932,17.42618751525879
4933,15.747897148132324
4934,28.008304595947266
4935,25.933931350708008
4936,25.69685935974121
4937,33.01766586303711
4938,27.135997772216797
4939,20.17565155029297
4940,15.399737358093262
4941,24.502405166625977
4942,11.75837516784668
4943,31.458066940307617
4944,25.703466415405273
4945,32.6107063293457
4946,11.245121002197266
4947,22.101085662841797
4948,21.680713653564453
4949,31.08478546142578
4950,11.785944938659668
4951,23.119611740112305
4952,21.588960647583008
4953,18.081663131713867
4954,16.958881378173828
4955,24.73573875427246
4956,28.028749465942383
4957,22.9813175201416
4958,17.74968910217285
4959,22.826208114624023
4960,11.350318908691406
4961,26.975032806396484
4962,14.78880786895752
4963,22.55902862548828
4964,21.830629348754883
4965,17.77952003479004
4966,18.580453872680664
4967,16.711334228515625
4968,14.432000160217285
4969,18.12512969970703
4970,31.32484245300293
4971,30.32468605041504
4972,28.608491897583008
4973,29.460905075073242
4974,20.1046142578125
4975,10.732751846313477
4976,25.367549896240234
4977,25.130449295043945
4978,16.31590461730957
4979,22.692296981811523
4980,26.684919357299805
4981,16.53492546081543
4982,13.887598991394043
4983,25.49898338317871
4984,31.592069625854492
4985,15.903448104858398
4986,19.43228530883789
4987,18.370450973510742
4988,19.190553665161133
4989,11.785676956176758
4990,25.078516006469727
4991,18.385385513305664
4992,20.825010299682617
4993,17.4244384765625
4994,15.74716854095459
4995,28.004718780517578
4996,25.933666229248047
4997,25.69475555419922
4998,33.01862335205078
4999,27.13594627380371
5000,20.17383575439453
5001,15.39848804473877
5002,24.501340866088867
5003,11.756951332092285
5004,31.457046508789062
5005,25.701887130737305
5006,32.6097297668457
5007,11.244047164916992
5008,22.09941291809082
5009,21.678632736206055
5010,31.083356857299805
5011,11.784708976745605
5012,23.118816375732422
5013,21.586048126220703
5014,18.081153869628906
5015,16.958574295043945
5016,24.73377227783203
5017,28.028106689453125
5018,22.979249954223633
5019,17.74790382385254
5020,22.82595443725586
5021,11.34878158569336
5022,26.973020553588867
5023,14.78912353515625
5024,22.55927085876465
5025,21.82984733581543
5026,17.778575897216797
5027,18.57874298095703
5028,16.710960388183594
5029,14.431315422058105
5030,18.12425994873047
5031,31.323835372924805
5032,30.323087692260742
5033,28.606290817260742
5034,29.458698272705078
5035,20.10307502746582
5036,10.731898307800293
5037,25.365562438964844
5038,25.130107879638672
5039,16.3155574798584
5040,22.69049835205078
5041,26.68421173095703
5042,16.534021377563477
5043,13.88782024383545
5044,25.498735427856445
5045,31.590740203857422
5046,15.902166366577148
5047,19.430931091308594
5048,18.37017822265625
5049,19.189250946044922
5050,11.783586502075195
5051,25.078514099121094
5052,18.384235382080078
5053,20.824172973632812
5054,17.422685623168945
5055,15.746440887451172
5056,28.00111961364746
5057,25.93338394165039
5058,25.692646026611328
5059,33.01958465576172
5060,27.13589096069336
5061,20.17201805114746
5062,15.397248268127441
5063,24.50027847290039
5064,11.755518913269043
5065,31.456029891967773
5066,25.70030975341797
5067,32.60877990722656
5068,11.242973327636719
5069,22.09774398803711
5070,21.676549911499023
5071,31.081939697265625
5072,11.783463478088379
5073,23.118024826049805
5074,21.583127975463867
5075,18.080646514892578
5076,16.95827293395996
5077,24.73179054260254
5078,28.027469635009766
5079,22.9771785736084
5080,17.746110916137695
5081,22.825685501098633
5082,11.347257614135742
5083,26.97100067138672
5084,14.789434432983398
5085,22.55949592590332
5086,21.829055786132812
5087,17.777633666992188
5088,18.577045440673828
5089,16.71058464050293
5090,14.430631637573242
5091,18.1234073638916
5092,31.32281494140625
5093,30.321496963500977
5094,28.604087829589844
5095,29.456478118896484
5096,20.10152816772461
5097,10.731040000915527
5098,25.36358642578125
5099,25.129743576049805
5100,16.31520652770996
5101,22.688695907592773
5102,26.68350601196289
5103,16.533126831054688
5104,13.888046264648438
5105,25.498502731323242
5106,31.589420318603516
5107,15.900899887084961
5108,19.42957878112793
5109,18.369909286499023
5110,19.187944412231445
5111,11.781487464904785
5112,25.07851219177246
5113,18.383092880249023
5114,20.82333755493164
5115,17.42093849182129
5116,15.745707511901855
5117,27.997520446777344
5118,25.933120727539062
5119,25.690532684326172
5120,33.02055740356445
5121,27.135839462280273
5122,20.170215606689453
5123,15.39600658416748
5124,24.49921989440918
5125,11.754091262817383
5126,31.455007553100586
5127,25.698726654052734
5128,32.60781478881836
5129,11.24189567565918
5130,22.0960693359375
5131,21.674467086791992
5132,31.08051872253418
5133,11.782221794128418
5134,23.11722755432129
5135,21.580198287963867
5136,18.08013153076172
5137,16.957984924316406
5138,24.72982406616211
5139,28.026840209960938
5140,22.975112915039062
5141,17.74432373046875
5142,22.82542610168457
5143,11.345718383789062
5144,26.968990325927734
5145,14.78974437713623
5146,22.559717178344727
5147,21.82825469970703
5148,17.776695251464844
5149,18.575342178344727
5150,16.710216522216797
5151,14.429948806762695
5152,18.122543334960938
5153,31.321805953979492
5154,30.319900512695312
5155,28.601892471313477
5156,29.454269409179688
5157,20.09998321533203
5158,10.730182647705078
5159,25.36160659790039
5160,25.129396438598633
5161,16.314868927001953
5162,22.6868896484375
5163,26.68280792236328
5164,16.532230377197266
5165,13.88826847076416
5166,25.498260498046875
5167,31.58810043334961
5168,15.899624824523926
5169,19.428220748901367
5170,18.36963653564453
5171,19.186630249023438
5172,11.779393196105957
5173,25.07850456237793
5174,18.38193702697754
5175,20.8225040435791
5176,17.419174194335938
5177,15.744978904724121
5178,27.993915557861328
5179,25.93285369873047
5180,25.68842887878418
5181,33.02152633666992
5182,27.135787963867188
5183,20.168384552001953
5184,15.394759178161621
5185,24.498157501220703
5186,11.752659797668457
5187,31.453998565673828
5188,25.69715690612793
5189,32.606849670410156
5190,11.240818977355957
5191,22.094398498535156
5192,21.672378540039062
5193,31.079105377197266
5194,11.780976295471191
5195,23.116424560546875
5196,21.5772762298584
5197,18.079627990722656
5198,16.957679748535156
5199,24.72785186767578
5200,28.026208877563477
5201,22.973068237304688
5202,17.742542266845703
5203,22.82515525817871
5204,11.344191551208496
5205,26.966943740844727
5206,14.790068626403809
5207,22.55995750427246
5208,21.827457427978516
5209,17.77573585510254
5210,18.573646545410156
5211,16.70985221862793
5212,14.429242134094238
5213,18.12168312072754
5214,31.32079315185547
5215,30.318294525146484
5216,28.599702835083008
5217,29.452058792114258
5218,20.09844207763672
5219,10.729333877563477
5220,25.35962677001953
5221,25.12905502319336
5222,16.314525604248047
5223,22.685096740722656
5224,26.682104110717773
5225,16.531328201293945
5226,13.888489723205566
5227,25.498016357421875
5228,31.586767196655273
5229,15.89834976196289
5230,19.426877975463867
5231,18.369373321533203
5232,19.185319900512695
5233,11.777297973632812
5234,25.07850456237793
5235,18.38079261779785
5236,20.8216609954834
5237,17.417423248291016
5238,15.744250297546387
5239,27.990304946899414
5240,25.932588577270508
5241,25.68633460998535
5242,33.02251052856445
5243,27.135738372802734
5244,20.16655921936035
5245,15.393512725830078
5246,24.49709129333496
5247,11.751227378845215
5248,31.452972412109375
5249,25.695585250854492
5250,32.60587692260742
5251,11.23974895477295
5252,22.09273910522461
5253,21.67029571533203
5254,31.077688217163086
5255,11.779738426208496
5256,23.115617752075195
5257,21.574350357055664
5258,18.079116821289062
5259,16.957372665405273
5260,24.725889205932617
5261,28.02556037902832
5262,22.97103500366211
5263,17.740768432617188
5264,22.824878692626953
5265,11.342663764953613
5266,26.964914321899414
5267,14.790410995483398
5268,22.560190200805664
5269,21.826648712158203
5270,17.774776458740234
5271,18.571950912475586
5272,16.709489822387695
5273,14.428545951843262
5274,18.120813369750977
5275,31.319765090942383
5276,30.316679000854492
5277,28.59751319885254
5278,29.44985008239746
5279,20.096887588500977
5280,10.728484153747559
5281,25.35764503479004
5282,25.12871551513672
5283,16.314180374145508
5284,22.683290481567383
5285,26.68140983581543
5286,16.530437469482422
5287,13.888713836669922
5288,25.497777938842773
5289,31.5854434967041
5290,15.897077560424805
5291,19.425519943237305
5292,18.369123458862305
5293,19.184001922607422
5294,11.775209426879883
5295,25.07849884033203
5296,18.379650115966797
5297,20.82081413269043
5298,17.415660858154297
5299,15.74351692199707
5300,27.986684799194336
5301,25.93231773376465
5302,25.684223175048828
5303,33.02350616455078
5304,27.135690689086914
5305,20.16472816467285
5306,15.392271995544434
5307,24.496034622192383
5308,11.749796867370605
5309,31.45193862915039
5310,25.694013595581055
5311,32.60490798950195
5312,11.238680839538574
5313,22.0910701751709
5314,21.668212890625
5315,31.07625961303711
5316,11.778497695922852
5317,23.11482048034668
5318,21.571422576904297
5319,18.07861328125
5320,16.957069396972656
5321,24.72391700744629
5322,28.024930953979492
5323,22.9689884185791
5324,17.738988876342773
5325,22.824609756469727
5326,11.341129302978516
5327,26.962881088256836
5328,14.790742874145508
5329,22.5604305267334
5330,21.825855255126953
5331,17.77382469177246
5332,18.57024574279785
5333,16.709125518798828
5334,14.427852630615234
5335,18.11994171142578
5336,31.318754196166992
5337,30.315061569213867
5338,28.595312118530273
5339,29.4476375579834
5340,20.0953426361084
5341,10.727636337280273
5342,25.355661392211914
5343,25.12837028503418
5344,16.313833236694336
5345,22.68149757385254
5346,26.680700302124023
5347,16.5295467376709
5348,13.888940811157227
5349,25.497533798217773
5350,31.58408546447754
5351,15.895798683166504
5352,19.42417335510254
5353,18.368873596191406
5354,19.182676315307617
5355,11.773104667663574
5356,25.078487396240234
5357,18.378503799438477
5358,20.819974899291992
5359,17.413908004760742
5360,15.742781639099121
5361,27.983060836791992
5362,25.932058334350586
5363,25.682113647460938
5364,33.02448654174805
5365,27.135658264160156
5366,20.162904739379883
5367,15.39102554321289
5368,24.494970321655273
5369,11.74836540222168
5370,31.450918197631836
5371,25.69243812561035
5372,32.60393524169922
5373,11.237611770629883
5374,22.08940315246582
5375,21.666126251220703
5376,31.074846267700195
5377,11.777261734008789
5378,23.1140079498291
5379,21.568504333496094
5380,18.078100204467773
5381,16.956754684448242
5382,24.721952438354492
5383,28.02427101135254
5384,22.966955184936523
5385,17.73721694946289
5386,22.824325561523438
5387,11.339599609375
5388,26.960840225219727
5389,14.791095733642578
5390,22.560678482055664
5391,21.825048446655273
5392,17.772859573364258
5393,18.568544387817383
5394,16.708770751953125
5395,14.427148818969727
5396,18.11906623840332
5397,31.317731857299805
5398,30.313451766967773
5399,28.59312629699707
5400,29.445432662963867
5401,20.093786239624023
5402,10.726788520812988
5403,25.353687286376953
5404,25.12803840637207
5405,16.313493728637695
5406,22.679697036743164
5407,26.680004119873047
5408,16.528642654418945
5409,13.88917064666748
5410,25.497295379638672
5411,31.582738876342773
5412,15.89451789855957
5413,19.422821044921875
5414,18.368619918823242
5415,19.18135643005371
5416,11.771008491516113
5417,25.07848358154297
5418,18.37735366821289
5419,20.81912612915039
5420,17.41214370727539
5421,15.742047309875488
5422,27.979427337646484
5423,25.931791305541992
5424,25.68001365661621
5425,33.025474548339844
5426,27.13562774658203
5427,20.161067962646484
5428,15.3897705078125
5429,24.493915557861328
5430,11.746935844421387
5431,31.449893951416016
5432,25.690858840942383
5433,32.602943420410156
5434,11.236543655395508
5435,22.087739944458008
5436,21.664037704467773
5437,31.073429107666016
5438,11.776023864746094
5439,23.11319351196289
5440,21.565567016601562
5441,18.077592849731445
5442,16.956445693969727
5443,24.71999168395996
5444,28.023630142211914
5445,22.964908599853516
5446,17.735443115234375
5447,22.824054718017578
5448,11.338061332702637
5449,26.95881462097168
5450,14.791441917419434
5451,22.5609188079834
5452,21.824241638183594
5453,17.771896362304688
5454,18.56683921813965
5455,16.708415985107422
5456,14.426446914672852
5457,18.11819076538086
5458,31.316709518432617
5459,30.31181526184082
5460,28.590938568115234
5461,29.443218231201172
5462,20.09224510192871
5463,10.725948333740234
5464,25.35169792175293
5465,25.127714157104492
5466,16.31316375732422
5467,22.677902221679688
5468,26.679296493530273
5469,16.527753829956055
5470,13.889400482177734
5471,25.497047424316406
5472,31.58138656616211
5473,15.89323616027832
5474,19.421463012695312
5475,18.368383407592773
5476,19.18003273010254
5477,11.768908500671387
5478,25.07848358154297
5479,18.376209259033203
5480,20.818283081054688
5481,17.410388946533203
5482,15.74132251739502
5483,27.97577667236328
5484,25.93153190612793
5485,25.67791175842285
5486,33.026485443115234
5487,27.135595321655273
5488,20.15923309326172
5489,15.388524055480957
5490,24.492855072021484
5491,11.745501518249512
5492,31.4488525390625
5493,25.689300537109375
5494,32.601966857910156
5495,11.235475540161133
5496,22.086074829101562
5497,21.661945343017578
5498,31.072002410888672
5499,11.774789810180664
5500,23.112384796142578
5501,21.56263542175293
5502,18.07707977294922
5503,16.956134796142578
5504,24.718021392822266
5505,28.022972106933594
5506,22.962902069091797
5507,17.733671188354492
5508,22.823772430419922
5509,11.336544036865234
5510,26.956754684448242
5511,14.791790962219238
5512,22.5611629486084
5513,21.82342529296875
5514,17.77092933654785
5515,18.565139770507812
5516,16.70807647705078
5517,14.425725936889648
5518,18.117292404174805
5519,31.315683364868164
5520,30.310192108154297
5521,28.588754653930664
5522,29.441017150878906
5523,20.0907039642334
5524,10.725110054016113
5525,25.349700927734375
5526,25.12738609313965
5527,16.312822341918945
5528,22.676103591918945
5529,26.6785945892334
5530,16.52686309814453
5531,13.889625549316406
5532,25.496803283691406
5533,31.58002471923828
5534,15.891952514648438
5535,19.42011070251465
5536,18.36815643310547
5537,19.178701400756836
5538,11.766809463500977
5539,25.078474044799805
5540,18.375064849853516
5541,20.817434310913086
5542,17.408626556396484
5543,15.74058723449707
5544,27.97213363647461
5545,25.931262969970703
5546,25.67581558227539
5547,33.02750778198242
5548,27.135570526123047
5549,20.15738868713379
5550,15.387275695800781
5551,24.491790771484375
5552,11.744067192077637
5553,31.44781494140625
5554,25.687746047973633
5555,32.600975036621094
5556,11.234406471252441
5557,22.084423065185547
5558,21.65985107421875
5559,31.070587158203125
5560,11.77354621887207
5561,23.11156463623047
5562,21.559701919555664
5563,18.076580047607422
5564,16.955829620361328
5565,24.716068267822266
5566,28.022329330444336
5567,22.96088981628418
5568,17.73190689086914
5569,22.82347869873047
5570,11.335018157958984
5571,26.954715728759766
5572,14.792149543762207
5573,22.56140899658203
5574,21.822622299194336
5575,17.76995277404785
5576,18.563438415527344
5577,16.70772933959961
5578,14.425018310546875
5579,18.11640739440918
5580,31.31465721130371
5581,30.308555603027344
5582,28.586566925048828
5583,29.43880844116211
5584,20.089147567749023
5585,10.724263191223145
5586,25.34772491455078
5587,25.127056121826172
5588,16.312488555908203
5589,22.67430877685547
5590,26.677894592285156
5591,16.525970458984375
5592,13.889852523803711
5593,25.496564865112305
5594,31.57865333557129
5595,15.890674591064453
5596,19.41876220703125
5597,18.367929458618164
5598,19.177379608154297
5599,11.7647066116333
5600,25.078472137451172
5601,18.373918533325195
5602,20.816587448120117
5603,17.406862258911133
5604,15.739853858947754
5605,27.968460083007812
5606,25.931013107299805
5607,25.67371368408203
5608,33.02853012084961
5609,27.13555145263672
5610,20.155559539794922
5611,15.386024475097656
5612,24.490734100341797
5613,11.742633819580078
5614,31.446773529052734
5615,25.686182022094727
5616,32.59998321533203
5617,11.233339309692383
5618,22.0827693939209
5619,21.657756805419922
5620,31.069164276123047
5621,11.77231216430664
5622,23.110750198364258
5623,21.556774139404297
5624,18.076066970825195
5625,16.955509185791016
5626,24.714092254638672
5627,28.02168846130371
5628,22.9588565826416
5629,17.730138778686523
5630,22.823205947875977
5631,11.333488464355469
5632,26.952651977539062
5633,14.792515754699707
5634,22.561664581298828
5635,21.821813583374023
5636,17.76898956298828
5637,18.561738967895508
5638,16.7073917388916
5639,14.424294471740723
5640,18.11550521850586
5641,31.313629150390625
5642,30.30691146850586
5643,28.58438491821289
5644,29.436607360839844
5645,20.087589263916016
5646,10.723427772521973
5647,25.345748901367188
5648,25.126739501953125
5649,16.312149047851562
5650,22.672515869140625
5651,26.67719268798828
5652,16.52507972717285
5653,13.890082359313965
5654,25.496322631835938
5655,31.577285766601562
5656,15.889396667480469
5657,19.417404174804688
5658,18.367698669433594
5659,19.176036834716797
5660,11.762605667114258
5661,25.078466415405273
5662,18.372772216796875
5663,20.81572914123535
5664,17.405101776123047
5665,15.739118576049805
5666,27.964794158935547
5667,25.930761337280273
5668,25.671619415283203
5669,33.02956008911133
5670,27.135520935058594
5671,20.153709411621094
5672,15.384770393371582
5673,24.48967742919922
5674,11.741204261779785
5675,31.44572639465332
5676,25.684627532958984
5677,32.5989990234375
5678,11.232278823852539
5679,22.08110809326172
5680,21.65566635131836
5681,31.067750930786133
5682,11.771084785461426
5683,23.109933853149414
5684,21.553834915161133
5685,18.0755672454834
5686,16.9552001953125
5687,24.712120056152344
5688,28.021024703979492
5689,22.956836700439453
5690,17.72836685180664
5691,22.822927474975586
5692,11.331947326660156
5693,26.950607299804688
5694,14.792885780334473
5695,22.561922073364258
5696,21.82100486755371
5697,17.768024444580078
5698,18.560022354125977
5699,16.707042694091797
5700,14.42357349395752
5701,18.114622116088867
5702,31.312606811523438
5703,30.30527114868164
5704,28.58218765258789
5705,29.43439483642578
5706,20.086040496826172
5707,10.722583770751953
5708,25.34374237060547
5709,25.126426696777344
5710,16.31182289123535
5711,22.670717239379883
5712,26.67649269104004
5713,16.52417755126953
5714,13.890325546264648
5715,25.496076583862305
5716,31.575908660888672
5717,15.888107299804688
5718,19.416051864624023
5719,18.367481231689453
5720,19.174711227416992
5721,11.760504722595215
5722,25.078460693359375
5723,18.37162971496582
5724,20.814882278442383
5725,17.403345108032227
5726,15.738391876220703
5727,27.961116790771484
5728,25.93050193786621
5729,25.66950035095215
5730,33.03057098388672
5731,27.135507583618164
5732,20.151865005493164
5733,15.383522987365723
5734,24.488615036010742
5735,11.739777565002441
5736,31.444690704345703
5737,25.68305778503418
5738,32.5980110168457
5739,11.231215476989746
5740,22.079442977905273
5741,21.65357780456543
5742,31.066328048706055
5743,11.769854545593262
5744,23.10910987854004
5745,21.5509033203125
5746,18.075056076049805
5747,16.954885482788086
5748,24.710153579711914
5749,28.02037239074707
5750,22.95477867126465
5751,17.726594924926758
5752,22.822650909423828
5753,11.330410957336426
5754,26.948549270629883
5755,14.793258666992188
5756,22.562177658081055
5757,21.820201873779297
5758,17.767061233520508
5759,18.558311462402344
5760,16.70668601989746
5761,14.42287540435791
5762,18.113733291625977
5763,31.31159782409668
5764,30.303638458251953
5765,28.57999610900879
5766,29.43218231201172
5767,20.084491729736328
5768,10.7217435836792
5769,25.34174919128418
5770,25.12608528137207
5771,16.31148910522461
5772,22.668922424316406
5773,26.675800323486328
5774,16.523283004760742
5775,13.8905611038208
5776,25.49582862854004
5777,31.574542999267578
5778,15.886812210083008
5779,19.414690017700195
5780,18.36724281311035
5781,19.173385620117188
5782,11.758407592773438
5783,25.07845687866211
5784,18.3704776763916
5785,20.814035415649414
5786,17.401596069335938
5787,15.737662315368652
5788,27.957456588745117
5789,25.93024444580078
5790,25.667390823364258
5791,33.031593322753906
5792,27.1354923248291
5793,20.150005340576172
5794,15.382270812988281
5795,24.487567901611328
5796,11.738350868225098
5797,31.443645477294922
5798,25.68147850036621
5799,32.59703826904297
5800,11.230148315429688
5801,22.077760696411133
5802,21.6514835357666
5803,31.064918518066406
5804,11.768621444702148
5805,23.108301162719727
5806,21.547962188720703
5807,18.07454490661621
5808,16.954587936401367
5809,24.708162307739258
5810,28.019723892211914
5811,22.952713012695312
5812,17.724830627441406
5813,22.82239532470703
5814,11.328851699829102
5815,26.946510314941406
5816,14.793609619140625
5817,22.562435150146484
5818,21.819419860839844
5819,17.766115188598633
5820,18.556581497192383
5821,16.706335067749023
5822,14.422174453735352
5823,18.112852096557617
5824,31.310577392578125
5825,30.30200958251953
5826,28.57777976989746
5827,29.429960250854492
5828,20.082944869995117
5829,10.720890998840332
5830,25.339757919311523
5831,25.125768661499023
5832,16.311168670654297
5833,22.667125701904297
5834,26.675100326538086
5835,16.522375106811523
5836,13.8908052444458
5837,25.495595932006836
5838,31.57317352294922
5839,15.885519981384277
5840,19.413345336914062
5841,18.36701774597168
5842,19.172061920166016
5843,11.756311416625977
5844,25.078458786010742
5845,18.369333267211914
5846,20.813196182250977
5847,17.39984130859375
5848,15.736924171447754
5849,27.953779220581055
5850,25.929988861083984
5851,25.665260314941406
5852,33.03261184692383
5853,27.135469436645508
5854,20.14815902709961
5855,15.381028175354004
5856,24.48651695251465
5857,11.736930847167969
5858,31.442609786987305
5859,25.679889678955078
5860,32.59606170654297
5861,11.229084014892578
5862,22.076082229614258
5863,21.649381637573242
5864,31.06350326538086
5865,11.767400741577148
5866,23.107501983642578
5867,21.545032501220703
5868,18.07404136657715
5869,16.954282760620117
5870,24.706178665161133
5871,28.01906394958496
5872,22.950645446777344
5873,17.723054885864258
5874,22.822126388549805
5875,11.32729721069336
5876,26.9444637298584
5877,14.793981552124023
5878,22.562692642211914
5879,21.81861686706543
5880,17.76515769958496
5881,18.554861068725586
5882,16.705991744995117
5883,14.421472549438477
5884,18.111968994140625
5885,31.309558868408203
5886,30.30038070678711
5887,28.5755672454834
5888,29.427743911743164
5889,20.081392288208008
5890,10.72004508972168
5891,25.337751388549805
5892,25.125455856323242
5893,16.31084442138672
5894,22.665327072143555
5895,26.67439842224121
5896,16.521480560302734
5897,13.89105224609375
5898,25.495351791381836
5899,31.571796417236328
5900,15.884228706359863
5901,19.411983489990234
5902,18.366783142089844
5903,19.170740127563477
5904,11.75421142578125
5905,25.078447341918945
5906,18.368179321289062
5907,20.81234359741211
5908,17.39808464050293
5909,15.736198425292969
5910,27.950115203857422
5911,25.929738998413086
5912,25.66314125061035
5913,33.03361892700195
5914,27.135452270507812
5915,20.146310806274414
5916,15.37977409362793
5917,24.485464096069336
5918,11.735507011413574
5919,31.441574096679688
5920,25.678308486938477
5921,32.595088958740234
5922,11.228022575378418
5923,22.074405670166016
5924,21.64728355407715
5925,31.06209373474121
5926,11.766175270080566
5927,23.10668182373047
5928,21.54209327697754
5929,18.073532104492188
5930,16.95398712158203
5931,24.704195022583008
5932,28.018409729003906
5933,22.948583602905273
5934,17.72129249572754
5935,22.821870803833008
5936,11.325756072998047
5937,26.942407608032227
5938,14.79436206817627
5939,22.562959671020508
5940,21.817819595336914
5941,17.764192581176758
5942,18.553150177001953
5943,16.705656051635742
5944,14.420756340026855
5945,18.11107635498047
5946,31.308534622192383
5947,30.29874610900879
5948,28.57337188720703
5949,29.42552375793457
5950,20.079832077026367
5951,10.71920394897461
5952,25.335765838623047
5953,25.125133514404297
5954,16.31051254272461
5955,22.663536071777344
5956,26.673707962036133
5957,16.52057647705078
5958,13.89129638671875
5959,25.495101928710938
5960,31.570415496826172
5961,15.882930755615234
5962,19.410625457763672
5963,18.366559982299805
5964,19.169418334960938
5965,11.752107620239258
5966,25.078441619873047
5967,18.36703109741211
5968,20.811494827270508
5969,17.396320343017578
5970,15.735469818115234
5971,27.946426391601562
5972,25.92949104309082
5973,25.661029815673828
5974,33.03465270996094
5975,27.13544464111328
5976,20.144453048706055
5977,15.378527641296387
5978,24.484416961669922
5979,11.734084129333496
5980,31.440540313720703
5981,25.67675018310547
5982,32.59410095214844
5983,11.226950645446777
5984,22.072734832763672
5985,21.645191192626953
5986,31.060667037963867
5987,11.764938354492188
5988,23.10585594177246
5989,21.539152145385742
5990,18.073017120361328
5991,16.95366668701172
5992,24.702220916748047
5993,28.017745971679688
5994,22.946557998657227
5995,17.719524383544922
5996,22.821577072143555
5997,11.324227333068848
5998,26.94034767150879
5999,14.794736862182617
6000,22.563215255737305
6001,21.81700325012207
6002,17.763214111328125
6003,18.551443099975586
6004,16.705320358276367
6005,14.420035362243652
6006,18.110172271728516
6007,31.307506561279297
6008,30.29708480834961
6009,28.571189880371094
6010,29.423322677612305
6011,20.078283309936523
6012,10.718372344970703
6013,25.333770751953125
6014,25.12482261657715
6015,16.3101749420166
6016,22.66173553466797
6017,26.672998428344727
6018,16.519699096679688
6019,13.891530990600586
6020,25.494869232177734
6021,31.56902503967285
6022,15.881641387939453
6023,19.40926742553711
6024,18.366352081298828
6025,19.168073654174805
6026,11.74999713897705
6027,25.078439712524414
6028,18.365890502929688
6029,20.810638427734375
6030,17.394559860229492
6031,15.734733581542969
6032,27.942729949951172
6033,25.929244995117188
6034,25.658931732177734
6035,33.03570556640625
6036,27.13543701171875
6037,20.142601013183594
6038,15.377264022827148
6039,24.483356475830078
6040,11.732650756835938
6041,31.439485549926758
6042,25.675193786621094
6043,32.59309005737305
6044,11.225893020629883
6045,22.071086883544922
6046,21.643085479736328
6047,31.05924415588379
6048,11.763708114624023
6049,23.105030059814453
6050,21.536211013793945
6051,18.07251739501953
6052,16.953357696533203
6053,24.70026397705078
6054,28.01709747314453
6055,22.944562911987305
6056,17.717769622802734
6057,22.821277618408203
6058,11.322701454162598
6059,26.938270568847656
6060,14.795124053955078
6061,22.5634765625
6062,21.81616973876953
6063,17.76223373413086
6064,18.549734115600586
6065,16.704994201660156
6066,14.419305801391602
6067,18.109264373779297
6068,31.306468963623047
6069,30.295434951782227
6070,28.569011688232422
6071,29.421123504638672
6072,20.076730728149414
6073,10.717544555664062
6074,25.331789016723633
6075,25.12450408935547
6076,16.309852600097656
6077,22.65993881225586
6078,26.67230224609375
6079,16.518817901611328
6080,13.891769409179688
6081,25.49462890625
6082,31.567630767822266
6083,15.880366325378418
6084,19.40791130065918
6085,18.36614990234375
6086,19.16672706604004
6087,11.747886657714844
6088,25.078433990478516
6089,18.364744186401367
6090,20.809785842895508
6091,17.392791748046875
6092,15.7340087890625
6093,27.93903350830078
6094,25.929004669189453
6095,25.656845092773438
6096,33.036773681640625
6097,27.135438919067383
6098,20.140735626220703
6099,15.375999450683594
6100,24.48229217529297
6101,11.731216430664062
6102,31.438426971435547
6103,25.673646926879883
6104,32.59209442138672
6105,11.224823951721191
6106,22.069442749023438
6107,21.6409912109375
6108,31.057817459106445
6109,11.762466430664062
6110,23.10420036315918
6111,21.533260345458984
6112,18.072010040283203
6113,16.953044891357422
6114,24.698307037353516
6115,28.016435623168945
6116,22.942581176757812
6117,17.71600341796875
6118,22.82097625732422
6119,11.321182250976562
6120,26.93619728088379
6121,14.795513153076172
6122,22.56374168395996
6123,21.81535530090332
6124,17.761240005493164
6125,18.548038482666016
6126,16.704662322998047
6127,14.418571472167969
6128,18.108354568481445
6129,31.305438995361328
6130,30.293773651123047
6131,28.566843032836914
6132,29.418922424316406
6133,20.075180053710938
6134,10.716724395751953
6135,25.32980728149414
6136,25.12420082092285
6137,16.30951690673828
6138,22.658138275146484
6139,26.67159652709961
6140,16.517932891845703
6141,13.89200496673584
6142,25.494388580322266
6143,31.56622886657715
6144,15.879080772399902
6145,19.406553268432617
6146,18.365949630737305
6147,19.16536521911621
6148,11.745770454406738
6149,25.07842445373535
6150,18.36359977722168
6151,20.808931350708008
6152,17.391010284423828
6153,15.733267784118652
6154,27.935319900512695
6155,25.92875862121582
6156,25.65475082397461
6157,33.03782272338867
6158,27.135440826416016
6159,20.138883590698242
6160,15.374741554260254
6161,24.481229782104492
6162,11.729784965515137
6163,31.437368392944336
6164,25.672119140625
6165,32.59107208251953
6166,11.223761558532715
6167,22.06780242919922
6168,21.638885498046875
6169,31.05638885498047
6170,11.761228561401367
6171,23.103368759155273
6172,21.53032684326172
6173,18.07151222229004
6174,16.952730178833008
6175,24.696353912353516
6176,28.015779495239258
6177,22.940624237060547
6178,17.71424674987793
6179,22.820667266845703
6180,11.319659233093262
6181,26.93411636352539
6182,14.795914649963379
6183,22.56401252746582
6184,21.814512252807617
6185,17.760244369506836
6186,18.546340942382812
6187,16.704345703125
6188,14.417831420898438
6189,18.1074275970459
6190,31.304391860961914
6191,30.292102813720703
6192,28.564674377441406
6193,29.41672134399414
6194,20.07363510131836
6195,10.715899467468262
6196,25.32781982421875
6197,25.123912811279297
6198,16.30919075012207
6199,22.656347274780273
6200,26.6708927154541
6201,16.51704978942871
6202,13.892250061035156
6203,25.494152069091797
6204,31.56483268737793
6205,15.877798080444336
6206,19.405195236206055
6207,18.365755081176758
6208,19.164012908935547
6209,11.74365234375
6210,25.078428268432617
6211,18.362455368041992
6212,20.80806541442871
6213,17.38924217224121
6214,15.73253059387207
6215,27.931610107421875
6216,25.92850685119629
6217,25.652658462524414
6218,33.03889083862305
6219,27.13543128967285
6220,20.13702392578125
6221,15.373481750488281
6222,24.480165481567383
6223,11.728351593017578
6224,31.43631935119629
6225,25.67057991027832
6226,32.59007263183594
6227,11.222694396972656
6228,22.06614875793457
6229,21.636791229248047
6230,31.054964065551758
6231,11.759995460510254
6232,23.102537155151367
6233,21.527362823486328
6234,18.071002960205078
6235,16.952417373657227
6236,24.69438362121582
6237,28.015127182006836
6238,22.938623428344727
6239,17.712480545043945
6240,22.820369720458984
6241,11.318131446838379
6242,26.932039260864258
6243,14.796303749084473
6244,22.564273834228516
6245,21.813684463500977
6246,17.759254455566406
6247,18.544635772705078
6248,16.704011917114258
6249,14.417094230651855
6250,18.10651969909668
6251,31.303363800048828
6252,30.290443420410156
6253,28.562501907348633
6254,29.414506912231445
6255,20.072084426879883
6256,10.715071678161621
6257,25.325820922851562
6258,25.12359619140625
6259,16.308853149414062
6260,22.65454864501953
6261,26.670196533203125
6262,16.51617431640625
6263,13.89249038696289
6264,25.493915557861328
6265,31.56344223022461
6266,15.876518249511719
6267,19.403841018676758
6268,18.36555290222168
6269,19.162662506103516
6270,11.741541862487793
6271,25.078428268432617
6272,18.36130142211914
6273,20.807205200195312
6274,17.387479782104492
6275,15.73179817199707
6276,27.927898406982422
6277,25.928266525268555
6278,25.65056037902832
6279,33.03993606567383
6280,27.13544464111328
6281,20.135160446166992
6282,15.372223854064941
6283,24.47910499572754
6284,11.72691535949707
6285,31.435258865356445
6286,25.669023513793945
6287,32.58906173706055
6288,11.221633911132812
6289,22.064496994018555
6290,21.634679794311523
6291,31.053537368774414
6292,11.758759498596191
6293,23.10171127319336
6294,21.5244140625
6295,18.07050132751465
6296,16.952096939086914
6297,24.692428588867188
6298,28.014474868774414
6299,22.936628341674805
6300,17.710721969604492
6301,22.820064544677734
6302,11.316617965698242
6303,26.92995834350586
6304,14.796700477600098
6305,22.564546585083008
6306,21.812856674194336
6307,17.758272171020508
6308,18.542924880981445
6309,16.703689575195312
6310,14.416365623474121
6311,18.105615615844727
6312,31.302330017089844
6313,30.288780212402344
6314,28.560317993164062
6315,29.412303924560547
6316,20.07052993774414
6317,10.714244842529297
6318,25.323835372924805
6319,25.12328338623047
6320,16.30852699279785
6321,22.652742385864258
6322,26.66948699951172
6323,16.515287399291992
6324,13.892735481262207
6325,25.493675231933594
6326,31.562040328979492
6327,15.875223159790039
6328,19.40248680114746
6329,18.3653621673584
6330,19.161327362060547
6331,11.739425659179688
6332,25.078426361083984
6333,18.36016082763672
6334,20.806350708007812
6335,17.38570785522461
6336,15.731062889099121
6337,27.924192428588867
6338,25.928022384643555
6339,25.64846420288086
6340,33.04100036621094
6341,27.13544273376465
6342,20.1333065032959
6343,15.370963096618652
6344,24.478044509887695
6345,11.72548770904541
6346,31.434207916259766
6347,25.667482376098633
6348,32.58806610107422
6349,11.220563888549805
6350,22.062837600708008
6351,21.632577896118164
6352,31.052114486694336
6353,11.757523536682129
6354,23.100875854492188
6355,21.521467208862305
6356,18.069990158081055
6357,16.951786041259766
6358,24.690462112426758
6359,28.013813018798828
6360,22.93462562561035
6361,17.70895767211914
6362,22.819778442382812
6363,11.315084457397461
6364,26.927892684936523
6365,14.797090530395508
6366,22.564821243286133
6367,21.812044143676758
6368,17.75728988647461
6369,18.54121971130371
6370,16.7033634185791
6371,14.415631294250488
6372,18.10470199584961
6373,31.301301956176758
6374,30.287126541137695
6375,28.558130264282227
6376,29.410097122192383
6377,20.06898307800293
6378,10.713422775268555
6379,25.321840286254883
6380,25.122983932495117
6381,16.308191299438477
6382,22.650943756103516
6383,26.66878890991211
6384,16.514408111572266
6385,13.892980575561523
6386,25.49343490600586
6387,31.560644149780273
6388,15.873942375183105
6389,19.4011287689209
6390,18.36515235900879
6391,19.159969329833984
6392,11.737318992614746
6393,25.078426361083984
6394,18.35901641845703
6395,20.805498123168945
6396,17.38394546508789
6397,15.730326652526855
6398,27.920467376708984
6399,25.927772521972656
6400,25.6463565826416
6401,33.042049407958984
6402,27.135448455810547
6403,20.131450653076172
6404,15.369707107543945
6405,24.47698211669922
6406,11.7240571975708
6407,31.433155059814453
6408,25.665925979614258
6409,32.5870475769043
6410,11.219500541687012
6411,22.061185836791992
6412,21.630474090576172
6413,31.05069351196289
6414,11.756287574768066
6415,23.100053787231445
6416,21.518505096435547
6417,18.069496154785156
6418,16.951480865478516
6419,24.68848419189453
6420,28.013158798217773
6421,22.932613372802734
6422,17.707191467285156
6423,22.81949806213379
6424,11.313545227050781
6425,26.92581558227539
6426,14.797486305236816
6427,22.565080642700195
6428,21.811216354370117
6429,17.756301879882812
6430,18.539505004882812
6431,16.70302963256836
6432,14.41491413116455
6433,18.10379409790039
6434,31.300260543823242
6435,30.28546714782715
6436,28.555944442749023
6437,29.407886505126953
6438,20.067432403564453
6439,10.712597846984863
6440,25.31985092163086
6441,25.1226749420166
6442,16.30786895751953
6443,22.649141311645508
6444,26.668087005615234
6445,16.513530731201172
6446,13.893226623535156
6447,25.49321174621582
6448,31.559249877929688
6449,15.872652053833008
6450,19.39975929260254
6451,18.36496353149414
6452,19.158626556396484
6453,11.73520278930664
6454,25.078426361083984
6455,18.35787010192871
6456,20.804637908935547
6457,17.382165908813477
6458,15.729589462280273
6459,27.916765213012695
6460,25.927541732788086
6461,25.64424705505371
6462,33.043113708496094
6463,27.135456085205078
6464,20.129579544067383
6465,15.368448257446289
6466,24.475921630859375
6467,11.722625732421875
6468,31.43211555480957
6469,25.664371490478516
6470,32.586063385009766
6471,11.21843433380127
6472,22.059518814086914
6473,21.62836456298828
6474,31.049257278442383
6475,11.755048751831055
6476,23.099227905273438
6477,21.51555633544922
6478,18.068994522094727
6479,16.951175689697266
6480,24.68651580810547
6481,28.01250648498535
6482,22.930604934692383
6483,17.70541763305664
6484,22.819202423095703
6485,11.312010765075684
6486,26.92374038696289
6487,14.797871589660645
6488,22.56534767150879
6489,21.81039810180664
6490,17.755325317382812
6491,18.537796020507812
6492,16.702699661254883
6493,14.414199829101562
6494,18.102888107299805
6495,31.29924201965332
6496,30.2838134765625
6497,28.553756713867188
6498,29.40566062927246
6499,20.065879821777344
6500,10.711764335632324
6501,25.317848205566406
6502,25.122358322143555
6503,16.307538986206055
6504,22.647336959838867
6505,26.667390823364258
6506,16.512643814086914
6507,13.89348030090332
6508,25.49298095703125
6509,31.557876586914062
6510,15.871367454528809
6511,19.398395538330078
6512,18.3647518157959
6513,19.15728187561035
6514,11.733089447021484
6515,25.078426361083984
6516,18.35672378540039
6517,20.80378532409668
6518,17.380401611328125
6519,15.72885513305664
6520,27.913047790527344
6521,25.927295684814453
6522,25.642139434814453
6523,33.044158935546875
6524,27.135459899902344
6525,20.12771987915039
6526,15.367189407348633
6527,24.474864959716797
6528,11.721200942993164
6529,31.43106460571289
6530,25.662818908691406
6531,32.585079193115234
6532,11.217363357543945
6533,22.057849884033203
6534,21.626253128051758
6535,31.04784393310547
6536,11.753807067871094
6537,23.098405838012695
6538,21.512603759765625
6539,18.06848907470703
6540,16.950870513916016
6541,24.684539794921875
6542,28.011863708496094
6543,22.92857551574707
6544,17.703657150268555
6545,22.81892967224121
6546,11.31047534942627
6547,26.921676635742188
6548,14.798256874084473
6549,22.56561279296875
6550,21.809581756591797
6551,17.75435447692871
6552,18.536083221435547
6553,16.702362060546875
6554,14.41347885131836
6555,18.10198211669922
6556,31.298213958740234
6557,30.28216552734375
6558,28.55154800415039
6559,29.4034481048584
6560,20.0643310546875
6561,10.710931777954102
6562,25.315845489501953
6563,25.122051239013672
6564,16.307205200195312
6565,22.645530700683594
6566,26.666702270507812
6567,16.51175308227539
6568,13.893733978271484
6569,25.49275016784668
6570,31.556501388549805
6571,15.870070457458496
6572,19.397035598754883
6573,18.364521026611328
6574,19.155954360961914
6575,11.730982780456543
6576,25.078428268432617
6577,18.355571746826172
6578,20.80293846130371
6579,17.37862205505371
6580,15.728123664855957
6581,27.90934181213379
6582,25.92706298828125
6583,25.640026092529297
6584,33.04521179199219
6585,27.135469436645508
6586,20.12586212158203
6587,15.365937232971191
6588,24.473800659179688
6589,11.719771385192871
6590,31.430011749267578
6591,25.661239624023438
6592,32.58409118652344
6593,11.21629810333252
6594,22.056175231933594
6595,21.624141693115234
6596,31.046401977539062
6597,11.752570152282715
6598,23.097593307495117
6599,21.5096435546875
6600,18.067989349365234
6601,16.95057487487793
6602,24.68255615234375
6603,28.01120376586914
6604,22.926528930664062
6605,17.70186996459961
6606,22.818655014038086
6607,11.308931350708008
6608,26.91961669921875
6609,14.798629760742188
6610,22.56588363647461
6611,21.808774948120117
6612,17.753379821777344
6613,18.534364700317383
6614,16.702016830444336
6615,14.4127779006958
6616,18.101093292236328
6617,31.297197341918945
6618,30.28052520751953
6619,28.549341201782227
6620,29.401214599609375
6621,20.062788009643555
6622,10.710092544555664
6623,25.3138427734375
6624,25.12173080444336
6625,16.306880950927734
6626,22.643722534179688
6627,26.66600227355957
6628,16.510868072509766
6629,13.893986701965332
6630,25.492525100708008
6631,31.555124282836914
6632,15.868778228759766
6633,19.39566993713379
6634,18.36429786682129
6635,19.154613494873047
6636,11.728869438171387
6637,25.078432083129883
6638,18.354413986206055
6639,20.80208969116211
6640,17.37685203552246
6641,15.727389335632324
6642,27.9056396484375
6643,25.926820755004883
6644,25.63789939880371
6645,33.046234130859375
6646,27.135465621948242
6647,20.123994827270508
6648,15.364677429199219
6649,24.472745895385742
6650,11.71834945678711
6651,31.42897605895996
6652,25.65967559814453
6653,32.58311462402344
6654,11.21522331237793
6655,22.05449676513672
6656,21.62203025817871
6657,31.044979095458984
6658,11.751336097717285
6659,23.096782684326172
6660,21.506677627563477
6661,18.067489624023438
6662,16.950275421142578
6663,24.680564880371094
6664,28.010557174682617
6665,22.924480438232422
6666,17.700092315673828
6667,22.81838607788086
6668,11.307381629943848
6669,26.917539596557617
6670,14.799010276794434
6671,22.56614875793457
6672,21.807971954345703
6673,17.752408981323242
6674,18.532644271850586
6675,16.70168113708496
6676,14.412073135375977
6677,18.100202560424805
6678,31.296175003051758
6679,30.278881072998047
6680,28.547122955322266
6681,29.398990631103516
6682,20.061237335205078
6683,10.709247589111328
6684,25.311824798583984
6685,25.121421813964844
6686,16.306550979614258
6687,22.641925811767578
6688,26.66531753540039
6689,16.509981155395508
6690,13.89425277709961
6691,25.492298126220703
6692,31.553749084472656
6693,15.867481231689453
6694,19.394311904907227
6695,18.36408042907715
6696,19.15328598022461
6697,11.726763725280762
6698,25.07843780517578
6699,18.35326385498047
6700,20.801239013671875
6701,17.375083923339844
6702,15.726655960083008
6703,27.901945114135742
6704,25.92658805847168
6705,25.635774612426758
6706,33.04728317260742
6707,27.135473251342773
6708,20.12213897705078
6709,15.363426208496094
6710,24.471689224243164
6711,11.716928482055664
6712,31.427947998046875
6713,25.658111572265625
6714,32.5821418762207
6715,11.214154243469238
6716,22.05281639099121
6717,21.619916915893555
6718,31.043554306030273
6719,11.750093460083008
6720,23.095972061157227
6721,21.50370979309082
6722,18.066991806030273
6723,16.949983596801758
6724,24.678571701049805
6725,28.00991439819336
6726,22.922422409057617
6727,17.698312759399414
6728,22.818126678466797
6729,11.30583381652832
6730,26.915481567382812
6731,14.799392700195312
6732,22.56641387939453
6733,21.807157516479492
6734,17.75144386291504
6735,18.530916213989258
6736,16.701339721679688
6737,14.411371231079102
6738,18.099306106567383
6739,31.29515266418457
6740,30.27723503112793
6741,28.54490852355957
6742,29.39674949645996
6743,20.0596866607666
6744,10.708415031433105
6745,25.309814453125
6746,25.12110710144043
6747,16.306228637695312
6748,22.640108108520508
6749,26.664621353149414
6750,16.50909423828125
6751,13.894506454467773
6752,25.49207305908203
6753,31.5523681640625
6754,15.866183280944824
6755,19.3929443359375
6756,18.363866806030273
6757,19.151958465576172
6758,11.724650382995605
6759,25.078445434570312
6760,18.35211753845215
6761,20.800403594970703
6762,17.373313903808594
6763,15.725922584533691
6764,27.898218154907227
6765,25.926347732543945
6766,25.633649826049805
6767,33.048309326171875
6768,27.135488510131836
6769,20.120271682739258
6770,15.36216926574707
6771,24.47063636779785
6772,11.715506553649902
6773,31.426902770996094
6774,25.65654945373535
6775,32.58115768432617
6776,11.21308422088623
6777,22.051143646240234
6778,21.617794036865234
6779,31.042129516601562
6780,11.748859405517578
6781,23.095151901245117
6782,21.500757217407227
6783,18.066490173339844
6784,16.949684143066406
6785,24.67658805847168
6786,28.009265899658203
6787,22.920381546020508
6788,17.696537017822266
6789,22.817852020263672
6790,11.304292678833008
6791,26.91340446472168
6792,14.799779891967773
6793,22.566680908203125
6794,21.806333541870117
6795,17.750457763671875
6796,18.529211044311523
6797,16.701000213623047
6798,14.410654067993164
6799,18.09840202331543
6800,31.294132232666016
6801,30.275583267211914
6802,28.542713165283203
6803,29.394529342651367
6804,20.058149337768555
6805,10.707592010498047
6806,25.30782127380371
6807,25.120798110961914
6808,16.30589485168457
6809,22.6382999420166
6810,26.66391944885254
6811,16.508214950561523
6812,13.89476490020752
6813,25.49185562133789
6814,31.550989151000977
6815,15.864901542663574
6816,19.391578674316406
6817,18.36365509033203
6818,19.15060806274414
6819,11.722533226013184
6820,25.07845115661621
6821,18.35097312927246
6822,20.799541473388672
6823,17.371532440185547
6824,15.72519302368164
6825,27.894521713256836
6826,25.926118850708008
6827,25.631540298461914
6828,33.04936218261719
6829,27.135496139526367
6830,20.1184139251709
6831,15.360913276672363
6832,24.469572067260742
6833,11.714076042175293
6834,31.425857543945312
6835,25.65498924255371
6836,32.580177307128906
6837,11.212004661560059
6838,22.04946517944336
6839,21.61568260192871
6840,31.040695190429688
6841,11.747611045837402
6842,23.094337463378906
6843,21.49777603149414
6844,18.06599998474121
6845,16.949392318725586
6846,24.67460823059082
6847,28.008630752563477
6848,22.918350219726562
6849,17.694765090942383
6850,22.817569732666016
6851,11.302750587463379
6852,26.911327362060547
6853,14.800156593322754
6854,22.566957473754883
6855,21.80552101135254
6856,17.74949073791504
6857,18.527494430541992
6858,16.700668334960938
6859,14.409951210021973
6860,18.097505569458008
6861,31.293109893798828
6862,30.27393341064453
6863,28.540510177612305
6864,29.392301559448242
6865,20.056596755981445
6866,10.70676040649414
6867,25.305810928344727
6868,25.120492935180664
6869,16.305572509765625
6870,22.636493682861328
6871,26.663223266601562
6872,16.507333755493164
6873,13.895027160644531
6874,25.491626739501953
6875,31.549610137939453
6876,15.86361026763916
6877,19.39021110534668
6878,18.363431930541992
6879,19.149274826049805
6880,11.720416069030762
6881,25.078458786010742
6882,18.349822998046875
6883,20.798696517944336
6884,17.36975860595703
6885,15.724449157714844
6886,27.89080810546875
6887,25.925884246826172
6888,25.629409790039062
6889,33.05040740966797
6890,27.13551139831543
6891,20.11654281616211
6892,15.359654426574707
6893,24.4685001373291
6894,11.712655067443848
6895,31.424819946289062
6896,25.653432846069336
6897,32.57920455932617
6898,11.210931777954102
6899,22.047780990600586
6900,21.61356544494629
6901,31.039249420166016
6902,11.74637222290039
6903,23.09352684020996
6904,21.49480628967285
6905,18.065494537353516
6906,16.9490966796875
6907,24.672607421875
6908,28.007980346679688
6909,22.916303634643555
6910,17.692981719970703
6911,22.81730079650879
6912,11.301207542419434
6913,26.909255981445312
6914,14.800542831420898
6915,22.56722068786621
6916,21.804698944091797
6917,17.748504638671875
6918,18.525775909423828
6919,16.70033073425293
6920,14.409252166748047
6921,18.09660530090332
6922,31.292085647583008
6923,30.272293090820312
6924,28.538286209106445
6925,29.39008140563965
6926,20.055063247680664
6927,10.705931663513184
6928,25.303800582885742
6929,25.12017250061035
6930,16.305240631103516
6931,22.634681701660156
6932,26.662521362304688
6933,16.506460189819336
6934,13.895292282104492
6935,25.491424560546875
6936,31.548233032226562
6937,15.862314224243164
6938,19.38884925842285
6939,18.36322784423828
6940,19.14794158935547
6941,11.718301773071289
6942,25.078472137451172
6943,18.348670959472656
6944,20.7978458404541
6945,17.367979049682617
6946,15.723714828491211
6947,27.88707733154297
6948,25.9256649017334
6949,25.627300262451172
6950,33.05146026611328
6951,27.135536193847656
6952,20.11467742919922
6953,15.358402252197266
6954,24.467439651489258
6955,11.711223602294922
6956,31.42377471923828
6957,25.651878356933594
6958,32.57822036743164
6959,11.209859848022461
6960,22.04610824584961
6961,21.611434936523438
6962,31.037826538085938
6963,11.745129585266113
6964,23.09272003173828
6965,21.491830825805664
6966,18.06500244140625
6967,16.94879913330078
6968,24.670635223388672
6969,28.007335662841797
6970,22.914281845092773
6971,17.691207885742188
6972,22.817033767700195
6973,11.299666404724121
6974,26.90717315673828
6975,14.800930976867676
6976,22.5675048828125
6977,21.80388069152832
6978,17.747526168823242
6979,18.524057388305664
6980,16.699993133544922
6981,14.408544540405273
6982,18.095703125
6983,31.29106330871582
6984,30.2706356048584
6985,28.53608512878418
6986,29.387840270996094
6987,20.053510665893555
6988,10.70510482788086
6989,25.301795959472656
6990,25.119873046875
6991,16.304908752441406
6992,22.63287353515625
6993,26.661834716796875
6994,16.505582809448242
6995,13.895552635192871
6996,25.491207122802734
6997,31.546850204467773
6998,15.8610258102417
6999,19.387479782104492
7000,18.36302375793457
7001,19.14659309387207
7002,11.716181755065918
7003,25.078475952148438
7004,18.34752655029297
7005,20.7969913482666
7006,17.366195678710938
7007,15.722977638244629
7008,27.88335609436035
7009,25.925426483154297
7010,25.62517738342285
7011,33.05251693725586
7012,27.13555145263672
7013,20.112815856933594
7014,15.357136726379395
7015,24.46637725830078
7016,11.709794998168945
7017,31.42272186279297
7018,25.65032196044922
7019,32.57723617553711
7020,11.20878791809082
7021,22.044437408447266
7022,21.60931968688965
7023,31.03640365600586
7024,11.743884086608887
7025,23.091896057128906
7026,21.488861083984375
7027,18.06451416015625
7028,16.948509216308594
7029,24.668657302856445
7030,28.006690979003906
7031,22.912273406982422
7032,17.689437866210938
7033,22.81673812866211
7034,11.29813003540039
7035,26.905092239379883
7036,14.801326751708984
7037,22.567773818969727
7038,21.80305290222168
7039,17.746536254882812
7040,18.522340774536133
7041,16.69966697692871
7042,14.407832145690918
7043,18.094799041748047
7044,31.29005241394043
7045,30.268997192382812
7046,28.53387451171875
7047,29.3856201171875
7048,20.051973342895508
7049,10.704277992248535
7050,25.299789428710938
7051,25.11956024169922
7052,16.30459213256836
7053,22.631061553955078
7054,26.661144256591797
7055,16.50469970703125
7056,13.895829200744629
7057,25.490983963012695
7058,31.545452117919922
7059,15.859724998474121
7060,19.3861083984375
7061,18.362812042236328
7062,19.14524269104004
7063,11.714061737060547
7064,25.078489303588867
7065,18.346376419067383
7066,20.7961368560791
7067,17.364416122436523
7068,15.722233772277832
7069,27.879615783691406
7070,25.925201416015625
7071,25.623065948486328
7072,33.0535888671875
7073,27.135581970214844
7074,20.110939025878906
7075,15.355879783630371
7076,24.465309143066406
7077,11.708366394042969
7078,31.421676635742188
7079,25.648773193359375
7080,32.57624816894531
7081,11.207719802856445
7082,22.04275894165039
7083,21.607192993164062
7084,31.034957885742188
7085,11.742642402648926
7086,23.091079711914062
7087,21.485889434814453
7088,18.064022064208984
7089,16.948211669921875
7090,24.666671752929688
7091,28.006038665771484
7092,22.910266876220703
7093,17.687667846679688
7094,22.816457748413086
7095,11.296584129333496
7096,26.902999877929688
7097,14.801728248596191
7098,22.56804656982422
7099,21.802227020263672
7100,17.745542526245117
7101,18.520627975463867
7102,16.699337005615234
7103,14.407102584838867
7104,18.09387969970703
7105,31.28902244567871
7106,30.267330169677734
7107,28.531673431396484
7108,29.383392333984375
7109,20.050416946411133
7110,10.70345687866211
7111,25.297773361206055
7112,25.119266510009766
7113,16.304264068603516
7114,22.629255294799805
7115,26.66044807434082
7116,16.503828048706055
7117,13.896095275878906
7118,25.490764617919922
7119,31.544055938720703
7120,15.85842514038086
7121,19.384746551513672
7122,18.36262321472168
7123,19.143888473510742
7124,11.711946487426758
7125,25.078500747680664
7126,18.345226287841797
7127,20.7952823638916
7128,17.362640380859375
7129,15.721494674682617
7130,27.875852584838867
7131,25.92498207092285
7132,25.620935440063477
7133,33.054656982421875
7134,27.13560676574707
7135,20.109067916870117
7136,15.354615211486816
7137,24.46424674987793
7138,11.706944465637207
7139,31.42061996459961
7140,25.6472225189209
7141,32.575252532958984
7142,11.20665168762207
7143,22.04109001159668
7144,21.605066299438477
7145,31.03352928161621
7146,11.74140453338623
7147,23.090253829956055
7148,21.48290252685547
7149,18.06352424621582
7150,16.947908401489258
7151,24.664690017700195
7152,28.005390167236328
7153,22.90825843811035
7154,17.68589973449707
7155,22.816165924072266
7156,11.295048713684082
7157,26.900903701782227
7158,14.80215072631836
7159,22.568330764770508
7160,21.8013973236084
7161,17.744543075561523
7162,18.51890754699707
7163,16.69901466369629
7164,14.406388282775879
7165,18.09296989440918
7166,31.287994384765625
7167,30.265655517578125
7168,28.529470443725586
7169,29.38117218017578
7170,20.04888916015625
7171,10.702635765075684
7172,25.29575538635254
7173,25.118967056274414
7174,16.303939819335938
7175,22.62744903564453
7176,26.659765243530273
7177,16.502954483032227
7178,13.896368026733398
7179,25.490556716918945
7180,31.542659759521484
7181,15.85713005065918
7182,19.383380889892578
7183,18.362442016601562
7184,19.142534255981445
7185,11.709834098815918
7186,25.078508377075195
7187,18.34408950805664
7188,20.79442596435547
7189,17.360862731933594
7190,15.720756530761719
7191,27.872112274169922
7192,25.924760818481445
7193,25.618818283081055
7194,33.05573272705078
7195,27.135644912719727
7196,20.107179641723633
7197,15.35335922241211
7198,24.463191986083984
7199,11.70551872253418
7200,31.41956901550293
7201,25.645666122436523
7202,32.57425308227539
7203,11.205588340759277
7204,22.03940773010254
7205,21.602941513061523
7206,31.032114028930664
7207,11.740167617797852
7208,23.089431762695312
7209,21.47993278503418
7210,18.063034057617188
7211,16.947614669799805
7212,24.66269874572754
7213,28.00473976135254
7214,22.906219482421875
7215,17.684133529663086
7216,22.815902709960938
7217,11.293497085571289
7218,26.8988094329834
7219,14.802552223205566
7220,22.5686092376709
7221,21.80057716369629
7222,17.74355697631836
7223,18.517175674438477
7224,16.698684692382812
7225,14.40567684173584
7226,18.092058181762695
7227,31.2869873046875
7228,30.26399803161621
7229,28.527257919311523
7230,29.378944396972656
7231,20.04732894897461
7232,10.70181655883789
7233,25.293733596801758
7234,25.11867332458496
7235,16.303611755371094
7236,22.625640869140625
7237,26.65907859802246
7238,16.502073287963867
7239,13.896639823913574
7240,25.490346908569336
7241,31.5412540435791
7242,15.855818748474121
7243,19.38201141357422
7244,18.36223602294922
7245,19.14118194580078
7246,11.707716941833496
7247,25.078514099121094
7248,18.342939376831055
7249,20.7935733795166
7250,17.359088897705078
7251,15.720023155212402
7252,27.86834144592285
7253,25.924543380737305
7254,25.616687774658203
7255,33.05680847167969
7256,27.13568115234375
7257,20.105302810668945
7258,15.352103233337402
7259,24.462133407592773
7260,11.704097747802734
7261,31.41850471496582
7262,25.644102096557617
7263,32.573272705078125
7264,11.204517364501953
7265,22.0377197265625
7266,21.600812911987305
7267,31.030689239501953
7268,11.738933563232422
7269,23.0886173248291
7270,21.47694969177246
7271,18.06254005432129
7272,16.94731903076172
7273,24.660701751708984
7274,28.004085540771484
7275,22.904159545898438
7276,17.68235969543457
7277,22.815641403198242
7278,11.291940689086914
7279,26.89673614501953
7280,14.802953720092773
7281,22.56889533996582
7282,21.79976463317871
7283,17.742582321166992
7284,18.515451431274414
7285,16.698366165161133
7286,14.404969215393066
7287,18.091142654418945
7288,31.285966873168945
7289,30.2623348236084
7290,28.52503776550293
7291,29.3767147064209
7292,20.04578971862793
7293,10.70098876953125
7294,25.291723251342773
7295,25.11837387084961
7296,16.303293228149414
7297,22.623828887939453
7298,26.658384323120117
7299,16.50119400024414
7300,13.896915435791016
7301,25.490135192871094
7302,31.539865493774414
7303,15.85451602935791
7304,19.38064956665039
7305,18.36203384399414
7306,19.13983917236328
7307,11.705598831176758
7308,25.078523635864258
7309,18.341781616210938
7310,20.792720794677734
7311,17.357311248779297
7312,15.719287872314453
7313,27.864601135253906
7314,25.924314498901367
7315,25.614564895629883
7316,33.0578727722168
7317,27.135713577270508
7318,20.10341453552246
7319,15.350844383239746
7320,24.4610595703125
7321,11.702676773071289
7322,31.417457580566406
7323,25.642541885375977
7324,32.572296142578125
7325,11.203448295593262
7326,22.036041259765625
7327,21.598684310913086
7328,31.029260635375977
7329,11.737696647644043
7330,23.087799072265625
7331,21.473970413208008
7332,18.062053680419922
7333,16.94702911376953
7334,24.65871238708496
7335,28.003442764282227
7336,22.902137756347656
7337,17.680593490600586
7338,22.81536293029785
7339,11.290384292602539
7340,26.89464569091797
7341,14.803367614746094
7342,22.569162368774414
7343,21.79894256591797
7344,17.74159049987793
7345,18.51372718811035
7346,16.698028564453125
7347,14.404257774353027
7348,18.090234756469727
7349,31.284942626953125
7350,30.26066780090332
7351,28.522829055786133
7352,29.374483108520508
7353,20.04422950744629
7354,10.700159072875977
7355,25.289705276489258
7356,25.118083953857422
7357,16.302967071533203
7358,22.62201690673828
7359,26.657699584960938
7360,16.50031089782715
7361,13.897186279296875
7362,25.489919662475586
7363,31.53846549987793
7364,15.853218078613281
7365,19.379281997680664
7366,18.361846923828125
7367,19.138492584228516
7368,11.703489303588867
7369,25.07854652404785
7370,18.340639114379883
7371,20.791866302490234
7372,17.355533599853516
7373,15.718544006347656
7374,27.86083984375
7375,25.924100875854492
7376,25.612442016601562
7377,33.0589485168457
7378,27.135744094848633
7379,20.10153579711914
7380,15.349579811096191
7381,24.46001434326172
7382,11.701247215270996
7383,31.416414260864258
7384,25.640979766845703
7385,32.57130813598633
7386,11.202383041381836
7387,22.03434944152832
7388,21.59654998779297
7389,31.027816772460938
7390,11.736458778381348
7391,23.086986541748047
7392,21.47097396850586
7393,18.061561584472656
7394,16.94673728942871
7395,24.656713485717773
7396,28.002792358398438
7397,22.90009117126465
7398,17.678817749023438
7399,22.815086364746094
7400,11.28884220123291
7401,26.892560958862305
7402,14.803767204284668
7403,22.569448471069336
7404,21.79812240600586
7405,17.7405948638916
7406,18.51200294494629
7407,16.69770050048828
7408,14.403544425964355
7409,18.089336395263672
7410,31.283937454223633
7411,30.259010314941406
7412,28.52060317993164
7413,29.372241973876953
7414,20.04269027709961
7415,10.699341773986816
7416,25.287677764892578
7417,25.117778778076172
7418,16.302640914916992
7419,22.620210647583008
7420,26.657012939453125
7421,16.49944496154785
7422,13.89747142791748
7423,25.489709854125977
7424,31.537076950073242
7425,15.851913452148438
7426,19.377912521362305
7427,18.361637115478516
7428,19.137147903442383
7429,11.701366424560547
7430,25.07855224609375
7431,18.339488983154297
7432,20.791019439697266
7433,17.35375213623047
7434,15.717811584472656
7435,27.857078552246094
7436,25.92387580871582
7437,25.61029815673828
7438,33.06000518798828
7439,27.135780334472656
7440,20.09966278076172
7441,15.348320007324219
7442,24.45894432067871
7443,11.699825286865234
7444,31.41537094116211
7445,25.639415740966797
7446,32.57033157348633
7447,11.20130729675293
7448,22.032665252685547
7449,21.59441375732422
7450,31.02639389038086
7451,11.735215187072754
7452,23.086170196533203
7453,21.46799087524414
7454,18.061071395874023
7455,16.946443557739258
7456,24.654720306396484
7457,28.002155303955078
7458,22.898042678833008
7459,17.677043914794922
7460,22.814834594726562
7461,11.287278175354004
7462,26.89047622680664
7463,14.804162979125977
7464,22.569725036621094
7465,21.797306060791016
7466,17.739620208740234
7467,18.510276794433594
7468,16.697376251220703
7469,14.40284538269043
7470,18.088424682617188
7471,31.28291893005371
7472,30.257360458374023
7473,28.518390655517578
7474,29.369998931884766
7475,20.04114532470703
7476,10.698511123657227
7477,25.285659790039062
7478,25.117469787597656
7479,16.302316665649414
7480,22.618392944335938
7481,26.656328201293945
7482,16.498565673828125
7483,13.897750854492188
7484,25.489511489868164
7485,31.535690307617188
7486,15.850605964660645
7487,19.37653923034668
7488,18.361440658569336
7489,19.13580894470215
7490,11.699248313903809
7491,25.07856559753418
7492,18.338342666625977
7493,20.7901668548584
7494,17.35197639465332
7495,15.717070579528809
7496,27.853334426879883
7497,25.923664093017578
7498,25.608150482177734
7499,33.06105422973633
7500,27.13581085205078
7501,20.0977783203125
7502,15.34705924987793
7503,24.457889556884766
7504,11.698410987854004
7505,31.414329528808594
7506,25.63784408569336
7507,32.569358825683594
7508,11.200241088867188
7509,22.030977249145508
7510,21.592288970947266
7511,31.024959564208984
7512,11.733979225158691
7513,23.08536148071289
7514,21.46500587463379
7515,18.060583114624023
7516,16.946168899536133
7517,24.65271759033203
7518,28.001510620117188
7519,22.895980834960938
7520,17.675262451171875
7521,22.814584732055664
7522,11.28571891784668
7523,26.88839340209961
7524,14.804564476013184
7525,22.57000732421875
7526,21.796497344970703
7527,17.738636016845703
7528,18.508541107177734
7529,16.697032928466797
7530,14.402152061462402
7531,18.0875301361084
7532,31.281906127929688
7533,30.255708694458008
7534,28.516151428222656
7535,29.367759704589844
7536,20.03960609436035
7537,10.69768238067627
7538,25.28363800048828
7539,25.11717987060547
7540,16.301990509033203
7541,22.616586685180664
7542,26.6556339263916
7543,16.497682571411133
7544,13.898036003112793
7545,25.48930549621582
7546,31.5343074798584
7547,15.849297523498535
7548,19.375171661376953
7549,18.361230850219727
7550,19.13447380065918
7551,11.697132110595703
7552,25.078582763671875
7553,18.337188720703125
7554,20.789323806762695
7555,17.35019302368164
7556,15.71633243560791
7557,27.849594116210938
7558,25.923444747924805
7559,25.60600471496582
7560,33.06211853027344
7561,27.135847091674805
7562,20.095882415771484
7563,15.345805168151855
7564,24.456829071044922
7565,11.696990013122559
7566,31.41329002380371
7567,25.63627815246582
7568,32.568397521972656
7569,11.19916820526123
7570,22.029273986816406
7571,21.59014892578125
7572,31.023530960083008
7573,11.7327299118042
7574,23.084558486938477
7575,21.462011337280273
7576,18.06009864807129
7577,16.94588851928711
7578,24.650705337524414
7579,28.00086784362793
7580,22.893909454345703
7581,17.673484802246094
7582,22.814327239990234
7583,11.284161567687988
7584,26.886306762695312
7585,14.804949760437012
7586,22.570276260375977
7587,21.795686721801758
7588,17.7376651763916
7589,18.50680923461914
7590,16.69668960571289
7591,14.401464462280273
7592,18.086633682250977
7593,31.28091049194336
7594,30.25406837463379
7595,28.513917922973633
7596,29.365520477294922
7597,20.038061141967773
7598,10.696843147277832
7599,25.281600952148438
7600,25.116870880126953
7601,16.301668167114258
7602,22.61477279663086
7603,26.654964447021484
7604,16.49680519104004
7605,13.89831829071045
7606,25.489099502563477
7607,31.532943725585938
7608,15.847990036010742
7609,19.373794555664062
7610,18.361019134521484
7611,19.133140563964844
7612,11.695022583007812
7613,25.07859992980957
7614,18.33603858947754
7615,20.788476943969727
7616,17.348417282104492
7617,15.715597152709961
7618,27.845848083496094
7619,25.923221588134766
7620,25.603858947753906
7621,33.063175201416016
7622,27.13587760925293
7623,20.09400177001953
7624,15.344554901123047
7625,24.45577621459961
7626,11.695568084716797
7627,31.41225242614746
7628,25.634702682495117
7629,32.567420959472656
7630,11.198095321655273
7631,22.027570724487305
7632,21.588022232055664
7633,31.022104263305664
7634,11.731491088867188
7635,23.083755493164062
7636,21.459020614624023
7637,18.059602737426758
7638,16.94560432434082
7639,24.64870262145996
7640,28.000226974487305
7641,22.891826629638672
7642,17.67169761657715
7643,22.8140811920166
7644,11.282596588134766
7645,26.88422966003418
7646,14.805347442626953
7647,22.570556640625
7648,21.794879913330078
7649,17.736684799194336
7650,18.50507164001465
7651,16.696348190307617
7652,14.400776863098145
7653,18.085729598999023
7654,31.279897689819336
7655,30.252416610717773
7656,28.511674880981445
7657,29.363264083862305
7658,20.036518096923828
7659,10.696015357971191
7660,25.27956199645996
7661,25.116567611694336
7662,16.30134391784668
7663,22.612953186035156
7664,26.65427017211914
7665,16.495920181274414
7666,13.898605346679688
7667,25.488906860351562
7668,31.53156852722168
7669,15.846675872802734
7670,19.372426986694336
7671,18.360794067382812
7672,19.131811141967773
7673,11.692911148071289
7674,25.07863426208496
7675,18.334882736206055
7676,20.787641525268555
7677,17.34663200378418
7678,15.714860916137695
7679,27.842086791992188
7680,25.922998428344727
7681,25.601709365844727
7682,33.06422424316406
7683,27.135915756225586
7684,20.092130661010742
7685,15.343299865722656
7686,24.454723358154297
7687,11.694149017333984
7688,31.411203384399414
7689,25.63312339782715
7690,32.56645965576172
7691,11.197022438049316
7692,22.025869369506836
7693,21.58587646484375
7694,31.020681381225586
7695,11.73025131225586
7696,23.08295440673828
7697,21.456026077270508
7698,18.059110641479492
7699,16.945316314697266
7700,24.646699905395508
7701,27.99958610534668
7702,22.889760971069336
7703,17.6699161529541
7704,22.81382179260254
7705,11.28102970123291
7706,26.88215446472168
7707,14.805746078491211
7708,22.57083511352539
7709,21.794076919555664
7710,17.735713958740234
7711,18.503337860107422
7712,16.69600486755371
7713,14.400094985961914
7714,18.0848331451416
7715,31.27889633178711
7716,30.250776290893555
7717,28.509443283081055
7718,29.36101722717285
7719,20.03496742248535
7720,10.695180892944336
7721,25.277542114257812
7722,25.11626625061035
7723,16.301025390625
7724,22.61113166809082
7725,26.653593063354492
7726,16.495037078857422
7727,13.898894309997559
7728,25.48869514465332
7729,31.53017807006836
7730,15.845372200012207
7731,19.371047973632812
7732,18.360599517822266
7733,19.130470275878906
7734,11.690791130065918
7735,25.07863998413086
7736,18.333740234375
7737,20.786787033081055
7738,17.344860076904297
7739,15.714117050170898
7740,27.83832359313965
7741,25.922788619995117
7742,25.599559783935547
7743,33.065277099609375
7744,27.135955810546875
7745,20.09025001525879
7746,15.342040061950684
7747,24.45366859436035
7748,11.692732810974121
7749,31.41015625
7750,25.631553649902344
7751,32.565486907958984
7752,11.195952415466309
7753,22.024171829223633
7754,21.583738327026367
7755,31.019248962402344
7756,11.72901439666748
7757,23.082143783569336
7758,21.45302963256836
7759,18.05863380432129
7760,16.945032119750977
7761,24.64469337463379
7762,27.998945236206055
7763,22.887697219848633
7764,17.66814613342285
7765,22.813573837280273
7766,11.279467582702637
7767,26.880062103271484
7768,14.80614185333252
7769,22.571123123168945
7770,21.793262481689453
7771,17.734725952148438
7772,18.501605987548828
7773,16.695674896240234
7774,14.399397850036621
7775,18.083932876586914
7776,31.277891159057617
7777,30.24911880493164
7778,28.507211685180664
7779,29.358776092529297
7780,20.03343391418457
7781,10.694353103637695
7782,25.2755069732666
7783,25.115968704223633
7784,16.300703048706055
7785,22.609323501586914
7786,26.652917861938477
7787,16.49416160583496
7788,13.899181365966797
7789,25.48849868774414
7790,31.528804779052734
7791,15.844060897827148
7792,19.369678497314453
7793,18.360393524169922
7794,19.12912940979004
7795,11.688676834106445
7796,25.078662872314453
7797,18.332582473754883
7798,20.785945892333984
7799,17.34307861328125
7800,15.713382720947266
7801,27.83457374572754
7802,25.922576904296875
7803,25.597415924072266
7804,33.066341400146484
7805,27.1359920501709
7806,20.088361740112305
7807,15.340779304504395
7808,24.452606201171875
7809,11.691309928894043
7810,31.409120559692383
7811,25.629980087280273
7812,32.56452178955078
7813,11.1948823928833
7814,22.022472381591797
7815,21.581600189208984
7816,31.01781463623047
7817,11.727774620056152
7818,23.081336975097656
7819,21.450035095214844
7820,18.05814552307129
7821,16.944759368896484
7822,24.64268684387207
7823,27.99831199645996
7824,22.88563346862793
7825,17.666358947753906
7826,22.813312530517578
7827,11.277905464172363
7828,26.87798309326172
7829,14.806539535522461
7830,22.571401596069336
7831,21.79244613647461
7832,17.73375701904297
7833,18.499874114990234
7834,16.695329666137695
7835,14.398710250854492
7836,18.083040237426758
7837,31.27688980102539
7838,30.24747085571289
7839,28.504968643188477
7840,29.356521606445312
7841,20.031890869140625
7842,10.693524360656738
7843,25.273481369018555
7844,25.115657806396484
7845,16.300378799438477
7846,22.607501983642578
7847,26.6522216796875
7848,16.49327850341797
7849,13.8994722366333
7850,25.488298416137695
7851,31.527437210083008
7852,15.842756271362305
7853,19.368303298950195
7854,18.36018180847168
7855,19.127798080444336
7856,11.686562538146973
7857,25.078685760498047
7858,18.331430435180664
7859,20.78510284423828
7860,17.341289520263672
7861,15.712638854980469
7862,27.830829620361328
7863,25.922361373901367
7864,25.595272064208984
7865,33.067386627197266
7866,27.13602066040039
7867,20.08648681640625
7868,15.339519500732422
7869,24.451539993286133
7870,11.689884185791016
7871,31.40808868408203
7872,25.6284122467041
7873,32.56356430053711
7874,11.193804740905762
7875,22.020771026611328
7876,21.579471588134766
7877,31.01638412475586
7878,11.726524353027344
7879,23.080533981323242
7880,21.447032928466797
7881,18.057674407958984
7882,16.944486618041992
7883,24.640684127807617
7884,27.997676849365234
7885,22.883554458618164
7886,17.66455841064453
7887,22.813068389892578
7888,11.276344299316406
7889,26.87589454650879
7890,14.806922912597656
7891,22.571670532226562
7892,21.79163360595703
7893,17.7327823638916
7894,18.498138427734375
7895,16.694995880126953
7896,14.398026466369629
7897,18.082138061523438
7898,31.2758731842041
7899,30.245834350585938
7900,28.502727508544922
7901,29.354270935058594
7902,20.030344009399414
7903,10.692692756652832
7904,25.271446228027344
7905,25.115354537963867
7906,16.300048828125
7907,22.605680465698242
7908,26.65154266357422
7909,16.492416381835938
7910,13.89975643157959
7911,25.488101959228516
7912,31.526063919067383
7913,15.841444969177246
7914,19.36693572998047
7915,18.359962463378906
7916,19.12645721435547
7917,11.684435844421387
7918,25.078710556030273
7919,18.330280303955078
7920,20.784259796142578
7921,17.339509963989258
7922,15.711905479431152
7923,27.827083587646484
7924,25.92215347290039
7925,25.593124389648438
7926,33.06843566894531
7927,27.136064529418945
7928,20.08460807800293
7929,15.338261604309082
7930,24.450475692749023
7931,11.688467025756836
7932,31.407052993774414
7933,25.626846313476562
7934,32.562599182128906
7935,11.192728996276855
7936,22.019067764282227
7937,21.577322006225586
7938,31.014942169189453
7939,11.725275039672852
7940,23.07973861694336
7941,21.44403839111328
7942,18.05718231201172
7943,16.944202423095703
7944,24.6386775970459
7945,27.997039794921875
7946,22.881505966186523
7947,17.66277313232422
7948,22.81281852722168
7949,11.27479362487793
7950,26.87381362915039
7951,14.807316780090332
7952,22.571943283081055
7953,21.79082489013672
7954,17.73179817199707
7955,18.496414184570312
7956,16.69465446472168
7957,14.397333145141602
7958,18.08125114440918
7959,31.27487564086914
7960,30.244184494018555
7961,28.500503540039062
7962,29.352025985717773
7963,20.02880859375
7964,10.691866874694824
7965,25.269426345825195
7966,25.115047454833984
7967,16.29972267150879
7968,22.603866577148438
7969,26.650859832763672
7970,16.491539001464844
7971,13.900041580200195
7972,25.4879207611084
7973,31.52469825744629
7974,15.840147972106934
7975,19.365556716918945
7976,18.359758377075195
7977,19.1251220703125
7978,11.68231201171875
7979,25.078725814819336
7980,18.329124450683594
7981,20.78341293334961
7982,17.33771514892578
7983,15.711163520812988
7984,27.823328018188477
7985,25.921924591064453
7986,25.590988159179688
7987,33.069496154785156
7988,27.136104583740234
7989,20.082731246948242
7990,15.33701229095459
7991,24.44941520690918
7992,11.687043190002441
7993,31.40601348876953
7994,25.625282287597656
7995,32.5616340637207
7996,11.191645622253418
7997,22.01736831665039
7998,21.575183868408203
7999,31.013507843017578
8000,11.72402286529541
8001,23.078927993774414
8002,21.44103240966797
8003,18.056699752807617
8004,16.943927764892578
8005,24.63668441772461
8006,27.99641227722168
8007,22.879474639892578
8008,17.660991668701172
8009,22.812545776367188
8010,11.2732515335083
8011,26.871713638305664
8012,14.807723045349121
8013,22.572235107421875
8014,21.789993286132812
8015,17.730796813964844
8016,18.494693756103516
8017,16.694326400756836
8018,14.396636962890625
8019,18.080337524414062
8020,31.27385711669922
8021,30.242511749267578
8022,28.498289108276367
8023,29.34977912902832
8024,20.027259826660156
8025,10.691049575805664
8026,25.26740264892578
8027,25.11475372314453
8028,16.299396514892578
8029,22.60204315185547
8030,26.650177001953125
8031,16.49067497253418
8032,13.900333404541016
8033,25.48772621154785
8034,31.5233097076416
8035,15.838847160339355
8036,19.36418914794922
8037,18.35955238342285
8038,19.123764038085938
8039,11.680194854736328
8040,25.078754425048828
8041,18.32798194885254
8042,20.782560348510742
8043,17.335922241210938
8044,15.71042251586914
8045,27.819564819335938
8046,25.92171859741211
8047,25.58884620666504
8048,33.07057189941406
8049,27.136144638061523
8050,20.080848693847656
8051,15.33574104309082
8052,24.448339462280273
8053,11.685613632202148
8054,31.40496826171875
8055,25.623722076416016
8056,32.56065368652344
8057,11.190572738647461
8058,22.015674591064453
8059,21.573041915893555
8060,31.01207160949707
8061,11.722769737243652
8062,23.0781192779541
8063,21.43802261352539
8064,18.05621337890625
8065,16.943641662597656
8066,24.634687423706055
8067,27.995777130126953
8068,22.877443313598633
8069,17.659208297729492
8070,22.81227684020996
8071,11.271700859069824
8072,26.86960792541504
8073,14.808126449584961
8074,22.572507858276367
8075,21.78915023803711
8076,17.729799270629883
8077,18.49297332763672
8078,16.693992614746094
8079,14.3959321975708
8080,18.079429626464844
8081,31.272844314575195
8082,30.240861892700195
8083,28.496070861816406
8084,29.347536087036133
8085,20.025720596313477
8086,10.69023323059082
8087,25.265363693237305
8088,25.11446189880371
8089,16.299068450927734
8090,22.600223541259766
8091,26.649494171142578
8092,16.48981285095215
8093,13.90062141418457
8094,25.487537384033203
8095,31.52193832397461
8096,15.837541580200195
8097,19.362802505493164
8098,18.359365463256836
8099,19.122413635253906
8100,11.678065299987793
8101,25.078784942626953
8102,18.32682991027832
8103,20.781705856323242
8104,17.334135055541992
8105,15.709678649902344
8106,27.815805435180664
8107,25.9215145111084
8108,25.586719512939453
8109,33.07164001464844
8110,27.136205673217773
8111,20.078962326049805
8112,15.334480285644531
8113,24.447275161743164
8114,11.684186935424805
8115,31.403921127319336
8116,25.622175216674805
8117,32.559669494628906
8118,11.189495086669922
8119,22.013986587524414
8120,21.570894241333008
8121,31.010635375976562
8122,11.721512794494629
8123,23.077299118041992
8124,21.435016632080078
8125,18.05573081970215
8126,16.9433650970459
8127,24.632692337036133
8128,27.995141983032227
8129,22.87540626525879
8130,17.65743064880371
8131,22.812013626098633
8132,11.270151138305664
8133,26.867515563964844
8134,14.808527946472168
8135,22.572790145874023
8136,21.788328170776367
8137,17.728801727294922
8138,18.49125099182129
8139,16.69366455078125
8140,14.395232200622559
8141,18.078529357910156
8142,31.27183723449707
8143,30.239206314086914
8144,28.493844985961914
8145,29.345304489135742
8146,20.024179458618164
8147,10.68941879272461
8148,25.263341903686523
8149,25.11415672302246
8150,16.298738479614258
8151,22.59840202331543
8152,26.648805618286133
8153,16.48894691467285
8154,13.90091323852539
8155,25.487340927124023
8156,31.520545959472656
8157,15.836241722106934
8158,19.361433029174805
8159,18.359167098999023
8160,19.12105941772461
8161,11.675942420959473
8162,25.07880210876465
8163,18.32567596435547
8164,20.780860900878906
8165,17.33234405517578
8166,15.708934783935547
8167,27.8120174407959
8168,25.921300888061523
8169,25.584583282470703
8170,33.072731018066406
8171,27.13625144958496
8172,20.077070236206055
8173,15.333212852478027
8174,24.446199417114258
8175,11.682759284973145
8176,31.402870178222656
8177,25.62062644958496
8178,32.55868911743164
8179,11.188420295715332
8180,22.012296676635742
8181,21.56875228881836
8182,31.009197235107422
8183,11.720256805419922
8184,23.07650375366211
8185,21.432003021240234
8186,18.05525779724121
8187,16.94308853149414
8188,24.630693435668945
8189,27.9945125579834
8190,22.873369216918945
8191,17.65564727783203
8192,22.81175994873047
8193,11.268589973449707
8194,26.86540985107422
8195,14.808937072753906
8196,22.57306480407715
8197,21.787500381469727
8198,17.727807998657227
8199,18.48952293395996
8200,16.69332504272461
8201,14.394539833068848
8202,18.077611923217773
8203,31.27083396911621
8204,30.237546920776367
8205,28.49161720275879
8206,29.343063354492188
8207,20.022642135620117
8208,10.688600540161133
8209,25.26130485534668
8210,25.11386489868164
8211,16.298412322998047
8212,22.596586227416992
8213,26.64813232421875
8214,16.488079071044922
8215,13.901202201843262
8216,25.487152099609375
8217,31.5191650390625
8218,15.83493709564209
8219,19.360057830810547
8220,18.358978271484375
8221,19.11971092224121
8222,11.673815727233887
8223,25.078826904296875
8224,18.324535369873047
8225,20.780012130737305
8226,17.33054542541504
8227,15.708191871643066
8228,27.808238983154297
8229,25.921100616455078
8230,25.582443237304688
8231,33.07379150390625
8232,27.136302947998047
8233,20.07518768310547
8234,15.331957817077637
8235,24.445138931274414
8236,11.681330680847168
8237,31.401824951171875
8238,25.619062423706055
8239,32.557716369628906
8240,11.187346458435059
8241,22.010602951049805
8242,21.566606521606445
8243,31.00775718688965
8244,11.719005584716797
8245,23.075695037841797
8246,21.428991317749023
8247,18.054777145385742
8248,16.942813873291016
8249,24.628694534301758
8250,27.993879318237305
8251,22.871335983276367
8252,17.653867721557617
8253,22.81149673461914
8254,11.26703929901123
8255,26.86330795288086
8256,14.809340476989746
8257,22.573348999023438
8258,21.786678314208984
8259,17.726818084716797
8260,18.487794876098633
8261,16.6929931640625
8262,14.393838882446289
8263,18.07671356201172
8264,31.269821166992188
8265,30.23589515686035
8266,28.489391326904297
8267,29.34080696105957
8268,20.021099090576172
8269,10.687782287597656
8270,25.2592716217041
8271,25.113567352294922
8272,16.298080444335938
8273,22.59475326538086
8274,26.64744758605957
8275,16.48721694946289
8276,13.901496887207031
8277,25.48697280883789
8278,31.517799377441406
8279,15.833627700805664
8280,19.358680725097656
8281,18.35877799987793
8282,19.11835479736328
8283,11.6716947555542
8284,25.078857421875
8285,18.323383331298828
8286,20.779159545898438
8287,17.328750610351562
8288,15.70744514465332
8289,27.80447006225586
8290,25.92089080810547
8291,25.580303192138672
8292,33.07487869262695
8293,27.136354446411133
8294,20.073299407958984
8295,15.330692291259766
8296,24.444063186645508
8297,11.679901123046875
8298,31.400772094726562
8299,25.617515563964844
8300,32.556739807128906
8301,11.18626880645752
8302,22.008895874023438
8303,21.564453125
8304,31.006317138671875
8305,11.717743873596191
8306,23.07489013671875
8307,21.42597770690918
8308,18.054298400878906
8309,16.94253158569336
8310,24.626689910888672
8311,27.993247985839844
8312,22.86927032470703
8313,17.652082443237305
8314,22.811243057250977
8315,11.26547622680664
8316,26.861217498779297
8317,14.809747695922852
8318,22.573627471923828
8319,21.785846710205078
8320,17.72580909729004
8321,18.486064910888672
8322,16.692659378051758
8323,14.393150329589844
8324,18.0758056640625
8325,31.26881217956543
8326,30.234235763549805
8327,28.487154006958008
8328,29.33855438232422
8329,20.01955795288086
8330,10.686963081359863
8331,25.257232666015625
8332,25.11328125
8333,16.297758102416992
8334,22.592933654785156
8335,26.646774291992188
8336,16.486347198486328
8337,13.901800155639648
8338,25.486780166625977
8339,31.51641273498535
8340,15.832324028015137
8341,19.35730743408203
8342,18.35857391357422
8343,19.117006301879883
8344,11.66956901550293
8345,25.078887939453125
8346,18.322235107421875
8347,20.778316497802734
8348,17.326961517333984
8349,15.706695556640625
8350,27.80068588256836
8351,25.920684814453125
8352,25.578161239624023
8353,33.07596206665039
8354,27.13641929626465
8355,20.07140350341797
8356,15.329435348510742
8357,24.44300079345703
8358,11.678474426269531
8359,31.399730682373047
8360,25.6159610748291
8361,32.555763244628906
8362,11.185192108154297
8363,22.007198333740234
8364,21.562301635742188
8365,31.004873275756836
8366,11.716501235961914
8367,23.074081420898438
8368,21.42296600341797
8369,18.05381965637207
8370,16.942251205444336
8371,24.624685287475586
8372,27.992610931396484
8373,22.867231369018555
8374,17.65030288696289
8375,22.810985565185547
8376,11.263917922973633
8377,26.85910415649414
8378,14.810159683227539
8379,22.573917388916016
8380,21.785022735595703
8381,17.724817276000977
8382,18.48432731628418
8383,16.692325592041016
8384,14.39245319366455
8385,18.074899673461914
8386,31.2678165435791
8387,30.23257827758789
8388,28.48491668701172
8389,29.336313247680664
8390,20.018020629882812
8391,10.686144828796387
8392,25.25518798828125
8393,25.11298942565918
8394,16.297426223754883
8395,22.59111213684082
8396,26.646095275878906
8397,16.485485076904297
8398,13.902092933654785
8399,25.486589431762695
8400,31.515026092529297
8401,15.831009864807129
8402,19.35593032836914
8403,18.358388900756836
8404,19.11565589904785
8405,11.66744327545166
8406,25.07891082763672
8407,18.321088790893555
8408,20.777456283569336
8409,17.325166702270508
8410,15.705952644348145
8411,27.796894073486328
8412,25.920486450195312
8413,25.57601547241211
8414,33.077049255371094
8415,27.1364803314209
8416,20.06951904296875
8417,15.328164100646973
8418,24.44193458557129
8419,11.677044868469238
8420,31.39867401123047
8421,25.614412307739258
8422,32.554786682128906
8423,11.184117317199707
8424,22.005496978759766
8425,21.56015396118164
8426,31.003442764282227
8427,11.715250968933105
8428,23.073261260986328
8429,21.419944763183594
8430,18.053348541259766
8431,16.941967010498047
8432,24.622690200805664
8433,27.991973876953125
8434,22.865201950073242
8435,17.64852523803711
8436,22.81071662902832
8437,11.262362480163574
8438,26.856998443603516
8439,14.810589790344238
8440,22.57420539855957
8441,21.784198760986328
8442,17.723804473876953
8443,18.482603073120117
8444,16.692005157470703
8445,14.391749382019043
8446,18.073976516723633
8447,31.266815185546875
8448,30.23088836669922
8449,28.482696533203125
8450,29.334064483642578
8451,20.016475677490234
8452,10.68533706665039
8453,25.25316619873047
8454,25.112695693969727
8455,16.297100067138672
8456,22.58929443359375
8457,26.645414352416992
8458,16.484622955322266
8459,13.902396202087402
8460,25.486419677734375
8461,31.513622283935547
8462,15.829696655273438
8463,19.354555130004883
8464,18.35820770263672
8465,19.11429214477539
8466,11.665322303771973
8467,25.078943252563477
8468,18.319936752319336
8469,20.7766056060791
8470,17.323366165161133
8471,15.705202102661133
8472,27.793088912963867
8473,25.9202880859375
8474,25.573869705200195
8475,33.078147888183594
8476,27.136545181274414
8477,20.067617416381836
8478,15.326897621154785
8479,24.44087028503418
8480,11.67562198638916
8481,31.397615432739258
8482,25.61285972595215
8483,32.553802490234375
8484,11.183048248291016
8485,22.003816604614258
8486,21.557994842529297
8487,31.00200653076172
8488,11.713998794555664
8489,23.072452545166016
8490,21.416927337646484
8491,18.052871704101562
8492,16.941694259643555
8493,24.620683670043945
8494,27.9913272857666
8495,22.863182067871094
8496,17.64675521850586
8497,22.810443878173828
8498,11.260811805725098
8499,26.854873657226562
8500,14.811020851135254
8501,22.574487686157227
8502,21.783340454101562
8503,17.722787857055664
8504,18.480878829956055
8505,16.691688537597656
8506,14.391030311584473
8507,18.07305145263672
8508,31.26579475402832
8509,30.229217529296875
8510,28.480485916137695
8511,29.331830978393555
8512,20.01494026184082
8513,10.684534072875977
8514,25.251136779785156
8515,25.112417221069336
8516,16.29677391052246
8517,22.587472915649414
8518,26.644731521606445
8519,16.483760833740234
8520,13.90269660949707
8521,25.486225128173828
8522,31.512216567993164
8523,15.828384399414062
8524,19.353181838989258
8525,18.358030319213867
8526,19.112934112548828
8527,11.663191795349121
8528,25.078969955444336
8529,18.31879234313965
8530,20.775754928588867
8531,17.321577072143555
8532,15.704460144042969
8533,27.789274215698242
8534,25.920087814331055
8535,25.571733474731445
8536,33.07925033569336
8537,27.136625289916992
8538,20.065717697143555
8539,15.325634002685547
8540,24.439786911010742
8541,11.674186706542969
8542,31.39655876159668
8543,25.611312866210938
8544,32.55279541015625
8545,11.181979179382324
8546,22.002119064331055
8547,21.55584144592285
8548,31.000564575195312
8549,11.712745666503906
8550,23.071638107299805
8551,21.413898468017578
8552,18.052391052246094
8553,16.941415786743164
8554,24.618688583374023
8555,27.99070167541504
8556,22.86115074157715
8557,17.644977569580078
8558,22.8101806640625
8559,11.259258270263672
8560,26.852754592895508
8561,14.811442375183105
8562,22.574785232543945
8563,21.782514572143555
8564,17.72178077697754
8565,18.479150772094727
8566,16.691368103027344
8567,14.390336036682129
8568,18.07213020324707
8569,31.264780044555664
8570,30.227550506591797
8571,28.478261947631836
8572,29.329593658447266
8573,20.013399124145508
8574,10.683730125427246
8575,25.249088287353516
8576,25.11212730407715
8577,16.296449661254883
8578,22.58565902709961
8579,26.64406394958496
8580,16.4829044342041
8581,13.902992248535156
8582,25.486040115356445
8583,31.51081657409668
8584,15.827069282531738
8585,19.3518009185791
8586,18.357866287231445
8587,19.111553192138672
8588,11.661059379577637
8589,25.078996658325195
8590,18.317649841308594
8591,20.77489471435547
8592,17.31978416442871
8593,15.703702926635742
8594,27.785451889038086
8595,25.919898986816406
8596,25.569597244262695
8597,33.080360412597656
8598,27.136690139770508
8599,20.063817977905273
8600,15.324358940124512
8601,24.438722610473633
8602,11.672760009765625
8603,31.395505905151367
8604,25.609773635864258
8605,32.55180740356445
8606,11.180910110473633
8607,22.00043296813965
8608,21.553686141967773
8609,30.999122619628906
8610,11.711490631103516
8611,23.07081413269043
8612,21.410879135131836
8613,18.051918029785156
8614,16.941131591796875
8615,24.616703033447266
8616,27.99005889892578
8617,22.859161376953125
8618,17.64320945739746
8619,22.809894561767578
8620,11.257716178894043
8621,26.850635528564453
8622,14.81187915802002
8623,22.575075149536133
8624,21.78167152404785
8625,17.72075080871582
8626,18.47742462158203
8627,16.691049575805664
8628,14.389618873596191
8629,18.071208953857422
8630,31.263776779174805
8631,30.225852966308594
8632,28.476049423217773
8633,29.327356338500977
8634,20.011859893798828
8635,10.682928085327148
8636,25.247060775756836
8637,25.111860275268555
8638,16.296117782592773
8639,22.583833694458008
8640,26.64337730407715
8641,16.482053756713867
8642,13.903299331665039
8643,25.485864639282227
8644,31.50942039489746
8645,15.825763702392578
8646,19.350427627563477
8647,18.357702255249023
8648,19.110185623168945
8649,11.658927917480469
8650,25.079036712646484
8651,18.316503524780273
8652,20.77403450012207
8653,17.317981719970703
8654,15.702956199645996
8655,27.78162384033203
8656,25.919710159301758
8657,25.567468643188477
8658,33.081485748291016
8659,27.136777877807617
8660,20.061914443969727
8661,15.323086738586426
8662,24.437654495239258
8663,11.671317100524902
8664,31.394433975219727
8665,25.608240127563477
8666,32.55079650878906
8667,11.179839134216309
8668,21.998754501342773
8669,21.55152702331543
8670,30.99768829345703
8671,11.710237503051758
8672,23.069995880126953
8673,21.407854080200195
8674,18.05144500732422
8675,16.94084358215332
8676,24.614717483520508
8677,27.989425659179688
8678,22.857173919677734
8679,17.641443252563477
8680,22.80962371826172
8681,11.256171226501465
8682,26.848506927490234
8683,14.81232738494873
8684,22.57537269592285
8685,21.780820846557617
8686,17.719717025756836
8687,18.475706100463867
8688,16.690738677978516
8689,14.388895988464355
8690,18.07026481628418
8691,31.262765884399414
8692,30.224170684814453
8693,28.473834991455078
8694,29.325124740600586
8695,20.01032066345215
8696,10.682130813598633
8697,25.245014190673828
8698,25.11157989501953
8699,16.295795440673828
8700,22.582019805908203
8701,26.6427059173584
8702,16.481210708618164
8703,13.903596878051758
8704,25.48568344116211
8705,31.507999420166016
8706,15.824457168579102
8707,19.349042892456055
8708,18.35755729675293
8709,19.108810424804688
8710,11.656801223754883
8711,25.079063415527344
8712,18.315357208251953
8713,20.773170471191406
8714,17.31618309020996
8715,15.702204704284668
8716,27.777782440185547
8717,25.919504165649414
8718,25.565340042114258
8719,33.082603454589844
8720,27.136859893798828
8721,20.060009002685547
8722,15.321815490722656
8723,24.436573028564453
8724,11.669885635375977
8725,31.393369674682617
8726,25.60671615600586
8727,32.5497932434082
8728,11.178771018981934
8729,21.997066497802734
8730,21.54936981201172
8731,30.996246337890625
8732,11.70898151397705
8733,23.069168090820312
8734,21.40482521057129
8735,18.05097007751465
8736,16.94056510925293
8737,24.61272430419922
8738,27.988780975341797
8739,22.85519027709961
8740,17.63967514038086
8741,22.809335708618164
8742,11.254627227783203
8743,26.846376419067383
8744,14.81277084350586
8745,22.575660705566406
8746,21.77996826171875
8747,17.718692779541016
8748,18.473976135253906
8749,16.6904296875
8750,14.388172149658203
8751,18.0693416595459
8752,31.261749267578125
8753,30.222471237182617
8754,28.471630096435547
8755,29.32288360595703
8756,20.00876808166504
8757,10.681337356567383
8758,25.242984771728516
8759,25.111316680908203
8760,16.295467376708984
8761,22.580204010009766
8762,26.64202117919922
8763,16.48035430908203
8764,13.903902053833008
8765,25.485509872436523
8766,31.5065860748291
8767,15.823150634765625
8768,19.347673416137695
8769,18.35738754272461
8770,19.10742950439453
8771,11.654668807983398
8772,25.079097747802734
8773,18.31421661376953
8774,20.77231216430664
8775,17.314373016357422
8776,15.70145034790039
8777,27.77396011352539
8778,25.919315338134766
8779,25.563199996948242
8780,33.08373260498047
8781,27.13694953918457
8782,20.05809783935547
8783,15.320539474487305
8784,24.43549919128418
8785,11.668445587158203
8786,31.39230728149414
8787,25.605180740356445
8788,32.548789978027344
8789,11.177700996398926
8790,21.995384216308594
8791,21.547210693359375
8792,30.99480438232422
8793,11.70772933959961
8794,23.068342208862305
8795,21.401798248291016
8796,18.050512313842773
8797,16.940277099609375
8798,24.610733032226562
8799,27.9881534576416
8800,22.853195190429688
8801,17.637914657592773
8802,22.809059143066406
8803,11.253084182739258
8804,26.84423065185547
8805,14.813212394714355
8806,22.575958251953125
8807,21.77910804748535
8808,17.717653274536133
8809,18.472259521484375
8810,16.690120697021484
8811,14.387453079223633
8812,18.068395614624023
8813,31.2607364654541
8814,30.22079086303711
8815,28.469425201416016
8816,29.320648193359375
8817,20.007232666015625
8818,10.680549621582031
8819,25.240949630737305
8820,25.11104393005371
8821,16.29513931274414
8822,22.578378677368164
8823,26.64134979248047
8824,16.47950553894043
8825,13.90421199798584
8826,25.485328674316406
8827,31.50518035888672
8828,15.821839332580566
8829,19.346290588378906
8830,18.357227325439453
8831,19.106050491333008
8832,11.652535438537598
8833,25.07912826538086
8834,18.313060760498047
8835,20.771453857421875
8836,17.31257438659668
8837,15.700705528259277
8838,27.770124435424805
8839,25.919126510620117
8840,25.561077117919922
8841,33.084869384765625
8842,27.137025833129883
8843,20.056194305419922
8844,15.3192720413208
8845,24.434431076049805
8846,11.667013168334961
8847,31.391237258911133
8848,25.603652954101562
8849,32.54778289794922
8850,11.176631927490234
8851,21.99371337890625
8852,21.54505157470703
8853,30.993356704711914
8854,11.70647144317627
8855,23.067522048950195
8856,21.398773193359375
8857,18.050033569335938
8858,16.940000534057617
8859,24.60873794555664
8860,27.98751449584961
8861,22.85120391845703
8862,17.63614273071289
8863,22.808773040771484
8864,11.251535415649414
8865,26.842111587524414
8866,14.8136568069458
8867,22.576251983642578
8868,21.778257369995117
8869,17.716632843017578
8870,18.47054100036621
8871,16.68980598449707
8872,14.386733055114746
8873,18.067461013793945
8874,31.259727478027344
8875,30.219112396240234
8876,28.46721649169922
8877,29.318424224853516
8878,20.005695343017578
8879,10.679750442504883
8880,25.23891830444336
8881,25.11076545715332
8882,16.294816970825195
8883,22.576553344726562
8884,26.640670776367188
8885,16.478656768798828
8886,13.904515266418457
8887,25.485158920288086
8888,31.503761291503906
8889,15.820528030395508
8890,19.344911575317383
8891,18.357078552246094
8892,19.10467529296875
8893,11.650396347045898
8894,25.079172134399414
8895,18.311927795410156
8896,20.770601272583008
8897,17.310766220092773
8898,15.699950218200684
8899,27.766294479370117
8900,25.9189395904541
8901,25.558940887451172
8902,33.08598709106445
8903,27.137126922607422
8904,20.054279327392578
8905,15.317999839782715
8906,24.4333553314209
8907,11.665578842163086
8908,31.390178680419922
8909,25.60211753845215
8910,32.54678726196289
8911,11.175561904907227
8912,21.992021560668945
8913,21.542888641357422
8914,30.991914749145508
8915,11.705218315124512
8916,23.066696166992188
8917,21.395729064941406
8918,18.0495548248291
8919,16.93971824645996
8920,24.60675048828125
8921,27.98687744140625
8922,22.849212646484375
8923,17.63437271118164
8924,22.80849838256836
8925,11.24998950958252
8926,26.83995819091797
8927,14.814108848571777
8928,22.57655143737793
8929,21.77739906311035
8930,17.715599060058594
8931,18.46881675720215
8932,16.689491271972656
8933,14.386014938354492
8934,18.06652069091797
8935,31.258712768554688
8936,30.217416763305664
8937,28.465011596679688
8938,29.31618881225586
8939,20.00416374206543
8940,10.678960800170898
8941,25.236873626708984
8942,25.110496520996094
8943,16.294477462768555
8944,22.574735641479492
8945,26.639997482299805
8946,16.477811813354492
8947,13.904827117919922
8948,25.4849853515625
8949,31.50234031677246
8950,15.819217681884766
8951,19.343538284301758
8952,18.356922149658203
8953,19.10329246520996
8954,11.648262023925781
8955,25.079206466674805
8956,18.310787200927734
8957,20.769742965698242
8958,17.3089656829834
8959,15.699197769165039
8960,27.7624454498291
8961,25.918750762939453
8962,25.556800842285156
8963,33.08712387084961
8964,27.137218475341797
8965,20.052377700805664
8966,15.316722869873047
8967,24.432283401489258
8968,11.66415023803711
8969,31.389102935791016
8970,25.600587844848633
8971,32.54578399658203
8972,11.174491882324219
8973,21.99033546447754
8974,21.540719985961914
8975,30.990476608276367
8976,11.70396614074707
8977,23.06587028503418
8978,21.3927001953125
8979,18.04909324645996
8980,16.939437866210938
8981,24.60475730895996
8982,27.986236572265625
8983,22.84721565246582
8984,17.632612228393555
8985,22.808210372924805
8986,11.24843692779541
8987,26.83782386779785
8988,14.814563751220703
8989,22.57685661315918
8990,21.776548385620117
8991,17.714567184448242
8992,18.467086791992188
8993,16.689189910888672
8994,14.385290145874023
8995,18.065584182739258
8996,31.257705688476562
8997,30.215717315673828
8998,28.462797164916992
8999,29.313945770263672
9000,20.002614974975586
9001,10.678170204162598
9002,25.234834671020508
9003,25.110233306884766
9004,16.294160842895508
9005,22.572917938232422
9006,26.63932228088379
9007,16.476964950561523
9008,13.905138969421387
9009,25.484806060791016
9010,31.500917434692383
9011,15.817902565002441
9012,19.3421630859375
9013,18.356779098510742
9014,19.101926803588867
9015,11.646125793457031
9016,25.079233169555664
9017,18.309640884399414
9018,20.768877029418945
9019,17.307161331176758
9020,15.698445320129395
9021,27.75858497619629
9022,25.918577194213867
9023,25.554670333862305
9024,33.0882568359375
9025,27.137310028076172
9026,20.050460815429688
9027,15.315451622009277
9028,24.431217193603516
9029,11.66271686553955
9030,31.38802719116211
9031,25.59905433654785
9032,32.544776916503906
9033,11.173426628112793
9034,21.988649368286133
9035,21.53856086730957
9036,30.989038467407227
9037,11.70272159576416
9038,23.06504249572754
9039,21.389665603637695
9040,18.04861831665039
9041,16.93915367126465
9042,24.602766036987305
9043,27.985599517822266
9044,22.845226287841797
9045,17.63084602355957
9046,22.80792808532715
9047,11.2468900680542
9048,26.835693359375
9049,14.815013885498047
9050,22.577157974243164
9051,21.775693893432617
9052,17.713529586791992
9053,18.46535873413086
9054,16.688892364501953
9055,14.384568214416504
9056,18.064640045166016
9057,31.256689071655273
9058,30.214008331298828
9059,28.460588455200195
9060,29.311710357666016
9061,20.00107765197754
9062,10.677382469177246
9063,25.232803344726562
9064,25.109968185424805
9065,16.293846130371094
9066,22.57110023498535
9067,26.638647079467773
9068,16.47611427307129
9069,13.905445098876953
9070,25.48462677001953
9071,31.49949073791504
9072,15.816580772399902
9073,19.340778350830078
9074,18.35663604736328
9075,19.10053253173828
9076,11.643998146057129
9077,25.079269409179688
9078,18.308490753173828
9079,20.768014907836914
9080,17.30535125732422
9081,15.69769287109375
9082,27.75473976135254
9083,25.91839027404785
9084,25.552541732788086
9085,33.08940887451172
9086,27.137422561645508
9087,20.04853630065918
9088,15.314181327819824
9089,24.430139541625977
9090,11.661286354064941
9091,31.386959075927734
9092,25.597536087036133
9093,32.54377365112305
9094,11.172355651855469
9095,21.986968994140625
9096,21.536392211914062
9097,30.98759651184082
9098,11.701470375061035
9099,23.064226150512695
9100,21.386629104614258
9101,18.048160552978516
9102,16.938867568969727
9103,24.600770950317383
9104,27.984952926635742
9105,22.843252182006836
9106,17.629085540771484
9107,22.807640075683594
9108,11.245349884033203
9109,26.83354377746582
9110,14.8154878616333
9111,22.577457427978516
9112,21.77483558654785
9113,17.712501525878906
9114,18.463634490966797
9115,16.6885929107666
9116,14.383841514587402
9117,18.063688278198242
9118,31.25567054748535
9119,30.21230697631836
9120,28.458383560180664
9121,29.309480667114258
9122,19.999536514282227
9123,10.676595687866211
9124,25.230756759643555
9125,25.10970115661621
9126,16.293519973754883
9127,22.569286346435547
9128,26.637964248657227
9129,16.47527503967285
9130,13.905757904052734
9131,25.484451293945312
9132,31.498037338256836
9133,15.815267562866211
9134,19.339401245117188
9135,18.356494903564453
9136,19.09914779663086
9137,11.641864776611328
9138,25.079299926757812
9139,18.307350158691406
9140,20.76715087890625
9141,17.303558349609375
9142,15.696940422058105
9143,27.7508602142334
9144,25.918212890625
9145,25.550399780273438
9146,33.09054946899414
9147,27.137523651123047
9148,20.046619415283203
9149,15.31290054321289
9150,24.42906951904297
9151,11.659856796264648
9152,31.385879516601562
9153,25.59601402282715
9154,32.542762756347656
9155,11.171296119689941
9156,21.985286712646484
9157,21.534221649169922
9158,30.986156463623047
9159,11.700221061706543
9160,23.06338882446289
9161,21.38359832763672
9162,18.047685623168945
9163,16.938579559326172
9164,24.598777770996094
9165,27.984304428100586
9166,22.841259002685547
9167,17.62732696533203
9168,22.807355880737305
9169,11.243790626525879
9170,26.83139991760254
9171,14.81595516204834
9172,22.57777214050293
9173,21.773977279663086
9174,17.711463928222656
9175,18.461902618408203
9176,16.688289642333984
9177,14.383112907409668
9178,18.062746047973633
9179,31.254650115966797
9180,30.21060562133789
9181,28.456174850463867
9182,29.30724334716797
9183,19.99799156188965
9184,10.675808906555176
9185,25.22871971130371
9186,25.10944366455078
9187,16.29320526123047
9188,22.56747055053711
9189,26.637296676635742
9190,16.474422454833984
9191,13.906076431274414
9192,25.484272003173828
9193,31.496604919433594
9194,15.81395149230957
9195,19.3380184173584
9196,18.356361389160156
9197,19.097763061523438
9198,11.63972282409668
9199,25.079330444335938
9200,18.306209564208984
9201,20.76629066467285
9202,17.301753997802734
9203,15.696191787719727
9204,27.746984481811523
9205,25.918033599853516
9206,25.548263549804688
9207,33.09170150756836
9208,27.137624740600586
9209,20.044692993164062
9210,15.311624526977539
9211,24.428009033203125
9212,11.658432006835938
9213,31.38479995727539
9214,25.594478607177734
9215,32.541748046875
9216,11.170232772827148
9217,21.983604431152344
9218,21.532058715820312
9219,30.98472023010254
9220,11.698982238769531
9221,23.062551498413086
9222,21.380563735961914
9223,18.047210693359375
9224,16.938297271728516
9225,24.596782684326172
9226,27.983654022216797
9227,22.839292526245117
9228,17.625566482543945
9229,22.80707550048828
9230,11.242244720458984
9231,26.829246520996094
9232,14.81643009185791
9233,22.578094482421875
9234,21.77312469482422
9235,17.710420608520508
9236,18.460172653198242
9237,16.68799591064453
9238,14.382373809814453
9239,18.06178855895996
9240,31.253639221191406
9241,30.20888900756836
9242,28.453960418701172
9243,29.30501365661621
9244,19.996444702148438
9245,10.675021171569824
9246,25.22667694091797
9247,25.10919952392578
9248,16.292888641357422
9249,22.565645217895508
9250,26.636615753173828
9251,16.473575592041016
9252,13.906392097473145
9253,25.484100341796875
9254,31.49515724182129
9255,15.812626838684082
9256,19.33664321899414
9257,18.356231689453125
9258,19.09636878967285
9259,11.637591361999512
9260,25.079368591308594
9261,18.305063247680664
9262,20.765430450439453
9263,17.299955368041992
9264,15.695444107055664
9265,27.743104934692383
9266,25.91786766052246
9267,25.546123504638672
9268,33.092864990234375
9269,27.137737274169922
9270,20.04277229309082
9271,15.310345649719238
9272,24.426937103271484
9273,11.657001495361328
9274,31.383724212646484
9275,25.592945098876953
9276,32.54072570800781
9277,11.16916561126709
9278,21.98192596435547
9279,21.529891967773438
9280,30.983285903930664
9281,11.697729110717773
9282,23.061716079711914
9283,21.377525329589844
9284,18.046749114990234
9285,16.938013076782227
9286,24.59478759765625
9287,27.983009338378906
9288,22.837295532226562
9289,17.623809814453125
9290,22.806793212890625
9291,11.240692138671875
9292,26.82710838317871
9293,14.816901206970215
9294,22.578392028808594
9295,21.772274017333984
9296,17.709392547607422
9297,18.458436965942383
9298,16.687694549560547
9299,14.381657600402832
9300,18.06084442138672
9301,31.252635955810547
9302,30.207191467285156
9303,28.451753616333008
9304,29.302772521972656
9305,19.994911193847656
9306,10.674234390258789
9307,25.22463607788086
9308,25.108938217163086
9309,16.29257583618164
9310,22.56382942199707
9311,26.635944366455078
9312,16.472728729248047
9313,13.906708717346191
9314,25.483924865722656
9315,31.49373435974121
9316,15.811310768127441
9317,19.33526039123535
9318,18.356077194213867
9319,19.09499168395996
9320,11.635452270507812
9321,25.07939910888672
9322,18.303916931152344
9323,20.76456642150879
9324,17.29815101623535
9325,15.694693565368652
9326,27.73923110961914
9327,25.917678833007812
9328,25.543987274169922
9329,33.09400939941406
9330,27.13783836364746
9331,20.04085350036621
9332,15.309073448181152
9333,24.42586326599121
9334,11.655569076538086
9335,31.382648468017578
9336,25.59141731262207
9337,32.53972244262695
9338,11.16810131072998
9339,21.980239868164062
9340,21.527732849121094
9341,30.981842041015625
9342,11.696478843688965
9343,23.060903549194336
9344,21.374492645263672
9345,18.04628562927246
9346,16.937732696533203
9347,24.59278106689453
9348,27.982372283935547
9349,22.835289001464844
9350,17.622045516967773
9351,22.8065185546875
9352,11.239131927490234
9353,26.824962615966797
9354,14.817363739013672
9355,22.578702926635742
9356,21.771425247192383
9357,17.708362579345703
9358,18.45669937133789
9359,16.687389373779297
9360,14.380942344665527
9361,18.059900283813477
9362,31.251625061035156
9363,30.205486297607422
9364,28.449527740478516
9365,29.30052947998047
9366,19.993366241455078
9367,10.673443794250488
9368,25.222583770751953
9369,25.108671188354492
9370,16.29225730895996
9371,22.562009811401367
9372,26.635271072387695
9373,16.471874237060547
9374,13.907036781311035
9375,25.48375701904297
9376,31.492311477661133
9377,15.809989929199219
9378,19.333879470825195
9379,18.355939865112305
9380,19.093624114990234
9381,11.633321762084961
9382,25.079439163208008
9383,18.302770614624023
9384,20.763704299926758
9385,17.296350479125977
9386,15.693939208984375
9387,27.735382080078125
9388,25.917509078979492
9389,25.541837692260742
9390,33.095157623291016
9391,27.137941360473633
9392,20.03892707824707
9393,15.307807922363281
9394,24.424800872802734
9395,11.654144287109375
9396,31.381580352783203
9397,25.589876174926758
9398,32.53873825073242
9399,11.167034149169922
9400,21.97853660583496
9401,21.525548934936523
9402,30.980396270751953
9403,11.69522762298584
9404,23.060083389282227
9405,21.371444702148438
9406,18.045812606811523
9407,16.937461853027344
9408,24.59077262878418
9409,27.981735229492188
9410,22.833261489868164
9411,17.62027359008789
9412,22.8062686920166
9413,11.237566947937012
9414,26.822832107543945
9415,14.817822456359863
9416,22.57900619506836
9417,21.77058982849121
9418,17.70733070373535
9419,18.454965591430664
9420,16.687089920043945
9421,14.380233764648438
9422,18.058963775634766
9423,31.250608444213867
9424,30.20377540588379
9425,28.447301864624023
9426,29.298280715942383
9427,19.9918212890625
9428,10.672647476196289
9429,25.220539093017578
9430,25.10841178894043
9431,16.29193115234375
9432,22.5601863861084
9433,26.63460350036621
9434,16.471023559570312
9435,13.907360076904297
9436,25.48358917236328
9437,31.49088478088379
9438,15.808663368225098
9439,19.33249855041504
9440,18.355792999267578
9441,19.092248916625977
9442,11.631183624267578
9443,25.07948112487793
9444,18.30162239074707
9445,20.762845993041992
9446,17.294546127319336
9447,15.693185806274414
9448,27.73150062561035
9449,25.91733169555664
9450,25.5396785736084
9451,33.09629440307617
9452,27.13804817199707
9453,20.037010192871094
9454,15.306529998779297
9455,24.42373275756836
9456,11.652717590332031
9457,31.380516052246094
9458,25.588342666625977
9459,32.53774642944336
9460,11.16596508026123
9461,21.976835250854492
9462,21.52337646484375
9463,30.978961944580078
9464,11.693981170654297
9465,23.05925178527832
9466,21.368398666381836
9467,18.045352935791016
9468,16.93718147277832
9469,24.588773727416992
9470,27.98109245300293
9471,22.831262588500977
9472,17.618511199951172
9473,22.805992126464844
9474,11.236007690429688
9475,26.82068634033203
9476,14.818286895751953
9477,22.579313278198242
9478,21.769733428955078
9479,17.706296920776367
9480,18.453237533569336
9481,16.686771392822266
9482,14.379522323608398
9483,18.058025360107422
9484,31.249614715576172
9485,30.20208740234375
9486,28.4450740814209
9487,29.29602813720703
9488,19.99028205871582
9489,10.671854019165039
9490,25.218481063842773
9491,25.108144760131836
9492,16.291608810424805
9493,22.55836296081543
9494,26.633930206298828
9495,16.47018051147461
9496,13.907682418823242
9497,25.48343276977539
9498,31.489477157592773
9499,15.807339668273926
9500,19.33112144470215
9501,18.355648040771484
9502,19.090866088867188
9503,11.629050254821777
9504,25.07952308654785
9505,18.300472259521484
9506,20.761985778808594
9507,17.292739868164062
9508,15.692431449890137
9509,27.727642059326172
9510,25.917144775390625
9511,25.537527084350586
9512,33.097408294677734
9513,27.13815689086914
9514,20.035078048706055
9515,15.305255889892578
9516,24.422664642333984
9517,11.651289939880371
9518,31.379446029663086
9519,25.586793899536133
9520,32.5367431640625
9521,11.164894104003906
9522,21.97513198852539
9523,21.521203994750977
9524,30.977521896362305
9525,11.69272518157959
9526,23.058446884155273
9527,21.36534309387207
9528,18.044879913330078
9529,16.936908721923828
9530,24.586767196655273
9531,27.98045539855957
9532,22.829235076904297
9533,17.616743087768555
9534,22.80573081970215
9535,11.234442710876465
9536,26.818540573120117
9537,14.81873893737793
9538,22.579614639282227
9539,21.76889419555664
9540,17.70526695251465
9541,18.451492309570312
9542,16.686464309692383
9543,14.378811836242676
9544,18.057092666625977
9545,31.24861717224121
9546,30.200401306152344
9547,28.442838668823242
9548,29.293787002563477
9549,19.988744735717773
9550,10.671065330505371
9551,25.216426849365234
9552,25.10788917541504
9553,16.291282653808594
9554,22.556537628173828
9555,26.633268356323242
9556,16.46933364868164
9557,13.908003807067871
9558,25.483261108398438
9559,31.488056182861328
9560,15.80601692199707
9561,19.329734802246094
9562,18.355499267578125
9563,19.089488983154297
9564,11.626921653747559
9565,25.079561233520508
9566,18.299327850341797
9567,20.761138916015625
9568,17.290935516357422
9569,15.691681861877441
9570,27.723773956298828
9571,25.916967391967773
9572,25.53537940979004
9573,33.09855270385742
9574,27.138256072998047
9575,20.033164978027344
9576,15.303984642028809
9577,24.42159080505371
9578,11.649852752685547
9579,31.378389358520508
9580,25.585254669189453
9581,32.53574752807617
9582,11.163825988769531
9583,21.973432540893555
9584,21.519027709960938
9585,30.976076126098633
9586,11.691468238830566
9587,23.0576171875
9588,21.362293243408203
9589,18.044424057006836
9590,16.9366397857666
9591,24.58475685119629
9592,27.979825973510742
9593,22.82721710205078
9594,17.61496925354004
9595,22.805465698242188
9596,11.23287582397461
9597,26.816402435302734
9598,14.819191932678223
9599,22.579910278320312
9600,21.76803970336914
9601,17.704233169555664
9602,18.44976806640625
9603,16.686153411865234
9604,14.378107070922852
9605,18.056156158447266
9606,31.24761199951172
9607,30.198699951171875
9608,28.440614700317383
9609,29.291532516479492
9610,19.987205505371094
9611,10.670271873474121
9612,25.214370727539062
9613,25.107624053955078
9614,16.29095458984375
9615,22.554712295532227
9616,26.63259506225586
9617,16.468486785888672
9618,13.908336639404297
9619,25.483102798461914
9620,31.486648559570312
9621,15.804693222045898
9622,19.328344345092773
9623,18.355335235595703
9624,19.08811378479004
9625,11.624777793884277
9626,25.079608917236328
9627,18.298189163208008
9628,20.760284423828125
9629,17.289125442504883
9630,15.69093132019043
9631,27.71990203857422
9632,25.916797637939453
9633,25.533214569091797
9634,33.099693298339844
9635,27.13836669921875
9636,20.0312557220459
9637,15.302711486816406
9638,24.420520782470703
9639,11.648418426513672
9640,31.3773136138916
9641,25.583717346191406
9642,32.534759521484375
9643,11.162750244140625
9644,21.97173309326172
9645,21.516857147216797
9646,30.974637985229492
9647,11.69021224975586
9648,23.056814193725586
9649,21.359241485595703
9650,18.04395866394043
9651,16.936370849609375
9652,24.582748413085938
9653,27.979202270507812
9654,22.825218200683594
9655,17.61319351196289
9656,22.80520248413086
9657,11.231317520141602
9658,26.814258575439453
9659,14.819646835327148
9660,22.58022117614746
9661,21.767189025878906
9662,17.703205108642578
9663,18.44803237915039
9664,16.685836791992188
9665,14.37739372253418
9666,18.055225372314453
9667,31.246620178222656
9668,30.1970157623291
9669,28.438385009765625
9670,29.289289474487305
9671,19.98566246032715
9672,10.669486045837402
9673,25.212326049804688
9674,25.107349395751953
9675,16.290637969970703
9676,22.552879333496094
9677,26.63193130493164
9678,16.4676456451416
9679,13.908658981323242
9680,25.48294448852539
9681,31.48523712158203
9682,15.803378105163574
9683,19.326963424682617
9684,18.355182647705078
9685,19.086740493774414
9686,11.62264347076416
9687,25.07965087890625
9688,18.29705047607422
9689,20.759418487548828
9690,17.287315368652344
9691,15.690165519714355
9692,27.716041564941406
9693,25.916622161865234
9694,25.531070709228516
9695,33.1008186340332
9696,27.138469696044922
9697,20.029329299926758
9698,15.30143928527832
9699,24.419445037841797
9700,11.646989822387695
9701,31.376253128051758
9702,25.582181930541992
9703,32.53377151489258
9704,11.161683082580566
9705,21.970029830932617
9706,21.514671325683594
9707,30.973188400268555
9708,11.688946723937988
9709,23.055999755859375
9710,21.356182098388672
9711,18.043498992919922
9712,16.936107635498047
9713,24.580739974975586
9714,27.97856903076172
9715,22.823211669921875
9716,17.611419677734375
9717,22.804935455322266
9718,11.229762077331543
9719,26.812118530273438
9720,14.820109367370605
9721,22.580522537231445
9722,21.76633071899414
9723,17.702165603637695
9724,18.446304321289062
9725,16.685535430908203
9726,14.376691818237305
9727,18.054285049438477
9728,31.24561882019043
9729,30.195327758789062
9730,28.436172485351562
9731,29.28705406188965
9732,19.984128952026367
9733,10.668697357177734
9734,25.210277557373047
9735,25.107088088989258
9736,16.290321350097656
9737,22.551055908203125
9738,26.63126564025879
9739,16.4668025970459
9740,13.908990859985352
9741,25.48277473449707
9742,31.483823776245117
9743,15.802054405212402
9744,19.325584411621094
9745,18.35503578186035
9746,19.08535385131836
9747,11.620505332946777
9748,25.079696655273438
9749,18.295900344848633
9750,20.758567810058594
9751,17.285512924194336
9752,15.689419746398926
9753,27.71217155456543
9754,25.916444778442383
9755,25.5289249420166
9756,33.10196304321289
9757,27.138572692871094
9758,20.027406692504883
9759,15.300166130065918
9760,24.418380737304688
9761,11.645553588867188
9762,31.37519073486328
9763,25.580642700195312
9764,32.532772064208984
9765,11.160614967346191
9766,21.968332290649414
9767,21.51250457763672
9768,30.971752166748047
9769,11.687694549560547
9770,23.055173873901367
9771,21.353126525878906
9772,18.043039321899414
9773,16.935836791992188
9774,24.5787353515625
9775,27.97793197631836
9776,22.821208953857422
9777,17.609649658203125
9778,22.804677963256836
9779,11.228209495544434
9780,26.809974670410156
9781,14.820576667785645
9782,22.58082389831543
9783,21.765483856201172
9784,17.70113754272461
9785,18.444570541381836
9786,16.68522834777832
9787,14.375980377197266
9788,18.053340911865234
9789,31.244617462158203
9790,30.193618774414062
9791,28.433937072753906
9792,29.2847900390625
9793,19.982582092285156
9794,10.667909622192383
9795,25.20822525024414
9796,25.106821060180664
9797,16.289989471435547
9798,22.54922866821289
9799,26.63060188293457
9800,16.465959548950195
9801,13.909314155578613
9802,25.482624053955078
9803,31.482402801513672
9804,15.800739288330078
9805,19.32419776916504
9806,18.35489845275879
9807,19.083982467651367
9808,11.618368148803711
9809,25.079748153686523
9810,18.294750213623047
9811,20.757715225219727
9812,17.283700942993164
9813,15.688667297363281
9814,27.708284378051758
9815,25.916271209716797
9816,25.526765823364258
9817,33.10309982299805
9818,27.138690948486328
9819,20.02549171447754
9820,15.298891067504883
9821,24.41730308532715
9822,11.644124031066895
9823,31.374122619628906
9824,25.5791072845459
9825,32.53177261352539
9826,11.159541130065918
9827,21.966629028320312
9828,21.51032257080078
9829,30.970300674438477
9830,11.68643856048584
9831,23.054357528686523
9832,21.350067138671875
9833,18.042573928833008
9834,16.935564041137695
9835,24.576744079589844
9836,27.9773006439209
9837,22.819217681884766
9838,17.60788917541504
9839,22.804393768310547
9840,11.226645469665527
9841,26.80781364440918
9842,14.821043968200684
9843,22.581138610839844
9844,21.764631271362305
9845,17.700090408325195
9846,18.442832946777344
9847,16.684925079345703
9848,14.375262260437012
9849,18.052400588989258
9850,31.243606567382812
9851,30.19190788269043
9852,28.43170738220215
9853,29.28254508972168
9854,19.981050491333008
9855,10.667122840881348
9856,25.206159591674805
9857,25.106576919555664
9858,16.289670944213867
9859,22.547401428222656
9860,26.62993049621582
9861,16.465118408203125
9862,13.90964126586914
9863,25.48246955871582
9864,31.480979919433594
9865,15.799400329589844
9866,19.322811126708984
9867,18.354753494262695
9868,19.08259391784668
9869,11.616227149963379
9870,25.079790115356445
9871,18.293603897094727
9872,20.75685691833496
9873,17.281892776489258
9874,15.687912940979004
9875,27.704404830932617
9876,25.916105270385742
9877,25.524614334106445
9878,33.104248046875
9879,27.138803482055664
9880,20.023563385009766
9881,15.297618865966797
9882,24.41623878479004
9883,11.642694473266602
9884,31.373056411743164
9885,25.57757568359375
9886,32.5307731628418
9887,11.158479690551758
9888,21.964929580688477
9889,21.508142471313477
9890,30.968852996826172
9891,11.68518352508545
9892,23.05353355407715
9893,21.347009658813477
9894,18.042110443115234
9895,16.935291290283203
9896,24.57472801208496
9897,27.97666358947754
9898,22.817203521728516
9899,17.606115341186523
9900,22.804134368896484
9901,11.225077629089355
9902,26.80567169189453
9903,14.821510314941406
9904,22.58144760131836
9905,21.763778686523438
9906,17.699060440063477
9907,18.44109535217285
9908,16.684627532958984
9909,14.374547004699707
9910,18.05145835876465
9911,31.24260711669922
9912,30.190214157104492
9913,28.42949104309082
9914,29.280290603637695
9915,19.97951316833496
9916,10.666337966918945
9917,25.20411491394043
9918,25.106313705444336
9919,16.28935432434082
9920,22.545574188232422
9921,26.6292724609375
9922,16.464277267456055
9923,13.909977912902832
9924,25.482309341430664
9925,31.47956657409668
9926,15.798083305358887
9927,19.321428298950195
9928,18.354618072509766
9929,19.08121681213379
9930,11.614089012145996
9931,25.079835891723633
9932,18.292465209960938
9933,20.755998611450195
9934,17.280075073242188
9935,15.687159538269043
9936,27.700529098510742
9937,25.915929794311523
9938,25.52247428894043
9939,33.105403900146484
9940,27.1389217376709
9941,20.021638870239258
9942,15.296343803405762
9943,24.4151668548584
9944,11.641255378723145
9945,31.371980667114258
9946,25.5760440826416
9947,32.529781341552734
9948,11.157405853271484
9949,21.96322250366211
9950,21.505964279174805
9951,30.967409133911133
9952,11.683924674987793
9953,23.05272102355957
9954,21.343952178955078
9955,18.041650772094727
9956,16.935028076171875
9957,24.572721481323242
9958,27.97603988647461
9959,22.8151912689209
9960,17.60434341430664
9961,22.80387306213379
9962,11.22352123260498
9963,26.803516387939453
9964,14.82198429107666
9965,22.581754684448242
9966,21.76291847229004
9967,17.698015213012695
9968,18.43936538696289
9969,16.68431282043457
9970,14.37384033203125
9971,18.05051612854004
9972,31.24161148071289
9973,30.18852424621582
9974,28.427263259887695
9975,29.278038024902344
9976,19.97797203063965
9977,10.665552139282227
9978,25.202054977416992
9979,25.106042861938477
9980,16.289024353027344
9981,22.543745040893555
9982,26.62860679626465
9983,16.46344566345215
9984,13.910306930541992
9985,25.482158660888672
9986,31.47815704345703
9987,15.796770095825195
9988,19.320039749145508
9989,18.354461669921875
9990,19.079835891723633
9991,11.61194896697998
9992,25.079883575439453
9993,18.291318893432617
9994,20.755142211914062
9995,17.278261184692383
9996,15.686406135559082
9997,27.696651458740234
9998,25.915760040283203
9999,25.52031898498535
10000,33.106544494628906
10001,27.1390323638916
10002,20.019718170166016
10003,15.295062065124512
10004,24.414081573486328
10005,11.63982105255127
10006,31.37091064453125
10007,25.574514389038086
10008,32.528785705566406
10009,11.156331062316895
10010,21.961530685424805
10011,21.503774642944336
10012,30.965959548950195
10013,11.682660102844238
10014,23.051902770996094
10015,21.34088706970215
10016,18.04119300842285
10017,16.93476104736328
10018,24.57071876525879
10019,27.975418090820312
10020,22.813203811645508
10021,17.602563858032227
10022,22.80360221862793
10023,11.221961975097656
10024,26.801355361938477
10025,14.822436332702637
10026,22.58206558227539
10027,21.76205825805664
10028,17.696975708007812
10029,18.43764305114746
10030,16.684005737304688
10031,14.37313461303711
10032,18.049583435058594
10033,31.240604400634766
10034,30.18683433532715
10035,28.425031661987305
10036,29.275789260864258
10037,19.976430892944336
10038,10.664772987365723
10039,25.199995040893555
10040,25.10579490661621
10041,16.288700103759766
10042,22.54191780090332
10043,26.6279354095459
10044,16.46260643005371
10045,13.910640716552734
10046,25.482004165649414
10047,31.476730346679688
10048,15.795451164245605
10049,19.31865882873535
10050,18.354324340820312
10051,19.07845687866211
10052,11.609806060791016
10053,25.079936981201172
10054,18.290172576904297
10055,20.754281997680664
10056,17.276443481445312
10057,15.685644149780273
10058,27.692771911621094
10059,25.915599822998047
10060,25.518165588378906
10061,33.10769271850586
10062,27.1391544342041
10063,20.01779556274414
10064,15.293790817260742
10065,24.413009643554688
10066,11.638385772705078
10067,31.369855880737305
10068,25.57299041748047
10069,32.527793884277344
10070,11.155250549316406
10071,21.959829330444336
10072,21.501590728759766
10073,30.964513778686523
10074,11.681390762329102
10075,23.05109405517578
10076,21.337818145751953
10077,18.040739059448242
10078,16.934497833251953
10079,24.568710327148438
10080,27.974788665771484
10081,22.81117820739746
10082,17.600784301757812
10083,22.803348541259766
10084,11.220402717590332
10085,26.799209594726562
10086,14.822881698608398
10087,22.582359313964844
10088,21.761219024658203
10089,17.695934295654297
10090,18.4359073638916
10091,16.683696746826172
10092,14.372434616088867
10093,18.04864501953125
10094,31.23961067199707
10095,30.18514633178711
10096,28.422801971435547
10097,29.273527145385742
10098,19.974891662597656
10099,10.663979530334473
10100,25.19794464111328
10101,25.105520248413086
10102,16.288373947143555
10103,22.540077209472656
10104,26.627277374267578
10105,16.461772918701172
10106,13.910978317260742
10107,25.481861114501953
10108,31.475343704223633
10109,15.7941255569458
10110,19.31726837158203
10111,18.354164123535156
10112,19.07708168029785
10113,11.60766315460205
10114,25.079994201660156
10115,18.289024353027344
10116,20.753433227539062
10117,17.274627685546875
10118,15.68488883972168
10119,27.68889617919922
10120,25.915422439575195
10121,25.516010284423828
10122,33.10883331298828
10123,27.139263153076172
10124,20.015878677368164
10125,15.292524337768555
10126,24.41193199157715
10127,11.636950492858887
10128,31.368793487548828
10129,25.571447372436523
10130,32.52680969238281
10131,11.15417766571045
10132,21.958118438720703
10133,21.499404907226562
10134,30.963062286376953
10135,11.68012809753418
10136,23.050291061401367
10137,21.33474349975586
10138,18.04029083251953
10139,16.934242248535156
10140,24.566699981689453
10141,27.97417449951172
10142,22.80916404724121
10143,17.599008560180664
10144,22.803081512451172
10145,11.218833923339844
10146,26.79706382751465
10147,14.823334693908691
10148,22.582664489746094
10149,21.760356903076172
10150,17.694904327392578
10151,18.43417739868164
10152,16.68337631225586
10153,14.371739387512207
10154,18.047718048095703
10155,31.23862075805664
10156,30.18346405029297
10157,28.42055892944336
10158,29.271270751953125
10159,19.973358154296875
10160,10.663195610046387
10161,25.195877075195312
10162,25.105255126953125
10163,16.288049697875977
10164,22.53824234008789
10165,26.626615524291992
10166,16.4609375
10167,13.911316871643066
10168,25.481718063354492
10169,31.47395133972168
10170,15.792805671691895
10171,19.315881729125977
10172,18.354001998901367
10173,19.075702667236328
10174,11.605523109436035
10175,25.080053329467773
10176,18.287883758544922
10177,20.75258445739746
10178,17.272809982299805
10179,15.6841402053833
10180,27.685033798217773
10181,25.91525650024414
10182,25.51386260986328
10183,33.10995864868164
10184,27.139381408691406
10185,20.013961791992188
10186,15.291248321533203
10187,24.41085433959961
10188,11.635518074035645
10189,31.36774253845215
10190,25.569908142089844
10191,32.52583312988281
10192,11.15308952331543
10193,21.956409454345703
10194,21.49721908569336
10195,30.96160316467285
10196,11.678850173950195
10197,23.04948616027832
10198,21.331668853759766
10199,18.03982925415039
10200,16.93399429321289
10201,24.564685821533203
10202,27.973552703857422
10203,22.807146072387695
10204,17.597217559814453
10205,22.802845001220703
10206,11.217275619506836
10207,26.794925689697266
10208,14.82377815246582
10209,22.582971572875977
10210,21.759517669677734
10211,17.693878173828125
10212,18.43244743347168
10213,16.683055877685547
10214,14.37105655670166
10215,18.046796798706055
10216,31.237625122070312
10217,30.18178939819336
10218,28.418325424194336
10219,29.26900863647461
10220,19.971826553344727
10221,10.66240406036377
10222,25.193824768066406
10223,25.104984283447266
10224,16.287715911865234
10225,22.536407470703125
10226,26.62594985961914
10227,16.460100173950195
10228,13.911645889282227
10229,25.48158073425293
10230,31.47255516052246
10231,15.791488647460938
10232,19.314491271972656
10233,18.35384178161621
10234,19.074323654174805
10235,11.603382110595703
10236,25.08011245727539
10237,18.286733627319336
10238,20.751737594604492
10239,17.27098846435547
10240,15.683381080627441
10241,27.68117332458496
10242,25.91509246826172
10243,25.511690139770508
10244,33.1110725402832
10245,27.13948631286621
10246,20.01204490661621
10247,15.289977073669434
10248,24.409767150878906
10249,11.634078025817871
10250,31.36669921875
10251,25.568370819091797
10252,32.52484893798828
10253,11.152012825012207
10254,21.95469093322754
10255,21.49502944946289
10256,30.960147857666016
10257,11.677571296691895
10258,23.04867935180664
10259,21.328594207763672
10260,18.039379119873047
10261,16.933740615844727
10262,24.562673568725586
10263,27.972951889038086
10264,22.80512809753418
10265,17.595426559448242
10266,22.80257797241211
10267,11.215717315673828
10268,26.79277801513672
10269,14.824213027954102
10270,22.583267211914062
10271,21.758655548095703
10272,17.692842483520508
10273,18.430723190307617
10274,16.6827335357666
10275,14.37035846710205
10276,18.04588508605957
10277,31.236635208129883
10278,30.18011474609375
10279,28.41608428955078
10280,29.266740798950195
10281,19.970294952392578
10282,10.661617279052734
10283,25.191757202148438
10284,25.10470962524414
10285,16.287389755249023
10286,22.534563064575195
10287,26.625288009643555
10288,16.459278106689453
10289,13.911983489990234
10290,25.4814395904541
10291,31.4711856842041
10292,15.790184020996094
10293,19.3131046295166
10294,18.353679656982422
10295,19.072952270507812
10296,11.601229667663574
10297,25.080163955688477
10298,18.28558921813965
10299,20.750883102416992
10300,17.269163131713867
10301,15.682619094848633
10302,27.67732048034668
10303,25.914918899536133
10304,25.50953483581543
10305,33.11219787597656
10306,27.139596939086914
10307,20.010149002075195
10308,15.288703918457031
10309,24.408687591552734
10310,11.632637023925781
10311,31.365644454956055
10312,25.566831588745117
10313,32.523887634277344
10314,11.150921821594238
10315,21.95297622680664
10316,21.492847442626953
10317,30.958694458007812
10318,11.676288604736328
10319,23.047883987426758
10320,21.325510025024414
10321,18.038921356201172
10322,16.933496475219727
10323,24.56065559387207
10324,27.97234535217285
10325,22.803085327148438
10326,17.593626022338867
10327,22.80233383178711
10328,11.214160919189453
10329,26.790632247924805
10330,14.824647903442383
10331,22.583560943603516
10332,21.7578067779541
10333,17.69181251525879
10334,18.42899513244629
10335,16.682416915893555
10336,14.36967658996582
10337,18.044954299926758
10338,31.23564910888672
10339,30.17843246459961
10340,28.413843154907227
10341,29.26447105407715
10342,19.968759536743164
10343,10.660820960998535
10344,25.1897029876709
10345,25.10443687438965
10346,16.287057876586914
10347,22.53272247314453
10348,26.624624252319336
10349,16.458444595336914
10350,13.912325859069824
10351,25.481298446655273
10352,31.469810485839844
10353,15.788859367370605
10354,19.311716079711914
10355,18.35350799560547
10356,19.071582794189453
10357,11.599090576171875
10358,25.080219268798828
10359,18.284442901611328
10360,20.750032424926758
10361,17.267335891723633
10362,15.681865692138672
10363,27.6734676361084
10364,25.914751052856445
10365,25.50737953186035
10366,33.113311767578125
10367,27.139707565307617
10368,20.00823402404785
10369,15.287432670593262
10370,24.40760612487793
10371,11.631200790405273
10372,31.364595413208008
10373,25.565296173095703
10374,32.52292251586914
10375,11.149836540222168
10376,21.951257705688477
10377,21.490652084350586
10378,30.957239151000977
10379,11.675017356872559
10380,23.047094345092773
10381,21.32243537902832
10382,18.038471221923828
10383,16.933244705200195
10384,24.558652877807617
10385,27.971731185913086
10386,22.80106544494629
10387,17.59183120727539
10388,22.80207633972168
10389,11.212594032287598
10390,26.788488388061523
10391,14.825089454650879
10392,22.583864212036133
10393,21.756967544555664
10394,17.690786361694336
10395,18.427263259887695
10396,16.682096481323242
10397,14.368999481201172
10398,18.044042587280273
10399,31.234661102294922
10400,30.176773071289062
10401,28.41160011291504
10402,29.2622127532959
10403,19.96723175048828
10404,10.660032272338867
10405,25.18763542175293
10406,25.104150772094727
10407,16.286725997924805
10408,22.530879974365234
10409,26.623964309692383
10410,16.457609176635742
10411,13.9126558303833
10412,25.481168746948242
10413,31.46843147277832
10414,15.787542343139648
10415,19.310321807861328
10416,18.35334587097168
10417,19.07021141052246
10418,11.596939086914062
10419,25.080278396606445
10420,18.283287048339844
10421,20.74917984008789
10422,17.26551628112793
10423,15.681111335754395
10424,27.66961669921875
10425,25.91457176208496
10426,25.505220413208008
10427,33.11442184448242
10428,27.13981056213379
10429,20.006317138671875
10430,15.286158561706543
10431,24.406517028808594
10432,11.629765510559082
10433,31.363540649414062
10434,25.563756942749023
10435,32.52194595336914
10436,11.14875316619873
10437,21.949554443359375
10438,21.488466262817383
10439,30.955766677856445
10440,11.673738479614258
10441,23.04628562927246
10442,21.319351196289062
10443,18.038022994995117
10444,16.93299674987793
10445,24.556629180908203
10446,27.97112464904785
10447,22.79902458190918
10448,17.590042114257812
10449,22.801836013793945
10450,11.21103572845459
10451,26.786344528198242
10452,14.825526237487793
10453,22.584165573120117
10454,21.75612449645996
10455,17.689762115478516
10456,18.425533294677734
10457,16.681772232055664
10458,14.368310928344727
10459,18.043121337890625
10460,31.233667373657227
10461,30.175100326538086
10462,28.409353256225586
10463,29.25992774963379
10464,19.965709686279297
10465,10.659238815307617
10466,25.185571670532227
10467,25.1038875579834
10468,16.286401748657227
10469,22.52903938293457
10470,26.623313903808594
10471,16.45677947998047
10472,13.913006782531738
10473,25.48102569580078
10474,31.467052459716797
10475,15.786224365234375
10476,19.308931350708008
10477,18.35317611694336
10478,19.06884002685547
10479,11.594799041748047
10480,25.08034896850586
10481,18.282136917114258
10482,20.748334884643555
10483,17.263687133789062
10484,15.680355072021484
10485,27.66575050354004
10486,25.91442108154297
10487,25.503047943115234
10488,33.11555099487305
10489,27.139928817749023
10490,20.004396438598633
10491,15.284889221191406
10492,24.405441284179688
10493,11.628339767456055
10494,31.362503051757812
10495,25.562210083007812
10496,32.520973205566406
10497,11.147671699523926
10498,21.94782257080078
10499,21.486278533935547
10500,30.954320907592773
10501,11.672463417053223
10502,23.045490264892578
10503,21.31627082824707
10504,18.037567138671875
10505,16.932758331298828
10506,24.554603576660156
10507,27.970510482788086
10508,22.79698944091797
10509,17.58824348449707
10510,22.801586151123047
10511,11.209456443786621
10512,26.784204483032227
10513,14.825961112976074
10514,22.58446502685547
10515,21.75527572631836
10516,17.688737869262695
10517,18.423791885375977
10518,16.681447982788086
10519,14.367633819580078
10520,18.042203903198242
10521,31.232683181762695
10522,30.173419952392578
10523,28.407100677490234
10524,29.257658004760742
10525,19.964170455932617
10526,10.65844440460205
10527,25.18350601196289
10528,25.10361099243164
10529,16.28607940673828
10530,22.527202606201172
10531,26.622652053833008
10532,16.455942153930664
10533,13.913352012634277
10534,25.480899810791016
10535,31.465673446655273
10536,15.784908294677734
10537,19.307540893554688
10538,18.353008270263672
10539,19.06747817993164
10540,11.59265422821045
10541,25.080408096313477
10542,18.28099250793457
10543,20.74749755859375
10544,17.26186752319336
10545,15.679595947265625
10546,27.66188621520996
10547,25.91425323486328
10548,25.500885009765625
10549,33.11666488647461
10550,27.14004135131836
10551,20.002483367919922
10552,15.283620834350586
10553,24.40435791015625
10554,11.626907348632812
10555,31.36145782470703
10556,25.560672760009766
10557,32.520015716552734
10558,11.146583557128906
10559,21.94610595703125
10560,21.484088897705078
10561,30.952861785888672
10562,11.67119026184082
10563,23.044692993164062
10564,21.313190460205078
10565,18.037118911743164
10566,16.932510375976562
10567,24.552589416503906
10568,27.96990966796875
10569,22.794960021972656
10570,17.586456298828125
10571,22.801347732543945
10572,11.207898139953613
10573,26.78205108642578
10574,14.826410293579102
10575,22.584781646728516
10576,21.754417419433594
10577,17.687705993652344
10578,18.42205810546875
10579,16.681135177612305
10580,14.36694622039795
10581,18.041278839111328
10582,31.231685638427734
10583,30.171749114990234
10584,28.404857635498047
10585,29.255393981933594
10586,19.962636947631836
10587,10.657663345336914
10588,25.181425094604492
10589,25.103351593017578
10590,16.285755157470703
10591,22.525358200073242
10592,26.621990203857422
10593,16.455116271972656
10594,13.91369915008545
10595,25.480754852294922
10596,31.46428108215332
10597,15.783583641052246
10598,19.306150436401367
10599,18.352859497070312
10600,19.06610107421875
10601,11.590514183044434
10602,25.080467224121094
10603,18.279842376708984
10604,20.74663734436035
10605,17.260046005249023
10606,15.67884349822998
10607,27.65801239013672
10608,25.91409683227539
10609,25.498727798461914
10610,33.11781311035156
10611,27.14017105102539
10612,20.000564575195312
10613,15.282344818115234
10614,24.403274536132812
10615,11.625472068786621
10616,31.360397338867188
10617,25.55913734436035
10618,32.51904296875
10619,11.14550495147705
10620,21.944381713867188
10621,21.48189353942871
10622,30.951414108276367
10623,11.66991138458252
10624,23.043893814086914
10625,21.310108184814453
10626,18.036670684814453
10627,16.93225860595703
10628,24.550567626953125
10629,27.96929359436035
10630,22.792938232421875
10631,17.58466148376465
10632,22.80109405517578
10633,11.20632553100586
10634,26.779903411865234
10635,14.826858520507812
10636,22.585073471069336
10637,21.753570556640625
10638,17.686674118041992
10639,18.420333862304688
10640,16.68082046508789
10641,14.366257667541504
10642,18.04035186767578
10643,31.230709075927734
10644,30.170061111450195
10645,28.402618408203125
10646,29.25311851501465
10647,19.961103439331055
10648,10.656879425048828
10649,25.179359436035156
10650,25.103092193603516
10651,16.285430908203125
10652,22.523513793945312
10653,26.62133026123047
10654,16.454286575317383
10655,13.914048194885254
10656,25.480619430541992
10657,31.462900161743164
10658,15.782262802124023
10659,19.30475425720215
10660,18.352703094482422
10661,19.064722061157227
10662,11.588367462158203
10663,25.080520629882812
10664,18.2786922454834
10665,20.745792388916016
10666,17.258222579956055
10667,15.678075790405273
10668,27.654115676879883
10669,25.913923263549805
10670,25.496557235717773
10671,33.11894989013672
10672,27.140295028686523
10673,19.998641967773438
10674,15.281070709228516
10675,24.402193069458008
10676,11.624035835266113
10677,31.35934829711914
10678,25.557600021362305
10679,32.518070220947266
10680,11.144421577453613
10681,21.942665100097656
10682,21.47969627380371
10683,30.949953079223633
10684,11.668641090393066
10685,23.043088912963867
10686,21.30702018737793
10687,18.036218643188477
10688,16.932022094726562
10689,24.548559188842773
10690,27.96868324279785
10691,22.790922164916992
10692,17.582881927490234
10693,22.800840377807617
10694,11.204768180847168
10695,26.777746200561523
10696,14.827322006225586
10697,22.585384368896484
10698,21.752717971801758
10699,17.68562889099121
10700,18.418596267700195
10701,16.68050765991211
10702,14.365557670593262
10703,18.039413452148438
10704,31.229719161987305
10705,30.168373107910156
10706,28.400379180908203
10707,29.250864028930664
10708,19.959571838378906
10709,10.656096458435059
10710,25.17730712890625
10711,25.10283088684082
10712,16.28510093688965
10713,22.52167510986328
10714,26.620676040649414
10715,16.453460693359375
10716,13.914392471313477
10717,25.480485916137695
10718,31.461498260498047
10719,15.780942916870117
10720,19.303369522094727
10721,18.352558135986328
10722,19.06334114074707
10723,11.586222648620605
10724,25.08058738708496
10725,18.27754783630371
10726,20.744935989379883
10727,17.25640106201172
10728,15.677327156066895
10729,27.650236129760742
10730,25.913766860961914
10731,25.49439811706543
10732,33.12010192871094
10733,27.14042854309082
10734,19.9967098236084
10735,15.279802322387695
10736,24.4011173248291
10737,11.622600555419922
10738,31.358291625976562
10739,25.556062698364258
10740,32.51708984375
10741,11.143342971801758
10742,21.940950393676758
10743,21.47749900817871
10744,30.948495864868164
10745,11.667366027832031
10746,23.042287826538086
10747,21.303936004638672
10748,18.0357723236084
10749,16.931758880615234
10750,24.546546936035156
10751,27.96807289123535
10752,22.788915634155273
10753,17.581098556518555
10754,22.800582885742188
10755,11.203204154968262
10756,26.77558708190918
10757,14.82778549194336
10758,22.58570098876953
10759,21.751853942871094
10760,17.684587478637695
10761,18.416868209838867
10762,16.680191040039062
10763,14.364866256713867
10764,18.03848648071289
10765,31.228721618652344
10766,30.166675567626953
10767,28.39813804626465
10768,29.248586654663086
10769,19.958044052124023
10770,10.655313491821289
10771,25.17523765563965
10772,25.10256576538086
10773,16.284780502319336
10774,22.519840240478516
10775,26.620018005371094
10776,16.45263671875
10777,13.91474437713623
10778,25.480361938476562
10779,31.460098266601562
10780,15.779614448547363
10781,19.301977157592773
10782,18.35240364074707
10783,19.06196403503418
10784,11.58407211303711
10785,25.080656051635742
10786,18.27640151977539
10787,20.74408531188965
10788,17.254579544067383
10789,15.6765718460083
10790,27.646343231201172
10791,25.913606643676758
10792,25.492238998413086
10793,33.121246337890625
10794,27.140554428100586
10795,19.994794845581055
10796,15.278531074523926
10797,24.40003776550293
10798,11.621166229248047
10799,31.357234954833984
10800,25.554540634155273
10801,32.516109466552734
10802,11.14225959777832
10803,21.939237594604492
10804,21.47530746459961
10805,30.94704246520996
10806,11.666093826293945
10807,23.041481018066406
10808,21.30084991455078
10809,18.03532600402832
10810,16.931514739990234
10811,24.544530868530273
10812,27.967458724975586
10813,22.786903381347656
10814,17.579309463500977
10815,22.80033302307129
10816,11.201642990112305
10817,26.77342414855957
10818,14.828241348266602
10819,22.58599853515625
10820,21.751001358032227
10821,17.68353843688965
10822,18.41514015197754
10823,16.679889678955078
10824,14.364177703857422
10825,18.037551879882812
10826,31.227731704711914
10827,30.164995193481445
10828,28.395904541015625
10829,29.246326446533203
10830,19.95650291442871
10831,10.654535293579102
10832,25.173166275024414
10833,25.10231590270996
10834,16.284454345703125
10835,22.51799964904785
10836,26.619367599487305
10837,16.451810836791992
10838,13.91508960723877
10839,25.480226516723633
10840,31.45870590209961
10841,15.778298377990723
10842,19.300582885742188
10843,18.35226821899414
10844,19.060583114624023
10845,11.581926345825195
10846,25.080711364746094
10847,18.275253295898438
10848,20.74323272705078
10849,17.252742767333984
10850,15.675806999206543
10851,27.642459869384766
10852,25.9134521484375
10853,25.490076065063477
10854,33.12238693237305
10855,27.140684127807617
10856,19.992862701416016
10857,15.277249336242676
10858,24.39896011352539
10859,11.61972713470459
10860,31.356172561645508
10861,25.55299186706543
10862,32.51512908935547
10863,11.141182899475098
10864,21.937530517578125
10865,21.473112106323242
10866,30.945600509643555
10867,11.664811134338379
10868,23.040678024291992
10869,21.297758102416992
10870,18.034870147705078
10871,16.931257247924805
10872,24.54252052307129
10873,27.966848373413086
10874,22.784889221191406
10875,17.577524185180664
10876,22.80008316040039
10877,11.200077056884766
10878,26.771272659301758
10879,14.828693389892578
10880,22.58631134033203
10881,21.750144958496094
10882,17.68250274658203
10883,18.413408279418945
10884,16.67957305908203
10885,14.363476753234863
10886,18.036619186401367
10887,31.22673988342285
10888,30.16331672668457
10889,28.393659591674805
10890,29.244062423706055
10891,19.954980850219727
10892,10.65375804901123
10893,25.171098709106445
10894,25.1020450592041
10895,16.28412437438965
10896,22.516149520874023
10897,26.618703842163086
10898,16.450984954833984
10899,13.915436744689941
10900,25.480098724365234
10901,31.457324981689453
10902,15.776979446411133
10903,19.299190521240234
10904,18.352108001708984
10905,19.059207916259766
10906,11.579778671264648
10907,25.080772399902344
10908,18.274112701416016
10909,20.742385864257812
10910,17.25092315673828
10911,15.675047874450684
10912,27.638572692871094
10913,25.913288116455078
10914,25.48790740966797
10915,33.123531341552734
10916,27.140811920166016
10917,19.990947723388672
10918,15.275984764099121
10919,24.397878646850586
10920,11.618291854858398
10921,31.35511589050293
10922,25.551467895507812
10923,32.51416015625
10924,11.140101432800293
10925,21.935815811157227
10926,21.470911026000977
10927,30.944129943847656
10928,11.66353702545166
10929,23.039873123168945
10930,21.294660568237305
10931,18.0344295501709
10932,16.931018829345703
10933,24.540504455566406
10934,27.966238021850586
10935,22.782865524291992
10936,17.575735092163086
10937,22.799827575683594
10938,11.198512077331543
10939,26.76911163330078
10940,14.829151153564453
10941,22.58661651611328
10942,21.74928855895996
10943,17.681461334228516
10944,18.41168212890625
10945,16.67926025390625
10946,14.362798690795898
10947,18.03571128845215
10948,31.225765228271484
10949,30.16163444519043
10950,28.391422271728516
10951,29.241783142089844
10952,19.953449249267578
10953,10.652972221374512
10954,25.169029235839844
10955,25.101768493652344
10956,16.283798217773438
10957,22.514312744140625
10958,26.61805534362793
10959,16.450159072875977
10960,13.915788650512695
10961,25.479969024658203
10962,31.455942153930664
10963,15.775659561157227
10964,19.29780387878418
10965,18.351959228515625
10966,19.05782699584961
10967,11.57763385772705
10968,25.08085060119629
10969,18.272964477539062
10970,20.741539001464844
10971,17.249099731445312
10972,15.674288749694824
10973,27.63469696044922
10974,25.91312599182129
10975,25.485742568969727
10976,33.124664306640625
10977,27.14093017578125
10978,19.989025115966797
10979,15.274702072143555
10980,24.396793365478516
10981,11.616861343383789
10982,31.354068756103516
10983,25.5499267578125
10984,32.51319122314453
10985,11.139016151428223
10986,21.93409538269043
10987,21.468711853027344
10988,30.942668914794922
10989,11.662254333496094
10990,23.039081573486328
10991,21.291566848754883
10992,18.033981323242188
10993,16.93077850341797
10994,24.53847885131836
10995,27.965633392333984
10996,22.780838012695312
10997,17.573942184448242
10998,22.799583435058594
10999,11.196945190429688
11000,26.76696014404297
11001,14.829591751098633
11002,22.586925506591797
11003,21.748437881469727
11004,17.680429458618164
11005,18.409948348999023
11006,16.678936004638672
11007,14.362112998962402
11008,18.03477668762207
11009,31.22477912902832
11010,30.159948348999023
11011,28.38916778564453
11012,29.239519119262695
11013,19.95191764831543
11014,10.652185440063477
11015,25.166954040527344
11016,25.101505279541016
11017,16.28346824645996
11018,22.512466430664062
11019,26.617393493652344
11020,16.449337005615234
11021,13.916144371032715
11022,25.479846954345703
11023,31.454574584960938
11024,15.774333000183105
11025,19.296405792236328
11026,18.351802825927734
11027,19.05645179748535
11028,11.575484275817871
11029,25.08091163635254
11030,18.27181625366211
11031,20.740684509277344
11032,17.247268676757812
11033,15.673537254333496
11034,27.630817413330078
11035,25.912975311279297
11036,25.483585357666016
11037,33.12579345703125
11038,27.14106559753418
11039,19.987102508544922
11040,15.273428916931152
11041,24.395709991455078
11042,11.615419387817383
11043,31.353029251098633
11044,25.54839324951172
11045,32.51223373413086
11046,11.137931823730469
11047,21.93236541748047
11048,21.46651840209961
11049,30.941213607788086
11050,11.660975456237793
11051,23.038284301757812
11052,21.288467407226562
11053,18.033540725708008
11054,16.93054962158203
11055,24.536453247070312
11056,27.965028762817383
11057,22.7788028717041
11058,17.5721435546875
11059,22.799341201782227
11060,11.195369720458984
11061,26.764808654785156
11062,14.830038070678711
11063,22.58722686767578
11064,21.747589111328125
11065,17.679399490356445
11066,18.40821075439453
11067,16.678613662719727
11068,14.361443519592285
11069,18.033863067626953
11070,31.22379493713379
11071,30.15827751159668
11072,28.386917114257812
11073,29.237239837646484
11074,19.95038604736328
11075,10.65140438079834
11076,25.164892196655273
11077,25.10123634338379
11078,16.283145904541016
11079,22.510622024536133
11080,26.61674690246582
11081,16.448514938354492
11082,13.916500091552734
11083,25.47971534729004
11084,31.453182220458984
11085,15.773015975952148
11086,19.29501724243164
11087,18.35163688659668
11088,19.055089950561523
11089,11.573336601257324
11090,25.08098030090332
11091,18.27066421508789
11092,20.73984718322754
11093,17.245439529418945
11094,15.67278003692627
11095,27.626934051513672
11096,25.912809371948242
11097,25.481409072875977
11098,33.12692642211914
11099,27.141183853149414
11100,19.985191345214844
11101,15.272162437438965
11102,24.394624710083008
11103,11.613987922668457
11104,31.35196304321289
11105,25.54685401916504
11106,32.51125717163086
11107,11.136838912963867
11108,21.930635452270508
11109,21.464319229125977
11110,30.939748764038086
11111,11.659690856933594
11112,23.037492752075195
11113,21.285375595092773
11114,18.033092498779297
11115,16.93030548095703
11116,24.534433364868164
11117,27.964435577392578
11118,22.776748657226562
11119,17.570337295532227
11120,22.799110412597656
11121,11.193805694580078
11122,26.762651443481445
11123,14.830480575561523
11124,22.587543487548828
11125,21.74673843383789
11126,17.67836570739746
11127,18.406476974487305
11128,16.67829132080078
11129,14.36076831817627
11130,18.032939910888672
11131,31.222810745239258
11132,30.156614303588867
11133,28.384662628173828
11134,29.23495864868164
11135,19.9488582611084
11136,10.65061092376709
11137,25.16281509399414
11138,25.100971221923828
11139,16.282817840576172
11140,22.50876808166504
11141,26.6160945892334
11142,16.447681427001953
11143,13.916852951049805
11144,25.47959327697754
11145,31.45180892944336
11146,15.771690368652344
11147,19.29361915588379
11148,18.351472854614258
11149,19.0537166595459
11150,11.571187973022461
11151,25.081050872802734
11152,18.269519805908203
11153,20.73899269104004
11154,17.24361228942871
11155,15.672021865844727
11156,27.6230525970459
11157,25.912662506103516
11158,25.47923469543457
11159,33.128055572509766
11160,27.14130973815918
11161,19.983274459838867
11162,15.270883560180664
11163,24.39354705810547
11164,11.612556457519531
11165,31.350929260253906
11166,25.545312881469727
11167,32.510292053222656
11168,11.135760307312012
11169,21.92890739440918
11170,21.462114334106445
11171,30.938302993774414
11172,11.658414840698242
11173,23.03670310974121
11174,21.282272338867188
11175,18.032644271850586
11176,16.93007469177246
11177,24.53240394592285
11178,27.963830947875977
11179,22.77471351623535
11180,17.56853675842285
11181,22.79886817932129
11182,11.19223690032959
11183,26.760509490966797
11184,14.83091926574707
11185,22.587844848632812
11186,21.74588966369629
11187,17.677343368530273
11188,18.404743194580078
11189,16.677974700927734
11190,14.36009407043457
11191,18.032033920288086
11192,31.221830368041992
11193,30.15494155883789
11194,28.382402420043945
11195,29.232677459716797
11196,19.947338104248047
11197,10.649824142456055
11198,25.160730361938477
11199,25.100704193115234
11200,16.28249168395996
11201,22.50692367553711
11202,26.615442276000977
11203,16.44685935974121
11204,13.917211532592773
11205,25.479480743408203
11206,31.450443267822266
11207,15.770371437072754
11208,19.292226791381836
11209,18.351306915283203
11210,19.052345275878906
11211,11.569043159484863
11212,25.08112144470215
11213,18.268369674682617
11214,20.7381534576416
11215,17.241783142089844
11216,15.671265602111816
11217,27.619184494018555
11218,25.912498474121094
11219,25.477067947387695
11220,33.129173278808594
11221,27.141435623168945
11222,19.981346130371094
11223,15.269622802734375
11224,24.39246940612793
11225,11.611124992370605
11226,31.34988784790039
11227,25.543771743774414
11228,32.509342193603516
11229,11.13466739654541
11230,21.92719078063965
11231,21.45991325378418
11232,30.936832427978516
11233,11.657125473022461
11234,23.03591537475586
11235,21.279176712036133
11236,18.032211303710938
11237,16.929834365844727
11238,24.530384063720703
11239,27.963232040405273
11240,22.77268409729004
11241,17.56673240661621
11242,22.79863166809082
11243,11.190671920776367
11244,26.758359909057617
11245,14.8313627243042
11246,22.58814811706543
11247,21.74504280090332
11248,17.676305770874023
11249,18.403013229370117
11250,16.677654266357422
11251,14.359416007995605
11252,18.03110694885254
11253,31.22085189819336
11254,30.153268814086914
11255,28.380159378051758
11256,29.230398178100586
11257,19.945804595947266
11258,10.64904499053955
11259,25.158662796020508
11260,25.10043716430664
11261,16.28215789794922
11262,22.50507926940918
11263,26.614778518676758
11264,16.4460391998291
11265,13.917563438415527
11266,25.479354858398438
11267,31.449068069458008
11268,15.769049644470215
11269,19.29082489013672
11270,18.35114860534668
11271,19.05097198486328
11272,11.56689453125
11273,25.081195831298828
11274,18.2672176361084
11275,20.737306594848633
11276,17.239952087402344
11277,15.67050838470459
11278,27.615306854248047
11279,25.912342071533203
11280,25.474899291992188
11281,33.13029861450195
11282,27.141563415527344
11283,19.97943115234375
11284,15.268349647521973
11285,24.391376495361328
11286,11.609688758850098
11287,31.34885025024414
11288,25.542245864868164
11289,32.50837326049805
11290,11.13357925415039
11291,21.925457000732422
11292,21.457712173461914
11293,30.93537139892578
11294,11.655841827392578
11295,23.035118103027344
11296,21.27607536315918
11297,18.031766891479492
11298,16.929597854614258
11299,24.52835464477539
11300,27.962636947631836
11301,22.770654678344727
11302,17.564937591552734
11303,22.798385620117188
11304,11.189106941223145
11305,26.756208419799805
11306,14.83181095123291
11307,22.58845329284668
11308,21.744182586669922
11309,17.675262451171875
11310,18.401283264160156
11311,16.677335739135742
11312,14.358734130859375
11313,18.03017807006836
11314,31.219858169555664
11315,30.15158462524414
11316,28.377910614013672
11317,29.228124618530273
11318,19.94428062438965
11319,10.64826488494873
11320,25.156606674194336
11321,25.100162506103516
11322,16.281835556030273
11323,22.50322723388672
11324,26.6141357421875
11325,16.44521713256836
11326,13.917924880981445
11327,25.479230880737305
11328,31.44769859313965
11329,15.767736434936523
11330,19.289430618286133
11331,18.350990295410156
11332,19.049592971801758
11333,11.564746856689453
11334,25.081256866455078
11335,18.26606559753418
11336,20.736461639404297
11337,17.23811912536621
11338,15.669748306274414
11339,27.61142921447754
11340,25.91219711303711
11341,25.472732543945312
11342,33.13143539428711
11343,27.141698837280273
11344,19.977516174316406
11345,15.267074584960938
11346,24.39028549194336
11347,11.608256340026855
11348,31.347787857055664
11349,25.540708541870117
11350,32.507415771484375
11351,11.132491111755371
11352,21.923736572265625
11353,21.45551300048828
11354,30.93389892578125
11355,11.654560089111328
11356,23.03432273864746
11357,21.27297019958496
11358,18.031322479248047
11359,16.929359436035156
11360,24.526329040527344
11361,27.962024688720703
11362,22.76862144470215
11363,17.563140869140625
11364,22.798139572143555
11365,11.187543869018555
11366,26.75404167175293
11367,14.832274436950684
11368,22.58877182006836
11369,21.743324279785156
11370,17.674224853515625
11371,18.399555206298828
11372,16.67702865600586
11373,14.358043670654297
11374,18.02924919128418
11375,31.218875885009766
11376,30.14990997314453
11377,28.375661849975586
11378,29.22585105895996
11379,19.942745208740234
11380,10.647491455078125
11381,25.15452766418457
11382,25.09990692138672
11383,16.28150749206543
11384,22.50137710571289
11385,26.61347198486328
11386,16.444400787353516
11387,13.918277740478516
11388,25.47911262512207
11389,31.446304321289062
11390,15.76641845703125
11391,19.288040161132812
11392,18.350845336914062
11393,19.048221588134766
11394,11.56258773803711
11395,25.08133316040039
11396,18.264923095703125
11397,20.735614776611328
11398,17.236282348632812
11399,15.668985366821289
11400,27.60753631591797
11401,25.912038803100586
11402,25.470571517944336
11403,33.13258361816406
11404,27.14183807373047
11405,19.975597381591797
11406,15.26579475402832
11407,24.38920021057129
11408,11.606815338134766
11409,31.346738815307617
11410,25.53917694091797
11411,32.506439208984375
11412,11.131402969360352
11413,21.922012329101562
11414,21.45330810546875
11415,30.93243980407715
11416,11.653268814086914
11417,23.033527374267578
11418,21.269874572753906
11419,18.030872344970703
11420,16.929134368896484
11421,24.52431297302246
11422,27.96142578125
11423,22.766597747802734
11424,17.561336517333984
11425,22.79789161682129
11426,11.185983657836914
11427,26.75187873840332
11428,14.832727432250977
11429,22.589078903198242
11430,21.74245834350586
11431,17.673179626464844
11432,18.39783477783203
11433,16.676708221435547
11434,14.357366561889648
11435,18.028324127197266
11436,31.217884063720703
11437,30.148210525512695
11438,28.373424530029297
11439,29.22357940673828
11440,19.941225051879883
11441,10.646711349487305
11442,25.152454376220703
11443,25.099641799926758
11444,16.281173706054688
11445,22.49952507019043
11446,26.612823486328125
11447,16.443588256835938
11448,13.918641090393066
11449,25.478994369506836
11450,31.444921493530273
11451,15.765095710754395
11452,19.28664207458496
11453,18.35069465637207
11454,19.04684066772461
11455,11.560437202453613
11456,25.08139991760254
11457,18.263765335083008
11458,20.734758377075195
11459,17.234453201293945
11460,15.668231010437012
11461,27.6036376953125
11462,25.91189193725586
11463,25.468408584594727
11464,33.133731842041016
11465,27.1419677734375
11466,19.973676681518555
11467,15.264522552490234
11468,24.38811492919922
11469,11.60538101196289
11470,31.345691680908203
11471,25.537654876708984
11472,32.50547409057617
11473,11.130317687988281
11474,21.920291900634766
11475,21.45109748840332
11476,30.93097686767578
11477,11.651984214782715
11478,23.032726287841797
11479,21.26676368713379
11480,18.030439376831055
11481,16.92889404296875
11482,24.522289276123047
11483,27.960826873779297
11484,22.76457977294922
11485,17.559545516967773
11486,22.797637939453125
11487,11.184412956237793
11488,26.749713897705078
11489,14.8331880569458
11490,22.58938980102539
11491,21.74160385131836
11492,17.672134399414062
11493,18.396099090576172
11494,16.676406860351562
11495,14.35667896270752
11496,18.02739906311035
11497,31.21690559387207
11498,30.14653778076172
11499,28.371177673339844
11500,29.22130584716797
11501,19.939695358276367
11502,10.64593505859375
11503,25.150375366210938
11504,25.099393844604492
11505,16.28085708618164
11506,22.497678756713867
11507,26.61216926574707
11508,16.442764282226562
11509,13.9190034866333
11510,25.47887420654297
11511,31.443546295166016
11512,15.76378059387207
11513,19.285247802734375
11514,18.35055160522461
11515,19.04545783996582
11516,11.558281898498535
11517,25.08146858215332
11518,18.262624740600586
11519,20.733915328979492
11520,17.232614517211914
11521,15.667464256286621
11522,27.599740982055664
11523,25.9117374420166
11524,25.46623992919922
11525,33.13488006591797
11526,27.142114639282227
11527,19.97174835205078
11528,15.263249397277832
11529,24.387025833129883
11530,11.603947639465332
11531,31.34463882446289
11532,25.5361270904541
11533,32.50450897216797
11534,11.129227638244629
11535,21.918569564819336
11536,21.44889259338379
11537,30.929513931274414
11538,11.6506986618042
11539,23.031936645507812
11540,21.263656616210938
11541,18.029998779296875
11542,16.92865562438965
11543,24.5202693939209
11544,27.960222244262695
11545,22.762556076049805
11546,17.557748794555664
11547,22.797393798828125
11548,11.182852745056152
11549,26.747541427612305
11550,14.83364200592041
11551,22.589706420898438
11552,21.74074363708496
11553,17.67108726501465
11554,18.394365310668945
11555,16.676088333129883
11556,14.355992317199707
11557,18.026466369628906
11558,31.215919494628906
11559,30.144851684570312
11560,28.368932723999023
11561,29.219024658203125
11562,19.938180923461914
11563,10.645159721374512
11564,25.14830780029297
11565,25.099123001098633
11566,16.280527114868164
11567,22.495826721191406
11568,26.61151885986328
11569,16.44194984436035
11570,13.919363021850586
11571,25.478757858276367
11572,31.442157745361328
11573,15.762460708618164
11574,19.28385353088379
11575,18.35040283203125
11576,19.044082641601562
11577,11.556133270263672
11578,25.08155632019043
11579,18.261472702026367
11580,20.733068466186523
11581,17.23077964782715
11582,15.666707992553711
11583,27.59585189819336
11584,25.911577224731445
11585,25.46407127380371
11586,33.13603210449219
11587,27.14224624633789
11588,19.969825744628906
11589,15.261969566345215
11590,24.385942459106445
11591,11.602514266967773
11592,31.343595504760742
11593,25.534589767456055
11594,32.503536224365234
11595,11.128141403198242
11596,21.916841506958008
11597,21.446685791015625
11598,30.92805290222168
11599,11.649417877197266
11600,23.03114128112793
11601,21.260549545288086
11602,18.029550552368164
11603,16.928424835205078
11604,24.518239974975586
11605,27.959623336791992
11606,22.760526657104492
11607,17.55595588684082
11608,22.797151565551758
11609,11.181290626525879
11610,26.745389938354492
11611,14.834096908569336
11612,22.590015411376953
11613,21.739885330200195
11614,17.670061111450195
11615,18.392635345458984
11616,16.67576789855957
11617,14.35531997680664
11618,18.02554702758789
11619,31.21493911743164
11620,30.143177032470703
11621,28.366662979125977
11622,29.216739654541016
11623,19.93663215637207
11624,10.644379615783691
11625,25.146215438842773
11626,25.0988712310791
11627,16.280200958251953
11628,22.493976593017578
11629,26.610862731933594
11630,16.441129684448242
11631,13.919723510742188
11632,25.478641510009766
11633,31.44078826904297
11634,15.76113224029541
11635,19.28245735168457
11636,18.35024642944336
11637,19.042709350585938
11638,11.553973197937012
11639,25.081621170043945
11640,18.26032066345215
11641,20.73222541809082
11642,17.22894859313965
11643,15.665949821472168
11644,27.591951370239258
11645,25.911436080932617
11646,25.461902618408203
11647,33.13716125488281
11648,27.142385482788086
11649,19.9678955078125
11650,15.260706901550293
11651,24.384855270385742
11652,11.601079940795898
11653,31.342544555664062
11654,25.533056259155273
11655,32.50257110595703
11656,11.127058982849121
11657,21.915124893188477
11658,21.44447898864746
11659,30.926591873168945
11660,11.648128509521484
11661,23.030351638793945
11662,21.2574405670166
11663,18.029115676879883
11664,16.928192138671875
11665,24.516216278076172
11666,27.959020614624023
11667,22.758493423461914
11668,17.554149627685547
11669,22.796920776367188
11670,11.179716110229492
11671,26.74323081970215
11672,14.834549903869629
11673,22.590328216552734
11674,21.73903465270996
11675,17.66901969909668
11676,18.390901565551758
11677,16.67545509338379
11678,14.35465145111084
11679,18.024629592895508
11680,31.213958740234375
11681,30.141504287719727
11682,28.364416122436523
11683,29.21445655822754
11684,19.935115814208984
11685,10.643594741821289
11686,25.144155502319336
11687,25.098608016967773
11688,16.279874801635742
11689,22.492124557495117
11690,26.610219955444336
11691,16.4403133392334
11692,13.920092582702637
11693,25.47852897644043
11694,31.439411163330078
11695,15.759819984436035
11696,19.28105354309082
11697,18.3500919342041
11698,19.041332244873047
11699,11.551826477050781
11700,25.08170509338379
11701,18.259174346923828
11702,20.731372833251953
11703,17.22711944580078
11704,15.665192604064941
11705,27.58806037902832
11706,25.911291122436523
11707,25.459728240966797
11708,33.13829040527344
11709,27.142526626586914
11710,19.965978622436523
11711,15.259425163269043
11712,24.383773803710938
11713,11.599648475646973
11714,31.341510772705078
11715,25.531522750854492
11716,32.501617431640625
11717,11.12596607208252
11718,21.913389205932617
11719,21.442272186279297
11720,30.925125122070312
11721,11.646835327148438
11722,23.02956199645996
11723,21.25433349609375
11724,18.0286808013916
11725,16.927967071533203
11726,24.514184951782227
11727,27.958431243896484
11728,22.756454467773438
11729,17.552339553833008
11730,22.796680450439453
11731,11.17814826965332
11732,26.74107551574707
11733,14.83499526977539
11734,22.59063148498535
11735,21.738176345825195
11736,17.667987823486328
11737,18.389175415039062
11738,16.675138473510742
11739,14.353978157043457
11740,18.023706436157227
11741,31.21297264099121
11742,30.13982391357422
11743,28.362157821655273
11744,29.2121639251709
11745,19.9335880279541
11746,10.642815589904785
11747,25.142061233520508
11748,25.098337173461914
11749,16.2795467376709
11750,22.490272521972656
11751,26.60956573486328
11752,16.43950080871582
11753,13.920456886291504
11754,25.478412628173828
11755,31.43804359436035
11756,15.758496284484863
11757,19.27965545654297
11758,18.349931716918945
11759,19.039968490600586
11760,11.549677848815918
11761,25.081777572631836
11762,18.25802230834961
11763,20.73053741455078
11764,17.22528076171875
11765,15.664432525634766
11766,27.58418083190918
11767,25.911134719848633
11768,25.45755958557129
11769,33.139434814453125
11770,27.142658233642578
11771,19.964065551757812
11772,15.258156776428223
11773,24.38268280029297
11774,11.598211288452148
11775,31.34044647216797
11776,25.529991149902344
11777,32.50065994262695
11778,11.12487506866455
11779,21.911651611328125
11780,21.44005584716797
11781,30.923648834228516
11782,11.645547866821289
11783,23.028772354125977
11784,21.251220703125
11785,18.02823829650879
11786,16.927732467651367
11787,24.51215934753418
11788,27.957839965820312
11789,22.754417419433594
11790,17.55052947998047
11791,22.796449661254883
11792,11.1765775680542
11793,26.738906860351562
11794,14.835433006286621
11795,22.5909423828125
11796,21.737321853637695
11797,17.666950225830078
11798,18.38744354248047
11799,16.67481231689453
11800,14.35330867767334
11801,18.022794723510742
11802,31.211994171142578
11803,30.138172149658203
11804,28.359901428222656
11805,29.20987892150879
11806,19.932058334350586
11807,10.642036437988281
11808,25.139991760253906
11809,25.098072052001953
11810,16.279216766357422
11811,22.48841094970703
11812,26.60892105102539
11813,16.438692092895508
11814,13.920822143554688
11815,25.47830581665039
11816,31.43669319152832
11817,15.757180213928223
11818,19.27825164794922
11819,18.34976577758789
11820,19.038597106933594
11821,11.547518730163574
11822,25.081859588623047
11823,18.256872177124023
11824,20.729698181152344
11825,17.223434448242188
11826,15.663673400878906
11827,27.580307006835938
11828,25.910980224609375
11829,25.455381393432617
11830,33.14055633544922
11831,27.142797470092773
11832,19.962146759033203
11833,15.256888389587402
11834,24.3815975189209
11835,11.596771240234375
11836,31.339420318603516
11837,25.5284423828125
11838,32.499725341796875
11839,11.123780250549316
11840,21.909908294677734
11841,21.437843322753906
11842,30.92219352722168
11843,11.64425277709961
11844,23.028003692626953
11845,21.248092651367188
11846,18.027799606323242
11847,16.92752456665039
11848,24.51012420654297
11849,27.957263946533203
11850,22.752368927001953
11851,17.548717498779297
11852,22.796228408813477
11853,11.175008773803711
11854,26.736759185791016
11855,14.835865020751953
11856,22.591245651245117
11857,21.736473083496094
11858,17.665924072265625
11859,18.385709762573242
11860,16.674480438232422
11861,14.352656364440918
11862,18.02189064025879
11863,31.211029052734375
11864,30.13650131225586
11865,28.35763931274414
11866,29.207595825195312
11867,19.9305419921875
11868,10.641258239746094
11869,25.137908935546875
11870,25.097793579101562
11871,16.278881072998047
11872,22.486555099487305
11873,26.6082763671875
11874,16.437877655029297
11875,13.921186447143555
11876,25.47821044921875
11877,31.435346603393555
11878,15.755866050720215
11879,19.276857376098633
11880,18.34958839416504
11881,19.03721809387207
11882,11.545363426208496
11883,25.081939697265625
11884,18.25572395324707
11885,20.728857040405273
11886,17.221595764160156
11887,15.662909507751465
11888,27.576435089111328
11889,25.91083526611328
11890,25.453203201293945
11891,33.14165115356445
11892,27.142921447753906
11893,19.960229873657227
11894,15.255615234375
11895,24.38050079345703
11896,11.595335960388184
11897,31.33839225769043
11898,25.52690887451172
11899,32.49877166748047
11900,11.122676849365234
11901,21.90817642211914
11902,21.435630798339844
11903,30.920719146728516
11904,11.642943382263184
11905,23.027223587036133
11906,21.244972229003906
11907,18.02737045288086
11908,16.927305221557617
11909,24.50809097290039
11910,27.956676483154297
11911,22.750322341918945
11912,17.54690170288086
11913,22.795995712280273
11914,11.17343521118164
11915,26.73459815979004
11916,14.836297035217285
11917,22.591543197631836
11918,21.73562240600586
11919,17.66488265991211
11920,18.383991241455078
11921,16.67415428161621
11922,14.351988792419434
11923,18.020984649658203
11924,31.21006202697754
11925,30.134836196899414
11926,28.35537338256836
11927,29.205303192138672
11928,19.929019927978516
11929,10.640472412109375
11930,25.135828018188477
11931,25.097530364990234
11932,16.278545379638672
11933,22.484697341918945
11934,26.607635498046875
11935,16.43706703186035
11936,13.921557426452637
11937,25.478105545043945
11938,31.434001922607422
11939,15.754547119140625
11940,19.275455474853516
11941,18.349422454833984
11942,19.03585433959961
11943,11.543209075927734
11944,25.082029342651367
11945,18.25457000732422
11946,20.72801971435547
11947,17.219755172729492
11948,15.662148475646973
11949,27.572553634643555
11950,25.91068458557129
11951,25.451017379760742
11952,33.14277648925781
11953,27.14305877685547
11954,19.958322525024414
11955,15.254342079162598
11956,24.37940788269043
11957,11.593891143798828
11958,31.33736228942871
11959,25.525365829467773
11960,32.497833251953125
11961,11.121580123901367
11962,21.90642738342285
11963,21.433420181274414
11964,30.91924285888672
11965,11.641646385192871
11966,23.026451110839844
11967,21.24183464050293
11968,18.02693748474121
11969,16.92708969116211
11970,24.50604820251465
11971,27.956104278564453
11972,22.748247146606445
11973,17.545080184936523
11974,22.7957706451416
11975,11.171860694885254
11976,26.73244285583496
11977,14.836730003356934
11978,22.59184455871582
11979,21.734766006469727
11980,17.663846969604492
11981,18.382253646850586
11982,16.67381477355957
11983,14.351339340209961
11984,18.020082473754883
11985,31.20909309387207
11986,30.133193969726562
11987,28.353107452392578
11988,29.203014373779297
11989,19.927494049072266
11990,10.639689445495605
11991,25.133731842041016
11992,25.09724998474121
11993,16.278207778930664
11994,22.48282814025879
11995,26.606990814208984
11996,16.43625831604004
11997,13.921930313110352
11998,25.47801399230957
11999,31.43266487121582
12000,15.753227233886719
12001,19.2740535736084
12002,18.3492488861084
12003,19.034488677978516
12004,11.541059494018555
12005,25.082120895385742
12006,18.25341796875
12007,20.727184295654297
12008,17.217914581298828
12009,15.661373138427734
12010,27.568696975708008
12011,25.91053581237793
12012,25.44883155822754
12013,33.14387512207031
12014,27.1431884765625
12015,19.956401824951172
12016,15.253073692321777
12017,24.378305435180664
12018,11.592451095581055
12019,31.336326599121094
12020,25.52382469177246
12021,32.49689865112305
12022,11.120485305786133
12023,21.90468406677246
12024,21.43120765686035
12025,30.917776107788086
12026,11.640336990356445
12027,23.025680541992188
12028,21.238706588745117
12029,18.026512145996094
12030,16.926876068115234
12031,24.50401496887207
12032,27.955524444580078
12033,22.74620246887207
12034,17.543264389038086
12035,22.79555892944336
12036,11.1702880859375
12037,26.73029327392578
12038,14.837154388427734
12039,22.592144012451172
12040,21.73391342163086
12041,17.662813186645508
12042,18.380525588989258
12043,16.67348289489746
12044,14.350691795349121
12045,18.019180297851562
12046,31.208139419555664
12047,30.131534576416016
12048,28.3508358001709
12049,29.200712203979492
12050,19.925966262817383
12051,10.638907432556152
12052,25.131643295288086
12053,25.096961975097656
12054,16.277873992919922
12055,22.480966567993164
12056,26.606346130371094
12057,16.435447692871094
12058,13.922301292419434
12059,25.47791862487793
12060,31.431339263916016
12061,15.751908302307129
12062,19.272653579711914
12063,18.34906768798828
12064,19.033123016357422
12065,11.538900375366211
12066,25.082212448120117
12067,18.25226593017578
12068,20.726348876953125
12069,17.216062545776367
12070,15.660618782043457
12071,27.564817428588867
12072,25.91037940979004
12073,25.446645736694336
12074,33.144996643066406
12075,27.143321990966797
12076,19.954492568969727
12077,15.251801490783691
12078,24.37721061706543
12079,11.591001510620117
12080,31.335309982299805
12081,25.522279739379883
12082,32.49595260620117
12083,11.119383811950684
12084,21.90293312072754
12085,21.428983688354492
12086,30.916301727294922
12087,11.639036178588867
12088,23.024913787841797
12089,21.235578536987305
12090,18.02608299255371
12091,16.92667007446289
12092,24.501981735229492
12093,27.954954147338867
12094,22.7441349029541
12095,17.541440963745117
12096,22.795347213745117
12097,11.168710708618164
12098,26.728132247924805
12099,14.837577819824219
12100,22.592437744140625
12101,21.733064651489258
12102,17.661771774291992
12103,18.378795623779297
12104,16.67314338684082
12105,14.35004711151123
12106,18.018274307250977
12107,31.20718002319336
12108,30.129899978637695
12109,28.34857749938965
12110,29.19841957092285
12111,19.924449920654297
12112,10.638124465942383
12113,25.12955665588379
12114,25.096691131591797
12115,16.277524948120117
12116,22.47910499572754
12117,26.605703353881836
12118,16.434642791748047
12119,13.922677040100098
12120,25.47783088684082
12121,31.430009841918945
12122,15.750594139099121
12123,19.271251678466797
12124,18.34888458251953
12125,19.03175163269043
12126,11.5367431640625
12127,25.082298278808594
12128,18.251121520996094
12129,20.725513458251953
12130,17.214214324951172
12131,15.659844398498535
12132,27.560935974121094
12133,25.910228729248047
12134,25.44446563720703
12135,33.146121978759766
12136,27.143461227416992
12137,19.952585220336914
12138,15.250530242919922
12139,24.376113891601562
12140,11.589556694030762
12141,31.334278106689453
12142,25.520742416381836
12143,32.49501419067383
12144,11.118280410766602
12145,21.90119171142578
12146,21.4267578125
12147,30.91482925415039
12148,11.63771915435791
12149,23.02414321899414
12150,21.232440948486328
12151,18.025644302368164
12152,16.926456451416016
12153,24.49994659423828
12154,27.95438003540039
12155,22.74208641052246
12156,17.539623260498047
12157,22.795127868652344
12158,11.167129516601562
12159,26.72597312927246
12160,14.838001251220703
12161,22.59273338317871
12162,21.732213973999023
12163,17.660730361938477
12164,18.377071380615234
12165,16.672807693481445
12166,14.34940242767334
12167,18.017377853393555
12168,31.206218719482422
12169,30.128232955932617
12170,28.346303939819336
12171,29.196115493774414
12172,19.922924041748047
12173,10.63733959197998
12174,25.12746238708496
12175,25.09640884399414
12176,16.27718162536621
12177,22.477237701416016
12178,26.605070114135742
12179,16.433837890625
12180,13.923049926757812
12181,25.477752685546875
12182,31.42868995666504
12183,15.749267578125
12184,19.26984977722168
12185,18.348705291748047
12186,19.030385971069336
12187,11.534590721130371
12188,25.082399368286133
12189,18.24997329711914
12190,20.72467803955078
12191,17.212360382080078
12192,15.659076690673828
12193,27.55706787109375
12194,25.910079956054688
12195,25.44226837158203
12196,33.147220611572266
12197,27.14360237121582
12198,19.9506778717041
12199,15.249259948730469
12200,24.375011444091797
12201,11.588109970092773
12202,31.333251953125
12203,25.519197463989258
12204,32.49407958984375
12205,11.117176055908203
12206,21.899431228637695
12207,21.42453956604004
12208,30.91335678100586
12209,11.636409759521484
12210,23.02338218688965
12211,21.229297637939453
12212,18.025230407714844
12213,16.92624855041504
12214,24.497905731201172
12215,27.95381736755371
12216,22.740034103393555
12217,17.537796020507812
12218,22.794919967651367
12219,11.165555000305176
12220,26.723817825317383
12221,14.838418960571289
12222,22.5930233001709
12223,21.731369018554688
12224,17.65969467163086
12225,18.37533950805664
12226,16.672462463378906
12227,14.348752975463867
12228,18.0164794921875
12229,31.205257415771484
12230,30.1265869140625
12231,28.344017028808594
12232,29.193824768066406
12233,19.921405792236328
12234,10.636561393737793
12235,25.1253719329834
12236,25.09613609313965
12237,16.276838302612305
12238,22.47536849975586
12239,26.604434967041016
12240,16.433027267456055
12241,13.923431396484375
12242,25.4776668548584
12243,31.427356719970703
12244,15.747949600219727
12245,19.268449783325195
12246,18.348533630371094
12247,19.02901840209961
12248,11.532437324523926
12249,25.08249282836914
12250,18.248817443847656
12251,20.723844528198242
12252,17.21052360534668
12253,15.658317565917969
12254,27.55318832397461
12255,25.909944534301758
12256,25.44009017944336
12257,33.14833450317383
12258,27.143726348876953
12259,19.948762893676758
12260,15.247986793518066
12261,24.373916625976562
12262,11.586666107177734
12263,31.332229614257812
12264,25.517658233642578
12265,32.49313735961914
12266,11.116076469421387
12267,21.89768409729004
12268,21.422319412231445
12269,30.911884307861328
12270,11.635099411010742
12271,23.022613525390625
12272,21.226154327392578
12273,18.024799346923828
12274,16.926040649414062
12275,24.495868682861328
12276,27.95325469970703
12277,22.737964630126953
12278,17.535968780517578
12279,22.79471778869629
12280,11.163972854614258
12281,26.721662521362305
12282,14.838842391967773
12283,22.593326568603516
12284,21.730506896972656
12285,17.65865707397461
12286,18.37360954284668
12287,16.672119140625
12288,14.348114013671875
12289,18.015588760375977
12290,31.204309463500977
12291,30.124942779541016
12292,28.34174919128418
12293,29.191513061523438
12294,19.919883728027344
12295,10.635774612426758
12296,25.12328338623047
12297,25.095848083496094
12298,16.276508331298828
12299,22.4735050201416
12300,26.603796005249023
12301,16.43221664428711
12302,13.923810005187988
12303,25.47757911682129
12304,31.42603302001953
12305,15.746626853942871
12306,19.267044067382812
12307,18.348346710205078
12308,19.02765655517578
12309,11.530285835266113
12310,25.08258819580078
12311,18.247669219970703
12312,20.7230167388916
12313,17.20867156982422
12314,15.657547950744629
12315,27.549314498901367
12316,25.909793853759766
12317,25.437891006469727
12318,33.14943313598633
12319,27.143869400024414
12320,19.94685173034668
12321,15.246723175048828
12322,24.372831344604492
12323,11.585226058959961
12324,31.331199645996094
12325,25.516098022460938
12326,32.492218017578125
12327,11.114977836608887
12328,21.895923614501953
12329,21.420093536376953
12330,30.91041374206543
12331,11.63379192352295
12332,23.021854400634766
12333,21.223012924194336
12334,18.02437400817871
12335,16.92583656311035
12336,24.49382781982422
12337,27.952686309814453
12338,22.73589515686035
12339,17.534149169921875
12340,22.79450225830078
12341,11.162399291992188
12342,26.719499588012695
12343,14.839269638061523
12344,22.593618392944336
12345,21.729665756225586
12346,17.657617568969727
12347,18.37187957763672
12348,16.671781539916992
12349,14.347465515136719
12350,18.014686584472656
12351,31.203353881835938
12352,30.123291015625
12353,28.3394775390625
12354,29.189220428466797
12355,19.918359756469727
12356,10.635001182556152
12357,25.12118911743164
12358,25.09557342529297
12359,16.276161193847656
12360,22.471637725830078
12361,26.603158950805664
12362,16.431411743164062
12363,13.924192428588867
12364,25.477502822875977
12365,31.424711227416992
12366,15.745307922363281
12367,19.26563835144043
12368,18.34817123413086
12369,19.026283264160156
12370,11.528127670288086
12371,25.082683563232422
12372,18.246519088745117
12373,20.722179412841797
12374,17.206825256347656
12375,15.656778335571289
12376,27.54543113708496
12377,25.90965461730957
12378,25.43569564819336
12379,33.150550842285156
12380,27.14400291442871
12381,19.9449405670166
12382,15.245450973510742
12383,24.371721267700195
12384,11.583773612976074
12385,31.330184936523438
12386,25.514554977416992
12387,32.49128723144531
12388,11.11387825012207
12389,21.89417266845703
12390,21.41786766052246
12391,30.908935546875
12392,11.632475852966309
12393,23.021089553833008
12394,21.21986198425293
12395,18.023941040039062
12396,16.925634384155273
12397,24.491790771484375
12398,27.952123641967773
12399,22.73383331298828
12400,17.53232192993164
12401,22.79428482055664
12402,11.160818099975586
12403,26.717342376708984
12404,14.839692115783691
12405,22.59391975402832
12406,21.72881317138672
12407,17.65657615661621
12408,18.37015151977539
12409,16.671443939208984
12410,14.346835136413574
12411,18.0137882232666
12412,31.202390670776367
12413,30.121644973754883
12414,28.337203979492188
12415,29.186914443969727
12416,19.91684341430664
12417,10.63421630859375
12418,25.11908531188965
12419,25.095300674438477
12420,16.275815963745117
12421,22.469770431518555
12422,26.60252571105957
12423,16.430612564086914
12424,13.924568176269531
12425,25.477418899536133
12426,31.423402786254883
12427,15.743980407714844
12428,19.264236450195312
12429,18.347978591918945
12430,19.024921417236328
12431,11.525975227355957
12432,25.082786560058594
12433,18.24537467956543
12434,20.72135353088379
12435,17.204975128173828
12436,15.656013488769531
12437,27.54157066345215
12438,25.909494400024414
12439,25.433504104614258
12440,33.15165328979492
12441,27.144140243530273
12442,19.943029403686523
12443,15.244178771972656
12444,24.370615005493164
12445,11.582322120666504
12446,31.32915496826172
12447,25.51301383972168
12448,32.4903450012207
12449,11.112770080566406
12450,21.892404556274414
12451,21.41564178466797
12452,30.90745735168457
12453,11.631158828735352
12454,23.020328521728516
12455,21.21672248840332
12456,18.02352523803711
12457,16.925432205200195
12458,24.489744186401367
12459,27.95155906677246
12460,22.731760025024414
12461,17.530488967895508
12462,22.794082641601562
12463,11.1592378616333
12464,26.715190887451172
12465,14.840112686157227
12466,22.594209671020508
12467,21.72795867919922
12468,17.655534744262695
12469,18.368417739868164
12470,16.67109489440918
12471,14.346199035644531
12472,18.01289939880371
12473,31.20145034790039
12474,30.120019912719727
12475,28.33491325378418
12476,29.184612274169922
12477,19.91532325744629
12478,10.633439064025879
12479,25.116994857788086
12480,25.095012664794922
12481,16.27547264099121
12482,22.467905044555664
12483,26.601898193359375
12484,16.4298038482666
12485,13.924951553344727
12486,25.477357864379883
12487,31.422094345092773
12488,15.742666244506836
12489,19.26283836364746
12490,18.347814559936523
12491,19.023555755615234
12492,11.523821830749512
12493,25.082887649536133
12494,18.244220733642578
12495,20.72052001953125
12496,17.203125
12497,15.655244827270508
12498,27.537694931030273
12499,25.909353256225586
12500,25.431306838989258
12501,33.15274429321289
12502,27.14427375793457
12503,19.941118240356445
12504,15.242914199829102
12505,24.369524002075195
12506,11.580872535705566
12507,31.328142166137695
12508,25.5114688873291
12509,32.48942565917969
12510,11.111669540405273
12511,21.89065170288086
12512,21.413415908813477
12513,30.905986785888672
12514,11.629837989807129
12515,23.019573211669922
12516,21.213571548461914
12517,18.023109436035156
12518,16.92522621154785
12519,24.487707138061523
12520,27.95100212097168
12521,22.729698181152344
12522,17.52866554260254
12523,22.793880462646484
12524,11.157657623291016
12525,26.71302032470703
12526,14.840534210205078
12527,22.594501495361328
12528,21.727108001708984
12529,17.654497146606445
12530,18.366697311401367
12531,16.67075538635254
12532,14.345561027526855
12533,18.012006759643555
12534,31.200496673583984
12535,30.118371963500977
12536,28.3326473236084
12537,29.182310104370117
12538,19.913801193237305
12539,10.632658004760742
12540,25.114891052246094
12541,25.09474754333496
12542,16.275121688842773
12543,22.466032028198242
12544,26.601255416870117
12545,16.429006576538086
12546,13.92533016204834
12547,25.477275848388672
12548,31.420780181884766
12549,15.741344451904297
12550,19.261428833007812
12551,18.347610473632812
12552,19.022197723388672
12553,11.521661758422852
12554,25.082988739013672
12555,18.243072509765625
12556,20.71968650817871
12557,17.201271057128906
12558,15.6544771194458
12559,27.5338134765625
12560,25.90921401977539
12561,25.429105758666992
12562,33.153846740722656
12563,27.14441680908203
12564,19.93921661376953
12565,15.2416410446167
12566,24.368417739868164
12567,11.579428672790527
12568,31.327110290527344
12569,25.50992774963379
12570,32.488494873046875
12571,11.110564231872559
12572,21.888893127441406
12573,21.41118812561035
12574,30.904508590698242
12575,11.628520011901855
12576,23.01880645751953
12577,21.210418701171875
12578,18.022680282592773
12579,16.925031661987305
12580,24.48567771911621
12581,27.9504451751709
12582,22.727649688720703
12583,17.526845932006836
12584,22.793659210205078
12585,11.156085014343262
12586,26.71086883544922
12587,14.840950965881348
12588,22.594785690307617
12589,21.726238250732422
12590,17.653440475463867
12591,18.364973068237305
12592,16.6704158782959
12593,14.344918251037598
12594,18.01110076904297
12595,31.19954490661621
12596,30.11671257019043
12597,28.330385208129883
12598,29.18001365661621
12599,19.91228485107422
12600,10.631890296936035
12601,25.1127986907959
12602,25.09446907043457
12603,16.2747802734375
12604,22.46416473388672
12605,26.600624084472656
12606,16.42820930480957
12607,13.925715446472168
12608,25.47719383239746
12609,31.41946792602539
12610,15.740021705627441
12611,19.260025024414062
12612,18.34743881225586
12613,19.020822525024414
12614,11.519506454467773
12615,25.08309555053711
12616,18.241926193237305
12617,20.718852996826172
12618,17.199405670166016
12619,15.653704643249512
12620,27.529926300048828
12621,25.9090576171875
12622,25.426921844482422
12623,33.15496826171875
12624,27.144556045532227
12625,19.937294006347656
12626,15.240370750427246
12627,24.367313385009766
12628,11.577970504760742
12629,31.326087951660156
12630,25.508380889892578
12631,32.4875602722168
12632,11.109460830688477
12633,21.88714599609375
12634,21.40896224975586
12635,30.903032302856445
12636,11.62720012664795
12637,23.01804542541504
12638,21.207265853881836
12639,18.022260665893555
12640,16.924823760986328
12641,24.48363494873047
12642,27.949880599975586
12643,22.72559928894043
12644,17.525012969970703
12645,22.793455123901367
12646,11.154512405395508
12647,26.70868492126465
12648,14.84138298034668
12649,22.5950870513916
12650,21.725391387939453
12651,17.65239715576172
12652,18.36324691772461
12653,16.670066833496094
12654,14.344274520874023
12655,18.01021385192871
12656,31.19860076904297
12657,30.115070343017578
12658,28.328109741210938
12659,29.17770767211914
12660,19.91075897216797
12661,10.631115913391113
12662,25.110715866088867
12663,25.09419059753418
12664,16.274431228637695
12665,22.462289810180664
12666,26.59998893737793
12667,16.427413940429688
12668,13.926094055175781
12669,25.477123260498047
12670,31.41815757751465
12671,15.738707542419434
12672,19.258621215820312
12673,18.347257614135742
12674,19.019454956054688
12675,11.517340660095215
12676,25.083194732666016
12677,18.240774154663086
12678,20.71802520751953
12679,17.197551727294922
12680,15.652937889099121
12681,27.526065826416016
12682,25.908924102783203
12683,25.42474365234375
12684,33.15607452392578
12685,27.14469337463379
12686,19.935386657714844
12687,15.239100456237793
12688,24.3662109375
12689,11.576520919799805
12690,31.325069427490234
12691,25.506855010986328
12692,32.486629486083984
12693,11.108351707458496
12694,21.88538360595703
12695,21.40673065185547
12696,30.901554107666016
12697,11.625879287719727
12698,23.017284393310547
12699,21.204105377197266
12700,18.02184295654297
12701,16.924636840820312
12702,24.481597900390625
12703,27.949329376220703
12704,22.72354507446289
12705,17.52316665649414
12706,22.793249130249023
12707,11.15294075012207
12708,26.706531524658203
12709,14.841785430908203
12710,22.595375061035156
12711,21.724529266357422
12712,17.651355743408203
12713,18.36153221130371
12714,16.66973304748535
12715,14.343645095825195
12716,18.00931739807129
12717,31.197643280029297
12718,30.11343002319336
12719,28.325834274291992
12720,29.175397872924805
12721,19.90924072265625
12722,10.630332946777344
12723,25.10861587524414
12724,25.093904495239258
12725,16.27408218383789
12726,22.460411071777344
12727,26.5993595123291
12728,16.426620483398438
12729,13.92647647857666
12730,25.47705841064453
12731,31.416851043701172
12732,15.73740291595459
12733,19.2572078704834
12734,18.347078323364258
12735,19.01808738708496
12736,11.515181541442871
12737,25.083309173583984
12738,18.2396240234375
12739,20.717193603515625
12740,17.19569206237793
12741,15.652167320251465
12742,27.522184371948242
12743,25.90877914428711
12744,25.42254638671875
12745,33.15718078613281
12746,27.144840240478516
12747,19.933488845825195
12748,15.23783016204834
12749,24.365100860595703
12750,11.575068473815918
12751,31.324037551879883
12752,25.50531768798828
12753,32.48570251464844
12754,11.1072416305542
12755,21.883628845214844
12756,21.40450668334961
12757,30.900066375732422
12758,11.62454891204834
12759,23.01652717590332
12760,21.200950622558594
12761,18.02142333984375
12762,16.924440383911133
12763,24.479562759399414
12764,27.948780059814453
12765,22.72148323059082
12766,17.52133560180664
12767,22.793031692504883
12768,11.15136432647705
12769,26.704370498657227
12770,14.842198371887207
12771,22.595670700073242
12772,21.72368049621582
12773,17.650312423706055
12774,18.35980987548828
12775,16.66938018798828
12776,14.343009948730469
12777,18.0084285736084
12778,31.196693420410156
12779,30.111793518066406
12780,28.323562622070312
12781,29.173095703125
12782,19.907733917236328
12783,10.629554748535156
12784,25.106521606445312
12785,25.09361457824707
12786,16.273738861083984
12787,22.45853614807129
12788,26.59872817993164
12789,16.425825119018555
12790,13.926856994628906
12791,25.47698402404785
12792,31.415557861328125
12793,15.736085891723633
12794,19.255802154541016
12795,18.346879959106445
12796,19.016725540161133
12797,11.513022422790527
12798,25.08340835571289
12799,18.23847007751465
12800,20.716367721557617
12801,17.193830490112305
12802,15.651397705078125
12803,27.518335342407227
12804,25.90863609313965
12805,25.42036247253418
12806,33.158287048339844
12807,27.144973754882812
12808,19.93158531188965
12809,15.236555099487305
12810,24.363988876342773
12811,11.57362174987793
12812,31.32303237915039
12813,25.503772735595703
12814,32.48478317260742
12815,11.106138229370117
12816,21.881864547729492
12817,21.40226936340332
12818,30.89858627319336
12819,11.6232271194458
12820,23.015779495239258
12821,21.197790145874023
12822,18.020998001098633
12823,16.92424774169922
12824,24.477521896362305
12825,27.948225021362305
12826,22.71941566467285
12827,17.519495010375977
12828,22.79283332824707
12829,11.14979076385498
12830,26.702213287353516
12831,14.84261417388916
12832,22.59596061706543
12833,21.722824096679688
12834,17.64927101135254
12835,18.358083724975586
12836,16.66902732849121
12837,14.342371940612793
12838,18.007539749145508
12839,31.19573402404785
12840,30.110149383544922
12841,28.32127571105957
12842,29.17078971862793
12843,19.90620994567871
12844,10.628783226013184
12845,25.104419708251953
12846,25.093334197998047
12847,16.273395538330078
12848,22.456663131713867
12849,26.59808921813965
12850,16.425039291381836
12851,13.927244186401367
12852,25.476926803588867
12853,31.414255142211914
12854,15.734766006469727
12855,19.2544002532959
12856,18.346696853637695
12857,19.015361785888672
12858,11.510857582092285
12859,25.08351707458496
12860,18.237323760986328
12861,20.71553611755371
12862,17.191972732543945
12863,15.650628089904785
12864,27.514455795288086
12865,25.908498764038086
12866,25.41816520690918
12867,33.15938949584961
12868,27.14511489868164
12869,19.92967987060547
12870,15.235285758972168
12871,24.362886428833008
12872,11.57217025756836
12873,31.3220272064209
12874,25.50223731994629
12875,32.48386001586914
12876,11.105016708374023
12877,21.880107879638672
12878,21.400043487548828
12879,30.8971004486084
12880,11.62190055847168
12881,23.015016555786133
12882,21.194631576538086
12883,18.020584106445312
12884,16.924053192138672
12885,24.47547721862793
12886,27.94767189025879
12887,22.717342376708984
12888,17.517667770385742
12889,22.792633056640625
12890,11.148208618164062
12891,26.700040817260742
12892,14.843022346496582
12893,22.596254348754883
12894,21.72197914123535
12895,17.64823341369629
12896,18.356359481811523
12897,16.66868782043457
12898,14.341744422912598
12899,18.006650924682617
12900,31.194793701171875
12901,30.108524322509766
12902,28.318998336791992
12903,29.168474197387695
12904,19.904699325561523
12905,10.62800407409668
12906,25.102323532104492
12907,25.093048095703125
12908,16.27304458618164
12909,22.454788208007812
12910,26.597461700439453
12911,16.424238204956055
12912,13.927632331848145
12913,25.47686004638672
12914,31.412952423095703
12915,15.733449935913086
12916,19.25299072265625
12917,18.346511840820312
12918,19.013999938964844
12919,11.508700370788574
12920,25.0836238861084
12921,18.23617172241211
12922,20.714702606201172
12923,17.19011878967285
12924,15.649861335754395
12925,27.510587692260742
12926,25.908361434936523
12927,25.415964126586914
12928,33.16049575805664
12929,27.145259857177734
12930,19.927762985229492
12931,15.234015464782715
12932,24.361791610717773
12933,11.570714950561523
12934,31.32100486755371
12935,25.500694274902344
12936,32.4829216003418
12937,11.103918075561523
12938,21.878339767456055
12939,21.397808074951172
12940,30.895614624023438
12941,11.620577812194824
12942,23.014270782470703
12943,21.19146156311035
12944,18.020166397094727
12945,16.92386245727539
12946,24.473426818847656
12947,27.947111129760742
12948,22.715269088745117
12949,17.51582908630371
12950,22.792436599731445
12951,11.146622657775879
12952,26.697895050048828
12953,14.843440055847168
12954,22.596548080444336
12955,21.721113204956055
12956,17.647188186645508
12957,18.354631423950195
12958,16.6683406829834
12959,14.34111499786377
12960,18.005760192871094
12961,31.19385528564453
12962,30.106876373291016
12963,28.31671714782715
12964,29.166173934936523
12965,19.903181076049805
12966,10.627227783203125
12967,25.100221633911133
12968,25.0927734375
12969,16.272695541381836
12970,22.452909469604492
12971,26.596826553344727
12972,16.423442840576172
12973,13.928025245666504
12974,25.476787567138672
12975,31.411657333374023
12976,15.732128143310547
12977,19.251583099365234
12978,18.34632682800293
12979,19.01262855529785
12980,11.506542205810547
12981,25.083738327026367
12982,18.235017776489258
12983,20.71388053894043
12984,17.18825912475586
12985,15.649096488952637
12986,27.506698608398438
12987,25.908218383789062
12988,25.41376495361328
12989,33.161598205566406
12990,27.145402908325195
12991,19.92584991455078
12992,15.232747077941895
12993,24.360679626464844
12994,11.5692720413208
12995,31.319988250732422
12996,25.4991455078125
12997,32.48200988769531
12998,11.10280704498291
12999,21.87657928466797
13000,21.39556884765625
13001,30.894140243530273
13002,11.619256973266602
13003,23.013511657714844
13004,21.188302993774414
13005,18.019750595092773
13006,16.923673629760742
13007,24.471378326416016
13008,27.94656753540039
13009,22.71318817138672
13010,17.51399040222168
13011,22.792240142822266
13012,11.14504337310791
13013,26.69572639465332
13014,14.843853950500488
13015,22.59684181213379
13016,21.72026252746582
13017,17.646154403686523
13018,18.352907180786133
13019,16.667993545532227
13020,14.340487480163574
13021,18.004873275756836
13022,31.19289779663086
13023,30.10524559020996
13024,28.31443977355957
13025,29.163856506347656
13026,19.901660919189453
13027,10.626448631286621
13028,25.098119735717773
13029,25.092500686645508
13030,16.272350311279297
13031,22.45103645324707
13032,26.59619903564453
13033,16.422645568847656
13034,13.92841911315918
13035,25.476728439331055
13036,31.41033935546875
13037,15.730805397033691
13038,19.25017738342285
13039,18.346132278442383
13040,19.01125717163086
13041,11.504383087158203
13042,25.083843231201172
13043,18.233871459960938
13044,20.713054656982422
13045,17.186397552490234
13046,15.648319244384766
13047,27.502830505371094
13048,25.90807342529297
13049,25.411569595336914
13050,33.1627082824707
13051,27.145545959472656
13052,19.923934936523438
13053,15.231477737426758
13054,24.359573364257812
13055,11.567817687988281
13056,31.3189754486084
13057,25.49760627746582
13058,32.48109436035156
13059,11.101692199707031
13060,21.874820709228516
13061,21.393335342407227
13062,30.892658233642578
13063,11.617921829223633
13064,23.012760162353516
13065,21.18514633178711
13066,18.019338607788086
13067,16.923473358154297
13068,24.469345092773438
13069,27.946014404296875
13070,22.711122512817383
13071,17.512157440185547
13072,22.792037963867188
13073,11.143464088439941
13074,26.69356918334961
13075,14.844268798828125
13076,22.597131729125977
13077,21.719409942626953
13078,17.645105361938477
13079,18.351181030273438
13080,16.667644500732422
13081,14.339860916137695
13082,18.003978729248047
13083,31.191959381103516
13084,30.103612899780273
13085,28.312152862548828
13086,29.161537170410156
13087,19.900150299072266
13088,10.6256742477417
13089,25.096019744873047
13090,25.092208862304688
13091,16.272003173828125
13092,22.44915199279785
13093,26.59557342529297
13094,16.42186737060547
13095,13.928800582885742
13096,25.476665496826172
13097,31.4090576171875
13098,15.729498863220215
13099,19.24877166748047
13100,18.345947265625
13101,19.009902954101562
13102,11.502219200134277
13103,25.083959579467773
13104,18.232717514038086
13105,20.712230682373047
13106,17.184534072875977
13107,15.647549629211426
13108,27.498964309692383
13109,25.907941818237305
13110,25.409374237060547
13111,33.16381072998047
13112,27.14570426940918
13113,19.92203140258789
13114,15.230212211608887
13115,24.35845947265625
13116,11.566366195678711
13117,31.317962646484375
13118,25.496063232421875
13119,32.48017883300781
13120,11.10058879852295
13121,21.8730525970459
13122,21.391101837158203
13123,30.891176223754883
13124,11.616600036621094
13125,23.01201820373535
13126,21.18197250366211
13127,18.0189208984375
13128,16.923290252685547
13129,24.467300415039062
13130,27.94546890258789
13131,22.709075927734375
13132,17.51032066345215
13133,22.791828155517578
13134,11.141887664794922
13135,26.691394805908203
13136,14.844688415527344
13137,22.597431182861328
13138,21.718542098999023
13139,17.64405059814453
13140,18.34946060180664
13141,16.66731071472168
13142,14.339228630065918
13143,18.003093719482422
13144,31.191015243530273
13145,30.101966857910156
13146,28.309879302978516
13147,29.159229278564453
13148,19.898643493652344
13149,10.624902725219727
13150,25.09392547607422
13151,25.091936111450195
13152,16.271652221679688
13153,22.447277069091797
13154,26.594945907592773
13155,16.421070098876953
13156,13.92918872833252
13157,25.47659683227539
13158,31.407760620117188
13159,15.728182792663574
13160,19.24736213684082
13161,18.345766067504883
13162,19.008533477783203
13163,11.500057220458984
13164,25.084062576293945
13165,18.231565475463867
13166,20.711395263671875
13167,17.182674407958984
13168,15.646775245666504
13169,27.49507713317871
13170,25.907808303833008
13171,25.407194137573242
13172,33.16492462158203
13173,27.14584732055664
13174,19.920129776000977
13175,15.228941917419434
13176,24.357351303100586
13177,11.56491756439209
13178,31.316944122314453
13179,25.494525909423828
13180,32.4792594909668
13181,11.099474906921387
13182,21.871288299560547
13183,21.388866424560547
13184,30.889690399169922
13185,11.615265846252441
13186,23.011260986328125
13187,21.178808212280273
13188,18.018510818481445
13189,16.92310905456543
13190,24.465253829956055
13191,27.944923400878906
13192,22.707002639770508
13193,17.508480072021484
13194,22.7916259765625
13195,11.140315055847168
13196,26.68922233581543
13197,14.845105171203613
13198,22.597721099853516
13199,21.71768569946289
13200,17.643003463745117
13201,18.34773826599121
13202,16.666959762573242
13203,14.33859920501709
13204,18.0022029876709
13205,31.1900577545166
13206,30.100322723388672
13207,28.30760955810547
13208,29.15692901611328
13209,19.897132873535156
13210,10.624131202697754
13211,25.091829299926758
13212,25.091659545898438
13213,16.271299362182617
13214,22.445398330688477
13215,26.594316482543945
13216,16.420286178588867
13217,13.92958927154541
13218,25.47654151916504
13219,31.406469345092773
13220,15.726856231689453
13221,19.245954513549805
13222,18.345584869384766
13223,19.007165908813477
13224,11.49789810180664
13225,25.084178924560547
13226,18.230411529541016
13227,20.710573196411133
13228,17.180805206298828
13229,15.646005630493164
13230,27.491188049316406
13231,25.907670974731445
13232,25.40498924255371
13233,33.16603088378906
13234,27.145999908447266
13235,19.9182186126709
13236,15.227672576904297
13237,24.356245040893555
13238,11.563467025756836
13239,31.315929412841797
13240,25.492990493774414
13241,32.47833251953125
13242,11.09836483001709
13243,21.869531631469727
13244,21.386625289916992
13245,30.888212203979492
13246,11.613940238952637
13247,23.01051139831543
13248,21.175636291503906
13249,18.01809310913086
13250,16.92291831970215
13251,24.46320915222168
13252,27.944372177124023
13253,22.704938888549805
13254,17.506643295288086
13255,22.791427612304688
13256,11.1387357711792
13257,26.687055587768555
13258,14.8455228805542
13259,22.598020553588867
13260,21.716825485229492
13261,17.641952514648438
13262,18.346017837524414
13263,16.66661262512207
13264,14.337970733642578
13265,18.001314163208008
13266,31.189117431640625
13267,30.09869384765625
13268,28.305322647094727
13269,29.15460968017578
13270,19.89560890197754
13271,10.623363494873047
13272,25.089719772338867
13273,25.09137725830078
13274,16.270957946777344
13275,22.443517684936523
13276,26.593687057495117
13277,16.419498443603516
13278,13.929977416992188
13279,25.476491928100586
13280,31.4051513671875
13281,15.725549697875977
13282,19.244550704956055
13283,18.345407485961914
13284,19.005794525146484
13285,11.495731353759766
13286,25.084291458129883
13287,18.22926902770996
13288,20.709741592407227
13289,17.178945541381836
13290,15.645231246948242
13291,27.4872989654541
13292,25.90753173828125
13293,25.402795791625977
13294,33.167144775390625
13295,27.146150588989258
13296,19.91630744934082
13297,15.226394653320312
13298,24.355138778686523
13299,11.562017440795898
13300,31.314908981323242
13301,25.4914493560791
13302,32.4774055480957
13303,11.097260475158691
13304,21.867761611938477
13305,21.384389877319336
13306,30.88672637939453
13307,11.612610816955566
13308,23.00975227355957
13309,21.172468185424805
13310,18.017677307128906
13311,16.922725677490234
13312,24.46116828918457
13313,27.943824768066406
13314,22.7028865814209
13315,17.504804611206055
13316,22.791223526000977
13317,11.137153625488281
13318,26.684892654418945
13319,14.845953941345215
13320,22.59832000732422
13321,21.715967178344727
13322,17.64090919494629
13323,18.34429359436035
13324,16.666284561157227
13325,14.337334632873535
13326,18.00041389465332
13327,31.188169479370117
13328,30.097049713134766
13329,28.30304718017578
13330,29.152299880981445
13331,19.89409828186035
13332,10.622591972351074
13333,25.08761978149414
13334,25.091108322143555
13335,16.270620346069336
13336,22.441646575927734
13337,26.59305763244629
13338,16.418704986572266
13339,13.930378913879395
13340,25.476417541503906
13341,31.403850555419922
13342,15.72422981262207
13343,19.243135452270508
13344,18.345232009887695
13345,19.004425048828125
13346,11.493565559387207
13347,25.08441162109375
13348,18.228111267089844
13349,20.708908081054688
13350,17.177085876464844
13351,15.644468307495117
13352,27.483423233032227
13353,25.90740394592285
13354,25.40061378479004
13355,33.16825866699219
13356,27.14630699157715
13357,19.914400100708008
13358,15.225129127502441
13359,24.354028701782227
13360,11.56057071685791
13361,31.313880920410156
13362,25.48991584777832
13363,32.476478576660156
13364,11.096146583557129
13365,21.866003036499023
13366,21.38215446472168
13367,30.885244369506836
13368,11.611286163330078
13369,23.00899887084961
13370,21.16929817199707
13371,18.01726531982422
13372,16.922544479370117
13373,24.459123611450195
13374,27.94327735900879
13375,22.700820922851562
13376,17.502965927124023
13377,22.7910213470459
13378,11.135584831237793
13379,26.682714462280273
13380,14.846365928649902
13381,22.598615646362305
13382,21.715116500854492
13383,17.63987159729004
13384,18.34256935119629
13385,16.665939331054688
13386,14.336703300476074
13387,17.999521255493164
13388,31.187223434448242
13389,30.09539794921875
13390,28.300765991210938
13391,29.14999008178711
13392,19.892580032348633
13393,10.621818542480469
13394,25.085519790649414
13395,25.090829849243164
13396,16.270267486572266
13397,22.439769744873047
13398,26.59242057800293
13399,16.41791534423828
13400,13.930768966674805
13401,25.47636604309082
13402,31.402565002441406
13403,15.722919464111328
13404,19.24172592163086
13405,18.345046997070312
13406,19.003053665161133
13407,11.491403579711914
13408,25.084518432617188
13409,18.226961135864258
13410,20.708087921142578
13411,17.175212860107422
13412,15.643695831298828
13413,27.47953224182129
13414,25.90726089477539
13415,25.398406982421875
13416,33.169368743896484
13417,27.14645004272461
13418,19.91248321533203
13419,15.22385025024414
13420,24.352924346923828
13421,11.559115409851074
13422,31.312877655029297
13423,25.488380432128906
13424,32.475563049316406
13425,11.095035552978516
13426,21.864238739013672
13427,21.379919052124023
13428,30.88375473022461
13429,11.609953880310059
13430,23.008251190185547
13431,21.166114807128906
13432,18.016864776611328
13433,16.9223575592041
13434,24.457077026367188
13435,27.942733764648438
13436,22.698762893676758
13437,17.501121520996094
13438,22.790817260742188
13439,11.134007453918457
13440,26.6805477142334
13441,14.846785545349121
13442,22.59891128540039
13443,21.714250564575195
13444,17.63882064819336
13445,18.340845108032227
13446,16.665599822998047
13447,14.336084365844727
13448,17.998640060424805
13449,31.186279296875
13450,30.09377098083496
13451,28.298480987548828
13452,29.147676467895508
13453,19.891075134277344
13454,10.62104320526123
13455,25.083412170410156
13456,25.090551376342773
13457,16.26992416381836
13458,22.437881469726562
13459,26.591796875
13460,16.417133331298828
13461,13.93116569519043
13462,25.476306915283203
13463,31.40125846862793
13464,15.721599578857422
13465,19.240318298339844
13466,18.34487533569336
13467,19.001689910888672
13468,11.489239692687988
13469,25.084625244140625
13470,18.225814819335938
13471,20.70725440979004
13472,17.17336082458496
13473,15.642919540405273
13474,27.47564697265625
13475,25.90713119506836
13476,25.39621925354004
13477,33.17047119140625
13478,27.146610260009766
13479,19.910585403442383
13480,15.222585678100586
13481,24.351818084716797
13482,11.557669639587402
13483,31.311861038208008
13484,25.486839294433594
13485,32.474639892578125
13486,11.093929290771484
13487,21.862476348876953
13488,21.37767219543457
13489,30.88227081298828
13490,11.608625411987305
13491,23.007505416870117
13492,21.162952423095703
13493,18.016447067260742
13494,16.92217445373535
13495,24.455026626586914
13496,27.942195892333984
13497,22.696685791015625
13498,17.499282836914062
13499,22.79062271118164
13500,11.132430076599121
13501,26.678388595581055
13502,14.847198486328125
13503,22.599214553833008
13504,21.71339225769043
13505,17.637771606445312
13506,18.339122772216797
13507,16.665245056152344
13508,14.335456848144531
13509,17.997753143310547
13510,31.185340881347656
13511,30.092140197753906
13512,28.296192169189453
13513,29.145362854003906
13514,19.88955307006836
13515,10.620274543762207
13516,25.081310272216797
13517,25.090267181396484
13518,16.269577026367188
13519,22.43600082397461
13520,26.591171264648438
13521,16.416351318359375
13522,13.93156623840332
13523,25.476245880126953
13524,31.399961471557617
13525,15.720284461975098
13526,19.238906860351562
13527,18.34468650817871
13528,19.000329971313477
13529,11.487077713012695
13530,25.084749221801758
13531,18.22466278076172
13532,20.706432342529297
13533,17.171493530273438
13534,15.6421480178833
13535,27.47174835205078
13536,25.907001495361328
13537,25.39400863647461
13538,33.17159652709961
13539,27.146759033203125
13540,19.908660888671875
13541,15.221314430236816
13542,24.350704193115234
13543,11.556215286254883
13544,31.310850143432617
13545,25.48529815673828
13546,32.473724365234375
13547,11.092818260192871
13548,21.86071014404297
13549,21.37543487548828
13550,30.880781173706055
13551,11.6072998046875
13552,23.006755828857422
13553,21.159780502319336
13554,18.016036987304688
13555,16.921993255615234
13556,24.452978134155273
13557,27.9416446685791
13558,22.694608688354492
13559,17.497440338134766
13560,22.790430068969727
13561,11.130842208862305
13562,26.676210403442383
13563,14.84761905670166
13564,22.599502563476562
13565,21.712535858154297
13566,17.636730194091797
13567,18.33740234375
13568,16.664899826049805
13569,14.334835052490234
13570,17.996862411499023
13571,31.184398651123047
13572,30.09049415588379
13573,28.293914794921875
13574,29.143043518066406
13575,19.88804054260254
13576,10.619504928588867
13577,25.079200744628906
13578,25.090003967285156
13579,16.26922607421875
13580,22.434120178222656
13581,26.590543746948242
13582,16.41555404663086
13583,13.931963920593262
13584,25.476200103759766
13585,31.398670196533203
13586,15.718960762023926
13587,19.23749542236328
13588,18.344507217407227
13589,18.99896240234375
13590,11.484911918640137
13591,25.084867477416992
13592,18.223506927490234
13593,20.70560646057129
13594,17.16963005065918
13595,15.641386985778809
13596,27.467857360839844
13597,25.90686798095703
13598,25.391809463500977
13599,33.172706604003906
13600,27.146909713745117
13601,19.906755447387695
13602,15.220038414001465
13603,24.34959602355957
13604,11.554762840270996
13605,31.309843063354492
13606,25.483755111694336
13607,32.47281265258789
13608,11.091702461242676
13609,21.858938217163086
13610,21.37318992614746
13611,30.879301071166992
13612,11.605963706970215
13613,23.006000518798828
13614,21.156587600708008
13615,18.015626907348633
13616,16.921812057495117
13617,24.450929641723633
13618,27.941099166870117
13619,22.692537307739258
13620,17.495595932006836
13621,22.790239334106445
13622,11.129263877868652
13623,26.674043655395508
13624,14.848039627075195
13625,22.599796295166016
13626,21.71168327331543
13627,17.635683059692383
13628,18.33568000793457
13629,16.66455078125
13630,14.334210395812988
13631,17.99597930908203
13632,31.183456420898438
13633,30.088857650756836
13634,28.2916316986084
13635,29.140731811523438
13636,19.88652801513672
13637,10.618730545043945
13638,25.077102661132812
13639,25.089719772338867
13640,16.268875122070312
13641,22.432235717773438
13642,26.589921951293945
13643,16.414777755737305
13644,13.932366371154785
13645,25.47614860534668
13646,31.397369384765625
13647,15.717647552490234
13648,19.236083984375
13649,18.344329833984375
13650,18.99759292602539
13651,11.482749938964844
13652,25.084989547729492
13653,18.222360610961914
13654,20.70477867126465
13655,17.16775894165039
13656,15.640613555908203
13657,27.463972091674805
13658,25.906740188598633
13659,25.389610290527344
13660,33.17380905151367
13661,27.147069931030273
13662,19.90484046936035
13663,15.218778610229492
13664,24.34848403930664
13665,11.55331039428711
13666,31.308818817138672
13667,25.48222541809082
13668,32.471885681152344
13669,11.090596199035645
13670,21.857173919677734
13671,21.370948791503906
13672,30.87782096862793
13673,11.604633331298828
13674,23.005258560180664
13675,21.153419494628906
13676,18.015214920043945
13677,16.921632766723633
13678,24.448877334594727
13679,27.940553665161133
13680,22.690462112426758
13681,17.49376106262207
13682,22.790037155151367
13683,11.127679824829102
13684,26.671878814697266
13685,14.848461151123047
13686,22.60009765625
13687,21.71082878112793
13688,17.6346378326416
13689,18.333951950073242
13690,16.664216995239258
13691,14.333577156066895
13692,17.995080947875977
13693,31.18251609802246
13694,30.087217330932617
13695,28.289350509643555
13696,29.138410568237305
13697,19.885019302368164
13698,10.617964744567871
13699,25.07499122619629
13700,25.08945083618164
13701,16.268529891967773
13702,22.430355072021484
13703,26.58930015563965
13704,16.413986206054688
13705,13.932765007019043
13706,25.476093292236328
13707,31.39607810974121
13708,15.716320991516113
13709,19.234670639038086
13710,18.34414291381836
13711,18.996231079101562
13712,11.480584144592285
13713,25.08510398864746
13714,18.221206665039062
13715,20.70395851135254
13716,17.16590118408203
13717,15.639840126037598
13718,27.460084915161133
13719,25.906606674194336
13720,25.38740348815918
13721,33.174922943115234
13722,27.14723777770996
13723,19.902929306030273
13724,15.217501640319824
13725,24.347379684448242
13726,11.551863670349121
13727,31.307798385620117
13728,25.480676651000977
13729,32.47096633911133
13730,11.089487075805664
13731,21.855405807495117
13732,21.368703842163086
13733,30.876333236694336
13734,11.60330581665039
13735,23.004499435424805
13736,21.150232315063477
13737,18.01480484008789
13738,16.921451568603516
13739,24.44682502746582
13740,27.940004348754883
13741,22.688392639160156
13742,17.491926193237305
13743,22.789846420288086
13744,11.126091003417969
13745,26.669706344604492
13746,14.848893165588379
13747,22.600400924682617
13748,21.709970474243164
13749,17.63358497619629
13750,18.33222198486328
13751,16.66387367248535
13752,14.332953453063965
13753,17.994192123413086
13754,31.181577682495117
13755,30.08557891845703
13756,28.28705596923828
13757,29.13608741760254
13758,19.883501052856445
13759,10.617185592651367
13760,25.0728816986084
13761,25.089174270629883
13762,16.2681827545166
13763,22.428478240966797
13764,26.588674545288086
13765,16.413198471069336
13766,13.933175086975098
13767,25.47603988647461
13768,31.394773483276367
13769,15.715001106262207
13770,19.23326301574707
13771,18.34397315979004
13772,18.99486541748047
13773,11.478425979614258
13774,25.085224151611328
13775,18.220050811767578
13776,20.703128814697266
13777,17.164033889770508
13778,15.639073371887207
13779,27.4561767578125
13780,25.90648078918457
13781,25.38520622253418
13782,33.17605209350586
13783,27.147390365600586
13784,19.900999069213867
13785,15.216233253479004
13786,24.346275329589844
13787,11.55041217803955
13788,31.30678367614746
13789,25.4791316986084
13790,32.47005081176758
13791,11.088377952575684
13792,21.853635787963867
13793,21.366464614868164
13794,30.874853134155273
13795,11.601977348327637
13796,23.003753662109375
13797,21.147056579589844
13798,18.014394760131836
13799,16.921260833740234
13800,24.44477653503418
13801,27.9394588470459
13802,22.68631935119629
13803,17.490087509155273
13804,22.78965187072754
13805,11.124506950378418
13806,26.667524337768555
13807,14.849318504333496
13808,22.6007080078125
13809,21.709104537963867
13810,17.632539749145508
13811,18.33049774169922
13812,16.663528442382812
13813,14.332320213317871
13814,17.993301391601562
13815,31.180633544921875
13816,30.08392906188965
13817,28.284780502319336
13818,29.133773803710938
13819,19.88198471069336
13820,10.616419792175293
13821,25.070777893066406
13822,25.08890151977539
13823,16.267841339111328
13824,22.42660140991211
13825,26.588050842285156
13826,16.41241455078125
13827,13.933570861816406
13828,25.475984573364258
13829,31.393470764160156
13830,15.71367073059082
13831,19.231849670410156
13832,18.343795776367188
13833,18.993497848510742
13834,11.47625732421875
13835,25.08534049987793
13836,18.218894958496094
13837,20.70229721069336
13838,17.162166595458984
13839,15.638298034667969
13840,27.4522705078125
13841,25.906341552734375
13842,25.382999420166016
13843,33.177162170410156
13844,27.14754867553711
13845,19.89910125732422
13846,15.214963912963867
13847,24.345176696777344
13848,11.548957824707031
13849,31.305767059326172
13850,25.477590560913086
13851,32.46913528442383
13852,11.087268829345703
13853,21.851863861083984
13854,21.36422348022461
13855,30.873361587524414
13856,11.600643157958984
13857,23.00300407409668
13858,21.143875122070312
13859,18.013986587524414
13860,16.921079635620117
13861,24.442724227905273
13862,27.93891143798828
13863,22.684246063232422
13864,17.488243103027344
13865,22.789451599121094
13866,11.12292766571045
13867,26.66535758972168
13868,14.849751472473145
13869,22.601001739501953
13870,21.708255767822266
13871,17.631492614746094
13872,18.328777313232422
13873,16.66319465637207
13874,14.331703186035156
13875,17.992406845092773
13876,31.179698944091797
13877,30.082286834716797
13878,28.282487869262695
13879,29.131458282470703
13880,19.880470275878906
13881,10.61565113067627
13882,25.06866455078125
13883,25.088642120361328
13884,16.267499923706055
13885,22.424715042114258
13886,26.587430953979492
13887,16.41162872314453
13888,13.933982849121094
13889,25.475929260253906
13890,31.39215850830078
13891,15.712355613708496
13892,19.230432510375977
13893,18.3436336517334
13894,18.99212646484375
13895,11.474095344543457
13896,25.08547019958496
13897,18.217756271362305
13898,20.70146942138672
13899,17.16030502319336
13900,15.637517929077148
13901,27.44837188720703
13902,25.906219482421875
13903,25.380802154541016
13904,33.17829513549805
13905,27.147701263427734
13906,19.897178649902344
13907,15.213695526123047
13908,24.34406280517578
13909,11.547510147094727
13910,31.304744720458984
13911,25.47606086730957
13912,32.468204498291016
13913,11.086160659790039
13914,21.850101470947266
13915,21.361980438232422
13916,30.871871948242188
13917,11.59931755065918
13918,23.002246856689453
13919,21.140695571899414
13920,18.013580322265625
13921,16.9208984375
13922,24.44068145751953
13923,27.9383602142334
13924,22.682212829589844
13925,17.48641586303711
13926,22.78924560546875
13927,11.121353149414062
13928,26.663177490234375
13929,14.85019588470459
13930,22.601308822631836
13931,21.70738983154297
13932,17.630420684814453
13933,18.327049255371094
13934,16.662860870361328
13935,14.331052780151367
13936,17.99150276184082
13937,31.17875099182129
13938,30.080631256103516
13939,28.280223846435547
13940,29.129150390625
13941,19.87894630432129
13942,10.614897727966309
13943,25.066553115844727
13944,25.088375091552734
13945,16.267154693603516
13946,22.422840118408203
13947,26.586803436279297
13948,16.410852432250977
13949,13.9343843460083
13950,25.47587776184082
13951,31.39083480834961
13952,15.711037635803223
13953,19.229032516479492
13954,18.343473434448242
13955,18.99074363708496
13956,11.47192096710205
13957,25.085573196411133
13958,18.21660804748535
13959,20.700637817382812
13960,17.15843391418457
13961,15.636748313903809
13962,27.444446563720703
13963,25.906082153320312
13964,25.37860870361328
13965,33.1794319152832
13966,27.14787483215332
13967,19.8952579498291
13968,15.212414741516113
13969,24.342952728271484
13970,11.546051979064941
13971,31.303722381591797
13972,25.47454071044922
13973,32.467262268066406
13974,11.085053443908691
13975,21.848350524902344
13976,21.359729766845703
13977,30.87039566040039
13978,11.597990989685059
13979,23.00147819519043
13980,21.137516021728516
13981,18.01317024230957
13982,16.920713424682617
13983,24.438644409179688
13984,27.93781089782715
13985,22.68016815185547
13986,17.484580993652344
13987,22.789043426513672
13988,11.119776725769043
13989,26.660991668701172
13990,14.850640296936035
13991,22.60161590576172
13992,21.706512451171875
13993,17.62936782836914
13994,18.325332641601562
13995,16.66252899169922
13996,14.330416679382324
13997,17.99059295654297
13998,31.17779541015625
13999,30.078983306884766
14000,28.277942657470703
14001,29.126848220825195
14002,19.8774356842041
14003,10.614142417907715
14004,25.0644588470459
14005,25.088115692138672
14006,16.266807556152344
14007,22.420955657958984
14008,26.5861759185791
14009,16.41006851196289
14010,13.934782981872559
14011,25.475818634033203
14012,31.3895206451416
14013,15.709718704223633
14014,19.227615356445312
14015,18.343320846557617
14016,18.989362716674805
14017,11.469756126403809
14018,25.08570098876953
14019,18.215450286865234
14020,20.699806213378906
14021,17.15656852722168
14022,15.635982513427734
14023,27.440532684326172
14024,25.90596580505371
14025,25.37641716003418
14026,33.180572509765625
14027,27.14805030822754
14028,19.893341064453125
14029,15.21114444732666
14030,24.34184455871582
14031,11.544602394104004
14032,31.302698135375977
14033,25.473003387451172
14034,32.466331481933594
14035,11.08394718170166
14036,21.846593856811523
14037,21.357486724853516
14038,30.868907928466797
14039,11.596657752990723
14040,23.000728607177734
14041,21.13432502746582
14042,18.01276397705078
14043,16.9205265045166
14044,24.43659782409668
14045,27.937265396118164
14046,22.678123474121094
14047,17.482749938964844
14048,22.788829803466797
14049,11.118204116821289
14050,26.658817291259766
14051,14.85107707977295
14052,22.601919174194336
14053,21.705636978149414
14054,17.628311157226562
14055,18.32361602783203
14056,16.66219711303711
14057,14.329776763916016
14058,17.989686965942383
14059,31.17684555053711
14060,30.077314376831055
14061,28.275678634643555
14062,29.124526977539062
14063,19.87592315673828
14064,10.613370895385742
14065,25.062358856201172
14066,25.087844848632812
14067,16.266464233398438
14068,22.419082641601562
14069,26.585546493530273
14070,16.409297943115234
14071,13.935190200805664
14072,25.475767135620117
14073,31.388221740722656
14074,15.708404541015625
14075,19.2262020111084
14076,18.34316062927246
14077,18.98798942565918
14078,11.467583656311035
14079,25.085817337036133
14080,18.21430015563965
14081,20.698976516723633
14082,17.154695510864258
14083,15.635208129882812
14084,27.43661880493164
14085,25.90583038330078
14086,25.374223709106445
14087,33.18171691894531
14088,27.148216247558594
14089,19.891420364379883
14090,15.209870338439941
14091,24.340742111206055
14092,11.543150901794434
14093,31.30167007446289
14094,25.47147560119629
14095,32.46540451049805
14096,11.082834243774414
14097,21.844831466674805
14098,21.35523796081543
14099,30.867412567138672
14100,11.595327377319336
14101,22.99996566772461
14102,21.131139755249023
14103,18.01235008239746
14104,16.92034149169922
14105,24.43455696105957
14106,27.93671417236328
14107,22.67608070373535
14108,17.48090934753418
14109,22.78862190246582
14110,11.116632461547852
14111,26.6566219329834
14112,14.851515769958496
14113,22.60222816467285
14114,21.70477294921875
14115,17.627243041992188
14116,18.3218936920166
14117,16.661865234375
14118,14.329137802124023
14119,17.98879051208496
14120,31.1758975982666
14121,30.075668334960938
14122,28.273401260375977
14123,29.122209548950195
14124,19.874404907226562
14125,10.612611770629883
14126,25.06024742126465
14127,25.087581634521484
14128,16.26612091064453
14129,22.417192459106445
14130,26.584930419921875
14131,16.40851593017578
14132,13.935586929321289
14133,25.475706100463867
14134,31.38690185546875
14135,15.707093238830566
14136,19.224794387817383
14137,18.34299659729004
14138,18.98661994934082
14139,11.465414047241211
14140,25.0859375
14141,18.213150024414062
14142,20.698143005371094
14143,17.152822494506836
14144,15.634428977966309
14145,27.432706832885742
14146,25.905710220336914
14147,25.372037887573242
14148,33.182838439941406
14149,27.14838218688965
14150,19.889511108398438
14151,15.208588600158691
14152,24.339624404907227
14153,11.54169750213623
14154,31.300647735595703
14155,25.469961166381836
14156,32.4644775390625
14157,11.081725120544434
14158,21.843074798583984
14159,21.352994918823242
14160,30.86593246459961
14161,11.593989372253418
14162,22.99920654296875
14163,21.127952575683594
14164,18.011943817138672
14165,16.9201602935791
14166,24.43251609802246
14167,27.936166763305664
14168,22.674028396606445
14169,17.47907066345215
14170,22.78841209411621
14171,11.115060806274414
14172,26.65443229675293
14173,14.851954460144043
14174,22.602529525756836
14175,21.70390510559082
14176,17.626188278198242
14177,18.32017707824707
14178,16.661537170410156
14179,14.328503608703613
14180,17.987895965576172
14181,31.17496109008789
14182,30.074024200439453
14183,28.27112579345703
14184,29.119897842407227
14185,19.872886657714844
14186,10.611856460571289
14187,25.058149337768555
14188,25.087312698364258
14189,16.26576805114746
14190,22.41530990600586
14191,26.58429718017578
14192,16.40774154663086
14193,13.936004638671875
14194,25.475666046142578
14195,31.385591506958008
14196,15.70577335357666
14197,19.2233829498291
14198,18.34283447265625
14199,18.98523712158203
14200,11.463239669799805
14201,25.08605194091797
14202,18.211997985839844
14203,20.697315216064453
14204,17.15096092224121
14205,15.633662223815918
14206,27.428791046142578
14207,25.90558624267578
14208,25.369842529296875
14209,33.18397903442383
14210,27.1485538482666
14211,19.88759422302246
14212,15.207317352294922
14213,24.338520050048828
14214,11.540252685546875
14215,31.29962921142578
14216,25.468425750732422
14217,32.463558197021484
14218,11.080611228942871
14219,21.841312408447266
14220,21.350749969482422
14221,30.86443519592285
14222,11.592658042907715
14223,22.998455047607422
14224,21.12476348876953
14225,18.011539459228516
14226,16.91998291015625
14227,24.430463790893555
14228,27.935625076293945
14229,22.671985626220703
14230,17.477235794067383
14231,22.788204193115234
14232,11.113482475280762
14233,26.65224838256836
14234,14.852389335632324
14235,22.60283851623535
14236,21.70303726196289
14237,17.625141143798828
14238,18.31845474243164
14239,16.661203384399414
14240,14.327872276306152
14241,17.986989974975586
14242,31.174007415771484
14243,30.07236099243164
14244,28.26885414123535
14245,29.11758804321289
14246,19.871379852294922
14247,10.611091613769531
14248,25.056045532226562
14249,25.08704948425293
14250,16.265430450439453
14251,22.413427352905273
14252,26.583675384521484
14253,16.406970977783203
14254,13.936403274536133
14255,25.47561264038086
14256,31.384300231933594
14257,15.704458236694336
14258,19.221961975097656
14259,18.342668533325195
14260,18.98386573791504
14261,11.461071014404297
14262,25.086177825927734
14263,18.210844039916992
14264,20.696491241455078
14265,17.149080276489258
14266,15.632890701293945
14267,27.424877166748047
14268,25.90546417236328
14269,25.367645263671875
14270,33.18510818481445
14271,27.148719787597656
14272,19.885671615600586
14273,15.20604133605957
14274,24.33740997314453
14275,11.538793563842773
14276,31.29861068725586
14277,25.466899871826172
14278,32.46262741088867
14279,11.07950210571289
14280,21.839553833007812
14281,21.34850311279297
14282,30.862937927246094
14283,11.591320037841797
14284,22.997703552246094
14285,21.121578216552734
14286,18.011131286621094
14287,16.919803619384766
14288,24.428421020507812
14289,27.935077667236328
14290,22.66992950439453
14291,17.475393295288086
14292,22.788002014160156
14293,11.11190414428711
14294,26.65007781982422
14295,14.85283088684082
14296,22.603151321411133
14297,21.702171325683594
14298,17.62409019470215
14299,18.316730499267578
14300,16.660873413085938
14301,14.327226638793945
14302,17.986087799072266
14303,31.17306137084961
14304,30.07071304321289
14305,28.26657485961914
14306,29.115259170532227
14307,19.86986541748047
14308,10.610336303710938
14309,25.053943634033203
14310,25.08678436279297
14311,16.26508331298828
14312,22.41153907775879
14313,26.58305549621582
14314,16.406190872192383
14315,13.936812400817871
14316,25.475561141967773
14317,31.38298225402832
14318,15.703141212463379
14319,19.220556259155273
14320,18.342510223388672
14321,18.98249053955078
14322,11.458895683288574
14323,25.0863037109375
14324,18.209693908691406
14325,20.695659637451172
14326,17.1472110748291
14327,15.63211727142334
14328,27.420969009399414
14329,25.90534210205078
14330,25.365447998046875
14331,33.186256408691406
14332,27.14889144897461
14333,19.883760452270508
14334,15.204767227172852
14335,24.336299896240234
14336,11.537343978881836
14337,31.297592163085938
14338,25.465370178222656
14339,32.46170425415039
14340,11.07839298248291
14341,21.83779525756836
14342,21.34625244140625
14343,30.86145782470703
14344,11.589990615844727
14345,22.996944427490234
14346,21.118389129638672
14347,18.010730743408203
14348,16.91962432861328
14349,24.426372528076172
14350,27.934539794921875
14351,22.66788673400879
14352,17.473560333251953
14353,22.78779411315918
14354,11.110330581665039
14355,26.647890090942383
14356,14.853277206420898
14357,22.603456497192383
14358,21.701303482055664
14359,17.623027801513672
14360,18.31501007080078
14361,16.660545349121094
14362,14.3265962600708
14363,17.985185623168945
14364,31.172107696533203
14365,30.06905746459961
14366,28.264297485351562
14367,29.11294937133789
14368,19.868350982666016
14369,10.609575271606445
14370,25.051822662353516
14371,25.086523056030273
14372,16.26474952697754
14373,22.4096622467041
14374,26.582435607910156
14375,16.405412673950195
14376,13.937225341796875
14377,25.475515365600586
14378,31.381669998168945
14379,15.701828956604004
14380,19.219135284423828
14381,18.34235954284668
14382,18.981115341186523
14383,11.456727981567383
14384,25.0864200592041
14385,18.20854377746582
14386,20.6948299407959
14387,17.14533805847168
14388,15.63135051727295
14389,27.417043685913086
14390,25.905214309692383
14391,25.363250732421875
14392,33.18740463256836
14393,27.149065017700195
14394,19.88184356689453
14395,15.203497886657715
14396,24.335187911987305
14397,11.535901069641113
14398,31.296581268310547
14399,25.463838577270508
14400,32.460792541503906
14401,11.077281951904297
14402,21.83602523803711
14403,21.34400177001953
14404,30.859960556030273
14405,11.58864974975586
14406,22.996191024780273
14407,21.115196228027344
14408,18.01032066345215
14409,16.919450759887695
14410,24.424320220947266
14411,27.93398666381836
14412,22.665813446044922
14413,17.47171401977539
14414,22.787607192993164
14415,11.108752250671387
14416,26.64570426940918
14417,14.853714942932129
14418,22.60376739501953
14419,21.700441360473633
14420,17.621980667114258
14421,18.31328773498535
14422,16.66020965576172
14423,14.325966835021973
14424,17.984285354614258
14425,31.171171188354492
14426,30.067420959472656
14427,28.262008666992188
14428,29.110618591308594
14429,19.866838455200195
14430,10.60881519317627
14431,25.049720764160156
14432,25.086267471313477
14433,16.264408111572266
14434,22.40778160095215
14435,26.581804275512695
14436,16.404634475708008
14437,13.937631607055664
14438,25.47547149658203
14439,31.380361557006836
14440,15.70050048828125
14441,19.217721939086914
14442,18.342191696166992
14443,18.97974967956543
14444,11.45455551147461
14445,25.086557388305664
14446,18.2073917388916
14447,20.694005966186523
14448,17.14347267150879
14449,15.63058090209961
14450,27.41312026977539
14451,25.90509033203125
14452,25.361055374145508
14453,33.18852996826172
14454,27.14923858642578
14455,19.879915237426758
14456,15.202220916748047
14457,24.334083557128906
14458,11.534448623657227
14459,31.295560836791992
14460,25.462305068969727
14461,32.459877014160156
14462,11.076170921325684
14463,21.834251403808594
14464,21.34174919128418
14465,30.85847282409668
14466,11.58731460571289
14467,22.995441436767578
14468,21.111997604370117
14469,18.00991439819336
14470,16.91927719116211
14471,24.422269821166992
14472,27.93345069885254
14473,22.66374397277832
14474,17.46986961364746
14475,22.78740692138672
14476,11.10716724395752
14477,26.643526077270508
14478,14.854155540466309
14479,22.604076385498047
14480,21.699583053588867
14481,17.62092399597168
14482,18.31155776977539
14483,16.659875869750977
14484,14.32534408569336
14485,17.983386993408203
14486,31.17023277282715
14487,30.065765380859375
14488,28.259714126586914
14489,29.108295440673828
14490,19.865320205688477
14491,10.608048439025879
14492,25.047595977783203
14493,25.085988998413086
14494,16.264066696166992
14495,22.40589714050293
14496,26.58119010925293
14497,16.40385627746582
14498,13.938058853149414
14499,25.475427627563477
14500,31.379053115844727
14501,15.699178695678711
14502,19.216310501098633
14503,18.342029571533203
14504,18.978376388549805
14505,11.452393531799316
14506,25.086669921875
14507,18.206235885620117
14508,20.693178176879883
14509,17.1416015625
14510,15.629805564880371
14511,27.40919303894043
14512,25.904977798461914
14513,25.35885238647461
14514,33.18964767456055
14515,27.149410247802734
14516,19.87800407409668
14517,15.200957298278809
14518,24.332979202270508
14519,11.533001899719238
14520,31.29454803466797
14521,25.46076774597168
14522,32.45895004272461
14523,11.07506275177002
14524,21.832483291625977
14525,21.339494705200195
14526,30.85699462890625
14527,11.585987091064453
14528,22.994686126708984
14529,21.108808517456055
14530,18.009511947631836
14531,16.919097900390625
14532,24.420215606689453
14533,27.932905197143555
14534,22.66168785095215
14535,17.468034744262695
14536,22.78720474243164
14537,11.105585098266602
14538,26.641334533691406
14539,14.854608535766602
14540,22.60439109802246
14541,21.69870948791504
14542,17.619863510131836
14543,18.309839248657227
14544,16.6595458984375
14545,14.324705123901367
14546,17.982479095458984
14547,31.169292449951172
14548,30.064105987548828
14549,28.257448196411133
14550,29.105989456176758
14551,19.86380386352539
14552,10.607292175292969
14553,25.045486450195312
14554,25.08574676513672
14555,16.26372528076172
14556,22.404006958007812
14557,26.580564498901367
14558,16.4030818939209
14559,13.938464164733887
14560,25.475374221801758
14561,31.377748489379883
14562,15.69786548614502
14563,19.214893341064453
14564,18.341869354248047
14565,18.97699737548828
14566,11.450217247009277
14567,25.086803436279297
14568,18.2050838470459
14569,20.692340850830078
14570,17.139732360839844
14571,15.629037857055664
14572,27.4052677154541
14573,25.90485954284668
14574,25.35665512084961
14575,33.1908073425293
14576,27.149599075317383
14577,19.87607765197754
14578,15.199679374694824
14579,24.331867218017578
14580,11.531546592712402
14581,31.293519973754883
14582,25.459251403808594
14583,32.4580192565918
14584,11.073952674865723
14585,21.830718994140625
14586,21.33724594116211
14587,30.855506896972656
14588,11.584654808044434
14589,22.993927001953125
14590,21.105607986450195
14591,18.00910758972168
14592,16.918920516967773
14593,24.41816520690918
14594,27.932361602783203
14595,22.659635543823242
14596,17.466196060180664
14597,22.787002563476562
14598,11.104012489318848
14599,26.639141082763672
14600,14.855042457580566
14601,22.604698181152344
14602,21.697843551635742
14603,17.61880111694336
14604,18.30811882019043
14605,16.659223556518555
14606,14.324070930480957
14607,17.98158073425293
14608,31.168344497680664
14609,30.062456130981445
14610,28.255178451538086
14611,29.10367202758789
14612,19.862295150756836
14613,10.606538772583008
14614,25.043384552001953
14615,25.085477828979492
14616,16.26337432861328
14617,22.402122497558594
14618,26.57994842529297
14619,16.40231704711914
14620,13.93887710571289
14621,25.475324630737305
14622,31.376434326171875
14623,15.696548461914062
14624,19.213481903076172
14625,18.34171485900879
14626,18.975616455078125
14627,11.448041915893555
14628,25.086929321289062
14629,18.203929901123047
14630,20.691511154174805
14631,17.137855529785156
14632,15.628255844116211
14633,27.401355743408203
14634,25.904726028442383
14635,25.35446548461914
14636,33.19193649291992
14637,27.149763107299805
14638,19.87416648864746
14639,15.198405265808105
14640,24.33074951171875
14641,11.530091285705566
14642,31.292503356933594
14643,25.45772933959961
14644,32.45709991455078
14645,11.072837829589844
14646,21.828968048095703
14647,21.33500099182129
14648,30.854000091552734
14649,11.583312034606934
14650,22.99317169189453
14651,21.102418899536133
14652,18.008708953857422
14653,16.91874885559082
14654,24.416114807128906
14655,27.93182373046875
14656,22.6575870513916
14657,17.464351654052734
14658,22.786806106567383
14659,11.102433204650879
14660,26.636959075927734
14661,14.855485916137695
14662,22.60500144958496
14663,21.696964263916016
14664,17.61775016784668
14665,18.306406021118164
14666,16.65888214111328
14667,14.323444366455078
14668,17.98068618774414
14669,31.167400360107422
14670,30.06081199645996
14671,28.252891540527344
14672,29.101348876953125
14673,19.86079216003418
14674,10.605778694152832
14675,25.04127311706543
14676,25.085222244262695
14677,16.263031005859375
14678,22.40023422241211
14679,26.579317092895508
14680,16.401540756225586
14681,13.939292907714844
14682,25.475284576416016
14683,31.3751277923584
14684,15.695235252380371
14685,19.212060928344727
14686,18.341556549072266
14687,18.9742488861084
14688,11.4458646774292
14689,25.08705711364746
14690,18.202777862548828
14691,20.69068717956543
14692,17.13597869873047
14693,15.627490997314453
14694,27.397441864013672
14695,25.904611587524414
14696,25.352256774902344
14697,33.19307327270508
14698,27.149932861328125
14699,19.87225341796875
14700,15.197134017944336
14701,24.329647064208984
14702,11.528635025024414
14703,31.291488647460938
14704,25.456192016601562
14705,32.4561882019043
14706,11.071727752685547
14707,21.827194213867188
14708,21.33273696899414
14709,30.85251235961914
14710,11.5819730758667
14711,22.992433547973633
14712,21.09920883178711
14713,18.00830841064453
14714,16.918577194213867
14715,24.414060592651367
14716,27.931285858154297
14717,22.655517578125
14718,17.462499618530273
14719,22.7866153717041
14720,11.100854873657227
14721,26.634777069091797
14722,14.855910301208496
14723,22.605304718017578
14724,21.696107864379883
14725,17.6166934967041
14726,18.30467987060547
14727,16.65854263305664
14728,14.322816848754883
14729,17.979795455932617
14730,31.166458129882812
14731,30.05916404724121
14732,28.250606536865234
14733,29.099018096923828
14734,19.859275817871094
14735,10.605015754699707
14736,25.039161682128906
14737,25.084949493408203
14738,16.26268196105957
14739,22.398344039916992
14740,26.578704833984375
14741,16.40077018737793
14742,13.939696311950684
14743,25.475248336791992
14744,31.37385368347168
14745,15.693917274475098
14746,19.210647583007812
14747,18.341381072998047
14748,18.97287940979004
14749,11.443697929382324
14750,25.08717918395996
14751,18.20162010192871
14752,20.68987274169922
14753,17.134113311767578
14754,15.626714706420898
14755,27.393539428710938
14756,25.904483795166016
14757,25.350055694580078
14758,33.194183349609375
14759,27.150100708007812
14760,19.870338439941406
14761,15.19586181640625
14762,24.32853126525879
14763,11.527180671691895
14764,31.290477752685547
14765,25.454654693603516
14766,32.45527267456055
14767,11.07060718536377
14768,21.825428009033203
14769,21.33049201965332
14770,30.851024627685547
14771,11.580635070800781
14772,22.991683959960938
14773,21.09600830078125
14774,18.00790786743164
14775,16.918407440185547
14776,24.412006378173828
14777,27.930755615234375
14778,22.653446197509766
14779,17.460647583007812
14780,22.78641700744629
14781,11.099272727966309
14782,26.63259506225586
14783,14.856330871582031
14784,22.605613708496094
14785,21.69525909423828
14786,17.615650177001953
14787,18.302963256835938
14788,16.658203125
14789,14.322200775146484
14790,17.978904724121094
14791,31.16551971435547
14792,30.05752944946289
14793,28.248313903808594
14794,29.09670066833496
14795,19.857763290405273
14796,10.604249954223633
14797,25.037052154541016
14798,25.084671020507812
14799,16.2623291015625
14800,22.396451950073242
14801,26.578086853027344
14802,16.39999008178711
14803,13.940114974975586
14804,25.475202560424805
14805,31.372560501098633
14806,15.692599296569824
14807,19.209230422973633
14808,18.341203689575195
14809,18.971521377563477
14810,11.441522598266602
14811,25.08731460571289
14812,18.200468063354492
14813,20.68904685974121
14814,17.132234573364258
14815,15.625941276550293
14816,27.3896427154541
14817,25.904356002807617
14818,25.34783935546875
14819,33.19530487060547
14820,27.15025520324707
14821,19.868436813354492
14822,15.194594383239746
14823,24.32741928100586
14824,11.52573299407959
14825,31.289470672607422
14826,25.453113555908203
14827,32.45436477661133
14828,11.06949234008789
14829,21.823646545410156
14830,21.328237533569336
14831,30.849529266357422
14832,11.579289436340332
14833,22.990938186645508
14834,21.092805862426758
14835,18.007509231567383
14836,16.918243408203125
14837,24.409950256347656
14838,27.930221557617188
14839,22.65137481689453
14840,17.45880126953125
14841,22.786231994628906
14842,11.097698211669922
14843,26.630414962768555
14844,14.856757164001465
14845,22.605911254882812
14846,21.69439125061035
14847,17.614599227905273
14848,18.301239013671875
14849,16.65785026550293
14850,14.321585655212402
14851,17.97801971435547
14852,31.164583206176758
14853,30.055891036987305
14854,28.246034622192383
14855,29.09436798095703
14856,19.856243133544922
14857,10.603489875793457
14858,25.03493309020996
14859,25.084413528442383
14860,16.26198387145996
14861,22.39456558227539
14862,26.577470779418945
14863,16.39921760559082
14864,13.940532684326172
14865,25.47516441345215
14866,31.371280670166016
14867,15.691276550292969
14868,19.20781135559082
14869,18.341032028198242
14870,18.970149993896484
14871,11.439352989196777
14872,25.087453842163086
14873,18.199312210083008
14874,20.6882266998291
14875,17.130359649658203
14876,15.625166893005371
14877,27.385725021362305
14878,25.904233932495117
14879,25.34565544128418
14880,33.19642639160156
14881,27.150426864624023
14882,19.86651611328125
14883,15.193325996398926
14884,24.326303482055664
14885,11.524280548095703
14886,31.2884578704834
14887,25.45158576965332
14888,32.45344161987305
14889,11.06838321685791
14890,21.821876525878906
14891,21.325986862182617
14892,30.848033905029297
14893,11.577948570251465
14894,22.990190505981445
14895,21.08961296081543
14896,18.007097244262695
14897,16.91806983947754
14898,24.407896041870117
14899,27.9296875
14900,22.64930534362793
14901,17.456945419311523
14902,22.78604507446289
14903,11.096107482910156
14904,26.628231048583984
14905,14.85719108581543
14906,22.606212615966797
14907,21.693531036376953
14908,17.61354637145996
14909,18.29952049255371
14910,16.657514572143555
14911,14.320959091186523
14912,17.977130889892578
14913,31.16364860534668
14914,30.054250717163086
14915,28.243745803833008
14916,29.0920467376709
14917,19.854736328125
14918,10.602730751037598
14919,25.032819747924805
14920,25.084144592285156
14921,16.26163673400879
14922,22.392671585083008
14923,26.576847076416016
14924,16.398447036743164
14925,13.94094181060791
14926,25.475128173828125
14927,31.369977951049805
14928,15.689955711364746
14929,19.206392288208008
14930,18.34086799621582
14931,18.968774795532227
14932,11.437178611755371
14933,25.08757972717285
14934,18.19816017150879
14935,20.687402725219727
14936,17.12848472595215
14937,15.624394416809082
14938,27.381813049316406
14939,25.90410804748535
14940,25.343442916870117
14941,33.19755935668945
14942,27.150602340698242
14943,19.864612579345703
14944,15.192052841186523
14945,24.325197219848633
14946,11.522821426391602
14947,31.28744888305664
14948,25.450050354003906
14949,32.452537536621094
14950,11.067266464233398
14951,21.820100784301758
14952,21.323728561401367
14953,30.84654998779297
14954,11.576603889465332
14955,22.989442825317383
14956,21.08640480041504
14957,18.006704330444336
14958,16.917905807495117
14959,24.40584373474121
14960,27.929149627685547
14961,22.647232055664062
14962,17.455093383789062
14963,22.78584861755371
14964,11.094522476196289
14965,26.626056671142578
14966,14.857624053955078
14967,22.60651397705078
14968,21.692665100097656
14969,17.61248779296875
14970,18.29780387878418
14971,16.65717887878418
14972,14.320340156555176
14973,17.976234436035156
14974,31.162717819213867
14975,30.052610397338867
14976,28.2414608001709
14977,29.089712142944336
14978,19.85321617126465
14979,10.601970672607422
14980,25.03070831298828
14981,25.08387565612793
14982,16.261289596557617
14983,22.390779495239258
14984,26.576234817504883
14985,16.397676467895508
14986,13.941372871398926
14987,25.475082397460938
14988,31.368698120117188
14989,15.688647270202637
14990,19.204978942871094
14991,18.340696334838867
14992,18.9674072265625
14993,11.43501091003418
14994,25.087711334228516
14995,18.197002410888672
14996,20.686580657958984
14997,17.126609802246094
14998,15.623623847961426
14999,27.377883911132812
15000,25.903993606567383
15001,25.341232299804688
15002,33.198692321777344
15003,27.15077018737793
15004,19.86269187927246
15005,15.190778732299805
15006,24.324077606201172
15007,11.521368980407715
15008,31.28643798828125
15009,25.448514938354492
15010,32.451622009277344
15011,11.066152572631836
15012,21.81833267211914
15013,21.321475982666016
15014,30.845054626464844
15015,11.575263023376465
15016,22.988697052001953
15017,21.083200454711914
15018,18.006303787231445
15019,16.91773796081543
15020,24.403789520263672
15021,27.92860984802246
15022,22.645166397094727
15023,17.453248977661133
15024,22.785661697387695
15025,11.092948913574219
15026,26.62386131286621
15027,14.858061790466309
15028,22.606826782226562
15029,21.691787719726562
15030,17.611431121826172
15031,18.29608154296875
15032,16.656835556030273
15033,14.319718360900879
15034,17.975345611572266
15035,31.161767959594727
15036,30.05095863342285
15037,28.23917579650879
15038,29.087400436401367
15039,19.85170555114746
15040,10.601207733154297
15041,25.028581619262695
15042,25.08361053466797
15043,16.260942459106445
15044,22.388893127441406
15045,26.575613021850586
15046,16.39690399169922
15047,13.941781997680664
15048,25.47504425048828
15049,31.36739158630371
15050,15.687322616577148
15051,19.20356559753418
15052,18.340539932250977
15053,18.966032028198242
15054,11.43283462524414
15055,25.087844848632812
15056,18.195852279663086
15057,20.685754776000977
15058,17.124731063842773
15059,15.622847557067871
15060,27.37397003173828
15061,25.903865814208984
15062,25.33902931213379
15063,33.199825286865234
15064,27.150949478149414
15065,19.86077117919922
15066,15.189510345458984
15067,24.322967529296875
15068,11.519914627075195
15069,31.285423278808594
15070,25.44698715209961
15071,32.45069885253906
15072,11.065037727355957
15073,21.81656265258789
15074,21.3192138671875
15075,30.843564987182617
15076,11.573917388916016
15077,22.987951278686523
15078,21.079984664916992
15079,18.005905151367188
15080,16.917566299438477
15081,24.401729583740234
15082,27.928081512451172
15083,22.64310646057129
15084,17.451404571533203
15085,22.785463333129883
15086,11.091368675231934
15087,26.621671676635742
15088,14.858494758605957
15089,22.607131958007812
15090,21.69091796875
15091,17.610363006591797
15092,18.29436683654785
15093,16.656497955322266
15094,14.319096565246582
15095,17.974454879760742
15096,31.160842895507812
15097,30.049325942993164
15098,28.23688507080078
15099,29.085060119628906
15100,19.850189208984375
15101,10.600459098815918
15102,25.026466369628906
15103,25.083351135253906
15104,16.26059913635254
15105,22.387001037597656
15106,26.574996948242188
15107,16.396133422851562
15108,13.942206382751465
15109,25.475013732910156
15110,31.366098403930664
15111,15.68600845336914
15112,19.2021427154541
15113,18.34037208557129
15114,18.964672088623047
15115,11.430663108825684
15116,25.087974548339844
15117,18.1947021484375
15118,20.684934616088867
15119,17.122852325439453
15120,15.6220703125
15121,27.370040893554688
15122,25.903751373291016
15123,25.33682632446289
15124,33.20095443725586
15125,27.15113067626953
15126,19.85886001586914
15127,15.188228607177734
15128,24.32184600830078
15129,11.51846694946289
15130,31.284406661987305
15131,25.445457458496094
15132,32.44978713989258
15133,11.063921928405762
15134,21.81479263305664
15135,21.316959381103516
15136,30.842065811157227
15137,11.572576522827148
15138,22.987199783325195
15139,21.0767822265625
15140,18.00550651550293
15141,16.91739845275879
15142,24.399677276611328
15143,27.927547454833984
15144,22.641048431396484
15145,17.449554443359375
15146,22.78526496887207
15147,11.089792251586914
15148,26.619482040405273
15149,14.858938217163086
15150,22.607444763183594
15151,21.690052032470703
15152,17.609310150146484
15153,18.292644500732422
15154,16.65616226196289
15155,14.318470001220703
15156,17.973548889160156
15157,31.159900665283203
15158,30.047679901123047
15159,28.234603881835938
15160,29.082740783691406
15161,19.848684310913086
15162,10.599699020385742
15163,25.024364471435547
15164,25.083091735839844
15165,16.260250091552734
15166,22.385114669799805
15167,26.574382781982422
15168,16.395366668701172
15169,13.942625999450684
15170,25.474973678588867
15171,31.364795684814453
15172,15.684694290161133
15173,19.200727462768555
15174,18.3402099609375
15175,18.96329689025879
15176,11.428489685058594
15177,25.08811378479004
15178,18.19353675842285
15179,20.68410873413086
15180,17.12098503112793
15181,15.621301651000977
15182,27.366117477416992
15183,25.903635025024414
15184,25.334619522094727
15185,33.20209503173828
15186,27.15130043029785
15187,19.856937408447266
15188,15.18696117401123
15189,24.320751190185547
15190,11.517008781433105
15191,31.283390045166016
15192,25.443918228149414
15193,32.448875427246094
15194,11.062813758850098
15195,21.813011169433594
15196,21.314701080322266
15197,30.840576171875
15198,11.571234703063965
15199,22.986454010009766
15200,21.073570251464844
15201,18.005107879638672
15202,16.917238235473633
15203,24.39762306213379
15204,27.92700958251953
15205,22.638978958129883
15206,17.447711944580078
15207,22.785083770751953
15208,11.088203430175781
15209,26.61729621887207
15210,14.859384536743164
15211,22.60775375366211
15212,21.689197540283203
15213,17.608261108398438
15214,18.29092025756836
15215,16.655826568603516
15216,14.317846298217773
15217,17.9726619720459
15218,31.158966064453125
15219,30.046009063720703
15220,28.232315063476562
15221,29.08041000366211
15222,19.847164154052734
15223,10.598939895629883
15224,25.02224349975586
15225,25.08283233642578
15226,16.259910583496094
15227,22.383224487304688
15228,26.573772430419922
15229,16.39459800720215
15230,13.9430513381958
15231,25.47493553161621
15232,31.363506317138672
15233,15.68336296081543
15234,19.199308395385742
15235,18.340051651000977
15236,18.96192741394043
15237,11.426322937011719
15238,25.08824920654297
15239,18.192386627197266
15240,20.683284759521484
15241,17.11910057067871
15242,15.620528221130371
15243,27.3621883392334
15244,25.903514862060547
15245,25.33241081237793
15246,33.203216552734375
15247,27.151472091674805
15248,19.855018615722656
15249,15.185690879821777
15250,24.31964111328125
15251,11.515556335449219
15252,31.282379150390625
15253,25.442380905151367
15254,32.44795227050781
15255,11.061700820922852
15256,21.81123924255371
15257,21.31244468688965
15258,30.839082717895508
15259,11.569904327392578
15260,22.985706329345703
15261,21.07036018371582
15262,18.004709243774414
15263,16.91706657409668
15264,24.395559310913086
15265,27.926469802856445
15266,22.63689422607422
15267,17.445865631103516
15268,22.78490447998047
15269,11.086617469787598
15270,26.615093231201172
15271,14.85982608795166
15272,22.608060836791992
15273,21.688331604003906
15274,17.607206344604492
15275,18.289196014404297
15276,16.655492782592773
15277,14.31723403930664
15278,17.971763610839844
15279,31.158039093017578
15280,30.044374465942383
15281,28.23001480102539
15282,29.078073501586914
15283,19.84564971923828
15284,10.598180770874023
15285,25.02011489868164
15286,25.082571029663086
15287,16.25956153869629
15288,22.381332397460938
15289,26.57316017150879
15290,16.393823623657227
15291,13.943470001220703
15292,25.47489356994629
15293,31.362211227416992
15294,15.68204402923584
15295,19.19788932800293
15296,18.339889526367188
15297,18.960561752319336
15298,11.424149513244629
15299,25.088382720947266
15300,18.191225051879883
15301,20.682466506958008
15302,17.11722755432129
15303,15.619750022888184
15304,27.358240127563477
15305,25.90338897705078
15306,25.33018684387207
15307,33.20435333251953
15308,27.151655197143555
15309,19.853099822998047
15310,15.184419631958008
15311,24.31852912902832
15312,11.514106750488281
15313,31.281370162963867
15314,25.440841674804688
15315,32.447059631347656
15316,11.060593605041504
15317,21.809457778930664
15318,21.3101806640625
15319,30.837602615356445
15320,11.568557739257812
15321,22.98496437072754
15322,21.067148208618164
15323,18.00431251525879
15324,16.91690444946289
15325,24.393491744995117
15326,27.925931930541992
15327,22.634807586669922
15328,17.444011688232422
15329,22.784719467163086
15330,11.0850248336792
15331,26.6129093170166
15332,14.860270500183105
15333,22.608369827270508
15334,21.687471389770508
15335,17.606151580810547
15336,18.287458419799805
15337,16.6551513671875
15338,14.316619873046875
15339,17.97087287902832
15340,31.1571102142334
15341,30.042741775512695
15342,28.227720260620117
15343,29.075735092163086
15344,19.844133377075195
15345,10.597417831420898
15346,25.017986297607422
15347,25.082305908203125
15348,16.259218215942383
15349,22.37944221496582
15350,26.57254409790039
15351,16.393049240112305
15352,13.943903923034668
15353,25.474864959716797
15354,31.360925674438477
15355,15.680716514587402
15356,19.196470260620117
15357,18.339725494384766
15358,18.959199905395508
15359,11.421979904174805
15360,25.088520050048828
15361,18.190074920654297
15362,20.6816463470459
15363,17.1153564453125
15364,15.618978500366211
15365,27.354318618774414
15366,25.90328598022461
15367,25.327966690063477
15368,33.205482482910156
15369,27.1518497467041
15370,19.85118293762207
15371,15.183150291442871
15372,24.31742286682129
15373,11.512656211853027
15374,31.280353546142578
15375,25.439298629760742
15376,32.446128845214844
15377,11.059478759765625
15378,21.80768394470215
15379,21.30791664123535
15380,30.836105346679688
15381,11.567221641540527
15382,22.98422622680664
15383,21.063936233520508
15384,18.003915786743164
15385,16.916738510131836
15386,24.39143180847168
15387,27.92540168762207
15388,22.632734298706055
15389,17.442169189453125
15390,22.7845401763916
15391,11.0834321975708
15392,26.61072540283203
15393,14.86071491241455
15394,22.60868263244629
15395,21.686613082885742
15396,17.605100631713867
15397,18.285737991333008
15398,16.65482521057129
15399,14.316000938415527
15400,17.969982147216797
15401,31.156171798706055
15402,30.04109001159668
15403,28.22542381286621
15404,29.073415756225586
15405,19.842626571655273
15406,10.596660614013672
15407,25.015867233276367
15408,25.082059860229492
15409,16.258874893188477
15410,22.37755012512207
15411,26.57192611694336
15412,16.39227867126465
15413,13.944334983825684
15414,25.474830627441406
15415,31.359619140625
15416,15.679388999938965
15417,19.195051193237305
15418,18.339574813842773
15419,18.95782470703125
15420,11.419801712036133
15421,25.088653564453125
15422,18.18891716003418
15423,20.68082618713379
15424,17.11348533630371
15425,15.618206977844238
15426,27.350379943847656
15427,25.903169631958008
15428,25.325763702392578
15429,33.20663833618164
15430,27.152019500732422
15431,19.8492488861084
15432,15.181872367858887
15433,24.316307067871094
15434,11.511202812194824
15435,31.279335021972656
15436,25.437767028808594
15437,32.44522476196289
15438,11.05837345123291
15439,21.805906295776367
15440,21.30565071105957
15441,30.834613800048828
15442,11.565875053405762
15443,22.98346519470215
15444,21.06072235107422
15445,18.003520965576172
15446,16.916580200195312
15447,24.38936996459961
15448,27.924869537353516
15449,22.630659103393555
15450,17.440324783325195
15451,22.784343719482422
15452,11.08184814453125
15453,26.608535766601562
15454,14.861149787902832
15455,22.608993530273438
15456,21.685745239257812
15457,17.604042053222656
15458,18.284013748168945
15459,16.65447998046875
15460,14.315384864807129
15461,17.969087600708008
15462,31.155244827270508
15463,30.03943634033203
15464,28.22313690185547
15465,29.071081161499023
15466,19.84111213684082
15467,10.59591007232666
15468,25.013742446899414
15469,25.081796646118164
15470,16.258527755737305
15471,22.375648498535156
15472,26.571319580078125
15473,16.39151954650879
15474,13.944759368896484
15475,25.474807739257812
15476,31.35832405090332
15477,15.678064346313477
15478,19.19363021850586
15479,18.339406967163086
15480,18.956459045410156
15481,11.417630195617676
15482,25.088788986206055
15483,18.18776512145996
15484,20.680004119873047
15485,17.111602783203125
15486,15.617431640625
15487,27.346450805664062
15488,25.903053283691406
15489,25.323551177978516
15490,33.207759857177734
15491,27.152198791503906
15492,19.84734344482422
15493,15.18060302734375
15494,24.315196990966797
15495,11.509749412536621
15496,31.278318405151367
15497,25.436229705810547
15498,32.44431686401367
15499,11.0572509765625
15500,21.80413055419922
15501,21.30338478088379
15502,30.8331298828125
15503,11.564533233642578
15504,22.982730865478516
15505,21.0575008392334
15506,18.003128051757812
15507,16.916419982910156
15508,24.387310028076172
15509,27.92433738708496
15510,22.628578186035156
15511,17.43846893310547
15512,22.78417205810547
15513,11.08026123046875
15514,26.60634994506836
15515,14.86158561706543
15516,22.60929298400879
15517,21.68487548828125
15518,17.602989196777344
15519,18.282289505004883
15520,16.654142379760742
15521,14.314769744873047
15522,17.968202590942383
15523,31.15431785583496
15524,30.037790298461914
15525,28.220840454101562
15526,29.068740844726562
15527,19.839590072631836
15528,10.595149993896484
15529,25.01162338256836
15530,25.081523895263672
15531,16.258188247680664
15532,22.37376594543457
15533,26.57070541381836
15534,16.390750885009766
15535,13.945183753967285
15536,25.47476577758789
15537,31.35704231262207
15538,15.67674732208252
15539,19.192211151123047
15540,18.339252471923828
15541,18.95509147644043
15542,11.415453910827637
15543,25.08893394470215
15544,18.186609268188477
15545,20.67918586730957
15546,17.10973358154297
15547,15.616654396057129
15548,27.342525482177734
15549,25.902938842773438
15550,25.32134246826172
15551,33.208900451660156
15552,27.15237808227539
15553,19.845420837402344
15554,15.179333686828613
15555,24.314085006713867
15556,11.508291244506836
15557,31.277320861816406
15558,25.434688568115234
15559,32.443416595458984
15560,11.056138038635254
15561,21.802337646484375
15562,21.30113410949707
15563,30.83162498474121
15564,11.563183784484863
15565,22.98198890686035
15566,21.05428123474121
15567,18.00273895263672
15568,16.916259765625
15569,24.38524627685547
15570,27.923805236816406
15571,22.626489639282227
15572,17.43661117553711
15573,22.78399658203125
15574,11.078665733337402
15575,26.604162216186523
15576,14.862015724182129
15577,22.609607696533203
15578,21.684030532836914
15579,17.60193634033203
15580,18.28056526184082
15581,16.65380096435547
15582,14.31415843963623
15583,17.96731948852539
15584,31.153385162353516
15585,30.036165237426758
15586,28.218536376953125
15587,29.066408157348633
15588,19.838083267211914
15589,10.594388961791992
15590,25.00949478149414
15591,25.081274032592773
15592,16.25783920288086
15593,22.37186622619629
15594,26.570098876953125
15595,16.389984130859375
15596,13.945611000061035
15597,25.47474479675293
15598,31.355764389038086
15599,15.675413131713867
15600,19.190793991088867
15601,18.339075088500977
15602,18.953733444213867
15603,11.413286209106445
15604,25.089069366455078
15605,18.185447692871094
15606,20.67836570739746
15607,17.10785484313965
15608,15.615883827209473
15609,27.33860206604004
15610,25.902816772460938
15611,25.319114685058594
15612,33.21001052856445
15613,27.15255355834961
15614,19.8435115814209
15615,15.178064346313477
15616,24.312976837158203
15617,11.506836891174316
15618,31.27631950378418
15619,25.433137893676758
15620,32.4425163269043
15621,11.055018424987793
15622,21.800548553466797
15623,21.298866271972656
15624,30.830142974853516
15625,11.561836242675781
15626,22.98126220703125
15627,21.05105209350586
15628,18.00234603881836
15629,16.91610336303711
15630,24.3831729888916
15631,27.923280715942383
15632,22.624385833740234
15633,17.434757232666016
15634,22.783824920654297
15635,11.077069282531738
15636,26.601985931396484
15637,14.862446784973145
15638,22.609909057617188
15639,21.683181762695312
15640,17.600893020629883
15641,18.278837203979492
15642,16.653438568115234
15643,14.313565254211426
15644,17.966434478759766
15645,31.152469635009766
15646,30.034534454345703
15647,28.216232299804688
15648,29.06406593322754
15649,19.836565017700195
15650,10.593623161315918
15651,25.00735855102539
15652,25.081003189086914
15653,16.25748634338379
15654,22.369966506958008
15655,26.56949234008789
15656,16.389205932617188
15657,13.94604778289795
15658,25.47471809387207
15659,31.354496002197266
15660,15.674094200134277
15661,19.189373016357422
15662,18.338897705078125
15663,18.952363967895508
15664,11.411114692687988
15665,25.089223861694336
15666,18.184297561645508
15667,20.677553176879883
15668,17.10597801208496
15669,15.615102767944336
15670,27.334686279296875
15671,25.902694702148438
15672,25.316892623901367
15673,33.211116790771484
15674,27.15272331237793
15675,19.841602325439453
15676,15.176799774169922
15677,24.31186866760254
15678,11.505385398864746
15679,31.275314331054688
15680,25.431581497192383
15681,32.441627502441406
15682,11.053902626037598
15683,21.79875373840332
15684,21.296594619750977
15685,30.828643798828125
15686,11.560484886169434
15687,22.980520248413086
15688,21.04783058166504
15689,18.001956939697266
15690,16.915952682495117
15691,24.3810977935791
15692,27.922775268554688
15693,22.622278213500977
15694,17.432893753051758
15695,22.783662796020508
15696,11.075474739074707
15697,26.599802017211914
15698,14.862863540649414
15699,22.61020278930664
15700,21.682329177856445
15701,17.59983253479004
15702,18.277116775512695
15703,16.653091430664062
15704,14.312963485717773
15705,17.965564727783203
15706,31.15155601501465
15707,30.03291130065918
15708,28.213926315307617
15709,29.061723709106445
15710,19.835058212280273
15711,10.592862129211426
15712,25.00523567199707
15713,25.080734252929688
15714,16.25712776184082
15715,22.368066787719727
15716,26.568878173828125
15717,16.388444900512695
15718,13.946479797363281
15719,25.474702835083008
15720,31.353227615356445
15721,15.672769546508789
15722,19.187955856323242
15723,18.338729858398438
15724,18.951005935668945
15725,11.408940315246582
15726,25.089366912841797
15727,18.183141708374023
15728,20.676742553710938
15729,17.104097366333008
15730,15.614331245422363
15731,27.33076286315918
15732,25.902576446533203
15733,25.314659118652344
15734,33.21223449707031
15735,27.15290641784668
15736,19.83968162536621
15737,15.175535202026367
15738,24.310754776000977
15739,11.503918647766113
15740,31.274314880371094
15741,25.430036544799805
15742,32.44072341918945
15743,11.052783966064453
15744,21.796968460083008
15745,21.294328689575195
15746,30.82715606689453
15747,11.55912971496582
15748,22.97979164123535
15749,21.04460906982422
15750,18.00155258178711
15751,16.915800094604492
15752,24.379030227661133
15753,27.92224884033203
15754,22.62018394470215
15755,17.431032180786133
15756,22.783489227294922
15757,11.073874473571777
15758,26.597606658935547
15759,14.863293647766113
15760,22.610498428344727
15761,21.681467056274414
15762,17.598787307739258
15763,18.275388717651367
15764,16.652742385864258
15765,14.312363624572754
15766,17.96468162536621
15767,31.1506290435791
15768,30.031286239624023
15769,28.211633682250977
15770,29.059385299682617
15771,19.833545684814453
15772,10.5921049118042
15773,25.00310707092285
15774,25.080463409423828
15775,16.256776809692383
15776,22.36617088317871
15777,26.568279266357422
15778,16.38768196105957
15779,13.946913719177246
15780,25.47467613220215
15781,31.35196304321289
15782,15.671442985534668
15783,19.186534881591797
15784,18.338539123535156
15785,18.949649810791016
15786,11.406770706176758
15787,25.089523315429688
15788,18.181991577148438
15789,20.675926208496094
15790,17.102214813232422
15791,15.613554954528809
15792,27.326841354370117
15793,25.902456283569336
15794,25.312437057495117
15795,33.21336364746094
15796,27.153064727783203
15797,19.837772369384766
15798,15.17426586151123
15799,24.309633255004883
15800,11.502457618713379
15801,31.2733097076416
15802,25.42848777770996
15803,32.43982696533203
15804,11.051669120788574
15805,21.79517936706543
15806,21.292070388793945
15807,30.82566261291504
15808,11.55777645111084
15809,22.979061126708984
15810,21.0413818359375
15811,18.001171112060547
15812,16.915651321411133
15813,24.376962661743164
15814,27.921728134155273
15815,22.61808967590332
15816,17.42917251586914
15817,22.783336639404297
15818,11.072279930114746
15819,26.595430374145508
15820,14.863720893859863
15821,22.610803604125977
15822,21.68061637878418
15823,17.59773063659668
15824,18.273670196533203
15825,16.652393341064453
15826,14.311759948730469
15827,17.963808059692383
15828,31.149717330932617
15829,30.02964973449707
15830,28.209325790405273
15831,29.057037353515625
15832,19.8320255279541
15833,10.591343879699707
15834,25.0009822845459
15835,25.080190658569336
15836,16.256425857543945
15837,22.364273071289062
15838,26.567668914794922
15839,16.386911392211914
15840,13.947345733642578
15841,25.47465705871582
15842,31.35070037841797
15843,15.670123100280762
15844,19.18511390686035
15845,18.33837127685547
15846,18.94828987121582
15847,11.404596328735352
15848,25.089664459228516
15849,18.180831909179688
15850,20.675113677978516
15851,17.10033416748047
15852,15.612781524658203
15853,27.322914123535156
15854,25.902339935302734
15855,25.310211181640625
15856,33.21445846557617
15857,27.15325164794922
15858,19.835857391357422
15859,15.172998428344727
15860,24.30852508544922
15861,11.50100326538086
15862,31.272315979003906
15863,25.426939010620117
15864,32.438941955566406
15865,11.050549507141113
15866,21.793380737304688
15867,21.289794921875
15868,30.824161529541016
15869,11.556424140930176
15870,22.97833824157715
15871,21.03814125061035
15872,18.000782012939453
15873,16.915504455566406
15874,24.3748836517334
15875,27.921215057373047
15876,22.615982055664062
15877,17.42731285095215
15878,22.783172607421875
15879,11.07068157196045
15880,26.593252182006836
15881,14.864153861999512
15882,22.611106872558594
15883,21.67976951599121
15884,17.59668731689453
15885,18.271940231323242
15886,16.65203857421875
15887,14.31116008758545
15888,17.96293067932129
15889,31.1488037109375
15890,30.028030395507812
15891,28.207006454467773
15892,29.05469512939453
15893,19.83051872253418
15894,10.590580940246582
15895,24.99884033203125
15896,25.079923629760742
15897,16.25607681274414
15898,22.362369537353516
15899,26.567068099975586
15900,16.38614273071289
15901,13.947782516479492
15902,25.474641799926758
15903,31.349441528320312
15904,15.668792724609375
15905,19.183692932128906
15906,18.33819007873535
15907,18.946931838989258
15908,11.402426719665527
15909,25.089815139770508
15910,18.179668426513672
15911,20.674299240112305
15912,17.098464965820312
15913,15.612007141113281
15914,27.318984985351562
15915,25.902217864990234
15916,25.307979583740234
15917,33.21558380126953
15918,27.153425216674805
15919,19.833946228027344
15920,15.171730995178223
15921,24.307409286499023
15922,11.499543190002441
15923,31.271316528320312
15924,25.42538070678711
15925,32.43804168701172
15926,11.049432754516602
15927,21.791589736938477
15928,21.287525177001953
15929,30.822668075561523
15930,11.55506706237793
15931,22.97760581970215
15932,21.034910202026367
15933,18.00039291381836
15934,16.91535758972168
15935,24.372817993164062
15936,27.920686721801758
15937,22.61386489868164
15938,17.42545509338379
15939,22.78302001953125
15940,11.069079399108887
15941,26.591062545776367
15942,14.864571571350098
15943,22.611412048339844
15944,21.678913116455078
15945,17.59564208984375
15946,18.270212173461914
15947,16.651681900024414
15948,14.31057357788086
15949,17.962055206298828
15950,31.14789390563965
15951,30.02639389038086
15952,28.204692840576172
15953,29.052352905273438
15954,19.828998565673828
15955,10.589815139770508
15956,24.99671173095703
15957,25.079652786254883
15958,16.25572395324707
15959,22.3604736328125
15960,26.566471099853516
15961,16.385372161865234
15962,13.948222160339355
15963,25.474628448486328
15964,31.34817886352539
15965,15.667462348937988
15966,19.18226432800293
15967,18.338010787963867
15968,18.945589065551758
15969,11.40025806427002
15970,25.089962005615234
15971,18.178518295288086
15972,20.673494338989258
15973,17.096590042114258
15974,15.611231803894043
15975,27.315067291259766
15976,25.902103424072266
15977,25.305736541748047
15978,33.21669387817383
15979,27.153594970703125
15980,19.832029342651367
15981,15.1704683303833
15982,24.306304931640625
15983,11.49808406829834
15984,31.270322799682617
15985,25.423824310302734
15986,32.43716049194336
15987,11.048312187194824
15988,21.78978729248047
15989,21.285255432128906
15990,30.821170806884766
15991,11.55371379852295
15992,22.976884841918945
15993,21.031679153442383
15994,18.000009536743164
15995,16.91521644592285
15996,24.370738983154297
15997,27.92017364501953
15998,22.611743927001953
15999,17.423585891723633
16000,22.782865524291992
16001,11.06747817993164
16002,26.588876724243164
16003,14.864998817443848
16004,22.6117000579834
16005,21.678068161010742
16006,17.594593048095703
16007,18.26848793029785
16008,16.651329040527344
16009,14.309977531433105
16010,17.961183547973633
16011,31.14699363708496
16012,30.02477264404297
16013,28.202396392822266
16014,29.049999237060547
16015,19.82748031616211
16016,10.58905029296875
16017,24.99457550048828
16018,25.07939338684082
16019,16.255373001098633
16020,22.358579635620117
16021,26.56586456298828
16022,16.384601593017578
16023,13.948662757873535
16024,25.474611282348633
16025,31.34693717956543
16026,15.666135787963867
16027,19.180845260620117
16028,18.337833404541016
16029,18.944229125976562
16030,11.398085594177246
16031,25.090116500854492
16032,18.177356719970703
16033,20.67268180847168
16034,17.09470558166504
16035,15.610461235046387
16036,27.311147689819336
16037,25.9019832611084
16038,25.30351448059082
16039,33.21780014038086
16040,27.153762817382812
16041,19.830120086669922
16042,15.16920280456543
16043,24.305194854736328
16044,11.496626853942871
16045,31.269323348999023
16046,25.422273635864258
16047,32.43627166748047
16048,11.047194480895996
16049,21.787992477416992
16050,21.282987594604492
16051,30.819683074951172
16052,11.552364349365234
16053,22.976152420043945
16054,21.0284481048584
16055,17.999616622924805
16056,16.915063858032227
16057,24.36866569519043
16058,27.91965675354004
16059,22.60963249206543
16060,17.421728134155273
16061,22.782705307006836
16062,11.065878868103027
16063,26.586702346801758
16064,14.865424156188965
16065,22.612003326416016
16066,21.677217483520508
16067,17.593547821044922
16068,18.266759872436523
16069,16.65097999572754
16070,14.309380531311035
16071,17.96030616760254
16072,31.146068572998047
16073,30.023143768310547
16074,28.200088500976562
16075,29.047653198242188
16076,19.825969696044922
16077,10.58829402923584
16078,24.99243927001953
16079,25.079132080078125
16080,16.25502586364746
16081,22.356670379638672
16082,26.56526756286621
16083,16.383840560913086
16084,13.949102401733398
16085,25.47458267211914
16086,31.345653533935547
16087,15.66480827331543
16088,19.179424285888672
16089,18.33765411376953
16090,18.94287109375
16091,11.395915985107422
16092,25.09026527404785
16093,18.176204681396484
16094,20.671873092651367
16095,17.092830657958984
16096,15.609688758850098
16097,27.307226181030273
16098,25.90186882019043
16099,25.301279067993164
16100,33.218910217285156
16101,27.153942108154297
16102,19.82820701599121
16103,15.167940139770508
16104,24.3040828704834
16105,11.495166778564453
16106,31.268327713012695
16107,25.420717239379883
16108,32.43537902832031
16109,11.0460786819458
16110,21.786184310913086
16111,21.280731201171875
16112,30.81818199157715
16113,11.551010131835938
16114,22.975433349609375
16115,21.025217056274414
16116,17.999231338500977
16117,16.914918899536133
16118,24.36658477783203
16119,27.919137954711914
16120,22.607519149780273
16121,17.41986656188965
16122,22.78255844116211
16123,11.064273834228516
16124,26.584518432617188
16125,14.86585521697998
16126,22.612308502197266
16127,21.67637062072754
16128,17.592506408691406
16129,18.265031814575195
16130,16.6506290435791
16131,14.308795928955078
16132,17.959440231323242
16133,31.145166397094727
16134,30.021528244018555
16135,28.19776725769043
16136,29.045299530029297
16137,19.8244571685791
16138,10.587529182434082
16139,24.990320205688477
16140,25.078855514526367
16141,16.254667282104492
16142,22.354774475097656
16143,26.56466293334961
16144,16.383068084716797
16145,13.949540138244629
16146,25.474567413330078
16147,31.344411849975586
16148,15.663470268249512
16149,19.178003311157227
16150,18.33747673034668
16151,18.94152069091797
16152,11.393749237060547
16153,25.090415954589844
16154,18.175048828125
16155,20.671070098876953
16156,17.090961456298828
16157,15.608902931213379
16158,27.30329704284668
16159,25.901752471923828
16160,25.299043655395508
16161,33.22001266479492
16162,27.15410804748535
16163,19.82630157470703
16164,15.166669845581055
16165,24.302980422973633
16166,11.493706703186035
16167,31.26732635498047
16168,25.419160842895508
16169,32.43449783325195
16170,11.044964790344238
16171,21.784385681152344
16172,21.278457641601562
16173,30.816699981689453
16174,11.54965591430664
16175,22.974706649780273
16176,21.0219783782959
16177,17.998842239379883
16178,16.914777755737305
16179,24.364511489868164
16180,27.918624877929688
16181,22.605396270751953
16182,17.417999267578125
16183,22.782405853271484
16184,11.062662124633789
16185,26.582338333129883
16186,14.866280555725098
16187,22.61260414123535
16188,21.675521850585938
16189,17.591459274291992
16190,18.263303756713867
16191,16.650264739990234
16192,14.308201789855957
16193,17.958568572998047
16194,31.144254684448242
16195,30.01991081237793
16196,28.19544792175293
16197,29.042959213256836
16198,19.82293128967285
16199,10.586762428283691
16200,24.988174438476562
16201,25.078594207763672
16202,16.25431251525879
16203,22.352876663208008
16204,26.564069747924805
16205,16.382299423217773
16206,13.949979782104492
16207,25.47455596923828
16208,31.343156814575195
16209,15.66214656829834
16210,19.176578521728516
16211,18.33730125427246
16212,18.94016456604004
16213,11.391582489013672
16214,25.090574264526367
16215,18.173892974853516
16216,20.670257568359375
16217,17.089078903198242
16218,15.608133316040039
16219,27.29937744140625
16220,25.901634216308594
16221,25.296804428100586
16222,33.221126556396484
16223,27.154293060302734
16224,19.824386596679688
16225,15.165407180786133
16226,24.301860809326172
16227,11.492259979248047
16228,31.266345977783203
16229,25.41759490966797
16230,32.43360900878906
16231,11.043845176696777
16232,21.782583236694336
16233,21.276182174682617
16234,30.815202713012695
16235,11.54830265045166
16236,22.973976135253906
16237,21.01873779296875
16238,17.998458862304688
16239,16.914636611938477
16240,24.362430572509766
16241,27.918100357055664
16242,22.603290557861328
16243,17.416139602661133
16244,22.78225326538086
16245,11.06105899810791
16246,26.580154418945312
16247,14.866708755493164
16248,22.612911224365234
16249,21.6746826171875
16250,17.590408325195312
16251,18.26156997680664
16252,16.649919509887695
16253,14.307611465454102
16254,17.957687377929688
16255,31.143341064453125
16256,30.018272399902344
16257,28.193143844604492
16258,29.040616989135742
16259,19.82142448425293
16260,10.5860013961792
16261,24.986040115356445
16262,25.078330993652344
16263,16.25395965576172
16264,22.350982666015625
16265,26.563467025756836
16266,16.38153839111328
16267,13.950424194335938
16268,25.47454071044922
16269,31.341888427734375
16270,15.660812377929688
16271,19.175151824951172
16272,18.337125778198242
16273,18.938810348510742
16274,11.389405250549316
16275,25.09073257446289
16276,18.172733306884766
16277,20.669450759887695
16278,17.087202072143555
16279,15.607361793518066
16280,27.295433044433594
16281,25.90152359008789
16282,25.294570922851562
16283,33.22224807739258
16284,27.154468536376953
16285,19.82246971130371
16286,15.164146423339844
16287,24.30075454711914
16288,11.490789413452148
16289,31.26534080505371
16290,25.41604995727539
16291,32.43272399902344
16292,11.042728424072266
16293,21.78078842163086
16294,21.273914337158203
16295,30.81371307373047
16296,11.546948432922363
16297,22.973255157470703
16298,21.015501022338867
16299,17.998069763183594
16300,16.91448974609375
16301,24.360355377197266
16302,27.917593002319336
16303,22.601177215576172
16304,17.41427230834961
16305,22.782094955444336
16306,11.059463500976562
16307,26.577960968017578
16308,14.867131233215332
16309,22.613208770751953
16310,21.673831939697266
16311,17.589359283447266
16312,18.25985336303711
16313,16.649568557739258
16314,14.307022094726562
16315,17.95682144165039
16316,31.142440795898438
16317,30.016651153564453
16318,28.19083023071289
16319,29.038257598876953
16320,19.819908142089844
16321,10.585241317749023
16322,24.98390769958496
16323,25.07805633544922
16324,16.253616333007812
16325,22.349071502685547
16326,26.562870025634766
16327,16.380773544311523
16328,13.9508638381958
16329,25.47453498840332
16330,31.34063720703125
16331,15.6594820022583
16332,19.173730850219727
16333,18.336952209472656
16334,18.937458038330078
16335,11.387236595153809
16336,25.090885162353516
16337,18.171581268310547
16338,20.668643951416016
16339,17.085315704345703
16340,15.606581687927246
16341,27.29151153564453
16342,25.90140724182129
16343,25.292335510253906
16344,33.223350524902344
16345,27.154647827148438
16346,19.820560455322266
16347,15.162875175476074
16348,24.29964828491211
16349,11.489330291748047
16350,31.26435089111328
16351,25.41448974609375
16352,32.43183135986328
16353,11.041606903076172
16354,21.778995513916016
16355,21.27164077758789
16356,30.812217712402344
16357,11.545585632324219
16358,22.972536087036133
16359,21.012264251708984
16360,17.99768829345703
16361,16.914352416992188
16362,24.35828399658203
16363,27.917091369628906
16364,22.59906768798828
16365,17.412403106689453
16366,22.78194236755371
16367,11.057867050170898
16368,26.575782775878906
16369,14.86755657196045
16370,22.613513946533203
16371,21.672975540161133
16372,17.588306427001953
16373,18.258129119873047
16374,16.64920997619629
16375,14.306440353393555
16376,17.95595359802246
16377,31.141529083251953
16378,30.01504135131836
16379,28.188522338867188
16380,29.035903930664062
16381,19.818395614624023
16382,10.584484100341797
16383,24.98176383972168
16384,25.07779312133789
16385,16.253257751464844
16386,22.347169876098633
16387,26.562267303466797
16388,16.380016326904297
16389,13.951300621032715
16390,25.474517822265625
16391,31.33938980102539
16392,15.658160209655762
16393,19.172304153442383
16394,18.336763381958008
16395,18.936100006103516
16396,11.385056495666504
16397,25.091047286987305
16398,18.170419692993164
16399,20.667831420898438
16400,17.083438873291016
16401,15.605802536010742
16402,27.2875919342041
16403,25.901290893554688
16404,25.29012107849121
16405,33.22447967529297
16406,27.154823303222656
16407,19.81865692138672
16408,15.161608695983887
16409,24.298532485961914
16410,11.487873077392578
16411,31.26335906982422
16412,25.412944793701172
16413,32.43094253540039
16414,11.040487289428711
16415,21.777198791503906
16416,21.269371032714844
16417,30.810718536376953
16418,11.54422378540039
16419,22.971803665161133
16420,21.009021759033203
16421,17.997310638427734
16422,16.914209365844727
16423,24.35620880126953
16424,27.916580200195312
16425,22.59697151184082
16426,17.410541534423828
16427,22.781774520874023
16428,11.056267738342285
16429,26.573596954345703
16430,14.867981910705566
16431,22.61380958557129
16432,21.672128677368164
16433,17.58725929260254
16434,18.256412506103516
16435,16.648862838745117
16436,14.305842399597168
16437,17.955068588256836
16438,31.140621185302734
16439,30.013431549072266
16440,28.18621826171875
16441,29.033567428588867
16442,19.8168888092041
16443,10.583728790283203
16444,24.979637145996094
16445,25.077516555786133
16446,16.252899169921875
16447,22.345260620117188
16448,26.561674118041992
16449,16.37925910949707
16450,13.951738357543945
16451,25.474512100219727
16452,31.338132858276367
16453,15.656835556030273
16454,19.170886993408203
16455,18.33658790588379
16456,18.93474578857422
16457,11.382885932922363
16458,25.091196060180664
16459,18.169260025024414
16460,20.667028427124023
16461,17.0815486907959
16462,15.60502815246582
16463,27.283668518066406
16464,25.901174545288086
16465,25.28788185119629
16466,33.225582122802734
16467,27.15500259399414
16468,19.816743850708008
16469,15.16033935546875
16470,24.297407150268555
16471,11.486406326293945
16472,31.262365341186523
16473,25.411401748657227
16474,32.4300651550293
16475,11.039362907409668
16476,21.775400161743164
16477,21.267099380493164
16478,30.809221267700195
16479,11.542861938476562
16480,22.971086502075195
16481,21.005775451660156
16482,17.996923446655273
16483,16.914066314697266
16484,24.354135513305664
16485,27.916059494018555
16486,22.59486198425293
16487,17.40867042541504
16488,22.781618118286133
16489,11.054675102233887
16490,26.571401596069336
16491,14.868401527404785
16492,22.61410903930664
16493,21.671268463134766
16494,17.586210250854492
16495,18.25469398498535
16496,16.648500442504883
16497,14.305248260498047
16498,17.954212188720703
16499,31.139713287353516
16500,30.011795043945312
16501,28.18390464782715
16502,29.031211853027344
16503,19.815380096435547
16504,10.582968711853027
16505,24.977502822875977
16506,25.077253341674805
16507,16.25254249572754
16508,22.343360900878906
16509,26.561063766479492
16510,16.37849235534668
16511,13.952186584472656
16512,25.474496841430664
16513,31.336877822875977
16514,15.655517578125
16515,19.169462203979492
16516,18.336410522460938
16517,18.933385848999023
16518,11.380711555480957
16519,25.09136390686035
16520,18.16810417175293
16521,20.66621971130371
16522,17.079660415649414
16523,15.604246139526367
16524,27.279748916625977
16525,25.901063919067383
16526,25.285655975341797
16527,33.22669982910156
16528,27.155176162719727
16529,19.814842224121094
16530,15.159078598022461
16531,24.296289443969727
16532,11.484942436218262
16533,31.261369705200195
16534,25.409852981567383
16535,32.429176330566406
16536,11.03824234008789
16537,21.773603439331055
16538,21.26482582092285
16539,30.807716369628906
16540,11.541498184204102
16541,22.970361709594727
16542,21.002527236938477
16543,17.996543884277344
16544,16.9139347076416
16545,24.352067947387695
16546,27.915552139282227
16547,22.592761993408203
16548,17.40680503845215
16549,22.781461715698242
16550,11.053077697753906
16551,26.5692195892334
16552,14.86882209777832
16553,22.614416122436523
16554,21.670419692993164
16555,17.585161209106445
16556,18.25296974182129
16557,16.648151397705078
16558,14.304661750793457
16559,17.953340530395508
16560,31.13880157470703
16561,30.010175704956055
16562,28.181596755981445
16563,29.02885627746582
16564,19.81386375427246
16565,10.582210540771484
16566,24.975358963012695
16567,25.077001571655273
16568,16.252193450927734
16569,22.341453552246094
16570,26.56047248840332
16571,16.377737045288086
16572,13.952632904052734
16573,25.474491119384766
16574,31.33562660217285
16575,15.654195785522461
16576,19.168033599853516
16577,18.336244583129883
16578,18.93202781677246
16579,11.378536224365234
16580,25.091520309448242
16581,18.166946411132812
16582,20.665401458740234
16583,17.07778549194336
16584,15.603477478027344
16585,27.27582359313965
16586,25.900938034057617
16587,25.283428192138672
16588,33.22781753540039
16589,27.155363082885742
16590,19.81292152404785
16591,15.15781021118164
16592,24.295183181762695
16593,11.483485221862793
16594,31.260377883911133
16595,25.40831184387207
16596,32.42828369140625
16597,11.03712272644043
16598,21.771806716918945
16599,21.26255226135254
16600,30.806222915649414
16601,11.540139198303223
16602,22.969636917114258
16603,20.99928855895996
16604,17.996156692504883
16605,16.913795471191406
16606,24.349985122680664
16607,27.915054321289062
16608,22.59066390991211
16609,17.404935836791992
16610,22.781301498413086
16611,11.051482200622559
16612,26.567033767700195
16613,14.869256973266602
16614,22.61471939086914
16615,21.6695556640625
16616,17.584108352661133
16617,18.251253128051758
16618,16.647808074951172
16619,14.304065704345703
16620,17.952451705932617
16621,31.13789176940918
16622,30.008544921875
16623,28.17930030822754
16624,29.026517868041992
16625,19.812349319458008
16626,10.581462860107422
16627,24.973241806030273
16628,25.07673454284668
16629,16.25184440612793
16630,22.33955192565918
16631,26.55986976623535
16632,16.376981735229492
16633,13.95307445526123
16634,25.474489212036133
16635,31.33437156677246
16636,15.652868270874023
16637,19.166622161865234
16638,18.33607292175293
16639,18.930667877197266
16640,11.376359939575195
16641,25.0916748046875
16642,18.16579818725586
16643,20.664596557617188
16644,17.07590103149414
16645,15.602699279785156
16646,27.27187728881836
16647,25.90084457397461
16648,25.281208038330078
16649,33.22895050048828
16650,27.15555191040039
16651,19.811010360717773
16652,15.156545639038086
16653,24.294063568115234
16654,11.482024192810059
16655,31.259374618530273
16656,25.40677261352539
16657,32.42739486694336
16658,11.036001205444336
16659,21.770023345947266
16660,21.260272979736328
16661,30.804729461669922
16662,11.538783073425293
16663,22.968894958496094
16664,20.996044158935547
16665,17.995773315429688
16666,16.913658142089844
16667,24.347923278808594
16668,27.91452980041504
16669,22.588581085205078
16670,17.403072357177734
16671,22.78113555908203
16672,11.04988956451416
16673,26.56482696533203
16674,14.869698524475098
16675,22.61503028869629
16676,21.668697357177734
16677,17.58304214477539
16678,18.24953842163086
16679,16.647462844848633
16680,14.30346393585205
16681,17.951576232910156
16682,31.13697052001953
16683,30.006900787353516
16684,28.177001953125
16685,29.024171829223633
16686,19.810840606689453
16687,10.580719947814941
16688,24.971092224121094
16689,25.076465606689453
16690,16.251483917236328
16691,22.3376522064209
16692,26.55927848815918
16693,16.376237869262695
16694,13.953521728515625
16695,25.474477767944336
16696,31.333097457885742
16697,15.65155029296875
16698,19.16519546508789
16699,18.33592414855957
16700,18.929306030273438
16701,11.374180793762207
16702,25.091840744018555
16703,18.16463851928711
16704,20.66378402709961
16705,17.074012756347656
16706,15.601917266845703
16707,27.2679386138916
16708,25.90073013305664
16709,25.27898406982422
16710,33.23007583618164
16711,27.15573501586914
16712,19.809101104736328
16713,15.155275344848633
16714,24.292943954467773
16715,11.480558395385742
16716,31.25836944580078
16717,25.405235290527344
16718,32.42649841308594
16719,11.034884452819824
16720,21.76822853088379
16721,21.258007049560547
16722,30.8032169342041
16723,11.537416458129883
16724,22.96817398071289
16725,20.992795944213867
16726,17.99539566040039
16727,16.913516998291016
16728,24.345855712890625
16729,27.91402244567871
16730,22.586483001708984
16731,17.40121078491211
16732,22.780967712402344
16733,11.048298835754395
16734,26.562625885009766
16735,14.870137214660645
16736,22.615341186523438
16737,21.667837142944336
16738,17.581985473632812
16739,18.247821807861328
16740,16.64711570739746
16741,14.302861213684082
16742,17.950695037841797
16743,31.13606834411621
16744,30.005273818969727
16745,28.17470359802246
16746,29.02182388305664
16747,19.809329986572266
16748,10.579967498779297
16749,24.968975067138672
16750,25.076204299926758
16751,16.25113296508789
16752,22.33574104309082
16753,26.558673858642578
16754,16.375484466552734
16755,13.95396900177002
16756,25.474472045898438
16757,31.331844329833984
16758,15.65023136138916
16759,19.16377067565918
16760,18.335758209228516
16761,18.92793846130371
16762,11.372005462646484
16763,25.09200096130371
16764,18.163480758666992
16765,20.6629695892334
16766,17.072132110595703
16767,15.601141929626465
16768,27.263999938964844
16769,25.90062141418457
16770,25.276763916015625
16771,33.231204986572266
16772,27.155929565429688
16773,19.807186126708984
16774,15.154006004333496
16775,24.29183006286621
16776,11.479100227355957
16777,31.25737953186035
16778,25.403701782226562
16779,32.42560577392578
16780,11.03376293182373
16781,21.766435623168945
16782,21.255733489990234
16783,30.801715850830078
16784,11.536050796508789
16785,22.967437744140625
16786,20.989547729492188
16787,17.995018005371094
16788,16.913375854492188
16789,24.343778610229492
16790,27.91352081298828
16791,22.584396362304688
16792,17.399343490600586
16793,22.78082275390625
16794,11.04670238494873
16795,26.560440063476562
16796,14.870572090148926
16797,22.615638732910156
16798,21.666988372802734
16799,17.580930709838867
16800,18.246097564697266
16801,16.64676856994629
16802,14.302271842956543
16803,17.9498233795166
16804,31.135156631469727
16805,30.003650665283203
16806,28.17239761352539
16807,29.01947593688965
16808,19.807823181152344
16809,10.579217910766602
16810,24.966838836669922
16811,25.07595443725586
16812,16.250782012939453
16813,22.333839416503906
16814,26.55807876586914
16815,16.374723434448242
16816,13.954419136047363
16817,25.47446060180664
16818,31.33059310913086
16819,15.64890193939209
16820,19.162342071533203
16821,18.33557891845703
16822,18.926576614379883
16823,11.369830131530762
16824,25.0921630859375
16825,18.162328720092773
16826,20.662166595458984
16827,17.070240020751953
16828,15.600364685058594
16829,27.26006507873535
16830,25.900514602661133
16831,25.27452278137207
16832,33.23232650756836
16833,27.156118392944336
16834,19.805265426635742
16835,15.15273666381836
16836,24.290712356567383
16837,11.477638244628906
16838,31.25637435913086
16839,25.402151107788086
16840,32.42471694946289
16841,11.032649040222168
16842,21.764638900756836
16843,21.253450393676758
16844,30.80022430419922
16845,11.534687995910645
16846,22.96672248840332
16847,20.98629379272461
16848,17.994630813598633
16849,16.913238525390625
16850,24.341705322265625
16851,27.91300392150879
16852,22.582292556762695
16853,17.397480010986328
16854,22.780670166015625
16855,11.045099258422852
16856,26.55824851989746
16857,14.871000289916992
16858,22.615947723388672
16859,21.666120529174805
16860,17.579872131347656
16861,18.244382858276367
16862,16.646421432495117
16863,14.301682472229004
16864,17.948944091796875
16865,31.134244918823242
16866,30.00201988220215
16867,28.170089721679688
16868,29.017135620117188
16869,19.806303024291992
16870,10.578465461730957
16871,24.964689254760742
16872,25.075687408447266
16873,16.250429153442383
16874,22.331932067871094
16875,26.5574893951416
16876,16.37397003173828
16877,13.954870223999023
16878,25.474458694458008
16879,31.329341888427734
16880,15.647571563720703
16881,19.160919189453125
16882,18.335412979125977
16883,18.92522621154785
16884,11.36765193939209
16885,25.092315673828125
16886,18.16117286682129
16887,20.661357879638672
16888,17.068363189697266
16889,15.599588394165039
16890,27.25612449645996
16891,25.90040397644043
16892,25.272294998168945
16893,33.233463287353516
16894,27.156307220458984
16895,19.803354263305664
16896,15.151474952697754
16897,24.28959846496582
16898,11.476173400878906
16899,31.25537872314453
16900,25.400602340698242
16901,32.423824310302734
16902,11.031526565551758
16903,21.76283836364746
16904,21.251178741455078
16905,30.79872703552246
16906,11.533329010009766
16907,22.966001510620117
16908,20.9830379486084
16909,17.99425506591797
16910,16.91310691833496
16911,24.339632034301758
16912,27.912508010864258
16913,22.580190658569336
16914,17.39561653137207
16915,22.78050994873047
16916,11.043500900268555
16917,26.556055068969727
16918,14.871435165405273
16919,22.61625099182129
16920,21.66526985168457
16921,17.57881736755371
16922,18.242658615112305
16923,16.646072387695312
16924,14.30109977722168
16925,17.94807243347168
16926,31.13335418701172
16927,30.00040054321289
16928,28.167783737182617
16929,29.014774322509766
16930,19.804790496826172
16931,10.577710151672363
16932,24.962553024291992
16933,25.07542610168457
16934,16.25007438659668
16935,22.330034255981445
16936,26.55689239501953
16937,16.373220443725586
16938,13.955323219299316
16939,25.47446060180664
16940,31.328088760375977
16941,15.646242141723633
16942,19.159494400024414
16943,18.335243225097656
16944,18.923864364624023
16945,11.365482330322266
16946,25.092487335205078
16947,18.160018920898438
16948,20.660560607910156
16949,17.06647491455078
16950,15.598807334899902
16951,27.25218391418457
16952,25.900297164916992
16953,25.270061492919922
16954,33.23456954956055
16955,27.156490325927734
16956,19.80144691467285
16957,15.150212287902832
16958,24.288496017456055
16959,11.47471809387207
16960,31.254383087158203
16961,25.399049758911133
16962,32.42294692993164
16963,11.030410766601562
16964,21.761037826538086
16965,21.248897552490234
16966,30.797237396240234
16967,11.531970977783203
16968,22.96527862548828
16969,20.979785919189453
16970,17.993885040283203
16971,16.91297721862793
16972,24.33754539489746
16973,27.911996841430664
16974,22.57807159423828
16975,17.393747329711914
16976,22.780364990234375
16977,11.041894912719727
16978,26.553861618041992
16979,14.871870040893555
16980,22.61655616760254
16981,21.664424896240234
16982,17.577774047851562
16983,18.240936279296875
16984,16.645715713500977
16985,14.300507545471191
16986,17.94719886779785
16987,31.132448196411133
16988,29.998781204223633
16989,28.165468215942383
16990,29.012426376342773
16991,19.803279876708984
16992,10.576953887939453
16993,24.960411071777344
16994,25.075166702270508
16995,16.24972152709961
16996,22.328123092651367
16997,26.556306838989258
16998,16.37246322631836
16999,13.955777168273926
17000,25.474456787109375
17001,31.326845169067383
17002,15.644913673400879
17003,19.15806770324707
17004,18.335073471069336
17005,18.92251205444336
17006,11.363306045532227
17007,25.09265899658203
17008,18.158857345581055
17009,20.659748077392578
17010,17.064590454101562
17011,15.598038673400879
17012,27.248247146606445
17013,25.90018653869629
17014,25.267820358276367
17015,33.23569107055664
17016,27.156675338745117
17017,19.799530029296875
17018,15.148945808410645
17019,24.287376403808594
17020,11.473254203796387
17021,31.25340461730957
17022,25.397485733032227
17023,32.422080993652344
17024,11.029292106628418
17025,21.759231567382812
17026,21.246618270874023
17027,30.79572868347168
17028,11.530610084533691
17029,22.96455955505371
17030,20.976537704467773
17031,17.993501663208008
17032,16.912841796875
17033,24.33547019958496
17034,27.91148567199707
17035,22.575973510742188
17036,17.391881942749023
17037,22.780216217041016
17038,11.040297508239746
17039,26.551671981811523
17040,14.872310638427734
17041,22.616870880126953
17042,21.663572311401367
17043,17.57671546936035
17044,18.239212036132812
17045,16.645368576049805
17046,14.299910545349121
17047,17.946331024169922
17048,31.13153648376465
17049,29.997150421142578
17050,28.163156509399414
17051,29.010080337524414
17052,19.80176544189453
17053,10.576208114624023
17054,24.958274841308594
17055,25.074907302856445
17056,16.249361038208008
17057,22.326213836669922
17058,26.55571746826172
17059,16.3717098236084
17060,13.956222534179688
17061,25.47446060180664
17062,31.32558822631836
17063,15.643592834472656
17064,19.15664291381836
17065,18.33490753173828
17066,18.921157836914062
17067,11.361132621765137
17068,25.092830657958984
17069,18.157699584960938
17070,20.658946990966797
17071,17.062698364257812
17072,15.597253799438477
17073,27.24431610107422
17074,25.90007972717285
17075,25.26559066772461
17076,33.236812591552734
17077,27.156864166259766
17078,19.79762077331543
17079,15.147679328918457
17080,24.286258697509766
17081,11.471786499023438
17082,31.25240707397461
17083,25.395950317382812
17084,32.42118835449219
17085,11.028166770935059
17086,21.757434844970703
17087,21.244333267211914
17088,30.794233322143555
17089,11.529239654541016
17090,22.963848114013672
17091,20.973270416259766
17092,17.993125915527344
17093,16.9127140045166
17094,24.333391189575195
17095,27.910991668701172
17096,22.573871612548828
17097,17.39000701904297
17098,22.78006362915039
17099,11.038700103759766
17100,26.549480438232422
17101,14.872727394104004
17102,22.617158889770508
17103,21.66271209716797
17104,17.575653076171875
17105,18.23750114440918
17106,16.64501190185547
17107,14.299337387084961
17108,17.945470809936523
17109,31.13064193725586
17110,29.995527267456055
17111,28.160850524902344
17112,29.007719039916992
17113,19.800254821777344
17114,10.575455665588379
17115,24.956132888793945
17116,25.074628829956055
17117,16.249008178710938
17118,22.324304580688477
17119,26.55512046813965
17120,16.370960235595703
17121,13.956676483154297
17122,25.474464416503906
17123,31.324363708496094
17124,15.642266273498535
17125,19.155214309692383
17126,18.33472442626953
17127,18.9197998046875
17128,11.3589506149292
17129,25.092987060546875
17130,18.15654945373535
17131,20.65814208984375
17132,17.060813903808594
17133,15.596478462219238
17134,27.24038314819336
17135,25.89996337890625
17136,25.26336097717285
17137,33.23793411254883
17138,27.15704917907715
17139,19.79570960998535
17140,15.146413803100586
17141,24.285133361816406
17142,11.470319747924805
17143,31.251415252685547
17144,25.39440155029297
17145,32.42030715942383
17146,11.027036666870117
17147,21.755624771118164
17148,21.242061614990234
17149,30.792739868164062
17150,11.527863502502441
17151,22.963130950927734
17152,20.970014572143555
17153,17.992752075195312
17154,16.912586212158203
17155,24.33131980895996
17156,27.91049575805664
17157,22.5717716217041
17158,17.388134002685547
17159,22.77991485595703
17160,11.037102699279785
17161,26.547290802001953
17162,14.873147964477539
17163,22.617454528808594
17164,21.66185760498047
17165,17.574600219726562
17166,18.23578453063965
17167,16.64466094970703
17168,14.298755645751953
17169,17.944591522216797
17170,31.129743576049805
17171,29.993907928466797
17172,28.15854263305664
17173,29.005359649658203
17174,19.798748016357422
17175,10.574700355529785
17176,24.953994750976562
17177,25.074378967285156
17178,16.248645782470703
17179,22.32239532470703
17180,26.55452537536621
17181,16.370214462280273
17182,13.957131385803223
17183,25.474468231201172
17184,31.3231258392334
17185,15.640948295593262
17186,19.153789520263672
17187,18.334552764892578
17188,18.918434143066406
17189,11.356775283813477
17190,25.093162536621094
17191,18.155385971069336
17192,20.6573429107666
17193,17.058917999267578
17194,15.595696449279785
17195,27.236454010009766
17196,25.899869918823242
17197,25.261123657226562
17198,33.23904037475586
17199,27.157230377197266
17200,19.79381561279297
17201,15.145148277282715
17202,24.28401756286621
17203,11.468850135803223
17204,31.250436782836914
17205,25.392864227294922
17206,32.419429779052734
17207,11.02591609954834
17208,21.753822326660156
17209,21.239788055419922
17210,30.791236877441406
17211,11.526494026184082
17212,22.96240997314453
17213,20.966754913330078
17214,17.99237632751465
17215,16.91246223449707
17216,24.32923698425293
17217,27.90999984741211
17218,22.56965446472168
17219,17.386262893676758
17220,22.779769897460938
17221,11.035502433776855
17222,26.54509162902832
17223,14.873573303222656
17224,22.617759704589844
17225,21.661006927490234
17226,17.573549270629883
17227,18.234067916870117
17228,16.644306182861328
17229,14.298176765441895
17230,17.94371795654297
17231,31.128843307495117
17232,29.992305755615234
17233,28.156225204467773
17234,29.003009796142578
17235,19.797229766845703
17236,10.573951721191406
17237,24.95185661315918
17238,25.074108123779297
17239,16.248291015625
17240,22.32048225402832
17241,26.55394172668457
17242,16.369462966918945
17243,13.957584381103516
17244,25.47447967529297
17245,31.321897506713867
17246,15.639622688293457
17247,19.152368545532227
17248,18.334375381469727
17249,18.91708755493164
17250,11.354598999023438
17251,25.093338012695312
17252,18.15422821044922
17253,20.656538009643555
17254,17.05702781677246
17255,15.594922065734863
17256,27.232526779174805
17257,25.899742126464844
17258,25.25889015197754
17259,33.24015426635742
17260,27.157424926757812
17261,19.791908264160156
17262,15.14388656616211
17263,24.282901763916016
17264,11.467379570007324
17265,31.24945068359375
17266,25.391307830810547
17267,32.418556213378906
17268,11.024794578552246
17269,21.752023696899414
17270,21.23750114440918
17271,30.789724349975586
17272,11.525115966796875
17273,22.961702346801758
17274,20.963485717773438
17275,17.992000579833984
17276,16.912336349487305
17277,24.327159881591797
17278,27.909503936767578
17279,22.56754493713379
17280,17.384382247924805
17281,22.77962303161621
17282,11.033903121948242
17283,26.54290199279785
17284,14.873993873596191
17285,22.61804962158203
17286,21.660158157348633
17287,17.572498321533203
17288,18.23234748840332
17289,16.64394187927246
17290,14.297599792480469
17291,17.94286346435547
17292,31.127962112426758
17293,29.990686416625977
17294,28.153913497924805
17295,29.000654220581055
17296,19.795717239379883
17297,10.573199272155762
17298,24.949708938598633
17299,25.073841094970703
17300,16.247926712036133
17301,22.318571090698242
17302,26.5533504486084
17303,16.368717193603516
17304,13.958035469055176
17305,25.47447967529297
17306,31.3206729888916
17307,15.638296127319336
17308,19.150941848754883
17309,18.334197998046875
17310,18.915739059448242
17311,11.352424621582031
17312,25.093509674072266
17313,18.1530704498291
17314,20.655731201171875
17315,17.05514144897461
17316,15.59414005279541
17317,27.228601455688477
17318,25.89964485168457
17319,25.25664710998535
17320,33.241249084472656
17321,27.157608032226562
17322,19.790006637573242
17323,15.142626762390137
17324,24.28177833557129
17325,11.465909004211426
17326,31.248464584350586
17327,25.389760971069336
17328,32.41767120361328
17329,11.023669242858887
17330,21.750211715698242
17331,21.235219955444336
17332,30.788217544555664
17333,11.52374267578125
17334,22.960988998413086
17335,20.960216522216797
17336,17.991626739501953
17337,16.912216186523438
17338,24.3250789642334
17339,27.90901756286621
17340,22.565444946289062
17341,17.382505416870117
17342,22.77948570251465
17343,11.03230094909668
17344,26.54070472717285
17345,14.874409675598145
17346,22.618356704711914
17347,21.6593074798584
17348,17.571447372436523
17349,18.230640411376953
17350,16.643592834472656
17351,14.297018051147461
17352,17.941999435424805
17353,31.12706184387207
17354,29.98907470703125
17355,28.151607513427734
17356,28.998289108276367
17357,19.794206619262695
17358,10.572444915771484
17359,24.947572708129883
17360,25.07356834411621
17361,16.24756622314453
17362,22.31666374206543
17363,26.552762985229492
17364,16.367965698242188
17365,13.958494186401367
17366,25.4744873046875
17367,31.319442749023438
17368,15.636977195739746
17369,19.149511337280273
17370,18.334030151367188
17371,18.914382934570312
17372,11.350247383117676
17373,25.09368324279785
17374,18.15192413330078
17375,20.654930114746094
17376,17.05324935913086
17377,15.593356132507324
17378,27.22466468811035
17379,25.8995304107666
17380,25.254419326782227
17381,33.242374420166016
17382,27.15777587890625
17383,19.78809928894043
17384,15.141361236572266
17385,24.280664443969727
17386,11.46444034576416
17387,31.24747657775879
17388,25.388198852539062
17389,32.41679763793945
17390,11.022540092468262
17391,21.748414993286133
17392,21.232946395874023
17393,30.786725997924805
17394,11.52237319946289
17395,22.96027374267578
17396,20.956968307495117
17397,17.99125862121582
17398,16.91209602355957
17399,24.3230037689209
17400,27.90851593017578
17401,22.563331604003906
17402,17.380638122558594
17403,22.779342651367188
17404,11.0306978225708
17405,26.53852081298828
17406,14.874841690063477
17407,22.61865234375
17408,21.658456802368164
17409,17.570402145385742
17410,18.22891616821289
17411,16.64323616027832
17412,14.29643726348877
17413,17.94113540649414
17414,31.126163482666016
17415,29.98746681213379
17416,28.149288177490234
17417,28.995935440063477
17418,19.792695999145508
17419,10.571697235107422
17420,24.945436477661133
17421,25.073314666748047
17422,16.247217178344727
17423,22.31475067138672
17424,26.552165985107422
17425,16.367216110229492
17426,13.958950996398926
17427,25.47449493408203
17428,31.31821060180664
17429,15.635644912719727
17430,19.148088455200195
17431,18.333843231201172
17432,18.91303253173828
17433,11.348073959350586
17434,25.09384536743164
17435,18.15074920654297
17436,20.654132843017578
17437,17.051361083984375
17438,15.592584609985352
17439,27.220733642578125
17440,25.899433135986328
17441,25.25217056274414
17442,33.24348831176758
17443,27.15796661376953
17444,19.786182403564453
17445,15.140092849731445
17446,24.279550552368164
17447,11.46297550201416
17448,31.246498107910156
17449,25.386646270751953
17450,32.415931701660156
17451,11.0214204788208
17452,21.746606826782227
17453,21.230655670166016
17454,30.78522491455078
17455,11.521002769470215
17456,22.959562301635742
17457,20.95369529724121
17458,17.990877151489258
17459,16.911970138549805
17460,24.320919036865234
17461,27.90802001953125
17462,22.561206817626953
17463,17.378759384155273
17464,22.779203414916992
17465,11.029091835021973
17466,26.536327362060547
17467,14.875271797180176
17468,22.618959426879883
17469,21.657608032226562
17470,17.569347381591797
17471,18.227195739746094
17472,16.64287567138672
17473,14.295862197875977
17474,17.940269470214844
17475,31.125272750854492
17476,29.985841751098633
17477,28.146968841552734
17478,28.99357795715332
17479,19.791181564331055
17480,10.570939064025879
17481,24.943288803100586
17482,25.07304573059082
17483,16.246856689453125
17484,22.31284523010254
17485,26.551586151123047
17486,16.366466522216797
17487,13.959407806396484
17488,25.474504470825195
17489,31.316978454589844
17490,15.634321212768555
17491,19.14666175842285
17492,18.33367156982422
17493,18.911680221557617
17494,11.345892906188965
17495,25.09403419494629
17496,18.14960289001465
17497,20.653331756591797
17498,17.049476623535156
17499,15.591804504394531
17500,27.21681022644043
17501,25.899316787719727
17502,25.24993896484375
17503,33.244590759277344
17504,27.158151626586914
17505,19.78428840637207
17506,15.138835906982422
17507,24.27843475341797
17508,11.46151351928711
17509,31.245506286621094
17510,25.38510513305664
17511,32.41505432128906
17512,11.020292282104492
17513,21.744800567626953
17514,21.228378295898438
17515,30.783720016479492
17516,11.519630432128906
17517,22.958850860595703
17518,20.950435638427734
17519,17.990510940551758
17520,16.911855697631836
17521,24.318838119506836
17522,27.90752410888672
17523,22.559093475341797
17524,17.37688446044922
17525,22.77906608581543
17526,11.027484893798828
17527,26.534141540527344
17528,14.875689506530762
17529,22.619260787963867
17530,21.656761169433594
17531,17.56829071044922
17532,18.225482940673828
17533,16.64252281188965
17534,14.295282363891602
17535,17.939407348632812
17536,31.124374389648438
17537,29.98423957824707
17538,28.144657135009766
17539,28.9912109375
17540,19.789670944213867
17541,10.570184707641602
17542,24.941137313842773
17543,25.07277488708496
17544,16.246498107910156
17545,22.310930252075195
17546,26.551002502441406
17547,16.365720748901367
17548,13.959867477416992
17549,25.474519729614258
17550,31.31575584411621
17551,15.633001327514648
17552,19.14523696899414
17553,18.33348846435547
17554,18.910335540771484
17555,11.343714714050293
17556,25.094202041625977
17557,18.148441314697266
17558,20.65253257751465
17559,17.04758644104004
17560,15.591032981872559
17561,27.21288299560547
17562,25.899198532104492
17563,25.247699737548828
17564,33.24570083618164
17565,27.15833854675293
17566,19.782392501831055
17567,15.137566566467285
17568,24.277318954467773
17569,11.460039138793945
17570,31.24454116821289
17571,25.3835506439209
17572,32.4141845703125
17573,11.019168853759766
17574,21.742992401123047
17575,21.22610092163086
17576,30.782222747802734
17577,11.518258094787598
17578,22.958141326904297
17579,20.94716453552246
17580,17.990140914916992
17581,16.91172981262207
17582,24.316761016845703
17583,27.907032012939453
17584,22.55698013305664
17585,17.375003814697266
17586,22.778913497924805
17587,11.025895118713379
17588,26.531936645507812
17589,14.876118659973145
17590,22.61956024169922
17591,21.65590476989746
17592,17.567235946655273
17593,18.223772048950195
17594,16.642175674438477
17595,14.29470157623291
17596,17.938541412353516
17597,31.123483657836914
17598,29.98263168334961
17599,28.142356872558594
17600,28.98885726928711
17601,19.788156509399414
17602,10.569438934326172
17603,24.93899917602539
17604,25.07252311706543
17605,16.246139526367188
17606,22.309017181396484
17607,26.550411224365234
17608,16.364980697631836
17609,13.960323333740234
17610,25.474519729614258
17611,31.31451988220215
17612,15.631681442260742
17613,19.143808364868164
17614,18.33331871032715
17615,18.90898323059082
17616,11.341535568237305
17617,25.094385147094727
17618,18.14728355407715
17619,20.6517333984375
17620,17.045692443847656
17621,15.590250968933105
17622,27.20894432067871
17623,25.89909553527832
17624,25.245468139648438
17625,33.2468147277832
17626,27.15852928161621
17627,19.780481338500977
17628,15.136309623718262
17629,24.276193618774414
17630,11.458571434020996
17631,31.243547439575195
17632,25.382001876831055
17633,32.41331481933594
17634,11.018045425415039
17635,21.74118423461914
17636,21.223814010620117
17637,30.780702590942383
17638,11.516877174377441
17639,22.957427978515625
17640,20.94388771057129
17641,17.989768981933594
17642,16.911609649658203
17643,24.31467628479004
17644,27.906545639038086
17645,22.554868698120117
17646,17.373130798339844
17647,22.77877426147461
17648,11.02428913116455
17649,26.529752731323242
17650,14.876541137695312
17651,22.619855880737305
17652,21.655057907104492
17653,17.566186904907227
17654,18.2220516204834
17655,16.641807556152344
17656,14.2941255569458
17657,17.937681198120117
17658,31.122577667236328
17659,29.98102378845215
17660,28.140037536621094
17661,28.986507415771484
17662,19.786651611328125
17663,10.568689346313477
17664,24.936859130859375
17665,25.07225227355957
17666,16.245779037475586
17667,22.30710220336914
17668,26.54982566833496
17669,16.364234924316406
17670,13.960783004760742
17671,25.474531173706055
17672,31.313302993774414
17673,15.630359649658203
17674,19.142377853393555
17675,18.333133697509766
17676,18.90763282775879
17677,11.339361190795898
17678,25.09456443786621
17679,18.146127700805664
17680,20.650938034057617
17681,17.043798446655273
17682,15.589481353759766
17683,27.205026626586914
17684,25.898984909057617
17685,25.243223190307617
17686,33.24791717529297
17687,27.15869903564453
17688,19.77858543395996
17689,15.135040283203125
17690,24.275075912475586
17691,11.45710563659668
17692,31.242572784423828
17693,25.38044548034668
17694,32.412437438964844
17695,11.016921043395996
17696,21.739377975463867
17697,21.221529006958008
17698,30.779211044311523
17699,11.515498161315918
17700,22.95672035217285
17701,20.940631866455078
17702,17.989395141601562
17703,16.9114933013916
17704,24.312593460083008
17705,27.906057357788086
17706,22.552743911743164
17707,17.371244430541992
17708,22.778640747070312
17709,11.022686958312988
17710,26.527563095092773
17711,14.876951217651367
17712,22.620161056518555
17713,21.654203414916992
17714,17.565143585205078
17715,18.2203426361084
17716,16.641447067260742
17717,14.293556213378906
17718,17.936826705932617
17719,31.121700286865234
17720,29.979413986206055
17721,28.137720108032227
17722,28.9841251373291
17723,19.78514289855957
17724,10.567938804626465
17725,24.934717178344727
17726,25.071985244750977
17727,16.24541664123535
17728,22.305185317993164
17729,26.54923439025879
17730,16.363496780395508
17731,13.961241722106934
17732,25.474550247192383
17733,31.312095642089844
17734,15.629033088684082
17735,19.14095115661621
17736,18.33295249938965
17737,18.90628433227539
17738,11.337178230285645
17739,25.094741821289062
17740,18.14497184753418
17741,20.650144577026367
17742,17.041902542114258
17743,15.588696479797363
17744,27.20110321044922
17745,25.89887046813965
17746,25.240985870361328
17747,33.2490234375
17748,27.158885955810547
17749,19.776681900024414
17750,15.133782386779785
17751,24.27396011352539
17752,11.45563793182373
17753,31.24159049987793
17754,25.37889862060547
17755,32.41157531738281
17756,11.015785217285156
17757,21.737560272216797
17758,21.2192440032959
17759,30.77770233154297
17760,11.514118194580078
17761,22.956018447875977
17762,20.937349319458008
17763,17.989028930664062
17764,16.91138458251953
17765,24.31051254272461
17766,27.905582427978516
17767,22.550621032714844
17768,17.369356155395508
17769,22.778512954711914
17770,11.021087646484375
17771,26.525371551513672
17772,14.877361297607422
17773,22.620458602905273
17774,21.653352737426758
17775,17.56410026550293
17776,18.21863555908203
17777,16.64108657836914
17778,14.292990684509277
17779,17.935972213745117
17780,31.12080955505371
17781,29.97780990600586
17782,28.135408401489258
17783,28.98176383972168
17784,19.783639907836914
17785,10.567180633544922
17786,24.932575225830078
17787,25.071714401245117
17788,16.245059967041016
17789,22.30327033996582
17790,26.548656463623047
17791,16.362754821777344
17792,13.961703300476074
17793,25.47456169128418
17794,31.310874938964844
17795,15.627718925476074
17796,19.1395206451416
17797,18.332759857177734
17798,18.90493392944336
17799,11.334994316101074
17800,25.094924926757812
17801,18.143815994262695
17802,20.649341583251953
17803,17.04000473022461
17804,15.587924003601074
17805,27.197193145751953
17806,25.898773193359375
17807,25.23874855041504
17808,33.250125885009766
17809,27.15907859802246
17810,19.7747802734375
17811,15.132525444030762
17812,24.272838592529297
17813,11.4541654586792
17814,31.24061393737793
17815,25.377342224121094
17816,32.41071319580078
17817,11.014657020568848
17818,21.735761642456055
17819,21.216960906982422
17820,30.776185989379883
17821,11.512736320495605
17822,22.955318450927734
17823,20.934064865112305
17824,17.988664627075195
17825,16.911279678344727
17826,24.308425903320312
17827,27.90509796142578
17828,22.548492431640625
17829,17.367460250854492
17830,22.778377532958984
17831,11.019490242004395
17832,26.523183822631836
17833,14.877758979797363
17834,22.620744705200195
17835,21.652502059936523
17836,17.56304931640625
17837,18.2169189453125
17838,16.640724182128906
17839,14.292428970336914
17840,17.93512535095215
17841,31.119916915893555
17842,29.976226806640625
17843,28.133081436157227
17844,28.979394912719727
17845,19.782136917114258
17846,10.566435813903809
17847,24.930421829223633
17848,25.071441650390625
17849,16.244693756103516
17850,22.301347732543945
17851,26.54806900024414
17852,16.36200714111328
17853,13.962167739868164
17854,25.474590301513672
17855,31.3096923828125
17856,15.626409530639648
17857,19.13808822631836
17858,18.332578659057617
17859,18.90358543395996
17860,11.332813262939453
17861,25.095109939575195
17862,18.142650604248047
17863,20.64855194091797
17864,17.038114547729492
17865,15.587148666381836
17866,27.193281173706055
17867,25.89866065979004
17868,25.23650360107422
17869,33.25121307373047
17870,27.159252166748047
17871,19.772897720336914
17872,15.131258964538574
17873,24.271705627441406
17874,11.452695846557617
17875,31.239654541015625
17876,25.375797271728516
17877,32.40986251831055
17878,11.013514518737793
17879,21.733938217163086
17880,21.214679718017578
17881,30.77467918395996
17882,11.511346817016602
17883,22.954618453979492
17884,20.930782318115234
17885,17.98828887939453
17886,16.911174774169922
17887,24.30633544921875
17888,27.904632568359375
17889,22.54636001586914
17890,17.365558624267578
17891,22.778244018554688
17892,11.017885208129883
17893,26.5209903717041
17894,14.878158569335938
17895,22.621044158935547
17896,21.651662826538086
17897,17.562007904052734
17898,18.215211868286133
17899,16.640348434448242
17900,14.291873931884766
17901,17.93427848815918
17902,31.119041442871094
17903,29.97464370727539
17904,28.130760192871094
17905,28.977018356323242
17906,19.780624389648438
17907,10.565685272216797
17908,24.928285598754883
17909,25.0711612701416
17910,16.24432373046875
17911,22.299423217773438
17912,26.5474853515625
17913,16.36127471923828
17914,13.96262264251709
17915,25.474609375
17916,31.308488845825195
17917,15.625091552734375
17918,19.136659622192383
17919,18.332387924194336
17920,18.90224838256836
17921,11.3306303024292
17922,25.09529685974121
17923,18.14149284362793
17924,20.647754669189453
17925,17.03620147705078
17926,15.586359024047852
17927,27.189363479614258
17928,25.89855194091797
17929,25.234268188476562
17930,33.252315521240234
17931,27.159427642822266
17932,19.771005630493164
17933,15.129993438720703
17934,24.27057647705078
17935,11.451220512390137
17936,31.238679885864258
17937,25.374256134033203
17938,32.40900421142578
17939,11.01237964630127
17940,21.73212432861328
17941,21.212387084960938
17942,30.773162841796875
17943,11.50994873046875
17944,22.953927993774414
17945,20.927501678466797
17946,17.98792266845703
17947,16.911069869995117
17948,24.30426025390625
17949,27.904157638549805
17950,22.544246673583984
17951,17.363666534423828
17952,22.77811622619629
17953,11.016292572021484
17954,26.518802642822266
17955,14.878564834594727
17956,22.621339797973633
17957,21.650802612304688
17958,17.560949325561523
17959,18.213512420654297
17960,16.639978408813477
17961,14.291313171386719
17962,17.93344497680664
17963,31.118146896362305
17964,29.973037719726562
17965,28.128446578979492
17966,28.974651336669922
17967,19.779125213623047
17968,10.564935684204102
17969,24.926130294799805
17970,25.070894241333008
17971,16.243959426879883
17972,22.297500610351562
17973,26.54690170288086
17974,16.36054039001465
17975,13.963090896606445
17976,25.474639892578125
17977,31.307287216186523
17978,15.623778343200684
17979,19.135229110717773
17980,18.332197189331055
17981,18.90089225769043
17982,11.328447341918945
17983,25.095478057861328
17984,18.14033317565918
17985,20.646963119506836
17986,17.034303665161133
17987,15.585582733154297
17988,27.185461044311523
17989,25.8984432220459
17990,25.232036590576172
17991,33.253414154052734
17992,27.15962028503418
17993,19.769115447998047
17994,15.128737449645996
17995,24.269441604614258
17996,11.449747085571289
17997,31.237709045410156
17998,25.372703552246094
17999,32.40814971923828
18000,11.011242866516113
18001,21.73031234741211
18002,21.210107803344727
18003,30.771657943725586
18004,11.508551597595215
18005,22.953229904174805
18006,20.92421531677246
18007,17.98755645751953
18008,16.91097068786621
18009,24.30217742919922
18010,27.90369415283203
18011,22.542146682739258
18012,17.361770629882812
18013,22.777973175048828
18014,11.014693260192871
18015,26.5166072845459
18016,14.878957748413086
18017,22.621627807617188
18018,21.649944305419922
18019,17.559892654418945
18020,18.211811065673828
18021,16.63960838317871
18022,14.290754318237305
18023,17.932592391967773
18024,31.117258071899414
18025,29.971454620361328
18026,28.12612533569336
18027,28.972286224365234
18028,19.777624130249023
18029,10.56418514251709
18030,24.923995971679688
18031,25.070606231689453
18032,16.24358558654785
18033,22.295576095581055
18034,26.54631233215332
18035,16.359813690185547
18036,13.963550567626953
18037,25.474668502807617
18038,31.30609703063965
18039,15.622467041015625
18040,19.133798599243164
18041,18.331995010375977
18042,18.899551391601562
18043,11.32625961303711
18044,25.095666885375977
18045,18.139177322387695
18046,20.646162033081055
18047,17.032394409179688
18048,15.584800720214844
18049,27.181547164916992
18050,25.898332595825195
18051,25.229806900024414
18052,33.25450897216797
18053,27.159801483154297
18054,19.7672176361084
18055,15.127474784851074
18056,24.268312454223633
18057,11.448272705078125
18058,31.23674964904785
18059,25.371166229248047
18060,32.407291412353516
18061,11.01010513305664
18062,21.72849464416504
18063,21.20781135559082
18064,30.770122528076172
18065,11.507157325744629
18066,22.952537536621094
18067,20.920928955078125
18068,17.987192153930664
18069,16.910869598388672
18070,24.300100326538086
18071,27.903221130371094
18072,22.540029525756836
18073,17.3598690032959
18074,22.77783203125
18075,11.013099670410156
18076,26.514419555664062
18077,14.879348754882812
18078,22.62192153930664
18079,21.649089813232422
18080,17.5588436126709
18081,18.210111618041992
18082,16.63924217224121
18083,14.29019832611084
18084,17.931751251220703
18085,31.116378784179688
18086,29.969858169555664
18087,28.123811721801758
18088,28.969911575317383
18089,19.776107788085938
18090,10.563440322875977
18091,24.921842575073242
18092,25.070341110229492
18093,16.24321937561035
18094,22.293643951416016
18095,26.545732498168945
18096,16.35907745361328
18097,13.964010238647461
18098,25.474687576293945
18099,31.304908752441406
18100,15.621162414550781
18101,19.132368087768555
18102,18.331809997558594
18103,18.8981990814209
18104,11.32406997680664
18105,25.095869064331055
18106,18.13802146911621
18107,20.645376205444336
18108,17.030488967895508
18109,15.584022521972656
18110,27.177648544311523
18111,25.89823341369629
18112,25.227575302124023
18113,33.25559997558594
18114,27.159990310668945
18115,19.765336990356445
18116,15.126218795776367
18117,24.267179489135742
18118,11.446800231933594
18119,31.235776901245117
18120,25.36961555480957
18121,32.40644073486328
18122,11.00896167755127
18123,21.726680755615234
18124,21.20552635192871
18125,30.768606185913086
18126,11.505756378173828
18127,22.951847076416016
18128,20.91763687133789
18129,17.98683738708496
18130,16.910770416259766
18131,24.298017501831055
18132,27.90276336669922
18133,22.537918090820312
18134,17.35795783996582
18135,22.77770233154297
18136,11.011513710021973
18137,26.512224197387695
18138,14.879740715026855
18139,22.622207641601562
18140,21.648229598999023
18141,17.55779457092285
18142,18.20840835571289
18143,16.638874053955078
18144,14.289639472961426
18145,17.930906295776367
18146,31.1154842376709
18147,29.968286514282227
18148,28.121490478515625
18149,28.967546463012695
18150,19.77461051940918
18151,10.562691688537598
18152,24.919702529907227
18153,25.070053100585938
18154,16.24285888671875
18155,22.291723251342773
18156,26.545146942138672
18157,16.358354568481445
18158,13.964470863342285
18159,25.474729537963867
18160,31.303741455078125
18161,15.619856834411621
18162,19.13093376159668
18163,18.331600189208984
18164,18.896862030029297
18165,11.321879386901855
18166,25.096054077148438
18167,18.136859893798828
18168,20.64458465576172
18169,17.028573989868164
18170,15.583243370056152
18171,27.173749923706055
18172,25.898122787475586
18173,25.225339889526367
18174,33.256683349609375
18175,27.160167694091797
18176,19.763452529907227
18177,15.12494945526123
18178,24.266042709350586
18179,11.445319175720215
18180,31.23482894897461
18181,25.36808204650879
18182,32.40559387207031
18183,11.0078125
18184,21.72487449645996
18185,21.203235626220703
18186,30.76708221435547
18187,11.504349708557129
18188,22.95115089416504
18189,20.91434097290039
18190,17.986467361450195
18191,16.910676956176758
18192,24.29595184326172
18193,27.902311325073242
18194,22.535831451416016
18195,17.356056213378906
18196,22.77756118774414
18197,11.009934425354004
18198,26.510038375854492
18199,14.880141258239746
18200,22.622499465942383
18201,21.647342681884766
18202,17.556718826293945
18203,18.20671844482422
18204,16.63850975036621
18205,14.289077758789062
18206,17.930055618286133
18207,31.11458969116211
18208,29.966690063476562
18209,28.119192123413086
18210,28.965185165405273
18211,19.773120880126953
18212,10.561955451965332
18213,24.91756248474121
18214,25.069778442382812
18215,16.242475509643555
18216,22.289791107177734
18217,26.544557571411133
18218,16.35763931274414
18219,13.964930534362793
18220,25.474763870239258
18221,31.30254364013672
18222,15.618562698364258
18223,19.12950325012207
18224,18.3314208984375
18225,18.895496368408203
18226,11.319692611694336
18227,25.09624671936035
18228,18.135704040527344
18229,20.643783569335938
18230,17.02666473388672
18231,15.582448959350586
18232,27.16985321044922
18233,25.898019790649414
18234,25.223129272460938
18235,33.25777816772461
18236,27.16034698486328
18237,19.761577606201172
18238,15.123687744140625
18239,24.26490020751953
18240,11.443832397460938
18241,31.233863830566406
18242,25.366552352905273
18243,32.40472412109375
18244,11.006674766540527
18245,21.723066329956055
18246,21.20094108581543
18247,30.76555824279785
18248,11.50294303894043
18249,22.950456619262695
18250,20.911046981811523
18251,17.986116409301758
18252,16.910573959350586
18253,24.29388427734375
18254,27.901844024658203
18255,22.533756256103516
18256,17.35416030883789
18257,22.777414321899414
18258,11.008349418640137
18259,26.507827758789062
18260,14.880542755126953
18261,22.62279510498047
18262,21.646484375
18263,17.555652618408203
18264,18.205028533935547
18265,16.638141632080078
18266,14.288496971130371
18267,17.92921257019043
18268,31.113712310791016
18269,29.965091705322266
18270,28.116893768310547
18271,28.962818145751953
18272,19.771617889404297
18273,10.5612211227417
18274,24.915416717529297
18275,25.069499969482422
18276,16.242103576660156
18277,22.287857055664062
18278,26.54397964477539
18279,16.35692024230957
18280,13.965392112731934
18281,25.474796295166016
18282,31.301362991333008
18283,15.617250442504883
18284,19.12807273864746
18285,18.331226348876953
18286,18.894132614135742
18287,11.317497253417969
18288,25.096446990966797
18289,18.134546279907227
18290,20.642982482910156
18291,17.024742126464844
18292,15.581666946411133
18293,27.165935516357422
18294,25.89791488647461
18295,25.22089195251465
18296,33.25889587402344
18297,27.160533905029297
18298,19.759679794311523
18299,15.122419357299805
18300,24.26375961303711
18301,11.442353248596191
18302,31.23288345336914
18303,25.365032196044922
18304,32.40385818481445
18305,11.005536079406738
18306,21.721261978149414
18307,21.198650360107422
18308,30.764041900634766
18309,11.50153636932373
18310,22.949745178222656
18311,20.907752990722656
18312,17.985754013061523
18313,16.91046905517578
18314,24.291812896728516
18315,27.901382446289062
18316,22.531673431396484
18317,17.352266311645508
18318,22.777263641357422
18319,11.006762504577637
18320,26.505630493164062
18321,14.880951881408691
18322,22.623079299926758
18323,21.645610809326172
18324,17.554588317871094
18325,18.203338623046875
18326,16.637779235839844
18327,14.287925720214844
18328,17.928348541259766
18329,31.11281394958496
18330,29.963483810424805
18331,28.114593505859375
18332,28.960453033447266
18333,19.770109176635742
18334,10.560487747192383
18335,24.913293838500977
18336,25.06923484802246
18337,16.24173355102539
18338,22.285934448242188
18339,26.543394088745117
18340,16.356199264526367
18341,13.965861320495605
18342,25.474834442138672
18343,31.30014991760254
18344,15.615947723388672
18345,19.12663459777832
18346,18.331056594848633
18347,18.892772674560547
18348,11.315305709838867
18349,25.09662628173828
18350,18.13338279724121
18351,20.642183303833008
18352,17.022825241088867
18353,15.580885887145996
18354,27.162004470825195
18355,25.897815704345703
18356,25.218673706054688
18357,33.26001739501953
18358,27.160737991333008
18359,19.75779151916504
18360,15.121152877807617
18361,24.26262664794922
18362,11.440865516662598
18363,31.231903076171875
18364,25.363494873046875
18365,32.402984619140625
18366,11.004398345947266
18367,21.719463348388672
18368,21.19635772705078
18369,30.76251792907715
18370,11.500131607055664
18371,22.94905662536621
18372,20.904464721679688
18373,17.98539161682129
18374,16.910369873046875
18375,24.289737701416016
18376,27.90091323852539
18377,22.529590606689453
18378,17.350372314453125
18379,22.77713394165039
18380,11.00517749786377
18381,26.5034122467041
18382,14.881363868713379
18383,22.62337303161621
18384,21.644746780395508
18385,17.553525924682617
18386,18.201635360717773
18387,16.637426376342773
18388,14.287362098693848
18389,17.92749786376953
18390,31.111927032470703
18391,29.96190071105957
18392,28.112287521362305
18393,28.95809555053711
18394,19.768613815307617
18395,10.559747695922852
18396,24.91114616394043
18397,25.06897735595703
18398,16.241363525390625
18399,22.284013748168945
18400,26.542818069458008
18401,16.355472564697266
18402,13.966327667236328
18403,25.47486686706543
18404,31.298973083496094
18405,15.614636421203613
18406,19.12520408630371
18407,18.330886840820312
18408,18.89141845703125
18409,11.313116073608398
18410,25.09682273864746
18411,18.132232666015625
18412,20.641389846801758
18413,17.02092170715332
18414,15.58010196685791
18415,27.158082962036133
18416,25.897714614868164
18417,25.216447830200195
18418,33.26111602783203
18419,27.160932540893555
18420,19.755895614624023
18421,15.119891166687012
18422,24.261484146118164
18423,11.439391136169434
18424,31.23094367980957
18425,25.361963272094727
18426,32.402130126953125
18427,11.003262519836426
18428,21.7176570892334
18429,21.194067001342773
18430,30.760995864868164
18431,11.498734474182129
18432,22.948354721069336
18433,20.901159286499023
18434,17.985034942626953
18435,16.91027069091797
18436,24.287660598754883
18437,27.900447845458984
18438,22.527488708496094
18439,17.348480224609375
18440,22.77698516845703
18441,11.003588676452637
18442,26.501216888427734
18443,14.881779670715332
18444,22.623676300048828
18445,21.64388084411621
18446,17.552461624145508
18447,18.19994354248047
18448,16.637062072753906
18449,14.286788940429688
18450,17.9266357421875
18451,31.11104393005371
18452,29.960298538208008
18453,28.10997772216797
18454,28.955730438232422
18455,19.767105102539062
18456,10.559011459350586
18457,24.90900230407715
18458,25.068695068359375
18459,16.240995407104492
18460,22.282089233398438
18461,26.5422420501709
18462,16.354747772216797
18463,13.966794967651367
18464,25.47490119934082
18465,31.297761917114258
18466,15.613321304321289
18467,19.123783111572266
18468,18.330711364746094
18469,18.890066146850586
18470,11.310933113098145
18471,25.097026824951172
18472,18.131071090698242
18473,20.64059066772461
18474,17.01900863647461
18475,15.579323768615723
18476,27.154157638549805
18477,25.897611618041992
18478,25.214208602905273
18479,33.26223373413086
18480,27.16112518310547
18481,19.75399398803711
18482,15.118629455566406
18483,24.260358810424805
18484,11.43791675567627
18485,31.2299747467041
18486,25.36042022705078
18487,32.401268005371094
18488,11.002127647399902
18489,21.715845108032227
18490,21.191774368286133
18491,30.759490966796875
18492,11.497342109680176
18493,22.947650909423828
18494,20.89786720275879
18495,17.984670639038086
18496,16.910165786743164
18497,24.28557777404785
18498,27.899978637695312
18499,22.525390625
18500,17.34659194946289
18501,22.776853561401367
18502,11.001994132995605
18503,26.49901580810547
18504,14.882190704345703
18505,22.623971939086914
18506,21.643022537231445
18507,17.551401138305664
18508,18.198232650756836
18509,16.636701583862305
18510,14.286226272583008
18511,17.9257869720459
18512,31.110157012939453
18513,29.958675384521484
18514,28.107667922973633
18515,28.9533634185791
18516,19.76559829711914
18517,10.558273315429688
18518,24.906850814819336
18519,25.06842803955078
18520,16.240633010864258
18521,22.280166625976562
18522,26.54166030883789
18523,16.354021072387695
18524,13.967263221740723
18525,25.474933624267578
18526,31.296566009521484
18527,15.612014770507812
18528,19.12234115600586
18529,18.33052635192871
18530,18.888713836669922
18531,11.308744430541992
18532,25.097217559814453
18533,18.12991714477539
18534,20.639799118041992
18535,17.017105102539062
18536,15.578543663024902
18537,27.150224685668945
18538,25.897512435913086
18539,25.211973190307617
18540,33.26333999633789
18541,27.161327362060547
18542,19.752103805541992
18543,15.117369651794434
18544,24.259239196777344
18545,11.436442375183105
18546,31.229001998901367
18547,25.358884811401367
18548,32.4004020690918
18549,11.00098991394043
18550,21.714035034179688
18551,21.18947410583496
18552,30.757966995239258
18553,11.495936393737793
18554,22.94695281982422
18555,20.894569396972656
18556,17.984312057495117
18557,16.910064697265625
18558,24.283504486083984
18559,27.899517059326172
18560,22.523290634155273
18561,17.344694137573242
18562,22.776714324951172
18563,11.00039291381836
18564,26.4968204498291
18565,14.882607460021973
18566,22.62427520751953
18567,21.64216423034668
18568,17.55034065246582
18569,18.196529388427734
18570,16.636337280273438
18571,14.28566837310791
18572,17.924928665161133
18573,31.109285354614258
18574,29.957090377807617
18575,28.1053524017334
18576,28.95099449157715
18577,19.764101028442383
18578,10.55752944946289
18579,24.904699325561523
18580,25.068164825439453
18581,16.240262985229492
18582,22.278244018554688
18583,26.541078567504883
18584,16.353302001953125
18585,13.967740058898926
18586,25.474966049194336
18587,31.295364379882812
18588,15.610690116882324
18589,19.120912551879883
18590,18.33034896850586
18591,18.887357711791992
18592,11.306558609008789
18593,25.097414016723633
18594,18.128765106201172
18595,20.639001846313477
18596,17.015193939208984
18597,15.577759742736816
18598,27.14629364013672
18599,25.897417068481445
18600,25.209732055664062
18601,33.264442443847656
18602,27.161523818969727
18603,19.75020980834961
18604,15.116105079650879
18605,24.258098602294922
18606,11.43496036529541
18607,31.22801971435547
18608,25.357337951660156
18609,32.3995475769043
18610,10.99985408782959
18611,21.712215423583984
18612,21.187183380126953
18613,30.756452560424805
18614,11.494540214538574
18615,22.946258544921875
18616,20.89126968383789
18617,17.983951568603516
18618,16.909971237182617
18619,24.281415939331055
18620,27.89904022216797
18621,22.521169662475586
18622,17.342803955078125
18623,22.77659034729004
18624,10.998795509338379
18625,26.494617462158203
18626,14.883034706115723
18627,22.62457275390625
18628,21.64130401611328
18629,17.54928207397461
18630,18.194820404052734
18631,16.635984420776367
18632,14.285091400146484
18633,17.924074172973633
18634,31.108394622802734
18635,29.955472946166992
18636,28.103036880493164
18637,28.948625564575195
18638,19.762596130371094
18639,10.556794166564941
18640,24.90254783630371
18641,25.06790542602539
18642,16.23989486694336
18643,22.276309967041016
18644,26.54050064086914
18645,16.352571487426758
18646,13.96821403503418
18647,25.475008010864258
18648,31.294158935546875
18649,15.609376907348633
18650,19.119478225708008
18651,18.330177307128906
18652,18.88601303100586
18653,11.304370880126953
18654,25.09761619567871
18655,18.127601623535156
18656,20.638214111328125
18657,17.013296127319336
18658,15.57697868347168
18659,27.14236068725586
18660,25.897315979003906
18661,25.207481384277344
18662,33.26555633544922
18663,27.161725997924805
18664,19.748310089111328
18665,15.11484146118164
18666,24.25697898864746
18667,11.433490753173828
18668,31.227060317993164
18669,25.355802536010742
18670,32.3986930847168
18671,10.998720169067383
18672,21.71039581298828
18673,21.18488311767578
18674,30.754932403564453
18675,11.493152618408203
18676,22.945568084716797
18677,20.88796615600586
18678,17.983604431152344
18679,16.909870147705078
18680,24.279329299926758
18681,27.89856719970703
18682,22.51905059814453
18683,17.340906143188477
18684,22.776460647583008
18685,10.997188568115234
18686,26.492414474487305
18687,14.88344955444336
18688,22.6248779296875
18689,21.640460968017578
18690,17.54822540283203
18691,18.193117141723633
18692,16.6356258392334
18693,14.284537315368652
18694,17.92322540283203
18695,31.107513427734375
18696,29.95388412475586
18697,28.100711822509766
18698,28.946243286132812
18699,19.761093139648438
18700,10.556046485900879
18701,24.900405883789062
18702,25.067638397216797
18703,16.239540100097656
18704,22.274389266967773
18705,26.539926528930664
18706,16.351842880249023
18707,13.9686861038208
18708,25.475048065185547
18709,31.29296875
18710,15.608052253723145
18711,19.1180477142334
18712,18.329998016357422
18713,18.884658813476562
18714,11.3021879196167
18715,25.09779930114746
18716,18.12644386291504
18717,20.637420654296875
18718,17.011388778686523
18719,15.576201438903809
18720,27.138416290283203
18721,25.897220611572266
18722,25.20523452758789
18723,33.26667404174805
18724,27.161922454833984
18725,19.746410369873047
18726,15.113581657409668
18727,24.255847930908203
18728,11.432016372680664
18729,31.22608757019043
18730,25.354248046875
18731,32.39784240722656
18732,10.997591972351074
18733,21.708576202392578
18734,21.182586669921875
18735,30.753429412841797
18736,11.491761207580566
18737,22.944868087768555
18738,20.884672164916992
18739,17.983240127563477
18740,16.909774780273438
18741,24.277238845825195
18742,27.898101806640625
18743,22.51693344116211
18744,17.339019775390625
18745,22.77634048461914
18746,10.995582580566406
18747,26.49021339416504
18748,14.883878707885742
18749,22.62518310546875
18750,21.639598846435547
18751,17.547168731689453
18752,18.191410064697266
18753,16.635257720947266
18754,14.283981323242188
18755,17.92237091064453
18756,31.106639862060547
18757,29.952281951904297
18758,28.098388671875
18759,28.943866729736328
18760,19.75958824157715
18761,10.555305480957031
18762,24.89824104309082
18763,25.067386627197266
18764,16.239177703857422
18765,22.27246856689453
18766,26.539356231689453
18767,16.35111427307129
18768,13.969173431396484
18769,25.475080490112305
18770,31.291763305664062
18771,15.606735229492188
18772,19.116609573364258
18773,18.32982063293457
18774,18.88331413269043
18775,11.299999237060547
18776,25.098005294799805
18777,18.125286102294922
18778,20.636627197265625
18779,17.009485244750977
18780,15.575414657592773
18781,27.134469985961914
18782,25.897123336791992
18783,25.202985763549805
18784,33.26778793334961
18785,27.1621150970459
18786,19.7445068359375
18787,15.112318992614746
18788,24.254732131958008
18789,11.430543899536133
18790,31.22511863708496
18791,25.352693557739258
18792,32.3969841003418
18793,10.996455192565918
18794,21.706764221191406
18795,21.1802921295166
18796,30.751914978027344
18797,11.490365028381348
18798,22.944181442260742
18799,20.88136863708496
18800,17.982881546020508
18801,16.909685134887695
18802,24.2751407623291
18803,27.897626876831055
18804,22.514799118041992
18805,17.33712387084961
18806,22.77621841430664
18807,10.993979454040527
18808,26.488008499145508
18809,14.884284973144531
18810,22.625476837158203
18811,21.638750076293945
18812,17.546125411987305
18813,18.1896915435791
18814,16.634897232055664
18815,14.283427238464355
18816,17.92152214050293
18817,31.10576057434082
18818,29.950685501098633
18819,28.096054077148438
18820,28.941490173339844
18821,19.758079528808594
18822,10.55456256866455
18823,24.89607810974121
18824,25.067108154296875
18825,16.238813400268555
18826,22.270536422729492
18827,26.53877830505371
18828,16.35038185119629
18829,13.969650268554688
18830,25.47511863708496
18831,31.290573120117188
18832,15.605411529541016
18833,19.115175247192383
18834,18.329633712768555
18835,18.881975173950195
18836,11.297821044921875
18837,25.098201751708984
18838,18.124126434326172
18839,20.635839462280273
18840,17.007583618164062
18841,15.574634552001953
18842,27.13054084777832
18843,25.897022247314453
18844,25.20074462890625
18845,33.26887893676758
18846,27.16231918334961
18847,19.742612838745117
18848,15.111058235168457
18849,24.25360679626465
18850,11.429075241088867
18851,31.22414779663086
18852,25.35114860534668
18853,32.39613723754883
18854,10.995319366455078
18855,21.70493507385254
18856,21.17799186706543
18857,30.750410079956055
18858,11.488975524902344
18859,22.94348907470703
18860,20.87806510925293
18861,17.982524871826172
18862,16.909597396850586
18863,24.273056030273438
18864,27.89716911315918
18865,22.512659072875977
18866,17.33522605895996
18867,22.77609634399414
18868,10.9923734664917
18869,26.485815048217773
18870,14.884695053100586
18871,22.62578010559082
18872,21.637903213500977
18873,17.545076370239258
18874,18.187992095947266
18875,16.634531021118164
18876,14.28287410736084
18877,17.920677185058594
18878,31.104894638061523
18879,29.9490966796875
18880,28.093732833862305
18881,28.939115524291992
18882,19.75657844543457
18883,10.553820610046387
18884,24.893938064575195
18885,25.066843032836914
18886,16.23845100402832
18887,22.268611907958984
18888,26.5382080078125
18889,16.34965705871582
18890,13.970125198364258
18891,25.475154876708984
18892,31.289390563964844
18893,15.604094505310059
18894,19.113746643066406
18895,18.329450607299805
18896,18.880624771118164
18897,11.295635223388672
18898,25.09839630126953
18899,18.122968673706055
18900,20.635053634643555
18901,17.00567626953125
18902,15.57385540008545
18903,27.126605987548828
18904,25.896921157836914
18905,25.198495864868164
18906,33.269989013671875
18907,27.162511825561523
18908,19.7407169342041
18909,15.1097993850708
18910,24.252473831176758
18911,11.427606582641602
18912,31.22318458557129
18913,25.34960174560547
18914,32.395286560058594
18915,10.994183540344238
18916,21.70311164855957
18917,21.175695419311523
18918,30.748889923095703
18919,11.487574577331543
18920,22.94279670715332
18921,20.8747615814209
18922,17.982166290283203
18923,16.909509658813477
18924,24.27096939086914
18925,27.89670753479004
18926,22.51053810119629
18927,17.33332633972168
18928,22.775972366333008
18929,10.990769386291504
18930,26.483623504638672
18931,14.885110855102539
18932,22.626081466674805
18933,21.637048721313477
18934,17.544008255004883
18935,18.186283111572266
18936,16.634159088134766
18937,14.28232192993164
18938,17.919830322265625
18939,31.10400390625
18940,29.947511672973633
18941,28.091413497924805
18942,28.936744689941406
18943,19.75507164001465
18944,10.553078651428223
18945,24.89178466796875
18946,25.06658363342285
18947,16.23808479309082
18948,22.266687393188477
18949,26.537630081176758
18950,16.348934173583984
18951,13.970608711242676
18952,25.475196838378906
18953,31.288198471069336
18954,15.602776527404785
18955,19.112308502197266
18956,18.32927703857422
18957,18.8792781829834
18958,11.29344367980957
18959,25.098596572875977
18960,18.121807098388672
18961,20.63426399230957
18962,17.00377655029297
18963,15.573073387145996
18964,27.122669219970703
18965,25.89682960510254
18966,25.196252822875977
18967,33.27109909057617
18968,27.162721633911133
18969,19.738821029663086
18970,15.108536720275879
18971,24.251346588134766
18972,11.426125526428223
18973,31.22222137451172
18974,25.348054885864258
18975,32.394432067871094
18976,10.993048667907715
18977,21.701303482055664
18978,21.17339515686035
18979,30.74736976623535
18980,11.486178398132324
18981,22.942102432250977
18982,20.87146759033203
18983,17.98182487487793
18984,16.90941047668457
18985,24.26888084411621
18986,27.89624786376953
18987,22.508413314819336
18988,17.33142852783203
18989,22.775861740112305
18990,10.989165306091309
18991,26.481420516967773
18992,14.885523796081543
18993,22.626375198364258
18994,21.636199951171875
18995,17.54296112060547
18996,18.18457794189453
18997,16.6337947845459
18998,14.281765937805176
18999,17.91897964477539
19000,31.103132247924805
19001,29.945911407470703
19002,28.089088439941406
19003,28.93437385559082
19004,19.753576278686523
19005,10.552332878112793
19006,24.889616012573242
19007,25.066322326660156
19008,16.237716674804688
19009,22.264751434326172
19010,26.53705596923828
19011,16.34821319580078
19012,13.971091270446777
19013,25.475238800048828
19014,31.28700828552246
19015,15.601457595825195
19016,19.11087417602539
19017,18.329092025756836
19018,18.877933502197266
19019,11.291263580322266
19020,25.098800659179688
19021,18.120651245117188
19022,20.63347625732422
19023,17.00185775756836
19024,15.572300910949707
19025,27.118732452392578
19026,25.896738052368164
19027,25.19400405883789
19028,33.272216796875
19029,27.162919998168945
19030,19.736921310424805
19031,15.107276916503906
19032,24.250213623046875
19033,11.424651145935059
19034,31.221250534057617
19035,25.346508026123047
19036,32.39357376098633
19037,10.991910934448242
19038,21.69947052001953
19039,21.171096801757812
19040,30.74585723876953
19041,11.484777450561523
19042,22.94140625
19043,20.868160247802734
19044,17.981460571289062
19045,16.909320831298828
19046,24.266794204711914
19047,27.89578628540039
19048,22.50629425048828
19049,17.32952880859375
19050,22.775739669799805
19051,10.987563133239746
19052,26.479219436645508
19053,14.885934829711914
19054,22.626676559448242
19055,21.635353088378906
19056,17.541906356811523
19057,18.182876586914062
19058,16.633434295654297
19059,14.28121566772461
19060,17.91814422607422
19061,31.102258682250977
19062,29.944311141967773
19063,28.08676528930664
19064,28.931991577148438
19065,19.75206756591797
19066,10.55159854888916
19067,24.887466430664062
19068,25.066043853759766
19069,16.23735809326172
19070,22.262828826904297
19071,26.536487579345703
19072,16.347490310668945
19073,13.971569061279297
19074,25.475290298461914
19075,31.28582763671875
19076,15.600150108337402
19077,19.10944366455078
19078,18.32891082763672
19079,18.8765869140625
19080,11.289074897766113
19081,25.099002838134766
19082,18.119495391845703
19083,20.6326847076416
19084,16.999956130981445
19085,15.571516036987305
19086,27.11480712890625
19087,25.896631240844727
19088,25.191768646240234
19089,33.273311614990234
19090,27.163127899169922
19091,19.73503875732422
19092,15.106022834777832
19093,24.24908447265625
19094,11.42316722869873
19095,31.22029685974121
19096,25.344970703125
19097,32.39274215698242
19098,10.990777015686035
19099,21.69765281677246
19100,21.168800354003906
19101,30.744338989257812
19102,11.48337459564209
19103,22.94072914123535
19104,20.864852905273438
19105,17.981117248535156
19106,16.909238815307617
19107,24.264705657958984
19108,27.89533233642578
19109,22.50418472290039
19110,17.327632904052734
19111,22.775625228881836
19112,10.985962867736816
19113,26.477027893066406
19114,14.886343002319336
19115,22.626968383789062
19116,21.634490966796875
19117,17.540847778320312
19118,18.181182861328125
19119,16.633066177368164
19120,14.280658721923828
19121,17.917293548583984
19122,31.101383209228516
19123,29.942729949951172
19124,28.084453582763672
19125,28.92962074279785
19126,19.75056266784668
19127,10.550863265991211
19128,24.885313034057617
19129,25.06577491760254
19130,16.236984252929688
19131,22.260894775390625
19132,26.535919189453125
19133,16.346773147583008
19134,13.972050666809082
19135,25.475332260131836
19136,31.284635543823242
19137,15.598830223083496
19138,19.108009338378906
19139,18.328733444213867
19140,18.875234603881836
19141,11.286888122558594
19142,25.099206924438477
19143,18.118335723876953
19144,20.631893157958984
19145,16.9980411529541
19146,15.570727348327637
19147,27.110862731933594
19148,25.896543502807617
19149,25.18952178955078
19150,33.274436950683594
19151,27.16332244873047
19152,19.73314666748047
19153,15.104754447937012
19154,24.24795913696289
19155,11.421685218811035
19156,31.219329833984375
19157,25.343429565429688
19158,32.39187240600586
19159,10.98963451385498
19160,21.695838928222656
19161,21.166500091552734
19162,30.74282455444336
19163,11.48197078704834
19164,22.940034866333008
19165,20.861541748046875
19166,17.980764389038086
19167,16.909149169921875
19168,24.262622833251953
19169,27.894866943359375
19170,22.5020751953125
19171,17.325733184814453
19172,22.775493621826172
19173,10.984359741210938
19174,26.474815368652344
19175,14.88675594329834
19176,22.62725830078125
19177,21.633625030517578
19178,17.539779663085938
19179,18.179487228393555
19180,16.632694244384766
19181,14.280109405517578
19182,17.91645050048828
19183,31.10051918029785
19184,29.941131591796875
19185,28.082134246826172
19186,28.92724609375
19187,19.74906349182129
19188,10.550126075744629
19189,24.883174896240234
19190,25.06551742553711
19191,16.23661231994629
19192,22.25896644592285
19193,26.535343170166016
19194,16.346052169799805
19195,13.972527503967285
19196,25.475374221801758
19197,31.283466339111328
19198,15.597513198852539
19199,19.10657501220703
19200,18.328556060791016
19201,18.873884201049805
19202,11.284704208374023
19203,25.099416732788086
19204,18.11717987060547
19205,20.631113052368164
19206,16.996129989624023
19207,15.569945335388184
19208,27.1069393157959
19209,25.896448135375977
19210,25.187280654907227
19211,33.27553939819336
19212,27.163515090942383
19213,19.731243133544922
19214,15.103500366210938
19215,24.246816635131836
19216,11.420204162597656
19217,31.21837615966797
19218,25.341882705688477
19219,32.391021728515625
19220,10.98850154876709
19221,21.69400978088379
19222,21.164201736450195
19223,30.741302490234375
19224,11.480567932128906
19225,22.93934440612793
19226,20.858224868774414
19227,17.98041343688965
19228,16.909059524536133
19229,24.260534286499023
19230,27.894412994384766
19231,22.499956130981445
19232,17.32383155822754
19233,22.775379180908203
19234,10.982769966125488
19235,26.472614288330078
19236,14.887162208557129
19237,22.627552032470703
19238,21.632770538330078
19239,17.538713455200195
19240,18.177780151367188
19241,16.63232421875
19242,14.27955150604248
19243,17.915599822998047
19244,31.099645614624023
19245,29.939552307128906
19246,28.079824447631836
19247,28.92487144470215
19248,19.747560501098633
19249,10.549397468566895
19250,24.881010055541992
19251,25.065248489379883
19252,16.236236572265625
19253,22.257038116455078
19254,26.53478240966797
19255,16.3453369140625
19256,13.973012924194336
19257,25.475431442260742
19258,31.282276153564453
19259,15.596203804016113
19260,19.10514259338379
19261,18.328378677368164
19262,18.872533798217773
19263,11.282513618469238
19264,25.09962272644043
19265,18.11602210998535
19266,20.630325317382812
19267,16.99422264099121
19268,15.569170951843262
19269,27.103017807006836
19270,25.89634895324707
19271,25.185035705566406
19272,33.27663040161133
19273,27.16370964050293
19274,19.729360580444336
19275,15.102239608764648
19276,24.245683670043945
19277,11.418720245361328
19278,31.21739387512207
19279,25.340356826782227
19280,32.39017868041992
19281,10.9873628616333
19282,21.69220542907715
19283,21.161901473999023
19284,30.739788055419922
19285,11.47916030883789
19286,22.93865966796875
19287,20.85491943359375
19288,17.980058670043945
19289,16.90898323059082
19290,24.258455276489258
19291,27.893964767456055
19292,22.497846603393555
19293,17.321935653686523
19294,22.77525520324707
19295,10.981171607971191
19296,26.47041130065918
19297,14.887568473815918
19298,22.627851486206055
19299,21.631914138793945
19300,17.537647247314453
19301,18.17609214782715
19302,16.631969451904297
19303,14.278997421264648
19304,17.914752960205078
19305,31.098770141601562
19306,29.93796730041504
19307,28.0775146484375
19308,28.922494888305664
19309,19.746055603027344
19310,10.548662185668945
19311,24.878862380981445
19312,25.064983367919922
19313,16.235864639282227
19314,22.255104064941406
19315,26.534212112426758
19316,16.344629287719727
19317,13.973491668701172
19318,25.47548484802246
19319,31.281108856201172
19320,15.594895362854004
19321,19.10371208190918
19322,18.32819175720215
19323,18.87118911743164
19324,11.280327796936035
19325,25.09983253479004
19326,18.114864349365234
19327,20.629535675048828
19328,16.9923095703125
19329,15.568378448486328
19330,27.099069595336914
19331,25.896244049072266
19332,25.18280601501465
19333,33.27774429321289
19334,27.163911819458008
19335,19.72746467590332
19336,15.100977897644043
19337,24.24455451965332
19338,11.41723346710205
19339,31.21645164489746
19340,25.338808059692383
19341,32.38932418823242
19342,10.986225128173828
19343,21.690383911132812
19344,21.159597396850586
19345,30.7382755279541
19346,11.477749824523926
19347,22.937965393066406
19348,20.851608276367188
19349,17.979717254638672
19350,16.908891677856445
19351,24.25636863708496
19352,27.893508911132812
19353,22.495742797851562
19354,17.320032119750977
19355,22.775135040283203
19356,10.97956657409668
19357,26.46820640563965
19358,14.887978553771973
19359,22.628141403198242
19360,21.631052017211914
19361,17.536588668823242
19362,18.17439842224121
19363,16.631603240966797
19364,14.278448104858398
19365,17.913909912109375
19366,31.097909927368164
19367,29.936368942260742
19368,28.075197219848633
19369,28.920122146606445
19370,19.744564056396484
19371,10.547931671142578
19372,24.876710891723633
19373,25.064727783203125
19374,16.23549461364746
19375,22.2531795501709
19376,26.533641815185547
19377,16.343904495239258
19378,13.973974227905273
19379,25.475536346435547
19380,31.27993392944336
19381,15.593574523925781
19382,19.102272033691406
19383,18.328022003173828
19384,18.869834899902344
19385,11.278142929077148
19386,25.10004425048828
19387,18.11371421813965
19388,20.62874984741211
19389,16.990398406982422
19390,15.56759262084961
19391,27.09514617919922
19392,25.896160125732422
19393,25.180564880371094
19394,33.27885437011719
19395,27.164108276367188
19396,19.725582122802734
19397,15.099723815917969
19398,24.243423461914062
19399,11.41574764251709
19400,31.215486526489258
19401,25.33727264404297
19402,32.38847732543945
19403,10.985087394714355
19404,21.68856430053711
19405,21.157302856445312
19406,30.736753463745117
19407,11.47634220123291
19408,22.937284469604492
19409,20.848283767700195
19410,17.9793643951416
19411,16.90880584716797
19412,24.254283905029297
19413,27.89305877685547
19414,22.49363136291504
19415,17.318130493164062
19416,22.77501678466797
19417,10.97797966003418
19418,26.465999603271484
19419,14.888398170471191
19420,22.628435134887695
19421,21.630197525024414
19422,17.535520553588867
19423,18.17270278930664
19424,16.63123321533203
19425,14.277886390686035
19426,17.913066864013672
19427,31.097034454345703
19428,29.934762954711914
19429,28.072887420654297
19430,28.91775894165039
19431,19.743057250976562
19432,10.547203063964844
19433,24.874553680419922
19434,25.064449310302734
19435,16.235116958618164
19436,22.25124740600586
19437,26.533071517944336
19438,16.34320068359375
19439,13.974451065063477
19440,25.475589752197266
19441,31.27876091003418
19442,15.592267990112305
19443,19.100839614868164
19444,18.327836990356445
19445,18.868486404418945
19446,11.27595329284668
19447,25.100261688232422
19448,18.11255645751953
19449,20.627958297729492
19450,16.988481521606445
19451,15.566811561584473
19452,27.09122085571289
19453,25.89606285095215
19454,25.178321838378906
19455,33.27996826171875
19456,27.1643009185791
19457,19.723691940307617
19458,15.098455429077148
19459,24.24228858947754
19460,11.414264678955078
19461,31.21451187133789
19462,25.335739135742188
19463,32.38762283325195
19464,10.983954429626465
19465,21.686748504638672
19466,21.154993057250977
19467,30.735244750976562
19468,11.474934577941895
19469,22.936588287353516
19470,20.844966888427734
19471,17.979015350341797
19472,16.90872573852539
19473,24.252208709716797
19474,27.892606735229492
19475,22.491527557373047
19476,17.316240310668945
19477,22.774892807006836
19478,10.976385116577148
19479,26.463796615600586
19480,14.888809204101562
19481,22.628738403320312
19482,21.62932586669922
19483,17.53445816040039
19484,18.171009063720703
19485,16.630882263183594
19486,14.277328491210938
19487,17.912212371826172
19488,31.096168518066406
19489,29.93317413330078
19490,28.070581436157227
19491,28.915386199951172
19492,19.741552352905273
19493,10.546470642089844
19494,24.872406005859375
19495,25.064186096191406
19496,16.2347469329834
19497,22.249319076538086
19498,26.532499313354492
19499,16.342493057250977
19500,13.974933624267578
19501,25.475629806518555
19502,31.277585983276367
19503,15.59095287322998
19504,19.09941291809082
19505,18.327667236328125
19506,18.86713218688965
19507,11.273768424987793
19508,25.100467681884766
19509,18.111406326293945
19510,20.627166748046875
19511,16.9865665435791
19512,15.56602954864502
19513,27.087268829345703
19514,25.895963668823242
19515,25.17608642578125
19516,33.28108596801758
19517,27.16451072692871
19518,19.7218017578125
19519,15.09720516204834
19520,24.24114990234375
19521,11.412775993347168
19522,31.213550567626953
19523,25.334197998046875
19524,32.38676452636719
19525,10.982816696166992
19526,21.6849422454834
19527,21.15270233154297
19528,30.73371696472168
19529,11.473528861999512
19530,22.93590545654297
19531,20.84165382385254
19532,17.978670120239258
19533,16.908634185791016
19534,24.250131607055664
19535,27.89215087890625
19536,22.489425659179688
19537,17.31433868408203
19538,22.774765014648438
19539,10.974787712097168
19540,26.461589813232422
19541,14.889223098754883
19542,22.6290340423584
19543,21.628467559814453
19544,17.533388137817383
19545,18.1693172454834
19546,16.63051986694336
19547,14.276779174804688
19548,17.9113712310791
19549,31.095298767089844
19550,29.93158721923828
19551,28.068273544311523
19552,28.913013458251953
19553,19.74005126953125
19554,10.545743942260742
19555,24.870262145996094
19556,25.063932418823242
19557,16.234375
19558,22.24739646911621
19559,26.531932830810547
19560,16.341779708862305
19561,13.97541332244873
19562,25.475690841674805
19563,31.27640151977539
19564,15.589646339416504
19565,19.09797477722168
19566,18.327491760253906
19567,18.865795135498047
19568,11.271577835083008
19569,25.100679397583008
19570,18.110246658325195
19571,20.626380920410156
19572,16.98465919494629
19573,15.565240859985352
19574,27.083332061767578
19575,25.895883560180664
19576,25.17384147644043
19577,33.28219985961914
19578,27.164722442626953
19579,19.719913482666016
19580,15.095937728881836
19581,24.240009307861328
19582,11.411295890808105
19583,31.21259307861328
19584,25.332656860351562
19585,32.38591766357422
19586,10.981679916381836
19587,21.683122634887695
19588,21.150392532348633
19589,30.732194900512695
19590,11.472115516662598
19591,22.935218811035156
19592,20.838335037231445
19593,17.978328704833984
19594,16.908552169799805
19595,24.248044967651367
19596,27.891698837280273
19597,22.487337112426758
19598,17.31243324279785
19599,22.77464485168457
19600,10.973196029663086
19601,26.459386825561523
19602,14.88963794708252
19603,22.629316329956055
19604,21.627607345581055
19605,17.532320022583008
19606,18.167631149291992
19607,16.630142211914062
19608,14.276224136352539
19609,17.9105224609375
19610,31.094430923461914
19611,29.92999839782715
19612,28.06596565246582
19613,28.91064453125
19614,19.738554000854492
19615,10.545016288757324
19616,24.86810302734375
19617,25.06365394592285
19618,16.234004974365234
19619,22.245458602905273
19620,26.5313720703125
19621,16.341068267822266
19622,13.9758939743042
19623,25.475744247436523
19624,31.275230407714844
19625,15.588325500488281
19626,19.09653663635254
19627,18.327327728271484
19628,18.864431381225586
19629,11.269391059875488
19630,25.100889205932617
19631,18.109092712402344
19632,20.625598907470703
19633,16.982744216918945
19634,15.564455032348633
19635,27.079404830932617
19636,25.89579200744629
19637,25.171602249145508
19638,33.28331756591797
19639,27.16492462158203
19640,19.718017578125
19641,15.094680786132812
19642,24.23887825012207
19643,11.409809112548828
19644,31.211624145507812
19645,25.331117630004883
19646,32.38505935668945
19647,10.980546951293945
19648,21.681306838989258
19649,21.148096084594727
19650,30.73067283630371
19651,11.470706939697266
19652,22.934528350830078
19653,20.83501625061035
19654,17.97797966003418
19655,16.908472061157227
19656,24.245962142944336
19657,27.89125633239746
19658,22.485227584838867
19659,17.3105411529541
19660,22.774526596069336
19661,10.971593856811523
19662,26.45717430114746
19663,14.890056610107422
19664,22.62962532043457
19665,21.626741409301758
19666,17.531251907348633
19667,18.165937423706055
19668,16.629783630371094
19669,14.275668144226074
19670,17.90968132019043
19671,31.09356117248535
19672,29.928407669067383
19673,28.063655853271484
19674,28.908279418945312
19675,19.7370548248291
19676,10.54428482055664
19677,24.86595344543457
19678,25.06340217590332
19679,16.233623504638672
19680,22.243528366088867
19681,26.53080177307129
19682,16.340360641479492
19683,13.9763822555542
19684,25.47579574584961
19685,31.274059295654297
19686,15.587021827697754
19687,19.095111846923828
19688,18.3271541595459
19689,18.863086700439453
19690,11.267205238342285
19691,25.101097106933594
19692,18.107934951782227
19693,20.624813079833984
19694,16.980836868286133
19695,15.563678741455078
19696,27.07546043395996
19697,25.895687103271484
19698,25.169363021850586
19699,33.284420013427734
19700,27.165128707885742
19701,19.71613311767578
19702,15.093419075012207
19703,24.23775291442871
19704,11.408329963684082
19705,31.21067237854004
19706,25.329580307006836
19707,32.38421630859375
19708,10.979415893554688
19709,21.679489135742188
19710,21.145793914794922
19711,30.729164123535156
19712,11.469300270080566
19713,22.933841705322266
19714,20.83170509338379
19715,17.977632522583008
19716,16.90839385986328
19717,24.243885040283203
19718,27.890804290771484
19719,22.48312759399414
19720,17.30864143371582
19721,22.7744083404541
19722,10.970002174377441
19723,26.4549617767334
19724,14.890474319458008
19725,22.629911422729492
19726,21.625886917114258
19727,17.530195236206055
19728,18.164247512817383
19729,16.62942123413086
19730,14.275118827819824
19731,17.90884017944336
19732,31.092695236206055
19733,29.92681312561035
19734,28.06133460998535
19735,28.905900955200195
19736,19.73554801940918
19737,10.543558120727539
19738,24.863798141479492
19739,25.063146591186523
19740,16.233253479003906
19741,22.24160385131836
19742,26.530241012573242
19743,16.339649200439453
19744,13.976872444152832
19745,25.475852966308594
19746,31.27287483215332
19747,15.585708618164062
19748,19.093673706054688
19749,18.326974868774414
19750,18.861732482910156
19751,11.26501750946045
19752,25.101306915283203
19753,18.10677719116211
19754,20.62401580810547
19755,16.978933334350586
19756,15.562888145446777
19757,27.071517944335938
19758,25.895580291748047
19759,25.167112350463867
19760,33.285552978515625
19761,27.165328979492188
19762,19.714237213134766
19763,15.092162132263184
19764,24.236621856689453
19765,11.406844139099121
19766,31.209693908691406
19767,25.328044891357422
19768,32.38334274291992
19769,10.978280067443848
19770,21.67766761779785
19771,21.143489837646484
19772,30.72765350341797
19773,11.467896461486816
19774,22.933155059814453
19775,20.828380584716797
19776,17.977279663085938
19777,16.90830421447754
19778,24.24179458618164
19779,27.890350341796875
19780,22.481033325195312
19781,17.30675506591797
19782,22.774276733398438
19783,10.968404769897461
19784,26.452749252319336
19785,14.890909194946289
19786,22.630212783813477
19787,21.625017166137695
19788,17.52911949157715
19789,18.16254425048828
19790,16.629064559936523
19791,14.27455997467041
19792,17.907981872558594
19793,31.09183120727539
19794,29.925212860107422
19795,28.059038162231445
19796,28.903533935546875
19797,19.734045028686523
19798,10.542834281921387
19799,24.86164665222168
19800,25.06289291381836
19801,16.23287582397461
19802,22.239669799804688
19803,26.5296688079834
19804,16.338943481445312
19805,13.977357864379883
19806,25.47589683532715
19807,31.271684646606445
19808,15.58438491821289
19809,19.092243194580078
19810,18.326820373535156
19811,18.86038589477539
19812,11.262834548950195
19813,25.101524353027344
19814,18.10562515258789
19815,20.623233795166016
19816,16.977008819580078
19817,15.562110900878906
19818,27.067550659179688
19819,25.895509719848633
19820,25.16488265991211
19821,33.28666687011719
19822,27.165542602539062
19823,19.712345123291016
19824,15.090900421142578
19825,24.235496520996094
19826,11.405363082885742
19827,31.208728790283203
19828,25.326505661010742
19829,32.38250732421875
19830,10.977147102355957
19831,21.675853729248047
19832,21.141191482543945
19833,30.726137161254883
19834,11.466487884521484
19835,22.932458877563477
19836,20.825063705444336
19837,17.9769344329834
19838,16.908226013183594
19839,24.23971176147461
19840,27.8898868560791
19841,22.478927612304688
19842,17.304859161376953
19843,22.774160385131836
19844,10.966809272766113
19845,26.450538635253906
19846,14.891326904296875
19847,22.630512237548828
19848,21.624160766601562
19849,17.52804183959961
19850,18.160860061645508
19851,16.628700256347656
19852,14.273994445800781
19853,17.907133102416992
19854,31.09096336364746
19855,29.92361068725586
19856,28.05673599243164
19857,28.90115737915039
19858,19.73253631591797
19859,10.542106628417969
19860,24.8594970703125
19861,25.06263542175293
19862,16.23251724243164
19863,22.237751007080078
19864,26.529109954833984
19865,16.338233947753906
19866,13.977843284606934
19867,25.475955963134766
19868,31.27050018310547
19869,15.583067893981934
19870,19.09081268310547
19871,18.32665252685547
19872,18.85904312133789
19873,11.260649681091309
19874,25.10173797607422
19875,18.10446548461914
19876,20.622453689575195
19877,16.975109100341797
19878,15.561324119567871
19879,27.06362533569336
19880,25.895404815673828
19881,25.16263198852539
19882,33.287784576416016
19883,27.165739059448242
19884,19.710468292236328
19885,15.089646339416504
19886,24.234363555908203
19887,11.403875350952148
19888,31.20777130126953
19889,25.324962615966797
19890,32.38164520263672
19891,10.97601318359375
19892,21.674041748046875
19893,21.138883590698242
19894,30.724605560302734
19895,11.465081214904785
19896,22.931774139404297
19897,20.82174301147461
19898,17.97659683227539
19899,16.90814208984375
19900,24.237628936767578
19901,27.889440536499023
19902,22.476821899414062
19903,17.302959442138672
19904,22.774045944213867
19905,10.965217590332031
19906,26.448339462280273
19907,14.891744613647461
19908,22.63081169128418
19909,21.623302459716797
19910,17.526992797851562
19911,18.159160614013672
19912,16.628337860107422
19913,14.273447036743164
19914,17.906295776367188
19915,31.090097427368164
19916,29.922027587890625
19917,28.054412841796875
19918,28.898788452148438
19919,19.731033325195312
19920,10.541379928588867
19921,24.85733985900879
19922,25.0623722076416
19923,16.23213768005371
19924,22.23582649230957
19925,26.528553009033203
19926,16.337522506713867
19927,13.978331565856934
19928,25.47600555419922
19929,31.269338607788086
19930,15.581755638122559
19931,19.089380264282227
19932,18.32647132873535
19933,18.857688903808594
19934,11.258460998535156
19935,25.10195541381836
19936,18.103309631347656
19937,20.621665954589844
19938,16.973196029663086
19939,15.560542106628418
19940,27.059688568115234
19941,25.89531135559082
19942,25.160390853881836
19943,33.28889083862305
19944,27.16594123840332
19945,19.708576202392578
19946,15.088388442993164
19947,24.233234405517578
19948,11.402392387390137
19949,31.20680809020996
19950,25.32341957092285
19951,32.38079833984375
19952,10.97487735748291
19953,21.672222137451172
19954,21.13658332824707
19955,30.72310447692871
19956,11.463671684265137
19957,22.93108558654785
19958,20.81842041015625
19959,17.976247787475586
19960,16.908065795898438
19961,24.235544204711914
19962,27.888999938964844
19963,22.474700927734375
19964,17.301057815551758
19965,22.773935317993164
19966,10.963606834411621
19967,26.446130752563477
19968,14.8921537399292
19969,22.631099700927734
19970,21.622461318969727
19971,17.525930404663086
19972,18.1574649810791
19973,16.62796974182129
19974,14.272910118103027
19975,17.905447006225586
19976,31.08924674987793
19977,29.920433044433594
19978,28.052093505859375
19979,28.896400451660156
19980,19.729530334472656
19981,10.540642738342285
19982,24.855182647705078
19983,25.062110900878906
19984,16.23176383972168
19985,22.233884811401367
19986,26.527986526489258
19987,16.33680534362793
19988,13.978824615478516
19989,25.476058959960938
19990,31.268169403076172
19991,15.580440521240234
19992,19.08794403076172
19993,18.32630157470703
19994,18.85634994506836
19995,11.256277084350586
19996,25.102170944213867
19997,18.10215950012207
19998,20.620893478393555
19999,16.97129249572754
20000,15.559759140014648
20001,27.055734634399414
20002,25.89521598815918
20003,25.158138275146484
20004,33.28999710083008
20005,27.166135787963867
20006,19.706676483154297
20007,15.087128639221191
20008,24.232105255126953
20009,11.400904655456543
20010,31.205854415893555
20011,25.32187271118164
20012,32.37995147705078
20013,10.973745346069336
20014,21.670391082763672
20015,21.134279251098633
20016,30.721593856811523
20017,11.462265014648438
20018,22.930408477783203
20019,20.815101623535156
20020,17.975906372070312
20021,16.90798568725586
20022,24.23345184326172
20023,27.888551712036133
20024,22.472562789916992
20025,17.299161911010742
20026,22.773849487304688
20027,10.961995124816895
20028,26.44393539428711
20029,14.892562866210938
20030,22.631399154663086
20031,21.62160301208496
20032,17.524873733520508
20033,18.155763626098633
20034,16.627599716186523
20035,14.272370338439941
20036,17.904611587524414
20037,31.088380813598633
20038,29.91885757446289
20039,28.04976463317871
20040,28.894023895263672
20041,19.728017807006836
20042,10.539911270141602
20043,24.853017807006836
20044,25.061853408813477
20045,16.231401443481445
20046,22.231962203979492
20047,26.527423858642578
20048,16.336088180541992
20049,13.979315757751465
20050,25.476125717163086
20051,31.266992568969727
20052,15.579113960266113
20053,19.08650779724121
20054,18.326128005981445
20055,18.85502052307129
20056,11.254096031188965
20057,25.102388381958008
20058,18.101003646850586
20059,20.62010383605957
20060,16.969388961791992
20061,15.558979034423828
20062,27.05177879333496
20063,25.895126342773438
20064,25.1558780670166
20065,33.29109573364258
20066,27.166349411010742
20067,19.704797744750977
20068,15.085871696472168
20069,24.230981826782227
20070,11.39942741394043
20071,31.204898834228516
20072,25.320310592651367
20073,32.37910842895508
20074,10.972611427307129
20075,21.668561935424805
20076,21.131975173950195
20077,30.72007179260254
20078,11.460864067077637
20079,22.92972755432129
20080,20.811779022216797
20081,17.975566864013672
20082,16.907917022705078
20083,24.231351852416992
20084,27.888090133666992
20085,22.470422744750977
20086,17.297260284423828
20087,22.77374267578125
20088,10.960386276245117
20089,26.441740036010742
20090,14.892986297607422
20091,22.631694793701172
20092,21.62076759338379
20093,17.52381706237793
20094,18.154067993164062
20095,16.627225875854492
20096,14.271833419799805
20097,17.903776168823242
20098,31.0875244140625
20099,29.917272567749023
20100,28.047441482543945
20101,28.891645431518555
20102,19.726512908935547
20103,10.539173126220703
20104,24.850854873657227
20105,25.061607360839844
20106,16.23103141784668
20107,22.23003387451172
20108,26.526872634887695
20109,16.335371017456055
20110,13.979809761047363
20111,25.47616958618164
20112,31.26581382751465
20113,15.577789306640625
20114,19.0850772857666
20115,18.325942993164062
20116,18.853679656982422
20117,11.251916885375977
20118,25.10260772705078
20119,18.099843978881836
20120,20.619327545166016
20121,16.967491149902344
20122,15.558196067810059
20123,27.047840118408203
20124,25.89504051208496
20125,25.153615951538086
20126,33.292205810546875
20127,27.166549682617188
20128,19.702896118164062
20129,15.084624290466309
20130,24.2298583984375
20131,11.397948265075684
20132,31.203933715820312
20133,25.31874656677246
20134,32.37827682495117
20135,10.971481323242188
20136,21.666725158691406
20137,21.12967300415039
20138,30.71857452392578
20139,11.459464073181152
20140,22.929048538208008
20141,20.80845069885254
20142,17.9752140045166
20143,16.9078426361084
20144,24.2292537689209
20145,27.887651443481445
20146,22.46826934814453
20147,17.295351028442383
20148,22.773658752441406
20149,10.958772659301758
20150,26.439531326293945
20151,14.893396377563477
20152,22.631977081298828
20153,21.619924545288086
20154,17.52276611328125
20155,18.152355194091797
20156,16.626855850219727
20157,14.271306037902832
20158,17.9029483795166
20159,31.08668327331543
20160,29.91570281982422
20161,28.045103073120117
20162,28.88925552368164
20163,19.725011825561523
20164,10.538435935974121
20165,24.848691940307617
20166,25.06133270263672
20167,16.23065948486328
20168,22.228099822998047
20169,26.52631950378418
20170,16.33465003967285
20171,13.980302810668945
20172,25.47623062133789
20173,31.264657974243164
20174,15.576459884643555
20175,19.08363914489746
20176,18.325763702392578
20177,18.85234260559082
20178,11.249741554260254
20179,25.102828979492188
20180,18.098690032958984
20181,20.61855697631836
20182,16.965587615966797
20183,15.557413101196289
20184,27.043888092041016
20185,25.894943237304688
20186,25.15134048461914
20187,33.29330825805664
20188,27.166751861572266
20189,19.701004028320312
20190,15.0833740234375
20191,24.228734970092773
20192,11.39647102355957
20193,31.20298194885254
20194,25.317184448242188
20195,32.377445220947266
20196,10.970352172851562
20197,21.66489028930664
20198,21.127363204956055
20199,30.717063903808594
20200,11.45805835723877
20201,22.928369522094727
20202,20.805130004882812
20203,17.974876403808594
20204,16.90777015686035
20205,24.22714614868164
20206,27.887203216552734
20207,22.466096878051758
20208,17.293453216552734
20209,22.77356719970703
20210,10.957143783569336
20211,26.437341690063477
20212,14.893813133239746
20213,22.632278442382812
20214,21.619098663330078
20215,17.52172088623047
20216,18.150646209716797
20217,16.626474380493164
20218,14.270771026611328
20219,17.902124404907227
20220,31.085838317871094
20221,29.91412353515625
20222,28.042766571044922
20223,28.886865615844727
20224,19.723506927490234
20225,10.537701606750488
20226,24.846513748168945
20227,25.061065673828125
20228,16.23028564453125
20229,22.226173400878906
20230,26.5257625579834
20231,16.33393096923828
20232,13.980804443359375
20233,25.476295471191406
20234,31.263504028320312
20235,15.575128555297852
20236,19.08220672607422
20237,18.325578689575195
20238,18.85101890563965
20239,11.247563362121582
20240,25.103050231933594
20241,18.09752655029297
20242,20.617782592773438
20243,16.96368408203125
20244,15.556633949279785
20245,27.03994369506836
20246,25.894851684570312
20247,25.149072647094727
20248,33.29438781738281
20249,27.166955947875977
20250,19.699108123779297
20251,15.08211898803711
20252,24.227619171142578
20253,11.394990921020508
20254,31.202030181884766
20255,25.31561279296875
20256,32.37661361694336
20257,10.969219207763672
20258,21.663047790527344
20259,21.125064849853516
20260,30.715553283691406
20261,11.456659317016602
20262,22.92769432067871
20263,20.80180549621582
20264,17.97453498840332
20265,16.907699584960938
20266,24.225051879882812
20267,27.88675308227539
20268,22.463945388793945
20269,17.291547775268555
20270,22.773483276367188
20271,10.955526351928711
20272,26.435138702392578
20273,14.894218444824219
20274,22.632566452026367
20275,21.61825942993164
20276,17.520673751831055
20277,18.148941040039062
20278,16.626102447509766
20279,14.270246505737305
20280,17.90129280090332
20281,31.08498764038086
20282,29.91254234313965
20283,28.04043197631836
20284,28.884485244750977
20285,19.721994400024414
20286,10.536959648132324
20287,24.8443603515625
20288,25.060821533203125
20289,16.22991943359375
20290,22.224239349365234
20291,26.52520751953125
20292,16.333213806152344
20293,13.981308937072754
20294,25.476348876953125
20295,31.262351989746094
20296,15.573796272277832
20297,19.080772399902344
20298,18.325395584106445
20299,18.849679946899414
20300,11.24538803100586
20301,25.1032657623291
20302,18.09636878967285
20303,20.61701011657715
20304,16.96177864074707
20305,15.555848121643066
20306,27.036001205444336
20307,25.894746780395508
20308,25.146808624267578
20309,33.29547882080078
20310,27.16715431213379
20311,19.697223663330078
20312,15.0808687210083
20313,24.22648048400879
20314,11.393507957458496
20315,31.201072692871094
20316,25.314064025878906
20317,32.37577819824219
20318,10.9680814743042
20319,21.661205291748047
20320,21.122753143310547
20321,30.714046478271484
20322,11.455243110656738
20323,22.927030563354492
20324,20.798471450805664
20325,17.97418975830078
20326,16.907629013061523
20327,24.222949981689453
20328,27.886314392089844
20329,22.4617977142334
20330,17.289642333984375
20331,22.77338981628418
20332,10.953909873962402
20333,26.43295669555664
20334,14.894622802734375
20335,22.632858276367188
20336,21.6174259185791
20337,17.519628524780273
20338,18.14724349975586
20339,16.62572479248047
20340,14.269710540771484
20341,17.90045928955078
20342,31.084142684936523
20343,29.910961151123047
20344,28.038105010986328
20345,28.882097244262695
20346,19.720491409301758
20347,10.536232948303223
20348,24.842187881469727
20349,25.060543060302734
20350,16.229537963867188
20351,22.222307205200195
20352,26.5246524810791
20353,16.332496643066406
20354,13.981803894042969
20355,25.476417541503906
20356,31.261194229125977
20357,15.572481155395508
20358,19.079341888427734
20359,18.32520866394043
20360,18.848352432250977
20361,11.243212699890137
20362,25.103490829467773
20363,18.095212936401367
20364,20.61623191833496
20365,16.959877014160156
20366,15.555069923400879
20367,27.032075881958008
20368,25.89466094970703
20369,25.14454460144043
20370,33.29657745361328
20371,27.167348861694336
20372,19.695341110229492
20373,15.079612731933594
20374,24.225366592407227
20375,11.392021179199219
20376,31.200122833251953
20377,25.312496185302734
20378,32.37495040893555
20379,10.966950416564941
20380,21.65937614440918
20381,21.120439529418945
20382,30.712533950805664
20383,11.453836441040039
20384,22.926353454589844
20385,20.795141220092773
20386,17.97385597229004
20387,16.907562255859375
20388,24.220849990844727
20389,27.8858642578125
20390,22.45964241027832
20391,17.28773307800293
20392,22.77330207824707
20393,10.952301979064941
20394,26.430753707885742
20395,14.89503288269043
20396,22.633148193359375
20397,21.6165828704834
20398,17.518579483032227
20399,18.145545959472656
20400,16.625350952148438
20401,14.26918888092041
20402,17.89963150024414
20403,31.083297729492188
20404,29.909393310546875
20405,28.035776138305664
20406,28.87970733642578
20407,19.7189884185791
20408,10.535492897033691
20409,24.840024948120117
20410,25.060287475585938
20411,16.22916603088379
20412,22.220373153686523
20413,26.524099349975586
20414,16.331789016723633
20415,13.982301712036133
20416,25.476482391357422
20417,31.260034561157227
20418,15.57115364074707
20419,19.07790184020996
20420,18.32501792907715
20421,18.84702491760254
20422,11.241029739379883
20423,25.103715896606445
20424,18.09405517578125
20425,20.615459442138672
20426,16.957971572875977
20427,15.55429458618164
20428,27.028139114379883
20429,25.894563674926758
20430,25.142276763916016
20431,33.29766082763672
20432,27.167545318603516
20433,19.693452835083008
20434,15.078365325927734
20435,24.2242374420166
20436,11.390535354614258
20437,31.199182510375977
20438,25.310930252075195
20439,32.37411880493164
20440,10.965814590454102
20441,21.657529830932617
20442,21.11814308166504
20443,30.711023330688477
20444,11.452425003051758
20445,22.925682067871094
20446,20.791805267333984
20447,17.9735164642334
20448,16.907495498657227
20449,24.218748092651367
20450,27.885425567626953
20451,22.45749855041504
20452,17.285837173461914
20453,22.77321434020996
20454,10.950688362121582
20455,26.428560256958008
20456,14.895434379577637
20457,22.633438110351562
20458,21.615739822387695
20459,17.517526626586914
20460,18.14385414123535
20461,16.624971389770508
20462,14.26866340637207
20463,17.898805618286133
20464,31.082448959350586
20465,29.9078369140625
20466,28.0334415435791
20467,28.8773193359375
20468,19.71748924255371
20469,10.534749984741211
20470,24.83785629272461
20471,25.059999465942383
20472,16.228790283203125
20473,22.21843719482422
20474,26.523542404174805
20475,16.33107566833496
20476,13.98279857635498
20477,25.476551055908203
20478,31.258899688720703
20479,15.56983757019043
20480,19.076459884643555
20481,18.324838638305664
20482,18.84569549560547
20483,11.23885440826416
20484,25.103940963745117
20485,18.0928955078125
20486,20.614686965942383
20487,16.956058502197266
20488,15.553507804870605
20489,27.024219512939453
20490,25.89446449279785
20491,25.1400203704834
20492,33.29876708984375
20493,27.167747497558594
20494,19.691577911376953
20495,15.077115058898926
20496,24.223100662231445
20497,11.38905143737793
20498,31.19822883605957
20499,25.30937957763672
20500,32.373291015625
20501,10.96467113494873
20502,21.65570068359375
20503,21.11583709716797
20504,30.709508895874023
20505,11.451010704040527
20506,22.925012588500977
20507,20.788476943969727
20508,17.97317886352539
20509,16.907434463500977
20510,24.21665382385254
20511,27.88499641418457
20512,22.455358505249023
20513,17.283918380737305
20514,22.773120880126953
20515,10.949080467224121
20516,26.426361083984375
20517,14.895830154418945
20518,22.63372802734375
20519,21.61489486694336
20520,17.516464233398438
20521,18.14216423034668
20522,16.624584197998047
20523,14.268131256103516
20524,17.897977828979492
20525,31.08159637451172
20526,29.90626335144043
20527,28.031118392944336
20528,28.874929428100586
20529,19.715986251831055
20530,10.534027099609375
20531,24.8356990814209
20532,25.059751510620117
20533,16.228408813476562
20534,22.21649932861328
20535,26.52299690246582
20536,16.330379486083984
20537,13.983295440673828
20538,25.47661018371582
20539,31.257766723632812
20540,15.56852912902832
20541,19.075027465820312
20542,18.32464599609375
20543,18.8443546295166
20544,11.23666000366211
20545,25.104167938232422
20546,18.091732025146484
20547,20.613908767700195
20548,16.954147338867188
20549,15.552722930908203
20550,27.02029800415039
20551,25.894372940063477
20552,25.13776397705078
20553,33.29985046386719
20554,27.16794204711914
20555,19.689697265625
20556,15.075859069824219
20557,24.221969604492188
20558,11.387563705444336
20559,31.197282791137695
20560,25.30783462524414
20561,32.37245559692383
20562,10.963531494140625
20563,21.65387725830078
20564,21.113523483276367
20565,30.70798110961914
20566,11.449585914611816
20567,22.924339294433594
20568,20.78514289855957
20569,17.972841262817383
20570,16.90736961364746
20571,24.214561462402344
20572,27.884559631347656
20573,22.453227996826172
20574,17.28200340270996
20575,22.773019790649414
20576,10.947480201721191
20577,26.424161911010742
20578,14.89623737335205
20579,22.63402557373047
20580,21.614036560058594
20581,17.515411376953125
20582,18.14046859741211
20583,16.624217987060547
20584,14.267601013183594
20585,17.897153854370117
20586,31.080751419067383
20587,29.904678344726562
20588,28.02880096435547
20589,28.87255096435547
20590,19.714481353759766
20591,10.533295631408691
20592,24.83353042602539
20593,25.05946922302246
20594,16.2280330657959
20595,22.21456527709961
20596,26.522430419921875
20597,16.329668045043945
20598,13.983789443969727
20599,25.4766845703125
20600,31.25662612915039
20601,15.567216873168945
20602,19.073598861694336
20603,18.32445526123047
20604,18.843021392822266
20605,11.234478950500488
20606,25.104398727416992
20607,18.09058380126953
20608,20.613136291503906
20609,16.95223617553711
20610,15.551935195922852
20611,27.01636505126953
20612,25.894269943237305
20613,25.13550567626953
20614,33.30093765258789
20615,27.168149948120117
20616,19.687829971313477
20617,15.07460880279541
20618,24.220840454101562
20619,11.38607406616211
20620,31.196338653564453
20621,25.306293487548828
20622,32.37162780761719
20623,10.96239185333252
20624,21.65204620361328
20625,21.111221313476562
20626,30.706466674804688
20627,11.448169708251953
20628,22.923673629760742
20629,20.78180503845215
20630,17.972503662109375
20631,16.907312393188477
20632,24.21246910095215
20633,27.884130477905273
20634,22.451091766357422
20635,17.280092239379883
20636,22.77292251586914
20637,10.945869445800781
20638,26.421951293945312
20639,14.896632194519043
20640,22.634302139282227
20641,21.613189697265625
20642,17.51435089111328
20643,18.138784408569336
20644,16.623825073242188
20645,14.267078399658203
20646,17.896331787109375
20647,31.079910278320312
20648,29.903121948242188
20649,28.026472091674805
20650,28.870159149169922
20651,19.712984085083008
20652,10.532564163208008
20653,24.831375122070312
20654,25.0592041015625
20655,16.22765350341797
20656,22.212627410888672
20657,26.521881103515625
20658,16.328969955444336
20659,13.984284400939941
20660,25.476760864257812
20661,31.255481719970703
20662,15.565903663635254
20663,19.0721492767334
20664,18.324270248413086
20665,18.841686248779297
20666,11.232295036315918
20667,25.10462760925293
20668,18.08942222595215
20669,20.61236572265625
20670,16.950319290161133
20671,15.551159858703613
20672,27.012447357177734
20673,25.894180297851562
20674,25.133255004882812
20675,33.302032470703125
20676,27.168350219726562
20677,19.68594741821289
20678,15.073358535766602
20679,24.219703674316406
20680,11.3845853805542
20681,31.19540786743164
20682,25.304733276367188
20683,32.37080383300781
20684,10.961247444152832
20685,21.65020751953125
20686,21.108911514282227
20687,30.704952239990234
20688,11.446746826171875
20689,22.92300796508789
20690,20.778474807739258
20691,17.972169876098633
20692,16.90725326538086
20693,24.210372924804688
20694,27.883705139160156
20695,22.448951721191406
20696,17.278181076049805
20697,22.772829055786133
20698,10.944270133972168
20699,26.419771194458008
20700,14.897027015686035
20701,22.63458824157715
20702,21.612337112426758
20703,17.513290405273438
20704,18.137100219726562
20705,16.623449325561523
20706,14.26655101776123
20707,17.89551544189453
20708,31.07906723022461
20709,29.901554107666016
20710,28.024147033691406
20711,28.86777687072754
20712,19.71148681640625
20713,10.531834602355957
20714,24.829219818115234
20715,25.05893325805664
20716,16.22726821899414
20717,22.2106876373291
20718,26.521329879760742
20719,16.328264236450195
20720,13.98478889465332
20721,25.47683334350586
20722,31.254364013671875
20723,15.56459903717041
20724,19.07071876525879
20725,18.32406997680664
20726,18.840364456176758
20727,11.230108261108398
20728,25.104860305786133
20729,18.08827018737793
20730,20.61159324645996
20731,16.948402404785156
20732,15.550369262695312
20733,27.008527755737305
20734,25.894086837768555
20735,25.130990982055664
20736,33.30311584472656
20737,27.168537139892578
20738,19.684066772460938
20739,15.072105407714844
20740,24.218564987182617
20741,11.383105278015137
20742,31.194461822509766
20743,25.303186416625977
20744,32.369991302490234
20745,10.96010971069336
20746,21.648374557495117
20747,21.106605529785156
20748,30.703420639038086
20749,11.445319175720215
20750,22.92234992980957
20751,20.775123596191406
20752,17.971832275390625
20753,16.907196044921875
20754,24.208269119262695
20755,27.88327980041504
20756,22.446802139282227
20757,17.276260375976562
20758,22.772735595703125
20759,10.942667961120605
20760,26.417566299438477
20761,14.897414207458496
20762,22.634878158569336
20763,21.611482620239258
20764,17.512239456176758
20765,18.13541603088379
20766,16.623069763183594
20767,14.266020774841309
20768,17.894689559936523
20769,31.078208923339844
20770,29.899999618530273
20771,28.02182960510254
20772,28.865388870239258
20773,19.709989547729492
20774,10.531105995178223
20775,24.827064514160156
20776,25.05866813659668
20777,16.226890563964844
20778,22.20874786376953
20779,26.52077293395996
20780,16.32756805419922
20781,13.985280990600586
20782,25.476900100708008
20783,31.25322151184082
20784,15.56329345703125
20785,19.069278717041016
20786,18.323890686035156
20787,18.83902359008789
20788,11.227919578552246
20789,25.105087280273438
20790,18.087106704711914
20791,20.610824584960938
20792,16.94648551940918
20793,15.54958438873291
20794,27.004606246948242
20795,25.89398765563965
20796,25.128747940063477
20797,33.30420684814453
20798,27.168731689453125
20799,19.68219757080078
20800,15.070852279663086
20801,24.21743392944336
20802,11.381616592407227
20803,31.19352912902832
20804,25.301637649536133
20805,32.3691520690918
20806,10.958964347839355
20807,21.64655113220215
20808,21.10429573059082
20809,30.7018985748291
20810,11.443897247314453
20811,22.92167854309082
20812,20.77178955078125
20813,17.97150230407715
20814,16.907135009765625
20815,24.206186294555664
20816,27.882844924926758
20817,22.444692611694336
20818,17.27434539794922
20819,22.772626876831055
20820,10.941070556640625
20821,26.415359497070312
20822,14.89782428741455
20823,22.635164260864258
20824,21.61063575744629
20825,17.511180877685547
20826,18.133726119995117
20827,16.622703552246094
20828,14.265495300292969
20829,17.893857955932617
20830,31.07735824584961
20831,29.89841651916504
20832,28.019508361816406
20833,28.86301040649414
20834,19.708486557006836
20835,10.53038215637207
20836,24.82489585876465
20837,25.05840301513672
20838,16.22651481628418
20839,22.20680809020996
20840,26.520212173461914
20841,16.326873779296875
20842,13.9857759475708
20843,25.47696876525879
20844,31.252084732055664
20845,15.561980247497559
20846,19.067842483520508
20847,18.323698043823242
20848,18.837688446044922
20849,11.225737571716309
20850,25.10531997680664
20851,18.085947036743164
20852,20.61004638671875
20853,16.94456672668457
20854,15.548808097839355
20855,27.00069808959961
20856,25.89388656616211
20857,25.126495361328125
20858,33.3053092956543
20859,27.1689395904541
20860,19.680320739746094
20861,15.069601058959961
20862,24.216293334960938
20863,11.380126953125
20864,31.192567825317383
20865,25.300100326538086
20866,32.36830520629883
20867,10.957832336425781
20868,21.644725799560547
20869,21.101987838745117
20870,30.70038414001465
20871,11.44247817993164
20872,22.921001434326172
20873,20.768455505371094
20874,17.971162796020508
20875,16.907068252563477
20876,24.204099655151367
20877,27.882413864135742
20878,22.44256591796875
20879,17.272438049316406
20880,22.772525787353516
20881,10.939469337463379
20882,26.413164138793945
20883,14.898232460021973
20884,22.635461807250977
20885,21.60978889465332
20886,17.510114669799805
20887,18.132043838500977
20888,16.622325897216797
20889,14.2649507522583
20890,17.89303207397461
20891,31.076507568359375
20892,29.896852493286133
20893,28.017194747924805
20894,28.860626220703125
20895,19.70699119567871
20896,10.529653549194336
20897,24.822736740112305
20898,25.058141708374023
20899,16.226131439208984
20900,22.204872131347656
20901,26.5196590423584
20902,16.326171875
20903,13.986275672912598
20904,25.47703742980957
20905,31.250932693481445
20906,15.560672760009766
20907,19.0664119720459
20908,18.32352066040039
20909,18.836345672607422
20910,11.223552703857422
20911,25.105545043945312
20912,18.08479118347168
20913,20.609277725219727
20914,16.94266128540039
20915,15.548016548156738
20916,26.996763229370117
20917,25.893798828125
20918,25.12424087524414
20919,33.30638885498047
20920,27.169139862060547
20921,19.67844009399414
20922,15.068347930908203
20923,24.215171813964844
20924,11.378637313842773
20925,31.191631317138672
20926,25.298542022705078
20927,32.36748504638672
20928,10.956698417663574
20929,21.64289093017578
20930,21.099681854248047
20931,30.698867797851562
20932,11.441061973571777
20933,22.920330047607422
20934,20.765113830566406
20935,17.97083282470703
20936,16.907005310058594
20937,24.202003479003906
20938,27.881982803344727
20939,22.440427780151367
20940,17.270526885986328
20941,22.772436141967773
20942,10.937862396240234
20943,26.410959243774414
20944,14.898640632629395
20945,22.635746002197266
20946,21.608943939208984
20947,17.50906753540039
20948,18.13035774230957
20949,16.62195587158203
20950,14.264425277709961
20951,17.892196655273438
20952,31.07565689086914
20953,29.895280838012695
20954,28.014869689941406
20955,28.858238220214844
20956,19.705482482910156
20957,10.528923034667969
20958,24.820573806762695
20959,25.057880401611328
20960,16.22575569152832
20961,22.20294189453125
20962,26.519107818603516
20963,16.325468063354492
20964,13.986783981323242
20965,25.477109909057617
20966,31.24979019165039
20967,15.559358596801758
20968,19.064977645874023
20969,18.323354721069336
20970,18.835020065307617
20971,11.221368789672852
20972,25.10578155517578
20973,18.083637237548828
20974,20.608501434326172
20975,16.94074821472168
20976,15.54723834991455
20977,26.992820739746094
20978,25.893722534179688
20979,25.12199592590332
20980,33.307498931884766
20981,27.16934585571289
20982,19.676559448242188
20983,15.06710147857666
20984,24.21404266357422
20985,11.377151489257812
20986,31.190673828125
20987,25.296993255615234
20988,32.36664962768555
20989,10.955560684204102
20990,21.641063690185547
20991,21.097379684448242
20992,30.697351455688477
20993,11.439645767211914
20994,22.919666290283203
20995,20.761781692504883
20996,17.970489501953125
20997,16.906944274902344
20998,24.199907302856445
20999,27.881534576416016
21000,22.438291549682617
21001,17.26862335205078
21002,22.772350311279297
21003,10.936248779296875
21004,26.40875244140625
21005,14.899057388305664
21006,22.63604736328125
21007,21.608104705810547
21008,17.50800895690918
21009,18.128658294677734
21010,16.621583938598633
21011,14.263895988464355
21012,17.891374588012695
21013,31.07481575012207
21014,29.893699645996094
21015,28.01254653930664
21016,28.855850219726562
21017,19.7039852142334
21018,10.528194427490234
21019,24.818410873413086
21020,25.057628631591797
21021,16.225387573242188
21022,22.20100975036621
21023,26.518564224243164
21024,16.324758529663086
21025,13.98728084564209
21026,25.477169036865234
21027,31.248638153076172
21028,15.5580415725708
21029,19.063541412353516
21030,18.32318115234375
21031,18.83368682861328
21032,11.21918773651123
21033,25.106008529663086
21034,18.082483291625977
21035,20.607730865478516
21036,16.938846588134766
21037,15.546452522277832
21038,26.98886489868164
21039,25.893625259399414
21040,25.119728088378906
21041,33.30861282348633
21042,27.16956329345703
21043,19.674678802490234
21044,15.065850257873535
21045,24.212921142578125
21046,11.375670433044434
21047,31.189727783203125
21048,25.295433044433594
21049,32.36581802368164
21050,10.954431533813477
21051,21.63922882080078
21052,21.095062255859375
21053,30.69584846496582
21054,11.438244819641113
21055,22.918987274169922
21056,20.758447647094727
21057,17.97016143798828
21058,16.906883239746094
21059,24.197799682617188
21060,27.881105422973633
21061,22.436145782470703
21062,17.2667236328125
21063,22.77227210998535
21064,10.934635162353516
21065,26.406551361083984
21066,14.89947509765625
21067,22.636343002319336
21068,21.607257843017578
21069,17.506961822509766
21070,18.12696075439453
21071,16.621217727661133
21072,14.263371467590332
21073,17.89055061340332
21074,31.073976516723633
21075,29.892120361328125
21076,28.01021957397461
21077,28.853469848632812
21078,19.702476501464844
21079,10.52746868133545
21080,24.816246032714844
21081,25.0573673248291
21082,16.225011825561523
21083,22.199077606201172
21084,26.518009185791016
21085,16.324052810668945
21086,13.987788200378418
21087,25.47723388671875
21088,31.24749183654785
21089,15.556715965270996
21090,19.062108993530273
21091,18.322998046875
21092,18.832353591918945
21093,11.217011451721191
21094,25.106243133544922
21095,18.081323623657227
21096,20.60696029663086
21097,16.93694496154785
21098,15.54567813873291
21099,26.984922409057617
21100,25.893531799316406
21101,25.117464065551758
21102,33.3097038269043
21103,27.16975975036621
21104,19.67280387878418
21105,15.064608573913574
21106,24.2117977142334
21107,11.374187469482422
21108,31.188783645629883
21109,25.29387855529785
21110,32.364994049072266
21111,10.953295707702637
21112,21.637392044067383
21113,21.092763900756836
21114,30.6943302154541
21115,11.436830520629883
21116,22.91830825805664
21117,20.755111694335938
21118,17.96982192993164
21119,16.906822204589844
21120,24.195707321166992
21121,27.880657196044922
21122,22.43400001525879
21123,17.264816284179688
21124,22.77218246459961
21125,10.93302059173584
21126,26.404356002807617
21127,14.89989948272705
21128,22.636640548706055
21129,21.60642433166504
21130,17.50589942932129
21131,18.12526512145996
21132,16.620840072631836
21133,14.262843132019043
21134,17.889719009399414
21135,31.07312774658203
21136,29.890546798706055
21137,28.007896423339844
21138,28.85108184814453
21139,19.700969696044922
21140,10.526741981506348
21141,24.8140811920166
21142,25.057117462158203
21143,16.224641799926758
21144,22.197145462036133
21145,26.517457962036133
21146,16.323347091674805
21147,13.988295555114746
21148,25.477319717407227
21149,31.24634552001953
21150,15.555398941040039
21151,19.0606746673584
21152,18.32282066345215
21153,18.83102798461914
21154,11.21483039855957
21155,25.106475830078125
21156,18.08016586303711
21157,20.606185913085938
21158,16.935033798217773
21159,15.544900894165039
21160,26.980974197387695
21161,25.893442153930664
21162,25.115201950073242
21163,33.31081008911133
21164,27.169967651367188
21165,19.6709041595459
21166,15.063348770141602
21167,24.21066665649414
21168,11.372705459594727
21169,31.187835693359375
21170,25.292329788208008
21171,32.36417007446289
21172,10.952162742614746
21173,21.63556480407715
21174,21.0904483795166
21175,30.69282341003418
21176,11.43542194366455
21177,22.917640686035156
21178,20.751768112182617
21179,17.96949577331543
21180,16.90676498413086
21181,24.193601608276367
21182,27.880224227905273
21183,22.43184471130371
21184,17.262907028198242
21185,22.77210235595703
21186,10.931402206420898
21187,26.40215301513672
21188,14.90030574798584
21189,22.636934280395508
21190,21.60558319091797
21191,17.504858016967773
21192,18.123563766479492
21193,16.620464324951172
21194,14.26231861114502
21195,17.888893127441406
21196,31.07229232788086
21197,29.88898277282715
21198,28.005563735961914
21199,28.848682403564453
21200,19.699460983276367
21201,10.526006698608398
21202,24.811914443969727
21203,25.056856155395508
21204,16.224267959594727
21205,22.195207595825195
21206,26.51691436767578
21207,16.3226375579834
21208,13.988797187805176
21209,25.477378845214844
21210,31.24520492553711
21211,15.5540771484375
21212,19.059236526489258
21213,18.322641372680664
21214,18.829702377319336
21215,11.212653160095215
21216,25.106708526611328
21217,18.07900047302246
21218,20.605424880981445
21219,16.933128356933594
21220,15.544114112854004
21221,26.977041244506836
21222,25.893352508544922
21223,25.11293601989746
21224,33.31189727783203
21225,27.170167922973633
21226,19.669023513793945
21227,15.062100410461426
21228,24.20954704284668
21229,11.371222496032715
21230,31.186891555786133
21231,25.290756225585938
21232,32.36333465576172
21233,10.951027870178223
21234,21.633718490600586
21235,21.088146209716797
21236,30.691314697265625
21237,11.434002876281738
21238,22.91697883605957
21239,20.748428344726562
21240,17.969160079956055
21241,16.906709671020508
21242,24.191495895385742
21243,27.879789352416992
21244,22.429677963256836
21245,17.260995864868164
21246,22.772029876708984
21247,10.929790496826172
21248,26.399967193603516
21249,14.900714874267578
21250,22.637229919433594
21251,21.604755401611328
21252,17.503816604614258
21253,18.121870040893555
21254,16.620086669921875
21255,14.261799812316895
21256,17.888078689575195
21257,31.071455001831055
21258,29.887414932250977
21259,28.00322151184082
21260,28.846284866333008
21261,19.697961807250977
21262,10.525273323059082
21263,24.80974006652832
21264,25.056598663330078
21265,16.223894119262695
21266,22.193275451660156
21267,26.516372680664062
21268,16.32192611694336
21269,13.989312171936035
21270,25.477466583251953
21271,31.24407196044922
21272,15.552752494812012
21273,19.057798385620117
21274,18.322452545166016
21275,18.828384399414062
21276,11.21047592163086
21277,25.106945037841797
21278,18.077842712402344
21279,20.604652404785156
21280,16.931224822998047
21281,15.54333782196045
21282,26.97310447692871
21283,25.893264770507812
21284,25.110660552978516
21285,33.312984466552734
21286,27.170368194580078
21287,19.66714096069336
21288,15.060856819152832
21289,24.208419799804688
21290,11.36974048614502
21291,31.18593978881836
21292,25.289196014404297
21293,32.36252212524414
21294,10.949894905090332
21295,21.631874084472656
21296,21.085832595825195
21297,30.689796447753906
21298,11.432587623596191
21299,22.916305541992188
21300,20.745080947875977
21301,17.968826293945312
21302,16.906658172607422
21303,24.189388275146484
21304,27.879365921020508
21305,22.427505493164062
21306,17.25908851623535
21307,22.77195167541504
21308,10.928170204162598
21309,26.397764205932617
21310,14.901127815246582
21311,22.63751983642578
21312,21.603923797607422
21313,17.502758026123047
21314,18.120168685913086
21315,16.619701385498047
21316,14.261283874511719
21317,17.887258529663086
21318,31.070621490478516
21319,29.885852813720703
21320,28.000885009765625
21321,28.843889236450195
21322,19.696456909179688
21323,10.52453899383545
21324,24.807573318481445
21325,25.056333541870117
21326,16.2235164642334
21327,22.191329956054688
21328,26.515825271606445
21329,16.32122230529785
21330,13.989827156066895
21331,25.47753143310547
21332,31.242944717407227
21333,15.55142879486084
21334,19.05636215209961
21335,18.322269439697266
21336,18.827056884765625
21337,11.208301544189453
21338,25.107181549072266
21339,18.07668685913086
21340,20.603897094726562
21341,16.9293212890625
21342,15.542557716369629
21343,26.96916961669922
21344,25.893171310424805
21345,25.108386993408203
21346,33.31407928466797
21347,27.170564651489258
21348,19.665271759033203
21349,15.059613227844238
21350,24.207307815551758
21351,11.368257522583008
21352,31.185016632080078
21353,25.287633895874023
21354,32.361717224121094
21355,10.948756217956543
21356,21.630023956298828
21357,21.083526611328125
21358,30.68828773498535
21359,11.431167602539062
21360,22.915651321411133
21361,20.741744995117188
21362,17.968496322631836
21363,16.90660858154297
21364,24.18728256225586
21365,27.878934860229492
21366,22.425338745117188
21367,17.257171630859375
21368,22.771886825561523
21369,10.926544189453125
21370,26.39556884765625
21371,14.90152359008789
21372,22.63780975341797
21373,21.603090286254883
21374,17.501726150512695
21375,18.118473052978516
21376,16.61932373046875
21377,14.260772705078125
21378,17.886445999145508
21379,31.069793701171875
21380,29.884288787841797
21381,27.99854850769043
21382,28.841495513916016
21383,19.69495391845703
21384,10.52380657196045
21385,24.805400848388672
21386,25.056068420410156
21387,16.22313690185547
21388,22.189390182495117
21389,26.515274047851562
21390,16.320518493652344
21391,13.990333557128906
21392,25.477611541748047
21393,31.24181365966797
21394,15.5501070022583
21395,19.054922103881836
21396,18.322078704833984
21397,18.825742721557617
21398,11.206117630004883
21399,25.10740852355957
21400,18.07552719116211
21401,20.60313606262207
21402,16.927417755126953
21403,15.541778564453125
21404,26.965229034423828
21405,25.893075942993164
21406,25.106109619140625
21407,33.315147399902344
21408,27.17076873779297
21409,19.66339111328125
21410,15.058368682861328
21411,24.20618438720703
21412,11.366772651672363
21413,31.18407440185547
21414,25.286056518554688
21415,32.36090850830078
21416,10.947617530822754
21417,21.628189086914062
21418,21.08121681213379
21419,30.686769485473633
21420,11.42974853515625
21421,22.914993286132812
21422,20.73839569091797
21423,17.968162536621094
21424,16.906558990478516
21425,24.185171127319336
21426,27.878501892089844
21427,22.42316436767578
21428,17.255252838134766
21429,22.771814346313477
21430,10.924924850463867
21431,26.393381118774414
21432,14.901932716369629
21433,22.63809585571289
21434,21.602264404296875
21435,17.500682830810547
21436,18.116779327392578
21437,16.618942260742188
21438,14.260260581970215
21439,17.8856258392334
21440,31.068960189819336
21441,29.882736206054688
21442,27.99620819091797
21443,28.839099884033203
21444,19.693452835083008
21445,10.523069381713867
21446,24.803241729736328
21447,25.055801391601562
21448,16.222768783569336
21449,22.187456130981445
21450,26.51473617553711
21451,16.319808959960938
21452,13.99084186553955
21453,25.477684020996094
21454,31.240686416625977
21455,15.548789024353027
21456,19.05348777770996
21457,18.321882247924805
21458,18.824424743652344
21459,11.203939437866211
21460,25.107664108276367
21461,18.074359893798828
21462,20.602365493774414
21463,16.925506591796875
21464,15.541003227233887
21465,26.961313247680664
21466,25.892976760864258
21467,25.103849411010742
21468,33.31624221801758
21469,27.170974731445312
21470,19.66152000427246
21471,15.057114601135254
21472,24.205053329467773
21473,11.365283012390137
21474,31.183143615722656
21475,25.28449058532715
21476,32.36009216308594
21477,10.946476936340332
21478,21.626340866088867
21479,21.078901290893555
21480,30.685260772705078
21481,11.428328514099121
21482,22.914337158203125
21483,20.735048294067383
21484,17.967838287353516
21485,16.906511306762695
21486,24.183073043823242
21487,27.87807846069336
21488,22.421010971069336
21489,17.253339767456055
21490,22.771738052368164
21491,10.923314094543457
21492,26.391183853149414
21493,14.902325630187988
21494,22.63838005065918
21495,21.60142707824707
21496,17.499643325805664
21497,18.115093231201172
21498,16.618566513061523
21499,14.259744644165039
21500,17.88481330871582
21501,31.068124771118164
21502,29.881168365478516
21503,27.99387550354004
21504,28.836702346801758
21505,19.691944122314453
21506,10.52233600616455
21507,24.801067352294922
21508,25.055538177490234
21509,16.222387313842773
21510,22.185510635375977
21511,26.514184951782227
21512,16.319116592407227
21513,13.991350173950195
21514,25.477766036987305
21515,31.239564895629883
21516,15.547473907470703
21517,19.052053451538086
21518,18.32170295715332
21519,18.82310676574707
21520,11.201757431030273
21521,25.107891082763672
21522,18.073205947875977
21523,20.601606369018555
21524,16.9235897064209
21525,15.54022216796875
21526,26.957372665405273
21527,25.892873764038086
21528,25.10157585144043
21529,33.31731414794922
21530,27.171161651611328
21531,19.659658432006836
21532,15.055874824523926
21533,24.20392417907715
21534,11.363790512084961
21535,31.182218551635742
21536,25.282934188842773
21537,32.35927963256836
21538,10.94533634185791
21539,21.6245059967041
21540,21.076595306396484
21541,30.68373680114746
21542,11.426910400390625
21543,22.913677215576172
21544,20.73170280456543
21545,17.96750831604004
21546,16.906463623046875
21547,24.180967330932617
21548,27.877660751342773
21549,22.41884422302246
21550,17.251413345336914
21551,22.771669387817383
21552,10.921695709228516
21553,26.388996124267578
21554,14.902719497680664
21555,22.638671875
21556,21.600597381591797
21557,17.49859046936035
21558,18.113407135009766
21559,16.61817169189453
21560,14.259233474731445
21561,17.88400650024414
21562,31.067293167114258
21563,29.879623413085938
21564,27.991540908813477
21565,28.834306716918945
21566,19.690439224243164
21567,10.521611213684082
21568,24.798906326293945
21569,25.05527687072754
21570,16.222009658813477
21571,22.183568954467773
21572,26.51365089416504
21573,16.318424224853516
21574,13.991856575012207
21575,25.477842330932617
21576,31.238462448120117
21577,15.546156883239746
21578,19.050621032714844
21579,18.321502685546875
21580,18.82177734375
21581,11.19957447052002
21582,25.108137130737305
21583,18.072050094604492
21584,20.600847244262695
21585,16.921682357788086
21586,15.53943920135498
21587,26.953474044799805
21588,25.892793655395508
21589,25.09931182861328
21590,33.31840133666992
21591,27.17136573791504
21592,19.657777786254883
21593,15.054631233215332
21594,24.202796936035156
21595,11.36230182647705
21596,31.18128204345703
21597,25.281373977661133
21598,32.35846710205078
21599,10.944197654724121
21600,21.62265968322754
21601,21.074277877807617
21602,30.682214736938477
21603,11.425477981567383
21604,22.913022994995117
21605,20.72835350036621
21606,17.967174530029297
21607,16.90642547607422
21608,24.178869247436523
21609,27.87724494934082
21610,22.416690826416016
21611,17.249496459960938
21612,22.7716007232666
21613,10.920080184936523
21614,26.38680648803711
21615,14.903117179870605
21616,22.63896369934082
21617,21.59977149963379
21618,17.497556686401367
21619,18.111719131469727
21620,16.617786407470703
21621,14.25871753692627
21622,17.883197784423828
21623,31.06646156311035
21624,29.878055572509766
21625,27.989200592041016
21626,28.8319091796875
21627,19.68894386291504
21628,10.520875930786133
21629,24.796724319458008
21630,25.055009841918945
21631,16.221633911132812
21632,22.181638717651367
21633,26.51310157775879
21634,16.317712783813477
21635,13.992371559143066
21636,25.477928161621094
21637,31.237335205078125
21638,15.544837951660156
21639,19.049175262451172
21640,18.321325302124023
21641,18.820465087890625
21642,11.19739055633545
21643,25.108381271362305
21644,18.070884704589844
21645,20.600082397460938
21646,16.919776916503906
21647,15.538658142089844
21648,26.94953155517578
21649,25.892698287963867
21650,25.097043991088867
21651,33.31948471069336
21652,27.171558380126953
21653,19.655899047851562
21654,15.053382873535156
21655,24.20166778564453
21656,11.360821723937988
21657,31.180347442626953
21658,25.279808044433594
21659,32.3576545715332
21660,10.943062782287598
21661,21.620817184448242
21662,21.071969985961914
21663,30.680700302124023
21664,11.424054145812988
21665,22.912357330322266
21666,20.725004196166992
21667,17.966842651367188
21668,16.9063720703125
21669,24.176759719848633
21670,27.8768253326416
21671,22.414522171020508
21672,17.24757957458496
21673,22.771530151367188
21674,10.918461799621582
21675,26.384611129760742
21676,14.903507232666016
21677,22.63924789428711
21678,21.598934173583984
21679,17.49651336669922
21680,18.11002540588379
21681,16.617406845092773
21682,14.258214950561523
21683,17.882389068603516
21684,31.065624237060547
21685,29.876516342163086
21686,27.986867904663086
21687,28.829511642456055
21688,19.687437057495117
21689,10.520143508911133
21690,24.794559478759766
21691,25.054746627807617
21692,16.22125244140625
21693,22.179685592651367
21694,26.512561798095703
21695,16.317012786865234
21696,13.992883682250977
21697,25.478004455566406
21698,31.23621940612793
21699,15.543523788452148
21700,19.047740936279297
21701,18.321130752563477
21702,18.819141387939453
21703,11.19521713256836
21704,25.108625411987305
21705,18.069726943969727
21706,20.599319458007812
21707,16.91786003112793
21708,15.537878036499023
21709,26.94561004638672
21710,25.89260482788086
21711,25.094776153564453
21712,33.32056427001953
21713,27.1717529296875
21714,19.65404510498047
21715,15.052143096923828
21716,24.200542449951172
21717,11.359333992004395
21718,31.179424285888672
21719,25.278240203857422
21720,32.35684585571289
21721,10.941917419433594
21722,21.618976593017578
21723,21.069664001464844
21724,30.679189682006836
21725,11.422629356384277
21726,22.911706924438477
21727,20.72165298461914
21728,17.96651268005371
21729,16.906333923339844
21730,24.174650192260742
21731,27.87639808654785
21732,22.412355422973633
21733,17.24564552307129
21734,22.771455764770508
21735,10.91684627532959
21736,26.382417678833008
21737,14.903912544250488
21738,22.639543533325195
21739,21.598102569580078
21740,17.495466232299805
21741,18.10833740234375
21742,16.61702537536621
21743,14.257698059082031
21744,17.881580352783203
21745,31.064790725708008
21746,29.874963760375977
21747,27.984533309936523
21748,28.827110290527344
21749,19.685937881469727
21750,10.519415855407715
21751,24.79239273071289
21752,25.054475784301758
21753,16.220874786376953
21754,22.177745819091797
21755,26.512012481689453
21756,16.31631088256836
21757,13.99339485168457
21758,25.478073120117188
21759,31.235103607177734
21760,15.542210578918457
21761,19.046308517456055
21762,18.32093620300293
21763,18.81783103942871
21764,11.193032264709473
21765,25.10886573791504
21766,18.068571090698242
21767,20.59856414794922
21768,16.91595458984375
21769,15.537102699279785
21770,26.94168472290039
21771,25.89250946044922
21772,25.092506408691406
21773,33.32164764404297
21774,27.171947479248047
21775,19.65217399597168
21776,15.050897598266602
21777,24.199411392211914
21778,11.357851028442383
21779,31.178499221801758
21780,25.276676177978516
21781,32.35604476928711
21782,10.940778732299805
21783,21.617137908935547
21784,21.067359924316406
21785,30.677669525146484
21786,11.421211242675781
21787,22.911052703857422
21788,20.718305587768555
21789,17.966188430786133
21790,16.906288146972656
21791,24.172550201416016
21792,27.8759765625
21793,22.410198211669922
21794,17.243728637695312
21795,22.771385192871094
21796,10.915237426757812
21797,26.380224227905273
21798,14.904309272766113
21799,22.639829635620117
21800,21.597267150878906
21801,17.494430541992188
21802,18.10664939880371
21803,16.61664581298828
21804,14.257193565368652
21805,17.880767822265625
21806,31.0639591217041
21807,29.873397827148438
21808,27.982202529907227
21809,28.824710845947266
21810,19.684432983398438
21811,10.518682479858398
21812,24.79022216796875
21813,25.05422592163086
21814,16.220504760742188
21815,22.17580223083496
21816,26.511472702026367
21817,16.315614700317383
21818,13.99390983581543
21819,25.47815704345703
21820,31.233993530273438
21821,15.54089641571045
21822,19.044862747192383
21823,18.320741653442383
21824,18.816516876220703
21825,11.190848350524902
21826,25.10910987854004
21827,18.067407608032227
21828,20.59779930114746
21829,16.914047241210938
21830,15.536335945129395
21831,26.937761306762695
21832,25.892417907714844
21833,25.09024429321289
21834,33.32273483276367
21835,27.172163009643555
21836,19.650293350219727
21837,15.049651145935059
21838,24.19828987121582
21839,11.356372833251953
21840,31.17755699157715
21841,25.275108337402344
21842,32.35523223876953
21843,10.939635276794434
21844,21.61528778076172
21845,21.065044403076172
21846,30.676151275634766
21847,11.419783592224121
21848,22.91038703918457
21849,20.714956283569336
21850,17.96586036682129
21851,16.90624237060547
21852,24.170440673828125
21853,27.87555694580078
21854,22.408016204833984
21855,17.24181365966797
21856,22.771318435668945
21857,10.913619041442871
21858,26.37803840637207
21859,14.904715538024902
21860,22.640127182006836
21861,21.596437454223633
21862,17.493392944335938
21863,18.10495948791504
21864,16.616273880004883
21865,14.256678581237793
21866,17.87995147705078
21867,31.063129425048828
21868,29.871849060058594
21869,27.979860305786133
21870,28.822307586669922
21871,19.682931900024414
21872,10.517952919006348
21873,24.788055419921875
21874,25.053966522216797
21875,16.220130920410156
21876,22.173870086669922
21877,26.510927200317383
21878,16.314910888671875
21879,13.994421005249023
21880,25.478233337402344
21881,31.232877731323242
21882,15.539583206176758
21883,19.043428421020508
21884,18.320554733276367
21885,18.815195083618164
21886,11.188667297363281
21887,25.10934829711914
21888,18.066246032714844
21889,20.5970458984375
21890,16.91213035583496
21891,15.53555679321289
21892,26.9338436126709
21893,25.89232063293457
21894,25.087974548339844
21895,33.323814392089844
21896,27.172365188598633
21897,19.648426055908203
21898,15.048407554626465
21899,24.19716453552246
21900,11.35488510131836
21901,31.176631927490234
21902,25.273550033569336
21903,32.35441970825195
21904,10.938501358032227
21905,21.61344337463379
21906,21.06273078918457
21907,30.67463493347168
21908,11.418371200561523
21909,22.909732818603516
21910,20.71160888671875
21911,17.965532302856445
21912,16.90620231628418
21913,24.168336868286133
21914,27.875133514404297
21915,22.405864715576172
21916,17.239892959594727
21917,22.771238327026367
21918,10.912002563476562
21919,26.375837326049805
21920,14.905123710632324
21921,22.640424728393555
21922,21.595617294311523
21923,17.492361068725586
21924,18.103273391723633
21925,16.61589241027832
21926,14.256156921386719
21927,17.879146575927734
21928,31.062297821044922
21929,29.870290756225586
21930,27.9775333404541
21931,28.819917678833008
21932,19.681432723999023
21933,10.51722240447998
21934,24.785888671875
21935,25.05368995666504
21936,16.219758987426758
21937,22.17193031311035
21938,26.510385513305664
21939,16.314220428466797
21940,13.994930267333984
21941,25.478307723999023
21942,31.231748580932617
21943,15.538275718688965
21944,19.041990280151367
21945,18.320375442504883
21946,18.813884735107422
21947,11.186482429504395
21948,25.109586715698242
21949,18.065086364746094
21950,20.596271514892578
21951,16.910219192504883
21952,15.53477668762207
21953,26.9299259185791
21954,25.892236709594727
21955,25.08570671081543
21956,33.32490539550781
21957,27.17255210876465
21958,19.64655876159668
21959,15.047167778015137
21960,24.196043014526367
21961,11.353399276733398
21962,31.17569923400879
21963,25.27199363708496
21964,32.35363006591797
21965,10.937355995178223
21966,21.611608505249023
21967,21.060426712036133
21968,30.673112869262695
21969,11.416942596435547
21970,22.90907859802246
21971,20.7082576751709
21972,17.96520233154297
21973,16.906158447265625
21974,24.166236877441406
21975,27.874717712402344
21976,22.403717041015625
21977,17.237977981567383
21978,22.77116584777832
21979,10.91040325164795
21980,26.373640060424805
21981,14.905534744262695
21982,22.640716552734375
21983,21.594776153564453
21984,17.491304397583008
21985,18.101587295532227
21986,16.615510940551758
21987,14.255645751953125
21988,17.878326416015625
21989,31.061466217041016
21990,29.868738174438477
21991,27.97519874572754
21992,28.817516326904297
21993,19.6799259185791
21994,10.516498565673828
21995,24.78373146057129
21996,25.05343246459961
21997,16.219383239746094
21998,22.169981002807617
21999,26.50984764099121
22000,16.31352424621582
22001,13.995451927185059
22002,25.478389739990234
22003,31.230628967285156
22004,15.536968231201172
22005,19.040546417236328
22006,18.3201904296875
22007,18.812564849853516
22008,11.184298515319824
22009,25.10983657836914
22010,18.06393051147461
22011,20.595516204833984
22012,16.908308029174805
22013,15.534006118774414
22014,26.926000595092773
22015,25.892147064208984
22016,25.083452224731445
22017,33.32597732543945
22018,27.172761917114258
22019,19.644695281982422
22020,15.045920372009277
22021,24.194913864135742
22022,11.35191822052002
22023,31.17477798461914
22024,25.270437240600586
22025,32.352806091308594
22026,10.936217308044434
22027,21.60977554321289
22028,21.058122634887695
22029,30.671585083007812
22030,11.415513038635254
22031,22.90842056274414
22032,20.70490837097168
22033,17.96487045288086
22034,16.906118392944336
22035,24.164140701293945
22036,27.874296188354492
22037,22.401567459106445
22038,17.236051559448242
22039,22.771085739135742
22040,10.908790588378906
22041,26.371450424194336
22042,14.905933380126953
22043,22.641008377075195
22044,21.59393882751465
22045,17.490259170532227
22046,18.09990882873535
22047,16.615140914916992
22048,14.255134582519531
22049,17.87751579284668
22050,31.060625076293945
22051,29.867170333862305
22052,27.972871780395508
22053,28.81511878967285
22054,19.678430557250977
22055,10.515771865844727
22056,24.781557083129883
22057,25.053176879882812
22058,16.2189998626709
22059,22.168041229248047
22060,26.509302139282227
22061,16.31282615661621
22062,13.995959281921387
22063,25.47847557067871
22064,31.22951316833496
22065,15.535654067993164
22066,19.039108276367188
22067,18.320005416870117
22068,18.811241149902344
22069,11.182116508483887
22070,25.110092163085938
22071,18.062772750854492
22072,20.594751358032227
22073,16.906394958496094
22074,15.533219337463379
22075,26.922067642211914
22076,25.89205551147461
22077,25.081193923950195
22078,33.32707214355469
22079,27.172950744628906
22080,19.642826080322266
22081,15.044683456420898
22082,24.193784713745117
22083,11.350425720214844
22084,31.17384147644043
22085,25.268882751464844
22086,32.35200119018555
22087,10.935074806213379
22088,21.60793685913086
22089,21.055809020996094
22090,30.670063018798828
22091,11.414085388183594
22092,22.907764434814453
22093,20.70155906677246
22094,17.964540481567383
22095,16.906082153320312
22096,24.162033081054688
22097,27.873882293701172
22098,22.399410247802734
22099,17.234127044677734
22100,22.771018981933594
22101,10.907173156738281
22102,26.3692569732666
22103,14.906336784362793
22104,22.641307830810547
22105,21.593093872070312
22106,17.48922348022461
22107,18.098224639892578
22108,16.61475944519043
22109,14.254627227783203
22110,17.876705169677734
22111,31.059795379638672
22112,29.865623474121094
22113,27.970539093017578
22114,28.812725067138672
22115,19.67692756652832
22116,10.515046119689941
22117,24.77939224243164
22118,25.052906036376953
22119,16.218624114990234
22120,22.166099548339844
22121,26.50876235961914
22122,16.312137603759766
22123,13.99647045135498
22124,25.478557586669922
22125,31.2283992767334
22126,15.534341812133789
22127,19.037673950195312
22128,18.319822311401367
22129,18.809925079345703
22130,11.17992877960205
22131,25.110336303710938
22132,18.06160545349121
22133,20.593990325927734
22134,16.904481887817383
22135,15.532445907592773
22136,26.91814613342285
22137,25.8919677734375
22138,25.078937530517578
22139,33.328163146972656
22140,27.173160552978516
22141,19.64095687866211
22142,15.043439865112305
22143,24.192659378051758
22144,11.348941802978516
22145,31.172908782958984
22146,25.267333984375
22147,32.35118865966797
22148,10.933929443359375
22149,21.606096267700195
22150,21.053491592407227
22151,30.668550491333008
22152,11.412651062011719
22153,22.907106399536133
22154,20.69820213317871
22155,17.96422004699707
22156,16.906047821044922
22157,24.159931182861328
22158,27.873449325561523
22159,22.397262573242188
22160,17.232206344604492
22161,22.770933151245117
22162,10.90557861328125
22163,26.367053985595703
22164,14.90673828125
22165,22.641597747802734
22166,21.592273712158203
22167,17.488178253173828
22168,18.096542358398438
22169,16.6143856048584
22170,14.254107475280762
22171,17.875890731811523
22172,31.0589542388916
22173,29.864065170288086
22174,27.96820831298828
22175,28.81032943725586
22176,19.675432205200195
22177,10.514321327209473
22178,24.777240753173828
22179,25.05266571044922
22180,16.2182559967041
22181,22.16415786743164
22182,26.508216857910156
22183,16.311450958251953
22184,13.99698257446289
22185,25.478641510009766
22186,31.2272891998291
22187,15.533045768737793
22188,19.036235809326172
22189,18.319637298583984
22190,18.808603286743164
22191,11.177748680114746
22192,25.110576629638672
22193,18.060449600219727
22194,20.593236923217773
22195,16.90257453918457
22196,15.531668663024902
22197,26.914226531982422
22198,25.89187240600586
22199,25.076669692993164
22200,33.32925033569336
22201,27.17337417602539
22202,19.639087677001953
22203,15.042190551757812
22204,24.191532135009766
22205,11.347453117370605
22206,31.1719913482666
22207,25.26577377319336
22208,32.35038757324219
22209,10.932788848876953
22210,21.604263305664062
22211,21.051185607910156
22212,30.66703224182129
22213,11.411227226257324
22214,22.906450271606445
22215,20.69485092163086
22216,17.96390151977539
22217,16.906007766723633
22218,24.15782928466797
22219,27.873046875
22220,22.39510726928711
22221,17.230287551879883
22222,22.770870208740234
22223,10.903969764709473
22224,26.364856719970703
22225,14.907139778137207
22226,22.64189338684082
22227,21.591432571411133
22228,17.487140655517578
22229,18.094863891601562
22230,16.614011764526367
22231,14.2535982131958
22232,17.875080108642578
22233,31.058128356933594
22234,29.86252212524414
22235,27.965883255004883
22236,28.807926177978516
22237,19.673934936523438
22238,10.513593673706055
22239,24.775070190429688
22240,25.052391052246094
22241,16.217880249023438
22242,22.162214279174805
22243,26.507678985595703
22244,16.310758590698242
22245,13.997505187988281
22246,25.47872543334961
22247,31.226171493530273
22248,15.531732559204102
22249,19.034799575805664
22250,18.319456100463867
22251,18.80729103088379
22252,11.175558090209961
22253,25.11082649230957
22254,18.059282302856445
22255,20.592472076416016
22256,16.90065574645996
22257,15.53089714050293
22258,26.91029930114746
22259,25.891780853271484
22260,25.074411392211914
22261,33.330345153808594
22262,27.173566818237305
22263,19.63722801208496
22264,15.040948867797852
22265,24.19040298461914
22266,11.345969200134277
22267,31.171058654785156
22268,25.264219284057617
22269,32.349586486816406
22270,10.931649208068848
22271,21.6024227142334
22272,21.048879623413086
22273,30.665517807006836
22274,11.409809112548828
22275,22.905797958374023
22276,20.69149398803711
22277,17.96356773376465
22278,16.905969619750977
22279,24.155729293823242
22280,27.87262535095215
22281,22.39295196533203
22282,17.228364944458008
22283,22.770803451538086
22284,10.902359962463379
22285,26.36266326904297
22286,14.90754508972168
22287,22.642187118530273
22288,21.59059715270996
22289,17.48609733581543
22290,18.093175888061523
22291,16.613622665405273
22292,14.253089904785156
22293,17.87427520751953
22294,31.05729866027832
22295,29.860963821411133
22296,27.963544845581055
22297,28.805517196655273
22298,19.672422409057617
22299,10.512871742248535
22300,24.77290153503418
22301,25.052127838134766
22302,16.21750259399414
22303,22.1602725982666
22304,26.507129669189453
22305,16.310068130493164
22306,13.998016357421875
22307,25.47881317138672
22308,31.225055694580078
22309,15.530425071716309
22310,19.033357620239258
22311,18.31926727294922
22312,18.80598258972168
22313,11.173379898071289
22314,25.11107063293457
22315,18.05813217163086
22316,20.591716766357422
22317,16.898740768432617
22318,15.530118942260742
22319,26.906383514404297
22320,25.891695022583008
22321,25.072153091430664
22322,33.331424713134766
22323,27.173763275146484
22324,19.63536834716797
22325,15.039703369140625
22326,24.18928337097168
22327,11.344480514526367
22328,31.17013168334961
22329,25.262666702270508
22330,32.348785400390625
22331,10.93050479888916
22332,21.6005802154541
22333,21.046567916870117
22334,30.663984298706055
22335,11.408370971679688
22336,22.905147552490234
22337,20.688133239746094
22338,17.963253021240234
22339,16.90593910217285
22340,24.153623580932617
22341,27.872217178344727
22342,22.390796661376953
22343,17.2264347076416
22344,22.770723342895508
22345,10.900742530822754
22346,26.360464096069336
22347,14.907941818237305
22348,22.642475128173828
22349,21.58976173400879
22350,17.485057830810547
22351,18.091506958007812
22352,16.61324691772461
22353,14.252578735351562
22354,17.87346649169922
22355,31.05646514892578
22356,29.859411239624023
22357,27.96122169494629
22358,28.803133010864258
22359,19.670928955078125
22360,10.512142181396484
22361,24.77073097229004
22362,25.051864624023438
22363,16.217126846313477
22364,22.158321380615234
22365,26.5065975189209
22366,16.309383392333984
22367,13.998531341552734
22368,25.478899002075195
22369,31.223960876464844
22370,15.529114723205566
22371,19.031919479370117
22372,18.319080352783203
22373,18.804656982421875
22374,11.171189308166504
22375,25.111318588256836
22376,18.056968688964844
22377,20.59095573425293
22378,16.896831512451172
22379,15.529348373413086
22380,26.902467727661133
22381,25.891603469848633
22382,25.069902420043945
22383,33.3325080871582
22384,27.173959732055664
22385,19.633512496948242
22386,15.03846263885498
22387,24.188142776489258
22388,11.34299373626709
22389,31.16921043395996
22390,25.261106491088867
22391,32.347965240478516
22392,10.929357528686523
22393,21.598745346069336
22394,21.044252395629883
22395,30.662466049194336
22396,11.406941413879395
22397,22.90449333190918
22398,20.684778213500977
22399,17.962923049926758
22400,16.905902862548828
22401,24.151521682739258
22402,27.871809005737305
22403,22.388648986816406
22404,17.224512100219727
22405,22.770662307739258
22406,10.89914321899414
22407,26.3582706451416
22408,14.908343315124512
22409,22.64277458190918
22410,21.588930130004883
22411,17.48401641845703
22412,18.089826583862305
22413,16.612873077392578
22414,14.252068519592285
22415,17.872671127319336
22416,31.055635452270508
22417,29.857851028442383
22418,27.95889663696289
22419,28.800729751586914
22420,19.669435501098633
22421,10.511415481567383
22422,24.768577575683594
22423,25.051610946655273
22424,16.216745376586914
22425,22.156381607055664
22426,26.506053924560547
22427,16.30868911743164
22428,13.999051094055176
22429,25.47898292541504
22430,31.222858428955078
22431,15.527811050415039
22432,19.030487060546875
22433,18.31890106201172
22434,18.803342819213867
22435,11.169005393981934
22436,25.111574172973633
22437,18.055803298950195
22438,20.590194702148438
22439,16.89491081237793
22440,15.528571128845215
22441,26.898548126220703
22442,25.89151382446289
22443,25.06764030456543
22444,33.333595275878906
22445,27.174150466918945
22446,19.631643295288086
22447,15.037224769592285
22448,24.187015533447266
22449,11.341504096984863
22450,31.168277740478516
22451,25.25954818725586
22452,32.347171783447266
22453,10.928214073181152
22454,21.596908569335938
22455,21.041946411132812
22456,30.660940170288086
22457,11.40550708770752
22458,22.903833389282227
22459,20.681419372558594
22460,17.962596893310547
22461,16.90587615966797
22462,24.149417877197266
22463,27.87139892578125
22464,22.386499404907227
22465,17.222583770751953
22466,22.770584106445312
22467,10.897541046142578
22468,26.3560791015625
22469,14.908750534057617
22470,22.64307403564453
22471,21.588088989257812
22472,17.482973098754883
22473,18.08814811706543
22474,16.612497329711914
22475,14.251557350158691
22476,17.871845245361328
22477,31.054805755615234
22478,29.856311798095703
22479,27.956571578979492
22480,28.79833221435547
22481,19.667926788330078
22482,10.510699272155762
22483,24.766414642333984
22484,25.051349639892578
22485,16.216373443603516
22486,22.154436111450195
22487,26.50551414489746
22488,16.308002471923828
22489,13.999563217163086
22490,25.479063034057617
22491,31.221736907958984
22492,15.526500701904297
22493,19.0290470123291
22494,18.318716049194336
22495,18.802032470703125
22496,11.166818618774414
22497,25.111825942993164
22498,18.054643630981445
22499,20.589445114135742
22500,16.89299964904785
22501,15.527791976928711
22502,26.894611358642578
22503,25.891420364379883
22504,25.065383911132812
22505,33.33467483520508
22506,27.17436408996582
22507,19.629791259765625
22508,15.035980224609375
22509,24.185897827148438
22510,11.34001636505127
22511,31.1673641204834
22512,25.25799560546875
22513,32.34636306762695
22514,10.927075386047363
22515,21.59506607055664
22516,21.03963851928711
22517,30.659425735473633
22518,11.404081344604492
22519,22.903181076049805
22520,20.678064346313477
22521,17.9622745513916
22522,16.905841827392578
22523,24.14731788635254
22524,27.870983123779297
22525,22.384347915649414
22526,17.220661163330078
22527,22.770524978637695
22528,10.89592456817627
22529,26.35387420654297
22530,14.909146308898926
22531,22.643362045288086
22532,21.587261199951172
22533,17.481929779052734
22534,18.086467742919922
22535,16.61211395263672
22536,14.251045227050781
22537,17.871051788330078
22538,31.053972244262695
22539,29.85476303100586
22540,27.954235076904297
22541,28.79591941833496
22542,19.666431427001953
22543,10.509971618652344
22544,24.764238357543945
22545,25.05108642578125
22546,16.215991973876953
22547,22.152490615844727
22548,26.504981994628906
22549,16.307313919067383
22550,14.000082015991211
22551,25.479150772094727
22552,31.220624923706055
22553,15.525198936462402
22554,19.027610778808594
22555,18.318540573120117
22556,18.80071449279785
22557,11.16463851928711
22558,25.112075805664062
22559,18.053485870361328
22560,20.588687896728516
22561,16.89108657836914
22562,15.527013778686523
22563,26.89069366455078
22564,25.891326904296875
22565,25.063114166259766
22566,33.33576202392578
22567,27.174558639526367
22568,19.627918243408203
22569,15.034745216369629
22570,24.184764862060547
22571,11.33852767944336
22572,31.166439056396484
22573,25.256439208984375
22574,32.3455696105957
22575,10.925938606262207
22576,21.59322738647461
22577,21.03732681274414
22578,30.65790557861328
22579,11.4026460647583
22580,22.90253448486328
22581,20.674701690673828
22582,17.96195411682129
22583,16.905818939208984
22584,24.14521026611328
22585,27.870573043823242
22586,22.382183074951172
22587,17.218730926513672
22588,22.77045440673828
22589,10.894314765930176
22590,26.3516788482666
22591,14.909547805786133
22592,22.643644332885742
22593,21.58642578125
22594,17.480884552001953
22595,18.084796905517578
22596,16.611738204956055
22597,14.25053882598877
22598,17.8702392578125
22599,31.053150177001953
22600,29.853219985961914
22601,27.951915740966797
22602,28.793529510498047
22603,19.664932250976562
22604,10.509251594543457
22605,24.7620792388916
22606,25.050832748413086
22607,16.21561050415039
22608,22.150545120239258
22609,26.504432678222656
22610,16.306625366210938
22611,14.000601768493652
22612,25.479248046875
22613,31.219532012939453
22614,15.523887634277344
22615,19.02617073059082
22616,18.318349838256836
22617,18.79939842224121
22618,11.162452697753906
22619,25.112333297729492
22620,18.05232810974121
22621,20.587928771972656
22622,16.889171600341797
22623,15.526244163513184
22624,26.886770248413086
22625,25.891244888305664
22626,25.060840606689453
22627,33.336849212646484
22628,27.174762725830078
22629,19.626054763793945
22630,15.033506393432617
22631,24.183637619018555
22632,11.33703327178955
22633,31.165515899658203
22634,25.2548770904541
22635,32.34477233886719
22636,10.92479419708252
22637,21.591379165649414
22638,21.035017013549805
22639,30.65637969970703
22640,11.401212692260742
22641,22.901884078979492
22642,20.671335220336914
22643,17.961641311645508
22644,16.905780792236328
22645,24.143110275268555
22646,27.87017059326172
22647,22.38002586364746
22648,17.216806411743164
22649,22.7703914642334
22650,10.892709732055664
22651,26.349485397338867
22652,14.909929275512695
22653,22.643930435180664
22654,21.585588455200195
22655,17.479841232299805
22656,18.083120346069336
22657,16.611351013183594
22658,14.250045776367188
22659,17.86944580078125
22660,31.05233383178711
22661,29.851686477661133
22662,27.9495849609375
22663,28.791128158569336
22664,19.663434982299805
22665,10.508528709411621
22666,24.75991439819336
22667,25.050559997558594
22668,16.215227127075195
22669,22.148597717285156
22670,26.5039119720459
22671,16.305944442749023
22672,14.001121520996094
22673,25.479337692260742
22674,31.218460083007812
22675,15.522586822509766
22676,19.024730682373047
22677,18.318157196044922
22678,18.79808807373047
22679,11.160268783569336
22680,25.112594604492188
22681,18.051162719726562
22682,20.58717155456543
22683,16.88724708557129
22684,15.525456428527832
22685,26.882856369018555
22686,25.891157150268555
22687,25.05858612060547
22688,33.33792495727539
22689,27.17495346069336
22690,19.62420082092285
22691,15.032256126403809
22692,24.182497024536133
22693,11.33554458618164
22694,31.164594650268555
22695,25.253320693969727
22696,32.34397888183594
22697,10.923645973205566
22698,21.58954429626465
22699,21.03270149230957
22700,30.65485191345215
22701,11.399772644042969
22702,22.9012451171875
22703,20.667970657348633
22704,17.961318969726562
22705,16.905752182006836
22706,24.141006469726562
22707,27.869768142700195
22708,22.377870559692383
22709,17.21487045288086
22710,22.770322799682617
22711,10.89109992980957
22712,26.347286224365234
22713,14.910326957702637
22714,22.64421844482422
22715,21.58475685119629
22716,17.478796005249023
22717,18.081451416015625
22718,16.6109619140625
22719,14.249544143676758
22720,17.86864471435547
22721,31.051509857177734
22722,29.850139617919922
22723,27.947254180908203
22724,28.788721084594727
22725,19.661941528320312
22726,10.50780963897705
22727,24.75774574279785
22728,25.050294876098633
22729,16.214841842651367
22730,22.14664649963379
22731,26.503381729125977
22732,16.305265426635742
22733,14.001633644104004
22734,25.47943687438965
22735,31.217370986938477
22736,15.521285057067871
22737,19.02329444885254
22738,18.317956924438477
22739,18.79677391052246
22740,11.158085823059082
22741,25.11284828186035
22742,18.05000877380371
22743,20.586423873901367
22744,16.885332107543945
22745,15.524678230285645
22746,26.878950119018555
22747,25.891061782836914
22748,25.056325912475586
22749,33.338993072509766
22750,27.17514991760254
22751,19.62236213684082
22752,15.03101634979248
22753,24.181365966796875
22754,11.334038734436035
22755,31.163679122924805
22756,25.25177574157715
22757,32.34316635131836
22758,10.92249870300293
22759,21.58770179748535
22760,21.030385971069336
22761,30.653329849243164
22762,11.398322105407715
22763,22.900596618652344
22764,20.664602279663086
22765,17.960996627807617
22766,16.905738830566406
22767,24.1389102935791
22768,27.869375228881836
22769,22.3757266998291
22770,17.212934494018555
22771,22.770267486572266
22772,10.889495849609375
22773,26.34510040283203
22774,14.9107084274292
22775,22.644493103027344
22776,21.58391761779785
22777,17.47774887084961
22778,18.07977867126465
22779,16.610576629638672
22780,14.249040603637695
22781,17.86784553527832
22782,31.050691604614258
22783,29.848604202270508
22784,27.944929122924805
22785,28.786314010620117
22786,19.66044044494629
22787,10.507085800170898
22788,24.75557518005371
22789,25.050024032592773
22790,16.21445655822754
22791,22.144695281982422
22792,26.50284194946289
22793,16.30458641052246
22794,14.00216007232666
22795,25.47953224182129
22796,31.21628189086914
22797,15.51998233795166
22798,19.021848678588867
22799,18.317771911621094
22800,18.795459747314453
22801,11.155895233154297
22802,25.113109588623047
22803,18.048852920532227
22804,20.58566665649414
22805,16.883407592773438
22806,15.523898124694824
22807,26.87503433227539
22808,25.890972137451172
22809,25.054061889648438
22810,33.34006881713867
22811,27.17534828186035
22812,19.620494842529297
22813,15.02978229522705
22814,24.180233001708984
22815,11.332550048828125
22816,31.16275978088379
22817,25.25020980834961
22818,32.34237289428711
22819,10.921351432800293
22820,21.585857391357422
22821,21.028072357177734
22822,30.651805877685547
22823,11.396886825561523
22824,22.899946212768555
22825,20.661224365234375
22826,17.960683822631836
22827,16.90571403503418
22828,24.13680648803711
22829,27.868972778320312
22830,22.37357521057129
22831,17.211000442504883
22832,22.77019691467285
22833,10.887884140014648
22834,26.342906951904297
22835,14.91109561920166
22836,22.644779205322266
22837,21.583084106445312
22838,17.476703643798828
22839,18.078113555908203
22840,16.610185623168945
22841,14.248549461364746
22842,17.86704444885254
22843,31.04987335205078
22844,29.84705924987793
22845,27.94260597229004
22846,28.783916473388672
22847,19.6589412689209
22848,10.50637149810791
22849,24.7534122467041
22850,25.04975128173828
22851,16.214059829711914
22852,22.14274787902832
22853,26.502309799194336
22854,16.303905487060547
22855,14.002679824829102
22856,25.479637145996094
22857,31.21521759033203
22858,15.518682479858398
22859,19.020414352416992
22860,18.31756591796875
22861,18.794151306152344
22862,11.153707504272461
22863,25.113378524780273
22864,18.047691345214844
22865,20.584915161132812
22866,16.88148307800293
22867,15.523124694824219
22868,26.871135711669922
22869,25.890869140625
22870,25.051803588867188
22871,33.34113311767578
22872,27.175539016723633
22873,19.618648529052734
22874,15.028543472290039
22875,24.179100036621094
22876,11.331045150756836
22877,31.161846160888672
22878,25.248653411865234
22879,32.341575622558594
22880,10.920208930969238
22881,21.58401870727539
22882,21.0257625579834
22883,30.6502685546875
22884,11.395440101623535
22885,22.899307250976562
22886,20.65786361694336
22887,17.960369110107422
22888,16.90569496154785
22889,24.134708404541016
22890,27.868579864501953
22891,22.371414184570312
22892,17.209064483642578
22893,22.7701416015625
22894,10.88627815246582
22895,26.34071159362793
22896,14.911479949951172
22897,22.64506721496582
22898,21.58224868774414
22899,17.47565460205078
22900,18.07644271850586
22901,16.60979461669922
22902,14.248062133789062
22903,17.866262435913086
22904,31.049057006835938
22905,29.84553337097168
22906,27.940265655517578
22907,28.781503677368164
22908,19.65744400024414
22909,10.505650520324707
22910,24.751232147216797
22911,25.049476623535156
22912,16.21367835998535
22913,22.14079475402832
22914,26.501773834228516
22915,16.303226470947266
22916,14.003199577331543
22917,25.479738235473633
22918,31.214149475097656
22919,15.517376899719238
22920,19.018972396850586
22921,18.317371368408203
22922,18.792844772338867
22923,11.15152645111084
22924,25.1136474609375
22925,18.04653549194336
22926,20.58417510986328
22927,16.87956428527832
22928,15.522339820861816
22929,26.867229461669922
22930,25.890779495239258
22931,25.04953384399414
22932,33.342201232910156
22933,27.175743103027344
22934,19.616806030273438
22935,15.027304649353027
22936,24.177955627441406
22937,11.329546928405762
22938,31.16094970703125
22939,25.247093200683594
22940,32.34079360961914
22941,10.919054985046387
22942,21.582168579101562
22943,21.02344512939453
22944,30.648746490478516
22945,11.393987655639648
22946,22.898677825927734
22947,20.65448570251465
22948,17.960052490234375
22949,16.90567970275879
22950,24.132598876953125
22951,27.868196487426758
22952,22.36924171447754
22953,17.207124710083008
22954,22.77008628845215
22955,10.884672164916992
22956,26.33852195739746
22957,14.911852836608887
22958,22.64533805847168
22959,21.5814151763916
22960,17.47461700439453
22961,18.07477378845215
22962,16.609394073486328
22963,14.247564315795898
22964,17.86547088623047
22965,31.048242568969727
22966,29.844017028808594
22967,27.93793487548828
22968,28.779102325439453
22969,19.655941009521484
22970,10.504927635192871
22971,24.749073028564453
22972,25.049209594726562
22973,16.21328353881836
22974,22.13884162902832
22975,26.501251220703125
22976,16.302549362182617
22977,14.0037202835083
22978,25.479841232299805
22979,31.21308708190918
22980,15.516081809997559
22981,19.017534255981445
22982,18.31716537475586
22983,18.79153823852539
22984,11.149340629577637
22985,25.113906860351562
22986,18.045373916625977
22987,20.583415985107422
22988,16.877639770507812
22989,15.521563529968262
22990,26.863332748413086
22991,25.890682220458984
22992,25.047271728515625
22993,33.34326934814453
22994,27.175935745239258
22995,19.61495018005371
22996,15.0260648727417
22997,24.176820755004883
22998,11.328045845031738
22999,31.160032272338867
23000,25.245546340942383
23001,32.34000015258789
23002,10.917906761169434
23003,21.580326080322266
23004,21.021129608154297
23005,30.647220611572266
23006,11.392537117004395
23007,22.898035049438477
23008,20.651111602783203
23009,17.959735870361328
23010,16.905656814575195
23011,24.130495071411133
23012,27.867801666259766
23013,22.367080688476562
23014,17.20518684387207
23015,22.770038604736328
23016,10.883063316345215
23017,26.33633041381836
23018,14.912229537963867
23019,22.64561653137207
23020,21.580591201782227
23021,17.473581314086914
23022,18.07310676574707
23023,16.609010696411133
23024,14.247079849243164
23025,17.864681243896484
23026,31.047428131103516
23027,29.84246253967285
23028,27.935611724853516
23029,28.776702880859375
23030,19.654438018798828
23031,10.504202842712402
23032,24.746902465820312
23033,25.048954010009766
23034,16.212890625
23035,22.13689613342285
23036,26.500713348388672
23037,16.301868438720703
23038,14.004243850708008
23039,25.479944229125977
23040,31.211999893188477
23041,15.514768600463867
23042,19.016094207763672
23043,18.316984176635742
23044,18.790225982666016
23045,11.14715576171875
23046,25.114164352416992
23047,18.044218063354492
23048,20.582666397094727
23049,16.875720977783203
23050,15.52078628540039
23051,26.85941505432129
23052,25.890594482421875
23053,25.04500389099121
23054,33.344329833984375
23055,27.176124572753906
23056,19.613100051879883
23057,15.024826049804688
23058,24.175695419311523
23059,11.326547622680664
23060,31.15911865234375
23061,25.24397850036621
23062,32.33920669555664
23063,10.916760444641113
23064,21.57847785949707
23065,21.018808364868164
23066,30.645694732666016
23067,11.391097068786621
23068,22.897397994995117
23069,20.647741317749023
23070,17.95941734313965
23071,16.9056396484375
23072,24.128393173217773
23073,27.867403030395508
23074,22.36492347717285
23075,17.203256607055664
23076,22.769987106323242
23077,10.881448745727539
23078,26.33413314819336
23079,14.912627220153809
23080,22.64590072631836
23081,21.579763412475586
23082,17.472543716430664
23083,18.071435928344727
23084,16.608619689941406
23085,14.246574401855469
23086,17.8638916015625
23087,31.04660987854004
23088,29.840940475463867
23089,27.93328094482422
23090,28.774295806884766
23091,19.652942657470703
23092,10.5034818649292
23093,24.744735717773438
23094,25.04867935180664
23095,16.21251678466797
23096,22.134946823120117
23097,26.50018882751465
23098,16.301185607910156
23099,14.004761695861816
23100,25.48004722595215
23101,31.2109317779541
23102,15.513468742370605
23103,19.014652252197266
23104,18.316791534423828
23105,18.788921356201172
23106,11.144969940185547
23107,25.11444091796875
23108,18.043062210083008
23109,20.581920623779297
23110,16.873811721801758
23111,15.520008087158203
23112,26.855512619018555
23113,25.890504837036133
23114,25.042736053466797
23115,33.345420837402344
23116,27.176326751708984
23117,19.61124610900879
23118,15.023591041564941
23119,24.1745662689209
23120,11.325057029724121
23121,31.158206939697266
23122,25.24241828918457
23123,32.33840560913086
23124,10.915620803833008
23125,21.576635360717773
23126,21.016504287719727
23127,30.64417266845703
23128,11.389657974243164
23129,22.896757125854492
23130,20.644372940063477
23131,17.959108352661133
23132,16.905628204345703
23133,24.126293182373047
23134,27.86701011657715
23135,22.362762451171875
23136,17.201322555541992
23137,22.769922256469727
23138,10.879844665527344
23139,26.331947326660156
23140,14.913022994995117
23141,22.64619255065918
23142,21.578935623168945
23143,17.471498489379883
23144,18.069765090942383
23145,16.608232498168945
23146,14.246075630187988
23147,17.86309242248535
23148,31.045795440673828
23149,29.83939552307129
23150,27.930957794189453
23151,28.771888732910156
23152,19.651447296142578
23153,10.502763748168945
23154,24.742572784423828
23155,25.048429489135742
23156,16.212125778198242
23157,22.132997512817383
23158,26.499656677246094
23159,16.300504684448242
23160,14.005287170410156
23161,25.480144500732422
23162,31.20985221862793
23163,15.512163162231445
23164,19.01321792602539
23165,18.31659507751465
23166,18.78761100769043
23167,11.14278507232666
23168,25.114700317382812
23169,18.041900634765625
23170,20.581165313720703
23171,16.871885299682617
23172,15.519234657287598
23173,26.851593017578125
23174,25.890422821044922
23175,25.04047203063965
23176,33.34649658203125
23177,27.17652702331543
23178,19.609390258789062
23179,15.022351264953613
23180,24.173439025878906
23181,11.323567390441895
23182,31.157291412353516
23183,25.24085807800293
23184,32.33761978149414
23185,10.914481163024902
23186,21.57478904724121
23187,21.014192581176758
23188,30.64264678955078
23189,11.388215065002441
23190,22.896116256713867
23191,20.640995025634766
23192,17.95879364013672
23193,16.905601501464844
23194,24.124183654785156
23195,27.866607666015625
23196,22.360595703125
23197,17.19939613342285
23198,22.769874572753906
23199,10.878230094909668
23200,26.32974624633789
23201,14.913412094116211
23202,22.646482467651367
23203,21.578105926513672
23204,17.470460891723633
23205,18.068084716796875
23206,16.60784149169922
23207,14.245588302612305
23208,17.862295150756836
23209,31.044998168945312
23210,29.83786392211914
23211,27.928613662719727
23212,28.76948356628418
23213,19.64994239807129
23214,10.502039909362793
23215,24.740400314331055
23216,25.048158645629883
23217,16.211746215820312
23218,22.13105010986328
23219,26.499130249023438
23220,16.29982566833496
23221,14.005816459655762
23222,25.48024559020996
23223,31.20877456665039
23224,15.51085090637207
23225,19.01178741455078
23226,18.31641387939453
23227,18.786300659179688
23228,11.140612602233887
23229,25.114967346191406
23230,18.040740966796875
23231,20.58042335510254
23232,16.86997413635254
23233,15.51845645904541
23234,26.847667694091797
23235,25.89032554626465
23236,25.038196563720703
23237,33.34757995605469
23238,27.176734924316406
23239,19.607534408569336
23240,15.021112442016602
23241,24.17231559753418
23242,11.32207202911377
23243,31.1563720703125
23244,25.239288330078125
23245,32.33683395385742
23246,10.913331985473633
23247,21.572940826416016
23248,21.011871337890625
23249,30.64113998413086
23250,11.386781692504883
23251,22.89547348022461
23252,20.637624740600586
23253,17.958478927612305
23254,16.905588150024414
23255,24.122074127197266
23256,27.8662109375
23257,22.35842514038086
23258,17.197463989257812
23259,22.769824981689453
23260,10.876604080200195
23261,26.327556610107422
23262,14.913810729980469
23263,22.646772384643555
23264,21.577285766601562
23265,17.469419479370117
23266,18.066415786743164
23267,16.60746192932129
23268,14.245099067687988
23269,17.861509323120117
23270,31.04418182373047
23271,29.83632469177246
23272,27.926284790039062
23273,28.76708221435547
23274,19.64845085144043
23275,10.50131893157959
23276,24.738231658935547
23277,25.047901153564453
23278,16.21136474609375
23279,22.12910270690918
23280,26.49860382080078
23281,16.29914093017578
23282,14.006343841552734
23283,25.48035430908203
23284,31.20769691467285
23285,15.509543418884277
23286,19.010337829589844
23287,18.316225051879883
23288,18.785003662109375
23289,11.138432502746582
23290,25.1152286529541
23291,18.039583206176758
23292,20.579675674438477
23293,16.868064880371094
23294,15.517682075500488
23295,26.84375762939453
23296,25.89023780822754
23297,25.035926818847656
23298,33.34864044189453
23299,27.176937103271484
23300,19.60568618774414
23301,15.019880294799805
23302,24.171188354492188
23303,11.320577621459961
23304,31.155454635620117
23305,25.237730026245117
23306,32.33603286743164
23307,10.912191390991211
23308,21.571094512939453
23309,21.009552001953125
23310,30.63961410522461
23311,11.385337829589844
23312,22.89484405517578
23313,20.634248733520508
23314,17.958162307739258
23315,16.90557098388672
23316,24.119966506958008
23317,27.865825653076172
23318,22.356245040893555
23319,17.195526123046875
23320,22.76978302001953
23321,10.874992370605469
23322,26.325376510620117
23323,14.914200782775879
23324,22.647056579589844
23325,21.57646942138672
23326,17.468387603759766
23327,18.064739227294922
23328,16.607070922851562
23329,14.244614601135254
23330,17.8607234954834
23331,31.043380737304688
23332,29.834794998168945
23333,27.92394256591797
23334,28.76466941833496
23335,19.646942138671875
23336,10.500595092773438
23337,24.73605728149414
23338,25.047630310058594
23339,16.210979461669922
23340,22.127153396606445
23341,26.498079299926758
23342,16.298465728759766
23343,14.006874084472656
23344,25.48045539855957
23345,31.206613540649414
23346,15.508234977722168
23347,19.008907318115234
23348,18.3160343170166
23349,18.783702850341797
23350,11.136246681213379
23351,25.115503311157227
23352,18.038427352905273
23353,20.578927993774414
23354,16.866153717041016
23355,15.516907691955566
23356,26.83983039855957
23357,25.890148162841797
23358,25.033653259277344
23359,33.34971618652344
23360,27.1771297454834
23361,19.603830337524414
23362,15.018647193908691
23363,24.170061111450195
23364,11.319083213806152
23365,31.15455436706543
23366,25.236154556274414
23367,32.33525466918945
23368,10.91104793548584
23369,21.569238662719727
23370,21.007234573364258
23371,30.638093948364258
23372,11.383902549743652
23373,22.89420509338379
23374,20.630874633789062
23375,17.957855224609375
23376,16.905563354492188
23377,24.117847442626953
23378,27.86543083190918
23379,22.354049682617188
23380,17.193588256835938
23381,22.769742965698242
23382,10.873369216918945
23383,26.32317543029785
23384,14.914584159851074
23385,22.647340774536133
23386,21.575645446777344
23387,17.46735954284668
23388,18.063060760498047
23389,16.606679916381836
23390,14.244135856628418
23391,17.85993766784668
23392,31.042566299438477
23393,29.833271026611328
23394,27.921600341796875
23395,28.762258529663086
23396,19.64544677734375
23397,10.499865531921387
23398,24.7338809967041
23399,25.04737091064453
23400,16.210599899291992
23401,22.125200271606445
23402,26.49755859375
23403,16.297780990600586
23404,14.007408142089844
23405,25.480562210083008
23406,31.20555877685547
23407,15.506933212280273
23408,19.007463455200195
23409,18.31583023071289
23410,18.782407760620117
23411,11.134073257446289
23412,25.11577033996582
23413,18.037260055541992
23414,20.578187942504883
23415,16.86423683166504
23416,15.516134262084961
23417,26.8359432220459
23418,25.89005470275879
23419,25.0313777923584
23420,33.35078048706055
23421,27.177331924438477
23422,19.60197639465332
23423,15.017410278320312
23424,24.16893196105957
23425,11.317591667175293
23426,31.153644561767578
23427,25.234588623046875
23428,32.33448028564453
23429,10.90989875793457
23430,21.567378997802734
23431,21.00492286682129
23432,30.636573791503906
23433,11.38245964050293
23434,22.89357566833496
23435,20.627500534057617
23436,17.957534790039062
23437,16.90555191040039
23438,24.115732192993164
23439,27.86503791809082
23440,22.351865768432617
23441,17.191652297973633
23442,22.769704818725586
23443,10.871757507324219
23444,26.32099723815918
23445,14.9149751663208
23446,22.647628784179688
23447,21.574831008911133
23448,17.466337203979492
23449,18.06138801574707
23450,16.606287002563477
23451,14.243648529052734
23452,17.859149932861328
23453,31.04175567626953
23454,29.831745147705078
23455,27.919260025024414
23456,28.759845733642578
23457,19.64394760131836
23458,10.499149322509766
23459,24.73170280456543
23460,25.047101974487305
23461,16.21021842956543
23462,22.123254776000977
23463,26.497026443481445
23464,16.29709243774414
23465,14.007936477661133
23466,25.480663299560547
23467,31.20448875427246
23468,15.50561809539795
23469,19.00602912902832
23470,18.31563949584961
23471,18.781105041503906
23472,11.131891250610352
23473,25.11603355407715
23474,18.036108016967773
23475,20.57744789123535
23476,16.86231803894043
23477,15.515360832214355
23478,26.8320255279541
23479,25.889978408813477
23480,25.02910041809082
23481,33.351844787597656
23482,27.17753028869629
23483,19.600122451782227
23484,15.016180038452148
23485,24.167810440063477
23486,11.3161039352417
23487,31.15275001525879
23488,25.233016967773438
23489,32.333702087402344
23490,10.908759117126465
23491,21.565523147583008
23492,21.002605438232422
23493,30.63504981994629
23494,11.381017684936523
23495,22.892940521240234
23496,20.624120712280273
23497,17.957231521606445
23498,16.905546188354492
23499,24.113618850708008
23500,27.86465072631836
23501,22.34968376159668
23502,17.18971824645996
23503,22.769672393798828
23504,10.870144844055176
23505,26.318819046020508
23506,14.915363311767578
23507,22.647912979125977
23508,21.57401466369629
23509,17.465307235717773
23510,18.05971908569336
23511,16.60589599609375
23512,14.243167877197266
23513,17.858366012573242
23514,31.04096031188965
23515,29.83022117614746
23516,27.916915893554688
23517,28.757436752319336
23518,19.64244842529297
23519,10.498420715332031
23520,24.729524612426758
23521,25.04684829711914
23522,16.209840774536133
23523,22.121305465698242
23524,26.49650764465332
23525,16.296415328979492
23526,14.00847053527832
23527,25.48076629638672
23528,31.20340347290039
23529,15.504308700561523
23530,19.004589080810547
23531,18.315448760986328
23532,18.779815673828125
23533,11.129714965820312
23534,25.116300582885742
23535,18.03494644165039
23536,20.576705932617188
23537,16.86041831970215
23538,15.514586448669434
23539,26.828102111816406
23540,25.88987922668457
23541,25.026823043823242
23542,33.35291290283203
23543,27.17772674560547
23544,19.598262786865234
23545,15.0149507522583
23546,24.16668701171875
23547,11.314610481262207
23548,31.151838302612305
23549,25.2314510345459
23550,32.332923889160156
23551,10.907614707946777
23552,21.563674926757812
23553,21.00029182434082
23554,30.633535385131836
23555,11.379584312438965
23556,22.892311096191406
23557,20.620756149291992
23558,17.956918716430664
23559,16.905540466308594
23560,24.11149787902832
23561,27.8642520904541
23562,22.34748077392578
23563,17.187772750854492
23564,22.769634246826172
23565,10.868507385253906
23566,26.316625595092773
23567,14.915742874145508
23568,22.648195266723633
23569,21.573200225830078
23570,17.464275360107422
23571,18.058032989501953
23572,16.605499267578125
23573,14.242692947387695
23574,17.857593536376953
23575,31.0401554107666
23576,29.828699111938477
23577,27.914567947387695
23578,28.755014419555664
23579,19.640945434570312
23580,10.49769401550293
23581,24.727354049682617
23582,25.046571731567383
23583,16.209455490112305
23584,22.119356155395508
23585,26.49597930908203
23586,16.295730590820312
23587,14.00900650024414
23588,25.480873107910156
23589,31.20235824584961
23590,15.50299072265625
23591,19.003149032592773
23592,18.315248489379883
23593,18.77851676940918
23594,11.12753963470459
23595,25.116567611694336
23596,18.033784866333008
23597,20.57596778869629
23598,16.858503341674805
23599,15.51380729675293
23600,26.824195861816406
23601,25.889795303344727
23602,25.02452850341797
23603,33.35396957397461
23604,27.17792510986328
23605,19.596418380737305
23606,15.013721466064453
23607,24.165565490722656
23608,11.31312084197998
23609,31.150936126708984
23610,25.22986602783203
23611,32.332157135009766
23612,10.906475067138672
23613,21.561809539794922
23614,20.997982025146484
23615,30.632015228271484
23616,11.378141403198242
23617,22.891679763793945
23618,20.617380142211914
23619,17.95660972595215
23620,16.90553092956543
23621,24.10938262939453
23622,27.863868713378906
23623,22.34528350830078
23624,17.185836791992188
23625,22.769603729248047
23626,10.866889953613281
23627,26.31444549560547
23628,14.916123390197754
23629,22.64848518371582
23630,21.572391510009766
23631,17.463253021240234
23632,18.056365966796875
23633,16.605098724365234
23634,14.242225646972656
23635,17.8568172454834
23636,31.03936004638672
23637,29.827186584472656
23638,27.912212371826172
23639,28.752588272094727
23640,19.639446258544922
23641,10.496966361999512
23642,24.725173950195312
23643,25.046308517456055
23644,16.209064483642578
23645,22.117406845092773
23646,26.495464324951172
23647,16.2950496673584
23648,14.009538650512695
23649,25.480989456176758
23650,31.201303482055664
23651,15.501686096191406
23652,19.0017147064209
23653,18.315038681030273
23654,18.777225494384766
23655,11.125360488891602
23656,25.11684799194336
23657,18.032623291015625
23658,20.57522964477539
23659,16.856592178344727
23660,15.513039588928223
23661,26.820301055908203
23662,25.88970184326172
23663,25.022254943847656
23664,33.35501480102539
23665,27.1781063079834
23666,19.594579696655273
23667,15.012492179870605
23668,24.164438247680664
23669,11.311630249023438
23670,31.150043487548828
23671,25.228290557861328
23672,32.331382751464844
23673,10.90532112121582
23674,21.559947967529297
23675,20.995662689208984
23676,30.630504608154297
23677,11.376699447631836
23678,22.89105987548828
23679,20.61400604248047
23680,17.956298828125
23681,16.90552520751953
23682,24.107263565063477
23683,27.863487243652344
23684,22.34307861328125
23685,17.183887481689453
23686,22.769573211669922
23687,10.865266799926758
23688,26.312271118164062
23689,14.916491508483887
23690,22.648761749267578
23691,21.571578979492188
23692,17.462242126464844
23693,18.054691314697266
23694,16.604694366455078
23695,14.241747856140137
23696,17.856037139892578
23697,31.038558959960938
23698,29.825679779052734
23699,27.909873962402344
23700,28.750179290771484
23701,19.63794708251953
23702,10.496236801147461
23703,24.723003387451172
23704,25.046039581298828
23705,16.20868682861328
23706,22.115453720092773
23707,26.494945526123047
23708,16.294368743896484
23709,14.010071754455566
23710,25.48109245300293
23711,31.20025062561035
23712,15.500384330749512
23713,19.000268936157227
23714,18.314817428588867
23715,18.775943756103516
23716,11.12318229675293
23717,25.117128372192383
23718,18.031463623046875
23719,20.574491500854492
23720,16.85466766357422
23721,15.512263298034668
23722,26.8164119720459
23723,25.88961410522461
23724,25.019977569580078
23725,33.35607147216797
23726,27.178300857543945
23727,19.592741012573242
23728,15.011263847351074
23729,24.16331672668457
23730,11.310136795043945
23731,31.149147033691406
23732,25.22671127319336
23733,32.33060836791992
23734,10.904176712036133
23735,21.558090209960938
23736,20.99334716796875
23737,30.62897491455078
23738,11.375252723693848
23739,22.890432357788086
23740,20.610624313354492
23741,17.955982208251953
23742,16.90552520751953
23743,24.105148315429688
23744,27.86309814453125
23745,22.34088134765625
23746,17.181943893432617
23747,22.76955795288086
23748,10.86364459991455
23749,26.31009292602539
23750,14.91686725616455
23751,22.649045944213867
23752,21.570764541625977
23753,17.461210250854492
23754,18.053014755249023
23755,16.604297637939453
23756,14.241278648376465
23757,17.85527229309082
23758,31.037765502929688
23759,29.824172973632812
23760,27.907527923583984
23761,28.747760772705078
23762,19.63646125793457
23763,10.495506286621094
23764,24.720829010009766
23765,25.045761108398438
23766,16.208301544189453
23767,22.113494873046875
23768,26.49441909790039
23769,16.293684005737305
23770,14.010601043701172
23771,25.481203079223633
23772,31.199209213256836
23773,15.499072074890137
23774,18.99883270263672
23775,18.31462287902832
23776,18.774654388427734
23777,11.121004104614258
23778,25.11739730834961
23779,18.030296325683594
23780,20.57375144958496
23781,16.852767944335938
23782,15.511496543884277
23783,26.8124942779541
23784,25.8895206451416
23785,25.017696380615234
23786,33.35713577270508
23787,27.178495407104492
23788,19.59088134765625
23789,15.010030746459961
23790,24.16219139099121
23791,11.308645248413086
23792,31.148244857788086
23793,25.225141525268555
23794,32.3298454284668
23795,10.903030395507812
23796,21.556230545043945
23797,20.991037368774414
23798,30.627450942993164
23799,11.373808860778809
23800,22.889802932739258
23801,20.607242584228516
23802,17.955678939819336
23803,16.905521392822266
23804,24.1030330657959
23805,27.862714767456055
23806,22.33868980407715
23807,17.180004119873047
23808,22.769512176513672
23809,10.86202621459961
23810,26.307899475097656
23811,14.917264938354492
23812,22.64933204650879
23813,21.569955825805664
23814,17.46018409729004
23815,18.05134391784668
23816,16.603906631469727
23817,14.240801811218262
23818,17.854488372802734
23819,31.036964416503906
23820,29.8226375579834
23821,27.905176162719727
23822,28.74534034729004
23823,19.63495635986328
23824,10.494784355163574
23825,24.718652725219727
23826,25.04549217224121
23827,16.20792007446289
23828,22.11155128479004
23829,26.493894577026367
23830,16.293010711669922
23831,14.011140823364258
23832,25.48130989074707
23833,31.198131561279297
23834,15.497772216796875
23835,18.997390747070312
23836,18.3144474029541
23837,18.773357391357422
23838,11.118821144104004
23839,25.117664337158203
23840,18.029138565063477
23841,20.5730037689209
23842,16.850860595703125
23843,15.510723114013672
23844,26.808568954467773
23845,25.889440536499023
23846,25.01542854309082
23847,33.35820388793945
23848,27.178695678710938
23849,19.589035034179688
23850,15.00880241394043
23851,24.161073684692383
23852,11.307151794433594
23853,31.147336959838867
23854,25.223573684692383
23855,32.32905960083008
23856,10.90189266204834
23857,21.554384231567383
23858,20.988718032836914
23859,30.625934600830078
23860,11.372373580932617
23861,22.88916015625
23862,20.60386848449707
23863,17.955360412597656
23864,16.905519485473633
23865,24.100923538208008
23866,27.862321853637695
23867,22.336511611938477
23868,17.17807960510254
23869,22.769472122192383
23870,10.860408782958984
23871,26.305723190307617
23872,14.917655944824219
23873,22.64961814880371
23874,21.569143295288086
23875,17.45916175842285
23876,18.049671173095703
23877,16.603525161743164
23878,14.240321159362793
23879,17.85369300842285
23880,31.036157608032227
23881,29.821121215820312
23882,27.9028377532959
23883,28.74293327331543
23884,19.633453369140625
23885,10.494062423706055
23886,24.716476440429688
23887,25.045244216918945
23888,16.207548141479492
23889,22.10960578918457
23890,26.493375778198242
23891,16.292333602905273
23892,14.011673927307129
23893,25.481407165527344
23894,31.197065353393555
23895,15.4964599609375
23896,18.995954513549805
23897,18.314245223999023
23898,18.77206802368164
23899,11.116646766662598
23900,25.117938995361328
23901,18.02797508239746
23902,20.572269439697266
23903,16.84894371032715
23904,15.5099515914917
23905,26.804670333862305
23906,25.889341354370117
23907,25.013151168823242
23908,33.35927963256836
23909,27.17889976501465
23910,19.587190628051758
23911,15.007572174072266
23912,24.159948348999023
23913,11.305665016174316
23914,31.14642906188965
23915,25.222003936767578
23916,32.32827377319336
23917,10.900750160217285
23918,21.552534103393555
23919,20.986408233642578
23920,30.624418258666992
23921,11.370940208435059
23922,22.888532638549805
23923,20.600488662719727
23924,17.95505714416504
23925,16.905508041381836
23926,24.09880256652832
23927,27.86191749572754
23928,22.33433723449707
23929,17.1761417388916
23930,22.76943016052246
23931,10.85878849029541
23932,26.303518295288086
23933,14.91805362701416
23934,22.649906158447266
23935,21.56831169128418
23936,17.458131790161133
23937,18.04800033569336
23938,16.603139877319336
23939,14.239825248718262
23940,17.85291290283203
23941,31.035356521606445
23942,29.819578170776367
23943,27.900514602661133
23944,28.740522384643555
23945,19.631959915161133
23946,10.493346214294434
23947,24.714309692382812
23948,25.044994354248047
23949,16.207162857055664
23950,22.10765838623047
23951,26.49285316467285
23952,16.291654586791992
23953,14.012208938598633
23954,25.48151397705078
23955,31.195999145507812
23956,15.495159149169922
23957,18.994516372680664
23958,18.314064025878906
23959,18.77076530456543
23960,11.114459991455078
23961,25.11821174621582
23962,18.02682113647461
23963,20.5715274810791
23964,16.847028732299805
23965,15.509182929992676
23966,26.800750732421875
23967,25.889257431030273
23968,25.010875701904297
23969,33.360355377197266
23970,27.179105758666992
23971,19.585330963134766
23972,15.006345748901367
23973,24.15882682800293
23974,11.304166793823242
23975,31.1455135345459
23976,25.220436096191406
23977,32.32749938964844
23978,10.89961051940918
23979,21.55068588256836
23980,20.98409652709961
23981,30.622901916503906
23982,11.36949348449707
23983,22.887897491455078
23984,20.597110748291016
23985,17.954750061035156
23986,16.905500411987305
23987,24.09668731689453
23988,27.861530303955078
23989,22.332155227661133
23990,17.174213409423828
23991,22.769384384155273
23992,10.857182502746582
23993,26.30133056640625
23994,14.918458938598633
23995,22.650205612182617
23996,21.567501068115234
23997,17.457096099853516
23998,18.04632568359375
23999,16.60274887084961
24000,14.239346504211426
24001,17.85212516784668
24002,31.03455352783203
24003,29.81804656982422
24004,27.898170471191406
24005,28.73810577392578
24006,19.630447387695312
24007,10.49262523651123
24008,24.712142944335938
24009,25.04473304748535
24010,16.206783294677734
24011,22.1057071685791
24012,26.492332458496094
24013,16.290983200073242
24014,14.012741088867188
24015,25.48162269592285
24016,31.1949405670166
24017,15.493846893310547
24018,18.99307632446289
24019,18.31387710571289
24020,18.769466400146484
24021,11.112286567687988
24022,25.118484497070312
24023,18.02566146850586
24024,20.57078742980957
24025,16.84511947631836
24026,15.508401870727539
24027,26.796829223632812
24028,25.889171600341797
24029,25.008602142333984
24030,33.36143493652344
24031,27.179306030273438
24032,19.583486557006836
24033,15.005115509033203
24034,24.1577091217041
24035,11.302679061889648
24036,31.144615173339844
24037,25.218860626220703
24038,32.32670974731445
24039,10.898468017578125
24040,21.548843383789062
24041,20.981773376464844
24042,30.621381759643555
24043,11.36805534362793
24044,22.88726234436035
24045,20.593732833862305
24046,17.95443344116211
24047,16.905485153198242
24048,24.09457778930664
24049,27.861141204833984
24050,22.329978942871094
24051,17.17228126525879
24052,22.769357681274414
24053,10.855554580688477
24054,26.29914093017578
24055,14.918851852416992
24056,22.650487899780273
24057,21.566692352294922
24058,17.456058502197266
24059,18.044658660888672
24060,16.602371215820312
24061,14.238861083984375
24062,17.851341247558594
24063,31.03375244140625
24064,29.816516876220703
24065,27.89583969116211
24066,28.735700607299805
24067,19.628942489624023
24068,10.491910934448242
24069,24.709962844848633
24070,25.044490814208984
24071,16.20639991760254
24072,22.103755950927734
24073,26.491817474365234
24074,16.290302276611328
24075,14.013278007507324
24076,25.481735229492188
24077,31.193857192993164
24078,15.492537498474121
24079,18.991636276245117
24080,18.313688278198242
24081,18.76817512512207
24082,11.110108375549316
24083,25.118757247924805
24084,18.024503707885742
24085,20.570035934448242
24086,16.843210220336914
24087,15.507634162902832
24088,26.79290771484375
24089,25.88908576965332
24090,25.00633430480957
24091,33.36250686645508
24092,27.179515838623047
24093,19.581642150878906
24094,15.003878593444824
24095,24.156585693359375
24096,11.301178932189941
24097,31.143714904785156
24098,25.217300415039062
24099,32.32593536376953
24100,10.897331237792969
24101,21.546995162963867
24102,20.979469299316406
24103,30.619876861572266
24104,11.366615295410156
24105,22.886627197265625
24106,20.590360641479492
24107,17.95412826538086
24108,16.90549087524414
24109,24.092472076416016
24110,27.86075210571289
24111,22.327796936035156
24112,17.170345306396484
24113,22.769315719604492
24114,10.8539400100708
24115,26.29695701599121
24116,14.919245719909668
24117,22.65078353881836
24118,21.565876007080078
24119,17.455028533935547
24120,18.042991638183594
24121,16.601985931396484
24122,14.23837661743164
24123,17.85054588317871
24124,31.032947540283203
24125,29.815000534057617
24126,27.893503189086914
24127,28.733285903930664
24128,19.62744903564453
24129,10.491193771362305
24130,24.707801818847656
24131,25.044221878051758
24132,16.206016540527344
24133,22.101808547973633
24134,26.491300582885742
24135,16.289628982543945
24136,14.013813972473145
24137,25.481842041015625
24138,31.192792892456055
24139,15.491228103637695
24140,18.990201950073242
24141,18.313507080078125
24142,18.76688003540039
24143,11.107927322387695
24144,25.11903953552246
24145,18.023344039916992
24146,20.56930923461914
24147,16.84129524230957
24148,15.506866455078125
24149,26.78898048400879
24150,25.888996124267578
24151,25.004056930541992
24152,33.36358642578125
24153,27.179712295532227
24154,19.579792022705078
24155,15.002645492553711
24156,24.15546226501465
24157,11.299692153930664
24158,31.142799377441406
24159,25.21573257446289
24160,32.325164794921875
24161,10.896186828613281
24162,21.545133590698242
24163,20.977142333984375
24164,30.618343353271484
24165,11.365178108215332
24166,22.885990142822266
24167,20.586973190307617
24168,17.953815460205078
24169,16.90548324584961
24170,24.09035301208496
24171,27.8603572845459
24172,22.32561683654785
24173,17.168413162231445
24174,22.7692813873291
24175,10.852314949035645
24176,26.294769287109375
24177,14.919647216796875
24178,22.65106964111328
24179,21.565065383911133
24180,17.454011917114258
24181,18.041316986083984
24182,16.60160255432129
24183,14.237892150878906
24184,17.849756240844727
24185,31.032150268554688
24186,29.81345558166504
24187,27.891176223754883
24188,28.730878829956055
24189,19.625946044921875
24190,10.490477561950684
24191,24.70562744140625
24192,25.043977737426758
24193,16.205638885498047
24194,22.09986114501953
24195,26.490772247314453
24196,16.28896141052246
24197,14.014348983764648
24198,25.481945037841797
24199,31.19171905517578
24200,15.489922523498535
24201,18.9887638092041
24202,18.313337326049805
24203,18.765581130981445
24204,11.105746269226074
24205,25.11931800842285
24206,18.022188186645508
24207,20.56856346130371
24208,16.839385986328125
24209,15.506093978881836
24210,26.785072326660156
24211,25.888912200927734
24212,25.00179100036621
24213,33.36467742919922
24214,27.179912567138672
24215,19.577943801879883
24216,15.00141716003418
24217,24.15434455871582
24218,11.298192024230957
24219,31.141891479492188
24220,25.21417236328125
24221,32.324371337890625
24222,10.895051956176758
24223,21.543292999267578
24224,20.974836349487305
24225,30.6168270111084
24226,11.363737106323242
24227,22.885353088378906
24228,20.583595275878906
24229,17.953510284423828
24230,16.90548324584961
24231,24.088247299194336
24232,27.859966278076172
24233,22.323448181152344
24234,17.166481018066406
24235,22.769245147705078
24236,10.850700378417969
24237,26.292570114135742
24238,14.920048713684082
24239,22.651365280151367
24240,21.564237594604492
24241,17.452970504760742
24242,18.039655685424805
24243,16.601215362548828
24244,14.237390518188477
24245,17.848968505859375
24246,31.031349182128906
24247,29.81193733215332
24248,27.888853073120117
24249,28.728473663330078
24250,19.624439239501953
24251,10.489767074584961
24252,24.703462600708008
24253,25.04371452331543
24254,16.205259323120117
24255,22.09791374206543
24256,26.490259170532227
24257,16.288291931152344
24258,14.014890670776367
24259,25.482051849365234
24260,31.190658569335938
24261,15.488625526428223
24262,18.987327575683594
24263,18.313138961791992
24264,18.764278411865234
24265,11.103564262390137
24266,25.119592666625977
24267,18.021028518676758
24268,20.567819595336914
24269,16.83747100830078
24270,15.505322456359863
24271,26.781139373779297
24272,25.888822555541992
24273,24.999521255493164
24274,33.36575698852539
24275,27.18012046813965
24276,19.57609748840332
24277,15.000190734863281
24278,24.153223037719727
24279,11.2966947555542
24280,31.14097785949707
24281,25.21260643005371
24282,32.323577880859375
24283,10.89391040802002
24284,21.54145622253418
24285,20.97252082824707
24286,30.615306854248047
24287,11.362290382385254
24288,22.884716033935547
24289,20.580217361450195
24290,17.95320701599121
24291,16.905475616455078
24292,24.086145401000977
24293,27.85958480834961
24294,22.32130241394043
24295,17.1645565032959
24296,22.769193649291992
24297,10.849095344543457
24298,26.290374755859375
24299,14.920461654663086
24300,22.65165901184082
24301,21.56342124938965
24302,17.451936721801758
24303,18.037992477416992
24304,16.600839614868164
24305,14.23691177368164
24306,17.848176956176758
24307,31.03054428100586
24308,29.810394287109375
24309,27.88652229309082
24310,28.726072311401367
24311,19.622940063476562
24312,10.489052772521973
24313,24.7012882232666
24314,25.04347038269043
24315,16.204877853393555
24316,22.09596061706543
24317,26.48973846435547
24318,16.287612915039062
24319,14.015423774719238
24320,25.482162475585938
24321,31.189584732055664
24322,15.48731517791748
24323,18.985891342163086
24324,18.312971115112305
24325,18.762985229492188
24326,11.101387023925781
24327,25.119873046875
24328,18.019874572753906
24329,20.56707763671875
24330,16.83556365966797
24331,15.504549026489258
24332,26.777210235595703
24333,25.88873863220215
24334,24.99724769592285
24335,33.36682891845703
24336,27.180320739746094
24337,19.574249267578125
24338,14.998954772949219
24339,24.152099609375
24340,11.295198440551758
24341,31.14008140563965
24342,25.211048126220703
24343,32.322792053222656
24344,10.892769813537598
24345,21.539615631103516
24346,20.970203399658203
24347,30.613788604736328
24348,11.360846519470215
24349,22.884082794189453
24350,20.576841354370117
24351,17.952898025512695
24352,16.905471801757812
24353,24.084033966064453
24354,27.85919189453125
24355,22.31912612915039
24356,17.16262435913086
24357,22.76915740966797
24358,10.847477912902832
24359,26.288185119628906
24360,14.920865058898926
24361,22.651948928833008
24362,21.562593460083008
24363,17.45090675354004
24364,18.036325454711914
24365,16.60045623779297
24366,14.236412048339844
24367,17.847389221191406
24368,31.02973175048828
24369,29.80886459350586
24370,27.884193420410156
24371,28.723661422729492
24372,19.62143325805664
24373,10.4883394241333
24374,24.69912338256836
24375,25.043209075927734
24376,16.204492568969727
24377,22.094017028808594
24378,26.48922348022461
24379,16.286945343017578
24380,14.015960693359375
24381,25.48226547241211
24382,31.188526153564453
24383,15.486007690429688
24384,18.984451293945312
24385,18.312789916992188
24386,18.76168441772461
24387,11.099207878112793
24388,25.12015151977539
24389,18.018720626831055
24390,20.566341400146484
24391,16.833648681640625
24392,15.50378704071045
24393,26.773292541503906
24394,25.888660430908203
24395,24.994979858398438
24396,33.36790084838867
24397,27.180522918701172
24398,19.57240104675293
24399,14.997727394104004
24400,24.150981903076172
