iteration,loss
1,73.81106567382812
2,61.172447204589844
3,85.77203369140625
4,78.61396789550781
5,43.99396514892578
6,63.96956253051758
7,61.321041107177734
8,42.0072021484375
9,81.48544311523438
10,46.60444641113281
11,67.78231048583984
12,76.47931671142578
13,69.16046142578125
14,53.962249755859375
15,48.64788055419922
16,56.04121017456055
17,48.992095947265625
18,84.3608169555664
19,62.53361892700195
20,60.75992202758789
21,49.040557861328125
22,64.28202819824219
23,44.84805679321289
24,47.80373764038086
25,69.39725494384766
26,85.51152801513672
27,71.6551742553711
28,70.9497299194336
29,81.618408203125
30,62.94438171386719
31,91.35508728027344
32,78.14450073242188
33,47.497806549072266
34,64.15965270996094
35,69.90867614746094
36,57.14936065673828
37,63.780906677246094
38,38.25503158569336
39,69.1977310180664
40,70.43840026855469
41,69.01676177978516
42,56.50241470336914
43,52.81447982788086
44,61.667545318603516
45,50.47627639770508
46,92.64743041992188
47,61.820457458496094
48,53.50299072265625
49,49.1949577331543
50,67.43368530273438
51,52.20615768432617
52,57.09989929199219
53,73.61929321289062
54,81.21188354492188
55,57.837806701660156
56,68.99496459960938
57,77.67731475830078
58,64.37374114990234
59,98.0851821899414
60,74.61799621582031
61,44.25778579711914
62,61.51597595214844
63,62.36146926879883
64,52.711421966552734
65,62.73860549926758
66,39.9686164855957
67,72.32170867919922
68,66.26856994628906
69,68.4513168334961
70,53.00803756713867
71,51.10580062866211
72,60.023834228515625
73,49.78592300415039
74,93.84212493896484
75,62.65581512451172
76,50.95683670043945
77,49.06541442871094
78,65.25176239013672
79,48.22853469848633
80,54.17076873779297
81,70.97765350341797
82,79.33707427978516
83,57.96050262451172
84,69.0581283569336
85,78.55754852294922
86,62.04024124145508
87,95.25778198242188
88,73.1984634399414
89,43.777671813964844
90,61.4570198059082
91,63.53435134887695
92,50.0139045715332
93,60.859554290771484
94,40.15896987915039
95,70.25643920898438
96,62.43009948730469
97,67.4164047241211
98,53.45845413208008
99,53.2331428527832
100,58.7526969909668
101,48.25651550292969
102,90.60892486572266
103,61.834388732910156
104,57.2121467590332
105,50.988441467285156
106,67.57113647460938
107,50.236873626708984
108,57.422508239746094
109,71.32196044921875
110,77.51884460449219
111,58.41607666015625
112,69.84608459472656
113,83.4268569946289
114,61.26121139526367
115,95.2764663696289
116,72.4937744140625
117,43.555992126464844
118,61.84375762939453
119,65.37833404541016
120,50.120445251464844
121,60.441375732421875
122,41.534183502197266
123,70.47101593017578
124,60.98119354248047
125,67.27732849121094
126,53.65953826904297
127,54.0166015625
128,58.6434326171875
129,48.12981414794922
130,90.32168579101562
131,61.86496353149414
132,58.07383346557617
133,51.32866287231445
134,67.93212127685547
135,50.74635696411133
136,58.07291793823242
137,71.66216278076172
138,77.57072448730469
139,58.130332946777344
140,69.83675384521484
141,83.08259582519531
142,60.83641052246094
143,95.08126831054688
144,72.59538269042969
145,43.50607681274414
146,62.21913146972656
147,64.22592163085938
148,48.758644104003906
149,60.51445770263672
150,41.667877197265625
151,70.94296264648438
152,60.634586334228516
153,68.80582427978516
154,52.9738655090332
155,51.861907958984375
156,56.651554107666016
157,47.307952880859375
158,88.50042724609375
159,61.569576263427734
160,53.89063262939453
161,49.491275787353516
162,65.28105163574219
163,46.24537658691406
164,52.17345428466797
165,69.16777038574219
166,78.20108032226562
167,58.10991668701172
168,69.12372589111328
169,78.64682006835938
170,60.63289260864258
171,94.35183715820312
172,72.82875061035156
173,43.48811721801758
174,61.839290618896484
175,63.04957580566406
176,48.46175003051758
177,61.06840515136719
178,40.249610900878906
179,70.12980651855469
180,61.67298126220703
181,68.50325012207031
182,52.5085334777832
183,51.15670394897461
184,56.79289627075195
185,47.43503952026367
186,89.29032135009766
187,61.64872741699219
188,52.53300476074219
189,49.20310592651367
190,65.16962432861328
191,46.670806884765625
192,52.80766296386719
193,70.05621337890625
194,78.93417358398438
195,56.726200103759766
196,69.262451171875
197,74.99515533447266
198,59.916099548339844
199,92.18881225585938
200,73.38407897949219
201,43.60212707519531
202,61.566585540771484
203,61.18769836425781
204,46.472286224365234
205,63.3338737487793
206,38.08082580566406
207,66.68673706054688
208,65.29792785644531
209,67.41525268554688
210,52.88920211791992
211,50.475746154785156
212,57.25335693359375
213,47.48313522338867
214,88.33677673339844
215,61.060646057128906
216,55.34748458862305
217,49.41963577270508
218,66.77739715576172
219,50.0870246887207
220,57.11063766479492
221,73.11872100830078
222,80.26962280273438
223,55.073143005371094
224,71.09888458251953
225,72.30390167236328
226,58.334774017333984
227,89.115478515625
228,74.30968475341797
229,43.98002624511719
230,61.16973114013672
231,62.774803161621094
232,47.619911193847656
233,62.66521453857422
234,38.102420806884766
235,66.7538833618164
236,65.6162338256836
237,67.49864196777344
238,53.138484954833984
239,50.73930740356445
240,57.8495979309082
241,47.93606948852539
242,89.75399780273438
243,61.322731018066406
244,52.746551513671875
245,48.800052642822266
246,65.61955261230469
247,48.13437271118164
248,54.20003128051758
249,71.1281509399414
250,79.55757141113281
251,55.94073486328125
252,69.56591033935547
253,73.70866394042969
254,59.56269073486328
255,91.35287475585938
256,73.61744689941406
257,43.58021545410156
258,61.41840744018555
259,60.96826171875
260,46.204322814941406
261,63.98168182373047
262,37.84324645996094
263,66.26998138427734
264,66.8179931640625
265,67.61212158203125
266,53.01603317260742
267,49.692508697509766
268,56.99385070800781
269,47.285037994384766
270,87.10619354248047
271,60.76293182373047
272,57.302398681640625
273,49.602298736572266
274,68.3206787109375
275,52.920684814453125
276,59.867557525634766
277,75.94500732421875
278,82.83143615722656
279,55.204071044921875
280,72.06564331054688
281,71.05259704589844
282,59.42744064331055
283,89.34426879882812
284,74.89498901367188
285,43.870643615722656
286,61.0591926574707
287,60.94306945800781
288,46.96416473388672
289,63.368560791015625
290,37.3424072265625
291,66.7034912109375
292,66.71916961669922
293,67.74507141113281
294,52.84536361694336
295,50.21513748168945
296,58.138084411621094
297,48.50422668457031
298,92.24923706054688
299,62.581504821777344
300,47.93621826171875
301,48.97074890136719
302,64.54495239257812
303,45.0859489440918
304,50.7455940246582
305,69.43390655517578
306,79.414794921875
307,55.74137878417969
308,70.29676055908203
309,71.50670623779297
310,58.89837646484375
311,88.40869903564453
312,75.58023834228516
313,44.38118362426758
314,61.03970718383789
315,63.13920211791992
316,48.8813591003418
317,62.08176040649414
318,38.00861740112305
319,67.50032806396484
320,64.81747436523438
321,67.53253936767578
322,52.72090530395508
323,50.797386169433594
324,58.26085662841797
325,48.67146301269531
326,93.31024932861328
327,63.2093391418457
328,47.28269577026367
329,49.568302154541016
330,64.93595123291016
331,44.15531921386719
332,49.700889587402344
333,68.34855651855469
334,78.57701873779297
335,56.53513717651367
336,69.4856948852539
337,73.08435821533203
338,58.470577239990234
339,89.04615020751953
340,74.45867156982422
341,44.100887298583984
342,61.09992218017578
343,63.89019012451172
344,48.96249008178711
345,61.699222564697266
346,38.85551834106445
347,67.79650115966797
348,63.22232437133789
349,67.42478942871094
350,52.5745735168457
351,51.07040023803711
352,57.62460708618164
353,48.05061721801758
354,91.73407745361328
355,62.51998519897461
356,48.779747009277344
357,49.33976745605469
358,64.88446807861328
359,44.52931594848633
360,50.76078796386719
361,68.8785171508789
362,78.42245483398438
363,55.838905334472656
364,70.00313568115234
365,72.6933822631836
366,58.115875244140625
367,88.5534439086914
368,74.66950225830078
369,44.22240447998047
370,61.14875793457031
371,64.28057861328125
372,49.16997528076172
373,61.61376190185547
374,38.98368453979492
375,67.81556701660156
376,63.127525329589844
377,67.40015411376953
378,52.590423583984375
379,51.10224914550781
380,57.66142654418945
381,48.07756423950195
382,91.84107971191406
383,62.563743591308594
384,48.63168716430664
385,49.355342864990234
386,64.88027954101562
387,44.45423889160156
388,50.654747009277344
389,68.79764556884766
390,78.38892364501953
391,55.84410858154297
392,69.97312927246094
393,72.69155883789062
394,58.10062789916992
395,88.52131652832031
396,74.68450927734375
397,44.239112854003906
398,61.1469612121582
399,64.38011169433594
400,49.2446174621582
401,61.57081604003906
402,39.07830047607422
403,67.85433197021484
404,63.00228500366211
405,67.4023208618164
406,52.56596374511719
407,51.092750549316406
408,57.5875358581543
409,48.005882263183594
410,91.64167022705078
411,62.47511291503906
412,48.79633331298828
413,49.32611083984375
414,64.87329864501953
415,44.48664474487305
416,50.73926544189453
417,68.80925750732422
418,78.36032104492188
419,55.80657196044922
420,69.95909118652344
421,72.69902801513672
422,58.115997314453125
423,88.6815185546875
424,74.36046600341797
425,44.03269958496094
426,61.06781768798828
427,63.907962799072266
428,49.05856704711914
429,61.53337860107422
430,39.17591094970703
431,68.39644622802734
432,62.81333923339844
433,67.89039611816406
434,52.14995193481445
435,50.23699951171875
436,56.87868881225586
437,47.578453063964844
438,90.68801879882812
439,62.321510314941406
440,48.5396728515625
441,49.49107360839844
442,65.04501342773438
443,43.851661682128906
444,49.55974578857422
445,67.9017105102539
446,78.07738494873047
447,56.92021179199219
448,69.2270736694336
449,74.11723327636719
450,58.42749786376953
451,89.8399658203125
452,73.4895248413086
453,43.64786148071289
454,61.11386489868164
455,63.138362884521484
456,48.116146087646484
457,61.68525314331055
458,39.17573547363281
459,67.99581146240234
460,62.53940200805664
461,67.69371032714844
462,52.27424621582031
463,50.541141510009766
464,56.86791229248047
465,47.5148811340332
466,90.3829574584961
467,62.18217086791992
468,49.04617691040039
469,49.43874740600586
470,64.99401092529297
471,43.995338439941406
472,49.98265838623047
473,68.1368179321289
474,77.98108673095703
475,56.42061233520508
476,69.54415130615234
477,73.6300277709961
478,58.07685470581055
479,89.22501373291016
480,73.72264862060547
481,43.808929443359375
482,61.12606430053711
483,63.803592681884766
484,48.649539947509766
485,61.457157135009766
486,39.45179748535156
487,68.32294464111328
488,62.33320999145508
489,67.81909942626953
490,52.24697494506836
491,50.4958610534668
492,56.78251266479492
493,47.46308517456055
494,90.22550201416016
495,62.13560104370117
496,49.0944709777832
497,49.4217643737793
498,64.97888946533203
499,43.99815368652344
500,49.944454193115234
501,68.11925506591797
502,78.0057373046875
503,56.48057174682617
504,69.49131774902344
505,73.67658233642578
506,58.15261459350586
507,89.33444213867188
508,73.68592071533203
509,43.77883529663086
510,61.1124153137207
511,63.60090637207031
512,48.51205062866211
513,61.52055740356445
514,39.32027816772461
515,68.21080780029297
516,62.4779052734375
517,67.77953338623047
518,52.23388671875
519,50.43019485473633
520,56.81523513793945
521,47.48724365234375
522,90.30327606201172
523,62.157772064208984
524,49.000946044921875
525,49.41481018066406
526,64.96660614013672
527,43.997013092041016
528,49.91083908081055
529,68.11602020263672
530,78.02857208251953
531,56.4859733581543
532,69.48384094238281
533,73.64402770996094
534,58.170162200927734
535,89.3252944946289
536,73.70707702636719
537,43.7867317199707
538,61.106178283691406
539,63.59053039550781
540,48.53923416137695
541,61.51559829711914
542,39.30339050292969
543,68.23867797851562
544,62.51056671142578
545,67.80513000488281
546,52.21376419067383
547,50.372215270996094
548,56.79433822631836
549,47.474609375
550,90.2532730102539
551,62.136104583740234
552,49.01191711425781
553,49.39580154418945
554,64.94945526123047
555,44.0157470703125
556,49.92000198364258
557,68.13235473632812
558,78.04569244384766
559,56.46498107910156
560,69.49148559570312
561,73.59639739990234
562,58.18703842163086
563,89.38713073730469
564,73.62529754638672
565,43.72538375854492
566,61.101802825927734
567,63.3376579284668
568,48.37253952026367
569,61.529449462890625
570,39.29337692260742
571,68.33931732177734
572,62.45627212524414
573,68.03621673583984
574,52.1123161315918
575,50.010616302490234
576,56.47050857543945
577,47.26424026489258
578,89.43779754638672
579,61.87849807739258
580,49.30916976928711
581,49.31504821777344
582,64.91423034667969
583,43.98191833496094
584,49.75855255126953
585,68.01941680908203
586,78.05277252197266
587,56.61124038696289
588,69.38316345214844
589,73.69766235351562
590,58.29732894897461
591,89.55735778808594
592,73.57454681396484
593,43.6889762878418
594,61.09440994262695
595,63.09957504272461
596,48.20784378051758
597,61.60354232788086
598,39.16334533691406
599,68.21675109863281
600,62.58918380737305
601,67.98731994628906
602,52.09547805786133
603,49.944969177246094
604,56.49960708618164
605,47.283931732177734
606,89.52830505371094
607,61.90762710571289
608,49.180809020996094
609,49.314605712890625
610,64.90370178222656
611,43.96552658081055
612,49.69230270385742
613,67.99598693847656
614,78.08036041259766
615,56.659114837646484
616,69.35091400146484
617,73.7092056274414
618,58.345943450927734
619,89.60575103759766
620,73.57369232177734
621,43.687007904052734
622,61.0884895324707
623,63.0162239074707
624,48.1752815246582
625,61.617469787597656
626,39.114681243896484
627,68.19507598876953
628,62.65633010864258
629,67.98699188232422
630,52.081111907958984
631,49.881038665771484
632,56.49750900268555
633,47.28213882446289
634,89.52001190185547
635,61.902835845947266
636,49.14869689941406
637,49.30246353149414
638,64.8851089477539
639,43.97285842895508
640,49.67748260498047
641,68.00064849853516
642,78.1006088256836
643,56.65751266479492
644,69.34909057617188
645,73.67631530761719
646,58.364437103271484
647,89.60218048095703
648,73.59054565429688
649,43.69647216796875
650,61.08267593383789
651,62.985137939453125
652,48.185462951660156
653,61.612056732177734
654,39.091060638427734
655,68.20375061035156
656,62.702213287353516
657,68.00028228759766
658,52.06729507446289
659,49.8190803527832
660,56.48781967163086
661,47.2755012512207
662,89.49160766601562
663,61.89167404174805
664,49.13380813598633
665,49.28866958618164
666,64.86571502685547
667,43.98313903808594
668,49.668704986572266
669,68.00811767578125
670,78.11993408203125
671,56.652259826660156
672,69.34922790527344
673,73.64165496826172
674,58.38164138793945
675,89.59725189208984
676,73.60762023925781
677,43.70591735839844
678,61.07695007324219
679,62.95380783081055
680,48.19456100463867
681,61.60749435424805
682,39.066715240478516
683,68.210693359375
684,62.74907302856445
685,68.01249694824219
686,52.053653717041016
687,49.75784683227539
688,56.479251861572266
689,47.2696647644043
690,89.46671295166016
691,61.88180160522461
692,49.11577224731445
693,49.27549362182617
694,64.8469467163086
695,43.9924430847168
696,49.65802764892578
697,68.01433563232422
698,78.1394271850586
699,56.649410247802734
700,69.34799194335938
701,73.6095962524414
702,58.404964447021484
703,89.63751983642578
704,73.5770034790039
705,43.684505462646484
706,61.07863998413086
707,62.78963851928711
708,48.07701110839844
709,61.63663864135742
710,39.00828170776367
711,68.1957778930664
712,62.7985954284668
713,68.09351348876953
714,52.00846481323242
715,49.563961029052734
716,56.35246658325195
717,47.18698501586914
718,89.08869171142578
719,61.75973892211914
720,49.28318786621094
721,49.23037338256836
722,64.822265625
723,43.99449920654297
724,49.625118255615234
725,67.99102020263672
726,78.13724517822266
727,56.65739440917969
728,69.34044647216797
729,73.59100341796875
730,58.41093826293945
731,89.63219451904297
732,73.58597564697266
733,43.689273834228516
734,61.07604217529297
735,62.7786979675293
736,48.083858489990234
737,61.63389205932617
738,38.99843978881836
739,68.2013168334961
740,62.81899642944336
741,68.10074615478516
742,52.00227737426758
743,49.5364990234375
744,56.348148345947266
745,47.184207916259766
746,89.07592010498047
747,61.75474548339844
748,49.2774658203125
749,49.22420883178711
750,64.81391906738281
751,43.99955368041992
752,49.621559143066406
753,67.99468231201172
754,78.1462631225586
755,56.65512466430664
756,69.3405990600586
757,73.57527160644531
758,58.418766021728516
759,89.63005065917969
760,73.59395599365234
761,43.69339370727539
762,61.073543548583984
763,62.76509475708008
764,48.088375091552734
765,61.63228225708008
766,38.987361907958984
767,68.2052001953125
768,62.840511322021484
769,68.10721588134766
770,51.99606704711914
771,49.5091667175293
772,56.34427261352539
773,47.18172073364258
774,89.06462860107422
775,61.75022506713867
776,49.270416259765625
777,49.21822738647461
778,64.80574798583984
779,44.004241943359375
780,49.61738967895508
781,67.99797821044922
782,78.15531921386719
783,56.65346908569336
784,69.34040069580078
785,73.56019592285156
786,58.426902770996094
787,89.62858581542969
788,73.60172271728516
789,43.69738006591797
790,61.07109451293945
791,62.75101852416992
792,48.09236526489258
793,61.630977630615234
794,38.976078033447266
795,68.2086410522461
796,62.8621826171875
797,68.11347198486328
798,51.98991394042969
799,49.48203659057617
800,56.34055709838867
801,47.1793327331543
802,89.0538330078125
803,61.745887756347656
804,49.26306915283203
805,49.212345123291016
806,64.79769134521484
807,44.00885009765625
808,49.61309051513672
809,68.00118255615234
810,78.1643295288086
811,56.65205001831055
812,69.34009552001953
813,73.54547882080078
814,58.43516159057617
815,89.62737274169922
816,73.60934448242188
817,43.70126724243164
818,61.06865310668945
819,62.736812591552734
820,48.09611892700195
821,61.629825592041016
822,38.964759826660156
823,68.21188354492188
824,62.88381576538086
825,68.11963653564453
826,51.9837760925293
827,49.455108642578125
828,56.33694076538086
829,47.17701721191406
830,89.04330444335938
831,61.74166488647461
832,49.255558013916016
833,49.206539154052734
834,64.78971099853516
835,44.01336669921875
836,49.60865020751953
837,68.00422668457031
838,78.17334747314453
839,56.650909423828125
840,69.33966827392578
841,73.53106689453125
842,58.44581985473633
843,89.6474838256836
844,73.59412384033203
845,43.69060134887695
846,61.07050704956055
847,62.65626525878906
848,48.03440475463867
849,61.64786911010742
850,38.932369232177734
851,68.19768524169922
852,62.91313934326172
853,68.15662384033203
854,51.9633903503418
855,49.36330032348633
856,56.281124114990234
857,47.14191436767578
858,88.86771392822266
859,61.6859016418457
860,49.33498764038086
861,49.1856803894043
862,64.77873229980469
863,44.01321792602539
864,49.59040069580078
865,67.99156951904297
866,78.1723403930664
867,56.65645980834961
868,69.33511352539062
869,73.52338409423828
870,58.44934844970703
871,89.64632415771484
872,73.59798431396484
873,43.69252395629883
874,61.06936264038086
875,62.64986801147461
876,48.03646469116211
877,61.6473274230957
878,38.92695999145508
879,68.19940948486328
880,62.92363357543945
881,68.15970611572266
882,51.960453033447266
883,49.35042190551758
884,56.279441833496094
885,47.140899658203125
886,88.86302947998047
887,61.68400955200195
888,49.331111907958984
889,49.1829719543457
890,64.7750015258789
891,44.01534652709961
892,49.588069915771484
893,67.99295806884766
894,78.17681121826172
895,56.6562385559082
896,69.33470153808594
897,73.51673126220703
898,58.4536247253418
899,89.6463394165039
900,73.60150909423828
901,43.69425964355469
902,61.06821823120117
903,62.64250564575195
904,48.03775405883789
905,61.64714813232422
906,38.921142578125
907,68.20059204101562
908,62.934452056884766
909,68.16255950927734
910,51.95748519897461
911,49.337528228759766
912,56.27791213989258
913,47.13993453979492
914,88.85862731933594
915,61.68223190307617
916,49.326988220214844
917,49.18027877807617
918,64.77127838134766
919,44.017433166503906
920,49.58559799194336
921,67.99429321289062
922,78.18126678466797
923,56.65610122680664
924,69.33429718017578
925,73.51017761230469
926,58.45791244506836
927,89.6463851928711
928,73.60501098632812
929,43.695980072021484
930,61.06711196899414
931,62.63521957397461
932,48.0390739440918
933,61.64695739746094
934,38.91535568237305
935,68.20182800292969
936,62.945274353027344
937,68.1654281616211
938,51.95454788208008
939,49.32467269897461
940,56.276371002197266
941,47.13898468017578
942,88.85420989990234
943,61.68042755126953
944,49.322906494140625
945,49.1776008605957
946,64.767578125
947,44.019493103027344
948,49.583194732666016
949,67.9956283569336
950,78.18572235107422
951,56.655941009521484
952,69.33386993408203
953,73.50359344482422
954,58.462181091308594
955,89.64640045166016
956,73.6085433959961
957,43.697715759277344
958,61.06599807739258
959,62.627925872802734
960,48.04039764404297
961,61.64674758911133
962,38.909610748291016
963,68.20307159423828
964,62.95602035522461
965,68.16829681396484
966,51.95161437988281
967,49.31184768676758
968,56.27481460571289
969,47.13803482055664
970,88.84978485107422
971,61.67860794067383
972,49.31887435913086
973,49.17491912841797
974,64.76390075683594
975,44.02159118652344
976,49.58085250854492
977,67.99700164794922
978,78.19015502929688
979,56.6557731628418
980,69.3334732055664
981,73.49700927734375
982,58.4675407409668
983,89.65681457519531
984,73.60089874267578
985,43.692386627197266
986,61.067176818847656
987,62.58761978149414
988,48.00857925415039
989,61.656742095947266
990,38.8924446105957
991,68.194091796875
992,62.97206497192383
993,68.18568420410156
994,51.941802978515625
995,49.26681137084961
996,56.24875259399414
997,47.121978759765625
998,88.76580810546875
999,61.652217864990234
1000,49.35635757446289
1001,49.16498947143555
1002,64.75869750976562
1003,44.020999908447266
1004,49.57076644897461
1005,67.990234375
1006,78.18976593017578
1007,56.65924072265625
1008,69.33086395263672
1009,73.49369049072266
1010,58.46956253051758
1011,89.6567611694336
1012,73.60261535644531
1013,43.6932373046875
1014,61.06666946411133
1015,62.58405303955078
1016,48.00917434692383
1017,61.65669631958008
1018,38.889564514160156
1019,68.19462585449219
1020,62.9774055480957
1021,68.18708038330078
1022,51.94035720825195
1023,49.26056671142578
1024,56.248050689697266
1025,47.12156295776367
1026,88.76383209228516
1027,61.651405334472656
1028,49.354183197021484
1029,49.163700103759766
1030,64.75690460205078
1031,44.02196502685547
1032,49.569454193115234
1033,67.99082946777344
1034,78.1919937133789
1035,56.6593132019043
1036,69.3305892944336
1037,73.4906234741211
1038,58.471744537353516
1039,89.65696716308594
1040,73.60431671142578
1041,43.69404983520508
1042,61.06611251831055
1043,62.58028793334961
1044,48.00965118408203
1045,61.65671157836914
1046,38.88663864135742
1047,68.19510650634766
1048,62.98283004760742
1049,68.18840026855469
1050,51.93892288208008
1051,49.254241943359375
1052,56.247352600097656
1053,47.12111282348633
1054,88.76189422607422
1055,61.65061569213867
1056,49.35197067260742
1057,49.162418365478516
1058,64.75511932373047
1059,44.0229377746582
1060,49.56816101074219
1061,67.99142456054688
1062,78.1942138671875
1063,56.659420013427734
1064,69.33031463623047
1065,73.48755645751953
1066,58.473934173583984
1067,89.65717315673828
1068,73.60600280761719
1069,43.69486618041992
1070,61.06559371948242
1071,62.57656478881836
1072,48.01015090942383
1073,61.65671157836914
1074,38.883724212646484
1075,68.19558715820312
1076,62.98826599121094
1077,68.18978118896484
1078,51.93746566772461
1079,49.24797439575195
1080,56.24666213989258
1081,47.12070846557617
1082,88.75994110107422
1083,61.649784088134766
1084,49.34980392456055
1085,49.161155700683594
1086,64.75332641601562
1087,44.023921966552734
1088,49.5668830871582
1089,67.99201965332031
1090,78.1964340209961
1091,56.65948486328125
1092,69.33004760742188
1093,73.48445892333984
1094,58.47612380981445
1095,89.65735626220703
1096,73.607666015625
1097,43.6956901550293
1098,61.0650749206543
1099,62.57285690307617
1100,48.010650634765625
1101,61.65671920776367
1102,38.880821228027344
1103,68.19605255126953
1104,62.993629455566406
1105,68.19112396240234
1106,51.93604278564453
1107,49.2416877746582
1108,56.24596405029297
1109,47.12028121948242
1110,88.75794219970703
1111,61.648983001708984
1112,49.347652435302734
1113,49.159854888916016
1114,64.75155639648438
1115,44.024898529052734
1116,49.56562423706055
1117,67.99263763427734
1118,78.1986312866211
1119,56.65951919555664
1120,69.32980346679688
1121,73.48137664794922
1122,58.478816986083984
1123,89.66262817382812
1124,73.60384368896484
1125,43.69302749633789
1126,61.06574630737305
1127,62.552677154541016
1128,47.9945068359375
1129,61.66190719604492
1130,38.87202835083008
1131,68.19110870361328
1132,63.00203323364258
1133,68.19950866699219
1134,51.93123245239258
1135,49.2193489074707
1136,56.23337173461914
1137,47.11257553100586
1138,88.71688079833984
1139,61.63613510131836
1140,49.365840911865234
1141,49.15500259399414
1142,64.74898529052734
1143,44.02448272705078
1144,49.56040573120117
1145,67.98920440673828
1146,78.198486328125
1147,56.66134262084961
1148,69.3284683227539
1149,73.47972869873047
1150,58.4798698425293
1151,89.6626205444336
1152,73.60470581054688
1153,43.69346618652344
1154,61.06547927856445
1155,62.550907135009766
1156,47.99484634399414
1157,61.66187286376953
1158,38.87061309814453
1159,68.19141387939453
1160,63.00467300415039
1161,68.20024871826172
1162,51.93050765991211
1163,49.216182708740234
1164,56.233001708984375
1165,47.11237716674805
1166,88.7158432006836
1167,61.63570022583008
1168,49.36479568481445
1169,49.15436553955078
1170,64.74807739257812
1171,44.02499008178711
1172,49.55978775024414
1173,67.9895248413086
1174,78.19961547851562
1175,56.6613655090332
1176,69.32836151123047
1177,73.47815704345703
1178,58.48093795776367
1179,89.66270446777344
1180,73.60558319091797
1181,43.69389343261719
1182,61.065223693847656
1183,62.549072265625
1184,47.99513626098633
1185,61.661834716796875
1186,38.86915588378906
1187,68.19169616699219
1188,63.00739288330078
1189,68.20091247558594
1190,51.92979431152344
1191,49.213050842285156
1192,56.23263931274414
1193,47.11215591430664
1194,88.71481323242188
1195,61.635311126708984
1196,49.3637580871582
1197,49.15373611450195
1198,64.74720001220703
1199,44.025508880615234
1200,49.55912780761719
1201,67.98985290527344
1202,78.20072174072266
1203,56.6613883972168
1204,69.32827758789062
1205,73.4765853881836
1206,58.48200607299805
1207,89.66277313232422
1208,73.6064453125
1209,43.69432067871094
1210,61.06495666503906
1211,62.5472526550293
1212,47.995426177978516
1213,61.66183090209961
1214,38.86772537231445
1215,68.19197845458984
1216,63.010066986083984
1217,68.20160675048828
1218,51.929073333740234
1219,49.20987319946289
1220,56.232295989990234
1221,47.1119499206543
1222,88.71379852294922
1223,61.634891510009766
1224,49.36271286010742
1225,49.1530876159668
1226,64.74627685546875
1227,44.0260009765625
1228,49.55854415893555
1229,67.99018859863281
1230,78.20184326171875
1231,56.66141128540039
1232,69.32815551757812
1233,73.4749984741211
1234,58.48311233520508
1235,89.6628189086914
1236,73.6072769165039
1237,43.69475173950195
1238,61.064701080322266
1239,62.54542922973633
1240,47.995731353759766
1241,61.661808013916016
1242,38.86629104614258
1243,68.19226837158203
1244,63.012779235839844
1245,68.20234680175781
1246,51.92837142944336
1247,49.20674514770508
1248,56.231929779052734
1249,47.11170959472656
1250,88.7127456665039
1251,61.63447952270508
1252,49.3616828918457
1253,49.15243148803711
1254,64.7453842163086
1255,44.026527404785156
1256,49.55792236328125
1257,67.99050903320312
1258,78.20295715332031
1259,56.66139602661133
1260,69.32804107666016
1261,73.47342681884766
1262,58.484378814697266
1263,89.66475677490234
1264,73.6061782836914
1265,43.69392776489258
1266,61.064884185791016
1267,62.53767395019531
1268,47.98997116088867
1269,61.6636848449707
1270,38.86270523071289
1271,68.19053649902344
1272,63.0165901184082
1273,68.20553588867188
1274,51.926456451416016
1275,49.19784164428711
1276,56.22736740112305
1277,47.10895538330078
1278,88.69778442382812
1279,61.62976837158203
1280,49.367919921875
1281,49.150543212890625
1282,64.74422454833984
1283,44.02652359008789
1284,49.55586242675781
1285,67.98936462402344
1286,78.20321655273438
1287,56.66209030151367
1288,69.32754516601562
1289,73.472412109375
1290,58.485042572021484
1291,89.664794921875
1292,73.60672760009766
1293,43.69419479370117
1294,61.06471252441406
1295,62.53654861450195
1296,47.99018478393555
1297,61.663673400878906
1298,38.861820220947266
1299,68.19072723388672
1300,63.01827621459961
1301,68.20597076416016
1302,51.92599868774414
1303,49.19585037231445
1304,56.22714614868164
1305,47.108821868896484
1306,88.6971435546875
1307,61.629520416259766
1308,49.36728286743164
1309,49.15012741088867
1310,64.74363708496094
1311,44.02682113647461
1312,49.55547332763672
1313,67.98957061767578
1314,78.20391082763672
1315,56.662086486816406
1316,69.32748413085938
1317,73.47139739990234
1318,58.48571014404297
1319,89.66480255126953
1320,73.60728454589844
1321,43.69447708129883
1322,61.06454849243164
1323,62.53542709350586
1324,47.99039077758789
1325,61.66363525390625
1326,38.86093521118164
1327,68.1909408569336
1328,63.01997756958008
1329,68.2064208984375
1330,51.925559997558594
1331,49.19387435913086
1332,56.22690963745117
1333,47.10866928100586
1334,88.69648742675781
1335,61.62924575805664
1336,49.36662292480469
1337,49.149715423583984
1338,64.74309539794922
1339,44.027156829833984
1340,49.55508804321289
1341,67.98979187011719
1342,78.2046127319336
1343,56.66209030151367
1344,69.3274154663086
1345,73.47038269042969
1346,58.486392974853516
1347,89.66482543945312
1348,73.60782623291016
1349,43.69474411010742
1350,61.06440353393555
1351,62.53426742553711
1352,47.99056625366211
1353,61.66360092163086
1354,38.86002731323242
1355,68.19112396240234
1356,63.02165985107422
1357,68.20687103271484
1358,51.92511749267578
1359,49.19187927246094
1360,56.2266731262207
1361,47.10853958129883
1362,88.69579315185547
1363,61.628971099853516
1364,49.36599349975586
1365,49.14931106567383
1366,64.74251556396484
1367,44.0274772644043
1368,49.55472946166992
1369,67.99002838134766
1370,78.20532989501953
1371,56.66206359863281
1372,69.32735443115234
1373,73.46940612792969
1374,58.48703384399414
1375,89.66484832763672
1376,73.6083755493164
1377,43.69504165649414
1378,61.06423568725586
1379,62.53314971923828
1380,47.99079513549805
1381,61.6635627746582
1382,38.8591423034668
1383,68.19132232666016
1384,63.0233268737793
1385,68.20733642578125
1386,51.92465591430664
1387,49.18986892700195
1388,56.226436614990234
1389,47.10839080810547
1390,88.69512176513672
1391,61.628719329833984
1392,49.36538314819336
1393,49.14891052246094
1394,64.74195098876953
1395,44.027809143066406
1396,49.55434799194336
1397,67.99021911621094
1398,78.2060317993164
1399,56.662052154541016
1400,69.32730865478516
1401,73.4683837890625
1402,58.48771286010742
1403,89.66484069824219
1404,73.60891723632812
1405,43.6953010559082
1406,61.06406021118164
1407,62.53203582763672
1408,47.99098587036133
1409,61.66353988647461
1410,38.85824966430664
1411,68.1915283203125
1412,63.025001525878906
1413,68.20777893066406
1414,51.924232482910156
1415,49.18789291381836
1416,56.22622299194336
1417,47.10825729370117
1418,88.69445037841797
1419,61.628448486328125
1420,49.36476135253906
1421,49.14850616455078
1422,64.74134826660156
1423,44.02811813354492
1424,49.55398178100586
1425,67.99044036865234
1426,78.20673370361328
1427,56.66205596923828
1428,69.3272705078125
1429,73.46736907958984
1430,58.488380432128906
1431,89.66487121582031
1432,73.6094741821289
1433,43.695587158203125
1434,61.063907623291016
1435,62.53091049194336
1436,47.991207122802734
1437,61.66349411010742
1438,38.85737991333008
1439,68.19171905517578
1440,63.02670669555664
1441,68.20824432373047
1442,51.923763275146484
1443,49.185916900634766
1444,56.22599792480469
1445,47.10811233520508
1446,88.69379425048828
1447,61.62818145751953
1448,49.36412811279297
1449,49.14810562133789
1450,64.74080657958984
1451,44.02846145629883
1452,49.55361557006836
1453,67.99066162109375
1454,78.20743560791016
1455,56.662052154541016
1456,69.32720947265625
1457,73.46636199951172
1458,58.48905563354492
1459,89.66490173339844
1460,73.6100082397461
1461,43.69587326049805
1462,61.063751220703125
1463,62.52975845336914
1464,47.99141311645508
1465,61.66348648071289
1466,38.856475830078125
1467,68.19190979003906
1468,63.02839660644531
1469,68.20867919921875
1470,51.9233283996582
1471,49.18394088745117
1472,56.225772857666016
1473,47.107975006103516
1474,88.6931381225586
1475,61.6279182434082
1476,49.36348342895508
1477,49.147701263427734
1478,64.7402114868164
1479,44.028804779052734
1480,49.5532341003418
1481,67.9908676147461
1482,78.20813751220703
1483,56.66205978393555
1484,69.32716369628906
1485,73.4653549194336
1486,58.48971176147461
1487,89.66490936279297
1488,73.61056518554688
1489,43.696136474609375
1490,61.0635871887207
1491,62.52861404418945
1492,47.99160385131836
1493,61.6634635925293
1494,38.85558319091797
1495,68.19212341308594
1496,63.030094146728516
1497,68.2091293334961
1498,51.92287063598633
1499,49.181922912597656
1500,56.22554397583008
1501,47.10783767700195
1502,88.69246673583984
1503,61.62766647338867
1504,49.36284255981445
1505,49.14730453491211
1506,64.73966217041016
1507,44.029109954833984
1508,49.55286407470703
1509,67.99109649658203
1510,78.20884704589844
1511,56.66205978393555
1512,69.32711029052734
1513,73.46434783935547
1514,58.490421295166016
1515,89.66492462158203
1516,73.61112976074219
1517,43.69640350341797
1518,61.06342697143555
1519,62.52748489379883
1520,47.9918098449707
1521,61.663421630859375
1522,38.85469055175781
1523,68.19229888916016
1524,63.031795501708984
1525,68.20960235595703
1526,51.922428131103516
1527,49.179935455322266
1528,56.22530746459961
1529,47.107688903808594
1530,88.69181060791016
1531,61.62739944458008
1532,49.36220932006836
1533,49.14689636230469
1534,64.73912048339844
1535,44.02943801879883
1536,49.552486419677734
1537,67.9913330078125
1538,78.2095718383789
1539,56.66205978393555
1540,69.3270492553711
1541,73.46337127685547
1542,58.4910774230957
1543,89.66498565673828
1544,73.61167907714844
1545,43.69668197631836
1546,61.06326675415039
1547,62.52634811401367
1548,47.992008209228516
1549,61.66341018676758
1550,38.85378646850586
1551,68.19249725341797
1552,63.033485412597656
1553,68.21003723144531
1554,51.921993255615234
1555,49.17795181274414
1556,56.225093841552734
1557,47.10756301879883
1558,88.69114685058594
1559,61.62714385986328
1560,49.3615608215332
1561,49.1464958190918
1562,64.73851776123047
1563,44.029754638671875
1564,49.55209732055664
1565,67.99152374267578
1566,78.21026611328125
1567,56.66206741333008
1568,69.3270034790039
1569,73.46236419677734
1570,58.49173355102539
1571,89.66500854492188
1572,73.61222839355469
1573,43.696956634521484
1574,61.06310272216797
1575,62.525203704833984
1576,47.99220657348633
1577,61.663387298583984
1578,38.852901458740234
1579,68.19270324707031
1580,63.035186767578125
1581,68.21047973632812
1582,51.92155075073242
1583,49.175960540771484
1584,56.224857330322266
1585,47.1074104309082
1586,88.69049835205078
1587,61.626888275146484
1588,49.36091232299805
1589,49.146087646484375
1590,64.73796844482422
1591,44.03009033203125
1592,49.55171585083008
1593,67.99174499511719
1594,78.2109603881836
1595,56.66206359863281
1596,69.3269271850586
1597,73.46134948730469
1598,58.492435455322266
1599,89.66504669189453
1600,73.61277770996094
1601,43.69724655151367
1602,61.062923431396484
1603,62.524078369140625
1604,47.99240493774414
1605,61.66333770751953
1606,38.852012634277344
1607,68.1928939819336
1608,63.036869049072266
1609,68.2109375
1610,51.921112060546875
1611,49.17398452758789
1612,56.224647521972656
1613,47.10729217529297
1614,88.68982696533203
1615,61.62661361694336
1616,49.36027908325195
1617,49.14569091796875
1618,64.73738861083984
1619,44.0304069519043
1620,49.551334381103516
1621,67.99197387695312
1622,78.21167755126953
1623,56.662086486816406
1624,69.32689666748047
1625,73.4603500366211
1626,58.493099212646484
1627,89.6650619506836
1628,73.61332702636719
1629,43.697505950927734
1630,61.06276321411133
1631,62.522945404052734
1632,47.99260330200195
1633,61.663333892822266
1634,38.85111618041992
1635,68.19306182861328
1636,63.038570404052734
1637,68.21137237548828
1638,51.92067337036133
1639,49.17198944091797
1640,56.224430084228516
1641,47.10715103149414
1642,88.68917846679688
1643,61.6263542175293
1644,49.35964584350586
1645,49.14529037475586
1646,64.73680114746094
1647,44.030731201171875
1648,49.550968170166016
1649,67.99219512939453
1650,78.21235656738281
1651,56.66206741333008
1652,69.32682800292969
1653,73.45933532714844
1654,58.4937629699707
1655,89.66509246826172
1656,73.61387634277344
1657,43.69778823852539
1658,61.06261444091797
1659,62.52180099487305
1660,47.992835998535156
1661,61.66328048706055
1662,38.850223541259766
1663,68.19332885742188
1664,63.04023742675781
1665,68.21183776855469
1666,51.92021560668945
1667,49.17000198364258
1668,56.22418212890625
1669,47.106998443603516
1670,88.68846893310547
1671,61.62609100341797
1672,49.359039306640625
1673,49.1448860168457
1674,64.73623657226562
1675,44.031070709228516
1676,49.55057907104492
1677,67.99241638183594
1678,78.21306610107422
1679,56.662052154541016
1680,69.3267822265625
1681,73.45832824707031
1682,58.49444580078125
1683,89.66510772705078
1684,73.61444854736328
1685,43.69807815551758
1686,61.06245803833008
1687,62.52070617675781
1688,47.9930305480957
1689,61.663265228271484
1690,38.8493537902832
1691,68.1935043334961
1692,63.04192352294922
1693,68.21228790283203
1694,51.91976547241211
1695,49.16802978515625
1696,56.223960876464844
1697,47.106876373291016
1698,88.68782043457031
1699,61.625797271728516
1700,49.358428955078125
1701,49.14447021484375
1702,64.73567199707031
1703,44.03141403198242
1704,49.55023193359375
1705,67.99262237548828
1706,78.21379089355469
1707,56.662044525146484
1708,69.32672119140625
1709,73.45731353759766
1710,58.4951057434082
1711,89.66508483886719
1712,73.61497497558594
1713,43.69834518432617
1714,61.062294006347656
1715,62.51957321166992
1716,47.99325180053711
1717,61.6632080078125
1718,38.84846878051758
1719,68.19371795654297
1720,63.04360580444336
1721,68.21273040771484
1722,51.919307708740234
1723,49.16603469848633
1724,56.22372055053711
1725,47.106746673583984
1726,88.68714141845703
1727,61.62553024291992
1728,49.35780334472656
1729,49.14407730102539
1730,64.73509979248047
1731,44.03173065185547
1732,49.54987716674805
1733,67.99285125732422
1734,78.2144775390625
1735,56.662052154541016
1736,69.32669067382812
1737,73.45628356933594
1738,58.49577331542969
1739,89.66510772705078
1740,73.61556243896484
1741,43.69862365722656
1742,61.062137603759766
1743,62.51846694946289
1744,47.99345779418945
1745,61.663211822509766
1746,38.847591400146484
1747,68.19395446777344
1748,63.04527282714844
1749,68.21320343017578
1750,51.91889190673828
1751,49.16404342651367
1752,56.2234992980957
1753,47.10659408569336
1754,88.68647003173828
1755,61.62527847290039
1756,49.35719680786133
1757,49.143680572509766
1758,64.7345199584961
1759,44.03206253051758
1760,49.54951095581055
1761,67.9930648803711
1762,78.21517181396484
1763,56.66201400756836
1764,69.32664489746094
1765,73.45526885986328
1766,58.4964485168457
1767,89.66510772705078
1768,73.61612701416016
1769,43.698909759521484
1770,61.06197738647461
1771,62.51735305786133
1772,47.993682861328125
1773,61.663150787353516
1774,38.84671401977539
1775,68.19412231445312
1776,63.046939849853516
1777,68.21366119384766
1778,51.9184455871582
1779,49.162078857421875
1780,56.223270416259766
1781,47.106441497802734
1782,88.6857681274414
1783,61.6250114440918
1784,49.35658645629883
1785,49.14326858520508
1786,64.73394775390625
1787,44.03239059448242
1788,49.54915237426758
1789,67.99329376220703
1790,78.21588897705078
1791,56.66200637817383
1792,69.32662200927734
1793,73.45428466796875
1794,58.497100830078125
1795,89.66512298583984
1796,73.61665344238281
1797,43.69918441772461
1798,61.06179428100586
1799,62.51621627807617
1800,47.993900299072266
1801,61.66313171386719
1802,38.84583282470703
1803,68.1943359375
1804,63.04862594604492
1805,68.214111328125
1806,51.91800308227539
1807,49.160091400146484
1808,56.22304916381836
1809,47.10630416870117
1810,88.68511199951172
1811,61.6247444152832
1812,49.3559684753418
1813,49.142845153808594
1814,64.7333984375
1815,44.03271484375
1816,49.54877471923828
1817,67.9935073852539
1818,78.21656799316406
1819,56.661991119384766
1820,69.3265380859375
1821,73.4532699584961
1822,58.49777603149414
1823,89.66515350341797
1824,73.61722564697266
1825,43.699462890625
1826,61.061649322509766
1827,62.5151252746582
1828,47.99411392211914
1829,61.66310501098633
1830,38.84495544433594
1831,68.19453430175781
1832,63.05030059814453
1833,68.21456909179688
1834,51.91756820678711
1835,49.158103942871094
1836,56.22282791137695
1837,47.10617446899414
1838,88.68443298339844
1839,61.62446975708008
1840,49.35535430908203
1841,49.1424674987793
1842,64.73282623291016
1843,44.03306198120117
1844,49.54841995239258
1845,67.99373626708984
1846,78.21727752685547
1847,56.6619758605957
1848,69.32648468017578
1849,73.45225524902344
1850,58.49843978881836
1851,89.66516876220703
1852,73.6177749633789
1853,43.69974136352539
1854,61.06150436401367
1855,62.51401138305664
1856,47.994327545166016
1857,61.66304397583008
1858,38.844078063964844
1859,68.19475555419922
1860,63.05197525024414
1861,68.21501922607422
1862,51.91713333129883
1863,49.1561393737793
1864,56.22258377075195
1865,47.10602569580078
1866,88.68376922607422
1867,61.624210357666016
1868,49.354740142822266
1869,49.14206314086914
1870,64.73224639892578
1871,44.03338623046875
1872,49.548065185546875
1873,67.99398040771484
1874,78.21797180175781
1875,56.66196060180664
1876,69.32645416259766
1877,73.45122528076172
1878,58.49909210205078
1879,89.6651611328125
1880,73.6183090209961
1881,43.70001220703125
1882,61.06132125854492
1883,62.51290512084961
1884,47.99455642700195
1885,61.66301727294922
1886,38.84320831298828
1887,68.1949691772461
1888,63.053653717041016
1889,68.21549224853516
1890,51.91666793823242
1891,49.15414047241211
1892,56.22236251831055
1893,47.10588455200195
1894,88.68307495117188
1895,61.62393569946289
1896,49.354148864746094
1897,49.14164352416992
1898,64.73167419433594
1899,44.03373336791992
1900,49.547698974609375
1901,67.99419403076172
1902,78.21868133544922
1903,56.66193389892578
1904,69.32640075683594
1905,73.45023345947266
1906,58.499752044677734
1907,89.6651611328125
1908,73.61888122558594
1909,43.7003173828125
1910,61.0611686706543
1911,62.511783599853516
1912,47.9947624206543
1913,61.6629753112793
1914,38.84234619140625
1915,68.1951675415039
1916,63.05533218383789
1917,68.2159652709961
1918,51.91624069213867
1919,49.15217971801758
1920,56.22214889526367
1921,47.105735778808594
1922,88.682373046875
1923,61.6236457824707
1924,49.35356521606445
1925,49.141239166259766
1926,64.73110961914062
1927,44.0340690612793
1928,49.5473518371582
1929,67.99442291259766
1930,78.21936798095703
1931,56.66191482543945
1932,69.32634735107422
1933,73.4491958618164
1934,58.50039291381836
1935,89.66516876220703
1936,73.6194076538086
1937,43.70059585571289
1938,61.06099319458008
1939,62.51070022583008
1940,47.99502182006836
1941,61.66293716430664
1942,38.841468811035156
1943,68.1954116821289
1944,63.05699920654297
1945,68.21642303466797
1946,51.91580581665039
1947,49.150203704833984
1948,56.22190856933594
1949,47.1056022644043
1950,88.68169403076172
1951,61.623390197753906
1952,49.352962493896484
1953,49.14084243774414
1954,64.73055267333984
1955,44.03439712524414
1956,49.5470085144043
1957,67.99464416503906
1958,78.2200698852539
1959,56.66189956665039
1960,69.32633209228516
1961,73.44815826416016
1962,58.50105667114258
1963,89.6651611328125
1964,73.6199951171875
1965,43.700870513916016
1966,61.060848236083984
1967,62.50961685180664
1968,47.995243072509766
1969,61.662906646728516
1970,38.840606689453125
1971,68.1956558227539
1972,63.05866622924805
1973,68.2168960571289
1974,51.915348052978516
1975,49.14821243286133
1976,56.2216682434082
1977,47.10546112060547
1978,88.68099212646484
1979,61.62311553955078
1980,49.35238265991211
1981,49.14043045043945
1982,64.72997283935547
1983,44.03473663330078
1984,49.54664993286133
1985,67.99490356445312
1986,78.22075653076172
1987,56.66188430786133
1988,69.32628631591797
1989,73.44712829589844
1990,58.5016975402832
1991,89.66516876220703
1992,73.62055206298828
1993,43.70115280151367
1994,61.06067657470703
1995,62.50851058959961
1996,47.99545669555664
1997,61.66286087036133
1998,38.83974075317383
1999,68.19587707519531
2000,63.06028747558594
2001,68.21734619140625
2002,51.91492462158203
2003,49.14625930786133
2004,56.221435546875
2005,47.10531997680664
2006,88.68030548095703
2007,61.622825622558594
2008,49.35177993774414
2009,49.14003372192383
2010,64.72938537597656
2011,44.03506088256836
2012,49.54631423950195
2013,67.99512481689453
2014,78.22146606445312
2015,56.66183853149414
2016,69.32624816894531
2017,73.44612884521484
2018,58.50235366821289
2019,89.6651382446289
2020,73.62110900878906
2021,43.7014274597168
2022,61.06052017211914
2023,62.507442474365234
2024,47.99570083618164
2025,61.66282653808594
2026,38.83889389038086
2027,68.19608306884766
2028,63.061988830566406
2029,68.21781158447266
2030,51.914493560791016
2031,49.1442985534668
2032,56.2212028503418
2033,47.10518264770508
2034,88.67961883544922
2035,61.62256622314453
2036,49.35118103027344
2037,49.139625549316406
2038,64.72882843017578
2039,44.03540802001953
2040,49.54598617553711
2041,67.99534606933594
2042,78.22216033935547
2043,56.66180419921875
2044,69.32621002197266
2045,73.44510650634766
2046,58.50301742553711
2047,89.66512298583984
2048,73.6216812133789
2049,43.70171356201172
2050,61.060367584228516
2051,62.50636672973633
2052,47.99595260620117
2053,61.66279983520508
2054,38.8380241394043
2055,68.19632720947266
2056,63.063621520996094
2057,68.21829986572266
2058,51.91404342651367
2059,49.14231491088867
2060,56.220977783203125
2061,47.105037689208984
2062,88.6789321899414
2063,61.622291564941406
2064,49.350616455078125
2065,49.139217376708984
2066,64.7282485961914
2067,44.035762786865234
2068,49.54561996459961
2069,67.99559020996094
2070,78.22284698486328
2071,56.66177749633789
2072,69.32618713378906
2073,73.4440689086914
2074,58.503665924072266
2075,89.66512298583984
2076,73.62223052978516
2077,43.70199966430664
2078,61.06020736694336
2079,62.50528335571289
2080,47.99619674682617
2081,61.662723541259766
2082,38.83716583251953
2083,68.19654083251953
2084,63.06528091430664
2085,68.21875762939453
2086,51.91360092163086
2087,49.14035415649414
2088,56.22072982788086
2089,47.10487747192383
2090,88.67820739746094
2091,61.622005462646484
2092,49.35005569458008
2093,49.13882827758789
2094,64.72769165039062
2095,44.03609848022461
2096,49.5452766418457
2097,67.99580383300781
2098,78.22354888916016
2099,56.6617431640625
2100,69.326171875
2101,73.44304656982422
2102,58.50430679321289
2103,89.66510772705078
2104,73.6227798461914
2105,43.7022819519043
2106,61.06003952026367
2107,62.50416946411133
2108,47.99642562866211
2109,61.66270065307617
2110,38.8363151550293
2111,68.19676971435547
2112,63.066959381103516
2113,68.2192153930664
2114,51.91315841674805
2115,49.13837814331055
2116,56.22050476074219
2117,47.10475540161133
2118,88.67752838134766
2119,61.62173843383789
2120,49.349449157714844
2121,49.13841247558594
2122,64.72712707519531
2123,44.03641891479492
2124,49.5449333190918
2125,67.99605560302734
2126,78.22423553466797
2127,56.66171646118164
2128,69.32611083984375
2129,73.44200897216797
2130,58.504947662353516
2131,89.66510009765625
2132,73.62337493896484
2133,43.70256042480469
2134,61.05988693237305
2135,62.50309371948242
2136,47.996646881103516
2137,61.66263198852539
2138,38.83545684814453
2139,68.1969985961914
2140,63.068603515625
2141,68.21969604492188
2142,51.91273498535156
2143,49.136409759521484
2144,56.22026824951172
2145,47.1046028137207
2146,88.67684173583984
2147,61.62146759033203
2148,49.3488655090332
2149,49.13801193237305
2150,64.72655487060547
2151,44.036766052246094
2152,49.54459762573242
2153,67.99626159667969
2154,78.2249526977539
2155,56.661685943603516
2156,69.3260726928711
2157,73.44098663330078
2158,58.505611419677734
2159,89.66508483886719
2160,73.6239242553711
2161,43.70284652709961
2162,61.05971908569336
2163,62.50202560424805
2164,47.996883392333984
2165,61.6626091003418
2166,38.834598541259766
2167,68.19721221923828
2168,63.070255279541016
2169,68.22016143798828
2170,51.912296295166016
2171,49.13444519042969
2172,56.22003936767578
2173,47.10445785522461
2174,88.6761245727539
2175,61.62119674682617
2176,49.34829330444336
2177,49.13759994506836
2178,64.72599792480469
2179,44.03710174560547
2180,49.544254302978516
2181,67.99650573730469
2182,78.22563934326172
2183,56.66167068481445
2184,69.32604217529297
2185,73.44001770019531
2186,58.50626754760742
2187,89.66507720947266
2188,73.62447357177734
2189,43.703121185302734
2190,61.0595588684082
2191,62.50090408325195
2192,47.99714279174805
2193,61.66257095336914
2194,38.8337287902832
2195,68.19744110107422
2196,63.07191848754883
2197,68.2206039428711
2198,51.911861419677734
2199,49.13247299194336
2200,56.21980667114258
2201,47.10432434082031
2202,88.67546081542969
2203,61.62092208862305
2204,49.34769821166992
2205,49.13720703125
2206,64.72542572021484
2207,44.03744125366211
2208,49.54389190673828
2209,67.9967269897461
2210,78.2263412475586
2211,56.661643981933594
2212,69.32601165771484
2213,73.43897247314453
2214,58.50692367553711
2215,89.66507720947266
2216,73.62503051757812
2217,43.70340347290039
2218,61.05941390991211
2219,62.499820709228516
2220,47.99735641479492
2221,61.66252136230469
2222,38.83285903930664
2223,68.19766998291016
2224,63.07360076904297
2225,68.22108459472656
2226,51.91142654418945
2227,49.130496978759766
2228,56.219581604003906
2229,47.10417556762695
2230,88.6747817993164
2231,61.62065505981445
2232,49.347103118896484
2233,49.13679885864258
2234,64.72486877441406
2235,44.03774642944336
2236,49.54354476928711
2237,67.9969482421875
2238,78.22704315185547
2239,56.6616325378418
2240,69.32596588134766
2241,73.43795013427734
2242,58.507564544677734
2243,89.66509246826172
2244,73.62559509277344
2245,43.703697204589844
2246,61.05925750732422
2247,62.49872589111328
2248,47.99758529663086
2249,61.6624870300293
2250,38.83198928833008
2251,68.19786071777344
2252,63.07526779174805
2253,68.22154998779297
2254,51.91098403930664
2255,49.128543853759766
2256,56.21936798095703
2257,47.104042053222656
2258,88.6740951538086
2259,61.6203727722168
2260,49.346500396728516
2261,49.13640213012695
2262,64.72428131103516
2263,44.0380973815918
2264,49.54318618774414
2265,67.99718475341797
2266,78.22773742675781
2267,56.661617279052734
2268,69.325927734375
2269,73.43692779541016
2270,58.508235931396484
2271,89.66507720947266
2272,73.62615966796875
2273,43.7039680480957
2274,61.059085845947266
2275,62.49763107299805
2276,47.99778366088867
2277,61.662452697753906
2278,38.831138610839844
2279,68.1980972290039
2280,63.07693862915039
2281,68.22200012207031
2282,51.91054916381836
2283,49.1265754699707
2284,56.2191276550293
2285,47.10390090942383
2286,88.67340850830078
2287,61.62010955810547
2288,49.34590530395508
2289,49.1359977722168
2290,64.72372436523438
2291,44.03843688964844
2292,49.5428466796875
2293,67.99740600585938
2294,78.22842407226562
2295,56.66157913208008
2296,69.32589721679688
2297,73.4359359741211
2298,58.50888442993164
2299,89.66509246826172
2300,73.626708984375
2301,43.70424270629883
2302,61.058921813964844
2303,62.49653244018555
2304,47.99802780151367
2305,61.66242980957031
2306,38.830265045166016
2307,68.19831085205078
2308,63.07859420776367
2309,68.22246551513672
2310,51.910118103027344
2311,49.12460708618164
2312,56.21889114379883
2313,47.103763580322266
2314,88.6727066040039
2315,61.61984634399414
2316,49.34531021118164
2317,49.1356086730957
2318,64.72315216064453
2319,44.03877639770508
2320,49.54249954223633
2321,67.99762725830078
2322,78.22911834716797
2323,56.66154098510742
2324,69.32588195800781
2325,73.43489837646484
2326,58.509525299072266
2327,89.66510009765625
2328,73.62728118896484
2329,43.70453643798828
2330,61.05876922607422
2331,62.49544143676758
2332,47.9982795715332
2333,61.662384033203125
2334,38.82942199707031
2335,68.19852447509766
2336,63.08026123046875
2337,68.22291564941406
2338,51.909671783447266
2339,49.12265396118164
2340,56.21866989135742
2341,47.1036262512207
2342,88.67203521728516
2343,61.619564056396484
2344,49.3447151184082
2345,49.135196685791016
2346,64.72258758544922
2347,44.03911209106445
2348,49.54215621948242
2349,67.99787139892578
2350,78.22980499267578
2351,56.66154098510742
2352,69.3258285522461
2353,73.43389892578125
2354,58.51020050048828
2355,89.66507720947266
2356,73.62784576416016
2357,43.70481491088867
2358,61.0586051940918
2359,62.49436569213867
2360,47.998477935791016
2361,61.66233444213867
2362,38.828548431396484
2363,68.19874572753906
2364,63.081939697265625
2365,68.223388671875
2366,51.90922927856445
2367,49.120662689208984
2368,56.218441009521484
2369,47.10348129272461
2370,88.67134857177734
2371,61.61931228637695
2372,49.3441276550293
2373,49.13480758666992
2374,64.7220230102539
2375,44.0394287109375
2376,49.541812896728516
2377,67.99809265136719
2378,78.2304916381836
2379,56.66151428222656
2380,69.3257827758789
2381,73.43287658691406
2382,58.51084518432617
2383,89.66508483886719
2384,73.62836456298828
2385,43.70509338378906
2386,61.05844497680664
2387,62.4932746887207
2388,47.99872589111328
2389,61.66231918334961
2390,38.82768630981445
2391,68.19896697998047
2392,63.08358383178711
2393,68.22384643554688
2394,51.90878677368164
2395,49.118717193603516
2396,56.21821212768555
2397,47.103328704833984
2398,88.67066192626953
2399,61.61903381347656
2400,49.34354782104492
2401,49.134395599365234
2402,64.72144317626953
2403,44.03976058959961
2404,49.54146194458008
2405,67.99832916259766
2406,78.23120880126953
2407,56.6614990234375
2408,69.32572174072266
2409,73.4318618774414
2410,58.51148223876953
2411,89.66507720947266
2412,73.62894439697266
2413,43.70537185668945
2414,61.058284759521484
2415,62.4921760559082
2416,47.99895095825195
2417,61.66225051879883
2418,38.82683181762695
2419,68.19918060302734
2420,63.08525466918945
2421,68.22428894042969
2422,51.908355712890625
2423,49.116756439208984
2424,56.217987060546875
2425,47.10322189331055
2426,88.66997528076172
2427,61.6187629699707
2428,49.342952728271484
2429,49.13399124145508
2430,64.72088623046875
2431,44.040103912353516
2432,49.54111862182617
2433,67.9985580444336
2434,78.23188018798828
2435,56.661468505859375
2436,69.3257064819336
2437,73.43085479736328
2438,58.51213836669922
2439,89.66507720947266
2440,73.6294937133789
2441,43.70565414428711
2442,61.05812454223633
2443,62.491085052490234
2444,47.99917984008789
2445,61.66222381591797
2446,38.825984954833984
2447,68.19939422607422
2448,63.08686447143555
2449,68.22478485107422
2450,51.9079475402832
2451,49.114803314208984
2452,56.2177619934082
2453,47.10304641723633
2454,88.6692886352539
2455,61.61849594116211
2456,49.34238052368164
2457,49.13359069824219
2458,64.72030639648438
2459,44.04043960571289
2460,49.540767669677734
2461,67.99878692626953
2462,78.23259735107422
2463,56.66143798828125
2464,69.32564544677734
2465,73.42981719970703
2466,58.5128059387207
2467,89.66507720947266
2468,73.63005065917969
2469,43.70592498779297
2470,61.057979583740234
2471,62.489994049072266
2472,47.99941635131836
2473,61.66217803955078
2474,38.82512283325195
2475,68.1996078491211
2476,63.08856201171875
2477,68.2252426147461
2478,51.90748977661133
2479,49.11283493041992
2480,56.217533111572266
2481,47.10292434692383
2482,88.66861724853516
2483,61.61822509765625
2484,49.34177780151367
2485,49.13319396972656
2486,64.71976470947266
2487,44.0407829284668
2488,49.5404167175293
2489,67.99900817871094
2490,78.2332763671875
2491,56.66144561767578
2492,69.32563018798828
2493,73.42882537841797
2494,58.51344680786133
2495,89.66505432128906
2496,73.6306381225586
2497,43.70621871948242
2498,61.05782699584961
2499,62.48891067504883
2500,47.9996452331543
2501,61.66214370727539
2502,38.82427215576172
2503,68.19982147216797
2504,63.090232849121094
2505,68.22570037841797
2506,51.907047271728516
2507,49.110870361328125
2508,56.21730422973633
2509,47.102787017822266
2510,88.66793060302734
2511,61.61796188354492
2512,49.3411979675293
2513,49.13280487060547
2514,64.7192153930664
2515,44.04111099243164
2516,49.54007339477539
2517,67.9992446899414
2518,78.23397064208984
2519,56.66141891479492
2520,69.32557678222656
2521,73.42780303955078
2522,58.51411056518555
2523,89.66506958007812
2524,73.63116455078125
2525,43.70650100708008
2526,61.05765151977539
2527,62.48781967163086
2528,47.99984359741211
2529,61.66210174560547
2530,38.82340621948242
2531,68.20006561279297
2532,63.091888427734375
2533,68.22615814208984
2534,51.9066276550293
2535,49.10890579223633
2536,56.217071533203125
2537,47.102638244628906
2538,88.66725158691406
2539,61.617679595947266
2540,49.34061813354492
2541,49.13240432739258
2542,64.7186279296875
2543,44.041439056396484
2544,49.53969955444336
2545,67.99945831298828
2546,78.23465728759766
2547,56.661380767822266
2548,69.32553100585938
2549,73.42681121826172
2550,58.514766693115234
2551,89.66509246826172
2552,73.63172149658203
2553,43.70677947998047
2554,61.057498931884766
2555,62.48672866821289
2556,48.00008773803711
2557,61.66207504272461
2558,38.82255172729492
2559,68.20026397705078
2560,63.09354019165039
2561,68.22661590576172
2562,51.90618896484375
2563,49.1069450378418
2564,56.216854095458984
2565,47.10251235961914
2566,88.66657257080078
2567,61.6174201965332
2568,49.34001159667969
2569,49.13199234008789
2570,64.71806335449219
2571,44.0417594909668
2572,49.53934860229492
2573,67.99971771240234
2574,78.23538208007812
2575,56.6613655090332
2576,69.32550811767578
2577,73.4258041381836
2578,58.51542663574219
2579,89.66509246826172
2580,73.63228607177734
2581,43.70705795288086
2582,61.05734634399414
2583,62.48564529418945
2584,48.00030517578125
2585,61.662044525146484
2586,38.82168197631836
2587,68.20048522949219
2588,63.09518814086914
2589,68.2270736694336
2590,51.905757904052734
2591,49.10499572753906
2592,56.21661376953125
2593,47.102359771728516
2594,88.66588592529297
2595,61.61715316772461
2596,49.33940124511719
2597,49.13161849975586
2598,64.71751403808594
2599,44.042110443115234
2600,49.53900909423828
2601,67.99991607666016
2602,78.2360610961914
2603,56.66136932373047
2604,69.3254623413086
2605,73.4247817993164
2606,58.51607894897461
2607,89.66510772705078
2608,73.63285064697266
2609,43.707340240478516
2610,61.05717849731445
2611,62.48453903198242
2612,48.00052261352539
2613,61.661991119384766
2614,38.82081604003906
2615,68.20069122314453
2616,63.09687423706055
2617,68.2275161743164
2618,51.905311584472656
2619,49.10304641723633
2620,56.21640396118164
2621,47.10221862792969
2622,88.66521453857422
2623,61.616886138916016
2624,49.33877944946289
2625,49.13120651245117
2626,64.7169418334961
2627,44.04243850708008
2628,49.53864288330078
2629,68.0001449584961
2630,78.23676300048828
2631,56.661354064941406
2632,69.3254165649414
2633,73.42378997802734
2634,58.5167350769043
2635,89.66511535644531
2636,73.63339233398438
2637,43.707618713378906
2638,61.0570182800293
2639,62.48344039916992
2640,48.00075149536133
2641,61.66196060180664
2642,38.8199577331543
2643,68.2009048461914
2644,63.09852600097656
2645,68.22799682617188
2646,51.90487289428711
2647,49.101078033447266
2648,56.2161750793457
2649,47.10209274291992
2650,88.66455841064453
2651,61.61662673950195
2652,49.338191986083984
2653,49.130821228027344
2654,64.71637725830078
2655,44.04276657104492
2656,49.538291931152344
2657,68.00037384033203
2658,78.23745727539062
2659,56.66132736206055
2660,69.32538604736328
2661,73.42279052734375
2662,58.51740646362305
2663,89.66511535644531
2664,73.63394165039062
2665,43.7078971862793
2666,61.0568733215332
2667,62.48234176635742
2668,48.00096130371094
2669,61.661930084228516
2670,38.819095611572266
2671,68.20110321044922
2672,63.10020446777344
2673,68.22844696044922
2674,51.904449462890625
2675,49.0991096496582
2676,56.2159538269043
2677,47.101951599121094
2678,88.66388702392578
2679,61.61635971069336
2680,49.33759689331055
2681,49.13041305541992
2682,64.71581268310547
2683,44.0431022644043
2684,49.53794479370117
2685,68.00060272216797
2686,78.2381362915039
2687,56.661312103271484
2688,69.32534790039062
2689,73.42176055908203
2690,58.51805877685547
2691,89.6651382446289
2692,73.63451385498047
2693,43.708160400390625
2694,61.056705474853516
2695,62.48123550415039
2696,48.00117111206055
2697,61.66191482543945
2698,38.81822204589844
2699,68.2013168334961
2700,63.10187911987305
2701,68.2289047241211
2702,51.90400314331055
2703,49.0971565246582
2704,56.21573257446289
2705,47.10182189941406
2706,88.6632308959961
2707,61.616085052490234
2708,49.336978912353516
2709,49.130008697509766
2710,64.71524810791016
2711,44.04343795776367
2712,49.537567138671875
2713,68.00081634521484
2714,78.23883819580078
2715,56.661312103271484
2716,69.32528686523438
2717,73.42076873779297
2718,58.51871871948242
2719,89.6651382446289
2720,73.6350326538086
2721,43.708457946777344
2722,61.05656051635742
2723,62.48015213012695
2724,48.001399993896484
2725,61.661861419677734
2726,38.8173828125
2727,68.20149993896484
2728,63.10354995727539
2729,68.22935485839844
2730,51.903568267822266
2731,49.09519577026367
2732,56.215511322021484
2733,47.10167694091797
2734,88.66254425048828
2735,61.61582565307617
2736,49.33637619018555
2737,49.12961196899414
2738,64.71469116210938
2739,44.04377365112305
2740,49.537227630615234
2741,68.00102233886719
2742,78.23954010009766
2743,56.66130447387695
2744,69.32523345947266
2745,73.41978454589844
2746,58.51937484741211
2747,89.66516876220703
2748,73.63558197021484
2749,43.7087287902832
2750,61.0563850402832
2751,62.4790153503418
2752,48.001609802246094
2753,61.661861419677734
2754,38.81648254394531
2755,68.20169830322266
2756,63.105224609375
2757,68.22980499267578
2758,51.903141021728516
2759,49.09321975708008
2760,56.21529006958008
2761,47.10154342651367
2762,88.6618881225586
2763,61.615570068359375
2764,49.33576583862305
2765,49.129207611083984
2766,64.71412658691406
2767,44.04409408569336
2768,49.536861419677734
2769,68.00125885009766
2770,78.24022674560547
2771,56.66130828857422
2772,69.32518768310547
2773,73.41878509521484
2774,58.520023345947266
2775,89.66516876220703
2776,73.63619232177734
2777,43.709014892578125
2778,61.056236267089844
2779,62.47794723510742
2780,48.00181579589844
2781,61.66182327270508
2782,38.81562423706055
2783,68.2019271850586
2784,63.10689163208008
2785,68.23026275634766
2786,51.902687072753906
2787,49.09126663208008
2788,56.2150764465332
2789,47.10140609741211
2790,88.6612319946289
2791,61.61530685424805
2792,49.33515548706055
2793,49.12881088256836
2794,64.71355438232422
2795,44.044429779052734
2796,49.53651809692383
2797,68.00149536132812
2798,78.24093627929688
2799,56.66128921508789
2800,69.32518005371094
2801,73.41778564453125
2802,58.520694732666016
2803,89.6651840209961
2804,73.63672637939453
2805,43.709285736083984
2806,61.05607986450195
2807,62.47682571411133
2808,48.00202941894531
2809,61.66178894042969
2810,38.81475830078125
2811,68.20211791992188
2812,63.10854721069336
2813,68.23072052001953
2814,51.90226745605469
2815,49.08932876586914
2816,56.2148551940918
2817,47.10126876831055
2818,88.6605453491211
2819,61.615055084228516
2820,49.33456039428711
2821,49.12843322753906
2822,64.71299743652344
2823,44.04475784301758
2824,49.53617477416992
2825,68.00172424316406
2826,78.24163818359375
2827,56.66127014160156
2828,69.32511901855469
2829,73.41680145263672
2830,58.521358489990234
2831,89.66519165039062
2832,73.63725280761719
2833,43.70956802368164
2834,61.05593490600586
2835,62.4757194519043
2836,48.002262115478516
2837,61.66178512573242
2838,38.813907623291016
2839,68.20233917236328
2840,63.11021041870117
2841,68.2311782836914
2842,51.90183639526367
2843,49.08736038208008
2844,56.21460723876953
2845,47.101131439208984
2846,88.65989685058594
2847,61.61478805541992
2848,49.33396530151367
2849,49.12802505493164
2850,64.7124252319336
2851,44.04508590698242
2852,49.53581619262695
2853,68.00193786621094
2854,78.24232482910156
2855,56.661258697509766
2856,69.32508087158203
2857,73.415771484375
2858,58.522029876708984
2859,89.66521453857422
2860,73.63783264160156
2861,43.7098503112793
2862,61.055782318115234
2863,62.4746208190918
2864,48.00247573852539
2865,61.66170883178711
2866,38.813053131103516
2867,68.20254516601562
2868,63.11185836791992
2869,68.23162078857422
2870,51.90138626098633
2871,49.08539962768555
2872,56.21440505981445
2873,47.101009368896484
2874,88.65922546386719
2875,61.61452102661133
2876,49.3333625793457
2877,49.12763595581055
2878,64.71184539794922
2879,44.04541778564453
2880,49.53544998168945
2881,68.00216674804688
2882,78.24300384521484
2883,56.661258697509766
2884,69.32505798339844
2885,73.41477966308594
2886,58.52267074584961
2887,89.66519165039062
2888,73.63838195800781
2889,43.710121154785156
2890,61.055606842041016
2891,62.47353744506836
2892,48.00271224975586
2893,61.66168212890625
2894,38.81218338012695
2895,68.20276641845703
2896,63.113548278808594
2897,68.23209381103516
2898,51.90098571777344
2899,49.08344650268555
2900,56.21418762207031
2901,47.100868225097656
2902,88.6585464477539
2903,61.614253997802734
2904,49.332767486572266
2905,49.12724304199219
2906,64.71131134033203
2907,44.04574966430664
2908,49.535118103027344
2909,68.00239562988281
2910,78.24369812011719
2911,56.66121292114258
2912,69.32501983642578
2913,73.41378021240234
2914,58.523311614990234
2915,89.66521453857422
2916,73.63893127441406
2917,43.71039962768555
2918,61.05544662475586
2919,62.47246170043945
2920,48.002925872802734
2921,61.66166305541992
2922,38.811336517333984
2923,68.20299530029297
2924,63.11518096923828
2925,68.23255920410156
2926,51.90053939819336
2927,49.08149719238281
2928,56.21397018432617
2929,47.10072708129883
2930,88.65787506103516
2931,61.61397933959961
2932,49.332191467285156
2933,49.1268424987793
2934,64.71077728271484
2935,44.046085357666016
2936,49.53475570678711
2937,68.00261688232422
2938,78.24439239501953
2939,56.66121292114258
2940,69.3249740600586
2941,73.41276550292969
2942,58.52397155761719
2943,89.66519927978516
2944,73.63951873779297
2945,43.71068572998047
2946,61.055294036865234
2947,62.47136306762695
2948,48.003170013427734
2949,61.661624908447266
2950,38.81049346923828
2951,68.20320892333984
2952,63.11682891845703
2953,68.23302459716797
2954,51.90010452270508
2955,49.07955551147461
2956,56.21372604370117
2957,47.100582122802734
2958,88.6572036743164
2959,61.613712310791016
2960,49.331607818603516
2961,49.126434326171875
2962,64.71021270751953
2963,44.046417236328125
2964,49.53443908691406
2965,68.00284576416016
2966,78.2450942993164
2967,56.66118240356445
2968,69.3249282836914
2969,73.4117431640625
2970,58.524627685546875
2971,89.66522216796875
2972,73.64005279541016
2973,43.71097183227539
2974,61.055137634277344
2975,62.47031784057617
2976,48.003379821777344
2977,61.66159439086914
2978,38.80963897705078
2979,68.20343780517578
2980,63.11848068237305
2981,68.23348236083984
2982,51.89968490600586
2983,49.0776252746582
2984,56.213504791259766
2985,47.10044860839844
2986,88.6565170288086
2987,61.61344528198242
2988,49.33103561401367
2989,49.126041412353516
2990,64.70963287353516
2991,44.04676818847656
2992,49.53409194946289
2993,68.0030746459961
2994,78.24578094482422
2995,56.66115951538086
2996,69.32489776611328
2997,73.41075134277344
2998,58.5252571105957
2999,89.6651840209961
3000,73.64061737060547
3001,43.711246490478516
3002,61.05500030517578
3003,62.46921157836914
3004,48.00362014770508
3005,61.661537170410156
3006,38.808799743652344
3007,68.20365142822266
3008,63.12016677856445
3009,68.23395538330078
3010,51.899234771728516
3011,49.0756721496582
3012,56.21327209472656
3013,47.10029602050781
3014,88.65582275390625
3015,61.61319351196289
3016,49.3304557800293
3017,49.12565994262695
3018,64.70905303955078
3019,44.047088623046875
3020,49.53373336791992
3021,68.0032958984375
3022,78.24646759033203
3023,56.661136627197266
3024,69.32486724853516
3025,73.40974426269531
3026,58.52592086791992
3027,89.66519927978516
3028,73.64116668701172
3029,43.7115364074707
3030,61.054832458496094
3031,62.468143463134766
3032,48.003841400146484
3033,61.661495208740234
3034,38.807945251464844
3035,68.203857421875
3036,63.12181854248047
3037,68.23440551757812
3038,51.8988037109375
3039,49.0737190246582
3040,56.213077545166016
3041,47.100162506103516
3042,88.65514373779297
3043,61.612911224365234
3044,49.32986831665039
3045,49.12526321411133
3046,64.70851135253906
3047,44.04741287231445
3048,49.53340530395508
3049,68.00353240966797
3050,78.2471694946289
3051,56.66109848022461
3052,69.3248291015625
3053,73.40872955322266
3054,58.526554107666016
3055,89.66521453857422
3056,73.64173889160156
3057,43.71180725097656
3058,61.05466079711914
3059,62.467079162597656
3060,48.00407409667969
3061,61.66147994995117
3062,38.807090759277344
3063,68.20407104492188
3064,63.123451232910156
3065,68.23486328125
3066,51.89837646484375
3067,49.07179260253906
3068,56.21284103393555
3069,47.100032806396484
3070,88.65448760986328
3071,61.6126594543457
3072,49.32926559448242
3073,49.12485885620117
3074,64.70794677734375
3075,44.04774856567383
3076,49.533058166503906
3077,68.0037612915039
3078,78.24784088134766
3079,56.66110610961914
3080,69.3248062133789
3081,73.40774536132812
3082,58.5272102355957
3083,89.66521453857422
3084,73.64228057861328
3085,43.712093353271484
3086,61.05452346801758
3087,62.46598815917969
3088,48.00432205200195
3089,61.66144943237305
3090,38.80624771118164
3091,68.20430755615234
3092,63.12510681152344
3093,68.2353286743164
3094,51.8979377746582
3095,49.06983947753906
3096,56.212615966796875
3097,47.09989547729492
3098,88.65381622314453
3099,61.612388610839844
3100,49.32870101928711
3101,49.12447738647461
3102,64.70738220214844
3103,44.048099517822266
3104,49.53272247314453
3105,68.00398254394531
3106,78.24855041503906
3107,56.66108703613281
3108,69.32476043701172
3109,73.4067153930664
3110,58.52785110473633
3111,89.66519927978516
3112,73.64281463623047
3113,43.71236801147461
3114,61.05435562133789
3115,62.46492004394531
3116,48.0045280456543
3117,61.661380767822266
3118,38.80540084838867
3119,68.20454406738281
3120,63.12673568725586
3121,68.23577880859375
3122,51.89751052856445
3123,49.06789779663086
3124,56.21238327026367
3125,47.099761962890625
3126,88.65313720703125
3127,61.612117767333984
3128,49.3281135559082
3129,49.12405776977539
3130,64.70684051513672
3131,44.04841613769531
3132,49.532371520996094
3133,68.00421142578125
3134,78.24922943115234
3135,56.66106033325195
3136,69.3247299194336
3137,73.40573120117188
3138,58.528526306152344
3139,89.66521453857422
3140,73.64338684082031
3141,43.712650299072266
3142,61.054195404052734
3143,62.46383285522461
3144,48.0047721862793
3145,61.661380767822266
3146,38.80453872680664
3147,68.2047348022461
3148,63.12837600708008
3149,68.23625183105469
3150,51.8970832824707
3151,49.065948486328125
3152,56.21216583251953
3153,47.09962463378906
3154,88.65245819091797
3155,61.611854553222656
3156,49.3275146484375
3157,49.12367630004883
3158,64.7062759399414
3159,44.04876708984375
3160,49.53203582763672
3161,68.00445556640625
3162,78.24993133544922
3163,56.66103744506836
3164,69.3246841430664
3165,73.40473175048828
3166,58.529170989990234
3167,89.66522216796875
3168,73.64397430419922
3169,43.71292495727539
3170,61.05404281616211
3171,62.462745666503906
3172,48.00497817993164
3173,61.66134262084961
3174,38.8036994934082
3175,68.20492553710938
3176,63.13005828857422
3177,68.23670959472656
3178,51.89664840698242
3179,49.06400680541992
3180,56.21194076538086
3181,47.09947204589844
3182,88.65178680419922
3183,61.61159896850586
3184,49.3269157409668
3185,49.12327575683594
3186,64.70571899414062
3187,44.049095153808594
3188,49.531673431396484
3189,68.0046615600586
3190,78.25061798095703
3191,56.66102981567383
3192,69.32465362548828
3193,73.40373992919922
3194,58.52982711791992
3195,89.66522979736328
3196,73.6445083618164
3197,43.71320724487305
3198,61.05390548706055
3199,62.461647033691406
3200,48.00520706176758
3201,61.661319732666016
3202,38.80284118652344
3203,68.20513153076172
3204,63.1317253112793
3205,68.2371597290039
3206,51.896236419677734
3207,49.06207275390625
3208,56.21173858642578
3209,47.09934616088867
3210,88.65113067626953
3211,61.6113395690918
3212,49.32631301879883
3213,49.12288284301758
3214,64.7051773071289
3215,44.049415588378906
3216,49.53133773803711
3217,68.00487518310547
3218,78.2513198852539
3219,56.66101837158203
3220,69.32460021972656
3221,73.4027328491211
3222,58.53048324584961
3223,89.66523742675781
3224,73.64505004882812
3225,43.7134895324707
3226,61.05373764038086
3227,62.4605598449707
3228,48.00540542602539
3229,61.66127395629883
3230,38.80198287963867
3231,68.20536041259766
3232,63.133338928222656
3233,68.23759460449219
3234,51.89578628540039
3235,49.06013870239258
3236,56.211517333984375
3237,47.09921646118164
3238,88.65047454833984
3239,61.6110725402832
3240,49.32572555541992
3241,49.122493743896484
3242,64.70462036132812
3243,44.049739837646484
3244,49.530975341796875
3245,68.0051040649414
3246,78.25201416015625
3247,56.66100311279297
3248,69.3245620727539
3249,73.4017562866211
3250,58.5311393737793
3251,89.6652603149414
3252,73.6456069946289
3253,43.71376419067383
3254,61.053592681884766
3255,62.45947265625
3256,48.00563049316406
3257,61.661258697509766
3258,38.80111312866211
3259,68.20552825927734
3260,63.13501739501953
3261,68.2380599975586
3262,51.895347595214844
3263,49.05816650390625
3264,56.2113037109375
3265,47.09907913208008
3266,88.64981842041016
3267,61.610816955566406
3268,49.32511901855469
3269,49.122093200683594
3270,64.70404815673828
3271,44.050071716308594
3272,49.530635833740234
3273,68.00533294677734
3274,78.25267791748047
3275,56.661006927490234
3276,69.32453155517578
3277,73.40076446533203
3278,58.53180694580078
3279,89.66527557373047
3280,73.6461410522461
3281,43.71403121948242
3282,61.053436279296875
3283,62.4583625793457
3284,48.00583267211914
3285,61.6612434387207
3286,38.800270080566406
3287,68.20574188232422
3288,63.136714935302734
3289,68.23851776123047
3290,51.89493179321289
3291,49.05623245239258
3292,56.21107864379883
3293,47.09894561767578
3294,88.64917755126953
3295,61.61056137084961
3296,49.32451248168945
3297,49.12171173095703
3298,64.7034912109375
3299,44.0504035949707
3300,49.530269622802734
3301,68.00556182861328
3302,78.2533950805664
3303,56.661006927490234
3304,69.3244857788086
3305,73.39977264404297
3306,58.53244400024414
3307,89.6653060913086
3308,73.6467056274414
3309,43.714317321777344
3310,61.053279876708984
3311,62.45728302001953
3312,48.00606155395508
3313,61.661190032958984
3314,38.79941940307617
3315,68.20594787597656
3316,63.138343811035156
3317,68.23896026611328
3318,51.894493103027344
3319,49.054298400878906
3320,56.21085739135742
3321,47.09882736206055
3322,88.64851379394531
3323,61.61030960083008
3324,49.32391357421875
3325,49.12131881713867
3326,64.70295715332031
3327,44.050743103027344
3328,49.529930114746094
3329,68.0057601928711
3330,78.25408935546875
3331,56.661006927490234
3332,69.32441711425781
3333,73.39876556396484
3334,58.53311538696289
3335,89.6653060913086
3336,73.64726257324219
3337,43.71458435058594
3338,61.05312728881836
3339,62.45619583129883
3340,48.00626754760742
3341,61.66116714477539
3342,38.7985725402832
3343,68.20616912841797
3344,63.13999557495117
3345,68.23941802978516
3346,51.89406204223633
3347,49.052364349365234
3348,56.210636138916016
3349,47.098670959472656
3350,88.64781951904297
3351,61.61003494262695
3352,49.32332229614258
3353,49.12093734741211
3354,64.70238494873047
3355,44.05106735229492
3356,49.52957534790039
3357,68.0060043334961
3358,78.25476837158203
3359,56.6609992980957
3360,69.32437896728516
3361,73.39778137207031
3362,58.53376388549805
3363,89.66532135009766
3364,73.64783477783203
3365,43.71486282348633
3366,61.052982330322266
3367,62.45512008666992
3368,48.0064811706543
3369,61.66117477416992
3370,38.79771041870117
3371,68.20638275146484
3372,63.14167404174805
3373,68.23986053466797
3374,51.89364242553711
3375,49.0504264831543
3376,56.21041488647461
3377,47.098541259765625
3378,88.64717102050781
3379,61.60976791381836
3380,49.32271957397461
3381,49.12053298950195
3382,64.70183563232422
3383,44.05137252807617
3384,49.52921676635742
3385,68.00621795654297
3386,78.25545501708984
3387,56.66096878051758
3388,69.32435607910156
3389,73.39681243896484
3390,58.534427642822266
3391,89.66536712646484
3392,73.64835357666016
3393,43.71514892578125
3394,61.05281448364258
3395,62.45400619506836
3396,48.00668716430664
3397,61.66111373901367
3398,38.79684829711914
3399,68.20658874511719
3400,63.14331817626953
3401,68.24031829833984
3402,51.89320755004883
3403,49.04848098754883
3404,56.210201263427734
3405,47.09841537475586
3406,88.64653778076172
3407,61.60952377319336
3408,49.322113037109375
3409,49.12015151977539
3410,64.7012939453125
3411,44.051719665527344
3412,49.52886199951172
3413,68.0064468383789
3414,78.25614166259766
3415,56.66096115112305
3416,69.3243179321289
3417,73.39582061767578
3418,58.53507995605469
3419,89.66536712646484
3420,73.64891815185547
3421,43.715431213378906
3422,61.052669525146484
3423,62.452938079833984
3424,48.00691223144531
3425,61.66109848022461
3426,38.7960090637207
3427,68.206787109375
3428,63.14495849609375
3429,68.24079132080078
3430,51.89278793334961
3431,49.046546936035156
3432,56.20998764038086
3433,47.0982780456543
3434,88.64586639404297
3435,61.6092643737793
3436,49.321529388427734
3437,49.119754791259766
3438,64.70071411132812
3439,44.05205154418945
3440,49.52853012084961
3441,68.00665283203125
3442,78.25682067871094
3443,56.66096115112305
3444,69.32425689697266
3445,73.39482879638672
3446,58.53572463989258
3447,89.66539764404297
3448,73.64949798583984
3449,43.715694427490234
3450,61.05250549316406
3451,62.451847076416016
3452,48.00712966918945
3453,61.66105270385742
3454,38.79515075683594
3455,68.20699310302734
3456,63.146610260009766
3457,68.24125671386719
3458,51.892364501953125
3459,49.044620513916016
3460,56.20976638793945
3461,47.098148345947266
3462,88.64519500732422
3463,61.6089973449707
3464,49.3209342956543
3465,49.11936950683594
3466,64.70014190673828
3467,44.05238342285156
3468,49.52814865112305
3469,68.00688934326172
3470,78.2575454711914
3471,56.660945892333984
3472,69.3242416381836
3473,73.3938217163086
3474,58.53639602661133
3475,89.66537475585938
3476,73.65000915527344
3477,43.715980529785156
3478,61.05236053466797
3479,62.45077896118164
3480,48.00735855102539
3481,61.66102981567383
3482,38.794307708740234
3483,68.20722198486328
3484,63.148250579833984
3485,68.24172973632812
3486,51.89193344116211
3487,49.04267883300781
3488,56.20954513549805
3489,47.09800720214844
3490,88.64452362060547
3491,61.60873031616211
3492,49.320369720458984
3493,49.11897277832031
3494,64.69961547851562
3495,44.052703857421875
3496,49.5278434753418
3497,68.00713348388672
3498,78.25821685791016
3499,56.66092300415039
3500,69.32421112060547
3501,73.39280700683594
3502,58.53703308105469
3503,89.6653823852539
3504,73.6506118774414
3505,43.71626663208008
3506,61.05220413208008
3507,62.449710845947266
3508,48.00759506225586
3509,61.6609992980957
3510,38.79348373413086
3511,68.20744323730469
3512,63.14988327026367
3513,68.2421646118164
3514,51.89151382446289
3515,49.040748596191406
3516,56.20932388305664
3517,47.09785842895508
3518,88.64385223388672
3519,61.60847473144531
3520,49.31980514526367
3521,49.11857223510742
3522,64.69905090332031
3523,44.053043365478516
3524,49.52751159667969
3525,68.00735473632812
3526,78.2588882446289
3527,56.6609001159668
3528,69.3241958618164
3529,73.39181518554688
3530,58.537689208984375
3531,89.6653823852539
3532,73.65115356445312
3533,43.7165412902832
3534,61.05203628540039
3535,62.44863510131836
3536,48.00784683227539
3537,61.66095733642578
3538,38.79262924194336
3539,68.2076644897461
3540,63.151546478271484
3541,68.24263000488281
3542,51.891082763671875
3543,49.038814544677734
3544,56.2090950012207
3545,47.09772872924805
3546,88.64315032958984
3547,61.60818862915039
3548,49.319236755371094
3549,49.11819076538086
3550,64.698486328125
3551,44.05338668823242
3552,49.527164459228516
3553,68.00758361816406
3554,78.25960540771484
3555,56.6608772277832
3556,69.32415008544922
3557,73.39082336425781
3558,58.538326263427734
3559,89.66537475585938
3560,73.65168762207031
3561,43.716827392578125
3562,61.05189895629883
3563,62.44758224487305
3564,48.0080680847168
3565,61.66091537475586
3566,38.79180145263672
3567,68.20789337158203
3568,63.153202056884766
3569,68.24309539794922
3570,51.89065170288086
3571,49.03688049316406
3572,56.20888900756836
3573,47.09759521484375
3574,88.64249420166016
3575,61.6079216003418
3576,49.31865310668945
3577,49.11777877807617
3578,64.69793701171875
3579,44.05373001098633
3580,49.52682113647461
3581,68.0078353881836
3582,78.2602767944336
3583,56.66084671020508
3584,69.3241195678711
3585,73.38980865478516
3586,58.5389518737793
3587,89.66535186767578
3588,73.6522445678711
3589,43.71711349487305
3590,61.05173110961914
3591,62.4465217590332
3592,48.0083122253418
3593,61.6609001159668
3594,38.79096984863281
3595,68.2081069946289
3596,63.154842376708984
3597,68.24356842041016
3598,51.89022445678711
3599,49.034934997558594
3600,56.20864486694336
3601,47.097450256347656
3602,88.64179229736328
3603,61.60765075683594
3604,49.31808853149414
3605,49.117393493652344
3606,64.69735717773438
3607,44.05405807495117
3608,49.52650833129883
3609,68.00804138183594
3610,78.26097106933594
3611,56.66081619262695
3612,69.3240966796875
3613,73.38883209228516
3614,58.53960037231445
3615,89.66535186767578
3616,73.6528091430664
3617,43.71739196777344
3618,61.051578521728516
3619,62.44545364379883
3620,48.00856399536133
3621,61.66083526611328
3622,38.79012680053711
3623,68.20833587646484
3624,63.15644836425781
3625,68.24403381347656
3626,51.88978958129883
3627,49.033016204833984
3628,56.208431243896484
3629,47.09732437133789
3630,88.64111328125
3631,61.607398986816406
3632,49.3175163269043
3633,49.11699295043945
3634,64.69682312011719
3635,44.05438995361328
3636,49.526161193847656
3637,68.00830078125
3638,78.26165008544922
3639,56.66078567504883
3640,69.32405853271484
3641,73.3877944946289
3642,58.54024124145508
3643,89.66535186767578
3644,73.65336608886719
3645,43.717674255371094
3646,61.05143737792969
3647,62.44438552856445
3648,48.008785247802734
3649,61.66080093383789
3650,38.78929138183594
3651,68.20856475830078
3652,63.158111572265625
3653,68.24449920654297
3654,51.88936996459961
3655,49.03109359741211
3656,56.20821762084961
3657,47.0971794128418
3658,88.64044189453125
3659,61.60714340209961
3660,49.316951751708984
3661,49.116607666015625
3662,64.6962661743164
3663,44.05472946166992
3664,49.525821685791016
3665,68.00850677490234
3666,78.26232147216797
3667,56.66078186035156
3668,69.32404327392578
3669,73.38680267333984
3670,58.5409049987793
3671,89.66534423828125
3672,73.65391540527344
3673,43.717960357666016
3674,61.05128479003906
3675,62.44334030151367
3676,48.00901412963867
3677,61.66075134277344
3678,38.78844451904297
3679,68.20879364013672
3680,63.15976333618164
3681,68.2449722290039
3682,51.88894271850586
3683,49.029151916503906
3684,56.20796585083008
3685,47.097049713134766
3686,88.63976287841797
3687,61.60686111450195
3688,49.31637954711914
3689,49.11623001098633
3690,64.69568634033203
3691,44.055057525634766
3692,49.52549362182617
3693,68.00874328613281
3694,78.26301574707031
3695,56.660762786865234
3696,69.32398986816406
3697,73.38579559326172
3698,58.541534423828125
3699,89.66535949707031
3700,73.65447998046875
3701,43.71823501586914
3702,61.0511360168457
3703,62.44223403930664
3704,48.00925827026367
3705,61.66073989868164
3706,38.78761672973633
3707,68.20899200439453
3708,63.16141891479492
3709,68.24542236328125
3710,51.88853454589844
3711,49.0272331237793
3712,56.2077751159668
3713,47.0969123840332
3714,88.63912200927734
3715,61.60661697387695
3716,49.3157844543457
3717,49.1158332824707
3718,64.69514465332031
3719,44.05540084838867
3720,49.52517318725586
3721,68.00897979736328
3722,78.2636947631836
3723,56.66073989868164
3724,69.32394409179688
3725,73.38482666015625
3726,58.542179107666016
3727,89.66534423828125
3728,73.655029296875
3729,43.718509674072266
3730,61.050968170166016
3731,62.44118881225586
3732,48.00947189331055
3733,61.660701751708984
3734,38.78678512573242
3735,68.2092056274414
3736,63.16303253173828
3737,68.2458724975586
3738,51.88809585571289
3739,49.025306701660156
3740,56.20754623413086
3741,47.09677505493164
3742,88.63843536376953
3743,61.60633850097656
3744,49.315208435058594
3745,49.115440368652344
3746,64.6946029663086
3747,44.055721282958984
3748,49.52482986450195
3749,68.00920104980469
3750,78.26439666748047
3751,56.660736083984375
3752,69.32392120361328
3753,73.38381958007812
3754,58.54282760620117
3755,89.66537475585938
3756,73.65558624267578
3757,43.71879196166992
3758,61.05081558227539
3759,62.440120697021484
3760,48.00967788696289
3761,61.66067123413086
3762,38.78593826293945
3763,68.20943450927734
3764,63.16470718383789
3765,68.24635314941406
3766,51.88766860961914
3767,49.023372650146484
3768,56.20732879638672
3769,47.09665298461914
3770,88.63777923583984
3771,61.60608673095703
3772,49.31462478637695
3773,49.11506652832031
3774,64.69405364990234
3775,44.05605697631836
3776,49.524471282958984
3777,68.00942993164062
3778,78.26507568359375
3779,56.66072463989258
3780,69.32389068603516
3781,73.38284301757812
3782,58.54348373413086
3783,89.66536712646484
3784,73.65613555908203
3785,43.71906661987305
3786,61.05067825317383
3787,62.439029693603516
3788,48.00989532470703
3789,61.660640716552734
3790,38.785091400146484
3791,68.20963287353516
3792,63.166351318359375
3793,68.24681854248047
3794,51.88724899291992
3795,49.021453857421875
3796,56.20712661743164
3797,47.096519470214844
3798,88.63711547851562
3799,61.6058235168457
3800,49.31402587890625
3801,49.11467361450195
3802,64.69351196289062
3803,44.0563850402832
3804,49.524131774902344
3805,68.00965118408203
3806,78.2657699584961
3807,56.66070556640625
3808,69.32386016845703
3809,73.38186645507812
3810,58.54414367675781
3811,89.66539764404297
3812,73.65669250488281
3813,43.71935272216797
3814,61.050514221191406
3815,62.43796920776367
3816,48.0101203918457
3817,61.66061782836914
3818,38.784244537353516
3819,68.20983123779297
3820,63.16796112060547
3821,68.24724578857422
3822,51.88682174682617
3823,49.019535064697266
3824,56.206905364990234
3825,47.096370697021484
3826,88.63646697998047
3827,61.60557174682617
3828,49.31342697143555
3829,49.11427307128906
3830,64.69294738769531
3831,44.05671310424805
3832,49.52378845214844
3833,68.00984954833984
3834,78.26644897460938
3835,56.660701751708984
3836,69.32380676269531
3837,73.380859375
3838,58.54478454589844
3839,89.66542053222656
3840,73.6572494506836
3841,43.7196159362793
3842,61.05036926269531
3843,62.436866760253906
3844,48.01033020019531
3845,61.66059494018555
3846,38.78339385986328
3847,68.21004486083984
3848,63.169620513916016
3849,68.24767303466797
3850,51.88639831542969
3851,49.01762390136719
3852,56.206687927246094
3853,47.096256256103516
3854,88.63582611083984
3855,61.60530471801758
3856,49.3128547668457
3857,49.113887786865234
3858,64.6924057006836
3859,44.05703353881836
3860,49.523433685302734
3861,68.01007080078125
3862,78.26714324951172
3863,56.66069030761719
3864,69.32377624511719
3865,73.37991333007812
3866,58.545440673828125
3867,89.6654281616211
3868,73.65780639648438
3869,43.719886779785156
3870,61.05021667480469
3871,62.4357795715332
3872,48.01054000854492
3873,61.660587310791016
3874,38.782554626464844
3875,68.21023559570312
3876,63.171268463134766
3877,68.24815368652344
3878,51.88595962524414
3879,49.01570510864258
3880,56.206485748291016
3881,47.096126556396484
3882,88.63516998291016
3883,61.60506057739258
3884,49.312252044677734
3885,49.11350631713867
3886,64.69184875488281
3887,44.05736541748047
3888,49.52309036254883
3889,68.01032257080078
3890,78.267822265625
3891,56.66069412231445
3892,69.32373046875
3893,73.37892150878906
3894,58.54610061645508
3895,89.6654281616211
3896,73.65833282470703
3897,43.720184326171875
3898,61.05005645751953
3899,62.43471908569336
3900,48.01075744628906
3901,61.66054916381836
3902,38.781715393066406
3903,68.21041870117188
3904,63.17293167114258
3905,68.24858856201172
3906,51.88554763793945
3907,49.01375198364258
3908,56.20626449584961
3909,47.09599304199219
3910,88.63451385498047
3911,61.604793548583984
3912,49.311649322509766
3913,49.11310958862305
3914,64.6913070678711
3915,44.05768966674805
3916,49.52275085449219
3917,68.01055908203125
3918,78.26852416992188
3919,56.66067886352539
3920,69.32367706298828
3921,73.3779525756836
3922,58.5467414855957
3923,89.66547393798828
3924,73.65888214111328
3925,43.72045135498047
3926,61.049922943115234
3927,62.43362045288086
3928,48.01097106933594
3929,61.6605339050293
3930,38.78087615966797
3931,68.21063995361328
3932,63.17457962036133
3933,68.2490463256836
3934,51.8851203918457
3935,49.01185989379883
3936,56.206058502197266
3937,47.09585952758789
3938,88.63385009765625
3939,61.60454177856445
3940,49.31106948852539
3941,49.112735748291016
3942,64.69073486328125
3943,44.058021545410156
3944,49.52240753173828
3945,68.01077270507812
3946,78.26920318603516
3947,56.660682678222656
3948,69.32366180419922
3949,73.3769760131836
3950,58.54740524291992
3951,89.66549682617188
3952,73.65943908691406
3953,43.72072219848633
3954,61.049739837646484
3955,62.43257522583008
3956,48.01118087768555
3957,61.6605110168457
3958,38.780033111572266
3959,68.21084594726562
3960,63.17621612548828
3961,68.24951934814453
3962,51.884708404541016
3963,49.009952545166016
3964,56.20582962036133
3965,47.095726013183594
3966,88.63321685791016
3967,61.60429763793945
3968,49.310482025146484
3969,49.11235427856445
3970,64.69019317626953
3971,44.0583381652832
3972,49.52204895019531
3973,68.01097106933594
3974,78.2698745727539
3975,56.6606559753418
3976,69.3236312866211
3977,73.3759765625
3978,58.54804611206055
3979,89.66548156738281
3980,73.65998077392578
3981,43.72100067138672
3982,61.04960632324219
3983,62.43147659301758
3984,48.01139831542969
3985,61.66047286987305
3986,38.77919387817383
3987,68.2110595703125
3988,63.177825927734375
3989,68.24994659423828
3990,51.884281158447266
3991,49.00802230834961
3992,56.205623626708984
3993,47.0955924987793
3994,88.63256072998047
3995,61.60403823852539
3996,49.30990982055664
3997,49.11198043823242
3998,64.6896743774414
3999,44.05868911743164
4000,49.521724700927734
4001,68.01121520996094
4002,78.27056121826172
4003,56.660640716552734
4004,69.32357025146484
4005,73.37496948242188
4006,58.54868698120117
4007,89.66548919677734
4008,73.66053009033203
4009,43.72127914428711
4010,61.04946517944336
4011,62.430416107177734
4012,48.01163864135742
4013,61.66043472290039
4014,38.77835464477539
4015,68.21127319335938
4016,63.17947006225586
4017,68.25041198730469
4018,51.88386154174805
4019,49.006107330322266
4020,56.20541000366211
4021,47.095462799072266
4022,88.63188934326172
4023,61.6037712097168
4024,49.309322357177734
4025,49.11155700683594
4026,64.6891098022461
4027,44.05899429321289
4028,49.5213737487793
4029,68.01144409179688
4030,78.27123260498047
4031,56.660640716552734
4032,69.32353973388672
4033,73.3740005493164
4034,58.5493278503418
4035,89.66548919677734
4036,73.66108703613281
4037,43.72154235839844
4038,61.04930114746094
4039,62.429351806640625
4040,48.01185989379883
4041,61.66042709350586
4042,38.77752685546875
4043,68.21148681640625
4044,63.181095123291016
4045,68.2508773803711
4046,51.8834342956543
4047,49.00418472290039
4048,56.205196380615234
4049,47.0953254699707
4050,88.63123321533203
4051,61.60350036621094
4052,49.30874252319336
4053,49.11117935180664
4054,64.68853759765625
4055,44.0593376159668
4056,49.52103805541992
4057,68.01165008544922
4058,78.2719497680664
4059,56.66062545776367
4060,69.32352447509766
4061,73.37303161621094
4062,58.54999923706055
4063,89.6655044555664
4064,73.66165924072266
4065,43.72183609008789
4066,61.04917526245117
4067,62.42829513549805
4068,48.0120735168457
4069,61.66038513183594
4070,38.77669906616211
4071,68.2116928100586
4072,63.1827507019043
4073,68.2513427734375
4074,51.88301467895508
4075,49.002262115478516
4076,56.20497512817383
4077,47.09519577026367
4078,88.63056945800781
4079,61.60325241088867
4080,49.30817413330078
4081,49.11080551147461
4082,64.68802642822266
4083,44.059669494628906
4084,49.52071762084961
4085,68.01187896728516
4086,78.2726058959961
4087,56.66060256958008
4088,69.323486328125
4089,73.37203979492188
4090,58.550636291503906
4091,89.6655044555664
4092,73.6622085571289
4093,43.72210693359375
4094,61.049007415771484
4095,62.427215576171875
4096,48.01229476928711
4097,61.66034698486328
4098,38.77585220336914
4099,68.21189880371094
4100,63.18438720703125
4101,68.25178527832031
4102,51.882572174072266
4103,49.00035095214844
4104,56.20475387573242
4105,47.09506607055664
4106,88.62989044189453
4107,61.60299301147461
4108,49.307586669921875
4109,49.11040115356445
4110,64.68746185302734
4111,44.06000518798828
4112,49.52037811279297
4113,68.01210021972656
4114,78.2732925415039
4115,56.66059112548828
4116,69.3234634399414
4117,73.37105560302734
4118,58.551265716552734
4119,89.66551971435547
4120,73.66277313232422
4121,43.72239303588867
4122,61.0488395690918
4123,62.4261589050293
4124,48.01252746582031
4125,61.66032791137695
4126,38.775020599365234
4127,68.21212005615234
4128,63.18604278564453
4129,68.25225830078125
4130,51.88215637207031
4131,48.99842834472656
4132,56.20454025268555
4133,47.09492111206055
4134,88.62923431396484
4135,61.60273361206055
4136,49.3069953918457
4137,49.110015869140625
4138,64.68688201904297
4139,44.06032180786133
4140,49.520023345947266
4141,68.01234436035156
4142,78.27399444580078
4143,56.66059494018555
4144,69.32341766357422
4145,73.37006378173828
4146,58.551918029785156
4147,89.66554260253906
4148,73.66331481933594
4149,43.72267150878906
4150,61.0486946105957
4151,62.42508316040039
4152,48.01273727416992
4153,61.66031265258789
4154,38.7741813659668
4155,68.21231842041016
4156,63.18766784667969
4157,68.2527084350586
4158,51.88174819946289
4159,48.996517181396484
4160,56.204322814941406
4161,47.09480285644531
4162,88.62857818603516
4163,61.60246658325195
4164,49.30642318725586
4165,49.1096305847168
4166,64.68634796142578
4167,44.060672760009766
4168,49.51969909667969
4169,68.01256561279297
4170,78.2746810913086
4171,56.66057205200195
4172,69.32337951660156
4173,73.36908721923828
4174,58.55257034301758
4175,89.66556549072266
4176,73.66385650634766
4177,43.72295379638672
4178,61.04854965209961
4179,62.424007415771484
4180,48.01298904418945
4181,61.6602668762207
4182,38.77334976196289
4183,68.2125473022461
4184,63.18933868408203
4185,68.2531509399414
4186,51.88130187988281
4187,48.9946174621582
4188,56.20410919189453
4189,47.09465789794922
4190,88.62793731689453
4191,61.60221481323242
4192,49.30583572387695
4193,49.1092414855957
4194,64.68582153320312
4195,44.06099319458008
4196,49.51935958862305
4197,68.01280212402344
4198,78.27535247802734
4199,56.66054916381836
4200,69.32332611083984
4201,73.36811065673828
4202,58.5532341003418
4203,89.6655502319336
4204,73.66441345214844
4205,43.723209381103516
4206,61.048397064208984
4207,62.42294692993164
4208,48.01316452026367
4209,61.66025924682617
4210,38.77249526977539
4211,68.2127456665039
4212,63.190982818603516
4213,68.25360870361328
4214,51.88090133666992
4215,48.99269104003906
4216,56.20390319824219
4217,47.094539642333984
4218,88.62728118896484
4219,61.60195541381836
4220,49.30525588989258
4221,49.10886764526367
4222,64.68526458740234
4223,44.06132888793945
4224,49.51900863647461
4225,68.01302337646484
4226,78.2760238647461
4227,56.66054153442383
4228,69.32329559326172
4229,73.36713409423828
4230,58.55385971069336
4231,89.66556549072266
4232,73.66496276855469
4233,43.7234992980957
4234,61.04824447631836
4235,62.421871185302734
4236,48.01339340209961
4237,61.66020965576172
4238,38.771663665771484
4239,68.21294403076172
4240,63.19260787963867
4241,68.25407409667969
4242,51.880455017089844
4243,48.99076843261719
4244,56.203670501708984
4245,47.09440231323242
4246,88.62662506103516
4247,61.6016960144043
4248,49.30466842651367
4249,49.10846710205078
4250,64.68470764160156
4251,44.0616455078125
4252,49.518672943115234
4253,68.01323699951172
4254,78.27671813964844
4255,56.66053009033203
4256,69.32328033447266
4257,73.36614227294922
4258,58.554508209228516
4259,89.66558837890625
4260,73.66551971435547
4261,43.723777770996094
4262,61.04808044433594
4263,62.42079544067383
4264,48.01362228393555
4265,61.66019058227539
4266,38.77084732055664
4267,68.2131576538086
4268,63.19423294067383
4269,68.25452423095703
4270,51.88003921508789
4271,48.988861083984375
4272,56.20344924926758
4273,47.09427261352539
4274,88.62596893310547
4275,61.601444244384766
4276,49.3040885925293
4277,49.108089447021484
4278,64.68415069580078
4279,44.06196975708008
4280,49.51833724975586
4281,68.01346588134766
4282,78.27740478515625
4283,56.6605339050293
4284,69.32324981689453
4285,73.36514282226562
4286,58.555171966552734
4287,89.66560363769531
4288,73.66606140136719
4289,43.724063873291016
4290,61.04792404174805
4291,62.41973114013672
4292,48.013832092285156
4293,61.66018295288086
4294,38.77000045776367
4295,68.21337890625
4296,63.195858001708984
4297,68.25497436523438
4298,51.8796272277832
4299,48.9869499206543
4300,56.203250885009766
4301,47.09415054321289
4302,88.62532806396484
4303,61.6011848449707
4304,49.3034782409668
4305,49.107704162597656
4306,64.6836166381836
4307,44.06229019165039
4308,49.518001556396484
4309,68.0136947631836
4310,78.2780990600586
4311,56.6605339050293
4312,69.32318878173828
4313,73.36418914794922
4314,58.55582809448242
4315,89.66561889648438
4316,73.66659545898438
4317,43.72431564331055
4318,61.04779052734375
4319,62.41864776611328
4320,48.014041900634766
4321,61.660160064697266
4322,38.76917266845703
4323,68.21356964111328
4324,63.1974983215332
4325,68.25542449951172
4326,51.879207611083984
4327,48.985042572021484
4328,56.20304489135742
4329,47.09401321411133
4330,88.62467193603516
4331,61.6009407043457
4332,49.30290222167969
4333,49.10731506347656
4334,64.68306732177734
4335,44.062618255615234
4336,49.517635345458984
4337,68.013916015625
4338,78.2787857055664
4339,56.6605224609375
4340,69.32317352294922
4341,73.36322784423828
4342,58.55646514892578
4343,89.6656494140625
4344,73.66716766357422
4345,43.72461700439453
4346,61.04765701293945
4347,62.41757583618164
4348,48.014251708984375
4349,61.660125732421875
4350,38.76832962036133
4351,68.2137680053711
4352,63.19918441772461
4353,68.2558822631836
4354,51.878780364990234
4355,48.983123779296875
4356,56.20283126831055
4357,47.09388732910156
4358,88.6240463256836
4359,61.60069274902344
4360,49.30231857299805
4361,49.10695266723633
4362,64.68252563476562
4363,44.06297302246094
4364,49.51728057861328
4365,68.01412200927734
4366,78.27947235107422
4367,56.66051483154297
4368,69.32311248779297
4369,73.36226654052734
4370,58.55711364746094
4371,89.6656723022461
4372,73.66771697998047
4373,43.724884033203125
4374,61.0474967956543
4375,62.4164924621582
4376,48.014461517333984
4377,61.66011428833008
4378,38.76748275756836
4379,68.2139663696289
4380,63.200809478759766
4381,68.2563247680664
4382,51.87836456298828
4383,48.9812126159668
4384,56.20261764526367
4385,47.09376907348633
4386,88.62337493896484
4387,61.600433349609375
4388,49.30172348022461
4389,49.10655975341797
4390,64.68196868896484
4391,44.06326675415039
4392,49.516963958740234
4393,68.01435089111328
4394,78.2801513671875
4395,56.660526275634766
4396,69.32308197021484
4397,73.36128997802734
4398,58.55778884887695
4399,89.66570281982422
4400,73.66825103759766
4401,43.72516632080078
4402,61.047340393066406
4403,62.41542434692383
4404,48.01467514038086
4405,61.66006088256836
4406,38.766632080078125
4407,68.21417999267578
4408,63.202457427978516
4409,68.25678253173828
4410,51.87793731689453
4411,48.979312896728516
4412,56.20241165161133
4413,47.09362030029297
4414,88.62272644042969
4415,61.60017776489258
4416,49.30112838745117
4417,49.1061897277832
4418,64.68142700195312
4419,44.063602447509766
4420,49.51662063598633
4421,68.01457977294922
4422,78.28082275390625
4423,56.6605224609375
4424,69.32305908203125
4425,73.36029815673828
4426,58.55842971801758
4427,89.66571807861328
4428,73.66878509521484
4429,43.72542953491211
4430,61.04719924926758
4431,62.41435241699219
4432,48.0148811340332
4433,61.660064697265625
4434,38.76579666137695
4435,68.21436309814453
4436,63.204097747802734
4437,68.25721740722656
4438,51.877525329589844
4439,48.9774055480957
4440,56.202213287353516
4441,47.093505859375
4442,88.62210083007812
4443,61.59993362426758
4444,49.300540924072266
4445,49.10579299926758
4446,64.68089294433594
4447,44.063941955566406
4448,49.51626205444336
4449,68.0147933959961
4450,78.2815170288086
4451,56.660499572753906
4452,69.32299041748047
4453,73.3593521118164
4454,58.559078216552734
4455,89.66572570800781
4456,73.66934967041016
4457,43.72570037841797
4458,61.04704666137695
4459,62.413265228271484
4460,48.015071868896484
4461,61.66005325317383
4462,38.764957427978516
4463,68.21455383300781
4464,63.205718994140625
4465,68.2576675415039
4466,51.877105712890625
4467,48.97549819946289
4468,56.201995849609375
4469,47.093360900878906
4470,88.6214828491211
4471,61.599674224853516
4472,49.29993438720703
4473,49.105411529541016
4474,64.68033599853516
4475,44.064239501953125
4476,49.51591873168945
4477,68.01499938964844
4478,78.28218841552734
4479,56.6605339050293
4480,69.32293701171875
4481,73.35836791992188
4482,58.55974197387695
4483,89.66576385498047
4484,73.6698989868164
4485,43.725975036621094
4486,61.04689407348633
4487,62.41217041015625
4488,48.01529312133789
4489,61.660030364990234
4490,38.764122009277344
4491,68.21477508544922
4492,63.20737838745117
4493,68.25813293457031
4494,51.87668991088867
4495,48.97358703613281
4496,56.201786041259766
4497,47.093231201171875
4498,88.62084197998047
4499,61.59943389892578
4500,49.299320220947266
4501,49.105037689208984
4502,64.67979431152344
4503,44.0645866394043
4504,49.515560150146484
4505,68.0152359008789
4506,78.28289031982422
4507,56.6605339050293
4508,69.3228988647461
4509,73.35742950439453
4510,58.560386657714844
4511,89.66581726074219
4512,73.6704330444336
4513,43.726253509521484
4514,61.04676055908203
4515,62.41109085083008
4516,48.01548385620117
4517,61.66000747680664
4518,38.763267517089844
4519,68.21492767333984
4520,63.20902633666992
4521,68.25855255126953
4522,51.87625503540039
4523,48.971675872802734
4524,56.20158767700195
4525,47.093101501464844
4526,88.62022399902344
4527,61.599185943603516
4528,49.29872512817383
4529,49.10465621948242
4530,64.67924499511719
4531,44.06489944458008
4532,49.51519775390625
4533,68.01546478271484
4534,78.28356170654297
4535,56.660545349121094
4536,69.32286834716797
4537,73.35647583007812
4538,58.561058044433594
4539,89.66584014892578
4540,73.67098999023438
4541,43.726524353027344
4542,61.04659652709961
4543,62.40999984741211
4544,48.015689849853516
4545,61.65999984741211
4546,38.762428283691406
4547,68.21512603759766
4548,63.2107048034668
4549,68.25897979736328
4550,51.875850677490234
4551,48.96976089477539
4552,56.20139694213867
4553,47.09298324584961
4554,88.61959075927734
4555,61.59894943237305
4556,49.2981071472168
4557,49.10426712036133
4558,64.67869567871094
4559,44.065223693847656
4560,49.51486587524414
4561,68.01566314697266
4562,78.28425598144531
4563,56.66054153442383
4564,69.32280731201172
4565,73.35552215576172
4566,58.56171417236328
4567,89.66588592529297
4568,73.67151641845703
4569,43.7267951965332
4570,61.046451568603516
4571,62.408897399902344
4572,48.015865325927734
4573,61.659976959228516
4574,38.76158905029297
4575,68.2153091430664
4576,63.21232986450195
4577,68.2594223022461
4578,51.875423431396484
4579,48.96786117553711
4580,56.20118713378906
4581,47.09285354614258
4582,88.61894989013672
4583,61.59870147705078
4584,49.297481536865234
4585,49.10389709472656
4586,64.67813873291016
4587,44.0655403137207
4588,49.51449966430664
4589,68.01587677001953
4590,78.28494262695312
4591,56.66055679321289
4592,69.32276916503906
4593,73.35455322265625
4594,58.56235885620117
4595,89.6659164428711
4596,73.67203521728516
4597,43.72707748413086
4598,61.04631423950195
4599,62.40781784057617
4600,48.01608657836914
4601,61.659969329833984
4602,38.7607421875
4603,68.21550750732422
4604,63.21399688720703
4605,68.25988006591797
4606,51.8749885559082
4607,48.9659538269043
4608,56.20096969604492
4609,47.092735290527344
4610,88.6183090209961
4611,61.59843826293945
4612,49.296905517578125
4613,49.103519439697266
4614,64.67762756347656
4615,44.06586837768555
4616,49.5141487121582
4617,68.01610565185547
4618,78.2856216430664
4619,56.66056823730469
4620,69.3227310180664
4621,73.35358428955078
4622,58.563018798828125
4623,89.66592407226562
4624,73.67261505126953
4625,43.72734832763672
4626,61.0461540222168
4627,62.4067497253418
4628,48.01628494262695
4629,61.65994644165039
4630,38.75990676879883
4631,68.21570587158203
4632,63.215633392333984
4633,68.26034545898438
4634,51.874576568603516
4635,48.964046478271484
4636,56.20075607299805
4637,47.09260940551758
4638,88.61768341064453
4639,61.59817123413086
4640,49.29631423950195
4641,49.1031379699707
4642,64.67705535888672
4643,44.066184997558594
4644,49.513797760009766
4645,68.0163345336914
4646,78.28630828857422
4647,56.660579681396484
4648,69.32270812988281
4649,73.35261535644531
4650,58.563682556152344
4651,89.66596984863281
4652,73.67314910888672
4653,43.72762680053711
4654,61.046016693115234
4655,62.40565872192383
4656,48.01649856567383
4657,61.65993881225586
4658,38.759071350097656
4659,68.21590423583984
4660,63.21726608276367
4661,68.26078033447266
4662,51.87417221069336
4663,48.96213150024414
4664,56.20054244995117
4665,47.092472076416016
4666,88.6170425415039
4667,61.59794235229492
4668,49.29571533203125
4669,49.10275650024414
4670,64.6765365600586
4671,44.06652069091797
4672,49.51347732543945
4673,68.01654815673828
4674,78.28697967529297
4675,56.660552978515625
4676,69.32266235351562
4677,73.3516616821289
4678,58.56433868408203
4679,89.66600036621094
4680,73.67369079589844
4681,43.72788619995117
4682,61.04586410522461
4683,62.404598236083984
4684,48.0167121887207
4685,61.659908294677734
4686,38.75824737548828
4687,68.21610260009766
4688,63.21889877319336
4689,68.26122283935547
4690,51.87374496459961
4691,48.96023941040039
4692,56.20034408569336
4693,47.092350006103516
4694,88.61638641357422
4695,61.59769058227539
4696,49.29511642456055
4697,49.10237503051758
4698,64.67598724365234
4699,44.06684494018555
4700,49.51313400268555
4701,68.01677703857422
4702,78.28768157958984
4703,56.66057205200195
4704,69.3226318359375
4705,73.3506851196289
4706,58.56498336791992
4707,89.66600036621094
4708,73.67425537109375
4709,43.72816467285156
4710,61.04572296142578
4711,62.40351486206055
4712,48.01692199707031
4713,61.65987777709961
4714,38.75740432739258
4715,68.21631622314453
4716,63.22053146362305
4717,68.2616958618164
4718,51.87331771850586
4719,48.958316802978516
4720,56.200138092041016
4721,47.09221267700195
4722,88.6157455444336
4723,61.597450256347656
4724,49.29452896118164
4725,49.10200119018555
4726,64.67542266845703
4727,44.06718826293945
4728,49.51279067993164
4729,68.0169906616211
4730,78.28836822509766
4731,56.66056442260742
4732,69.32259368896484
4733,73.34972381591797
4734,58.56563186645508
4735,89.66602325439453
4736,73.67479705810547
4737,43.72844696044922
4738,61.04555892944336
4739,62.40243911743164
4740,48.017127990722656
4741,61.65987014770508
4742,38.75657653808594
4743,68.21651458740234
4744,63.222198486328125
4745,68.26211547851562
4746,51.87290573120117
4747,48.9564094543457
4748,56.19991683959961
4749,47.09206771850586
4750,88.6150894165039
4751,61.59718704223633
4752,49.2939567565918
4753,49.10160827636719
4754,64.6749038696289
4755,44.06751251220703
4756,49.512447357177734
4757,68.01721954345703
4758,78.28902435302734
4759,56.66056442260742
4760,69.32256317138672
4761,73.34873962402344
4762,58.566287994384766
4763,89.6660385131836
4764,73.67536926269531
4765,43.72872543334961
4766,61.045413970947266
4767,62.4013671875
4768,48.017337799072266
4769,61.65983963012695
4770,38.7557258605957
4771,68.21671295166016
4772,63.223819732666016
4773,68.26258850097656
4774,51.87248611450195
4775,48.954524993896484
4776,56.19970703125
4777,47.09197235107422
4778,88.61444854736328
4779,61.59693145751953
4780,49.293357849121094
4781,49.10123825073242
4782,64.67435455322266
4783,44.06783676147461
4784,49.51210403442383
4785,68.01742553710938
4786,78.28972625732422
4787,56.66055679321289
4788,69.32251739501953
4789,73.3477554321289
4790,58.56693649291992
4791,89.66606140136719
4792,73.67591857910156
4793,43.729007720947266
4794,61.045265197753906
4795,62.40031814575195
4796,48.01755905151367
4797,61.65981674194336
4798,38.754913330078125
4799,68.21692657470703
4800,63.2254524230957
4801,68.2630386352539
4802,51.872074127197266
4803,48.95261764526367
4804,56.199485778808594
4805,47.09184646606445
4806,88.6137924194336
4807,61.5966682434082
4808,49.29277801513672
4809,49.10084915161133
4810,64.67379760742188
4811,44.068172454833984
4812,49.51175308227539
4813,68.01766204833984
4814,78.29039764404297
4815,56.66054153442383
4816,69.32247924804688
4817,73.34679412841797
4818,58.56757354736328
4819,89.66606140136719
4820,73.67644500732422
4821,43.72929000854492
4822,61.04511642456055
4823,62.39925765991211
4824,48.01778030395508
4825,61.65977096557617
4826,38.75408172607422
4827,68.2171401977539
4828,63.227081298828125
4829,68.26349639892578
4830,51.87166213989258
4831,48.950721740722656
4832,56.19929122924805
4833,47.091697692871094
4834,88.6131362915039
4835,61.59642028808594
4836,49.2922248840332
4837,49.100460052490234
4838,64.67323303222656
4839,44.0684928894043
4840,49.51143264770508
4841,68.01789855957031
4842,78.29108428955078
4843,56.660518646240234
4844,69.32246398925781
4845,73.34581756591797
4846,58.5682258605957
4847,89.66608428955078
4848,73.677001953125
4849,43.72956085205078
4850,61.04497528076172
4851,62.3982048034668
4852,48.018009185791016
4853,61.65975570678711
4854,38.753265380859375
4855,68.21734619140625
4856,63.228702545166016
4857,68.2639389038086
4858,51.87123489379883
4859,48.94881820678711
4860,56.19907760620117
4861,47.09157180786133
4862,88.61249542236328
4863,61.59615707397461
4864,49.291683197021484
4865,49.10007095336914
4866,64.67271423339844
4867,44.0688362121582
4868,49.51111602783203
4869,68.01812744140625
4870,78.2917709350586
4871,56.66050338745117
4872,69.32244110107422
4873,73.34484100341797
4874,58.568851470947266
4875,89.66606903076172
4876,73.67754364013672
4877,43.729854583740234
4878,61.04483413696289
4879,62.39717483520508
4880,48.01826477050781
4881,61.65970230102539
4882,38.752445220947266
4883,68.21756744384766
4884,63.23032760620117
4885,68.26441955566406
4886,51.87080764770508
4887,48.946929931640625
4888,56.198856353759766
4889,47.091434478759766
4890,88.6117935180664
4891,61.59589767456055
4892,49.2911262512207
4893,49.09968948364258
4894,64.67214965820312
4895,44.06916046142578
4896,49.51079177856445
4897,68.01835632324219
4898,78.29244232177734
4899,56.660465240478516
4900,69.32240295410156
4901,73.34384155273438
4902,58.56949234008789
4903,89.66606903076172
4904,73.67810821533203
4905,43.730125427246094
4906,61.04468536376953
4907,62.3961296081543
4908,48.018489837646484
4909,61.65968322753906
4910,38.751651763916016
4911,68.21781158447266
4912,63.23195266723633
4913,68.26486206054688
4914,51.87039566040039
4915,48.94501876831055
4916,56.19865798950195
4917,47.0912971496582
4918,88.61112213134766
4919,61.59562683105469
4920,49.29056930541992
4921,49.099300384521484
4922,64.6716079711914
4923,44.069488525390625
4924,49.51047134399414
4925,68.01859283447266
4926,78.29309844970703
4927,56.66044616699219
4928,69.32238006591797
4929,73.3428726196289
4930,58.57011032104492
4931,89.6660385131836
4932,73.67868041992188
4933,43.730411529541016
4934,61.04452896118164
4935,62.39510726928711
4936,48.01873779296875
4937,61.659637451171875
4938,38.75082778930664
4939,68.21800994873047
4940,63.233524322509766
4941,68.2653579711914
4942,51.8699836730957
4943,48.94313430786133
4944,56.19843673706055
4945,47.09116744995117
4946,88.61044311523438
4947,61.59537887573242
4948,49.2900276184082
4949,49.09892654418945
4950,64.67107391357422
4951,44.06983184814453
4952,49.51015853881836
4953,68.01883697509766
4954,78.29378509521484
4955,56.66041946411133
4956,69.3223648071289
4957,73.34186553955078
4958,58.570735931396484
4959,89.66604614257812
4960,73.67923736572266
4961,43.730690002441406
4962,61.044376373291016
4963,62.394046783447266
4964,48.01895523071289
4965,61.65961837768555
4966,38.7500114440918
4967,68.2182388305664
4968,63.23517608642578
4969,68.26580047607422
4970,51.869564056396484
4971,48.941226959228516
4972,56.19820022583008
4973,47.09104537963867
4974,88.60979461669922
4975,61.59511184692383
4976,49.28947830200195
4977,49.09854507446289
4978,64.67053985595703
4979,44.070159912109375
4980,49.509822845458984
4981,68.01905822753906
4982,78.29448699951172
4983,56.660404205322266
4984,69.32231903076172
4985,73.34089660644531
4986,58.57139205932617
4987,89.66606140136719
4988,73.67977142333984
4989,43.7309684753418
4990,61.04422378540039
4991,62.393001556396484
4992,48.019161224365234
4993,61.659603118896484
4994,38.74919891357422
4995,68.21846771240234
4996,63.23680114746094
4997,68.26626586914062
4998,51.86915969848633
4999,48.93935012817383
5000,56.19801712036133
5001,47.09089660644531
5002,88.6091537475586
5003,61.594852447509766
5004,49.28889846801758
5005,49.09817123413086
5006,64.66998291015625
5007,44.07047653198242
5008,49.5095100402832
5009,68.019287109375
5010,78.29512786865234
5011,56.660369873046875
5012,69.32231903076172
5013,73.33991241455078
5014,58.572025299072266
5015,89.66606903076172
5016,73.68032836914062
5017,43.73124313354492
5018,61.04408645629883
5019,62.39195251464844
5020,48.019412994384766
5021,61.65956497192383
5022,38.74836349487305
5023,68.21866607666016
5024,63.23842239379883
5025,68.26670837402344
5026,51.86875534057617
5027,48.93746566772461
5028,56.197818756103516
5029,47.09077453613281
5030,88.60848236083984
5031,61.594608306884766
5032,49.2883415222168
5033,49.097782135009766
5034,64.6694564819336
5035,44.07083511352539
5036,49.50918197631836
5037,68.01953125
5038,78.29582977294922
5039,56.66038131713867
5040,69.32227325439453
5041,73.33893585205078
5042,58.572654724121094
5043,89.66606903076172
5044,73.6808853149414
5045,43.73151779174805
5046,61.04393768310547
5047,62.39091873168945
5048,48.01963806152344
5049,61.6595344543457
5050,38.74757385253906
5051,68.21885681152344
5052,63.24005126953125
5053,68.26717376708984
5054,51.86832809448242
5055,48.93556594848633
5056,56.197574615478516
5057,47.090641021728516
5058,88.60782623291016
5059,61.59434127807617
5060,49.287784576416016
5061,49.0974006652832
5062,64.66891479492188
5063,44.07114791870117
5064,49.50886154174805
5065,68.01973724365234
5066,78.29650115966797
5067,56.66035079956055
5068,69.32227325439453
5069,73.33796691894531
5070,58.573299407958984
5071,89.66606903076172
5072,73.6814193725586
5073,43.7318000793457
5074,61.04379653930664
5075,62.38986587524414
5076,48.019866943359375
5077,61.659507751464844
5078,38.74675369262695
5079,68.21912384033203
5080,63.24164581298828
5081,68.26764678955078
5082,51.8679313659668
5083,48.93368148803711
5084,56.19736862182617
5085,47.09050369262695
5086,88.6071548461914
5087,61.59408950805664
5088,49.2872314453125
5089,49.0970344543457
5090,64.66837310791016
5091,44.071502685546875
5092,49.508541107177734
5093,68.01995849609375
5094,78.29718780517578
5095,56.66032028198242
5096,69.32225799560547
5097,73.33698272705078
5098,58.57394027709961
5099,89.66606903076172
5100,73.68199920654297
5101,43.73208236694336
5102,61.04364013671875
5103,62.388824462890625
5104,48.02012252807617
5105,61.65945816040039
5106,38.74594497680664
5107,68.21929931640625
5108,63.24326705932617
5109,68.26807403564453
5110,51.867496490478516
5111,48.93179702758789
5112,56.197147369384766
5113,47.09036636352539
5114,88.60649871826172
5115,61.59382247924805
5116,49.28666305541992
5117,49.09663009643555
5118,64.66780853271484
5119,44.071815490722656
5120,49.50821304321289
5121,68.02022552490234
5122,78.2978286743164
5123,56.66030502319336
5124,69.32221221923828
5125,73.33600616455078
5126,58.574588775634766
5127,89.66606903076172
5128,73.68254852294922
5129,43.732364654541016
5130,61.04349899291992
5131,62.387813568115234
5132,48.02033233642578
5133,61.659427642822266
5134,38.745121002197266
5135,68.21955108642578
5136,63.24492645263672
5137,68.2685317993164
5138,51.8670768737793
5139,48.929893493652344
5140,56.19694137573242
5141,47.09025955200195
5142,88.60582733154297
5143,61.593563079833984
5144,49.2861213684082
5145,49.096256256103516
5146,64.66727447509766
5147,44.07216262817383
5148,49.507896423339844
5149,68.02043914794922
5150,78.29853057861328
5151,56.6602897644043
5152,69.32218933105469
5153,73.33502960205078
5154,58.575191497802734
5155,89.66608428955078
5156,73.68307495117188
5157,43.73263931274414
5158,61.04335403442383
5159,62.38675308227539
5160,48.020565032958984
5161,61.659393310546875
5162,38.744319915771484
5163,68.2197494506836
5164,63.24652099609375
5165,68.26901245117188
5166,51.86668014526367
5167,48.92801284790039
5168,56.19673156738281
5169,47.09011459350586
5170,88.60517120361328
5171,61.59330749511719
5172,49.28556442260742
5173,49.095882415771484
5174,64.66674041748047
5175,44.072486877441406
5176,49.507572174072266
5177,68.02066040039062
5178,78.29920196533203
5179,56.66027069091797
5180,69.32218170166016
5181,73.33403778076172
5182,58.57583236694336
5183,89.66607666015625
5184,73.68362426757812
5185,43.732913970947266
5186,61.043209075927734
5187,62.38570022583008
5188,48.020816802978516
5189,61.65937423706055
5190,38.743507385253906
5191,68.2199935913086
5192,63.24811935424805
5193,68.26947021484375
5194,51.86626052856445
5195,48.92612838745117
5196,56.196529388427734
5197,47.08998489379883
5198,88.6045150756836
5199,61.59305191040039
5200,49.28499984741211
5201,49.09549331665039
5202,64.66620635986328
5203,44.07281494140625
5204,49.50725173950195
5205,68.02091979980469
5206,78.29987335205078
5207,56.66025161743164
5208,69.3221435546875
5209,73.33307647705078
5210,58.57649612426758
5211,89.66607666015625
5212,73.68418884277344
5213,43.73320007324219
5214,61.04305648803711
5215,62.38465881347656
5216,48.02102279663086
5217,61.65935134887695
5218,38.74269104003906
5219,68.2201919555664
5220,63.2497444152832
5221,68.26995086669922
5222,51.865848541259766
5223,48.92424392700195
5224,56.19631576538086
5225,47.08986282348633
5226,88.6038589477539
5227,61.59280014038086
5228,49.28444290161133
5229,49.09514236450195
5230,64.66565704345703
5231,44.07314682006836
5232,49.506919860839844
5233,68.02113342285156
5234,78.30055236816406
5235,56.66024398803711
5236,69.32210540771484
5237,73.33211517333984
5238,58.57713317871094
5239,89.66606903076172
5240,73.68474578857422
5241,43.73346710205078
5242,61.042903900146484
5243,62.38362503051758
5244,48.02125930786133
5245,61.6593132019043
5246,38.74187088012695
5247,68.22040557861328
5248,63.251365661621094
5249,68.27040100097656
5250,51.86543655395508
5251,48.9223518371582
5252,56.196109771728516
5253,47.089725494384766
5254,88.60321807861328
5255,61.59255599975586
5256,49.28388977050781
5257,49.09474182128906
5258,64.66509246826172
5259,44.0734748840332
5260,49.50658416748047
5261,68.0213851928711
5262,78.30122375488281
5263,56.66023635864258
5264,69.32207489013672
5265,73.33112335205078
5266,58.57777404785156
5267,89.66609954833984
5268,73.68528747558594
5269,43.73374938964844
5270,61.042762756347656
5271,62.38257598876953
5272,48.0214729309082
5273,61.65927505493164
5274,38.741050720214844
5275,68.2206039428711
5276,63.25300216674805
5277,68.27084350585938
5278,51.86500930786133
5279,48.92045974731445
5280,56.19589614868164
5281,47.08959197998047
5282,88.60254669189453
5283,61.59228515625
5284,49.28330993652344
5285,49.0943717956543
5286,64.66458892822266
5287,44.07381820678711
5288,49.50625228881836
5289,68.0215835571289
5290,78.3019027709961
5291,56.660213470458984
5292,69.32205963134766
5293,73.3301773071289
5294,58.57839584350586
5295,89.6661148071289
5296,73.68583679199219
5297,43.73402786254883
5298,61.0426139831543
5299,62.38152313232422
5300,48.02169418334961
5301,61.65927505493164
5302,38.7402458190918
5303,68.2208023071289
5304,63.25460433959961
5305,68.2712631225586
5306,51.8646125793457
5307,48.9185676574707
5308,56.195682525634766
5309,47.0894889831543
5310,88.6019058227539
5311,61.5920295715332
5312,49.282718658447266
5313,49.093994140625
5314,64.6640396118164
5315,44.07413101196289
5316,49.50593185424805
5317,68.02178192138672
5318,78.30258178710938
5319,56.660213470458984
5320,69.32202911376953
5321,73.3292007446289
5322,58.57904052734375
5323,89.66609954833984
5324,73.68638610839844
5325,43.734317779541016
5326,61.04245376586914
5327,62.380455017089844
5328,48.02191925048828
5329,61.65925216674805
5330,38.73942565917969
5331,68.22103881835938
5332,63.25625991821289
5333,68.2717514038086
5334,51.86418151855469
5335,48.916690826416016
5336,56.195472717285156
5337,47.08932113647461
5338,88.60124969482422
5339,61.59178924560547
5340,49.28218460083008
5341,49.09361267089844
5342,64.66349792480469
5343,44.074462890625
5344,49.5056037902832
5345,68.02204895019531
5346,78.30327606201172
5347,56.66019821166992
5348,69.32198333740234
5349,73.32823944091797
5350,58.57967758178711
5351,89.66609954833984
5352,73.68696594238281
5353,43.73457717895508
5354,61.042335510253906
5355,62.37944030761719
5356,48.022151947021484
5357,61.6591911315918
5358,38.73860549926758
5359,68.22126007080078
5360,63.25784683227539
5361,68.27220153808594
5362,51.863765716552734
5363,48.91481018066406
5364,56.195274353027344
5365,47.08919906616211
5366,88.6006088256836
5367,61.59153366088867
5368,49.28163146972656
5369,49.093223571777344
5370,64.66295623779297
5371,44.074790954589844
5372,49.50529098510742
5373,68.02227020263672
5374,78.3039321899414
5375,56.6601676940918
5376,69.32197570800781
5377,73.3272476196289
5378,58.58030700683594
5379,89.66612243652344
5380,73.68749237060547
5381,43.73486328125
5382,61.042171478271484
5383,62.37839126586914
5384,48.022377014160156
5385,61.6591682434082
5386,38.73781204223633
5387,68.2214584350586
5388,63.25947952270508
5389,68.27266693115234
5390,51.86336135864258
5391,48.91291427612305
5392,56.1950569152832
5393,47.08908462524414
5394,88.59993743896484
5395,61.59127426147461
5396,49.28105545043945
5397,49.09284591674805
5398,64.66240692138672
5399,44.07512664794922
5400,49.50496292114258
5401,68.02249908447266
5402,78.30460357666016
5403,56.660160064697266
5404,69.32193756103516
5405,73.32627868652344
5406,58.580963134765625
5407,89.66612243652344
5408,73.68805694580078
5409,43.73515319824219
5410,61.04204177856445
5411,62.37734603881836
5412,48.022605895996094
5413,61.659175872802734
5414,38.73697280883789
5415,68.22166442871094
5416,63.26105880737305
5417,68.27314758300781
5418,51.86294937133789
5419,48.91103744506836
5420,56.19485855102539
5421,47.08895492553711
5422,88.59928131103516
5423,61.59102249145508
5424,49.28049850463867
5425,49.09247970581055
5426,64.661865234375
5427,44.07546615600586
5428,49.504634857177734
5429,68.02273559570312
5430,78.30529022216797
5431,56.66012191772461
5432,69.32190704345703
5433,73.3252944946289
5434,58.58158493041992
5435,89.66613006591797
5436,73.6886215209961
5437,43.735435485839844
5438,61.041873931884766
5439,62.37630844116211
5440,48.022830963134766
5441,61.65911865234375
5442,38.73618698120117
5443,68.22188568115234
5444,63.262699127197266
5445,68.27359771728516
5446,51.8625602722168
5447,48.90915298461914
5448,56.19465255737305
5449,47.08881759643555
5450,88.59864044189453
5451,61.59075927734375
5452,49.279945373535156
5453,49.092098236083984
5454,64.66132354736328
5455,44.07577896118164
5456,49.504302978515625
5457,68.02294921875
5458,78.30594635009766
5459,56.66012191772461
5460,69.32189178466797
5461,73.32431030273438
5462,58.58222961425781
5463,89.66613006591797
5464,73.68917083740234
5465,43.73570251464844
5466,61.041748046875
5467,62.37526321411133
5468,48.0230712890625
5469,61.6590690612793
5470,38.735374450683594
5471,68.22211456298828
5472,63.26430892944336
5473,68.27404022216797
5474,51.862117767333984
5475,48.90728759765625
5476,56.19444274902344
5477,47.088706970214844
5478,88.59798431396484
5479,61.590518951416016
5480,49.27938461303711
5481,49.09172439575195
5482,64.66079711914062
5483,44.07611846923828
5484,49.50398635864258
5485,68.02317810058594
5486,78.3066177368164
5487,56.66010284423828
5488,69.3218765258789
5489,73.32335662841797
5490,58.58285140991211
5491,89.66613006591797
5492,73.6897201538086
5493,43.73598098754883
5494,61.04158401489258
5495,62.37421798706055
5496,48.02329635620117
5497,61.65907669067383
5498,38.73456954956055
5499,68.22232055664062
5500,63.26590347290039
5501,68.27448272705078
5502,51.86172103881836
5503,48.90541458129883
5504,56.19424057006836
5505,47.088558197021484
5506,88.5973129272461
5507,61.59025955200195
5508,49.27882766723633
5509,49.091339111328125
5510,64.66024780273438
5511,44.076473236083984
5512,49.503665924072266
5513,68.0234146118164
5514,78.30728149414062
5515,56.660091400146484
5516,69.32184600830078
5517,73.32240295410156
5518,58.583499908447266
5519,89.66614532470703
5520,73.69023132324219
5521,43.736244201660156
5522,61.04145431518555
5523,62.3731803894043
5524,48.02349853515625
5525,61.659053802490234
5526,38.733760833740234
5527,68.2225112915039
5528,63.26755905151367
5529,68.27493286132812
5530,51.8613166809082
5531,48.903526306152344
5532,56.194026947021484
5533,47.088436126708984
5534,88.59668731689453
5535,61.590023040771484
5536,49.278263092041016
5537,49.09096145629883
5538,64.65970611572266
5539,44.0767707824707
5540,49.50333786010742
5541,68.02364349365234
5542,78.3079833984375
5543,56.66008377075195
5544,69.32180786132812
5545,73.32144165039062
5546,58.58412551879883
5547,89.66616821289062
5548,73.69080352783203
5549,43.73653793334961
5550,61.04130935668945
5551,62.372135162353516
5552,48.02374267578125
5553,61.65901565551758
5554,38.732948303222656
5555,68.22272491455078
5556,63.2691650390625
5557,68.275390625
5558,51.86091232299805
5559,48.90164566040039
5560,56.19382095336914
5561,47.08830642700195
5562,88.5960464477539
5563,61.58975601196289
5564,49.2776985168457
5565,49.09059524536133
5566,64.65918731689453
5567,44.07709884643555
5568,49.503021240234375
5569,68.02387237548828
5570,78.30865478515625
5571,56.66009521484375
5572,69.32178497314453
5573,73.32046508789062
5574,58.58478927612305
5575,89.66617584228516
5576,73.69135284423828
5577,43.73680877685547
5578,61.04116439819336
5579,62.37107849121094
5580,48.0239372253418
5581,61.65901565551758
5582,38.73212814331055
5583,68.22291564941406
5584,63.270790100097656
5585,68.27583312988281
5586,51.86048889160156
5587,48.899776458740234
5588,56.1936149597168
5589,47.088199615478516
5590,88.59539794921875
5591,61.58949661254883
5592,49.277103424072266
5593,49.0902214050293
5594,64.65863800048828
5595,44.07742691040039
5596,49.502681732177734
5597,68.02410125732422
5598,78.30931854248047
5599,56.6600456237793
5600,69.3217544555664
5601,73.31950378417969
5602,58.58543014526367
5603,89.66620635986328
5604,73.69192504882812
5605,43.73710250854492
5606,61.04099655151367
5607,62.370033264160156
5608,48.024166107177734
5609,61.658973693847656
5610,38.731319427490234
5611,68.22313690185547
5612,63.272422790527344
5613,68.27629852294922
5614,51.860084533691406
5615,48.89788818359375
5616,56.193416595458984
5617,47.08805847167969
5618,88.59475708007812
5619,61.5892448425293
5620,49.27656173706055
5621,49.0898323059082
5622,64.6581039428711
5623,44.077762603759766
5624,49.50236892700195
5625,68.0243148803711
5626,78.31000518798828
5627,56.660030364990234
5628,69.32171630859375
5629,73.31854248046875
5630,58.58604049682617
5631,89.66619873046875
5632,73.69245147705078
5633,43.73735809326172
5634,61.04087448120117
5635,62.36899948120117
5636,48.02439498901367
5637,61.6589469909668
5638,38.73050308227539
5639,68.22334289550781
5640,63.27400588989258
5641,68.2767562866211
5642,51.859676361083984
5643,48.89601516723633
5644,56.19320297241211
5645,47.08791732788086
5646,88.59408569335938
5647,61.5890007019043
5648,49.2760124206543
5649,49.08945083618164
5650,64.65758514404297
5651,44.07809066772461
5652,49.50203323364258
5653,68.0245361328125
5654,78.31066131591797
5655,56.66001510620117
5656,69.32170104980469
5657,73.31758117675781
5658,58.5866813659668
5659,89.66620635986328
5660,73.69300079345703
5661,43.737648010253906
5662,61.040714263916016
5663,62.36795425415039
5664,48.02461624145508
5665,61.65892791748047
5666,38.72970962524414
5667,68.22354888916016
5668,63.2756462097168
5669,68.27721405029297
5670,51.85927963256836
5671,48.89414596557617
5672,56.19298553466797
5673,47.08778762817383
5674,88.59341430664062
5675,61.588741302490234
5676,49.27547073364258
5677,49.08909225463867
5678,64.65702819824219
5679,44.078399658203125
5680,49.50172805786133
5681,68.0247802734375
5682,78.31132507324219
5683,56.659996032714844
5684,69.32166290283203
5685,73.31661987304688
5686,58.587303161621094
5687,89.66620635986328
5688,73.69355773925781
5689,43.73792266845703
5690,61.04058074951172
5691,62.366939544677734
5692,48.024845123291016
5693,61.65888595581055
5694,38.7288932800293
5695,68.22379302978516
5696,63.27724838256836
5697,68.2776870727539
5698,51.85886001586914
5699,48.892269134521484
5700,56.19278335571289
5701,47.08766555786133
5702,88.59278106689453
5703,61.58846664428711
5704,49.274906158447266
5705,49.08870315551758
5706,64.65647888183594
5707,44.07875442504883
5708,49.501399993896484
5709,68.0250244140625
5710,78.31201171875
5711,56.65999221801758
5712,69.32167053222656
5713,73.31563568115234
5714,58.58793258666992
5715,89.66619873046875
5716,73.69412231445312
5717,43.73820114135742
5718,61.04043197631836
5719,62.36592102050781
5720,48.02508544921875
5721,61.65884017944336
5722,38.72811508178711
5723,68.2239990234375
5724,63.27882766723633
5725,68.27812194824219
5726,51.85844039916992
5727,48.89039993286133
5728,56.192569732666016
5729,47.08754348754883
5730,88.59210968017578
5731,61.58822250366211
5732,49.27437210083008
5733,49.08833312988281
5734,64.65595245361328
5735,44.0791015625
5736,49.501094818115234
5737,68.02523040771484
5738,78.31266021728516
5739,56.65995407104492
5740,69.3216323852539
5741,73.31465911865234
5742,58.588565826416016
5743,89.66621398925781
5744,73.69465637207031
5745,43.738494873046875
5746,61.0402946472168
5747,62.3648796081543
5748,48.02531814575195
5749,61.65880584716797
5750,38.727298736572266
5751,68.22421264648438
5752,63.28041458129883
5753,68.27857208251953
5754,51.8580322265625
5755,48.8885383605957
5756,56.192378997802734
5757,47.08740997314453
5758,88.5914535522461
5759,61.587955474853516
5760,49.27382278442383
5761,49.08796691894531
5762,64.6554183959961
5763,44.07941436767578
5764,49.500789642333984
5765,68.02545928955078
5766,78.31334686279297
5767,56.65992736816406
5768,69.32161712646484
5769,73.3136978149414
5770,58.58919906616211
5771,89.66619110107422
5772,73.69523620605469
5773,43.73876190185547
5774,61.040157318115234
5775,62.36386489868164
5776,48.02555465698242
5777,61.65879440307617
5778,38.726497650146484
5779,68.22441864013672
5780,63.28202819824219
5781,68.27904510498047
5782,51.857635498046875
5783,48.88666534423828
5784,56.1921501159668
5785,47.087276458740234
5786,88.59078216552734
5787,61.587730407714844
5788,49.27328109741211
5789,49.08757781982422
5790,64.6548843383789
5791,44.07975387573242
5792,49.50044631958008
5793,68.02571105957031
5794,78.31401062011719
5795,56.659915924072266
5796,69.32160186767578
5797,73.31272888183594
5798,58.589820861816406
5799,89.66619110107422
5800,73.69577026367188
5801,43.739036560058594
5802,61.04001235961914
5803,62.36282730102539
5804,48.02577590942383
5805,61.658782958984375
5806,38.7256965637207
5807,68.22462463378906
5808,63.283653259277344
5809,68.27947998046875
5810,51.85721969604492
5811,48.884803771972656
5812,56.19194412231445
5813,47.08715057373047
5814,88.59014892578125
5815,61.58747100830078
5816,49.272735595703125
5817,49.08721923828125
5818,64.65433502197266
5819,44.080078125
5820,49.50014114379883
5821,68.02591705322266
5822,78.31468200683594
5823,56.6599006652832
5824,69.32158660888672
5825,73.31175231933594
5826,58.5904655456543
5827,89.66619873046875
5828,73.69630432128906
5829,43.739315032958984
5830,61.03984069824219
5831,62.36179733276367
5832,48.0259895324707
5833,61.658748626708984
5834,38.72489929199219
5835,68.22483825683594
5836,63.285247802734375
5837,68.27994537353516
5838,51.856807708740234
5839,48.8829345703125
5840,56.19175338745117
5841,47.08700942993164
5842,88.58948516845703
5843,61.58720397949219
5844,49.272159576416016
5845,49.08683776855469
5846,64.65382385253906
5847,44.08040237426758
5848,49.499820709228516
5849,68.0261459350586
5850,78.31534576416016
5851,56.65988540649414
5852,69.32154846191406
5853,73.31080627441406
5854,58.59109878540039
5855,89.66622161865234
5856,73.69686889648438
5857,43.73958969116211
5858,61.03969955444336
5859,62.36075210571289
5860,48.02621841430664
5861,61.65871047973633
5862,38.72409439086914
5863,68.22504425048828
5864,63.2868537902832
5865,68.2803726196289
5866,51.85640335083008
5867,48.88108444213867
5868,56.19155502319336
5869,47.08688735961914
5870,88.58885192871094
5871,61.58695983886719
5872,49.2716178894043
5873,49.086456298828125
5874,64.65328216552734
5875,44.08071517944336
5876,49.4995002746582
5877,68.0263671875
5878,78.3160171508789
5879,56.659881591796875
5880,69.32152557373047
5881,73.3098373413086
5882,58.59170150756836
5883,89.66622924804688
5884,73.69741821289062
5885,43.739871978759766
5886,61.03956985473633
5887,62.35969543457031
5888,48.026424407958984
5889,61.6587028503418
5890,38.72330856323242
5891,68.22522735595703
5892,63.2884407043457
5893,68.28083801269531
5894,51.85601043701172
5895,48.87921142578125
5896,56.19132614135742
5897,47.08675765991211
5898,88.58821868896484
5899,61.586708068847656
5900,49.27104568481445
5901,49.086090087890625
5902,64.65275573730469
5903,44.081058502197266
5904,49.49917221069336
5905,68.02658081054688
5906,78.3166732788086
5907,56.65986251831055
5908,69.32147979736328
5909,73.30889129638672
5910,58.59235763549805
5911,89.6662368774414
5912,73.69794464111328
5913,43.74013900756836
5914,61.039432525634766
5915,62.35868453979492
5916,48.02664566040039
5917,61.6586799621582
5918,38.72249984741211
5919,68.2254409790039
5920,63.290069580078125
5921,68.28128814697266
5922,51.8556022644043
5923,48.87735366821289
5924,56.19112014770508
5925,47.08664321899414
5926,88.58756256103516
5927,61.58646011352539
5928,49.27048110961914
5929,49.08573532104492
5930,64.65221405029297
5931,44.08137512207031
5932,49.498836517333984
5933,68.02681732177734
5934,78.31733703613281
5935,56.659854888916016
5936,69.32147979736328
5937,73.30792999267578
5938,58.59300994873047
5939,89.666259765625
5940,73.69847106933594
5941,43.74042510986328
5942,61.03926086425781
5943,62.35762405395508
5944,48.02687454223633
5945,61.658653259277344
5946,38.7216911315918
5947,68.22563934326172
5948,63.291690826416016
5949,68.28174591064453
5950,51.85518264770508
5951,48.8754997253418
5952,56.19093704223633
5953,47.086517333984375
5954,88.5869369506836
5955,61.58621597290039
5956,49.26992416381836
5957,49.085350036621094
5958,64.65168762207031
5959,44.08168411254883
5960,49.498512268066406
5961,68.02704620361328
5962,78.31803131103516
5963,56.65983200073242
5964,69.32145690917969
5965,73.30697631835938
5966,58.593624114990234
5967,89.66627502441406
5968,73.69902801513672
5969,43.740699768066406
5970,61.03913497924805
5971,62.35660171508789
5972,48.02708053588867
5973,61.65864181518555
5974,38.720890045166016
5975,68.22583770751953
5976,63.29328536987305
5977,68.28217315673828
5978,51.85479736328125
5979,48.87361526489258
5980,56.19072341918945
5981,47.08638381958008
5982,88.5862808227539
5983,61.58596420288086
5984,49.26935958862305
5985,49.084957122802734
5986,64.65116119384766
5987,44.08202362060547
5988,49.49819564819336
5989,68.02728271484375
5990,78.31868743896484
5991,56.65983581542969
5992,69.32141876220703
5993,73.30602264404297
5994,58.59425735473633
5995,89.66629791259766
5996,73.6995849609375
5997,43.740962982177734
5998,61.03898239135742
5999,62.35556411743164
6000,48.02729797363281
6001,61.65859603881836
6002,38.7200813293457
6003,68.22603607177734
6004,63.29487991333008
6005,68.28263854980469
6006,51.85438919067383
6007,48.871761322021484
6008,56.19053268432617
6009,47.086265563964844
6010,88.58566284179688
6011,61.58572769165039
6012,49.268798828125
6013,49.0845947265625
6014,64.65062713623047
6015,44.08234786987305
6016,49.49787902832031
6017,68.02749633789062
6018,78.31937408447266
6019,56.65980911254883
6020,69.3213882446289
6021,73.3050765991211
6022,58.59489059448242
6023,89.6662826538086
6024,73.70011138916016
6025,43.741241455078125
6026,61.03883743286133
6027,62.354515075683594
6028,48.027523040771484
6029,61.65858840942383
6030,38.71928024291992
6031,68.22626495361328
6032,63.29650115966797
6033,68.2830810546875
6034,51.85396957397461
6035,48.86989212036133
6036,56.19032669067383
6037,47.08613586425781
6038,88.58500671386719
6039,61.58547592163086
6040,49.26822280883789
6041,49.0842170715332
6042,64.65006256103516
6043,44.08266830444336
6044,49.497554779052734
6045,68.0277099609375
6046,78.32001495361328
6047,56.65981674194336
6048,69.32134246826172
6049,73.30411529541016
6050,58.59553909301758
6051,89.66631317138672
6052,73.7006607055664
6053,43.741512298583984
6054,61.0386962890625
6055,62.353485107421875
6056,48.027740478515625
6057,61.658573150634766
6058,38.718467712402344
6059,68.22643280029297
6060,63.29812240600586
6061,68.28352355957031
6062,51.853572845458984
6063,48.868038177490234
6064,56.19010543823242
6065,47.08601760864258
6066,88.58436584472656
6067,61.5852165222168
6068,49.267669677734375
6069,49.083866119384766
6070,64.64954376220703
6071,44.0829963684082
6072,49.49721908569336
6073,68.0279541015625
6074,78.32069396972656
6075,56.6598014831543
6076,69.32132720947266
6077,73.30316162109375
6078,58.596187591552734
6079,89.66634368896484
6080,73.7011947631836
6081,43.74179458618164
6082,61.03854751586914
6083,62.3524284362793
6084,48.027957916259766
6085,61.658565521240234
6086,38.717674255371094
6087,68.22664642333984
6088,63.299713134765625
6089,68.28397369384766
6090,51.8531608581543
6091,48.86616897583008
6092,56.189918518066406
6093,47.08589172363281
6094,88.583740234375
6095,61.584957122802734
6096,49.2671012878418
6097,49.08348846435547
6098,64.64901733398438
6099,44.083309173583984
6100,49.496891021728516
6101,68.02816009521484
6102,78.32137298583984
6103,56.6598014831543
6104,69.32129669189453
6105,73.3022232055664
6106,58.59680938720703
6107,89.66634368896484
6108,73.7017593383789
6109,43.742069244384766
6110,61.03841781616211
6111,62.35139846801758
6112,48.02817153930664
6113,61.65851974487305
6114,38.716854095458984
6115,68.22684478759766
6116,63.30130386352539
6117,68.28441619873047
6118,51.85274887084961
6119,48.86430740356445
6120,56.1897087097168
6121,47.08576583862305
6122,88.58312225341797
6123,61.584720611572266
6124,49.26650619506836
6125,49.08311080932617
6126,64.64848327636719
6127,44.08366775512695
6128,49.496559143066406
6129,68.02838897705078
6130,78.32205200195312
6131,56.6597785949707
6132,69.32129669189453
6133,73.30126190185547
6134,58.59745407104492
6135,89.66637420654297
6136,73.70232391357422
6137,43.74235153198242
6138,61.038272857666016
6139,62.350345611572266
6140,48.028377532958984
6141,61.65850067138672
6142,38.71603775024414
6143,68.22704315185547
6144,63.30293273925781
6145,68.28484344482422
6146,51.85235595703125
6147,48.86246109008789
6148,56.189517974853516
6149,47.085636138916016
6150,88.58248138427734
6151,61.584468841552734
6152,49.26594924926758
6153,49.082725524902344
6154,64.6479263305664
6155,44.08396530151367
6156,49.49624252319336
6157,68.02860260009766
6158,78.32270812988281
6159,56.659793853759766
6160,69.32125091552734
6161,73.30033111572266
6162,58.59809494018555
6163,89.66641235351562
6164,73.7028579711914
6165,43.742618560791016
6166,61.03812789916992
6167,62.34929275512695
6168,48.02858352661133
6169,61.65848159790039
6170,38.715240478515625
6171,68.22724151611328
6172,63.3045539855957
6173,68.2853012084961
6174,51.85194396972656
6175,48.860591888427734
6176,56.1893196105957
6177,47.08549880981445
6178,88.58185577392578
6179,61.5842399597168
6180,49.265377044677734
6181,49.08237838745117
6182,64.64740753173828
6183,44.08428955078125
6184,49.495914459228516
6185,68.0288314819336
6186,78.3233642578125
6187,56.659786224365234
6188,69.32121276855469
6189,73.29936981201172
6190,58.59873580932617
6191,89.66641998291016
6192,73.70339965820312
6193,43.74289321899414
6194,61.03798294067383
6195,62.34823226928711
6196,48.02878952026367
6197,61.65845489501953
6198,38.714447021484375
6199,68.2274398803711
6200,63.30617904663086
6201,68.2857437133789
6202,51.85153579711914
6203,48.85873031616211
6204,56.18912124633789
6205,47.08538055419922
6206,88.58124542236328
6207,61.5839958190918
6208,49.264808654785156
6209,49.08200454711914
6210,64.64689636230469
6211,44.0846061706543
6212,49.495574951171875
6213,68.02903747558594
6214,78.32404327392578
6215,56.659793853759766
6216,69.3211898803711
6217,73.29842376708984
6218,58.5993766784668
6219,89.66642761230469
6220,73.70394134521484
6221,43.74318313598633
6222,61.037837982177734
6223,62.34719467163086
6224,48.02900314331055
6225,61.6584587097168
6226,38.713626861572266
6227,68.22762298583984
6228,63.307777404785156
6229,68.28619384765625
6230,51.851131439208984
6231,48.856868743896484
6232,56.18892288208008
6233,47.08527755737305
6234,88.58058166503906
6235,61.5837516784668
6236,49.26420211791992
6237,49.081626892089844
6238,64.64636993408203
6239,44.084922790527344
6240,49.495243072509766
6241,68.0292739868164
6242,78.32470703125
6243,56.65980911254883
6244,69.32112884521484
6245,73.2975082397461
6246,58.60002517700195
6247,89.66648864746094
6248,73.70446014404297
6249,43.74343490600586
6250,61.03770065307617
6251,62.34615707397461
6252,48.02919387817383
6253,61.6584587097168
6254,38.712799072265625
6255,68.22779846191406
6256,63.309410095214844
6257,68.28663635253906
6258,51.85072708129883
6259,48.85501480102539
6260,56.18871307373047
6261,47.085140228271484
6262,88.57999420166016
6263,61.583499908447266
6264,49.26365280151367
6265,49.081260681152344
6266,64.64582824707031
6267,44.085262298583984
6268,49.494911193847656
6269,68.02947998046875
6270,78.32538604736328
6271,56.65980911254883
6272,69.32109832763672
6273,73.29655456542969
6274,58.60065841674805
6275,89.6664810180664
6276,73.70502471923828
6277,43.74371337890625
6278,61.03755569458008
6279,62.345088958740234
6280,48.02940368652344
6281,61.65842819213867
6282,38.71200942993164
6283,68.22798919677734
6284,63.310997009277344
6285,68.2870864868164
6286,51.85030746459961
6287,48.85316848754883
6288,56.18851852416992
6289,47.085018157958984
6290,88.57936096191406
6291,61.58327102661133
6292,49.26308059692383
6293,49.08091354370117
6294,64.6452865600586
6295,44.08557891845703
6296,49.49458694458008
6297,68.02970886230469
6298,78.32606506347656
6299,56.65980911254883
6300,69.32108306884766
6301,73.29562377929688
6302,58.60130310058594
6303,89.66651153564453
6304,73.70555877685547
6305,43.74399185180664
6306,61.03742599487305
6307,62.34403991699219
6308,48.02959442138672
6309,61.65840530395508
6310,38.71120834350586
6311,68.2281723022461
6312,63.312618255615234
6313,68.28750610351562
6314,51.849918365478516
6315,48.851295471191406
6316,56.18833541870117
6317,47.084903717041016
6318,88.5787582397461
6319,61.583003997802734
6320,49.26249313354492
6321,49.08053970336914
6322,64.64474487304688
6323,44.085899353027344
6324,49.4942512512207
6325,68.0299301147461
6326,78.32672882080078
6327,56.659828186035156
6328,69.32105255126953
6329,73.29467010498047
6330,58.601951599121094
6331,89.66655731201172
6332,73.70608520507812
6333,43.744266510009766
6334,61.03727340698242
6335,62.34299850463867
6336,48.029808044433594
6337,61.658390045166016
6338,38.710384368896484
6339,68.22837829589844
6340,63.31423568725586
6341,68.2879409790039
6342,51.84952163696289
6343,48.84943771362305
6344,56.18813705444336
6345,47.084781646728516
6346,88.57811737060547
6347,61.5827751159668
6348,49.26190948486328
6349,49.08018493652344
6350,64.64421844482422
6351,44.08622360229492
6352,49.49391174316406
6353,68.0301284790039
6354,78.32740020751953
6355,56.65981674194336
6356,69.32099914550781
6357,73.29373168945312
6358,58.602596282958984
6359,89.66658782958984
6360,73.70665740966797
6361,43.74453353881836
6362,61.03713607788086
6363,62.34194564819336
6364,48.03001022338867
6365,61.65839767456055
6366,38.70957946777344
6367,68.22856903076172
6368,63.31585693359375
6369,68.28839111328125
6370,51.84909439086914
6371,48.84757614135742
6372,56.18794631958008
6373,47.08465576171875
6374,88.57750701904297
6375,61.5825309753418
6376,49.26133728027344
6377,49.079811096191406
6378,64.6436996459961
6379,44.086544036865234
6380,49.49359130859375
6381,68.03038024902344
6382,78.32805633544922
6383,56.65981674194336
6384,69.32099151611328
6385,73.29277038574219
6386,58.60322952270508
6387,89.6666030883789
6388,73.70719146728516
6389,43.744815826416016
6390,61.0369987487793
6391,62.34090805053711
6392,48.03022766113281
6393,61.65836715698242
6394,38.70878982543945
6395,68.22877502441406
6396,63.31747817993164
6397,68.28884887695312
6398,51.848690032958984
6399,48.84572219848633
6400,56.187740325927734
6401,47.08452606201172
6402,88.57685089111328
6403,61.58229446411133
6404,49.26078414916992
6405,49.07942581176758
6406,64.64318084716797
6407,44.08684539794922
6408,49.4932746887207
6409,68.03057861328125
6410,78.32872772216797
6411,56.65980529785156
6412,69.32093811035156
6413,73.29183197021484
6414,58.6038703918457
6415,89.6666030883789
6416,73.7077407836914
6417,43.74507522583008
6418,61.036861419677734
6419,62.33987045288086
6420,48.03045654296875
6421,61.65834426879883
6422,38.707984924316406
6423,68.2289810180664
6424,63.31904602050781
6425,68.2893295288086
6426,51.84830856323242
6427,48.843868255615234
6428,56.18754196166992
6429,47.08441162109375
6430,88.57622528076172
6431,61.5820426940918
6432,49.26021957397461
6433,49.07906723022461
6434,64.64263153076172
6435,44.08719253540039
6436,49.49293899536133
6437,68.03079986572266
6438,78.32940673828125
6439,56.6597785949707
6440,69.3209228515625
6441,73.29087829589844
6442,58.604496002197266
6443,89.66661834716797
6444,73.70828247070312
6445,43.745357513427734
6446,61.03670883178711
6447,62.33883285522461
6448,48.03068161010742
6449,61.65831756591797
6450,38.707191467285156
6451,68.22918701171875
6452,63.32066345214844
6453,68.28973388671875
6454,51.847896575927734
6455,48.84200668334961
6456,56.18733596801758
6457,47.08428955078125
6458,88.57557678222656
6459,61.581790924072266
6460,49.25965881347656
6461,49.078697204589844
6462,64.64210510253906
6463,44.087528228759766
6464,49.49264144897461
6465,68.0310287475586
6466,78.330078125
6467,56.659786224365234
6468,69.32091522216797
6469,73.28992462158203
6470,58.60512161254883
6471,89.66664123535156
6472,73.7088394165039
6473,43.74565124511719
6474,61.03657531738281
6475,62.33781814575195
6476,48.0308952331543
6477,61.65827941894531
6478,38.70639419555664
6479,68.2293930053711
6480,63.322261810302734
6481,68.2901840209961
6482,51.84750747680664
6483,48.840152740478516
6484,56.187129974365234
6485,47.08415222167969
6486,88.57493591308594
6487,61.58155059814453
6488,49.25910949707031
6489,49.07832336425781
6490,64.64158630371094
6491,44.08784103393555
6492,49.492313385009766
6493,68.03126525878906
6494,78.33072662353516
6495,56.65977096557617
6496,69.32088470458984
6497,73.28897094726562
6498,58.60575485229492
6499,89.6666488647461
6500,73.70935821533203
6501,43.74591827392578
6502,61.03644943237305
6503,62.336788177490234
6504,48.03110885620117
6505,61.65827560424805
6506,38.705589294433594
6507,68.2296142578125
6508,63.3238639831543
6509,68.29064178466797
6510,51.847076416015625
6511,48.838294982910156
6512,56.18693161010742
6513,47.08403396606445
6514,88.57427215576172
6515,61.581302642822266
6516,49.258548736572266
6517,49.07795333862305
6518,64.64105224609375
6519,44.08818054199219
6520,49.492000579833984
6521,68.03150177001953
6522,78.3313980102539
6523,56.659767150878906
6524,69.32083892822266
6525,73.28801727294922
6526,58.60639572143555
6527,89.66666412353516
6528,73.70992279052734
6529,43.74620056152344
6530,61.03628158569336
6531,62.33575439453125
6532,48.031333923339844
6533,61.65824508666992
6534,38.704803466796875
6535,68.22981262207031
6536,63.32548141479492
6537,68.29110717773438
6538,51.846683502197266
6539,48.8364372253418
6540,56.18673324584961
6541,47.08389663696289
6542,88.57367706298828
6543,61.5810432434082
6544,49.257999420166016
6545,49.077579498291016
6546,64.64051055908203
6547,44.08852005004883
6548,49.49166488647461
6549,68.0317153930664
6550,78.33206176757812
6551,56.65974044799805
6552,69.32083892822266
6553,73.28706359863281
6554,58.60702133178711
6555,89.66669464111328
6556,73.71048736572266
6557,43.7464599609375
6558,61.036136627197266
6559,62.334716796875
6560,48.03156661987305
6561,61.65822219848633
6562,38.70400619506836
6563,68.23003387451172
6564,63.327056884765625
6565,68.29157257080078
6566,51.84627914428711
6567,48.83457565307617
6568,56.186519622802734
6569,47.08378219604492
6570,88.57300567626953
6571,61.5807991027832
6572,49.2574577331543
6573,49.077213287353516
6574,64.63998413085938
6575,44.088844299316406
6576,49.4913444519043
6577,68.03195190429688
6578,78.3327407836914
6579,56.65974807739258
6580,69.32081604003906
6581,73.28609466552734
6582,58.6076545715332
6583,89.66668701171875
6584,73.71102905273438
6585,43.74675369262695
6586,61.035987854003906
6587,62.33370590209961
6588,48.03178787231445
6589,61.65818405151367
6590,38.703216552734375
6591,68.2302474975586
6592,63.32866287231445
6593,68.2920150756836
6594,51.84587860107422
6595,48.83272171020508
6596,56.18632888793945
6597,47.08365249633789
6598,88.5723648071289
6599,61.58054733276367
6600,49.25690841674805
6601,49.07683181762695
6602,64.63945770263672
6603,44.089168548583984
6604,49.49104690551758
6605,68.03218841552734
6606,78.33341217041016
6607,56.65970993041992
6608,69.3207778930664
6609,73.28514862060547
6610,58.608280181884766
6611,89.66667938232422
6612,73.71157836914062
6613,43.747032165527344
6614,61.03586959838867
6615,62.33266067504883
6616,48.03200912475586
6617,61.658164978027344
6618,38.7024040222168
6619,68.23046112060547
6620,63.33030319213867
6621,68.2924575805664
6622,51.84548568725586
6623,48.83088302612305
6624,56.18613052368164
6625,47.083518981933594
6626,88.57172393798828
6627,61.58030319213867
6628,49.256351470947266
6629,49.07647705078125
6630,64.63892364501953
6631,44.089508056640625
6632,49.49073791503906
6633,68.03240203857422
6634,78.33406829833984
6635,56.65970993041992
6636,69.3207778930664
6637,73.2842025756836
6638,58.60891342163086
6639,89.66669464111328
6640,73.71212005615234
6641,43.74729537963867
6642,61.03573989868164
6643,62.3316535949707
6644,48.03225326538086
6645,61.658145904541016
6646,38.70162582397461
6647,68.23068237304688
6648,63.331878662109375
6649,68.29293823242188
6650,51.84507369995117
6651,48.829036712646484
6652,56.185916900634766
6653,47.08339309692383
6654,88.5710678100586
6655,61.58005142211914
6656,49.255828857421875
6657,49.07609939575195
6658,64.63838958740234
6659,44.08980941772461
6660,49.49041748046875
6661,68.03264617919922
6662,78.33475494384766
6663,56.6596794128418
6664,69.32073974609375
6665,73.28324890136719
6666,58.60954666137695
6667,89.66670989990234
6668,73.71268463134766
6669,43.74757385253906
6670,61.03559494018555
6671,62.330623626708984
6672,48.032470703125
6673,61.658103942871094
6674,38.700843811035156
6675,68.23088836669922
6676,63.333499908447266
6677,68.2933578491211
6678,51.844669342041016
6679,48.82719802856445
6680,56.185726165771484
6681,47.083274841308594
6682,88.57042694091797
6683,61.57979202270508
6684,49.25528335571289
6685,49.07572937011719
6686,64.63785552978516
6687,44.09016799926758
6688,49.49009323120117
6689,68.03288269042969
6690,78.33541107177734
6691,56.65966796875
6692,69.32073974609375
6693,73.28228759765625
6694,58.61017990112305
6695,89.66670227050781
6696,73.71321105957031
6697,43.74787139892578
6698,61.03544235229492
6699,62.329612731933594
6700,48.03269958496094
6701,61.65810012817383
6702,38.70003890991211
6703,68.2311019897461
6704,63.3350830078125
6705,68.2938461303711
6706,51.84428405761719
6707,48.825321197509766
6708,56.18552780151367
6709,47.083133697509766
6710,88.5698013305664
6711,61.579532623291016
6712,49.25471878051758
6713,49.075355529785156
6714,64.63731384277344
6715,44.09047317504883
6716,49.48980712890625
6717,68.03311157226562
6718,78.3360824584961
6719,56.659671783447266
6720,69.32072448730469
6721,73.28134155273438
6722,58.61080551147461
6723,89.66670989990234
6724,73.7137680053711
6725,43.74814224243164
6726,61.03529739379883
6727,62.32858657836914
6728,48.03293991088867
6729,61.65807342529297
6730,38.69925308227539
6731,68.2313003540039
6732,63.3366584777832
6733,68.29427337646484
6734,51.843868255615234
6735,48.82346725463867
6736,56.1853141784668
6737,47.0830192565918
6738,88.56915283203125
6739,61.57929992675781
6740,49.25419998168945
6741,49.07499313354492
6742,64.63680267333984
6743,44.09080123901367
6744,49.48947525024414
6745,68.03333282470703
6746,78.33673858642578
6747,56.65964889526367
6748,69.32067108154297
6749,73.28038024902344
6750,58.6114616394043
6751,89.66671752929688
6752,73.71432495117188
6753,43.748416900634766
6754,61.03515625
6755,62.32754898071289
6756,48.03315353393555
6757,61.65803527832031
6758,38.69845962524414
6759,68.23151397705078
6760,63.3382682800293
6761,68.29473876953125
6762,51.84346389770508
6763,48.821632385253906
6764,56.185123443603516
6765,47.08291244506836
6766,88.56848907470703
6767,61.57904815673828
6768,49.2536506652832
6769,49.07462692260742
6770,64.63624572753906
6771,44.09113693237305
6772,49.48917770385742
6773,68.0335693359375
6774,78.3374252319336
6775,56.65961837768555
6776,69.3206558227539
6777,73.27942657470703
6778,58.612064361572266
6779,89.66674041748047
6780,73.7148666381836
6781,43.74870300292969
6782,61.035030364990234
6783,62.326534271240234
6784,48.03335952758789
6785,61.658016204833984
6786,38.69765853881836
6787,68.23173522949219
6788,63.339874267578125
6789,68.29518127441406
6790,51.843074798583984
6791,48.81977081298828
6792,56.18490219116211
6793,47.08278274536133
6794,88.56781768798828
6795,61.57878875732422
6796,49.25309371948242
6797,49.07425308227539
6798,64.63575744628906
6799,44.091487884521484
6800,49.48885726928711
6801,68.0338134765625
6802,78.33808135986328
6803,56.659610748291016
6804,69.32066345214844
6805,73.27845764160156
6806,58.6126823425293
6807,89.6667251586914
6808,73.71542358398438
6809,43.74898910522461
6810,61.034881591796875
6811,62.32552719116211
6812,48.03361129760742
6813,61.65799331665039
6814,38.696861267089844
6815,68.23194885253906
6816,63.34145736694336
6817,68.29566192626953
6818,51.84265899658203
6819,48.81792068481445
6820,56.1847038269043
6821,47.082645416259766
6822,88.56717681884766
6823,61.578548431396484
6824,49.252567291259766
6825,49.07388687133789
6826,64.63521575927734
6827,44.091819763183594
6828,49.48854446411133
6829,68.03404998779297
6830,78.33875274658203
6831,56.659610748291016
6832,69.32061004638672
6833,73.2774887084961
6834,58.61332321166992
6835,89.66674041748047
6836,73.7159652709961
6837,43.7492561340332
6838,61.03474807739258
6839,62.32450866699219
6840,48.03384780883789
6841,61.657962799072266
6842,38.69608688354492
6843,68.2321548461914
6844,63.34306335449219
6845,68.29613494873047
6846,51.842254638671875
6847,48.81606674194336
6848,56.18450164794922
6849,47.0825080871582
6850,88.56653594970703
6851,61.578304290771484
6852,49.252010345458984
6853,49.073516845703125
6854,64.63468170166016
6855,44.09214401245117
6856,49.48823165893555
6857,68.0342788696289
6858,78.33940887451172
6859,56.65958786010742
6860,69.32061767578125
6861,73.27654266357422
6862,58.613956451416016
6863,89.66674041748047
6864,73.71652221679688
6865,43.74953079223633
6866,61.03459548950195
6867,62.323482513427734
6868,48.03408432006836
6869,61.6579475402832
6870,38.695289611816406
6871,68.23236083984375
6872,63.34468078613281
6873,68.29656219482422
6874,51.841854095458984
6875,48.81422805786133
6876,56.184303283691406
6877,47.0823974609375
6878,88.5658950805664
6879,61.578060150146484
6880,49.251461029052734
6881,49.07313919067383
6882,64.6341323852539
6883,44.09246063232422
6884,49.48792266845703
6885,68.03450012207031
6886,78.34008026123047
6887,56.65957260131836
6888,69.32057189941406
6889,73.27558898925781
6890,58.61457443237305
6891,89.6667709350586
6892,73.71709442138672
6893,43.74980545043945
6894,61.034454345703125
6895,62.32246017456055
6896,48.034305572509766
6897,61.65792465209961
6898,38.69449996948242
6899,68.23258209228516
6900,63.34626388549805
6901,68.2970199584961
6902,51.84144973754883
6903,48.8123664855957
6904,56.18411636352539
6905,47.08226776123047
6906,88.56526947021484
6907,61.57780838012695
6908,49.250919342041016
6909,49.072776794433594
6910,64.63361358642578
6911,44.0927848815918
6912,49.487606048583984
6913,68.03473663330078
6914,78.34074401855469
6915,56.65957260131836
6916,69.32057189941406
6917,73.2746353149414
6918,58.615234375
6919,89.66678619384766
6920,73.71761322021484
6921,43.75008773803711
6922,61.03430938720703
6923,62.321414947509766
6924,48.03450393676758
6925,61.65790557861328
6926,38.69370651245117
6927,68.23278045654297
6928,63.347900390625
6929,68.2974624633789
6930,51.84104537963867
6931,48.810516357421875
6932,56.18390655517578
6933,47.08213806152344
6934,88.56462860107422
6935,61.577545166015625
6936,49.2503547668457
6937,49.072410583496094
6938,64.6330795288086
6939,44.0931396484375
6940,49.48727798461914
6941,68.03495788574219
6942,78.34142303466797
6943,56.65956497192383
6944,69.32054901123047
6945,73.27368927001953
6946,58.615840911865234
6947,89.66679382324219
6948,73.7181625366211
6949,43.750370025634766
6950,61.03416061401367
6951,62.32038497924805
6952,48.03473663330078
6953,61.65788269042969
6954,38.692909240722656
6955,68.23298645019531
6956,63.3494758605957
6957,68.29792022705078
6958,51.84064865112305
6959,48.80866622924805
6960,56.18369674682617
6961,47.08201217651367
6962,88.56400299072266
6963,61.57730484008789
6964,49.249813079833984
6965,49.0720329284668
6966,64.63253784179688
6967,44.09346008300781
6968,49.48695755004883
6969,68.0351791381836
6970,78.34209442138672
6971,56.659549713134766
6972,69.32051849365234
6973,73.2727279663086
6974,58.61648178100586
6975,89.66678619384766
6976,73.71873474121094
6977,43.750648498535156
6978,61.03403091430664
6979,62.31937026977539
6980,48.03496170043945
6981,61.65785598754883
6982,38.692115783691406
6983,68.23320770263672
6984,63.351097106933594
6985,68.2983627319336
6986,51.840267181396484
6987,48.80680465698242
6988,56.18352127075195
6989,47.0818977355957
6990,88.56334686279297
6991,61.57707595825195
6992,49.249263763427734
6993,49.071678161621094
6994,64.63204193115234
6995,44.09377670288086
6996,49.48665237426758
6997,68.0354232788086
6998,78.3427505493164
6999,56.659542083740234
7000,69.32049560546875
7001,73.27178955078125
7002,58.617122650146484
7003,89.66680145263672
7004,73.7192611694336
7005,43.75093078613281
7006,61.03388214111328
7007,62.318328857421875
7008,48.03519821166992
7009,61.65782928466797
7010,38.691341400146484
7011,68.2333984375
7012,63.35270309448242
7013,68.29883575439453
7014,51.839839935302734
7015,48.80495071411133
7016,56.18330001831055
7017,47.08176040649414
7018,88.56270599365234
7019,61.57681655883789
7020,49.248714447021484
7021,49.0713005065918
7022,64.6314926147461
7023,44.0941162109375
7024,49.486351013183594
7025,68.03565216064453
7026,78.3434066772461
7027,56.65953063964844
7028,69.32049560546875
7029,73.27082061767578
7030,58.61774826049805
7031,89.66681671142578
7032,73.7198257446289
7033,43.751197814941406
7034,61.033756256103516
7035,62.31730651855469
7036,48.0354118347168
7037,61.65782165527344
7038,38.6905403137207
7039,68.2336196899414
7040,63.35426712036133
7041,68.2992935180664
7042,51.83946228027344
7043,48.803104400634766
7044,56.183101654052734
7045,47.0816535949707
7046,88.56205749511719
7047,61.57656478881836
7048,49.248172760009766
7049,49.0709228515625
7050,64.63097381591797
7051,44.094425201416016
7052,49.48604202270508
7053,68.035888671875
7054,78.3440933227539
7055,56.65949630737305
7056,69.32047271728516
7057,73.26986694335938
7058,58.61837387084961
7059,89.66680145263672
7060,73.72038269042969
7061,43.7514762878418
7062,61.033626556396484
7063,62.31630325317383
7064,48.03565216064453
7065,61.657772064208984
7066,38.689754486083984
7067,68.23383331298828
7068,63.355899810791016
7069,68.29975891113281
7070,51.83905792236328
7071,48.80125045776367
7072,56.18291091918945
7073,47.08152770996094
7074,88.5614242553711
7075,61.57631301879883
7076,49.24763107299805
7077,49.070560455322266
7078,64.63043975830078
7079,44.09477615356445
7080,49.48572540283203
7081,68.03611755371094
7082,78.34473419189453
7083,56.659507751464844
7084,69.3204574584961
7085,73.26892852783203
7086,58.6190071105957
7087,89.66680145263672
7088,73.72090911865234
7089,43.75175857543945
7090,61.03347396850586
7091,62.315277099609375
7092,48.03586959838867
7093,61.65774917602539
7094,38.688968658447266
7095,68.2340316772461
7096,63.35749435424805
7097,68.30020904541016
7098,51.83864974975586
7099,48.79941940307617
7100,56.18270492553711
7101,47.081398010253906
7102,88.56076049804688
7103,61.57606887817383
7104,49.2470817565918
7105,49.070194244384766
7106,64.62994384765625
7107,44.095115661621094
7108,49.485416412353516
7109,68.03633880615234
7110,78.34542083740234
7111,56.65947341918945
7112,69.32044219970703
7113,73.2679672241211
7114,58.61963653564453
7115,89.66682434082031
7116,73.72147369384766
7117,43.75204086303711
7118,61.03335189819336
7119,62.31425476074219
7120,48.03609085083008
7121,61.65773391723633
7122,38.68817901611328
7123,68.23426055908203
7124,63.359073638916016
7125,68.3006591796875
7126,51.8382568359375
7127,48.79756546020508
7128,56.182491302490234
7129,47.08127975463867
7130,88.56014251708984
7131,61.5758171081543
7132,49.24654769897461
7133,49.069828033447266
7134,64.62940216064453
7135,44.095428466796875
7136,49.48509979248047
7137,68.03656768798828
7138,78.3460922241211
7139,56.65945816040039
7140,69.3204116821289
7141,73.26702117919922
7142,58.62028121948242
7143,89.6668472290039
7144,73.72201538085938
7145,43.752323150634766
7146,61.033203125
7147,62.313228607177734
7148,48.03631591796875
7149,61.657718658447266
7150,38.687381744384766
7151,68.2344741821289
7152,63.36070251464844
7153,68.30108642578125
7154,51.837860107421875
7155,48.79570388793945
7156,56.182308197021484
7157,47.08115768432617
7158,88.55948638916016
7159,61.5755729675293
7160,49.24600601196289
7161,49.069461822509766
7162,64.62887573242188
7163,44.09574890136719
7164,49.48478317260742
7165,68.03678894042969
7166,78.34676361083984
7167,56.65945053100586
7168,69.32038879394531
7169,73.26606750488281
7170,58.62089920043945
7171,89.66686248779297
7172,73.72256469726562
7173,43.75261306762695
7174,61.03306579589844
7175,62.312198638916016
7176,48.03654861450195
7177,61.6577033996582
7178,38.68660354614258
7179,68.23466491699219
7180,63.36228561401367
7181,68.30155181884766
7182,51.83746337890625
7183,48.793861389160156
7184,56.18210983276367
7185,47.08102035522461
7186,88.5588607788086
7187,61.57534408569336
7188,49.24542999267578
7189,49.069095611572266
7190,64.62833404541016
7191,44.09608459472656
7192,49.484474182128906
7193,68.03701782226562
7194,78.3474349975586
7195,56.65946578979492
7196,69.32034301757812
7197,73.26512908935547
7198,58.62153244018555
7199,89.6668701171875
7200,73.72314453125
7201,43.752864837646484
7202,61.03292465209961
7203,62.31117630004883
7204,48.0367546081543
7205,61.65768051147461
7206,38.6858024597168
7207,68.23487854003906
7208,63.36391830444336
7209,68.302001953125
7210,51.83706283569336
7211,48.79202651977539
7212,56.18193054199219
7213,47.08089828491211
7214,88.55821228027344
7215,61.5750846862793
7216,49.244869232177734
7217,49.068721771240234
7218,64.62779235839844
7219,44.09640884399414
7220,49.48414993286133
7221,68.03724670410156
7222,78.34807586669922
7223,56.65945816040039
7224,69.3203353881836
7225,73.2641830444336
7226,58.62215805053711
7227,89.66690063476562
7228,73.72364044189453
7229,43.753150939941406
7230,61.03279113769531
7231,62.31014633178711
7232,48.03696823120117
7233,61.65766525268555
7234,38.685001373291016
7235,68.23506927490234
7236,63.36550521850586
7237,68.3024673461914
7238,51.83663558959961
7239,48.7901725769043
7240,56.18172073364258
7241,47.08078384399414
7242,88.5575942993164
7243,61.57484817504883
7244,49.24432373046875
7245,49.06837463378906
7246,64.62728118896484
7247,44.09674072265625
7248,49.48383331298828
7249,68.03748321533203
7250,78.3487777709961
7251,56.659454345703125
7252,69.32034301757812
7253,73.26322174072266
7254,58.622798919677734
7255,89.66690063476562
7256,73.72420501708984
7257,43.753421783447266
7258,61.03263473510742
7259,62.30911636352539
7260,48.03721237182617
7261,61.65764617919922
7262,38.68421936035156
7263,68.23529052734375
7264,63.36709213256836
7265,68.30289459228516
7266,51.836246490478516
7267,48.788326263427734
7268,56.181522369384766
7269,47.08065414428711
7270,88.55695343017578
7271,61.57460021972656
7272,49.243770599365234
7273,49.06801223754883
7274,64.62676239013672
7275,44.097068786621094
7276,49.4835319519043
7277,68.03771209716797
7278,78.34941864013672
7279,56.6594352722168
7280,69.32032012939453
7281,73.26227569580078
7282,58.62343978881836
7283,89.66692352294922
7284,73.72476196289062
7285,43.75370788574219
7286,61.03249740600586
7287,62.308109283447266
7288,48.03742980957031
7289,61.65761184692383
7290,38.68342208862305
7291,68.2354965209961
7292,63.36870193481445
7293,68.30335235595703
7294,51.835845947265625
7295,48.78647232055664
7296,56.181331634521484
7297,47.080535888671875
7298,88.5562973022461
7299,61.5743522644043
7300,49.24323654174805
7301,49.06763458251953
7302,64.62622833251953
7303,44.0974235534668
7304,49.483211517333984
7305,68.0379409790039
7306,78.35009002685547
7307,56.6594123840332
7308,69.32028198242188
7309,73.26132202148438
7310,58.62405014038086
7311,89.66693878173828
7312,73.72530364990234
7313,43.75398635864258
7314,61.0323600769043
7315,62.30707931518555
7316,48.03764724731445
7317,61.657588958740234
7318,38.68264389038086
7319,68.23572540283203
7320,63.370304107666016
7321,68.3038330078125
7322,51.835426330566406
7323,48.784637451171875
7324,56.181121826171875
7325,47.08041763305664
7326,88.55565643310547
7327,61.5740966796875
7328,49.242679595947266
7329,49.067264556884766
7330,64.62567901611328
7331,44.097740173339844
7332,49.482906341552734
7333,68.03816986083984
7334,78.35076141357422
7335,56.6594123840332
7336,69.32026672363281
7337,73.26038360595703
7338,58.624691009521484
7339,89.66693878173828
7340,73.7258529663086
7341,43.7542610168457
7342,61.0322151184082
7343,62.30605697631836
7344,48.03787612915039
7345,61.65757751464844
7346,38.681846618652344
7347,68.23591613769531
7348,63.371925354003906
7349,68.30428314208984
7350,51.83503723144531
7351,48.78279113769531
7352,56.180931091308594
7353,47.080291748046875
7354,88.5550308227539
7355,61.5738639831543
7356,49.24214553833008
7357,49.06691360473633
7358,64.62517547607422
7359,44.09806442260742
7360,49.48258972167969
7361,68.03839111328125
7362,78.35142517089844
7363,56.65940856933594
7364,69.32024383544922
7365,73.25945281982422
7366,58.62531661987305
7367,89.66696166992188
7368,73.72640991210938
7369,43.75454330444336
7370,61.032081604003906
7371,62.3050422668457
7372,48.03809356689453
7373,61.657554626464844
7374,38.68106460571289
7375,68.23612213134766
7376,63.37350845336914
7377,68.30472564697266
7378,51.834632873535156
7379,48.780941009521484
7380,56.18071365356445
7381,47.080169677734375
7382,88.55441284179688
7383,61.5736198425293
7384,49.24156951904297
7385,49.06654739379883
7386,64.62464141845703
7387,44.098384857177734
7388,49.48226547241211
7389,68.03862762451172
7390,78.35208129882812
7391,56.65939712524414
7392,69.3202133178711
7393,73.25849151611328
7394,58.6259765625
7395,89.66698455810547
7396,73.72694396972656
7397,43.75481033325195
7398,61.031959533691406
7399,62.30398941040039
7400,48.03829574584961
7401,61.65754318237305
7402,38.680267333984375
7403,68.23631286621094
7404,63.37514877319336
7405,68.30516815185547
7406,51.83424758911133
7407,48.77910232543945
7408,56.180511474609375
7409,47.080047607421875
7410,88.55376434326172
7411,61.5733757019043
7412,49.24100875854492
7413,49.0661735534668
7414,64.6241226196289
7415,44.09870529174805
7416,49.48195266723633
7417,68.03885650634766
7418,78.35277557373047
7419,56.65939712524414
7420,69.3201904296875
7421,73.25756072998047
7422,58.6265983581543
7423,89.66700744628906
7424,73.72749328613281
7425,43.75510025024414
7426,61.031795501708984
7427,62.30295944213867
7428,48.038516998291016
7429,61.657535552978516
7430,38.67948532104492
7431,68.23651885986328
7432,63.3767204284668
7433,68.30562591552734
7434,51.8338508605957
7435,48.777252197265625
7436,56.18033981323242
7437,47.07992935180664
7438,88.55313873291016
7439,61.57312774658203
7440,49.24046325683594
7441,49.06581497192383
7442,64.62357330322266
7443,44.099037170410156
7444,49.48163986206055
7445,68.0390853881836
7446,78.35344696044922
7447,56.65939712524414
7448,69.3201675415039
7449,73.25662231445312
7450,58.62724304199219
7451,89.6670150756836
7452,73.7280502319336
7453,43.75536346435547
7454,61.03167724609375
7455,62.301918029785156
7456,48.03873062133789
7457,61.657527923583984
7458,38.678680419921875
7459,68.23673248291016
7460,63.37834548950195
7461,68.30606079101562
7462,51.83344650268555
7463,48.77541732788086
7464,56.18013381958008
7465,47.07981872558594
7466,88.55250549316406
7467,61.572879791259766
7468,49.23990249633789
7469,49.065433502197266
7470,64.623046875
7471,44.0993766784668
7472,49.4813232421875
7473,68.039306640625
7474,78.35408782958984
7475,56.6594123840332
7476,69.32013702392578
7477,73.25569152832031
7478,58.627872467041016
7479,89.66707611083984
7480,73.72859954833984
7481,43.75564193725586
7482,61.03154373168945
7483,62.3008918762207
7484,48.038944244384766
7485,61.65749740600586
7486,38.67787551879883
7487,68.23693084716797
7488,63.37991714477539
7489,68.3065185546875
7490,51.83305740356445
7491,48.77354431152344
7492,56.1799430847168
7493,47.079681396484375
7494,88.5519027709961
7495,61.57263946533203
7496,49.23933792114258
7497,49.06507110595703
7498,64.6225357055664
7499,44.09967803955078
7500,49.48098373413086
7501,68.03953552246094
7502,78.35478973388672
7503,56.659423828125
7504,69.32012176513672
7505,73.2547378540039
7506,58.628509521484375
7507,89.6670913696289
7508,73.7291030883789
7509,43.755916595458984
7510,61.03139877319336
7511,62.29986572265625
7512,48.039154052734375
7513,61.6574821472168
7514,38.67709732055664
7515,68.23712921142578
7516,63.38154983520508
7517,68.3069839477539
7518,51.83266830444336
7519,48.7717170715332
7520,56.179752349853516
7521,47.07957458496094
7522,88.55127716064453
7523,61.572391510009766
7524,49.238765716552734
7525,49.06471633911133
7526,64.62202453613281
7527,44.099998474121094
7528,49.48067092895508
7529,68.03977966308594
7530,78.35543060302734
7531,56.659400939941406
7532,69.32007598876953
7533,73.25379180908203
7534,58.62914276123047
7535,89.66712188720703
7536,73.72969818115234
7537,43.756187438964844
7538,61.031253814697266
7539,62.29880905151367
7540,48.039363861083984
7541,61.657474517822266
7542,38.67630386352539
7543,68.23733520507812
7544,63.38314437866211
7545,68.30740356445312
7546,51.83225631713867
7547,48.76986312866211
7548,56.17955780029297
7549,47.07944107055664
7550,88.5506362915039
7551,61.57216262817383
7552,49.23823928833008
7553,49.064361572265625
7554,64.62146759033203
7555,44.100337982177734
7556,49.4803581237793
7557,68.04000091552734
7558,78.35613250732422
7559,56.65939712524414
7560,69.320068359375
7561,73.25286102294922
7562,58.62980270385742
7563,89.6671142578125
7564,73.730224609375
7565,43.75645446777344
7566,61.031124114990234
7567,62.29778289794922
7568,48.039588928222656
7569,61.65744400024414
7570,38.675498962402344
7571,68.2375259399414
7572,63.38475036621094
7573,68.30786895751953
7574,51.83185958862305
7575,48.768001556396484
7576,56.17936325073242
7577,47.07931900024414
7578,88.55001831054688
7579,61.57191848754883
7580,49.237667083740234
7581,49.0639762878418
7582,64.62095642089844
7583,44.10068130493164
7584,49.48002624511719
7585,68.04021453857422
7586,78.3567886352539
7587,56.65941619873047
7588,69.32005310058594
7589,73.25189971923828
7590,58.63044357299805
7591,89.66714477539062
7592,73.73079681396484
7593,43.756752014160156
7594,61.03098678588867
7595,62.296756744384766
7596,48.0398063659668
7597,61.65742874145508
7598,38.67470932006836
7599,68.23773956298828
7600,63.386383056640625
7601,68.30831146240234
7602,51.83145523071289
7603,48.76617431640625
7604,56.17915725708008
7605,47.07918930053711
7606,88.54940032958984
7607,61.571685791015625
7608,49.23711395263672
7609,49.06361770629883
7610,64.62042999267578
7611,44.10099411010742
7612,49.479705810546875
7613,68.04044342041016
7614,78.3574447631836
7615,56.659400939941406
7616,69.32003021240234
7617,73.25099182128906
7618,58.63107681274414
7619,89.66719818115234
7620,73.73133087158203
7621,43.757022857666016
7622,61.03084182739258
7623,62.295719146728516
7624,48.040008544921875
7625,61.65742492675781
7626,38.673912048339844
7627,68.23792266845703
7628,63.38796615600586
7629,68.30878448486328
7630,51.8310432434082
7631,48.76432418823242
7632,56.178958892822266
7633,47.07908248901367
7634,88.54874420166016
7635,61.57143783569336
7636,49.23655700683594
7637,49.063262939453125
7638,64.61991882324219
7639,44.10133743286133
7640,49.47940444946289
7641,68.04067993164062
7642,78.35812377929688
7643,56.65940475463867
7644,69.32000732421875
7645,73.25005340576172
7646,58.63170623779297
7647,89.66718292236328
7648,73.73188781738281
7649,43.757301330566406
7650,61.03070068359375
7651,62.29469299316406
7652,48.040260314941406
7653,61.65742874145508
7654,38.67313003540039
7655,68.23815155029297
7656,63.38957214355469
7657,68.30921173095703
7658,51.83066940307617
7659,48.76248550415039
7660,56.17877960205078
7661,47.0789680480957
7662,88.5481185913086
7663,61.571205139160156
7664,49.23600387573242
7665,49.06289291381836
7666,64.61937713623047
7667,44.10163879394531
7668,49.47908401489258
7669,68.04090118408203
7670,78.35880279541016
7671,56.65938949584961
7672,69.31998443603516
7673,73.24909973144531
7674,58.632320404052734
7675,89.66719055175781
7676,73.73242950439453
7677,43.7575798034668
7678,61.03056716918945
7679,62.29368209838867
7680,48.04047775268555
7681,61.65736770629883
7682,38.6723518371582
7683,68.23837280273438
7684,63.391170501708984
7685,68.30970001220703
7686,51.830257415771484
7687,48.76065444946289
7688,56.178585052490234
7689,47.07883071899414
7690,88.54747772216797
7691,61.570945739746094
7692,49.23545455932617
7693,49.06254196166992
7694,64.61884307861328
7695,44.101993560791016
7696,49.47878646850586
7697,68.04113006591797
7698,78.35943603515625
7699,56.659400939941406
7700,69.31995391845703
7701,73.2481460571289
7702,58.63300704956055
7703,89.66724395751953
7704,73.73296356201172
7705,43.757850646972656
7706,61.03041458129883
7707,62.29263687133789
7708,48.04068374633789
7709,61.657371520996094
7710,38.67155075073242
7711,68.23853302001953
7712,63.392784118652344
7713,68.31015014648438
7714,51.82986068725586
7715,48.7588005065918
7716,56.17839050292969
7717,47.07872772216797
7718,88.546875
7719,61.57069396972656
7720,49.23489761352539
7721,49.062164306640625
7722,64.61833190917969
7723,44.10231018066406
7724,49.47843933105469
7725,68.0413589477539
7726,78.3601303100586
7727,56.65940475463867
7728,69.31993865966797
7729,73.24720764160156
7730,58.63361740112305
7731,89.66725158691406
7732,73.73351287841797
7733,43.75813674926758
7734,61.03030776977539
7735,62.291622161865234
7736,48.040897369384766
7737,61.65734100341797
7738,38.6707649230957
7739,68.2387466430664
7740,63.39439392089844
7741,68.31057739257812
7742,51.82947540283203
7743,48.75697708129883
7744,56.17819595336914
7745,47.07859420776367
7746,88.54624938964844
7747,61.57048416137695
7748,49.23432540893555
7749,49.06180191040039
7750,64.61780548095703
7751,44.10263442993164
7752,49.47813415527344
7753,68.04157257080078
7754,78.36078643798828
7755,56.65940475463867
7756,69.3199234008789
7757,73.24629974365234
7758,58.63425827026367
7759,89.66730499267578
7760,73.73406219482422
7761,43.75840377807617
7762,61.0301628112793
7763,62.290584564208984
7764,48.041072845458984
7765,61.657352447509766
7766,38.66998291015625
7767,68.23894500732422
7768,63.395973205566406
7769,68.3110122680664
7770,51.82905197143555
7771,48.755130767822266
7772,56.17799377441406
7773,47.07847213745117
7774,88.5456314086914
7775,61.57021713256836
7776,49.23377227783203
7777,49.06145095825195
7778,64.6172866821289
7779,44.102962493896484
7780,49.477806091308594
7781,68.04179382324219
7782,78.3614501953125
7783,56.65939712524414
7784,69.31987762451172
7785,73.24535369873047
7786,58.6348762512207
7787,89.66728973388672
7788,73.73461151123047
7789,43.75869369506836
7790,61.03001022338867
7791,62.289546966552734
7792,48.04130935668945
7793,61.657325744628906
7794,38.66920852661133
7795,68.2391357421875
7796,63.39759826660156
7797,68.31147766113281
7798,51.828670501708984
7799,48.75332260131836
7800,56.17780303955078
7801,47.0783576965332
7802,88.54500579833984
7803,61.56998062133789
7804,49.233238220214844
7805,49.06107711791992
7806,64.61676788330078
7807,44.1032600402832
7808,49.47748947143555
7809,68.04204559326172
7810,78.36211395263672
7811,56.65938949584961
7812,69.31986999511719
7813,73.24439239501953
7814,58.63551330566406
7815,89.66732025146484
7816,73.73515319824219
7817,43.75896453857422
7818,61.02988052368164
7819,62.288551330566406
7820,48.04154968261719
7821,61.657291412353516
7822,38.66841506958008
7823,68.23934173583984
7824,63.399166107177734
7825,68.3119125366211
7826,51.82828903198242
7827,48.7514762878418
7828,56.1776008605957
7829,47.078243255615234
7830,88.54436492919922
7831,61.56975173950195
7832,49.23269271850586
7833,49.06072998046875
7834,64.61624908447266
7835,44.10360336303711
7836,49.47718811035156
7837,68.04226684570312
7838,78.3627700805664
7839,56.65937042236328
7840,69.31986236572266
7841,73.24347686767578
7842,58.636138916015625
7843,89.66734313964844
7844,73.7356948852539
7845,43.75922775268555
7846,61.02974319458008
7847,62.287567138671875
7848,48.04178237915039
7849,61.657283782958984
7850,38.66764450073242
7851,68.23957061767578
7852,63.4007568359375
7853,68.31237030029297
7854,51.827877044677734
7855,48.749637603759766
7856,56.177425384521484
7857,47.07811737060547
7858,88.54373168945312
7859,61.56949234008789
7860,49.2321662902832
7861,49.060359954833984
7862,64.61571502685547
7863,44.103939056396484
7864,49.47689437866211
7865,68.04248809814453
7866,78.36344146728516
7867,56.65934753417969
7868,69.31981658935547
7869,73.24251556396484
7870,58.63675308227539
7871,89.6673355102539
7872,73.73624420166016
7873,43.759525299072266
7874,61.02962112426758
7875,62.286529541015625
7876,48.0420036315918
7877,61.65725326538086
7878,38.666866302490234
7879,68.2397689819336
7880,63.40231704711914
7881,68.31282806396484
7882,51.82749557495117
7883,48.74782943725586
7884,56.17721939086914
7885,47.07797622680664
7886,88.54307556152344
7887,61.56924057006836
7888,49.23163604736328
7889,49.06001663208008
7890,64.61519622802734
7891,44.10428237915039
7892,49.476585388183594
7893,68.04271697998047
7894,78.36408233642578
7895,56.65932846069336
7896,69.31981658935547
7897,73.2415771484375
7898,58.63737487792969
7899,89.66731262207031
7900,73.73678588867188
7901,43.759796142578125
7902,61.02946090698242
7903,62.285552978515625
7904,48.0422248840332
7905,61.6572265625
7906,38.66609573364258
7907,68.23998260498047
7908,63.40391159057617
7909,68.31328582763672
7910,51.82710647583008
7911,48.74600601196289
7912,56.177024841308594
7913,47.077880859375
7914,88.54244995117188
7915,61.56899642944336
7916,49.23112106323242
7917,49.059627532958984
7918,64.61468505859375
7919,44.10459899902344
7920,49.47628402709961
7921,68.04297637939453
7922,78.36475372314453
7923,56.65929412841797
7924,69.3198013305664
7925,73.24063110351562
7926,58.637996673583984
7927,89.66732788085938
7928,73.73737335205078
7929,43.760074615478516
7930,61.02932357788086
7931,62.284542083740234
7932,48.04248809814453
7933,61.65720748901367
7934,38.66533279418945
7935,68.24022674560547
7936,63.40549087524414
7937,68.31372833251953
7938,51.82669448852539
7939,48.74419021606445
7940,56.17683029174805
7941,47.077754974365234
7942,88.5417709350586
7943,61.56875228881836
7944,49.230587005615234
7945,49.059268951416016
7946,64.61414337158203
7947,44.10491943359375
7948,49.47599792480469
7949,68.04318237304688
7950,78.36540985107422
7951,56.659297943115234
7952,69.31980895996094
7953,73.23968505859375
7954,58.63862228393555
7955,89.6673355102539
7956,73.7378921508789
7957,43.76036071777344
7958,61.02920913696289
7959,62.2835578918457
7960,48.042728424072266
7961,61.65718460083008
7962,38.66457748413086
7963,68.24042510986328
7964,63.40707015991211
7965,68.31419372558594
7966,51.82632827758789
7967,48.742366790771484
7968,56.176639556884766
7969,47.077613830566406
7970,88.54114532470703
7971,61.56850814819336
7972,49.23005294799805
7973,49.05891036987305
7974,64.61361694335938
7975,44.1052360534668
7976,49.4756965637207
7977,68.04341125488281
7978,78.36605834960938
7979,56.65928649902344
7980,69.31977844238281
7981,73.2387466430664
7982,58.63923263549805
7983,89.66735076904297
7984,73.73844909667969
7985,43.760616302490234
7986,61.0290641784668
7987,62.28254318237305
7988,48.042930603027344
7989,61.65714645385742
7990,38.6638069152832
7991,68.24063873291016
7992,63.40864181518555
7993,68.31463623046875
7994,51.82591247558594
7995,48.740535736083984
7996,56.176429748535156
7997,47.07748794555664
7998,88.5405044555664
7999,61.5682487487793
8000,49.229530334472656
8001,49.058536529541016
8002,64.61311340332031
8003,44.10555648803711
8004,49.47539138793945
8005,68.04366302490234
8006,78.36670684814453
8007,56.65927505493164
8008,69.31977081298828
8009,73.23780059814453
8010,58.639862060546875
8011,89.6673583984375
8012,73.73899841308594
8013,43.760902404785156
8014,61.028934478759766
8015,62.28154373168945
8016,48.043155670166016
8017,61.65713119506836
8018,38.66303253173828
8019,68.24082946777344
8020,63.41023254394531
8021,68.31509399414062
8022,51.82551956176758
8023,48.73873519897461
8024,56.17623519897461
8025,47.07737350463867
8026,88.53987121582031
8027,61.56801223754883
8028,49.229000091552734
8029,49.05818557739258
8030,64.61258697509766
8031,44.10590744018555
8032,49.4750862121582
8033,68.04388427734375
8034,78.36737823486328
8035,56.65924835205078
8036,69.31974792480469
8037,73.23686981201172
8038,58.64048385620117
8039,89.66734313964844
8040,73.73954772949219
8041,43.76118850708008
8042,61.02878952026367
8043,62.28055191040039
8044,48.04338073730469
8045,61.65711975097656
8046,38.66226577758789
8047,68.24103546142578
8048,63.41178894042969
8049,68.31554412841797
8050,51.82512283325195
8051,48.736900329589844
8052,56.17604446411133
8053,47.07725524902344
8054,88.53925323486328
8055,61.56776809692383
8056,49.228450775146484
8057,49.05783462524414
8058,64.61205291748047
8059,44.10623550415039
8060,49.47477340698242
8061,68.04410552978516
8062,78.36803436279297
8063,56.65925216674805
8064,69.3197250366211
8065,73.2359390258789
8066,58.641109466552734
8067,89.6673812866211
8068,73.74009704589844
8069,43.76145553588867
8070,61.02864074707031
8071,62.2795524597168
8072,48.04359817504883
8073,61.65709686279297
8074,38.6614875793457
8075,68.24124908447266
8076,63.41337585449219
8077,68.31599426269531
8078,51.82474899291992
8079,48.73508834838867
8080,56.17586898803711
8081,47.0771369934082
8082,88.53861236572266
8083,61.56752014160156
8084,49.227909088134766
8085,49.057456970214844
8086,64.61151885986328
8087,44.1065559387207
8088,49.47446823120117
8089,68.04434204101562
8090,78.3686752319336
8091,56.659236907958984
8092,69.3197250366211
8093,73.2350082397461
8094,58.641727447509766
8095,89.66740417480469
8096,73.7406234741211
8097,43.76172637939453
8098,61.02852249145508
8099,62.27854537963867
8100,48.0438117980957
8101,61.65707778930664
8102,38.66071319580078
8103,68.24143981933594
8104,63.41494369506836
8105,68.31643676757812
8106,51.824344635009766
8107,48.733280181884766
8108,56.1756706237793
8109,47.077022552490234
8110,88.53797912597656
8111,61.56728744506836
8112,49.22737503051758
8113,49.05710983276367
8114,64.61103057861328
8115,44.106868743896484
8116,49.47416305541992
8117,68.04454803466797
8118,78.36933135986328
8119,56.65922927856445
8120,69.3197250366211
8121,73.23407745361328
8122,58.64235305786133
8123,89.66742706298828
8124,73.74114227294922
8125,43.76200485229492
8126,61.02839279174805
8127,62.27753829956055
8128,48.04402542114258
8129,61.65706253051758
8130,38.65995407104492
8131,68.24164581298828
8132,63.41653823852539
8133,68.31688690185547
8134,51.82395935058594
8135,48.731475830078125
8136,56.175479888916016
8137,47.076908111572266
8138,88.53738403320312
8139,61.56705093383789
8140,49.22682571411133
8141,49.0567512512207
8142,64.61051177978516
8143,44.107208251953125
8144,49.473854064941406
8145,68.04478454589844
8146,78.36998748779297
8147,56.65921401977539
8148,69.31969451904297
8149,73.233154296875
8150,58.64296340942383
8151,89.66741180419922
8152,73.74170684814453
8153,43.76228332519531
8154,61.02824783325195
8155,62.27652359008789
8156,48.044254302978516
8157,61.65703582763672
8158,38.659183502197266
8159,68.24185180664062
8160,63.4181022644043
8161,68.31732940673828
8162,51.82358169555664
8163,48.72966766357422
8164,56.17526626586914
8165,47.0767707824707
8166,88.53673553466797
8167,61.566802978515625
8168,49.226314544677734
8169,49.056392669677734
8170,64.61002349853516
8171,44.107521057128906
8172,49.473567962646484
8173,68.0450210571289
8174,78.37064361572266
8175,56.659183502197266
8176,69.31967163085938
8177,73.23221588134766
8178,58.64357376098633
8179,89.66741180419922
8180,73.74225616455078
8181,43.76255798339844
8182,61.02811050415039
8183,62.27553176879883
8184,48.04448318481445
8185,61.657020568847656
8186,38.658424377441406
8187,68.24207305908203
8188,63.419654846191406
8189,68.31780242919922
8190,51.82320785522461
8191,48.72787094116211
8192,56.17508316040039
8193,47.076656341552734
8194,88.53608703613281
8195,61.566558837890625
8196,49.22579574584961
8197,49.0560417175293
8198,64.6094741821289
8199,44.10787582397461
8200,49.4732780456543
8201,68.04524230957031
8202,78.37128448486328
8203,56.659175872802734
8204,69.31964111328125
8205,73.23128509521484
8206,58.64419174194336
8207,89.66744232177734
8208,73.74279022216797
8209,43.762840270996094
8210,61.0279655456543
8211,62.2745475769043
8212,48.044734954833984
8213,61.65699005126953
8214,38.65767288208008
8215,68.24227905273438
8216,63.42121887207031
8217,68.31822967529297
8218,51.822818756103516
8219,48.72606658935547
8220,56.17488479614258
8221,47.076534271240234
8222,88.53545379638672
8223,61.56631851196289
8224,49.22529220581055
8225,49.05568313598633
8226,64.60899353027344
8227,44.10818099975586
8228,49.47297286987305
8229,68.04546356201172
8230,78.3719253540039
8231,56.65916061401367
8232,69.31963348388672
8233,73.23033905029297
8234,58.644805908203125
8235,89.66741943359375
8236,73.74335479736328
8237,43.76311111450195
8238,61.02785110473633
8239,62.273555755615234
8240,48.04496765136719
8241,61.65696334838867
8242,38.656925201416016
8243,68.24250030517578
8244,63.42277908325195
8245,68.3187026977539
8246,51.822391510009766
8247,48.72426986694336
8248,56.17469024658203
8249,47.076419830322266
8250,88.53482055664062
8251,61.56607437133789
8252,49.22475814819336
8253,49.0553092956543
8254,64.60844421386719
8255,44.1085090637207
8256,49.47269821166992
8257,68.04572296142578
8258,78.37259674072266
8259,56.65913772583008
8260,69.31966400146484
8261,73.22938537597656
8262,58.64542007446289
8263,89.66741943359375
8264,73.74390411376953
8265,43.76339340209961
8266,61.027713775634766
8267,62.272586822509766
8268,48.04519271850586
8269,61.656917572021484
8270,38.65616226196289
8271,68.2426986694336
8272,63.42436981201172
8273,68.31912994384766
8274,51.822025299072266
8275,48.722450256347656
8276,56.17451858520508
8277,47.0762825012207
8278,88.53417205810547
8279,61.56583023071289
8280,49.2242546081543
8281,49.054954528808594
8282,64.60794830322266
8283,44.10883331298828
8284,49.47239303588867
8285,68.04595184326172
8286,78.37323760986328
8287,56.65909957885742
8288,69.31963348388672
8289,73.22845458984375
8290,58.64603042602539
8291,89.66741943359375
8292,73.74442291259766
8293,43.763675689697266
8294,61.0275764465332
8295,62.2716064453125
8296,48.045433044433594
8297,61.65690231323242
8298,38.65541458129883
8299,68.242919921875
8300,63.42588424682617
8301,68.3196029663086
8302,51.821651458740234
8303,48.72066879272461
8304,56.174293518066406
8305,47.07616424560547
8306,88.53353881835938
8307,61.56557846069336
8308,49.22373962402344
8309,49.054603576660156
8310,64.607421875
8311,44.10917282104492
8312,49.47211837768555
8313,68.04618072509766
8314,78.37389373779297
8315,56.659095764160156
8316,69.31961822509766
8317,73.2275161743164
8318,58.646644592285156
8319,89.66742706298828
8320,73.74498748779297
8321,43.76395034790039
8322,61.02742385864258
8323,62.27060317993164
8324,48.04566192626953
8325,61.65690231323242
8326,38.654659271240234
8327,68.24311828613281
8328,63.42746353149414
8329,68.32006072998047
8330,51.82124710083008
8331,48.7188606262207
8332,56.17411422729492
8333,47.0760383605957
8334,88.53287506103516
8335,61.565338134765625
8336,49.22323226928711
8337,49.05424118041992
8338,64.6069107055664
8339,44.109500885009766
8340,49.47181701660156
8341,68.0464096069336
8342,78.37451934814453
8343,56.659061431884766
8344,69.31963348388672
8345,73.2265853881836
8346,58.64725875854492
8347,89.66741943359375
8348,73.74553680419922
8349,43.76422119140625
8350,61.02729797363281
8351,62.2696418762207
8352,48.045902252197266
8353,61.6568717956543
8354,38.653892517089844
8355,68.24335479736328
8356,63.42898941040039
8357,68.32048034667969
8358,51.820865631103516
8359,48.717071533203125
8360,56.173912048339844
8361,47.0759162902832
8362,88.53226470947266
8363,61.56510543823242
8364,49.22270965576172
8365,49.05388259887695
8366,64.60639190673828
8367,44.109825134277344
8368,49.47153091430664
8369,68.04663848876953
8370,78.37519836425781
8371,56.6590461730957
8372,69.3196029663086
8373,73.22563934326172
8374,58.647865295410156
8375,89.66741943359375
8376,73.7460708618164
8377,43.76449966430664
8378,61.027164459228516
8379,62.2686653137207
8380,48.046138763427734
8381,61.65684127807617
8382,38.653141021728516
8383,68.2435531616211
8384,63.43059539794922
8385,68.32096099853516
8386,51.82048034667969
8387,48.715274810791016
8388,56.17372512817383
8389,47.0757942199707
8390,88.53162384033203
8391,61.564842224121094
8392,49.222198486328125
8393,49.053524017333984
8394,64.60587310791016
8395,44.11014175415039
8396,49.47122573852539
8397,68.04685974121094
8398,78.37586212158203
8399,56.659034729003906
8400,69.31958770751953
8401,73.22470092773438
8402,58.64847183227539
8403,89.66740417480469
8404,73.74662017822266
8405,43.76478958129883
8406,61.02702331542969
8407,62.2676887512207
8408,48.0463752746582
8409,61.65681838989258
8410,38.652400970458984
8411,68.24378204345703
8412,63.4321403503418
8413,68.3214111328125
8414,51.82010269165039
8415,48.71348190307617
8416,56.17353439331055
8417,47.075687408447266
8418,88.53096771240234
8419,61.56460189819336
8420,49.22170639038086
8421,49.05317306518555
8422,64.60536193847656
8423,44.11049270629883
8424,49.470943450927734
8425,68.04710388183594
8426,78.3764877319336
8427,56.65898513793945
8428,69.31954956054688
8429,73.2237777709961
8430,58.64907455444336
8431,89.66741180419922
8432,73.74715423583984
8433,43.765052795410156
8434,61.02688980102539
8435,62.266700744628906
8436,48.046607971191406
8437,61.656776428222656
8438,38.6516227722168
8439,68.2439956665039
8440,63.4337043762207
8441,68.3218765258789
8442,51.819705963134766
8443,48.711673736572266
8444,56.173336029052734
8445,47.07554244995117
8446,88.53034210205078
8447,61.56435012817383
8448,49.22117614746094
8449,49.05281066894531
8450,64.60484313964844
8451,44.11081314086914
8452,49.470664978027344
8453,68.04733276367188
8454,78.37712860107422
8455,56.65897750854492
8456,69.31958770751953
8457,73.22283172607422
8458,58.64967346191406
8459,89.66741180419922
8460,73.74771881103516
8461,43.76533508300781
8462,61.02676773071289
8463,62.26572036743164
8464,48.04684066772461
8465,61.65673828125
8466,38.6508903503418
8467,68.24420928955078
8468,63.435245513916016
8469,68.32233428955078
8470,51.81930923461914
8471,48.70988082885742
8472,56.173152923583984
8473,47.07542037963867
8474,88.52970886230469
8475,61.56410598754883
8476,49.22066116333008
8477,49.05246353149414
8478,64.60432434082031
8479,44.11113357543945
8480,49.470375061035156
8481,68.04756927490234
8482,78.3777847290039
8483,56.65895462036133
8484,69.31957244873047
8485,73.22189331054688
8486,58.65028762817383
8487,89.66738891601562
8488,73.7482681274414
8489,43.76560592651367
8490,61.02661895751953
8491,62.26476287841797
8492,48.04708480834961
8493,61.656734466552734
8494,38.650142669677734
8495,68.24441528320312
8496,63.43681716918945
8497,68.32276153564453
8498,51.81894302368164
8499,48.70808029174805
8500,56.172943115234375
8501,47.07529830932617
8502,88.529052734375
8503,61.5638427734375
8504,49.22016525268555
8505,49.05208969116211
8506,64.60379791259766
8507,44.1114616394043
8508,49.470069885253906
8509,68.04779815673828
8510,78.37842559814453
8511,56.658939361572266
8512,69.31957244873047
8513,73.2209701538086
8514,58.65091323852539
8515,89.6673812866211
8516,73.7488021850586
8517,43.765892028808594
8518,61.02649688720703
8519,62.26374435424805
8520,48.04730987548828
8521,61.6567268371582
8522,38.64937210083008
8523,68.24462127685547
8524,63.43836212158203
8525,68.32320404052734
8526,51.81855010986328
8527,48.706302642822266
8528,56.17275619506836
8529,47.075199127197266
8530,88.5284194946289
8531,61.56361770629883
8532,49.219635009765625
8533,49.05173873901367
8534,64.60330963134766
8535,44.11179733276367
8536,49.469783782958984
8537,68.04802703857422
8538,78.37908172607422
8539,56.658935546875
8540,69.3195571899414
8541,73.22005462646484
8542,58.65152359008789
8543,89.66744232177734
8544,73.74934387207031
8545,43.766151428222656
8546,61.026363372802734
8547,62.26276779174805
8548,48.04751205444336
8549,61.65668487548828
8550,38.64862060546875
8551,68.24482727050781
8552,63.43991470336914
8553,68.32363891601562
8554,51.818172454833984
8555,48.70450973510742
8556,56.17256546020508
8557,47.075077056884766
8558,88.52783966064453
8559,61.56338882446289
8560,49.219120025634766
8561,49.051387786865234
8562,64.6028060913086
8563,44.112125396728516
8564,49.46946716308594
8565,68.04826354980469
8566,78.3797378540039
8567,56.65891647338867
8568,69.31953430175781
8569,73.21912384033203
8570,58.65214157104492
8571,89.66743469238281
8572,73.74986267089844
8573,43.766422271728516
8574,61.026214599609375
8575,62.261775970458984
8576,48.0477409362793
8577,61.656673431396484
8578,38.647857666015625
8579,68.2450180053711
8580,63.441497802734375
8581,68.3240966796875
8582,51.81779098510742
8583,48.70272445678711
8584,56.17237091064453
8585,47.07495880126953
8586,88.5271987915039
8587,61.563140869140625
8588,49.21858596801758
8589,49.0510368347168
8590,64.6022720336914
8591,44.1124267578125
8592,49.46916580200195
8593,68.04847717285156
8594,78.3803939819336
8595,56.65888977050781
8596,69.31952667236328
8597,73.21822357177734
8598,58.652767181396484
8599,89.6674575805664
8600,73.75039672851562
8601,43.76669692993164
8602,61.02608871459961
8603,62.260780334472656
8604,48.04794692993164
8605,61.65665817260742
8606,38.647090911865234
8607,68.2452392578125
8608,63.44304656982422
8609,68.32451629638672
8610,51.8173942565918
8611,48.700950622558594
8612,56.17219924926758
8613,47.0748405456543
8614,88.52660369873047
8615,61.562923431396484
8616,49.21803665161133
8617,49.050697326660156
8618,64.6017837524414
8619,44.11274337768555
8620,49.4688720703125
8621,68.04871368408203
8622,78.3810043334961
8623,56.65890121459961
8624,69.31948852539062
8625,73.21733093261719
8626,58.653377532958984
8627,89.66749572753906
8628,73.75096893310547
8629,43.7669677734375
8630,61.02596664428711
8631,62.25979232788086
8632,48.048160552978516
8633,61.65666580200195
8634,38.6463508605957
8635,68.24540710449219
8636,63.4445915222168
8637,68.3249740600586
8638,51.817012786865234
8639,48.699153900146484
8640,56.172000885009766
8641,47.07473373413086
8642,88.52599334716797
8643,61.56268310546875
8644,49.217498779296875
8645,49.05033874511719
8646,64.60127258300781
8647,44.11307907104492
8648,49.46855545043945
8649,68.04893493652344
8650,78.38167572021484
8651,56.65891647338867
8652,69.31946563720703
8653,73.21638488769531
8654,58.653987884521484
8655,89.66748046875
8656,73.75149536132812
8657,43.76725769042969
8658,61.02582550048828
8659,62.258785247802734
8660,48.04837417602539
8661,61.65663528442383
8662,38.64555740356445
8663,68.24561309814453
8664,63.44614028930664
8665,68.3254165649414
8666,51.816646575927734
8667,48.69738006591797
8668,56.17182540893555
8669,47.07462692260742
8670,88.525390625
8671,61.56245040893555
8672,49.216976165771484
8673,49.04999542236328
8674,64.60076904296875
8675,44.11337661743164
8676,49.4682502746582
8677,68.04913330078125
8678,78.38231658935547
8679,56.65890884399414
8680,69.3194580078125
8681,73.2154769897461
8682,58.65461349487305
8683,89.66754913330078
8684,73.75202941894531
8685,43.76751708984375
8686,61.02569580078125
8687,62.25778579711914
8688,48.048580169677734
8689,61.656620025634766
8690,38.64481735229492
8691,68.24580383300781
8692,63.44773483276367
8693,68.32586669921875
8694,51.816261291503906
8695,48.69559097290039
8696,56.17163848876953
8697,47.07450485229492
8698,88.52477264404297
8699,61.56220245361328
8700,49.21643829345703
8701,49.04963302612305
8702,64.60025787353516
8703,44.11370849609375
8704,49.467979431152344
8705,68.04935455322266
8706,78.3829574584961
8707,56.65892791748047
8708,69.31942749023438
8709,73.21456909179688
8710,58.655250549316406
8711,89.66753387451172
8712,73.75255584716797
8713,43.767784118652344
8714,61.025569915771484
8715,62.256778717041016
8716,48.04878616333008
8717,61.6566047668457
8718,38.644039154052734
8719,68.2459945678711
8720,63.44926834106445
8721,68.32628631591797
8722,51.81586837768555
8723,48.69380569458008
8724,56.17145919799805
8725,47.07438278198242
8726,88.52416229248047
8727,61.56198501586914
8728,49.215904235839844
8729,49.04928970336914
8730,64.59973907470703
8731,44.1140251159668
8732,49.46764373779297
8733,68.04957580566406
8734,78.38362884521484
8735,56.65890884399414
8736,69.31941986083984
8737,73.21366119384766
8738,58.65585708618164
8739,89.66757202148438
8740,73.75309753417969
8741,43.76804733276367
8742,61.02542495727539
8743,62.25580978393555
8744,48.04899978637695
8745,61.6566047668457
8746,38.64328384399414
8747,68.24616241455078
8748,63.450870513916016
8749,68.32674407958984
8750,51.81548309326172
8751,48.692020416259766
8752,56.171268463134766
8753,47.07426071166992
8754,88.52355194091797
8755,61.56174850463867
8756,49.215335845947266
8757,49.048946380615234
8758,64.5992431640625
8759,44.114322662353516
8760,49.46735382080078
8761,68.0498046875
8762,78.38426208496094
8763,56.65890884399414
8764,69.31940460205078
8765,73.21276092529297
8766,58.6564826965332
8767,89.66759490966797
8768,73.75362396240234
8769,43.768314361572266
8770,61.02531051635742
8771,62.25479507446289
8772,48.04918670654297
8773,61.65659713745117
8774,38.64252853393555
8775,68.2463607788086
8776,63.4524040222168
8777,68.32716369628906
8778,51.81511306762695
8779,48.69023132324219
8780,56.17110061645508
8781,47.07414627075195
8782,88.52293395996094
8783,61.56151580810547
8784,49.214813232421875
8785,49.0485954284668
8786,64.5987319946289
8787,44.11465072631836
8788,49.467037200927734
8789,68.05003356933594
8790,78.38492584228516
8791,56.65891647338867
8792,69.31938171386719
8793,73.21186065673828
8794,58.65709686279297
8795,89.66764068603516
8796,73.75415802001953
8797,43.768592834472656
8798,61.02517318725586
8799,62.253787994384766
8800,48.04940414428711
8801,61.65658187866211
8802,38.64176559448242
8803,68.2465591430664
8804,63.453983306884766
8805,68.3276138305664
8806,51.81471633911133
8807,48.68845748901367
8808,56.170902252197266
8809,47.074031829833984
8810,88.5223617553711
8811,61.561279296875
8812,49.2142448425293
8813,49.048221588134766
8814,64.59819793701172
8815,44.1149787902832
8816,49.46674346923828
8817,68.05025482177734
8818,78.38556671142578
8819,56.6589241027832
8820,69.31935119628906
8821,73.2109375
8822,58.657737731933594
8823,89.66767120361328
8824,73.75469970703125
8825,43.76887130737305
8826,61.0250358581543
8827,62.25279235839844
8828,48.04961013793945
8829,61.656551361083984
8830,38.64100646972656
8831,68.24674224853516
8832,63.4555549621582
8833,68.32804107666016
8834,51.8143310546875
8835,48.68665313720703
8836,56.170711517333984
8837,47.073936462402344
8838,88.52173614501953
8839,61.561058044433594
8840,49.213714599609375
8841,49.04790115356445
8842,64.5976791381836
8843,44.115272521972656
8844,49.466426849365234
8845,68.05048370361328
8846,78.3862075805664
8847,56.65891647338867
8848,69.31932067871094
8849,73.21002960205078
8850,58.65834426879883
8851,89.66765594482422
8852,73.7552261352539
8853,43.76913833618164
8854,61.024906158447266
8855,62.251800537109375
8856,48.049808502197266
8857,61.65657043457031
8858,38.64024353027344
8859,68.24695587158203
8860,63.45710372924805
8861,68.32848358154297
8862,51.813961029052734
8863,48.684879302978516
8864,56.1705436706543
8865,47.07381820678711
8866,88.52117156982422
8867,61.56081008911133
8868,49.21318435668945
8869,49.04753494262695
8870,64.59719848632812
8871,44.115596771240234
8872,49.466121673583984
8873,68.0506820678711
8874,78.3868637084961
8875,56.65890884399414
8876,69.3193130493164
8877,73.2091293334961
8878,58.65895462036133
8879,89.6677017211914
8880,73.7557601928711
8881,43.7694091796875
8882,61.02477264404297
8883,62.25078582763672
8884,48.05001449584961
8885,61.65654754638672
8886,38.639495849609375
8887,68.24713897705078
8888,63.45866394042969
8889,68.32894134521484
8890,51.81356430053711
8891,48.68308639526367
8892,56.17033386230469
8893,47.07369613647461
8894,88.52054595947266
8895,61.56059646606445
8896,49.21266555786133
8897,49.04719924926758
8898,64.5967025756836
8899,44.11591339111328
8900,49.46583938598633
8901,68.05091094970703
8902,78.38751983642578
8903,56.65890121459961
8904,69.31932830810547
8905,73.20821380615234
8906,58.659568786621094
8907,89.66771697998047
8908,73.75631713867188
8909,43.769676208496094
8910,61.02463150024414
8911,62.24980545043945
8912,48.05025100708008
8913,61.65654754638672
8914,38.638729095458984
8915,68.2473373413086
8916,63.46022033691406
8917,68.32935333251953
8918,51.813175201416016
8919,48.68130874633789
8920,56.1701545715332
8921,47.073577880859375
8922,88.5199203491211
8923,61.56032943725586
8924,49.212127685546875
8925,49.04683303833008
8926,64.59619903564453
8927,44.116268157958984
8928,49.46552658081055
8929,68.05113983154297
8930,78.3881607055664
8931,56.65890121459961
8932,69.31928253173828
8933,73.20732116699219
8934,58.66019058227539
8935,89.66771697998047
8936,73.75685119628906
8937,43.76994705200195
8938,61.02451705932617
8939,62.24882888793945
8940,48.05046081542969
8941,61.65650939941406
8942,38.63797378540039
8943,68.2475357055664
8944,63.4618034362793
8945,68.3298110961914
8946,51.812801361083984
8947,48.6795539855957
8948,56.169979095458984
8949,47.07345962524414
8950,88.51927185058594
8951,61.56010055541992
8952,49.21162796020508
8953,49.04646682739258
8954,64.5956802368164
8955,44.116580963134766
8956,49.46523666381836
8957,68.05138397216797
8958,78.38880157470703
8959,56.65889358520508
8960,69.31926727294922
8961,73.20639038085938
8962,58.66081619262695
8963,89.66776275634766
8964,73.75738525390625
8965,43.77022933959961
8966,61.02438735961914
8967,62.24782943725586
8968,48.05068588256836
8969,61.65650939941406
8970,38.6372184753418
8971,68.24773406982422
8972,63.46333694458008
8973,68.33024597167969
8974,51.81241989135742
8975,48.677764892578125
8976,56.16979217529297
8977,47.07334518432617
8978,88.51868438720703
8979,61.55986404418945
8980,49.21110153198242
8981,49.0461311340332
8982,64.5951919555664
8983,44.11687469482422
8984,49.46493911743164
8985,68.05159759521484
8986,78.38945007324219
8987,56.658878326416016
8988,69.31924438476562
8989,73.20548248291016
8990,58.66140365600586
8991,89.66775512695312
8992,73.75790405273438
8993,43.77049255371094
8994,61.02425003051758
8995,62.246864318847656
8996,48.05089569091797
8997,61.6564826965332
8998,38.63645935058594
8999,68.2479476928711
9000,63.46489715576172
9001,68.33068084716797
9002,51.81204605102539
9003,48.675968170166016
9004,56.169612884521484
9005,47.073219299316406
9006,88.51806640625
9007,61.559627532958984
9008,49.21057891845703
9009,49.045780181884766
9010,64.59466552734375
9011,44.11723709106445
9012,49.46464157104492
9013,68.05181121826172
9014,78.39009857177734
9015,56.658878326416016
9016,69.31925201416016
9017,73.20455169677734
9018,58.662044525146484
9019,89.66777801513672
9020,73.75843048095703
9021,43.770755767822266
9022,61.02409744262695
9023,62.245872497558594
9024,48.05112838745117
9025,61.65647506713867
9026,38.63570022583008
9027,68.24811553955078
9028,63.46644973754883
9029,68.3311538696289
9030,51.811668395996094
9031,48.67420196533203
9032,56.169429779052734
9033,47.0731086730957
9034,88.51744842529297
9035,61.55939483642578
9036,49.21005630493164
9037,49.04542922973633
9038,64.59415435791016
9039,44.11751937866211
9040,49.46434783935547
9041,68.05203247070312
9042,78.3907241821289
9043,56.65886306762695
9044,69.31922149658203
9045,73.20366668701172
9046,58.66264724731445
9047,89.66779327392578
9048,73.75897979736328
9049,43.77104568481445
9050,61.023983001708984
9051,62.244876861572266
9052,48.05134963989258
9053,61.65645980834961
9054,38.63496017456055
9055,68.24832916259766
9056,63.468021392822266
9057,68.3315658569336
9058,51.811275482177734
9059,48.672428131103516
9060,56.16923141479492
9061,47.072994232177734
9062,88.51683807373047
9063,61.55916213989258
9064,49.20949935913086
9065,49.04507827758789
9066,64.5936508178711
9067,44.117855072021484
9068,49.46403884887695
9069,68.05225372314453
9070,78.39138793945312
9071,56.65886688232422
9072,69.3191909790039
9073,73.20275115966797
9074,58.663265228271484
9075,89.66783905029297
9076,73.75955200195312
9077,43.77131271362305
9078,61.02385330200195
9079,62.243900299072266
9080,48.05155944824219
9081,61.65644836425781
9082,38.63420486450195
9083,68.24852752685547
9084,63.469573974609375
9085,68.3320083618164
9086,51.810909271240234
9087,48.67063522338867
9088,56.1690559387207
9089,47.0728759765625
9090,88.5162582397461
9091,61.558921813964844
9092,49.208980560302734
9093,49.04473114013672
9094,64.5931167602539
9095,44.11817169189453
9096,49.463741302490234
9097,68.05249786376953
9098,78.39203643798828
9099,56.65886688232422
9100,69.3191909790039
9101,73.20183563232422
9102,58.66387939453125
9103,89.66783905029297
9104,73.76004791259766
9105,43.771568298339844
9106,61.02371597290039
9107,62.24289321899414
9108,48.051761627197266
9109,61.65645217895508
9110,38.6334342956543
9111,68.24872589111328
9112,63.471134185791016
9113,68.33245849609375
9114,51.81052780151367
9115,48.66887283325195
9116,56.16887664794922
9117,47.072757720947266
9118,88.51561737060547
9119,61.55868911743164
9120,49.20844650268555
9121,49.04439926147461
9122,64.5926284790039
9123,44.11848831176758
9124,49.463436126708984
9125,68.0527114868164
9126,78.3926773071289
9127,56.65885925292969
9128,69.31916046142578
9129,73.20093536376953
9130,58.66452407836914
9131,89.6678695678711
9132,73.7605972290039
9133,43.77185821533203
9134,61.02357864379883
9135,62.241905212402344
9136,48.051971435546875
9137,61.656436920166016
9138,38.63270568847656
9139,68.24891662597656
9140,63.47267150878906
9141,68.3328857421875
9142,51.81013488769531
9143,48.66707992553711
9144,56.16867446899414
9145,47.0726432800293
9146,88.5150375366211
9147,61.5584716796875
9148,49.2078971862793
9149,49.044029235839844
9150,64.59212493896484
9151,44.118812561035156
9152,49.463138580322266
9153,68.05291748046875
9154,78.3933334350586
9155,56.65884780883789
9156,69.31916046142578
9157,73.20001983642578
9158,58.66511154174805
9159,89.66788482666016
9160,73.76112365722656
9161,43.772117614746094
9162,61.02345657348633
9163,62.24090576171875
9164,48.05218505859375
9165,61.656410217285156
9166,38.631954193115234
9167,68.2491226196289
9168,63.47426223754883
9169,68.33332061767578
9170,51.809757232666016
9171,48.665306091308594
9172,56.16850662231445
9173,47.07253646850586
9174,88.51441192626953
9175,61.5582275390625
9176,49.20737838745117
9177,49.0436897277832
9178,64.59162902832031
9179,44.119140625
9180,49.46283721923828
9181,68.05315399169922
9182,78.39397430419922
9183,56.658870697021484
9184,69.31913757324219
9185,73.19913482666016
9186,58.66572952270508
9187,89.66790771484375
9188,73.76166534423828
9189,43.772403717041016
9190,61.0233268737793
9191,62.23990249633789
9192,48.05239486694336
9193,61.65640640258789
9194,38.63118362426758
9195,68.24930572509766
9196,63.47579574584961
9197,68.33378601074219
9198,51.80935287475586
9199,48.66352844238281
9200,56.16830825805664
9201,47.072410583496094
9202,88.51380157470703
9203,61.55799865722656
9204,49.206844329833984
9205,49.043331146240234
9206,64.59111785888672
9207,44.11945343017578
9208,49.4625358581543
9209,68.05338287353516
9210,78.39460754394531
9211,56.65886306762695
9212,69.31909942626953
9213,73.1982192993164
9214,58.66636276245117
9215,89.66793060302734
9216,73.76219940185547
9217,43.77265930175781
9218,61.02321243286133
9219,62.23892593383789
9220,48.0526237487793
9221,61.65639114379883
9222,38.63044357299805
9223,68.24949645996094
9224,63.477352142333984
9225,68.3342056274414
9226,51.80898666381836
9227,48.66175079345703
9228,56.16812515258789
9229,47.07230758666992
9230,88.5132064819336
9231,61.55776596069336
9232,49.20632553100586
9233,49.04299545288086
9234,64.59060668945312
9235,44.11977767944336
9236,49.46223831176758
9237,68.0535888671875
9238,78.39527130126953
9239,56.65885543823242
9240,69.31909942626953
9241,73.19731140136719
9242,58.66697311401367
9243,89.66796112060547
9244,73.76272583007812
9245,43.7729377746582
9246,61.0230712890625
9247,62.23794937133789
9248,48.05281448364258
9249,61.656368255615234
9250,38.62968063354492
9251,68.24971771240234
9252,63.478946685791016
9253,68.33463287353516
9254,51.80860137939453
9255,48.659976959228516
9256,56.167938232421875
9257,47.07218551635742
9258,88.5125961303711
9259,61.557533264160156
9260,49.2057991027832
9261,49.042640686035156
9262,64.59011840820312
9263,44.120086669921875
9264,49.461936950683594
9265,68.05381774902344
9266,78.39591217041016
9267,56.658878326416016
9268,69.3190689086914
9269,73.1964111328125
9270,58.66758346557617
9271,89.6679916381836
9272,73.76326751708984
9273,43.77321243286133
9274,61.0229377746582
9275,62.2369499206543
9276,48.05303192138672
9277,61.6563606262207
9278,38.62893295288086
9279,68.24989318847656
9280,63.48048782348633
9281,68.33509063720703
9282,51.808223724365234
9283,48.65819549560547
9284,56.16777420043945
9285,47.072086334228516
9286,88.5119857788086
9287,61.55730056762695
9288,49.205257415771484
9289,49.042301177978516
9290,64.589599609375
9291,44.12041091918945
9292,49.46164321899414
9293,68.0540542602539
9294,78.39654541015625
9295,56.65885543823242
9296,69.319091796875
9297,73.19548797607422
9298,58.66819381713867
9299,89.66801452636719
9300,73.76380157470703
9301,43.77347946166992
9302,61.02280044555664
9303,62.235958099365234
9304,48.05324935913086
9305,61.65634536743164
9306,38.628170013427734
9307,68.25008392333984
9308,63.482017517089844
9309,68.33553314208984
9310,51.80784225463867
9311,48.656436920166016
9312,56.16758346557617
9313,47.071956634521484
9314,88.51140594482422
9315,61.55707550048828
9316,49.204715728759766
9317,49.041934967041016
9318,64.58909606933594
9319,44.120723724365234
9320,49.46134948730469
9321,68.05428314208984
9322,78.3971939086914
9323,56.65885543823242
9324,69.31903839111328
9325,73.19459533691406
9326,58.668827056884766
9327,89.66803741455078
9328,73.76435089111328
9329,43.77376937866211
9330,61.02267837524414
9331,62.2349739074707
9332,48.0534553527832
9333,61.65629196166992
9334,38.62741470336914
9335,68.25028228759766
9336,63.483604431152344
9337,68.33594512939453
9338,51.80748748779297
9339,48.65465545654297
9340,56.167415618896484
9341,47.07184982299805
9342,88.51077270507812
9343,61.55683898925781
9344,49.20420837402344
9345,49.04159164428711
9346,64.58858489990234
9347,44.12104415893555
9348,49.4610481262207
9349,68.05449676513672
9350,78.39785766601562
9351,56.65886306762695
9352,69.31900787353516
9353,73.19368743896484
9354,58.669437408447266
9355,89.66805267333984
9356,73.764892578125
9357,43.774024963378906
9358,61.02253723144531
9359,62.233978271484375
9360,48.053680419921875
9361,61.65633010864258
9362,38.62667465209961
9363,68.25045013427734
9364,63.485145568847656
9365,68.33638763427734
9366,51.80707931518555
9367,48.65288162231445
9368,56.1672248840332
9369,47.07172775268555
9370,88.51016235351562
9371,61.55659866333008
9372,49.203670501708984
9373,49.0412483215332
9374,64.58808898925781
9375,44.12137985229492
9376,49.46074295043945
9377,68.05472564697266
9378,78.39849090576172
9379,56.65886306762695
9380,69.31902313232422
9381,73.19275665283203
9382,58.67006301879883
9383,89.66808319091797
9384,73.7654037475586
9385,43.7742919921875
9386,61.02241134643555
9387,62.232994079589844
9388,48.05386734008789
9389,61.65632247924805
9390,38.62590026855469
9391,68.25066375732422
9392,63.48670196533203
9393,68.33684539794922
9394,51.80672836303711
9395,48.651119232177734
9396,56.16704177856445
9397,47.07162094116211
9398,88.50958251953125
9399,61.55637741088867
9400,49.203121185302734
9401,49.04092025756836
9402,64.58757781982422
9403,44.121681213378906
9404,49.46043014526367
9405,68.054931640625
9406,78.39913177490234
9407,56.658870697021484
9408,69.3189468383789
9409,73.19187927246094
9410,58.670677185058594
9411,89.66810607910156
9412,73.76593780517578
9413,43.774574279785156
9414,61.02228927612305
9415,62.231990814208984
9416,48.05408477783203
9417,61.656314849853516
9418,38.62514877319336
9419,68.25082397460938
9420,63.48826217651367
9421,68.33726501464844
9422,51.806331634521484
9423,48.64934539794922
9424,56.1668586730957
9425,47.071510314941406
9426,88.50899505615234
9427,61.55613708496094
9428,49.202571868896484
9429,49.040550231933594
9430,64.58706665039062
9431,44.12199401855469
9432,49.46012496948242
9433,68.0551528930664
9434,78.39979553222656
9435,56.65886306762695
9436,69.31897735595703
9437,73.19099426269531
9438,58.67130661010742
9439,89.66814422607422
9440,73.76648712158203
9441,43.77482986450195
9442,61.02216720581055
9443,62.23098373413086
9444,48.054264068603516
9445,61.656307220458984
9446,38.624393463134766
9447,68.25102996826172
9448,63.48982238769531
9449,68.33769989013672
9450,51.80595779418945
9451,48.6475715637207
9452,56.166683197021484
9453,47.0713996887207
9454,88.5084228515625
9455,61.55592346191406
9456,49.202030181884766
9457,49.040218353271484
9458,64.5865707397461
9459,44.122310638427734
9460,49.45981979370117
9461,68.05536651611328
9462,78.40042114257812
9463,56.65888595581055
9464,69.3189468383789
9465,73.19009399414062
9466,58.671939849853516
9467,89.66819763183594
9468,73.76698303222656
9469,43.77511215209961
9470,61.02202606201172
9471,62.2299690246582
9472,48.054447174072266
9473,61.656307220458984
9474,38.62361145019531
9475,68.25117492675781
9476,63.491397857666016
9477,68.338134765625
9478,51.80556106567383
9479,48.64580154418945
9480,56.166500091552734
9481,47.071285247802734
9482,88.50784301757812
9483,61.55570602416992
9484,49.20145034790039
9485,49.03986358642578
9486,64.5860824584961
9487,44.12261962890625
9488,49.45949172973633
9489,68.05559539794922
9490,78.40106964111328
9491,56.65891647338867
9492,69.31891632080078
9493,73.189208984375
9494,58.672550201416016
9495,89.66825103759766
9496,73.76752471923828
9497,43.77537155151367
9498,61.02190017700195
9499,62.22895812988281
9500,48.05465316772461
9501,61.65632247924805
9502,38.62285232543945
9503,68.25138092041016
9504,63.492984771728516
9505,68.33855438232422
9506,51.80520248413086
9507,48.6440315246582
9508,56.166316986083984
9509,47.07118606567383
9510,88.50724029541016
9511,61.55546951293945
9512,49.200897216796875
9513,49.0395393371582
9514,64.58557891845703
9515,44.12295150756836
9516,49.45919418334961
9517,68.0558090209961
9518,78.40172576904297
9519,56.65891647338867
9520,69.31888580322266
9521,73.18832397460938
9522,58.67316818237305
9523,89.66826629638672
9524,73.7680435180664
9525,43.775634765625
9526,61.02177810668945
9527,62.22795486450195
9528,48.05483627319336
9529,61.65629577636719
9530,38.622093200683594
9531,68.25153350830078
9532,63.49452209472656
9533,68.33898162841797
9534,51.80480194091797
9535,48.642269134521484
9536,56.166160583496094
9537,47.07107162475586
9538,88.50667572021484
9539,61.55525588989258
9540,49.20035934448242
9541,49.039188385009766
9542,64.5850601196289
9543,44.12324523925781
9544,49.4588737487793
9545,68.05602264404297
9546,78.4023666381836
9547,56.65891647338867
9548,69.3188705444336
9549,73.18743133544922
9550,58.67380905151367
9551,89.6683120727539
9552,73.7685775756836
9553,43.77590560913086
9554,61.02165222167969
9555,62.22695541381836
9556,48.055057525634766
9557,61.65629959106445
9558,38.62135314941406
9559,68.25172424316406
9560,63.496070861816406
9561,68.33940887451172
9562,51.8044319152832
9563,48.6404914855957
9564,56.16597366333008
9565,47.07094955444336
9566,88.50606536865234
9567,61.55502700805664
9568,49.199825286865234
9569,49.03883743286133
9570,64.5845718383789
9571,44.1235466003418
9572,49.45857620239258
9573,68.05622863769531
9574,78.40300750732422
9575,56.6589241027832
9576,69.3188705444336
9577,73.18653869628906
9578,58.67442321777344
9579,89.66837310791016
9580,73.76911163330078
9581,43.77617645263672
9582,61.02150344848633
9583,62.22597885131836
9584,48.05524826049805
9585,61.65629196166992
9586,38.62057876586914
9587,68.25189971923828
9588,63.49766159057617
9589,68.33985137939453
9590,51.804039001464844
9591,48.63872146606445
9592,56.16579818725586
9593,47.07082748413086
9594,88.50547790527344
9595,61.5547981262207
9596,49.19929122924805
9597,49.03850173950195
9598,64.58406829833984
9599,44.123878479003906
9600,49.45829391479492
9601,68.05644989013672
9602,78.4036636352539
9603,56.658935546875
9604,69.31884002685547
9605,73.18563079833984
9606,58.675048828125
9607,89.6683578491211
9608,73.7696533203125
9609,43.77643966674805
9610,61.02137756347656
9611,62.2249641418457
9612,48.05545425415039
9613,61.65626907348633
9614,38.61983871459961
9615,68.2520980834961
9616,63.49921417236328
9617,68.34027862548828
9618,51.80367660522461
9619,48.63694763183594
9620,56.165611267089844
9621,47.07072830200195
9622,88.50489044189453
9623,61.55458450317383
9624,49.19874572753906
9625,49.03816604614258
9626,64.58356475830078
9627,44.12419128417969
9628,49.45798110961914
9629,68.05667877197266
9630,78.40428924560547
9631,56.6589469909668
9632,69.31880187988281
9633,73.18473052978516
9634,58.6756477355957
9635,89.66840362548828
9636,73.77017974853516
9637,43.776710510253906
9638,61.0212516784668
9639,62.223968505859375
9640,48.0556526184082
9641,61.65627670288086
9642,38.61906433105469
9643,68.2522964477539
9644,63.50075149536133
9645,68.34068298339844
9646,51.803287506103516
9647,48.635189056396484
9648,56.16543960571289
9649,47.070613861083984
9650,88.50431060791016
9651,61.55434799194336
9652,49.19820022583008
9653,49.03781509399414
9654,64.58306121826172
9655,44.12451171875
9656,49.45764923095703
9657,68.056884765625
9658,78.40496063232422
9659,56.65895462036133
9660,69.31877899169922
9661,73.18385314941406
9662,58.67629623413086
9663,89.6684341430664
9664,73.77071380615234
9665,43.776981353759766
9666,61.02113723754883
9667,62.222965240478516
9668,48.05584716796875
9669,61.65626907348633
9670,38.61832809448242
9671,68.2524642944336
9672,63.50232696533203
9673,68.34114837646484
9674,51.802940368652344
9675,48.633445739746094
9676,56.1652717590332
9677,47.070499420166016
9678,88.50370788574219
9679,61.55411911010742
9680,49.19765853881836
9681,49.0374755859375
9682,64.5825424194336
9683,44.12482833862305
9684,49.457359313964844
9685,68.0571060180664
9686,78.40559387207031
9687,56.65895462036133
9688,69.3187484741211
9689,73.18296813964844
9690,58.676910400390625
9691,89.66847229003906
9692,73.77124786376953
9693,43.77725601196289
9694,61.02100372314453
9695,62.22197723388672
9696,48.056053161621094
9697,61.65627670288086
9698,38.6175651550293
9699,68.25264739990234
9700,63.503875732421875
9701,68.34156799316406
9702,51.80252456665039
9703,48.63165283203125
9704,56.165096282958984
9705,47.07040786743164
9706,88.50310516357422
9707,61.553897857666016
9708,49.19710159301758
9709,49.03712844848633
9710,64.5820541381836
9711,44.1251220703125
9712,49.45705032348633
9713,68.05733489990234
9714,78.40624237060547
9715,56.65897750854492
9716,69.3187484741211
9717,73.18208312988281
9718,58.67754364013672
9719,89.66853332519531
9720,73.77177429199219
9721,43.77751159667969
9722,61.0208625793457
9723,62.22096633911133
9724,48.05624008178711
9725,61.6562614440918
9726,38.616817474365234
9727,68.2528305053711
9728,63.50544357299805
9729,68.34198760986328
9730,51.80216598510742
9731,48.6298942565918
9732,56.16490173339844
9733,47.070289611816406
9734,88.50254821777344
9735,61.553680419921875
9736,49.1965446472168
9737,49.03679275512695
9738,64.58155059814453
9739,44.125431060791016
9740,49.45673370361328
9741,68.05754852294922
9742,78.40687561035156
9743,56.65898132324219
9744,69.3187026977539
9745,73.18118286132812
9746,58.67815017700195
9747,89.66856384277344
9748,73.77229309082031
9749,43.77779769897461
9750,61.020748138427734
9751,62.219974517822266
9752,48.05643081665039
9753,61.6562614440918
9754,38.61605453491211
9755,68.25298309326172
9756,63.50703048706055
9757,68.34242248535156
9758,51.80178451538086
9759,48.628116607666016
9760,56.16474151611328
9761,47.07017517089844
9762,88.5019760131836
9763,61.55344772338867
9764,49.195980072021484
9765,49.036441802978516
9766,64.58104705810547
9767,44.12575912475586
9768,49.4564323425293
9769,68.0577621459961
9770,78.40752410888672
9771,56.65900421142578
9772,69.31866455078125
9773,73.18029022216797
9774,58.67878341674805
9775,89.6686019897461
9776,73.7728271484375
9777,43.77804946899414
9778,61.0206184387207
9779,62.21895217895508
9780,48.05660629272461
9781,61.656253814697266
9782,38.61527633666992
9783,68.25316619873047
9784,63.5085563659668
9785,68.34283447265625
9786,51.8014030456543
9787,48.62636184692383
9788,56.16457748413086
9789,47.070064544677734
9790,88.50139617919922
9791,61.55321502685547
9792,49.1954231262207
9793,49.03611373901367
9794,64.58055877685547
9795,44.12606430053711
9796,49.45612716674805
9797,68.05795288085938
9798,78.40816497802734
9799,56.65901565551758
9800,69.31867980957031
9801,73.17943572998047
9802,58.679412841796875
9803,89.6686782836914
9804,73.77333068847656
9805,43.778324127197266
9806,61.0204963684082
9807,62.21795654296875
9808,48.05680465698242
9809,61.656253814697266
9810,38.61454391479492
9811,68.25332641601562
9812,63.5101318359375
9813,68.34326934814453
9814,51.80103302001953
9815,48.62459945678711
9816,56.16440963745117
9817,47.06996154785156
9818,88.50081634521484
9819,61.553001403808594
9820,49.19486618041992
9821,49.035762786865234
9822,64.58004760742188
9823,44.12636947631836
9824,49.455806732177734
9825,68.05818176269531
9826,78.40882110595703
9827,56.6590461730957
9828,69.31863403320312
9829,73.17855072021484
9830,58.68003463745117
9831,89.66870880126953
9832,73.77387237548828
9833,43.7785758972168
9834,61.02036666870117
9835,62.216949462890625
9836,48.0569953918457
9837,61.656272888183594
9838,38.61378860473633
9839,68.25350189208984
9840,63.511714935302734
9841,68.34370422363281
9842,51.8006477355957
9843,48.62282943725586
9844,56.16423416137695
9845,47.06985092163086
9846,88.50023651123047
9847,61.55278396606445
9848,49.19431686401367
9849,49.03541946411133
9850,64.57955932617188
9851,44.12668991088867
9852,49.45548629760742
9853,68.05838012695312
9854,78.4094467163086
9855,56.65907287597656
9856,69.31861114501953
9857,73.17767333984375
9858,58.6806640625
9859,89.66875457763672
9860,73.77440643310547
9861,43.77885055541992
9862,61.020240783691406
9863,62.2159423828125
9864,48.05716323852539
9865,61.656280517578125
9866,38.61301040649414
9867,68.25367736816406
9868,63.51324462890625
9869,68.34412384033203
9870,51.80027389526367
9871,48.62105941772461
9872,56.164058685302734
9873,47.06973648071289
9874,88.4996566772461
9875,61.55256652832031
9876,49.19376754760742
9877,49.03507995605469
9878,64.57904052734375
9879,44.12698745727539
9880,49.45518112182617
9881,68.05860900878906
9882,78.41011047363281
9883,56.65909194946289
9884,69.3185806274414
9885,73.17679595947266
9886,58.681278228759766
9887,89.6688003540039
9888,73.77490234375
9889,43.779109954833984
9890,61.02009963989258
9891,62.21492385864258
9892,48.057369232177734
9893,61.6562614440918
9894,38.61225891113281
9895,68.25386810302734
9896,63.51483154296875
9897,68.34452056884766
9898,51.79990005493164
9899,48.61931228637695
9900,56.16388702392578
9901,47.069637298583984
9902,88.49910736083984
9903,61.55234146118164
9904,49.19318771362305
9905,49.03474426269531
9906,64.57856750488281
9907,44.1273078918457
9908,49.45485305786133
9909,68.05879974365234
9910,78.41075897216797
9911,56.65910720825195
9912,69.31854248046875
9913,73.1759262084961
9914,58.68191146850586
9915,89.6688461303711
9916,73.77545166015625
9917,43.779380798339844
9918,61.01997375488281
9919,62.213924407958984
9920,48.057559967041016
9921,61.6562614440918
9922,38.611488342285156
9923,68.2540054321289
9924,63.51638412475586
9925,68.344970703125
9926,51.79952621459961
9927,48.6175651550293
9928,56.16371536254883
9929,47.06953048706055
9930,88.49852752685547
9931,61.552127838134766
9932,49.192649841308594
9933,49.0344123840332
9934,64.57805633544922
9935,44.12760925292969
9936,49.45454025268555
9937,68.05904388427734
9938,78.4113998413086
9939,56.659122467041016
9940,69.31853485107422
9941,73.17504119873047
9942,58.682552337646484
9943,89.66889953613281
9944,73.77598571777344
9945,43.7796516418457
9946,61.019859313964844
9947,62.21291732788086
9948,48.057735443115234
9949,61.6562614440918
9950,38.61073684692383
9951,68.25418853759766
9952,63.5179557800293
9953,68.34540557861328
9954,51.79916000366211
9955,48.61578369140625
9956,56.16352844238281
9957,47.069419860839844
9958,88.49793243408203
9959,61.55190658569336
9960,49.192081451416016
9961,49.0340690612793
9962,64.57754516601562
9963,44.127933502197266
9964,49.454227447509766
9965,68.05924987792969
9966,78.41204071044922
9967,56.659141540527344
9968,69.31848907470703
9969,73.17415618896484
9970,58.68317794799805
9971,89.66895294189453
9972,73.77650451660156
9973,43.779911041259766
9974,61.01972961425781
9975,62.211917877197266
9976,48.05794906616211
9977,61.656253814697266
9978,38.609981536865234
9979,68.2543716430664
9980,63.51949691772461
9981,68.34580993652344
9982,51.79878616333008
9983,48.614036560058594
9984,56.163360595703125
9985,47.069297790527344
9986,88.49734497070312
9987,61.55168151855469
9988,49.1915397644043
9989,49.03373336791992
9990,64.57707977294922
9991,44.12822723388672
9992,49.45391845703125
9993,68.0594711303711
9994,78.4126968383789
9995,56.65915298461914
9996,69.3184814453125
9997,73.17326354980469
9998,58.68378829956055
9999,89.66901397705078
10000,73.77701568603516
10001,43.780181884765625
10002,61.01961135864258
10003,62.210899353027344
10004,48.05813980102539
10005,61.6562614440918
10006,38.60922622680664
10007,68.25454711914062
10008,63.52103042602539
10009,68.34624481201172
10010,51.79841232299805
10011,48.61227035522461
10012,56.16317367553711
10013,47.06919860839844
10014,88.49675750732422
10015,61.551448822021484
10016,49.19102478027344
10017,49.033382415771484
10018,64.57655334472656
10019,44.12855529785156
10020,49.45363998413086
10021,68.05970001220703
10022,78.4133071899414
10023,56.65915298461914
10024,69.3184585571289
10025,73.17237854003906
10026,58.68440628051758
10027,89.66899871826172
10028,73.77757263183594
10029,43.780452728271484
10030,61.019474029541016
10031,62.20994567871094
10032,48.058345794677734
10033,61.65623092651367
10034,38.60850143432617
10035,68.2547378540039
10036,63.522586822509766
10037,68.34668731689453
10038,51.798038482666016
10039,48.61051940917969
10040,56.16299057006836
10041,47.06907272338867
10042,88.49614715576172
10043,61.55122756958008
10044,49.19050979614258
10045,49.033042907714844
10046,64.57605743408203
10047,44.12886428833008
10048,49.45333480834961
10049,68.0599136352539
10050,78.41394805908203
10051,56.65914535522461
10052,69.3184585571289
10053,73.17147827148438
10054,58.684993743896484
10055,89.66901397705078
10056,73.77809143066406
10057,43.78072738647461
10058,61.019344329833984
10059,62.208980560302734
10060,48.05856704711914
10061,61.65621566772461
10062,38.607765197753906
10063,68.25495147705078
10064,63.52411651611328
10065,68.34712219238281
10066,51.797664642333984
10067,48.6087760925293
10068,56.16281509399414
10069,47.0689582824707
10070,88.49553680419922
10071,61.55096435546875
10072,49.18999099731445
10073,49.03268814086914
10074,64.57554626464844
10075,44.12919235229492
10076,49.45304489135742
10077,68.06012725830078
10078,78.41458129882812
10079,56.659156799316406
10080,69.3184585571289
10081,73.17057037353516
10082,58.68559646606445
10083,89.66902923583984
10084,73.77864837646484
10085,43.7809944152832
10086,61.019222259521484
10087,62.208045959472656
10088,48.05878829956055
10089,61.65616989135742
10090,38.60704040527344
10091,68.25516510009766
10092,63.5256462097168
10093,68.34756469726562
10094,51.79728317260742
10095,48.60701370239258
10096,56.16263961791992
10097,47.068843841552734
10098,88.49493408203125
10099,61.55074691772461
10100,49.18947982788086
10101,49.032352447509766
10102,64.5750503540039
10103,44.12950134277344
10104,49.452762603759766
10105,68.06035614013672
10106,78.41522979736328
10107,56.65911865234375
10108,69.31843566894531
10109,73.1696548461914
10110,58.68619155883789
10111,89.6690444946289
10112,73.7791748046875
10113,43.78127670288086
10114,61.019100189208984
10115,62.207061767578125
10116,48.059017181396484
10117,61.656185150146484
10118,38.606300354003906
10119,68.2553482055664
10120,63.52718734741211
10121,68.34800720214844
10122,51.79690170288086
10123,48.60525131225586
10124,56.1624641418457
10125,47.0687370300293
10126,88.49430084228516
10127,61.5505256652832
10128,49.1889762878418
10129,49.03201675415039
10130,64.57456970214844
10131,44.12984085083008
10132,49.45247268676758
10133,68.06057739257812
10134,78.4158706665039
10135,56.659114837646484
10136,69.31844329833984
10137,73.16875457763672
10138,58.686805725097656
10139,89.66905975341797
10140,73.77969360351562
10141,43.78156661987305
10142,61.01895523071289
10143,62.20607376098633
10144,48.05921936035156
10145,61.656185150146484
10146,38.6055793762207
10147,68.25553131103516
10148,63.528743743896484
10149,68.34844207763672
10150,51.79653549194336
10151,48.603492736816406
10152,56.162288665771484
10153,47.06862258911133
10154,88.49369049072266
10155,61.55030059814453
10156,49.18845748901367
10157,49.03165817260742
10158,64.57404327392578
10159,44.13014221191406
10160,49.45219802856445
10161,68.06080627441406
10162,78.41649627685547
10163,56.65910339355469
10164,69.31841278076172
10165,73.16787719726562
10166,58.68742752075195
10167,89.66910552978516
10168,73.78022766113281
10169,43.781822204589844
10170,61.01883316040039
10171,62.20509719848633
10172,48.0594367980957
10173,61.65615463256836
10174,38.60482406616211
10175,68.25572967529297
10176,63.53026580810547
10177,68.3488998413086
10178,51.79616165161133
10179,48.60175704956055
10180,56.162113189697266
10181,47.06851577758789
10182,88.49309539794922
10183,61.5500602722168
10184,49.18796920776367
10185,49.03132247924805
10186,64.57356262207031
10187,44.13045883178711
10188,49.4518928527832
10189,68.06104278564453
10190,78.4171371459961
10191,56.659114837646484
10192,69.31841278076172
10193,73.1669692993164
10194,58.68803024291992
10195,89.66910552978516
10196,73.7807846069336
10197,43.782081604003906
10198,61.01871109008789
10199,62.20415496826172
10200,48.05965805053711
10201,61.65614700317383
10202,38.60409927368164
10203,68.25593566894531
10204,63.53178787231445
10205,68.34931182861328
10206,51.79579544067383
10207,48.60002136230469
10208,56.16192626953125
10209,47.068382263183594
10210,88.49250030517578
10211,61.54983139038086
10212,49.18745422363281
10213,49.0309944152832
10214,64.57303619384766
10215,44.13079833984375
10216,49.45162582397461
10217,68.06124877929688
10218,78.41778564453125
10219,56.659095764160156
10220,69.31840515136719
10221,73.16606903076172
10222,58.68863296508789
10223,89.6690902709961
10224,73.78129577636719
10225,43.78236389160156
10226,61.01859664916992
10227,62.203163146972656
10228,48.059879302978516
10229,61.656124114990234
10230,38.60336685180664
10231,68.2561264038086
10232,63.533321380615234
10233,68.34976196289062
10234,51.79542922973633
10235,48.598270416259766
10236,56.16172409057617
10237,47.068294525146484
10238,88.49185943603516
10239,61.54957962036133
10240,49.18693161010742
10241,49.030635833740234
10242,64.57255554199219
10243,44.13108444213867
10244,49.45133590698242
10245,68.06149291992188
10246,78.41841125488281
10247,56.65907287597656
10248,69.31838989257812
10249,73.1651611328125
10250,58.68923568725586
10251,89.66912078857422
10252,73.7818374633789
10253,43.78263854980469
10254,61.0184440612793
10255,62.20222854614258
10256,48.06009292602539
10257,61.65610885620117
10258,38.602638244628906
10259,68.2563247680664
10260,63.53485870361328
10261,68.35020446777344
10262,51.79505920410156
10263,48.59650802612305
10264,56.16156005859375
10265,47.06816101074219
10266,88.49127197265625
10267,61.54935836791992
10268,49.18642807006836
10269,49.03028869628906
10270,64.57205200195312
10271,44.13142013549805
10272,49.45104217529297
10273,68.06169891357422
10274,78.4190444946289
10275,56.6590690612793
10276,69.3183822631836
10277,73.16426086425781
10278,58.689842224121094
10279,89.66912841796875
10280,73.78236389160156
10281,43.78291320800781
10282,61.018314361572266
10283,62.20124435424805
10284,48.060306549072266
10285,61.65609359741211
10286,38.60190200805664
10287,68.25652313232422
10288,63.53641128540039
10289,68.35063171386719
10290,51.794681549072266
10291,48.594764709472656
10292,56.161376953125
10293,47.06803894042969
10294,88.49066925048828
10295,61.54912185668945
10296,49.1859245300293
10297,49.02994155883789
10298,64.5715560913086
10299,44.13174819946289
10300,49.450775146484375
10301,68.06193542480469
10302,78.41968536376953
10303,56.6590461730957
10304,69.318359375
10305,73.16336822509766
10306,58.6904411315918
10307,89.66915130615234
10308,73.78290557861328
10309,43.7831916809082
10310,61.018211364746094
10311,62.20029067993164
10312,48.060550689697266
10313,61.65608215332031
10314,38.60118103027344
10315,68.25672912597656
10316,63.53791427612305
10317,68.35108184814453
10318,51.794307708740234
10319,48.593021392822266
10320,56.16120147705078
10321,47.067935943603516
10322,88.49002838134766
10323,61.548892974853516
10324,49.18543243408203
10325,49.02959060668945
10326,64.57105255126953
10327,44.13206100463867
10328,49.45048141479492
10329,68.0621566772461
10330,78.42029571533203
10331,56.65903091430664
10332,69.31839752197266
10333,73.1624526977539
10334,58.691043853759766
10335,89.66915893554688
10336,73.78343963623047
10337,43.783451080322266
10338,61.0180778503418
10339,62.19936752319336
10340,48.060794830322266
10341,61.656063079833984
10342,38.6004753112793
10343,68.2569351196289
10344,63.5394287109375
10345,68.35153198242188
10346,51.7939453125
10347,48.5912971496582
10348,56.161014556884766
10349,47.06782913208008
10350,88.48938751220703
10351,61.54864501953125
10352,49.18497085571289
10353,49.02927017211914
10354,64.570556640625
10355,44.13238525390625
10356,49.45022964477539
10357,68.06239318847656
10358,78.42095184326172
10359,56.65901565551758
10360,69.31839752197266
10361,73.1615219116211
10362,58.69163131713867
10363,89.66912841796875
10364,73.78401184082031
10365,43.78373718261719
10366,61.01792526245117
10367,62.19843673706055
10368,48.06100845336914
10369,61.656009674072266
10370,38.59976577758789
10371,68.25716400146484
10372,63.54092788696289
10373,68.35196685791016
10374,51.7935676574707
10375,48.58955001831055
10376,56.160823822021484
10377,47.067691802978516
10378,88.4887466430664
10379,61.548397064208984
10380,49.18447494506836
10381,49.028934478759766
10382,64.57006072998047
10383,44.13272476196289
10384,49.44997024536133
10385,68.06262969970703
10386,78.42156982421875
10387,56.65898513793945
10388,69.31837463378906
10389,73.1606216430664
10390,58.69221115112305
10391,89.66911315917969
10392,73.7845458984375
10393,43.78401565551758
10394,61.0178108215332
10395,62.19748306274414
10396,48.061248779296875
10397,61.65597915649414
10398,38.599037170410156
10399,68.2573471069336
10400,63.54249954223633
10401,68.35242462158203
10402,51.7932014465332
10403,48.587799072265625
10404,56.16064453125
10405,47.06758499145508
10406,88.48814392089844
10407,61.54816818237305
10408,49.18398666381836
10409,49.028560638427734
10410,64.56956481933594
10411,44.13302993774414
10412,49.44968795776367
10413,68.0628662109375
10414,78.42219543457031
10415,56.6589469909668
10416,69.31839752197266
10417,73.15972137451172
10418,58.692806243896484
10419,89.66912078857422
10420,73.78507995605469
10421,43.7842903137207
10422,61.01767349243164
10423,62.196537017822266
10424,48.06149673461914
10425,61.65595626831055
10426,38.598331451416016
10427,68.25757598876953
10428,63.544002532958984
10429,68.35285186767578
10430,51.792842864990234
10431,48.58606719970703
10432,56.160465240478516
10433,47.067474365234375
10434,88.48751068115234
10435,61.54792404174805
10436,49.18349838256836
10437,49.0282096862793
10438,64.56906127929688
10439,44.133358001708984
10440,49.44941329956055
10441,68.06310272216797
10442,78.42282104492188
10443,56.6589241027832
10444,69.31836700439453
10445,73.15880584716797
10446,58.69340133666992
10447,89.66912078857422
10448,73.78560638427734
10449,43.7845573425293
10450,61.01755142211914
10451,62.19558334350586
10452,48.06171798706055
10453,61.655948638916016
10454,38.59761428833008
10455,68.25778198242188
10456,63.54551315307617
10457,68.35330963134766
10458,51.79246520996094
10459,48.58432388305664
10460,56.1602897644043
10461,47.06734848022461
10462,88.48687744140625
10463,61.54770278930664
10464,49.183006286621094
10465,49.02788543701172
10466,64.56855010986328
10467,44.13367462158203
10468,49.44913101196289
10469,68.06331634521484
10470,78.42346954345703
10471,56.65891647338867
10472,69.31836700439453
10473,73.15791320800781
10474,58.69401168823242
10475,89.66912078857422
10476,73.7861557006836
10477,43.78483200073242
10478,61.017433166503906
10479,62.194637298583984
10480,48.061946868896484
10481,61.655941009521484
10482,38.596885681152344
10483,68.25797271728516
10484,63.547019958496094
10485,68.35374450683594
10486,51.7921028137207
10487,48.58257293701172
10488,56.16010665893555
10489,47.06724166870117
10490,88.48627471923828
10491,61.54745101928711
10492,49.182518005371094
10493,49.02753829956055
10494,64.56804656982422
10495,44.134002685546875
10496,49.448848724365234
10497,68.06355285644531
10498,78.4240951538086
10499,56.65888595581055
10500,69.3183822631836
10501,73.15699768066406
10502,58.6945915222168
10503,89.66913604736328
10504,73.78668212890625
10505,43.78510665893555
10506,61.01729202270508
10507,62.19367980957031
10508,48.06217956542969
10509,61.65591812133789
10510,38.596168518066406
10511,68.25817108154297
10512,63.54856872558594
10513,68.35419464111328
10514,51.7917366027832
10515,48.58082962036133
10516,56.159915924072266
10517,47.0671272277832
10518,88.48566436767578
10519,61.547218322753906
10520,49.182010650634766
10521,49.02719497680664
10522,64.56757354736328
10523,44.13432693481445
10524,49.448577880859375
10525,68.06377410888672
10526,78.42473602294922
10527,56.65889358520508
10528,69.318359375
10529,73.15608978271484
10530,58.695213317871094
10531,89.66913604736328
10532,73.78722381591797
10533,43.78538131713867
10534,61.017181396484375
10535,62.19271469116211
10536,48.0623893737793
10537,61.65591049194336
10538,38.59543991088867
10539,68.25838470458984
10540,63.550106048583984
10541,68.3546142578125
10542,51.79135513305664
10543,48.579097747802734
10544,56.15974807739258
10545,47.0670051574707
10546,88.48506164550781
10547,61.547000885009766
10548,49.1815071105957
10549,49.026859283447266
10550,64.56707000732422
10551,44.134647369384766
10552,49.448299407958984
10553,68.06397247314453
10554,78.42536163330078
10555,56.65888595581055
10556,69.31835174560547
10557,73.15521240234375
10558,58.695804595947266
10559,89.66915130615234
10560,73.78775787353516
10561,43.785648345947266
10562,61.01705551147461
10563,62.1917610168457
10564,48.06260681152344
10565,61.655887603759766
10566,38.59469223022461
10567,68.2585678100586
10568,63.55160903930664
10569,68.35506439208984
10570,51.79099655151367
10571,48.57735824584961
10572,56.15957260131836
10573,47.06690216064453
10574,88.48445129394531
10575,61.546749114990234
10576,49.180973052978516
10577,49.026519775390625
10578,64.56656646728516
10579,44.13493728637695
10580,49.44801712036133
10581,68.06421661376953
10582,78.42598724365234
10583,56.65885543823242
10584,69.31832122802734
10585,73.15430450439453
10586,58.696407318115234
10587,89.66918182373047
10588,73.78829193115234
10589,43.78592300415039
10590,61.01692581176758
10591,62.190792083740234
10592,48.06282043457031
10593,61.65586471557617
10594,38.59398651123047
10595,68.25875091552734
10596,63.55314636230469
10597,68.35550689697266
10598,51.790653228759766
10599,48.575626373291016
10600,56.15939712524414
10601,47.066768646240234
10602,88.48387908935547
10603,61.54653549194336
10604,49.18048858642578
10605,49.02617645263672
10606,64.56607818603516
10607,44.13527297973633
10608,49.44770431518555
10609,68.06444549560547
10610,78.42662811279297
10611,56.658870697021484
10612,69.3183364868164
10613,73.15339660644531
10614,58.6970100402832
10615,89.66920471191406
10616,73.7887954711914
10617,43.786190032958984
10618,61.016788482666016
10619,62.1898307800293
10620,48.06303024291992
10621,61.6558723449707
10622,38.593257904052734
10623,68.2589340209961
10624,63.5546875
10625,68.3559341430664
10626,51.7902717590332
10627,48.57388687133789
10628,56.159202575683594
10629,47.06666564941406
10630,88.48326873779297
10631,61.546295166015625
10632,49.1799430847168
10633,49.02585220336914
10634,64.5655746459961
10635,44.13557052612305
10636,49.44743728637695
10637,68.06464385986328
10638,78.42724609375
10639,56.65885543823242
10640,69.31832885742188
10641,73.15251922607422
10642,58.697628021240234
10643,89.66922760009766
10644,73.78935241699219
10645,43.78645706176758
10646,61.016658782958984
10647,62.18886184692383
10648,48.063228607177734
10649,61.655845642089844
10650,38.5925178527832
10651,68.25911712646484
10652,63.55625534057617
10653,68.35635375976562
10654,51.78989028930664
10655,48.5721549987793
10656,56.15903091430664
10657,47.06657791137695
10658,88.48265838623047
10659,61.546085357666016
10660,49.179443359375
10661,49.025508880615234
10662,64.56510925292969
10663,44.13589859008789
10664,49.4471321105957
10665,68.06486511230469
10666,78.42788696289062
10667,56.65886306762695
10668,69.31832122802734
10669,73.15164947509766
10670,58.69823455810547
10671,89.66922760009766
10672,73.78987884521484
10673,43.78671646118164
10674,61.016536712646484
10675,62.18789291381836
10676,48.063446044921875
10677,61.65584182739258
10678,38.591800689697266
10679,68.2593002319336
10680,63.5577507019043
10681,68.35677337646484
10682,51.7895393371582
10683,48.5704231262207
10684,56.158878326416016
10685,47.06644058227539
10686,88.48207092285156
10687,61.54584884643555
10688,49.17891311645508
10689,49.025177001953125
10690,64.5645980834961
10691,44.13620376586914
10692,49.44683837890625
10693,68.06510162353516
10694,78.42852020263672
10695,56.65885925292969
10696,69.31828308105469
10697,73.15076446533203
10698,58.6988410949707
10699,89.66927337646484
10700,73.79041290283203
10701,43.786991119384766
10702,61.016414642333984
10703,62.18691635131836
10704,48.06363296508789
10705,61.65584945678711
10706,38.5910758972168
10707,68.2594985961914
10708,63.55923080444336
10709,68.35723114013672
10710,51.78913879394531
10711,48.56869125366211
10712,56.158687591552734
10713,47.06633758544922
10714,88.4814682006836
10715,61.54561996459961
10716,49.178409576416016
10717,49.02482986450195
10718,64.56409454345703
10719,44.13650131225586
10720,49.44655227661133
10721,68.0653305053711
10722,78.42911529541016
10723,56.658851623535156
10724,69.31827545166016
10725,73.1498794555664
10726,58.69943618774414
10727,89.66927337646484
10728,73.79093170166016
10729,43.787269592285156
10730,61.01628112792969
10731,62.18596267700195
10732,48.06386184692383
10733,61.655818939208984
10734,38.59035873413086
10735,68.25968933105469
10736,63.56078338623047
10737,68.35765838623047
10738,51.788780212402344
10739,48.56696701049805
10740,56.158512115478516
10741,47.06621170043945
10742,88.48088073730469
10743,61.5453987121582
10744,49.177921295166016
10745,49.02449417114258
10746,64.56361389160156
10747,44.1368408203125
10748,49.4462776184082
10749,68.06551361083984
10750,78.42977142333984
10751,56.658836364746094
10752,69.31828308105469
10753,73.14897918701172
10754,58.70003890991211
10755,89.6692886352539
10756,73.79145050048828
10757,43.78753662109375
10758,61.01616287231445
10759,62.18501281738281
10760,48.06407165527344
10761,61.655818939208984
10762,38.589630126953125
10763,68.25988006591797
10764,63.56230163574219
10765,68.35810089111328
10766,51.788429260253906
10767,48.56522750854492
10768,56.158348083496094
10769,47.066104888916016
10770,88.48026275634766
10771,61.545166015625
10772,49.17739486694336
10773,49.02415084838867
10774,64.56312561035156
10775,44.13714599609375
10776,49.44599914550781
10777,68.06576538085938
10778,78.4303970336914
10779,56.6588249206543
10780,69.31828308105469
10781,73.14810180664062
10782,58.70063400268555
10783,89.6693115234375
10784,73.79197692871094
10785,43.78780746459961
10786,61.01603317260742
10787,62.184051513671875
10788,48.064300537109375
10789,61.65578079223633
10790,38.588924407958984
10791,68.26005554199219
10792,63.56380081176758
10793,68.35852813720703
10794,51.78805923461914
10795,48.56351852416992
10796,56.15815353393555
10797,47.06599807739258
10798,88.47966003417969
10799,61.544925689697266
10800,49.17689514160156
10801,49.023807525634766
10802,64.56262969970703
10803,44.137454986572266
10804,49.44571304321289
10805,68.06596374511719
10806,78.43101501464844
10807,56.65882110595703
10808,69.31826782226562
10809,73.14717864990234
10810,58.70121383666992
10811,89.66934204101562
10812,73.79251098632812
10813,43.7880744934082
10814,61.01591110229492
10815,62.18309020996094
10816,48.064517974853516
10817,61.65578079223633
10818,38.588191986083984
10819,68.26026153564453
10820,63.565330505371094
10821,68.35894012451172
10822,51.78769302368164
10823,48.5617790222168
10824,56.15798568725586
10825,47.06589126586914
10826,88.47906494140625
10827,61.54470443725586
10828,49.1764030456543
10829,49.023475646972656
10830,64.56212615966797
10831,44.137760162353516
10832,49.445438385009766
10833,68.06620025634766
10834,78.431640625
10835,56.658809661865234
10836,69.31826782226562
10837,73.14630889892578
10838,58.70183563232422
10839,89.66935729980469
10840,73.79306030273438
10841,43.788352966308594
10842,61.01578140258789
10843,62.182151794433594
10844,48.06471633911133
10845,61.65578079223633
10846,38.58747863769531
10847,68.26044464111328
10848,63.56686019897461
10849,68.35938262939453
10850,51.78730773925781
10851,48.560054779052734
10852,56.15780258178711
10853,47.065773010253906
10854,88.47846221923828
10855,61.54446029663086
10856,49.175899505615234
10857,49.023136138916016
10858,64.56163024902344
10859,44.13810348510742
10860,49.445159912109375
10861,68.06641387939453
10862,78.43225860595703
10863,56.65877914428711
10864,69.31824493408203
10865,73.1454086303711
10866,58.702423095703125
10867,89.66935729980469
10868,73.7936019897461
10869,43.78861999511719
10870,61.01565170288086
10871,62.18119430541992
10872,48.0649299621582
10873,61.655765533447266
10874,38.58675765991211
10875,68.26065826416016
10876,63.56837844848633
10877,68.3598403930664
10878,51.78696823120117
10879,48.55833053588867
10880,56.15763854980469
10881,47.0656623840332
10882,88.47785186767578
10883,61.54423141479492
10884,49.17539596557617
10885,49.02279281616211
10886,64.56114959716797
10887,44.13842010498047
10888,49.444889068603516
10889,68.066650390625
10890,78.43289947509766
10891,56.65877151489258
10892,69.31824493408203
10893,73.14453125
10894,58.70302963256836
10895,89.66936492919922
10896,73.79412078857422
10897,43.78887939453125
10898,61.015533447265625
10899,62.180233001708984
10900,48.065155029296875
10901,61.6557502746582
10902,38.58603286743164
10903,68.26081085205078
10904,63.56990051269531
10905,68.3602523803711
10906,51.786582946777344
10907,48.55660629272461
10908,56.15745162963867
10909,47.065547943115234
10910,88.47724914550781
10911,61.54401779174805
10912,49.17489242553711
10913,49.02245330810547
10914,64.56063842773438
10915,44.13872146606445
10916,49.44459915161133
10917,68.06685638427734
10918,78.43352508544922
10919,56.65876388549805
10920,69.3182601928711
10921,73.14363861083984
10922,58.703617095947266
10923,89.66938018798828
10924,73.79464721679688
10925,43.78914260864258
10926,61.015403747558594
10927,62.179317474365234
10928,48.06538772583008
10929,61.65571212768555
10930,38.58534622192383
10931,68.2610092163086
10932,63.571407318115234
10933,68.3606948852539
10934,51.78624725341797
10935,48.55485153198242
10936,56.15726852416992
10937,47.06544876098633
10938,88.47663116455078
10939,61.54378890991211
10940,49.17441940307617
10941,49.02212905883789
10942,64.5601577758789
10943,44.139034271240234
10944,49.44431686401367
10945,68.06709289550781
10946,78.43416595458984
10947,56.658756256103516
10948,69.31822967529297
10949,73.14273834228516
10950,58.704200744628906
10951,89.66938018798828
10952,73.79518127441406
10953,43.7894401550293
10954,61.015262603759766
10955,62.17835235595703
10956,48.06560134887695
10957,61.65569305419922
10958,38.58462142944336
10959,68.26123809814453
10960,63.57292175292969
10961,68.36113739013672
10962,51.7858772277832
10963,48.55314636230469
10964,56.157100677490234
10965,47.065330505371094
10966,88.47603607177734
10967,61.54355239868164
10968,49.173912048339844
10969,49.021785736083984
10970,64.55966186523438
10971,44.139373779296875
10972,49.44404983520508
10973,68.06732940673828
10974,78.4347915649414
10975,56.65874481201172
10976,69.31822204589844
10977,73.14185333251953
10978,58.70481491088867
10979,89.66937255859375
10980,73.79572296142578
10981,43.789703369140625
10982,61.0151252746582
10983,62.17741775512695
10984,48.06583786010742
10985,61.65567398071289
10986,38.58390808105469
10987,68.26143646240234
10988,63.574424743652344
10989,68.36157989501953
10990,51.78550338745117
10991,48.55144119262695
10992,56.15692901611328
10993,47.0651969909668
10994,88.47541046142578
10995,61.54330825805664
10996,49.17341232299805
10997,49.02143859863281
10998,64.55917358398438
10999,44.139678955078125
11000,49.443763732910156
11001,68.06753540039062
11002,78.4354019165039
11003,56.65873336791992
11004,69.31822967529297
11005,73.1409683227539
11006,58.70540237426758
11007,89.66938018798828
11008,73.79627227783203
11009,43.789974212646484
11010,61.01504135131836
11011,62.17646026611328
11012,48.06605911254883
11013,61.655670166015625
11014,38.583187103271484
11015,68.26162719726562
11016,63.57595443725586
11017,68.36200714111328
11018,51.785152435302734
11019,48.54970169067383
11020,56.15674591064453
11021,47.06511306762695
11022,88.47480010986328
11023,61.54307174682617
11024,49.172916412353516
11025,49.02109146118164
11026,64.5586929321289
11027,44.13999557495117
11028,49.4434928894043
11029,68.06776428222656
11030,78.43602752685547
11031,56.65871810913086
11032,69.31822967529297
11033,73.14005279541016
11034,58.705997467041016
11035,89.66939544677734
11036,73.7967758178711
11037,43.790252685546875
11038,61.01491165161133
11039,62.175506591796875
11040,48.066280364990234
11041,61.65565490722656
11042,38.58247375488281
11043,68.26182556152344
11044,63.577457427978516
11045,68.36244201660156
11046,51.78477096557617
11047,48.5479850769043
11048,56.15656661987305
11049,47.064971923828125
11050,88.47420501708984
11051,61.54283905029297
11052,49.172428131103516
11053,49.02080154418945
11054,64.55818176269531
11055,44.14031219482422
11056,49.443233489990234
11057,68.0679931640625
11058,78.4366683959961
11059,56.658695220947266
11060,69.3182144165039
11061,73.13916778564453
11062,58.70659255981445
11063,89.66940307617188
11064,73.79729461669922
11065,43.79051971435547
11066,61.0147705078125
11067,62.1745491027832
11068,48.06648254394531
11069,61.6556510925293
11070,38.58176040649414
11071,68.26201629638672
11072,63.578983306884766
11073,68.36287689208984
11074,51.784400939941406
11075,48.5462646484375
11076,56.15639114379883
11077,47.064876556396484
11078,88.4736328125
11079,61.54263687133789
11080,49.171905517578125
11081,49.02043914794922
11082,64.55770874023438
11083,44.140625
11084,49.44294357299805
11085,68.06819915771484
11086,78.4372787475586
11087,56.65870666503906
11088,69.31819915771484
11089,73.1382827758789
11090,58.70719528198242
11091,89.6694107055664
11092,73.79785919189453
11093,43.79079055786133
11094,61.014652252197266
11095,62.17361068725586
11096,48.06669235229492
11097,61.6556282043457
11098,38.58104705810547
11099,68.2621841430664
11100,63.580509185791016
11101,68.36329650878906
11102,51.78403091430664
11103,48.54453659057617
11104,56.156211853027344
11105,47.06477355957031
11106,88.47300720214844
11107,61.54237747192383
11108,49.17142105102539
11109,49.020076751708984
11110,64.55720520019531
11111,44.140933990478516
11112,49.442657470703125
11113,68.06842041015625
11114,78.43790435791016
11115,56.658687591552734
11116,69.31820678710938
11117,73.13739776611328
11118,58.70779037475586
11119,89.66944885253906
11120,73.79838562011719
11121,43.79105758666992
11122,61.01451110839844
11123,62.172672271728516
11124,48.0669059753418
11125,61.65561294555664
11126,38.58033752441406
11127,68.26238250732422
11128,63.58202362060547
11129,68.36375427246094
11130,51.78369140625
11131,48.54281234741211
11132,56.15603256225586
11133,47.06465530395508
11134,88.47239685058594
11135,61.54214096069336
11136,49.17091751098633
11137,49.0197639465332
11138,64.55670928955078
11139,44.14125442504883
11140,49.4423828125
11141,68.06864929199219
11142,78.43852996826172
11143,56.65864944458008
11144,69.31822204589844
11145,73.13650512695312
11146,58.70839309692383
11147,89.66944885253906
11148,73.79888916015625
11149,43.791324615478516
11150,61.0143928527832
11151,62.17171096801758
11152,48.067138671875
11153,61.655609130859375
11154,38.57961654663086
11155,68.26261901855469
11156,63.583499908447266
11157,68.36420440673828
11158,51.7833137512207
11159,48.54110336303711
11160,56.1558723449707
11161,47.06453323364258
11162,88.47179412841797
11163,61.541927337646484
11164,49.17043685913086
11165,49.0193977355957
11166,64.55623626708984
11167,44.14156723022461
11168,49.44211959838867
11169,68.06890869140625
11170,78.43915557861328
11171,56.65864562988281
11172,69.31818389892578
11173,73.1355972290039
11174,58.7089729309082
11175,89.6694564819336
11176,73.79944610595703
11177,43.79159927368164
11178,61.01425552368164
11179,62.1707649230957
11180,48.067378997802734
11181,61.655574798583984
11182,38.57891082763672
11183,68.2627944946289
11184,63.585044860839844
11185,68.3646240234375
11186,51.7829475402832
11187,48.539363861083984
11188,56.15571212768555
11189,47.06443405151367
11190,88.47118377685547
11191,61.541690826416016
11192,49.16995620727539
11193,49.019081115722656
11194,64.55571746826172
11195,44.14188003540039
11196,49.441837310791016
11197,68.0691146850586
11198,78.4397964477539
11199,56.658626556396484
11200,69.31818389892578
