iteration,loss
1,605.798095703125
2,664.9003295898438
3,465.46087646484375
4,837.3141479492188
5,404.03680419921875
6,497.5919189453125
7,475.611083984375
8,738.2695922851562
9,1005.3244018554688
10,706.4219360351562
11,261.0024108886719
12,503.8667907714844
13,740.3076782226562
14,1015.2982177734375
15,996.7130737304688
16,669.2744750976562
17,444.5464782714844
18,1080.3787841796875
19,619.2178955078125
20,864.0531005859375
21,1070.9761962890625
22,806.6890869140625
23,793.774169921875
24,1018.5018920898438
25,646.8568725585938
26,707.1842041015625
27,831.9979248046875
28,560.0546264648438
29,1365.03955078125
30,588.8807373046875
31,670.8268432617188
32,577.6019287109375
33,761.491455078125
34,736.3956298828125
35,1051.46826171875
36,641.8592529296875
37,665.51416015625
38,1392.1688232421875
39,572.5060424804688
40,858.9071655273438
41,960.0003662109375
42,426.92083740234375
43,843.54052734375
44,790.545166015625
45,848.8114013671875
46,793.1890258789062
47,599.206298828125
48,353.13262939453125
49,1127.3414306640625
50,597.4609375
51,610.7247314453125
52,610.99462890625
53,487.63360595703125
54,570.698974609375
55,313.99334716796875
56,499.75567626953125
57,624.7575073242188
58,598.5927124023438
59,1021.105224609375
60,891.526611328125
61,460.8263244628906
62,631.672119140625
63,772.7071533203125
64,526.4501953125
65,769.75048828125
66,529.5361938476562
67,618.6385498046875
68,598.552978515625
69,551.804443359375
70,748.9030151367188
71,688.284912109375
72,363.96771240234375
73,783.115478515625
74,602.1929931640625
75,649.814208984375
76,644.0217895507812
77,709.3820190429688
78,646.5523071289062
79,422.56512451171875
80,491.02777099609375
81,546.227294921875
82,476.08306884765625
83,512.0346069335938
84,540.6261596679688
85,348.35406494140625
86,544.5623168945312
87,519.3067626953125
88,677.9735107421875
89,497.25628662109375
90,757.3680419921875
91,300.68896484375
92,521.1486206054688
93,545.3273315429688
94,429.1210021972656
95,539.294921875
96,442.861328125
97,790.9091796875
98,460.995849609375
99,457.7896728515625
100,599.7713623046875
101,662.8736572265625
102,458.9794921875
103,711.279296875
104,426.9892578125
105,463.1234130859375
106,332.21826171875
107,688.5957641601562
108,311.919921875
109,307.341552734375
110,480.88134765625
111,231.46435546875
112,234.453369140625
113,628.47216796875
114,417.1929626464844
115,489.897216796875
116,429.10906982421875
117,547.5084838867188
118,378.6647644042969
119,376.0992736816406
120,345.17156982421875
121,385.5904541015625
122,241.0869598388672
123,421.03887939453125
124,269.50762939453125
125,320.1829528808594
126,249.23114013671875
127,373.5015869140625
128,186.2924041748047
129,209.27906799316406
130,248.30921936035156
131,276.2488098144531
132,427.0763244628906
133,289.6827697753906
134,141.0789031982422
135,189.5684356689453
136,292.4740905761719
137,347.8200378417969
138,443.1703186035156
139,214.9698486328125
140,182.49197387695312
141,426.2158203125
142,141.26962280273438
143,305.7493896484375
144,333.69390869140625
145,321.5416259765625
146,299.57373046875
147,434.723876953125
148,238.22244262695312
149,253.62893676757812
150,266.4228820800781
151,216.97132873535156
152,427.4686279296875
153,169.3677215576172
154,229.25469970703125
155,172.0322723388672
156,207.73419189453125
157,213.03656005859375
158,281.9192810058594
159,249.71429443359375
160,153.105712890625
161,318.3912353515625
162,127.5394058227539
163,151.2651824951172
164,242.80345153808594
165,114.1790771484375
166,195.46165466308594
167,154.0355682373047
168,157.47027587890625
169,149.70327758789062
170,142.2308807373047
171,108.78681945800781
172,156.4714813232422
173,143.5546417236328
174,173.00279235839844
175,144.26907348632812
176,108.4002685546875
177,133.6382598876953
178,101.97486877441406
179,147.02317810058594
180,103.33988952636719
181,88.03610229492188
182,147.89707946777344
183,91.9354248046875
184,128.8910675048828
185,88.67562866210938
186,119.13381958007812
187,62.8813591003418
188,77.14374542236328
189,100.43745422363281
190,129.5787353515625
191,72.63005828857422
192,49.21171188354492
193,241.3590087890625
194,68.36448669433594
195,169.6721954345703
196,77.74561309814453
197,103.83287811279297
198,87.79383087158203
199,140.7524871826172
200,115.92085266113281
201,59.93776321411133
202,104.06883239746094
203,117.65837097167969
204,133.75189208984375
205,123.18207550048828
206,99.74341583251953
207,99.57196044921875
208,90.31002044677734
209,90.83594512939453
210,120.88773345947266
211,138.03683471679688
212,99.48388671875
213,59.38534927368164
214,31.321561813354492
215,88.10387420654297
216,65.27076721191406
217,42.3769645690918
218,40.08640670776367
219,94.56229400634766
220,92.3697509765625
221,121.2508773803711
222,98.25320434570312
223,68.54857635498047
224,67.99529266357422
225,65.7569808959961
226,18.49726676940918
227,114.33081817626953
228,77.8575210571289
229,26.026700973510742
230,179.55543518066406
231,84.87954711914062
232,52.000484466552734
233,35.05804443359375
234,64.10008239746094
235,231.0688934326172
236,69.57644653320312
237,151.36953735351562
238,45.52867889404297
239,161.77316284179688
240,99.10932159423828
241,71.79954528808594
242,57.76260757446289
243,93.97206115722656
244,51.616146087646484
245,39.73869705200195
246,87.86711883544922
247,52.11479568481445
248,62.5348014831543
249,65.83502960205078
250,67.71501922607422
251,83.32124328613281
252,31.064546585083008
253,62.98917007446289
254,26.280254364013672
255,89.39033508300781
256,49.45183181762695
257,52.390865325927734
258,40.750038146972656
259,64.6734619140625
260,20.520614624023438
261,101.83631134033203
262,40.23276901245117
263,42.72430419921875
264,81.85751342773438
265,64.43521118164062
266,44.27930450439453
267,22.269323348999023
268,65.81785583496094
269,68.04354095458984
270,135.21444702148438
271,48.63091278076172
272,62.002357482910156
273,60.41788864135742
274,61.49045944213867
275,36.64158248901367
276,40.211795806884766
277,72.82278442382812
278,62.04470443725586
279,33.71326446533203
280,35.04684829711914
281,69.98224639892578
282,87.23326873779297
283,37.45582580566406
284,41.08099365234375
285,29.78852653503418
286,45.19478988647461
287,34.63008117675781
288,39.6298828125
289,38.610530853271484
290,32.77806854248047
291,44.7093505859375
292,42.223323822021484
293,51.38702392578125
294,38.600894927978516
295,15.76036262512207
296,31.690780639648438
297,59.19723892211914
298,53.41130828857422
299,42.357154846191406
300,54.30952835083008
301,42.3948974609375
302,62.560821533203125
303,38.167152404785156
304,29.99703598022461
305,71.18787384033203
306,39.448707580566406
307,35.79156494140625
308,34.09861755371094
309,55.74103927612305
310,23.6718692779541
311,34.92730712890625
312,53.30332565307617
313,42.24420928955078
314,17.84744644165039
315,19.503828048706055
316,84.07483673095703
317,37.380008697509766
318,42.47151184082031
319,38.78800582885742
320,15.344974517822266
321,31.627620697021484
322,88.88410949707031
323,55.78953552246094
324,36.191375732421875
325,55.45872116088867
326,47.111942291259766
327,54.33848190307617
328,34.34902572631836
329,51.79170227050781
330,74.17159271240234
331,34.069801330566406
332,50.49449920654297
333,75.8694839477539
334,78.8692626953125
335,38.16791915893555
336,45.40586853027344
337,23.106430053710938
338,65.12109375
339,22.49916648864746
340,23.162118911743164
341,43.17643356323242
342,42.144168853759766
343,66.28036499023438
344,63.224613189697266
345,55.20024490356445
346,40.78712844848633
347,39.85136795043945
348,46.190521240234375
349,22.734437942504883
350,56.87730026245117
351,51.9039306640625
352,25.79755210876465
353,108.43399047851562
354,50.10158920288086
355,25.725923538208008
356,30.23141860961914
357,28.372228622436523
358,66.95068359375
359,44.913997650146484
360,54.10513687133789
361,41.14113235473633
362,59.71125411987305
363,40.52357482910156
364,27.863555908203125
365,30.91193389892578
366,53.21238327026367
367,43.59418869018555
368,28.60042381286621
369,48.1045036315918
370,25.886423110961914
371,45.36196517944336
372,55.508941650390625
373,40.02683639526367
374,40.620296478271484
375,21.809181213378906
376,52.0081787109375
377,21.20380401611328
378,53.8673210144043
379,38.2530403137207
380,26.09776496887207
381,28.02190589904785
382,50.076934814453125
383,11.742311477661133
384,106.86579132080078
385,24.441850662231445
386,22.225013732910156
387,58.78400421142578
388,34.514312744140625
389,44.12845230102539
390,23.240966796875
391,60.56589126586914
392,45.75908279418945
393,108.47672271728516
394,33.00801086425781
395,58.18783187866211
396,48.84309387207031
397,33.74406814575195
398,37.98674011230469
399,38.734458923339844
400,55.924827575683594
401,47.536163330078125
402,27.13906478881836
403,30.877012252807617
404,59.32596206665039
405,68.93834686279297
406,34.442352294921875
407,38.188072204589844
408,32.93088150024414
409,56.018890380859375
410,27.625028610229492
411,29.57834815979004
412,33.230003356933594
413,29.0433349609375
414,41.04742431640625
415,48.953514099121094
416,54.53403091430664
417,28.19466781616211
418,19.861486434936523
419,16.308053970336914
420,48.98352813720703
421,45.31179428100586
422,37.50041580200195
423,48.71619415283203
424,37.206878662109375
425,52.127201080322266
426,35.77389144897461
427,30.85120391845703
428,79.80917358398438
429,46.29188537597656
430,27.978147506713867
431,33.59053039550781
432,53.09452438354492
433,23.593238830566406
434,35.81486892700195
435,48.78812026977539
436,38.42555236816406
437,15.706794738769531
438,21.436176300048828
439,73.27112579345703
440,38.959049224853516
441,32.083984375
442,37.39915466308594
443,10.296839714050293
444,30.578493118286133
445,87.23253631591797
446,54.91840744018555
447,39.67586898803711
448,53.74305725097656
449,39.69032669067383
450,49.34641647338867
451,32.184871673583984
452,49.85636520385742
453,71.63706970214844
454,33.411888122558594
455,48.82307815551758
456,74.8787841796875
457,76.7898178100586
458,35.3745231628418
459,45.63223648071289
460,23.802282333374023
461,63.28450012207031
462,22.875751495361328
463,21.692703247070312
464,45.56242752075195
465,41.180389404296875
466,67.01481628417969
467,61.33867263793945
468,55.76284408569336
469,37.611080169677734
470,38.96600341796875
471,45.27018737792969
472,25.202543258666992
473,55.04646301269531
474,49.73316955566406
475,27.037841796875
476,100.08511352539062
477,47.250511169433594
478,25.62346839904785
479,31.662168502807617
480,26.79668617248535
481,58.17113494873047
482,43.15669250488281
483,50.823116302490234
484,41.9074592590332
485,56.39756774902344
486,36.06949996948242
487,25.520952224731445
488,30.16290855407715
489,51.59942626953125
490,43.3086051940918
491,28.022239685058594
492,46.562461853027344
493,25.22882843017578
494,43.172828674316406
495,54.927120208740234
496,39.79593276977539
497,38.24373245239258
498,21.000717163085938
499,51.53165054321289
500,21.34641456604004
501,50.48342514038086
502,37.362525939941406
503,23.744770050048828
504,26.493738174438477
505,49.782142639160156
506,12.606460571289062
507,108.14628601074219
508,23.157560348510742
509,20.83225440979004
510,56.67953109741211
511,32.627105712890625
512,43.84056091308594
513,24.435911178588867
514,60.258968353271484
515,44.6766242980957
516,109.50325775146484
517,32.03836441040039
518,58.23050308227539
519,47.12538528442383
520,33.363521575927734
521,39.046539306640625
522,39.140350341796875
523,53.649356842041016
524,46.458621978759766
525,26.15704917907715
526,31.033132553100586
527,58.42815399169922
528,66.43795013427734
529,34.23023223876953
530,37.42023849487305
531,32.789833068847656
532,56.45313262939453
533,27.606197357177734
534,28.804622650146484
535,32.133235931396484
536,28.866607666015625
537,39.692787170410156
538,49.80669403076172
539,53.87932586669922
540,27.12563705444336
541,19.408525466918945
542,15.754101753234863
543,49.347293853759766
544,43.424705505371094
545,37.05992889404297
546,48.33784484863281
547,36.2066535949707
548,50.79004669189453
549,35.44715118408203
550,30.287700653076172
551,80.08174896240234
552,44.909637451171875
553,27.439998626708984
554,33.07417678833008
555,51.985958099365234
556,23.24551773071289
557,35.589290618896484
558,47.344627380371094
559,37.49123001098633
560,15.808265686035156
561,21.676057815551758
562,73.33573913574219
563,38.70500564575195
564,32.23091506958008
565,36.75257873535156
566,10.137200355529785
567,30.766910552978516
568,85.9039077758789
569,54.87740707397461
570,39.216949462890625
571,53.610233306884766
572,38.92060852050781
573,48.98073959350586
574,31.78995704650879
575,49.528446197509766
576,70.479248046875
577,32.71033477783203
578,48.81520080566406
579,74.7378921508789
580,76.74465942382812
581,34.62162780761719
582,44.26103591918945
583,23.291414260864258
584,62.232723236083984
585,22.904876708984375
586,21.505674362182617
587,45.48012161254883
588,41.412506103515625
589,66.45965576171875
590,61.8892936706543
591,56.34615707397461
592,36.87324142456055
593,39.120880126953125
594,44.540584564208984
595,24.572446823120117
596,55.610111236572266
597,48.55729675292969
598,26.225603103637695
599,97.61073303222656
600,46.3488655090332
601,24.672426223754883
602,30.816221237182617
603,26.446603775024414
604,57.53178024291992
605,42.271949768066406
606,51.04458999633789
607,41.4835090637207
608,57.7935905456543
609,35.01176452636719
610,24.778141021728516
611,29.934558868408203
612,51.335693359375
613,42.56458282470703
614,27.650508880615234
615,46.278404235839844
616,24.81578254699707
617,41.02535629272461
618,54.7109375
619,40.0753288269043
620,37.76225662231445
621,20.477916717529297
622,51.523216247558594
623,21.17067527770996
624,49.48439407348633
625,36.73613739013672
626,22.46678352355957
627,25.43364906311035
628,49.753536224365234
629,12.497401237487793
630,108.44424438476562
631,22.35590171813965
632,20.11917495727539
633,54.994789123535156
634,31.809350967407227
635,43.097373962402344
636,24.410463333129883
637,60.00691604614258
638,44.323856353759766
639,110.88168334960938
640,31.50501823425293
641,57.88346481323242
642,45.573429107666016
643,33.65113830566406
644,39.102806091308594
645,39.14820861816406
646,51.84541702270508
647,45.92694854736328
648,25.199541091918945
649,31.096487045288086
650,57.7474479675293
651,64.4411849975586
652,33.85054397583008
653,36.55684280395508
654,32.21981430053711
655,56.17723846435547
656,27.6666316986084
657,28.325916290283203
658,31.072418212890625
659,28.63518524169922
660,38.22389602661133
661,49.8968620300293
662,52.7526741027832
663,26.325517654418945
664,18.609615325927734
665,15.52635383605957
666,49.867164611816406
667,41.67948913574219
668,36.66468811035156
669,48.10750198364258
670,35.332157135009766
671,49.639312744140625
672,35.05051803588867
673,29.583913803100586
674,80.13944244384766
675,43.080135345458984
676,27.03327178955078
677,32.38561248779297
678,50.99681854248047
679,22.877891540527344
680,35.277442932128906
681,46.04825210571289
682,36.4660530090332
683,15.869089126586914
684,21.84767723083496
685,73.96871948242188
686,38.35881805419922
687,32.687469482421875
688,36.109737396240234
689,10.03463077545166
690,30.98740005493164
691,84.58811950683594
692,54.878440856933594
693,38.57050323486328
694,53.51485824584961
695,38.3912239074707
696,48.8023796081543
697,31.402938842773438
698,49.224063873291016
699,69.3569107055664
700,31.94506072998047
701,48.87602233886719
702,74.64599609375
703,76.7397689819336
704,33.880043029785156
705,42.779380798339844
706,22.72525405883789
707,61.236026763916016
708,22.94638442993164
709,21.528926849365234
710,45.32398986816406
711,41.727020263671875
712,66.0769271850586
713,62.521209716796875
714,57.025943756103516
715,36.410030364990234
716,39.44396209716797
717,43.80156326293945
718,23.87578773498535
719,56.381561279296875
720,47.44804000854492
721,25.282737731933594
722,95.3932876586914
723,45.49903869628906
724,23.624832153320312
725,29.80999755859375
726,26.163043975830078
727,57.3120231628418
728,41.390419006347656
729,51.451744079589844
730,41.02071762084961
731,59.60015106201172
732,34.12454605102539
733,24.04956817626953
734,29.67876625061035
735,51.15679931640625
736,41.80476379394531
737,27.225866317749023
738,46.11677169799805
739,24.37932777404785
740,38.878665924072266
741,54.59638595581055
742,40.45747756958008
743,37.29833984375
744,19.96201515197754
745,51.65894317626953
746,21.00115394592285
747,48.60781478881836
748,36.12592315673828
749,21.27140998840332
750,24.394168853759766
751,49.78480529785156
752,12.359278678894043
753,108.82211303710938
754,21.582670211791992
755,19.482973098754883
756,53.28733825683594
757,31.096351623535156
758,42.329444885253906
759,24.424280166625977
760,59.752567291259766
761,44.03040313720703
762,112.31143188476562
763,30.982999801635742
764,57.55916213989258
765,44.039451599121094
766,34.01335144042969
767,39.22805404663086
768,39.19705581665039
769,50.0357666015625
770,45.40962600708008
771,24.28340721130371
772,31.195722579956055
773,57.116188049316406
774,62.435977935791016
775,33.51857376098633
776,35.751155853271484
777,31.648141860961914
778,55.9409294128418
779,27.786527633666992
780,27.8385009765625
781,30.047216415405273
782,28.43759536743164
783,36.795623779296875
784,50.14423751831055
785,51.711891174316406
786,25.52908706665039
787,17.878738403320312
788,15.317625999450684
789,50.488739013671875
790,39.95817565917969
791,36.30115509033203
792,47.864871978759766
793,34.4560546875
794,48.51043701171875
795,34.688045501708984
796,28.92900848388672
797,80.4339828491211
798,41.340660095214844
799,26.6597957611084
800,31.77111053466797
801,50.05339813232422
802,22.54248046875
803,35.04378128051758
804,44.72252655029297
805,35.50090789794922
806,16.06400489807129
807,22.128698348999023
808,74.61534118652344
809,38.13310623168945
810,33.246803283691406
811,35.50231170654297
812,10.047891616821289
813,31.3326473236084
814,83.27236938476562
815,54.94812774658203
816,37.9912109375
817,53.479732513427734
818,37.88772964477539
819,48.646915435791016
820,31.12009048461914
821,48.93342971801758
822,68.1795654296875
823,31.264957427978516
824,48.985260009765625
825,74.58728790283203
826,76.74832916259766
827,33.153873443603516
828,41.31367492675781
829,22.2023868560791
830,60.25569534301758
831,23.116973876953125
832,21.62102508544922
833,45.2457160949707
834,42.15757369995117
835,65.8848876953125
836,63.23389434814453
837,57.84657287597656
838,36.076385498046875
839,39.92765808105469
840,43.07841110229492
841,23.380094528198242
842,57.28083038330078
843,46.31195068359375
844,24.456871032714844
845,93.04656982421875
846,44.71307373046875
847,22.685195922851562
848,28.998455047607422
849,25.818923950195312
850,56.288570404052734
851,40.674072265625
852,51.95476531982422
853,40.69691848754883
854,61.099979400634766
855,33.07749938964844
856,23.152114868164062
857,29.270994186401367
858,50.99600601196289
859,41.18964767456055
860,26.613632202148438
861,45.99858474731445
862,23.93864631652832
863,37.155540466308594
864,54.57428741455078
865,40.93468475341797
866,36.55910873413086
867,19.453351974487305
868,51.847007751464844
869,20.93181800842285
870,47.49330520629883
871,35.5413932800293
872,20.239442825317383
873,23.373289108276367
874,49.80831527709961
875,12.471625328063965
876,109.3436508178711
877,20.808813095092773
878,18.885574340820312
879,51.69757080078125
880,30.46584701538086
881,41.72298049926758
882,24.750606536865234
883,59.40612030029297
884,43.63566970825195
885,113.50102996826172
886,30.416404724121094
887,57.371177673339844
888,42.59007263183594
889,34.32247543334961
890,39.60280227661133
891,39.36980056762695
892,48.25735092163086
893,44.82393264770508
894,23.467674255371094
895,31.344467163085938
896,56.5211296081543
897,60.501251220703125
898,33.3397102355957
899,35.05624771118164
900,31.249618530273438
901,55.92244338989258
902,27.925439834594727
903,27.334487915039062
904,29.15287208557129
905,28.31502914428711
906,35.592525482177734
907,50.70390319824219
908,50.971534729003906
909,24.78211784362793
910,17.42241668701172
911,15.161428451538086
912,51.1062126159668
913,38.39360809326172
914,36.01528549194336
915,47.62356185913086
916,33.64715576171875
917,47.4884147644043
918,34.4582633972168
919,28.40265464782715
920,80.92974090576172
921,40.07004928588867
922,26.341833114624023
923,31.321701049804688
924,49.2072639465332
925,22.29094696044922
926,34.93628692626953
927,43.442962646484375
928,34.72403335571289
929,16.396726608276367
930,22.45475959777832
931,75.02896881103516
932,38.031463623046875
933,33.801719665527344
934,35.03361129760742
935,10.21588134765625
936,31.773401260375977
937,82.11029052734375
938,55.04938888549805
939,37.64039611816406
940,53.51007843017578
941,37.39840316772461
942,48.46074676513672
943,31.035606384277344
944,48.67253494262695
945,67.03275299072266
946,30.836551666259766
947,49.101009368896484
948,74.50080108642578
949,76.70317840576172
950,32.53681564331055
951,40.078514099121094
952,21.806560516357422
953,59.35259246826172
954,23.426368713378906
955,21.664541244506836
956,45.26536560058594
957,42.63142013549805
958,65.76449584960938
959,63.92719650268555
960,58.64986801147461
961,35.756019592285156
962,40.43379211425781
963,42.452640533447266
964,23.173063278198242
965,58.14032745361328
966,45.2893180847168
967,23.796524047851562
968,90.6928482055664
969,43.95892333984375
970,21.979026794433594
971,28.332382202148438
972,25.602792739868164
973,55.905941009521484
974,40.0505256652832
975,52.52207946777344
976,40.44499206542969
977,62.65127182006836
978,32.222408294677734
979,22.421886444091797
980,28.99276351928711
981,50.891387939453125
982,40.60665512084961
983,26.117511749267578
984,45.95297622680664
985,23.575077056884766
986,35.542762756347656
987,54.57652282714844
988,41.47423553466797
989,35.96584701538086
990,18.9833984375
991,52.0875129699707
992,20.858076095581055
993,46.60344696044922
994,35.01198196411133
995,19.365259170532227
996,22.44144058227539
997,49.86215591430664
998,12.485125541687012
999,109.80429077148438
1000,20.120098114013672
1001,18.383440017700195
1002,50.22789764404297
1003,30.079994201660156
1004,41.0428466796875
1005,24.97238540649414
1006,58.97629165649414
1007,43.34054946899414
1008,114.4825210571289
1009,29.89763069152832
1010,57.13715744018555
1011,41.29077911376953
1012,34.74220275878906
1013,39.892417907714844
1014,39.49551010131836
1015,46.63914108276367
1016,44.37366485595703
1017,22.704952239990234
1018,31.468896865844727
1019,55.9912223815918
1020,58.776268005371094
1021,33.174129486083984
1022,34.390647888183594
1023,30.773107528686523
1024,55.78996276855469
1025,28.043123245239258
1026,26.86670684814453
1027,28.358318328857422
1028,28.121397018432617
1029,34.582275390625
1030,51.26573181152344
1031,50.3708381652832
1032,24.172670364379883
1033,16.9229679107666
1034,15.06975269317627
1035,51.81084060668945
1036,37.07712936401367
1037,35.75714874267578
1038,47.358680725097656
1039,32.90456008911133
1040,46.63161087036133
1041,34.256256103515625
1042,27.918149948120117
1043,81.43415069580078
1044,38.888877868652344
1045,26.0792293548584
1046,30.912107467651367
1047,48.47612762451172
1048,22.065568923950195
1049,34.84283447265625
1050,42.30154800415039
1051,34.052974700927734
1052,16.77657127380371
1053,22.77045440673828
1054,75.4365234375
1055,37.96318054199219
1056,34.40531539916992
1057,34.65156555175781
1058,10.443979263305664
1059,32.235355377197266
1060,81.07820892333984
1061,55.14064407348633
1062,37.316009521484375
1063,53.55649185180664
1064,37.00893020629883
1065,48.336265563964844
1066,31.0292911529541
1067,48.42741394042969
1068,65.96102142333984
1069,30.504375457763672
1070,49.22439956665039
1071,74.4150390625
1072,76.67512512207031
1073,32.006446838378906
1074,39.02865219116211
1075,21.47570037841797
1076,58.61488342285156
1077,23.720064163208008
1078,21.596738815307617
1079,45.333003997802734
1080,43.04768753051758
1081,65.56808471679688
1082,64.51962280273438
1083,59.38960266113281
1084,35.351932525634766
1085,40.85157775878906
1086,41.926387786865234
1087,23.10139274597168
1088,58.907413482666016
1089,44.325538635253906
1090,23.296186447143555
1091,88.46009063720703
1092,43.25826644897461
1093,21.43082618713379
1094,27.823455810546875
1095,25.4134578704834
1096,55.5059700012207
1097,39.52653884887695
1098,52.98245620727539
1099,40.2822151184082
1100,63.928836822509766
1101,31.417360305786133
1102,21.7600154876709
1103,28.75644302368164
1104,50.76695251464844
1105,40.1171875
1106,25.663061141967773
1107,45.90364074707031
1108,23.26289176940918
1109,34.198631286621094
1110,54.60902786254883
1111,42.00016403198242
1112,35.31850814819336
1113,18.54990005493164
1114,52.35724639892578
1115,20.824356079101562
1116,45.73666000366211
1117,34.53340148925781
1118,18.62921142578125
1119,21.625179290771484
1120,49.901187896728516
1121,12.534126281738281
1122,110.24918365478516
1123,19.51494026184082
1124,17.957008361816406
1125,48.89326477050781
1126,29.802793502807617
1127,40.414024353027344
1128,25.235774993896484
1129,58.52299118041992
1130,43.075504302978516
1131,115.27251434326172
1132,29.41140365600586
1133,56.91288757324219
1134,40.180320739746094
1135,35.15742111206055
1136,40.22611999511719
1137,39.62460708618164
1138,45.197547912597656
1139,43.966060638427734
1140,22.038875579833984
1141,31.59282112121582
1142,55.493247985839844
1143,57.25606918334961
1144,33.048545837402344
1145,33.789031982421875
1146,30.33049964904785
1147,55.66908264160156
1148,28.13640594482422
1149,26.420392990112305
1150,27.659299850463867
1151,27.91061782836914
1152,33.77177429199219
1153,51.881103515625
1154,49.92689895629883
1155,23.654577255249023
1156,16.49614715576172
1157,14.974884986877441
1158,52.49489212036133
1159,35.975162506103516
1160,35.52732849121094
1161,47.09258270263672
1162,32.23373031616211
1163,45.864280700683594
1164,34.0947151184082
1165,27.517234802246094
1166,81.90923309326172
1167,37.88254165649414
1168,25.850831985473633
1169,30.577207565307617
1170,47.845947265625
1171,21.879024505615234
1172,34.7833366394043
1173,41.27900314331055
1174,33.49086380004883
1175,17.17934799194336
1176,23.076065063476562
1177,75.75098419189453
1178,37.93495559692383
1179,34.96479415893555
1180,34.35435104370117
1181,10.694252014160156
1182,32.69329833984375
1183,80.21227264404297
1184,55.25852584838867
1185,37.103641510009766
1186,53.603572845458984
1187,36.5951042175293
1188,48.238243103027344
1189,31.06311798095703
1190,48.23169708251953
1191,65.01963806152344
1192,30.26540756225586
1193,49.35588836669922
1194,74.38822937011719
1195,76.78923034667969
1196,31.594778060913086
1197,38.193511962890625
1198,21.234569549560547
1199,58.05378341674805
1200,23.959720611572266
1201,21.28301429748535
1202,45.47590255737305
1203,43.360530853271484
1204,65.17603302001953
1205,64.99436950683594
1206,60.01774597167969
1207,34.73162078857422
1208,41.10091018676758
1209,41.50692367553711
1210,23.18085479736328
1211,59.48743438720703
1212,43.4390983581543
1213,23.003192901611328
1214,86.26587677001953
1215,42.576995849609375
1216,21.099285125732422
1217,27.53083610534668
1218,25.27027702331543
1219,55.187294006347656
1220,39.0791015625
1221,53.236270904541016
1222,40.23828125
1223,64.81185913085938
1224,30.655282974243164
1225,21.196699142456055
1226,28.58981704711914
1227,50.58924865722656
1228,39.73722457885742
1229,25.27634620666504
1230,45.81608200073242
1231,23.011014938354492
1232,33.20527648925781
1233,54.65280532836914
1234,42.459537506103516
1235,34.62445831298828
1236,18.170921325683594
1237,52.62785720825195
1238,20.824893951416016
1239,44.92909240722656
1240,34.13007736206055
1241,18.067014694213867
1242,20.974830627441406
1243,49.90080261230469
1244,12.625785827636719
1245,110.50794219970703
1246,19.047746658325195
1247,17.624372482299805
1248,47.76129913330078
1249,29.764263153076172
1250,39.78385925292969
1251,25.50192642211914
1252,57.972957611083984
1253,42.85578155517578
1254,115.6448745727539
1255,28.974143981933594
1256,56.670135498046875
1257,39.346046447753906
1258,35.5585823059082
1259,40.539817810058594
1260,39.71949005126953
1261,44.01959228515625
1262,43.64264678955078
1263,21.48438262939453
1264,31.69436264038086
1265,55.03694152832031
1266,56.028350830078125
1267,32.94740676879883
1268,33.24805450439453
1269,29.906496047973633
1270,55.5356559753418
1271,28.185575485229492
1272,26.008432388305664
1273,27.066898345947266
1274,27.674589157104492
1275,33.16719055175781
1276,52.50255584716797
1277,49.62177658081055
1278,23.23223876953125
1279,16.128955841064453
1280,14.867103576660156
1281,53.12684631347656
1282,35.09087371826172
1283,35.32279968261719
1284,46.8330078125
1285,31.64487648010254
1286,45.18241882324219
1287,33.95783996582031
1288,27.195159912109375
1289,82.27230834960938
1290,36.991668701171875
1291,25.67226791381836
1292,30.332294464111328
1293,47.30863952636719
1294,21.711265563964844
1295,34.74186706542969
1296,40.389984130859375
1297,33.05597686767578
1298,17.626218795776367
1299,23.372400283813477
1300,75.9482650756836
1301,37.95498275756836
1302,35.510658264160156
1303,34.12162399291992
1304,10.965568542480469
1305,33.129783630371094
1306,79.47801971435547
1307,55.37455749511719
1308,36.93326950073242
1309,53.640716552734375
1310,36.19977951049805
1311,48.17823791503906
1312,31.09538459777832
1313,48.07939147949219
1314,64.21698760986328
1315,30.069286346435547
1316,49.48812484741211
1317,74.39006805419922
1318,76.94158935546875
1319,31.248199462890625
1320,37.47400665283203
1321,21.025583267211914
1322,57.62059020996094
1323,24.15355682373047
1324,20.987140655517578
1325,45.6051139831543
1326,43.62919235229492
1327,64.79685974121094
1328,65.40312957763672
1329,60.58674621582031
1330,34.213436126708984
1331,41.3328971862793
1332,41.135616302490234
1333,23.246484756469727
1334,60.0377311706543
1335,42.649505615234375
1336,22.73383331298828
1337,84.38202667236328
1338,41.97323226928711
1339,20.800336837768555
1340,27.241086959838867
1341,25.156871795654297
1342,55.00568389892578
1343,38.693729400634766
1344,53.47578811645508
1345,40.19808578491211
1346,65.66008758544922
1347,30.027328491210938
1348,20.716711044311523
1349,28.452407836914062
1350,50.42793273925781
1351,39.40092086791992
1352,24.94059944152832
1353,45.74639129638672
1354,22.800657272338867
1355,32.35182571411133
1356,54.715457916259766
1357,42.8775520324707
1358,34.00114059448242
1359,17.84477424621582
1360,52.89854431152344
1361,20.845930099487305
1362,44.21805953979492
1363,33.77933883666992
1364,17.63349723815918
1365,20.439321517944336
1366,49.894264221191406
1367,12.720267295837402
1368,110.72283935546875
1369,18.664255142211914
1370,17.365108489990234
1371,46.7640495300293
1372,29.802515029907227
1373,39.207942962646484
1374,25.772550582885742
1375,57.43706512451172
1376,42.67887878417969
1377,115.88692474365234
1378,28.58637237548828
1379,56.44582748413086
1380,38.67862319946289
1381,35.93681335449219
1382,40.85765075683594
1383,39.81163024902344
1384,43.017372131347656
1385,43.35444259643555
1386,21.021787643432617
1387,31.794553756713867
1388,54.62187957763672
1389,54.9744987487793
1390,32.87710952758789
1391,32.77570724487305
1392,29.53973388671875
1393,55.44843673706055
1394,28.223739624023438
1395,25.62716293334961
1396,26.556875228881836
1397,27.456266403198242
1398,32.708702087402344
1399,53.1585807800293
1400,49.430423736572266
1401,22.86622428894043
1402,15.8451566696167
1403,14.74109935760498
1404,53.70578384399414
1405,34.358890533447266
1406,35.150794982910156
1407,46.58026123046875
1408,31.12303352355957
1409,44.59418487548828
1410,33.86124038696289
1411,26.937164306640625
1412,82.83158111572266
1413,36.33955001831055
1414,25.46355438232422
1415,30.097475051879883
1416,46.86662673950195
1417,21.599390029907227
1418,34.72713851928711
1419,39.606163024902344
1420,32.61502456665039
1421,17.910663604736328
1422,23.619522094726562
1423,76.18799591064453
1424,37.924373626708984
1425,35.76267623901367
1426,33.95311737060547
1427,11.08053970336914
1428,33.47449493408203
1429,78.98165893554688
1430,55.58110809326172
1431,36.982765197753906
1432,53.64706039428711
1433,35.619564056396484
1434,48.04137420654297
1435,31.077716827392578
1436,47.974365234375
1437,63.55039596557617
1438,29.95283317565918
1439,49.58061599731445
1440,74.3663558959961
1441,77.02794647216797
1442,30.930686950683594
1443,36.91027069091797
1444,20.899669647216797
1445,57.236228942871094
1446,24.381183624267578
1447,20.77730941772461
1448,45.75678634643555
1449,43.859928131103516
1450,64.54981994628906
1451,65.74827575683594
1452,61.072391510009766
1453,33.81051254272461
1454,41.56547164916992
1455,40.80851745605469
1456,23.385513305664062
1457,60.49781799316406
1458,41.95328903198242
1459,22.5461368560791
1460,82.68846893310547
1461,41.44576644897461
1462,20.58478355407715
1463,27.031370162963867
1464,25.05933380126953
1465,54.79877471923828
1466,38.38706970214844
1467,53.712562561035156
1468,40.18306350708008
1469,66.38103485107422
1470,29.472793579101562
1471,20.29878044128418
1472,28.34990119934082
1473,50.28271484375
1474,39.1039924621582
1475,24.67730712890625
1476,45.677730560302734
1477,22.643291473388672
1478,31.551450729370117
1479,54.739013671875
1480,43.27226257324219
1481,33.47203063964844
1482,17.554765701293945
1483,53.08913040161133
1484,20.8862361907959
1485,43.51557159423828
1486,33.447265625
1487,17.266807556152344
1488,19.93212890625
1489,49.89297866821289
1490,12.908685684204102
1491,110.89234924316406
1492,18.296981811523438
1493,17.113534927368164
1494,45.86166763305664
1495,29.81850242614746
1496,38.72673034667969
1497,26.06830406188965
1498,56.9705696105957
1499,42.50646209716797
1500,116.2776870727539
1501,28.23349952697754
1502,56.28339767456055
1503,37.99779510498047
1504,36.3231201171875
1505,41.150020599365234
1506,39.91838455200195
1507,42.07448196411133
1508,43.05429458618164
1509,20.588342666625977
1510,31.900081634521484
1511,54.260433197021484
1512,53.98057556152344
1513,32.85127639770508
1514,32.343505859375
1515,29.229101181030273
1516,55.47394561767578
1517,28.264230728149414
1518,25.251972198486328
1519,26.099687576293945
1520,27.2932071685791
1521,32.32765197753906
1522,53.94038391113281
1523,49.348052978515625
1524,22.496295928955078
1525,15.696508407592773
1526,14.625894546508789
1527,54.241878509521484
1528,33.641502380371094
1529,35.023128509521484
1530,46.360435485839844
1531,30.643779754638672
1532,44.041908264160156
1533,33.838321685791016
1534,26.733154296875
1535,83.56732177734375
1536,35.97409439086914
1537,25.232702255249023
1538,29.888050079345703
1539,46.4613151550293
1540,21.543825149536133
1541,34.76499557495117
1542,38.85676574707031
1543,32.21406555175781
1544,18.147220611572266
1545,23.84218978881836
1546,76.32730102539062
1547,37.9101448059082
1548,35.92329406738281
1549,33.82474136352539
1550,11.20197582244873
1551,33.8026008605957
1552,78.56327819824219
1553,55.789119720458984
1554,37.138580322265625
1555,53.66952896118164
1556,35.014652252197266
1557,47.86536407470703
1558,31.093185424804688
1559,47.88739013671875
1560,62.94309616088867
1561,29.911968231201172
1562,49.658260345458984
1563,74.34355163574219
1564,77.11497497558594
1565,30.664098739624023
1566,36.43843078613281
1567,20.82455062866211
1568,56.864009857177734
1569,24.634449005126953
1570,20.536218643188477
1571,45.931983947753906
1572,44.082401275634766
1573,64.28713989257812
1574,66.0835189819336
1575,61.5092658996582
1576,33.35132598876953
1577,41.744598388671875
1578,40.52743148803711
1579,23.554096221923828
1580,60.900733947753906
1581,41.300846099853516
1582,22.426170349121094
1583,81.0679702758789
1584,40.98235321044922
1585,20.45576286315918
1586,26.906877517700195
1587,24.98070526123047
1588,54.635536193847656
1589,38.14488220214844
1590,53.98783874511719
1591,40.19081115722656
1592,66.988525390625
1593,28.95797348022461
1594,19.92181968688965
1595,28.267303466796875
1596,50.1588249206543
1597,38.846473693847656
1598,24.4434871673584
1599,45.618953704833984
1600,22.51496696472168
1601,30.863187789916992
1602,54.745079040527344
1603,43.65785217285156
1604,32.97194290161133
1605,17.290014266967773
1606,53.23772048950195
1607,20.931636810302734
1608,42.830162048339844
1609,33.139427185058594
1610,16.93672752380371
1611,19.443992614746094
1612,49.887451171875
1613,13.166228294372559
1614,110.9743881225586
1615,17.95285987854004
1616,16.856807708740234
1617,45.06012725830078
1618,29.862672805786133
1619,38.30434036254883
1620,26.38361930847168
1621,56.52645492553711
1622,42.326393127441406
1623,116.70402526855469
1624,27.905855178833008
1625,56.16983413696289
1626,37.31723403930664
1627,36.70287322998047
1628,41.41262435913086
1629,40.03175735473633
1630,41.18791961669922
1631,42.74949264526367
1632,20.174558639526367
1633,32.00129318237305
1634,53.93814468383789
1635,53.04472351074219
1636,32.851070404052734
1637,31.94064712524414
1638,28.969213485717773
1639,55.53462219238281
1640,28.326242446899414
1641,24.92243766784668
1642,25.668962478637695
1643,27.20932388305664
1644,31.91014289855957
1645,54.62175750732422
1646,49.18974304199219
1647,22.139976501464844
1648,15.616485595703125
1649,14.597747802734375
1650,54.722023010253906
1651,32.873512268066406
1652,34.9180793762207
1653,46.222713470458984
1654,30.20262908935547
1655,43.492942810058594
1656,33.84370422363281
1657,26.534751892089844
1658,84.24798583984375
1659,35.65036392211914
1660,25.042282104492188
1661,29.676448822021484
1662,46.069950103759766
1663,21.504384994506836
1664,34.81559753417969
1665,38.130393981933594
1666,31.82113265991211
1667,18.35074806213379
1668,24.03737449645996
1669,76.57548522949219
1670,37.86591339111328
1671,36.126651763916016
1672,33.70828628540039
1673,11.326624870300293
1674,34.12538146972656
1675,78.19081115722656
1676,56.011932373046875
1677,37.321556091308594
1678,53.71999740600586
1679,34.45757293701172
1680,47.72001647949219
1681,31.149730682373047
1682,47.81525421142578
1683,62.37907028198242
1684,29.905092239379883
1685,49.7416877746582
1686,74.33626556396484
1687,77.2158203125
1688,30.439287185668945
1689,35.999794006347656
1690,20.75996971130371
1691,56.50328063964844
1692,24.892253875732422
1693,20.295984268188477
1694,46.101314544677734
1695,44.30910873413086
1696,64.02050018310547
1697,66.41242980957031
1698,61.9169807434082
1699,32.89203643798828
1700,41.89423751831055
1701,40.28044128417969
1702,23.706026077270508
1703,61.27708435058594
1704,40.69963836669922
1705,22.329627990722656
1706,79.58721160888672
1707,40.58145523071289
1708,20.36138916015625
1709,26.81709098815918
1710,24.910987854003906
1711,54.45304870605469
1712,37.951419830322266
1713,54.268638610839844
1714,40.20461654663086
1715,67.47760772705078
1716,28.473949432373047
1717,19.574064254760742
1718,28.187076568603516
1719,50.05180358886719
1720,38.634300231933594
1721,24.224002838134766
1722,45.56700134277344
1723,22.406221389770508
1724,30.3035888671875
1725,54.74946212768555
1726,44.0131950378418
1727,32.49197769165039
1728,17.0548095703125
1729,53.35441207885742
1730,20.981040954589844
1731,42.17991638183594
1732,32.861976623535156
1733,16.650014877319336
1734,19.00323486328125
1735,49.87165832519531
1736,13.471962928771973
1737,110.97018432617188
1738,17.648956298828125
1739,16.613601684570312
1740,44.35960006713867
1741,29.93117332458496
1742,37.94074249267578
1743,26.711606979370117
1744,56.1137809753418
1745,42.14479446411133
1746,117.11279296875
1747,27.607669830322266
1748,56.09185791015625
1749,36.66777801513672
1750,37.04603576660156
1751,41.654685974121094
1752,40.147029876708984
1753,40.369808197021484
1754,42.446861267089844
1755,19.794931411743164
1756,32.09770965576172
1757,53.64896774291992
1758,52.175926208496094
1759,32.86515808105469
1760,31.578454971313477
1761,28.759506225585938
1762,55.603294372558594
1763,28.406213760375977
1764,24.641956329345703
1765,25.269468307495117
1766,27.177400588989258
1767,31.473752975463867
1768,55.1781005859375
1769,48.9693603515625
1770,21.809768676757812
1771,15.564745903015137
1772,14.620458602905273
1773,55.14781188964844
1774,32.11556625366211
1775,34.82563781738281
1776,46.13584518432617
1777,29.807037353515625
1778,42.97170639038086
1779,33.85457992553711
1780,26.34385871887207
1781,84.83576202392578
1782,35.31818771362305
1783,24.89693832397461
1784,29.47724723815918
1785,45.705177307128906
1786,21.468158721923828
1787,34.867454528808594
1788,37.45034408569336
1789,31.451745986938477
1790,18.540082931518555
1791,24.215816497802734
1792,76.88774871826172
1793,37.809844970703125
1794,36.35782241821289
1795,33.600921630859375
1796,11.451070785522461
1797,34.43672561645508
1798,77.84587097167969
1799,56.22890090942383
1800,37.496089935302734
1801,53.786705017089844
1802,33.9681282043457
1803,47.59780502319336
1804,31.229469299316406
1805,47.74760818481445
1806,61.84450912475586
1807,29.914222717285156
1808,49.825626373291016
1809,74.33078002929688
1810,77.30699157714844
1811,30.238069534301758
1812,35.58705139160156
1813,20.7040958404541
1814,56.15968704223633
1815,25.14508819580078
1816,20.068988800048828
1817,46.268009185791016
1818,44.52967071533203
1819,63.76520538330078
1820,66.7283706665039
1821,62.2998046875
1822,32.435455322265625
1823,42.01716613769531
1824,40.065040588378906
1825,23.844661712646484
1826,61.63005065917969
1827,40.13774490356445
1828,22.251602172851562
1829,78.21310424804688
1830,40.22820281982422
1831,20.284793853759766
1832,26.751813888549805
1833,24.85080909729004
1834,54.28196334838867
1835,37.78401184082031
1836,54.54348373413086
1837,40.22443389892578
1838,67.91950225830078
1839,28.031333923339844
1840,19.257923126220703
1841,28.11898422241211
1842,49.95538330078125
1843,38.44619369506836
1844,24.03205680847168
1845,45.52043533325195
1846,22.31285858154297
1847,29.79293441772461
1848,54.75034713745117
1849,44.34539031982422
1850,32.05801773071289
1851,16.843555450439453
1852,53.4531364440918
1853,21.02998161315918
1854,41.57841491699219
1855,32.60936737060547
1856,16.392324447631836
1857,18.594541549682617
1858,49.857486724853516
1859,13.77631664276123
1860,110.9459457397461
1861,17.37379264831543
1862,16.391172409057617
1863,43.730892181396484
1864,30.005516052246094
1865,37.62076950073242
1866,27.013874053955078
1867,55.74824523925781
1868,41.9813346862793
1869,117.53645324707031
1870,27.34235382080078
1871,56.028358459472656
1872,36.04685592651367
1873,37.371158599853516
1874,41.85365295410156
1875,40.25008010864258
1876,39.62298583984375
1877,42.1657829284668
1878,19.446441650390625
1879,32.18472671508789
1880,53.39197540283203
1881,51.387046813964844
1882,32.879859924316406
1883,31.249177932739258
1884,28.566068649291992
1885,55.64380645751953
1886,28.491390228271484
1887,24.40640640258789
1888,24.906620025634766
1889,27.164552688598633
1890,31.043354034423828
1891,55.60214614868164
1892,48.70518493652344
1893,21.520885467529297
1894,15.508369445800781
1895,14.67609977722168
1896,55.52529525756836
1897,31.4125919342041
1898,34.738651275634766
1899,46.079288482666016
1900,29.462156295776367
1901,42.49502944946289
1902,33.85447311401367
1903,26.160438537597656
1904,85.2853775024414
1905,34.94489669799805
1906,24.79952049255371
1907,29.29841423034668
1908,45.37517166137695
1909,21.42572021484375
1910,34.90533447265625
1911,36.84016418457031
1912,31.117353439331055
1913,18.72380256652832
1914,24.37555503845215
1915,77.2239990234375
1916,37.74674606323242
1917,36.61323165893555
1918,33.502628326416016
1919,11.569570541381836
1920,34.7214241027832
1921,77.52716827392578
1922,56.421146392822266
1923,37.629085540771484
1924,53.85395431518555
1925,33.560203552246094
1926,47.50878143310547
1927,31.310792922973633
1928,47.686622619628906
1929,61.357059478759766
1930,29.92044448852539
1931,49.90519714355469
1932,74.32604217529297
1933,77.38801574707031
1934,30.05902671813965
1935,35.203147888183594
1936,20.648509979248047
1937,55.8545036315918
1938,25.36286163330078
1939,19.865806579589844
1940,46.414520263671875
1941,44.72643280029297
1942,63.5157356262207
1943,67.00896453857422
1944,62.64628219604492
1945,32.00775146484375
1946,42.1076545715332
1947,39.879581451416016
1948,23.93451690673828
1949,61.96177291870117
1950,39.61582565307617
1951,22.172651290893555
1952,76.9982681274414
1953,39.92827606201172
1954,20.19833755493164
1955,26.677364349365234
1956,24.794103622436523
1957,54.122535705566406
1958,37.635501861572266
1959,54.80731201171875
1960,40.2320442199707
1961,68.3456039428711
1962,27.64792251586914
1963,18.97648811340332
1964,28.05674934387207
1965,49.86955642700195
1966,38.2725944519043
1967,23.86374855041504
1968,45.4805908203125
1969,22.229660034179688
1970,29.315563201904297
1971,54.74958801269531
1972,44.64543533325195
1973,31.691043853759766
1974,16.65601348876953
1975,53.53816223144531
1976,21.07261848449707
1977,41.05774688720703
1978,32.38381576538086
1979,16.170551300048828
1980,18.233972549438477
1981,49.845115661621094
1982,14.038971900939941
1983,110.89697265625
1984,17.139310836791992
1985,16.20425796508789
1986,43.1666145324707
1987,30.10686492919922
1988,37.3200569152832
1989,27.26299476623535
1990,55.41783142089844
1991,41.85120391845703
1992,117.92549896240234
1993,27.11289405822754
1994,55.959022521972656
1995,35.48897933959961
1996,37.68040084838867
1997,42.00167465209961
1998,40.32856750488281
1999,38.97361755371094
2000,41.91806411743164
2001,19.139957427978516
2002,32.26016616821289
2003,53.16025161743164
2004,50.70831298828125
2005,32.88862228393555
2006,30.95269203186035
2007,28.38315773010254
2008,55.652862548828125
2009,28.569091796875
2010,24.210466384887695
2011,24.585304260253906
2012,27.159072875976562
2013,30.641136169433594
2014,55.89973831176758
2015,48.41511917114258
2016,21.274856567382812
2017,15.458003997802734
2018,14.741020202636719
2019,55.82623291015625
2020,30.789884567260742
2021,34.6538200378418
2022,46.04067611694336
2023,29.16875457763672
2024,42.05617141723633
2025,33.839054107666016
2026,25.997169494628906
2027,85.58409118652344
2028,34.55656433105469
2029,24.735511779785156
2030,29.149349212646484
2031,45.08613967895508
2032,21.380714416503906
2033,34.92660140991211
2034,36.30996322631836
2035,30.832773208618164
2036,18.927263259887695
2037,24.524944305419922
2038,77.51982116699219
2039,37.70585632324219
2040,36.939453125
2041,33.413700103759766
2042,11.720827102661133
2043,34.991119384765625
2044,77.21170043945312
2045,56.56757736206055
2046,37.67987060546875
2047,53.91653823852539
2048,33.258323669433594
2049,47.475826263427734
2050,31.383392333984375
2051,47.6386604309082
2052,60.934051513671875
2053,29.90404510498047
2054,49.9885368347168
2055,74.34306335449219
2056,77.49519348144531
2057,29.90911293029785
2058,34.83906936645508
2059,20.57949447631836
2060,55.61363983154297
2061,25.51841163635254
2062,19.682432174682617
2063,46.52532958984375
2064,44.89691162109375
2065,63.2584228515625
2066,67.25070190429688
2067,62.964805603027344
2068,31.64606285095215
2069,42.18411636352539
2070,39.71329116821289
2071,23.95551300048828
2072,62.29563903808594
2073,39.14616394042969
2074,22.064239501953125
2075,75.9827651977539
2076,39.67387008666992
2077,20.080657958984375
2078,26.555566787719727
2079,24.746217727661133
2080,54.03950881958008
2081,37.49506759643555
2082,55.05512619018555
2083,40.21587371826172
2084,68.79182434082031
2085,27.33660125732422
2086,18.731287002563477
2087,27.99521255493164
2088,49.79258728027344
2089,38.10821533203125
2090,23.711795806884766
2091,45.44915771484375
2092,22.152015686035156
2093,28.8701114654541
2094,54.75699996948242
2095,44.91045379638672
2096,31.38828468322754
2097,16.491621017456055
2098,53.62147903442383
2099,21.108774185180664
2100,40.62950134277344
2101,32.183197021484375
2102,15.995237350463867
2103,17.934234619140625
2104,49.83529281616211
2105,14.253912925720215
2106,110.80931854248047
2107,16.954133987426758
2108,16.0629940032959
2109,42.65365982055664
2110,30.248035430908203
2111,37.02461242675781
2112,27.456619262695312
2113,55.11026382446289
2114,41.75979995727539
2115,118.2405776977539
2116,26.91680335998535
2117,55.87373352050781
2118,35.01663589477539
2119,37.972774505615234
2120,42.116966247558594
2121,40.38496017456055
2122,38.41778564453125
2123,41.7095832824707
2124,18.8773193359375
2125,32.32588577270508
2126,52.94630432128906
2127,50.12690734863281
2128,32.89077377319336
2129,30.686742782592773
2130,28.204723358154297
2131,55.63512420654297
2132,28.634906768798828
2133,24.04063606262207
2134,24.30354881286621
2135,27.142250061035156
2136,30.291000366210938
2137,56.13319396972656
2138,48.140899658203125
2139,21.067214965820312
2140,15.402074813842773
2141,14.793050765991211
2142,56.0845832824707
2143,30.258434295654297
2144,34.57219696044922
2145,46.000099182128906
2146,28.9166316986084
2147,41.65902328491211
2148,33.810882568359375
2149,25.854736328125
2150,85.79609680175781
2151,34.16475296020508
2152,24.690763473510742
2153,29.02591323852539
2154,44.83600616455078
2155,21.33515739440918
2156,34.9345588684082
2157,35.85060119628906
2158,30.581098556518555
2159,19.121395111083984
2160,24.66286849975586
2161,77.77840423583984
2162,37.67281723022461
2163,37.24835205078125
2164,33.336002349853516
2165,11.859694480895996
2166,35.23001480102539
2167,76.92462921142578
2168,56.68708419799805
2169,37.69368362426758
2170,53.96426010131836
2171,33.006710052490234
2172,47.460304260253906
2173,31.436071395874023
2174,47.599063873291016
2175,60.56193542480469
2176,29.8784122467041
2177,50.06201171875
2178,74.35706329345703
2179,77.59027862548828
2180,29.773418426513672
2181,34.51038360595703
2182,20.51474952697754
2183,55.419742584228516
2184,25.633541107177734
2185,19.524662017822266
2186,46.61729431152344
2187,45.03522872924805
2188,63.014373779296875
2189,67.4491958618164
2190,63.245357513427734
2191,31.339914321899414
2192,42.24654769897461
2193,39.563629150390625
2194,23.949033737182617
2195,62.601783752441406
2196,38.724876403808594
2197,21.955835342407227
2198,75.1050033569336
2199,39.449832916259766
2200,19.958444595336914
2201,26.421781539916992
2202,24.704069137573242
2203,53.981597900390625
2204,37.36420822143555
2205,55.26496887207031
2206,40.192230224609375
2207,69.20835876464844
2208,27.074338912963867
2209,18.5191707611084
2210,27.939088821411133
2211,49.7149772644043
2212,37.95767593383789
2213,23.57823944091797
2214,45.41587829589844
2215,22.08261489868164
2216,28.466201782226562
2217,54.765655517578125
2218,45.13957595825195
2219,31.13083839416504
2220,16.347122192382812
2221,53.696388244628906
2222,21.1413631439209
2223,40.26747512817383
2224,32.00400924682617
2225,15.861114501953125
2226,17.685922622680664
2227,49.822471618652344
2228,14.423659324645996
2229,110.72390747070312
2230,16.802101135253906
2231,15.957996368408203
2232,42.194793701171875
2233,30.390867233276367
2234,36.755027770996094
2235,27.611064910888672
2236,54.82796096801758
2237,41.688140869140625
2238,118.47264862060547
2239,26.74709701538086
2240,55.781227111816406
2241,34.62519454956055
2242,38.231468200683594
2243,42.21974182128906
2244,40.42797088623047
2245,37.943450927734375
2246,41.52763366699219
2247,18.65517234802246
2248,32.381351470947266
2249,52.74081802368164
2250,49.6324577331543
2251,32.890525817871094
2252,30.448963165283203
2253,28.050079345703125
2254,55.60781478881836
2255,28.684598922729492
2256,23.894176483154297
2257,24.059370040893555
2258,27.119964599609375
2259,29.9946231842041
2260,56.31208419799805
2261,47.89069747924805
2262,20.89470672607422
2263,15.35314655303955
2264,14.836372375488281
2265,56.29153823852539
2266,29.812467575073242
2267,34.49425506591797
2268,45.95710372924805
2269,28.701509475708008
2270,41.30620574951172
2271,33.777305603027344
2272,25.73201560974121
2273,85.93724060058594
2274,33.80172348022461
2275,24.65615463256836
2276,28.92152976989746
2277,44.61789321899414
2278,21.29216194152832
2279,34.92905044555664
2280,35.45738983154297
2281,30.36073875427246
2282,19.293638229370117
2283,24.77939224243164
2284,77.9872817993164
2285,37.63731384277344
2286,37.52579116821289
2287,33.27023696899414
2288,11.971960067749023
2289,35.422794342041016
2290,76.6903076171875
2291,56.79547119140625
2292,37.722633361816406
2293,53.98929977416992
2294,32.72737121582031
2295,47.43391799926758
2296,31.443544387817383
2297,47.584983825683594
2298,60.274696350097656
2299,29.849924087524414
2300,50.11669158935547
2301,74.38145446777344
2302,77.70040893554688
2303,29.66119956970215
2304,34.244476318359375
2305,20.469877243041992
2306,55.2624626159668
2307,25.71706771850586
2308,19.374467849731445
2309,46.698970794677734
2310,45.13902282714844
2311,62.78548049926758
2312,67.60245513916016
2313,63.477264404296875
2314,31.09021759033203
2315,42.30164337158203
2316,39.422454833984375
2317,23.94345474243164
2318,62.86078643798828
2319,38.35853576660156
2320,21.86260986328125
2321,74.3267593383789
2322,39.24658203125
2323,19.855667114257812
2324,26.298023223876953
2325,24.670997619628906
2326,53.96943283081055
2327,37.24582290649414
2328,55.437400817871094
2329,40.169673919677734
2330,69.56708526611328
2331,26.848896026611328
2332,18.339128494262695
2333,27.891048431396484
2334,49.634517669677734
2335,37.823699951171875
2336,23.461620330810547
2337,45.376991271972656
2338,22.021930694580078
2339,28.11684226989746
2340,54.77055740356445
2341,45.33635711669922
2342,30.90091323852539
2343,16.219011306762695
2344,53.75954818725586
2345,21.170690536499023
2346,39.94940185546875
2347,31.84449577331543
2348,15.757343292236328
2349,17.47687530517578
2350,49.802825927734375
2351,14.566598892211914
2352,110.62675476074219
2353,16.677356719970703
2354,15.875419616699219
2355,41.789215087890625
2356,30.538785934448242
2357,36.51026916503906
2358,27.737112045288086
2359,54.56854248046875
2360,41.62672424316406
2361,118.64881134033203
2362,26.599592208862305
2363,55.68798065185547
2364,34.29011917114258
2365,38.459659576416016
2366,42.30775451660156
2367,40.46123504638672
2368,37.5323486328125
2369,41.36375427246094
2370,18.46273422241211
2371,32.42835235595703
2372,52.54408645629883
2373,49.204193115234375
2374,32.88928985595703
2375,30.234256744384766
2376,27.91932487487793
2377,55.575828552246094
2378,28.724239349365234
2379,23.768247604370117
2380,23.84391975402832
2381,27.10064125061035
2382,29.731689453125
2383,56.44097900390625
2384,47.652313232421875
2385,20.74853515625
2386,15.315629959106445
2387,14.88099193572998
2388,56.453102111816406
2389,29.423898696899414
2390,34.420692443847656
2391,45.91832733154297
2392,28.5153865814209
2393,40.98794174194336
2394,33.74242401123047
2395,25.623844146728516
2396,86.02320861816406
2397,33.469146728515625
2398,24.63031005859375
2399,28.831470489501953
2400,44.42354965209961
2401,21.25269317626953
2402,34.91501235961914
2403,35.113948822021484
2404,30.1641788482666
2405,19.444135665893555
2406,24.877099990844727
2407,78.16304016113281
2408,37.597225189208984
2409,37.77523422241211
2410,33.21323776245117
2411,12.070807456970215
2412,35.58782958984375
2413,76.4793701171875
2414,56.87453842163086
2415,37.736427307128906
2416,54.003318786621094
2417,32.48640823364258
2418,47.40235900878906
2419,31.44942855834961
2420,47.56809616088867
2421,60.015899658203125
2422,29.83092498779297
2423,50.15380859375
2424,74.38416290283203
2425,77.77214813232422
2426,29.558212280273438
2427,34.016883850097656
2428,20.43521499633789
2429,55.1227912902832
2430,25.782184600830078
2431,19.239227294921875
2432,46.76982879638672
2433,45.21635055541992
2434,62.5661735534668
2435,67.71939086914062
2436,63.665313720703125
2437,30.865827560424805
2438,42.33372116088867
2439,39.295860290527344
2440,23.928024291992188
2441,63.072479248046875
2442,38.03043746948242
2443,21.788169860839844
2444,73.63687896728516
2445,39.06937789916992
2446,19.770292282104492
2447,26.189882278442383
2448,24.640724182128906
2449,53.96492385864258
2450,37.14207458496094
2451,55.58222961425781
2452,40.146034240722656
2453,69.8673095703125
2454,26.654708862304688
2455,18.187969207763672
2456,27.850080490112305
2457,49.55326461791992
2458,37.70319747924805
2459,23.36212921142578
2460,45.332763671875
2461,21.969985961914062
2462,27.812042236328125
2463,54.76477813720703
2464,45.501739501953125
2465,30.703943252563477
2466,16.104957580566406
2467,53.802284240722656
2468,21.19506072998047
2469,39.67103958129883
2470,31.70253562927246
2471,15.675138473510742
2472,17.300048828125
2473,49.776222229003906
2474,14.682642936706543
2475,110.52908325195312
2476,16.572010040283203
2477,15.807971954345703
2478,41.43586730957031
2479,30.671546936035156
2480,36.29737091064453
2481,27.82913589477539
2482,54.34389877319336
2483,41.57072830200195
2484,118.80481719970703
2485,26.47545623779297
2486,55.595062255859375
2487,33.994468688964844
2488,38.660152435302734
2489,42.37125778198242
2490,40.48382568359375
2491,37.178043365478516
2492,41.219364166259766
2493,18.290658950805664
2494,32.462093353271484
2495,52.35609436035156
2496,48.835086822509766
2497,32.88357162475586
2498,30.03467559814453
2499,27.8049373626709
2500,55.524192810058594
2501,28.754011154174805
2502,23.664838790893555
2503,23.654558181762695
2504,27.081199645996094
2505,29.49703598022461
2506,56.510501861572266
2507,47.421173095703125
2508,20.63397789001465
2509,15.27500057220459
2510,14.940176010131836
2511,56.58444595336914
2512,29.09038543701172
2513,34.349945068359375
2514,45.885414123535156
2515,28.355375289916992
2516,40.71220016479492
2517,33.7050666809082
2518,25.52150535583496
2519,86.03471374511719
2520,33.150264739990234
2521,24.620925903320312
2522,28.752838134765625
2523,44.247615814208984
2524,21.21070098876953
2525,34.88810348510742
2526,34.81831359863281
2527,29.99681854248047
2528,19.581865310668945
2529,24.952951431274414
2530,78.3135757446289
2531,37.54825973510742
2532,38.0195426940918
2533,33.16366958618164
2534,12.16426944732666
2535,35.729408264160156
2536,76.2844009399414
2537,56.918460845947266
2538,37.71975326538086
2539,54.01193618774414
2540,32.308738708496094
2541,47.382816314697266
2542,31.470523834228516
2543,47.54318618774414
2544,59.77527618408203
2545,29.822521209716797
2546,50.17753601074219
2547,74.36425018310547
2548,77.80228424072266
2549,29.4656925201416
2550,33.81354522705078
2551,20.39922523498535
2552,54.99692153930664
2553,25.82652473449707
2554,19.12002944946289
2555,46.820335388183594
2556,45.27314758300781
2557,62.34964370727539
2558,67.80321502685547
2559,63.814697265625
2560,30.669723510742188
2561,42.34444808959961
2562,39.18032455444336
2563,23.8874568939209
2564,63.24732971191406
2565,37.735198974609375
2566,21.722270965576172
2567,73.04318237304688
2568,38.92074966430664
2569,19.6947078704834
2570,26.0848331451416
2571,24.611568450927734
2572,53.98628234863281
2573,37.05195236206055
2574,55.712947845458984
2575,40.113563537597656
2576,70.12609100341797
2577,26.494783401489258
2578,18.064407348632812
2579,27.813514709472656
2580,49.47315216064453
2581,37.59185028076172
2582,23.27708625793457
2583,45.28352355957031
2584,21.9250545501709
2585,27.544750213623047
2586,54.74598693847656
2587,45.635284423828125
2588,30.542095184326172
2589,16.00277328491211
2590,53.822021484375
2591,21.21318244934082
2592,39.43171691894531
2593,31.57651710510254
2594,15.612574577331543
2595,17.15485191345215
2596,49.74018096923828
2597,14.766029357910156
2598,110.43741607666016
2599,16.483074188232422
2600,15.754931449890137
2601,41.13302993774414
2602,30.77417755126953
2603,36.12266159057617
2604,27.886749267578125
2605,54.15834045410156
2606,41.51268005371094
2607,118.92882537841797
2608,26.372426986694336
2609,55.5029296875
2610,33.74220275878906
2611,38.814857482910156
2612,42.42245864868164
2613,40.49899673461914
2614,36.87744903564453
2615,41.07875061035156
2616,18.143972396850586
2617,32.48766326904297
2618,52.167869567871094
2619,48.523101806640625
2620,32.87849044799805
2621,29.855255126953125
2622,27.72920799255371
2623,55.48282241821289
2624,28.76753807067871
2625,23.57777976989746
2626,23.491249084472656
2627,27.067768096923828
2628,29.29943084716797
2629,56.54133987426758
2630,47.21238327026367
2631,20.539196014404297
2632,15.261907577514648
2633,14.993330955505371
2634,56.651611328125
2635,28.8111572265625
2636,34.282657623291016
2637,45.851924896240234
2638,28.219783782958984
2639,40.467857360839844
2640,33.67308044433594
2641,25.4363956451416
2642,85.99749755859375
2643,32.899600982666016
2644,24.60637664794922
2645,28.685070037841797
2646,44.08738708496094
2647,21.17534828186035
2648,34.85227966308594
2649,34.57002639770508
2650,29.852375030517578
2651,19.680814743041992
2652,24.998014450073242
2653,78.39716339111328
2654,37.48482894897461
2655,38.20280838012695
2656,33.12327194213867
2657,12.234601020812988
2658,35.83472442626953
2659,76.1129150390625
2660,56.9240608215332
2661,37.68838882446289
2662,54.0106201171875
2663,32.181217193603516
2664,47.361083984375
2665,31.507654190063477
2666,47.5059928894043
2667,59.54932403564453
2668,29.830904006958008
2669,50.18160629272461
2670,74.31159973144531
2671,77.77635955810547
2672,29.381467819213867
2673,33.63869857788086
2674,20.363155364990234
2675,54.87535858154297
2676,25.85370635986328
2677,19.015832901000977
2678,46.849143981933594
2679,45.308013916015625
2680,62.135047912597656
2681,67.85018920898438
2682,63.91886520385742
2683,30.501049041748047
2684,42.33235549926758
2685,39.07277297973633
2686,23.824148178100586
2687,63.3757438659668
2688,37.472415924072266
2689,21.668685913085938
2690,72.53882598876953
2691,38.79977798461914
2692,19.634765625
2693,25.98783302307129
2694,24.582489013671875
2695,54.03898239135742
2696,36.97697448730469
2697,55.832637786865234
2698,40.07090377807617
2699,70.33309936523438
2700,26.366846084594727
2701,17.968812942504883
2702,27.780794143676758
2703,49.39481735229492
2704,37.48869705200195
2705,23.203752517700195
2706,45.22937774658203
2707,21.885601043701172
2708,27.320024490356445
2709,54.711307525634766
2710,45.73841094970703
2711,30.412599563598633
2712,15.910235404968262
2713,53.81786346435547
2714,21.22254753112793
2715,39.228179931640625
2716,31.466999053955078
2717,15.561724662780762
2718,17.03537940979004
2719,49.69097137451172
2720,14.809208869934082
2721,110.37055969238281
2722,16.402851104736328
2723,15.708959579467773
2724,40.8852653503418
2725,30.835012435913086
2726,35.988853454589844
2727,27.917890548706055
2728,54.00239562988281
2729,41.44419479370117
2730,118.9944839477539
2731,26.28490447998047
2732,55.41461944580078
2733,33.53593444824219
2734,38.91861343383789
2735,42.47190475463867
2736,40.51007843017578
2737,36.62432098388672
2738,40.942100524902344
2739,18.019243240356445
2740,32.50262451171875
2741,51.97700500488281
2742,48.26123046875
2743,32.8739128112793
2744,29.69413948059082
2745,27.697338104248047
2746,55.45606994628906
2747,28.76309585571289
2748,23.504499435424805
2749,23.35212516784668
2750,27.059158325195312
2751,29.140071868896484
2752,56.54694366455078
2753,47.03437805175781
2754,20.460107803344727
2755,15.2759428024292
2756,15.038080215454102
2757,56.661128997802734
2758,28.580839157104492
2759,34.21919631958008
2760,45.81462478637695
2761,28.104795455932617
2762,40.256954193115234
2763,33.6507568359375
2764,25.366106033325195
2765,85.93760681152344
2766,32.729496002197266
2767,24.579971313476562
2768,28.62187957763672
2769,43.93864440917969
2770,21.147972106933594
2771,34.80964660644531
2772,34.36236572265625
2773,29.72796058654785
2774,19.73772621154785
2775,25.010848999023438
2776,78.411376953125
2777,37.404911041259766
2778,38.32048797607422
2779,33.090816497802734
2780,12.281563758850098
2781,35.904510498046875
2782,75.96349334716797
2783,56.89308166503906
2784,37.64964294433594
2785,54.00094223022461
2786,32.09737777709961
2787,47.33272171020508
2788,31.56385612487793
2789,47.45432662963867
2790,59.33297348022461
2791,29.85857582092285
2792,50.16548156738281
2793,74.22430419921875
2794,77.69132232666016
2795,29.304115295410156
2796,33.49125671386719
2797,20.32759666442871
2798,54.75129699707031
2799,25.869089126586914
2800,18.92442512512207
2801,46.85885238647461
2802,45.32278823852539
2803,61.92404556274414
2804,67.86307525634766
2805,63.977664947509766
2806,30.3530216217041
2807,42.29690170288086
2808,38.97255325317383
2809,23.743488311767578
2810,63.454010009765625
2811,37.240394592285156
2812,21.630762100219727
2813,72.11097717285156
2814,38.70492172241211
2815,19.593544006347656
2816,25.90520668029785
2817,24.552413940429688
2818,54.11412811279297
2819,36.91764450073242
2820,55.940677642822266
2821,40.02052307128906
2822,70.48236083984375
2823,26.265968322753906
2824,17.898639678955078
2825,27.752052307128906
2826,49.31796646118164
2827,37.39371871948242
2828,23.142385482788086
2829,45.169349670410156
2830,21.851240158081055
2831,27.135515213012695
2832,54.65875244140625
2833,45.81196594238281
2834,30.3127384185791
2835,15.826133728027344
2836,53.785335540771484
2837,21.222618103027344
2838,39.05845642089844
2839,31.371532440185547
2840,15.51577091217041
2841,16.93852996826172
2842,49.6318359375
2843,14.825667381286621
2844,110.30623626708984
2845,16.33180809020996
2846,15.666531562805176
2847,40.68473815917969
2848,30.868913650512695
2849,35.88277053833008
2850,27.92015266418457
2851,53.86997604370117
2852,41.37229537963867
2853,119.02244567871094
2854,26.212392807006836
2855,55.327919006347656
2856,33.36436080932617
2857,38.99077224731445
2858,42.50800323486328
2859,40.51420593261719
2860,36.413169860839844
2861,40.81655502319336
2862,17.909461975097656
2863,32.5072021484375
2864,51.79005813598633
2865,48.04156494140625
2866,32.86747360229492
2867,29.546627044677734
2868,27.69070816040039
2869,55.430362701416016
2870,28.74795913696289
2871,23.4453182220459
2872,23.23119354248047
2873,27.055076599121094
2874,29.00136375427246
2875,56.517852783203125
2876,46.867984771728516
2877,20.396930694580078
2878,15.3013334274292
2879,15.085902214050293
2880,56.63408279418945
2881,28.384145736694336
2882,34.158447265625
2883,45.78044509887695
2884,28.00648307800293
2885,40.073219299316406
2886,33.631805419921875
2887,25.3028564453125
2888,85.84087371826172
2889,32.59687042236328
2890,24.55418586730957
2891,28.5632266998291
2892,43.799591064453125
2893,21.122480392456055
2894,34.76014709472656
2895,34.18648147583008
2896,29.619930267333984
2897,19.769920349121094
2898,25.00144386291504
2899,78.39376068115234
2900,37.312904357910156
2901,38.40725326538086
2902,33.06290817260742
2903,12.31377124786377
2904,35.9502067565918
2905,75.83003997802734
2906,56.83876419067383
2907,37.60099792480469
2908,53.98755645751953
2909,32.05104064941406
2910,47.30748748779297
2911,31.633413314819336
2912,47.39515686035156
2913,59.12858963012695
2914,29.896343231201172
2915,50.138187408447266
2916,74.11933898925781
2917,77.5732650756836
2918,29.23429298400879
2919,33.36125946044922
2920,20.289756774902344
2921,54.62935256958008
2922,25.87350845336914
2923,18.844175338745117
2924,46.85251235961914
2925,45.325157165527344
2926,61.71879196166992
2927,67.85372924804688
2928,64.00689697265625
2929,30.226293563842773
2930,42.24934387207031
2931,38.87824249267578
2932,23.64898109436035
2933,63.5015983581543
2934,37.03389358520508
2935,21.599685668945312
2936,71.74850463867188
2937,38.6298828125
2938,19.56122589111328
2939,25.828561782836914
2940,24.521881103515625
2941,54.20454788208008
2942,36.869171142578125
2943,56.04127883911133
2944,39.963531494140625
2945,70.59673309326172
2946,26.18634605407715
2947,17.845964431762695
2948,27.72516632080078
2949,49.24492645263672
2950,37.305206298828125
2951,23.08851432800293
2952,45.10823059082031
2953,21.819786071777344
2954,26.980270385742188
2955,54.59764099121094
2956,45.865806579589844
2957,30.2354679107666
2958,15.749356269836426
2959,53.73764419555664
2960,21.215839385986328
2961,38.91773986816406
2962,31.28744888305664
2963,15.47384262084961
2964,16.858671188354492
2965,49.56779861450195
2966,14.823433876037598
2967,110.23486328125
2968,16.27090835571289
2969,15.627588272094727
2970,40.518524169921875
2971,30.89573097229004
2972,35.790531158447266
2973,27.901748657226562
2974,53.74979019165039
2975,41.301902770996094
2976,119.01669311523438
2977,26.151330947875977
2978,55.24221420288086
2979,33.22140884399414
2980,39.04433059692383
2981,42.53377914428711
2982,40.51264953613281
2983,36.233238220214844
2984,40.702484130859375
2985,17.81097984313965
2986,32.50537872314453
2987,51.60893630981445
2988,47.85485076904297
2989,32.86133575439453
2990,29.411039352416992
2991,27.703561782836914
2992,55.41630172729492
2993,28.72344207763672
2994,23.393747329711914
2995,23.124217987060547
2996,27.05742835998535
2997,28.87858772277832
2998,56.473876953125
2999,46.714195251464844
3000,20.338945388793945
3001,15.348897933959961
3002,15.131722450256348
3003,56.568458557128906
3004,28.204309463500977
3005,34.101539611816406
3006,45.75102233886719
3007,27.91987419128418
3008,39.901954650878906
3009,33.61949157714844
3010,25.249256134033203
3011,85.72347259521484
3012,32.51291275024414
3013,24.523557662963867
3014,28.510194778442383
3015,43.66667556762695
3016,21.10276985168457
3017,34.7120361328125
3018,34.03140640258789
3019,29.522830963134766
3020,19.77646827697754
3021,24.974849700927734
3022,78.33954620361328
3023,37.21321487426758
3024,38.44805145263672
3025,33.03950119018555
3026,12.329957962036133
3027,35.975711822509766
3028,75.71107482910156
3029,56.76914596557617
3030,37.55632400512695
3031,53.97201156616211
3032,32.0249137878418
3033,47.27642822265625
3034,31.713172912597656
3035,47.32940673828125
3036,58.931888580322266
3037,29.944595336914062
3038,50.10204315185547
3039,74.00012969970703
3040,77.42920684814453
3041,29.16998291015625
3042,33.24693298339844
3043,20.253002166748047
3044,54.50465393066406
3045,25.875144958496094
3046,18.77051544189453
3047,46.83818817138672
3048,45.32002639770508
3049,61.52091598510742
3050,67.83045959472656
3051,64.01362609863281
3052,30.110065460205078
3053,42.192447662353516
3054,38.78971862792969
3055,23.551010131835938
3056,63.522499084472656
3057,36.84810256958008
3058,21.57756805419922
3059,71.42828369140625
3060,38.57020568847656
3061,19.539995193481445
3062,25.763803482055664
3063,24.49180793762207
3064,54.30282974243164
3065,36.83042526245117
3066,56.13603591918945
3067,39.90523910522461
3068,70.67847442626953
3069,26.12066078186035
3070,17.805761337280273
3071,27.701221466064453
3072,49.17526626586914
3073,37.223175048828125
3074,23.042619705200195
3075,45.04616165161133
3076,21.791425704956055
3077,26.846881866455078
3078,54.528350830078125
3079,45.904685974121094
3080,30.17481231689453
3081,15.678667068481445
3082,53.675689697265625
3083,21.20474624633789
3084,38.793846130371094
3085,31.212514877319336
3086,15.43148422241211
3087,16.788307189941406
3088,49.50076675415039
3089,14.811979293823242
3090,110.16246032714844
3091,16.21520233154297
3092,15.5880765914917
3093,40.38138198852539
3094,30.91353988647461
3095,35.71239471435547
3096,27.873151779174805
3097,53.63971710205078
3098,41.22978973388672
3099,118.98548126220703
3100,26.097755432128906
3101,55.16162109375
3102,33.096763610839844
3103,39.08125686645508
3104,42.55246353149414
3105,40.50864791870117
3106,36.07535934448242
3107,40.5993766784668
3108,17.719573974609375
3109,32.4967155456543
3110,51.43635559082031
3111,47.69017028808594
3112,32.85437774658203
3113,29.284887313842773
3114,27.727495193481445
3115,55.403865814208984
3116,28.69426918029785
3117,23.350231170654297
3118,23.02886199951172
3119,27.063026428222656
3120,28.76639175415039
3121,56.416690826416016
3122,46.57050323486328
3123,20.2880859375
3124,15.40198802947998
3125,15.18056583404541
3126,56.48746871948242
3127,28.03855323791504
3128,34.04841613769531
3129,45.72563934326172
3130,27.843896865844727
3131,39.74812698364258
3132,33.611480712890625
3133,25.199321746826172
3134,85.59703063964844
3135,32.45502853393555
3136,24.49319839477539
3137,28.460092544555664
3138,43.53996658325195
3139,21.085399627685547
3140,34.664466857910156
3141,33.89219665527344
3142,29.434616088867188
3143,19.7686767578125
3144,24.93772315979004
3145,78.2701187133789
3146,37.11012649536133
3147,38.467227935791016
3148,33.01870346069336
3149,12.33804702758789
3150,35.98881149291992
3151,75.60096740722656
3152,56.690643310546875
3153,37.512210845947266
3154,53.95677185058594
3155,32.01689910888672
3156,47.24418258666992
3157,31.799345016479492
3158,47.26052474975586
3159,58.74264907836914
3160,29.998489379882812
3161,50.06063461303711
3162,73.87091064453125
3163,77.25978088378906
3164,29.10542869567871
3165,33.1388053894043
3166,20.214868545532227
3167,54.36788558959961
3168,25.884992599487305
3169,18.744491577148438
3170,46.80794906616211
3171,45.31132125854492
3172,61.38137435913086
3173,67.79342651367188
3174,64.00330352783203
3175,30.04813003540039
3176,42.149253845214844
3177,38.704158782958984
3178,23.443195343017578
3179,63.53748321533203
3180,36.663612365722656
3181,21.548505783081055
3182,71.1822509765625
3183,38.55116271972656
3184,19.494495391845703
3185,25.681703567504883
3186,24.448556900024414
3187,54.34981918334961
3188,36.81018829345703
3189,56.303367614746094
3190,39.80936813354492
3191,70.81986236572266
3192,26.084375381469727
3193,17.761695861816406
3194,27.65899085998535
3195,49.15216827392578
3196,37.13294219970703
3197,22.97905731201172
3198,45.02542495727539
3199,21.753694534301758
3200,26.701881408691406
3201,54.45961380004883
3202,45.947967529296875
3203,30.180355072021484
3204,15.611111640930176
3205,53.58238983154297
3206,21.179895401000977
3207,38.720680236816406
3208,31.14040184020996
3209,15.383254051208496
3210,16.738679885864258
3211,49.440635681152344
3212,14.846416473388672
3213,109.97256469726562
3214,16.18644142150879
3215,15.547980308532715
3216,40.26605987548828
3217,30.97451400756836
3218,35.62128829956055
3219,27.817516326904297
3220,53.540672302246094
3221,41.173858642578125
3222,118.97640991210938
3223,26.05862808227539
3224,55.078731536865234
3225,32.98785400390625
3226,39.122100830078125
3227,42.54685974121094
3228,40.494258880615234
3229,35.946937561035156
3230,40.51262283325195
3231,17.634061813354492
3232,32.482421875
3233,51.277854919433594
3234,47.55791091918945
3235,32.84275817871094
3236,29.165266036987305
3237,27.747224807739258
3238,55.37626647949219
3239,28.664234161376953
3240,23.316804885864258
3241,22.94403076171875
3242,27.06709098815918
3243,28.661197662353516
3244,56.33653259277344
3245,46.42768859863281
3246,20.250078201293945
3247,15.445509910583496
3248,15.23918342590332
3249,56.40632629394531
3250,27.88797950744629
3251,33.99708938598633
3252,45.7078971862793
3253,27.777690887451172
3254,39.607879638671875
3255,33.60039520263672
3256,25.151025772094727
3257,85.43037414550781
3258,32.38872146606445
3259,24.47428321838379
3260,28.41998291015625
3261,43.4211540222168
3262,21.065378189086914
3263,34.61650466918945
3264,33.768218994140625
3265,29.35911750793457
3266,19.765541076660156
3267,24.89946174621582
3268,78.18805694580078
3269,37.013484954833984
3270,38.48435592651367
3271,33.00008773803711
3272,12.345409393310547
3273,35.995086669921875
3274,75.49748992919922
3275,56.60892105102539
3276,37.46484375
3277,53.93889236450195
3278,32.015846252441406
3279,47.212913513183594
3280,31.878084182739258
3281,47.195613861083984
3282,58.57036590576172
3283,30.048250198364258
3284,50.018890380859375
3285,73.74858093261719
3286,77.10023498535156
3287,29.049510955810547
3288,33.036346435546875
3289,20.173254013061523
3290,54.25201416015625
3291,25.877147674560547
3292,18.685712814331055
3293,46.77484893798828
3294,45.31026840209961
3295,61.207183837890625
3296,67.7660140991211
3297,64.00365447998047
3298,29.993289947509766
3299,42.12409591674805
3300,38.60873794555664
3301,23.365121841430664
3302,63.55211639404297
3303,36.54108428955078
3304,21.522523880004883
3305,70.90393829345703
3306,38.47666931152344
3307,19.497859954833984
3308,25.626544952392578
3309,24.44135284423828
3310,54.56736373901367
3311,36.76518249511719
3312,56.327022552490234
3313,39.77927017211914
3314,70.83307647705078
3315,26.027334213256836
3316,17.74336814880371
3317,27.653108596801758
3318,49.05513000488281
3319,37.07313919067383
3320,22.957687377929688
3321,44.93609619140625
3322,21.735538482666016
3323,26.621976852416992
3324,54.3985481262207
3325,45.96493148803711
3326,30.083724975585938
3327,15.553582191467285
3328,53.555389404296875
3329,21.175565719604492
3330,38.59504699707031
3331,31.083871841430664
3332,15.352027893066406
3333,16.66814422607422
3334,49.37291717529297
3335,14.783817291259766
3336,109.99082946777344
3337,16.125354766845703
3338,15.516098976135254
3339,40.1530876159668
3340,30.97544288635254
3341,35.5646858215332
3342,27.812103271484375
3343,53.42559814453125
3344,41.096397399902344
3345,118.8671875
3346,26.003299713134766
3347,55.01384353637695
3348,32.88739776611328
3349,39.13457107543945
3350,42.58266830444336
3351,40.49749755859375
3352,35.80039596557617
3353,40.42351531982422
3354,17.55579948425293
3355,32.470977783203125
3356,51.12331771850586
3357,47.404701232910156
3358,32.83928680419922
3359,29.058177947998047
3360,27.776681900024414
3361,55.38010787963867
3362,28.632579803466797
3363,23.27618408203125
3364,22.86415672302246
3365,27.073150634765625
3366,28.569150924682617
3367,56.30308532714844
3368,46.315391540527344
3369,20.19691276550293
3370,15.50751781463623
3371,15.267237663269043
3372,56.321231842041016
3373,27.74138832092285
3374,33.953033447265625
3375,45.677791595458984
3376,27.71438217163086
3377,39.4752311706543
3378,33.600887298583984
3379,25.11115074157715
3380,85.37128448486328
3381,32.37651824951172
3382,24.431997299194336
3383,28.367454528808594
3384,43.30919647216797
3385,21.05832862854004
3386,34.57823181152344
3387,33.64409255981445
3388,29.27132797241211
3389,19.739269256591797
3390,24.86223602294922
3391,78.11153411865234
3392,36.92073440551758
3393,38.47419738769531
3394,32.98233413696289
3395,12.348505020141602
3396,36.00185012817383
3397,75.39693450927734
3398,56.53390884399414
3399,37.430694580078125
3400,53.926998138427734
3401,32.01700210571289
3402,47.17512130737305
3403,31.96238899230957
3404,47.12855529785156
3405,58.394474029541016
3406,30.102304458618164
3407,49.97893142700195
3408,73.62362670898438
3409,76.92778778076172
3410,28.990371704101562
3411,32.93198776245117
3412,20.133134841918945
3413,54.12071228027344
3414,25.888769149780273
3415,18.66373062133789
3416,46.7396125793457
3417,45.316104888916016
3418,61.085689544677734
3419,67.74266052246094
3420,64.00392150878906
3421,29.96430778503418
3422,42.11210632324219
3423,38.519561767578125
3424,23.286685943603516
3425,63.574546813964844
3426,36.409873962402344
3427,21.490291595458984
3428,70.6665267944336
3429,38.435977935791016
3430,19.478057861328125
3431,25.56057357788086
3432,24.42230224609375
3433,54.719459533691406
3434,36.7360954284668
3435,56.42732238769531
3436,39.719940185546875
3437,70.91417694091797
3438,25.987085342407227
3439,17.712739944458008
3440,27.63064193725586
3441,49.00408935546875
3442,37.005126953125
3443,22.919984817504883
3444,44.888004302978516
3445,21.709199905395508
3446,26.5170841217041
3447,54.339115142822266
3448,45.994102478027344
3449,30.043182373046875
3450,15.497698783874512
3451,53.499725341796875
3452,21.162580490112305
3453,38.49905776977539
3454,31.026275634765625
3455,15.311074256896973
3456,16.606233596801758
3457,49.31525421142578
3458,14.775164604187012
3459,109.91905212402344
3460,16.08028221130371
3461,15.479898452758789
3462,40.050392150878906
3463,31.000450134277344
3464,35.502323150634766
3465,27.790878295898438
3466,53.32899856567383
3467,41.03138732910156
3468,118.81343841552734
3469,25.95818328857422
3470,54.95252990722656
3471,32.781700134277344
3472,39.15510559082031
3473,42.59836196899414
3474,40.49546813964844
3475,35.66569137573242
3476,40.34442138671875
3477,17.4782657623291
3478,32.457786560058594
3479,50.9857177734375
3480,47.26511764526367
3481,32.83391189575195
3482,28.956212997436523
3483,27.79787826538086
3484,55.374263763427734
3485,28.605506896972656
3486,23.241619110107422
3487,22.789527893066406
3488,27.07984733581543
3489,28.474637985229492
3490,56.26054763793945
3491,46.20100021362305
3492,20.14916229248047
3493,15.560036659240723
3494,15.30613899230957
3495,56.246150970458984
3496,27.59430503845215
3497,33.91203308105469
3498,45.65775680541992
3499,27.657255172729492
3500,39.3482551574707
3501,33.59920120239258
3502,25.07094383239746
3503,85.28225708007812
3504,32.34970474243164
3505,24.403221130371094
3506,28.325546264648438
3507,43.202205657958984
3508,21.048479080200195
3509,34.54464340209961
3510,33.525047302246094
3511,29.193044662475586
3512,19.723480224609375
3513,24.829544067382812
3514,78.03527069091797
3515,36.837684631347656
3516,38.46879577636719
3517,32.96539306640625
3518,12.354501724243164
3519,36.00844192504883
3520,75.29903411865234
3521,56.463409423828125
3522,37.400291442871094
3523,53.915283203125
3524,32.01372528076172
3525,47.134986877441406
3526,32.03691864013672
3527,47.06756591796875
3528,58.23173904418945
3529,30.15138053894043
3530,49.9407844543457
3531,73.50930786132812
3532,76.77220153808594
3533,28.93573760986328
3534,32.836631774902344
3535,20.099010467529297
3536,53.9985237121582
3537,25.898229598999023
3538,18.6375675201416
3539,46.711036682128906
3540,45.318641662597656
3541,60.96705627441406
3542,67.72039031982422
3543,64.00180053710938
3544,29.928081512451172
3545,42.09603500366211
3546,38.4381217956543
3547,23.216468811035156
3548,63.59028244018555
3549,36.28749465942383
3550,21.464059829711914
3551,70.43575286865234
3552,38.39685821533203
3553,19.461360931396484
3554,25.504600524902344
3555,24.404680252075195
3556,54.84953308105469
3557,36.7078742980957
3558,56.512046813964844
3559,39.66850280761719
3560,70.98117065429688
3561,25.94666290283203
3562,17.684040069580078
3563,27.61165428161621
3564,48.95208740234375
3565,36.94239044189453
3566,22.888906478881836
3567,44.83842086791992
3568,21.685468673706055
3569,26.415842056274414
3570,54.281795501708984
3571,46.01871109008789
3572,30.004987716674805
3573,15.44602108001709
3574,53.446353912353516
3575,21.15180206298828
3576,38.405704498291016
3577,30.972583770751953
3578,15.273829460144043
3579,16.546659469604492
3580,49.26113510131836
3581,14.765392303466797
3582,109.85799407958984
3583,16.03694725036621
3584,15.447712898254395
3585,39.95335388183594
3586,31.021055221557617
3587,35.447139739990234
3588,27.769678115844727
3589,53.24183654785156
3590,40.970054626464844
3591,118.76348876953125
3592,25.916391372680664
3593,54.895660400390625
3594,32.67949676513672
3595,39.1717414855957
3596,42.61168670654297
3597,40.49357986450195
3598,35.53742218017578
3599,40.27138900756836
3600,17.405654907226562
3601,32.444725036621094
3602,50.858367919921875
3603,47.13212966918945
3604,32.82846450805664
3605,28.861112594604492
3606,27.816347122192383
3607,55.367469787597656
3608,28.580320358276367
3609,23.209671020507812
3610,22.72073745727539
3611,27.085973739624023
3612,28.38475227355957
3613,56.21995544433594
3614,46.09333038330078
3615,20.10350227355957
3616,15.608358383178711
3617,15.341795921325684
3618,56.17500305175781
3619,27.455129623413086
3620,33.87395095825195
3621,45.63902282714844
3622,27.606218338012695
3623,39.22999572753906
3624,33.59716796875
3625,25.032793045043945
3626,85.1982421875
3627,32.32379913330078
3628,24.377016067504883
3629,28.286754608154297
3630,43.101741790771484
3631,21.039518356323242
3632,34.51333999633789
3633,33.4133415222168
3634,29.11803436279297
3635,19.70761489868164
3636,24.798978805541992
3637,77.96200561523438
3638,36.76043701171875
3639,38.462249755859375
3640,32.949302673339844
3641,12.360753059387207
3642,36.0136833190918
3643,75.20428466796875
3644,56.39529037475586
3645,37.37007522583008
3646,53.90432357788086
3647,32.014930725097656
3648,47.0956916809082
3649,32.10765075683594
3650,47.009361267089844
3651,58.07698440551758
3652,30.197484970092773
3653,49.90416717529297
3654,73.39918518066406
3655,76.62030029296875
3656,28.883207321166992
3657,32.7460823059082
3658,20.06712532043457
3659,53.881263732910156
3660,25.906843185424805
3661,18.61656379699707
3662,46.683555603027344
3663,45.31990432739258
3664,60.85933303833008
3665,67.6977310180664
3666,63.99739456176758
3667,29.898447036743164
3668,42.0821418762207
3669,38.36117172241211
3670,23.152175903320312
3671,63.60228729248047
3672,36.1759147644043
3673,21.43994903564453
3674,70.2196273803711
3675,38.36087417602539
3676,19.4453125
3677,25.453414916992188
3678,24.38835906982422
3679,54.96642303466797
3680,36.681095123291016
3681,56.58794021606445
3682,39.6208381652832
3683,71.04082489013672
3684,25.90887451171875
3685,17.657350540161133
3686,27.593891143798828
3687,48.90227127075195
3688,36.88396072387695
3689,22.861412048339844
3690,44.79093933105469
3691,21.66269874572754
3692,26.320261001586914
3693,54.22819900512695
3694,46.040306091308594
3695,29.971498489379883
3696,15.398736000061035
3697,53.39584732055664
3698,21.141456604003906
3699,38.31918716430664
3700,30.923046112060547
3701,15.239175796508789
3702,16.490571975708008
3703,49.2103157043457
3704,14.755632400512695
3705,109.79796600341797
3706,15.997161865234375
3707,15.418603897094727
3708,39.862674713134766
3709,31.043663024902344
3710,35.395301818847656
3711,27.74805450439453
3712,53.16051483154297
3713,40.91278839111328
3714,118.71319580078125
3715,25.877727508544922
3716,54.842262268066406
3717,32.58233642578125
3718,39.185733795166016
3719,42.6226921081543
3720,40.49118423461914
3721,35.41604995727539
3722,40.20509719848633
3723,17.337337493896484
3724,32.431087493896484
3725,50.74036407470703
3726,47.00652313232422
3727,32.82290267944336
3728,28.77263069152832
3729,27.83278465270996
3730,55.3602180480957
3731,28.55600357055664
3732,23.180265426635742
3733,22.657302856445312
3734,27.090478897094727
3735,28.301389694213867
3736,56.182498931884766
3737,45.9944953918457
3738,20.06031036376953
3739,15.65329647064209
3740,15.373174667358398
3741,56.10721206665039
3742,27.325679779052734
3743,33.83867263793945
3744,45.619842529296875
3745,27.56081771850586
3746,39.12086868286133
3747,33.59550476074219
3748,24.997041702270508
3749,85.12044525146484
3750,32.301963806152344
3751,24.352210998535156
3752,28.250608444213867
3753,43.00735092163086
3754,21.031435012817383
3755,34.48378372192383
3756,33.30927658081055
3757,29.04651641845703
3758,19.690773010253906
3759,24.769195556640625
3760,77.88792419433594
3761,36.687889099121094
3762,38.45241165161133
3763,32.934017181396484
3764,12.367161750793457
3765,36.017066955566406
3766,75.1114273071289
3767,56.32598114013672
3768,37.337982177734375
3769,53.893611907958984
3770,32.02418518066406
3771,47.05597686767578
3772,32.17707061767578
3773,46.95112991333008
3774,57.926795959472656
3775,30.243152618408203
3776,49.86699676513672
3777,73.28797149658203
3778,76.4636001586914
3779,28.831199645996094
3780,32.66026306152344
3781,20.036819458007812
3782,53.7667236328125
3783,25.915353775024414
3784,18.604049682617188
3785,46.65497970581055
3786,45.31926727294922
3787,60.764644622802734
3788,67.67242431640625
3789,63.988502502441406
3790,29.87969970703125
3791,42.071475982666016
3792,38.28734588623047
3793,23.094038009643555
3794,63.60768508911133
3795,36.075199127197266
3796,21.41875457763672
3797,70.01807403564453
3798,38.32815170288086
3799,19.43100929260254
3800,25.406888961791992
3801,24.37303352355957
3802,55.073272705078125
3803,36.65633773803711
3804,56.654659271240234
3805,39.57583999633789
3806,71.09029388427734
3807,25.874298095703125
3808,17.632713317871094
3809,27.576866149902344
3810,48.854061126708984
3811,36.830482482910156
3812,22.83564567565918
3813,44.74494171142578
3814,21.639822006225586
3815,26.235872268676758
3816,54.180511474609375
3817,46.05758285522461
3818,29.941184997558594
3819,15.3556547164917
3820,53.34732437133789
3821,21.13129425048828
3822,38.239498138427734
3823,30.87698745727539
3824,15.207245826721191
3825,16.43953514099121
3826,49.16164779663086
3827,14.75249195098877
3828,109.72669982910156
3829,15.962834358215332
3830,15.391887664794922
3831,39.77882385253906
3832,31.072784423828125
3833,35.34492874145508
3834,27.727453231811523
3835,53.081932067871094
3836,40.85875701904297
3837,118.65859985351562
3838,25.841632843017578
3839,54.79197692871094
3840,32.49102020263672
3841,39.1967887878418
3842,42.631126403808594
3843,40.488094329833984
3844,35.3022346496582
3845,40.14433670043945
3846,17.273195266723633
3847,32.416908264160156
3848,50.63029098510742
3849,46.88874816894531
3850,32.81719970703125
3851,28.689558029174805
3852,27.847490310668945
3853,55.351749420166016
3854,28.532251358032227
3855,23.152883529663086
3856,22.598970413208008
3857,27.093467712402344
3858,28.223365783691406
3859,56.14628219604492
3860,45.902042388916016
3861,20.01981544494629
3862,15.69400405883789
3863,15.403350830078125
3864,56.04372787475586
3865,27.203262329101562
3866,33.805397033691406
3867,45.601539611816406
3868,27.51962661743164
3869,39.01952362060547
3870,33.593849182128906
3871,24.962230682373047
3872,85.0427017211914
3873,32.28108596801758
3874,24.33056640625
3875,28.21786880493164
3876,42.91716384887695
3877,21.023162841796875
3878,34.456356048583984
3879,33.21022033691406
3880,28.980913162231445
3881,19.676837921142578
3882,24.74024200439453
3883,77.81431579589844
3884,36.61871337890625
3885,38.441715240478516
3886,32.91938781738281
3887,12.372415542602539
3888,36.01845932006836
3889,75.02289581298828
3890,56.25931167602539
3891,37.30756759643555
3892,53.88376235961914
3893,32.034637451171875
3894,47.017906188964844
3895,32.2441291809082
3896,46.89560317993164
3897,57.783905029296875
3898,30.287023544311523
3899,49.83119201660156
3900,73.18135070800781
3901,76.31204223632812
3902,28.781864166259766
3903,32.57829284667969
3904,20.007780075073242
3905,53.655784606933594
3906,25.92344093322754
3907,18.594064712524414
3908,46.627140045166016
3909,45.317996978759766
3910,60.67661666870117
3911,67.64730834960938
3912,63.97813034057617
3913,29.863380432128906
3914,42.060546875
3915,38.2176513671875
3916,23.03679084777832
3917,63.610774993896484
3918,35.9791374206543
3919,21.398168563842773
3920,69.83318328857422
3921,38.301918029785156
3922,19.413652420043945
3923,25.361469268798828
3924,24.35669708251953
3925,55.15675354003906
3926,36.633968353271484
3927,56.71751403808594
3928,39.527618408203125
3929,71.13368225097656
3930,25.840206146240234
3931,17.60113525390625
3932,27.547733306884766
3933,48.8149528503418
3934,36.78968048095703
3935,22.7849178314209
3936,44.71440505981445
3937,21.59742546081543
3938,26.20560646057129
3939,54.18410873413086
3940,46.0748176574707
3941,29.902835845947266
3942,15.324975967407227
3943,53.333255767822266
3944,21.11974334716797
3945,38.18365478515625
3946,30.834684371948242
3947,15.183598518371582
3948,16.40554428100586
3949,49.11918640136719
3950,14.89123249053955
3951,109.42002868652344
3952,15.973509788513184
3953,15.355972290039062
3954,39.68805694580078
3955,31.240707397460938
3956,35.24423599243164
3957,27.779277801513672
3958,52.939693450927734
3959,40.80266571044922
3960,118.55076599121094
3961,25.79230308532715
3962,54.75228500366211
3963,32.39250183105469
3964,39.219234466552734
3965,42.650535583496094
3966,40.49235534667969
3967,35.17165756225586
3968,40.077754974365234
3969,17.202970504760742
3970,32.41019821166992
3971,50.532127380371094
3972,46.757102966308594
3973,32.81547546386719
3974,28.60610008239746
3975,27.84603500366211
3976,55.352821350097656
3977,28.51822853088379
3978,23.119842529296875
3979,22.533483505249023
3980,27.1033935546875
3981,28.127891540527344
3982,56.130470275878906
3983,45.8005485534668
3984,19.968481063842773
3985,15.737500190734863
3986,15.442497253417969
3987,55.99951934814453
3988,27.050689697265625
3989,33.77560043334961
3990,45.594722747802734
3991,27.47195053100586
3992,38.90259552001953
3993,33.594757080078125
3994,24.926254272460938
3995,84.9850845336914
3996,32.24811935424805
3997,24.3131103515625
3998,28.185007095336914
3999,42.825653076171875
4000,21.017005920410156
4001,34.44025802612305
4002,33.09556579589844
4003,28.90748405456543
4004,19.67094612121582
4005,24.72503089904785
4006,77.77140045166016
4007,36.56032943725586
4008,38.44386672973633
4009,32.90267562866211
4010,12.38389778137207
4011,36.033119201660156
4012,74.93721771240234
4013,56.21902847290039
4014,37.299400329589844
4015,53.88054275512695
4016,32.01185607910156
4017,46.97814178466797
4018,32.29734420776367
4019,46.8538932800293
4020,57.6521110534668
4021,30.32171630859375
4022,49.806884765625
4023,73.10409545898438
4024,76.20842742919922
4025,28.73724365234375
4026,32.494239807128906
4027,19.98552894592285
4028,53.54827880859375
4029,25.9433536529541
4030,18.57134246826172
4031,46.6170539855957
4032,45.32754898071289
4033,60.590232849121094
4034,67.6430435180664
4035,63.9865837097168
4036,29.823745727539062
4037,42.05556869506836
4038,38.15137481689453
4039,23.0019588470459
4040,63.628211975097656
4041,35.87726974487305
4042,21.382381439208984
4043,69.60334014892578
4044,38.26291275024414
4045,19.403610229492188
4046,25.329360961914062
4047,24.344467163085938
4048,55.23909378051758
4049,36.60741424560547
4050,56.78556442260742
4051,39.49909210205078
4052,71.19290924072266
4053,25.79568099975586
4054,17.575241088867188
4055,27.54469871520996
4056,48.76614761352539
4057,36.73024368286133
4058,22.78782844543457
4059,44.66228485107422
4060,21.595983505249023
4061,26.05893325805664
4062,54.094295501708984
4063,46.101253509521484
4064,29.878387451171875
4065,15.274727821350098
4066,53.2695426940918
4067,21.11521339416504
4068,38.07903289794922
4069,30.789535522460938
4070,15.142558097839355
4071,16.328420639038086
4072,49.076358795166016
4073,14.76771354675293
4074,109.59371185302734
4075,15.892600059509277
4076,15.3353910446167
4077,39.60803985595703
4078,31.13846206665039
4079,35.24638366699219
4080,27.713516235351562
4081,52.927696228027344
4082,40.75408935546875
4083,118.57867431640625
4084,25.766048431396484
4085,54.707088470458984
4086,32.29536819458008
4087,39.22502899169922
4088,42.65974426269531
4089,40.49183654785156
4090,35.06190490722656
4091,40.02677917480469
4092,17.144702911376953
4093,32.3934326171875
4094,50.43070983886719
4095,46.63972473144531
4096,32.81047439575195
4097,28.533090591430664
4098,27.868328094482422
4099,55.34578323364258
4100,28.493871688842773
4101,23.09561538696289
4102,22.48496437072754
4103,27.09946060180664
4104,28.070476531982422
4105,56.1119499206543
4106,45.73752212524414
4107,19.93185043334961
4108,15.769856452941895
4109,15.45457649230957
4110,55.94348907470703
4111,26.955238342285156
4112,33.74648666381836
4113,45.565757751464844
4114,27.440290451049805
4115,38.82344055175781
4116,33.59585189819336
4117,24.896677017211914
4118,84.94004821777344
4119,32.249725341796875
4120,24.28546905517578
4121,28.154495239257812
4122,42.745140075683594
4123,21.012155532836914
4124,34.41432571411133
4125,33.011199951171875
4126,28.84781837463379
4127,19.651994705200195
4128,24.695310592651367
4129,77.6738052368164
4130,36.50078582763672
4131,38.41865539550781
4132,32.89101028442383
4133,12.38813304901123
4134,36.026588439941406
4135,74.8554916381836
4136,56.15071105957031
4137,37.27348327636719
4138,53.8671760559082
4139,32.01771545410156
4140,46.9348258972168
4141,32.351985931396484
4142,46.8038330078125
4143,57.52778625488281
4144,30.36185073852539
4145,49.76884841918945
4146,73.00294494628906
4147,76.06486511230469
4148,28.69281768798828
4149,32.42835235595703
4150,19.96436882019043
4151,53.44715881347656
4152,25.945030212402344
4153,18.558883666992188
4154,46.5940055847168
4155,45.31541061401367
4156,60.504512786865234
4157,67.60941314697266
4158,63.962650299072266
4159,29.804359436035156
4160,42.03559112548828
4161,38.089717864990234
4162,22.953842163085938
4163,63.611209869384766
4164,35.79603576660156
4165,21.37333106994629
4166,69.42916870117188
4167,38.23787307739258
4168,19.395721435546875
4169,25.298765182495117
4170,24.33019256591797
4171,55.31708908081055
4172,36.586334228515625
4173,56.82798385620117
4174,39.46348190307617
4175,71.21788787841797
4176,25.768871307373047
4177,17.5595760345459
4178,27.534456253051758
4179,48.71792984008789
4180,36.6828498840332
4181,22.776634216308594
4182,44.61416244506836
4183,21.578960418701172
4184,25.97614288330078
4185,54.0417594909668
4186,46.10818099975586
4187,29.8629093170166
4188,15.238456726074219
4189,53.218177795410156
4190,21.10566520690918
4191,38.012176513671875
4192,30.752321243286133
4193,15.11522102355957
4194,16.28322410583496
4195,49.03208923339844
4196,14.749908447265625
4197,109.54634094238281
4198,15.861331939697266
4199,15.314871788024902
4200,39.53974533081055
4201,31.158178329467773
4202,35.20882797241211
4203,27.6834716796875
4204,52.86785125732422
4205,40.70679473876953
4206,118.52815246582031
4207,25.73813247680664
4208,54.66249084472656
4209,32.21607208251953
4210,39.22711944580078
4211,42.663509368896484
4212,40.4873161315918
4213,34.96485900878906
4214,39.97952651977539
4215,17.089746475219727
4216,32.376338958740234
4217,50.33618927001953
4218,46.538944244384766
4219,32.804100036621094
4220,28.46233558654785
4221,27.88397216796875
4222,55.334510803222656
4223,28.470048904418945
4224,23.074909210205078
4225,22.438980102539062
4226,27.09885597229004
4227,28.007240295410156
4228,56.07719039916992
4229,45.66279602050781
4230,19.89796257019043
4231,15.80288028717041
4232,15.477631568908691
4233,55.88315963745117
4234,26.853357315063477
4235,33.71807861328125
4236,45.54753875732422
4237,27.41144561767578
4238,38.74043655395508
4239,33.594520568847656
4240,24.867122650146484
4241,84.86322021484375
4242,32.23824691772461
4243,24.266939163208008
4244,28.130125045776367
4245,42.66630172729492
4246,21.005748748779297
4247,34.39018249511719
4248,32.9285888671875
4249,28.791057586669922
4250,19.636049270629883
4251,24.666980743408203
4252,77.58572387695312
4253,36.44207763671875
4254,38.394691467285156
4255,32.87901306152344
4256,12.390077590942383
4257,36.019615173339844
4258,74.7772216796875
4259,56.08769989013672
4260,37.24818420410156
4261,53.85569381713867
4262,32.024723052978516
4263,46.89599609375
4264,32.40493392944336
4265,46.75762939453125
4266,57.409400939941406
4267,30.398944854736328
4268,49.734130859375
4269,72.9084243774414
4270,75.92876434326172
4271,28.650123596191406
4272,32.36106872558594
4273,19.942277908325195
4274,53.347450256347656
4275,25.948301315307617
4276,18.553741455078125
4277,46.5693473815918
4278,45.30621337890625
4279,60.42974090576172
4280,67.57823944091797
4281,63.941558837890625
4282,29.795907974243164
4283,42.02323913574219
4284,38.02792739868164
4285,22.909378051757812
4286,63.59850311279297
4287,35.71946334838867
4288,21.361988067626953
4289,69.26165008544922
4290,38.214012145996094
4291,19.385906219482422
4292,25.266815185546875
4293,24.317262649536133
4294,55.39484405517578
4295,36.565372467041016
4296,56.871734619140625
4297,39.428001403808594
4298,71.24774169921875
4299,25.743350982666016
4300,17.542959213256836
4301,27.523462295532227
4302,48.67280960083008
4303,36.63721466064453
4304,22.7644100189209
4305,44.56930160522461
4306,21.561094284057617
4307,25.895082473754883
4308,53.99369430541992
4309,46.11581039428711
4310,29.849346160888672
4311,15.204252243041992
4312,53.16969299316406
4313,21.096309661865234
4314,37.94870376586914
4315,30.716163635253906
4316,15.089324951171875
4317,16.239547729492188
4318,48.99011993408203
4319,14.741464614868164
4320,109.4863052368164
4321,15.833367347717285
4322,15.2958402633667
4323,39.47157669067383
4324,31.187532424926758
4325,35.169010162353516
4326,27.658510208129883
4327,52.80703353881836
4328,40.66141128540039
4329,118.47754669189453
4330,25.710195541381836
4331,54.620304107666016
4332,32.13750457763672
4333,39.22937774658203
4334,42.66904830932617
4335,40.48394012451172
4336,34.86772918701172
4337,39.934165954589844
4338,17.036109924316406
4339,32.36020278930664
4340,50.246192932128906
4341,46.43852615356445
4342,32.79819107055664
4343,28.394216537475586
4344,27.897937774658203
4345,55.32456588745117
4346,28.44745445251465
4347,23.053905487060547
4348,22.39455223083496
4349,27.096921920776367
4350,27.946584701538086
4351,56.04972839355469
4352,45.59337615966797
4353,19.863475799560547
4354,15.833539009094238
4355,15.4979887008667
4356,55.828006744384766
4357,26.75319480895996
4358,33.69114685058594
4359,45.529232025146484
4360,27.38421058654785
4361,38.6590690612793
4362,33.59327697753906
4363,24.83884048461914
4364,84.79053497314453
4365,32.226768493652344
4366,24.24942398071289
4367,28.108667373657227
4368,42.58946228027344
4369,20.999879837036133
4370,34.36854553222656
4371,32.84684371948242
4372,28.735124588012695
4373,19.6213321685791
4374,24.641464233398438
4375,77.49766540527344
4376,36.387367248535156
4377,38.367088317871094
4378,32.8672981262207
4379,12.388137817382812
4380,36.00910186767578
4381,74.70698547363281
4382,56.0351676940918
4383,37.23737716674805
4384,53.84148406982422
4385,32.00429916381836
4386,46.849822998046875
4387,32.43925476074219
4388,46.72137451171875
4389,57.30765914916992
4390,30.42937469482422
4391,49.69938659667969
4392,72.82637786865234
4393,75.81500244140625
4394,28.61091423034668
4395,32.30500030517578
4396,19.929584503173828
4397,53.25323486328125
4398,25.95049285888672
4399,18.538219451904297
4400,46.55548858642578
4401,45.29036331176758
4402,60.351959228515625
4403,67.54537200927734
4404,63.91450500488281
4405,29.77274513244629
4406,42.00310134887695
4407,37.97080612182617
4408,22.878271102905273
4409,63.57137680053711
4410,35.645851135253906
4411,21.36248779296875
4412,69.07844543457031
4413,38.18661117553711
4414,19.384906768798828
4415,25.25005531311035
4416,24.304351806640625
4417,55.44587326049805
4418,36.544471740722656
4419,56.89682388305664
4420,39.40162658691406
4421,71.25284576416016
4422,25.71172332763672
4423,17.52729034423828
4424,27.51529884338379
4425,48.62297821044922
4426,36.59553146362305
4427,22.757028579711914
4428,44.5195198059082
4429,21.545103073120117
4430,25.819480895996094
4431,53.945350646972656
4432,46.118743896484375
4433,29.83292579650879
4434,15.172221183776855
4435,53.11986541748047
4436,21.089126586914062
4437,37.87991714477539
4438,30.68173599243164
4439,15.0657958984375
4440,16.196773529052734
4441,48.94742965698242
4442,14.736926078796387
4443,109.4308853149414
4444,15.805148124694824
4445,15.278070449829102
4446,39.406654357910156
4447,31.209218978881836
4448,35.136146545410156
4449,27.635648727416992
4450,52.75205612182617
4451,40.614383697509766
4452,118.42984008789062
4453,25.683931350708008
4454,54.58039855957031
4455,32.0556755065918
4456,39.22843551635742
4457,42.6673469543457
4458,40.47871017456055
4459,34.773887634277344
4460,39.88961410522461
4461,16.982521057128906
4462,32.34337615966797
4463,50.16203308105469
4464,46.34272384643555
4465,32.7913932800293
4466,28.327407836914062
4467,27.908105850219727
4468,55.30907440185547
4469,28.427417755126953
4470,23.036670684814453
4471,22.35116195678711
4472,27.0986385345459
4473,27.87812614440918
4474,56.00667953491211
4475,45.51316452026367
4476,19.831745147705078
4477,15.861800193786621
4478,15.52893352508545
4479,55.77249526977539
4480,26.64798927307129
4481,33.66482925415039
4482,45.518856048583984
4483,27.3597469329834
4484,38.57894515991211
4485,33.59031295776367
4486,24.808183670043945
4487,84.69610595703125
4488,32.203857421875
4489,24.239471435546875
4490,28.088153839111328
4491,42.514198303222656
4492,20.992202758789062
4493,34.34587860107422
4494,32.76783752441406
4495,28.679840087890625
4496,19.60673713684082
4497,24.615276336669922
4498,77.42305755615234
4499,36.33100891113281
4500,38.34773254394531
4501,32.855228424072266
4502,12.38684368133545
4503,35.99850845336914
4504,74.63590240478516
4505,55.981388092041016
4506,37.22262954711914
4507,53.828731536865234
4508,31.992395401000977
4509,46.80595016479492
4510,32.47505187988281
4511,46.68532180786133
4512,57.208003997802734
4513,30.45886993408203
4514,49.66554260253906
4515,72.74671936035156
4516,75.70475006103516
4517,28.574363708496094
4518,32.249507904052734
4519,19.91613006591797
4520,53.16225814819336
4521,25.949432373046875
4522,18.51791000366211
4523,46.5413818359375
4524,45.275089263916016
4525,60.26780700683594
4526,67.51428985595703
4527,63.888221740722656
4528,29.741050720214844
4529,41.976932525634766
4530,37.91856384277344
4531,22.837684631347656
4532,63.54769515991211
4533,35.57368087768555
4534,21.359338760375977
4535,68.9112548828125
4536,38.16529846191406
4537,19.379621505737305
4538,25.229860305786133
4539,24.291847229003906
4540,55.503780364990234
4541,36.52436828613281
4542,56.92585754394531
4543,39.373023986816406
4544,71.26549530029297
4545,25.686546325683594
4546,17.51347541809082
4547,27.5078182220459
4548,48.57572555541992
4549,36.553810119628906
4550,22.751989364624023
4551,44.471588134765625
4552,21.52881622314453
4553,25.74141502380371
4554,53.897029876708984
4555,46.11994552612305
4556,29.824678421020508
4557,15.142060279846191
4558,53.069801330566406
4559,21.080585479736328
4560,37.81965255737305
4561,30.649559020996094
4562,15.041730880737305
4563,16.15477180480957
4564,48.907325744628906
4565,14.730022430419922
4566,109.36946868896484
4567,15.77915096282959
4568,15.261093139648438
4569,39.34568405151367
4570,31.231422424316406
4571,35.10328674316406
4572,27.608678817749023
4573,52.697696685791016
4574,40.57087326049805
4575,118.3846206665039
4576,25.65976905822754
4577,54.54179382324219
4578,31.9722900390625
4579,39.231685638427734
4580,42.65515899658203
4581,40.470359802246094
4582,34.685028076171875
4583,39.851200103759766
4584,16.92898178100586
4585,32.32528305053711
4586,50.08500671386719
4587,46.25190353393555
4588,32.78327178955078
4589,28.262182235717773
4590,27.91329002380371
4591,55.28852844238281
4592,28.409440994262695
4593,23.02275276184082
4594,22.309650421142578
4595,27.10310935974121
4596,27.804847717285156
4597,55.952884674072266
4598,45.42658233642578
4599,19.801464080810547
4600,15.889591217041016
4601,15.565134048461914
4602,55.71444320678711
4603,26.540916442871094
4604,33.639434814453125
4605,45.51382064819336
4606,27.338762283325195
4607,38.500732421875
4608,33.58646774291992
4609,24.77708625793457
4610,84.59232330322266
4611,32.17707061767578
4612,24.23311996459961
4613,28.06748390197754
4614,42.44117736816406
4615,20.98434066772461
4616,34.32291030883789
4617,32.69206237792969
4618,28.624343872070312
4619,19.589256286621094
4620,24.588125228881836
4621,77.35786437988281
4622,36.27434158325195
4623,38.33104705810547
4624,32.84303665161133
4625,12.385594367980957
4626,35.98721694946289
4627,74.56431579589844
4628,55.92618942260742
4629,37.204368591308594
4630,53.81741714477539
4631,31.990036010742188
4632,46.76346206665039
4633,32.51319122314453
4634,46.6490478515625
4635,57.10981369018555
4636,30.487995147705078
4637,49.63225555419922
4638,72.66876220703125
4639,75.59669494628906
4640,28.540868759155273
4641,32.19444274902344
4642,19.90163230895996
4643,53.07439041137695
4644,25.94546890258789
4645,18.493099212646484
4646,46.52626419067383
4647,45.26178741455078
4648,60.17769241333008
4649,67.48582458496094
4650,63.863304138183594
4651,29.701478958129883
4652,41.945457458496094
4653,37.87156677246094
4654,22.78739356994629
4655,63.52833938598633
4656,35.50355911254883
4657,21.3516788482666
4658,68.76213073730469
4659,38.15058517456055
4660,19.370311737060547
4661,25.205951690673828
4662,24.280052185058594
4663,55.57274627685547
4664,36.50579071044922
4665,56.96034622192383
4666,39.34202194213867
4667,71.2865982055664
4668,25.668502807617188
4669,17.501813888549805
4670,27.50084686279297
4671,48.53159713745117
4672,36.511863708496094
4673,22.74928855895996
4674,44.42573547363281
4675,21.512187957763672
4676,25.661888122558594
4677,53.849002838134766
4678,46.119171142578125
4679,29.824434280395508
4680,15.113988876342773
4681,53.019954681396484
4682,21.070762634277344
4683,37.7685432434082
4684,30.620344161987305
4685,15.016622543334961
4686,16.11347007751465
4687,48.86995315551758
4688,14.720918655395508
4689,109.30333709716797
4690,15.75541877746582
4691,15.244847297668457
4692,39.28874969482422
4693,31.262170791625977
4694,35.06905746459961
4695,27.578577041625977
4696,52.643402099609375
4697,40.529335021972656
4698,118.32318878173828
4699,25.633970260620117
4700,54.50703430175781
4701,31.89425277709961
4702,39.234458923339844
4703,42.647335052490234
4704,40.46419143676758
4705,34.59672546386719
4706,39.816986083984375
4707,16.8768367767334
4708,32.30672073364258
4709,50.012149810791016
4710,46.161766052246094
4711,32.77592849731445
4712,28.200733184814453
4713,27.91880226135254
4714,55.27237319946289
4715,28.391239166259766
4716,23.008586883544922
4717,22.270919799804688
4718,27.107101440429688
4719,27.736234664916992
4720,55.90753936767578
4721,45.34823226928711
4722,19.769479751586914
4723,15.919394493103027
4724,15.594953536987305
4725,55.65591049194336
4726,26.437671661376953
4727,33.61642837524414
4728,45.506813049316406
4729,27.320240020751953
4730,38.42664337158203
4731,33.584808349609375
4732,24.748348236083984
4733,84.50498962402344
4734,32.161842346191406
4735,24.22333526611328
4736,28.04648208618164
4737,42.371070861816406
4738,20.978750228881836
4739,34.302677154541016
4740,32.618900299072266
4741,28.569549560546875
4742,19.5694637298584
4743,24.561504364013672
4744,77.2867202758789
4745,36.22077560424805
4746,38.30781936645508
4747,32.83154296875
4748,12.382925033569336
4749,35.97429656982422
4750,74.49552917480469
4751,55.87267303466797
4752,37.19045639038086
4753,53.806671142578125
4754,31.984848022460938
4755,46.71923065185547
4756,32.54827117919922
4757,46.615352630615234
4758,57.01784896850586
4759,30.515583038330078
4760,49.60018539428711
4761,72.59718322753906
4762,75.49920654296875
4763,28.511428833007812
4764,32.14297103881836
4765,19.888917922973633
4766,52.99042892456055
4767,25.940093994140625
4768,18.459318161010742
4769,46.51444625854492
4770,45.24891662597656
4771,60.080448150634766
4772,67.46062469482422
4773,63.83924102783203
4774,29.648374557495117
4775,41.90787124633789
4776,37.82970428466797
4777,22.735164642333984
4778,63.50898742675781
4779,35.4368782043457
4780,21.344310760498047
4781,68.62005615234375
4782,38.13850784301758
4783,19.362396240234375
4784,25.184974670410156
4785,24.269819259643555
4786,55.64664840698242
4787,36.48794174194336
4788,56.99238586425781
4789,39.31312942504883
4790,71.30427551269531
4791,25.65279769897461
4792,17.492277145385742
4793,27.496139526367188
4794,48.48795700073242
4795,36.471580505371094
4796,22.750642776489258
4797,44.37957763671875
4798,21.496946334838867
4799,25.583646774291992
4800,53.80005645751953
4801,46.11570358276367
4802,29.827226638793945
4803,15.087799072265625
4804,52.96927261352539
4805,21.061016082763672
4806,37.71921157836914
4807,30.593765258789062
4808,14.990974426269531
4809,16.071460723876953
4810,48.83383560180664
4811,14.705428123474121
4812,109.2493896484375
4813,15.730855941772461
4814,15.229514122009277
4815,39.236595153808594
4816,31.28850746154785
4817,35.039878845214844
4818,27.551233291625977
4819,52.59177017211914
4820,40.487613677978516
4821,118.2572250366211
4822,25.609228134155273
4823,54.47632598876953
4824,31.823671340942383
4825,39.229862213134766
4826,42.65185546875
4827,40.46272277832031
4828,34.5074462890625
4829,39.78590774536133
4830,16.828161239624023
4831,32.28767395019531
4832,49.94137954711914
4833,46.06981658935547
4834,32.77064514160156
4835,28.14439582824707
4836,27.930259704589844
4837,55.264991760253906
4838,28.370620727539062
4839,22.9929256439209
4840,22.236848831176758
4841,27.107349395751953
4842,27.680131912231445
4843,55.88078308105469
4844,45.28909683227539
4845,19.735572814941406
4846,15.950921058654785
4847,15.611035346984863
4848,55.597965240478516
4849,26.345138549804688
4850,33.59575653076172
4851,45.492652893066406
4852,27.304771423339844
4853,38.36124038696289
4854,33.586875915527344
4855,24.723072052001953
4856,84.44852447509766
4857,32.16796112060547
4858,24.206539154052734
4859,28.02416229248047
4860,42.30438232421875
4861,20.97655487060547
4862,34.28512954711914
4863,32.549869537353516
4864,28.516469955444336
4865,19.545698165893555
4866,24.534086227416992
4867,77.20047760009766
4868,36.17216491699219
4869,38.27482986450195
4870,32.82176208496094
4871,12.381361961364746
4872,35.959102630615234
4873,74.4278793334961
4874,55.81648635864258
4875,37.18058395385742
4876,53.79538345336914
4877,31.978017807006836
4878,46.670040130615234
4879,32.58049011230469
4880,46.58245086669922
4881,56.93177795410156
4882,30.54338264465332
4883,49.5668830871582
4884,72.52769470214844
4885,75.4061508178711
4886,28.48487663269043
4887,32.099327087402344
4888,19.880163192749023
4889,52.91008758544922
4890,25.932796478271484
4891,18.418649673461914
4892,46.506526947021484
4893,45.23230743408203
4894,59.977943420410156
4895,67.43412780761719
4896,63.809722900390625
4897,29.583703994750977
4898,41.86166763305664
4899,37.793392181396484
4900,22.685142517089844
4901,63.48066329956055
4902,35.37459182739258
4903,21.34276580810547
4904,68.48147583007812
4905,38.12810516357422
4906,19.359230041503906
4907,25.1721248626709
4908,24.259723663330078
4909,55.709564208984375
4910,36.471710205078125
4911,57.01532745361328
4912,39.28898239135742
4913,71.30718994140625
4914,25.637027740478516
4915,17.48564910888672
4916,27.4942684173584
4917,48.44325256347656
4918,36.43501663208008
4919,22.75503921508789
4920,44.331172943115234
4921,21.483837127685547
4922,25.5217342376709
4923,53.752403259277344
4924,46.110313415527344
4925,29.81632423400879
4926,15.063475608825684
4927,52.92231750488281
4928,21.053800582885742
4929,37.65817642211914
4930,30.57037353515625
4931,14.965100288391113
4932,16.027006149291992
4933,48.793922424316406
4934,14.683053016662598
4935,109.23077392578125
4936,15.699463844299316
4937,15.212271690368652
4938,39.19477844238281
4939,31.289478302001953
4940,35.02915954589844
4941,27.53301239013672
4942,52.547706604003906
4943,40.4363899230957
4944,118.17567443847656
4945,25.584487915039062
4946,54.45093536376953
4947,31.753040313720703
4948,39.206390380859375
4949,42.658477783203125
4950,40.462894439697266
4951,34.42072677612305
4952,39.754310607910156
4953,16.7830810546875
4954,32.26606750488281
4955,49.87276077270508
4956,45.97969055175781
4957,32.766258239746094
4958,28.09332275390625
4959,27.95388412475586
4960,55.2608642578125
4961,28.348848342895508
4962,22.98122787475586
4963,22.2072811126709
4964,27.109928131103516
4965,27.627704620361328
4966,55.8503532409668
4967,45.23640441894531
4968,19.703201293945312
4969,15.982810974121094
4970,15.625045776367188
4971,55.536277770996094
4972,26.260398864746094
4973,33.576847076416016
4974,45.4771728515625
4975,27.294239044189453
4976,38.30731964111328
4977,33.591304779052734
4978,24.697782516479492
4979,84.39163208007812
4980,32.18437194824219
4981,24.190706253051758
4982,28.00326919555664
4983,42.23932647705078
4984,20.974191665649414
4985,34.26782989501953
4986,32.486473083496094
4987,28.46937370300293
4988,19.521190643310547
4989,24.502546310424805
4990,77.10456085205078
4991,36.12406539916992
4992,38.23955154418945
4993,32.813228607177734
4994,12.38004207611084
4995,35.93955612182617
4996,74.36299896240234
4997,55.75624465942383
4998,37.173519134521484
4999,53.7845344543457
5000,31.97393798828125
5001,46.61857223510742
5002,32.612037658691406
5003,46.55099868774414
5004,56.85502243041992
5005,30.571123123168945
5006,49.53131103515625
5007,72.46135711669922
5008,75.31927490234375
5009,28.464040756225586
5010,32.065452575683594
5011,19.874107360839844
5012,52.83439636230469
5013,25.91918182373047
5014,18.36786460876465
5015,46.49928665161133
5016,45.20944595336914
5017,59.86444091796875
5018,67.40164947509766
5019,63.7698860168457
5020,29.507755279541016
5021,41.80278778076172
5022,37.762943267822266
5023,22.63036346435547
5024,63.43925094604492
5025,35.318233489990234
5026,21.345972061157227
5027,68.35874938964844
5028,38.123268127441406
5029,19.360334396362305
5030,25.165193557739258
5031,24.248815536499023
5032,55.76939010620117
5033,36.45901870727539
5034,57.03006362915039
5035,39.26607131958008
5036,71.29328155517578
5037,25.62667465209961
5038,17.4855899810791
5039,27.495656967163086
5040,48.39695358276367
5041,36.400909423828125
5042,22.765460968017578
5043,44.27922058105469
5044,21.47328758239746
5045,25.46921157836914
5046,53.69981002807617
5047,46.096797943115234
5048,29.80896759033203
5049,15.041330337524414
5050,52.868682861328125
5051,21.046236038208008
5052,37.599693298339844
5053,30.550737380981445
5054,14.939620018005371
5055,15.986471176147461
5056,48.751399993896484
5057,14.65379810333252
5058,109.22240447998047
5059,15.66832447052002
5060,15.195520401000977
5061,39.165252685546875
5062,31.276470184326172
5063,35.03029251098633
5064,27.509159088134766
5065,52.512184143066406
5066,40.38245391845703
5067,118.08180236816406
5068,25.562986373901367
5069,54.427406311035156
5070,31.691320419311523
5071,39.17020797729492
5072,42.66046905517578
5073,40.46094512939453
5074,34.34455871582031
5075,39.726436614990234
5076,16.74279022216797
5077,32.24142074584961
5078,49.80631637573242
5079,45.89976501464844
5080,32.76097106933594
5081,28.046852111816406
5082,27.982234954833984
5083,55.25432205200195
5084,28.32369613647461
5085,22.97423553466797
5086,22.184213638305664
5087,27.112136840820312
5088,27.581212997436523
5089,55.80756759643555
5090,45.186737060546875
5091,19.675424575805664
5092,16.01473617553711
5093,15.637939453125
5094,55.46527099609375
5095,26.18642234802246
5096,33.55855178833008
5097,45.46149826049805
5098,27.29038429260254
5099,38.26316452026367
5100,33.5952262878418
5101,24.673070907592773
5102,84.33351135253906
5103,32.209266662597656
5104,24.175243377685547
5105,27.9841251373291
5106,42.17764663696289
5107,20.970914840698242
5108,34.24931335449219
5109,32.43104934692383
5110,28.431604385375977
5111,19.503286361694336
5112,24.46900749206543
5113,76.99340057373047
5114,36.08173370361328
5115,38.217647552490234
5116,32.80588912963867
5117,12.387667655944824
5118,35.9193229675293
5119,74.29610443115234
5120,55.68897247314453
5121,37.1593132019043
5122,53.773807525634766
5123,31.980112075805664
5124,46.57158279418945
5125,32.642845153808594
5126,46.5218505859375
5127,56.787322998046875
5128,30.59667205810547
5129,49.49616241455078
5130,72.40031433105469
5131,75.24076843261719
5132,28.448362350463867
5133,32.036399841308594
5134,19.867584228515625
5135,52.765419006347656
5136,25.89906883239746
5137,18.31441307067871
5138,46.48972702026367
5139,45.18354415893555
5140,59.74801254272461
5141,67.36605834960938
5142,63.725765228271484
5143,29.435508728027344
5144,41.7423210144043
5145,37.73503875732422
5146,22.572572708129883
5147,63.39470672607422
5148,35.26974868774414
5149,21.348358154296875
5150,68.25305938720703
5151,38.12106704711914
5152,19.36195945739746
5153,25.157894134521484
5154,24.239057540893555
5155,55.83580780029297
5156,36.447364807128906
5157,57.03969192504883
5158,39.243408203125
5159,71.27417755126953
5160,25.62209701538086
5161,17.490198135375977
5162,27.499168395996094
5163,48.35089111328125
5164,36.368141174316406
5165,22.779516220092773
5166,44.22632598876953
5167,21.464258193969727
5168,25.422027587890625
5169,53.64580154418945
5170,46.07859420776367
5171,29.805763244628906
5172,15.021284103393555
5173,52.81284713745117
5174,21.038272857666016
5175,37.54640197753906
5176,30.5340518951416
5177,14.915993690490723
5178,15.950343132019043
5179,48.70870590209961
5180,14.61879825592041
5181,109.21910095214844
5182,15.638833045959473
5183,15.181051254272461
5184,39.14365768432617
5185,31.256309509277344
5186,35.03775405883789
5187,27.478208541870117
5188,52.484779357910156
5189,40.329872131347656
5190,117.98660278320312
5191,25.545682907104492
5192,54.40401840209961
5193,31.635915756225586
5194,39.128238677978516
5195,42.65656280517578
5196,40.456241607666016
5197,34.2784538269043
5198,39.70226287841797
5199,16.706787109375
5200,32.21510314941406
5201,49.74301528930664
5202,45.83002471923828
5203,32.75458526611328
5204,28.00406265258789
5205,28.01248550415039
5206,55.24452209472656
5207,28.297767639160156
5208,22.971145629882812
5209,22.165393829345703
5210,27.114574432373047
5211,27.53813934326172
5212,55.754642486572266
5213,45.13779067993164
5214,19.651992797851562
5215,16.044462203979492
5216,15.65034294128418
5217,55.39044952392578
5218,26.12171173095703
5219,33.54095458984375
5220,45.44672775268555
5221,27.290748596191406
5222,38.22617721557617
5223,33.597686767578125
5224,24.648916244506836
5225,84.26815795898438
5226,32.23445510864258
5227,24.1602725982666
5228,27.963680267333984
5229,42.12112808227539
5230,20.968061447143555
5231,34.22639083862305
5232,32.385501861572266
5233,28.397418975830078
5234,19.49028968811035
5235,24.43541145324707
5236,76.88134765625
5237,36.04535675048828
5238,38.224002838134766
5239,32.79852294921875
5240,12.41006851196289
5241,35.9028205871582
5242,74.22112274169922
5243,55.61273193359375
5244,37.125450134277344
5245,53.764644622802734
5246,32.011356353759766
5247,46.53764724731445
5248,32.676761627197266
5249,46.494998931884766
5250,56.72666931152344
5251,30.61652183532715
5252,49.46405792236328
5253,72.34513092041016
5254,75.16924285888672
5255,28.437835693359375
5256,32.00470733642578
5257,19.85552978515625
5258,52.7047233581543
5259,25.86956214904785
5260,18.26729393005371
5261,46.47134017944336
5262,45.158267974853516
5263,59.636104583740234
5264,67.32803344726562
5265,63.68251037597656
5266,29.382038116455078
5267,41.688358306884766
5268,37.70778274536133
5269,22.505783081054688
5270,63.35723114013672
5271,35.230384826660156
5272,21.341455459594727
5273,68.1781005859375
5274,38.123741149902344
5275,19.35551643371582
5276,25.139171600341797
5277,24.23143196105957
5278,55.919769287109375
5279,36.435115814208984
5280,57.04840087890625
5281,39.21611404418945
5282,71.26626586914062
5283,25.628015518188477
5284,17.49833106994629
5285,27.50162696838379
5286,48.307064056396484
5287,36.336063385009766
5288,22.79412269592285
5289,44.17547607421875
5290,21.45389747619629
5291,25.376914978027344
5292,53.5959358215332
5293,46.055198669433594
5294,29.81266975402832
5295,15.004862785339355
5296,52.75859832763672
5297,21.029150009155273
5298,37.50893020629883
5299,30.52096939086914
5300,14.898896217346191
5301,15.923672676086426
5302,48.66817092895508
5303,14.586630821228027
5304,109.18785095214844
5305,15.620399475097656
5306,15.17359733581543
5307,39.124568939208984
5308,31.257593154907227
5309,35.037750244140625
5310,27.442466735839844
5311,52.4552116394043
5312,40.28457260131836
5313,117.87972259521484
5314,25.531925201416016
5315,54.3782958984375
5316,31.590229034423828
5317,39.08732604980469
5318,42.6470832824707
5319,40.447635650634766
5320,34.22262191772461
5321,39.68400573730469
5322,16.67567253112793
5323,32.189300537109375
5324,49.68461227416992
5325,45.771453857421875
5326,32.74673843383789
5327,27.964906692504883
5328,28.038496017456055
5329,55.22993850708008
5330,28.272220611572266
5331,22.97072410583496
5332,22.150188446044922
5333,27.115602493286133
5334,27.49784278869629
5335,55.69470977783203
5336,45.087791442871094
5337,19.631555557250977
5338,16.071657180786133
5339,15.660637855529785
5340,55.31333923339844
5341,26.064226150512695
5342,33.523887634277344
5343,45.43349075317383
5344,27.29558753967285
5345,38.19082260131836
5346,33.59700393676758
5347,24.62706756591797
5348,84.18858337402344
5349,32.25143051147461
5350,24.149580001831055
5351,27.94853973388672
5352,42.06913757324219
5353,20.964250564575195
5354,34.203243255615234
5355,32.345985412597656
5356,28.36551284790039
5357,19.476613998413086
5358,24.40287208557129
5359,76.7698745727539
5360,36.010711669921875
5361,38.2229118347168
5362,32.7916374206543
5363,12.427145004272461
5364,35.88203048706055
5365,74.15013885498047
5366,55.5384635925293
5367,37.09048843383789
5368,53.753013610839844
5369,32.041133880615234
5370,46.50297927856445
5371,32.70231628417969
5372,46.47113800048828
5373,56.672794342041016
5374,30.63214874267578
5375,49.43174743652344
5376,72.29158782958984
5377,75.09847259521484
5378,28.426855087280273
5379,31.976341247558594
5380,19.845003128051758
5381,52.64799499511719
5382,25.83861541748047
5383,18.227703094482422
5384,46.4521484375
5385,45.130821228027344
5386,59.535369873046875
5387,67.2876968383789
5388,63.636898040771484
5389,29.339990615844727
5390,41.63877868652344
5391,37.6816520690918
5392,22.4440975189209
5393,63.31711959838867
5394,35.19796371459961
5395,21.335376739501953
5396,68.11135864257812
5397,38.12663269042969
5398,19.348543167114258
5399,25.121971130371094
5400,24.22443199157715
5401,55.99234390258789
5402,36.422855377197266
5403,57.04787063598633
5404,39.19072723388672
5405,71.2521743774414
5406,25.6340389251709
5407,17.50624656677246
5408,27.503623962402344
5409,48.2633171081543
5410,36.30735778808594
5411,22.808618545532227
5412,44.12529754638672
5413,21.44304847717285
5414,25.336332321166992
5415,53.551002502441406
5416,46.02918243408203
5417,29.822078704833984
5418,14.991597175598145
5419,52.70758819580078
5420,21.020753860473633
5421,37.47834396362305
5422,30.510108947753906
5423,14.887107849121094
5424,15.90216064453125
5425,48.63053512573242
5426,14.560240745544434
5427,109.13983917236328
5428,15.608964920043945
5429,15.170519828796387
5430,39.10603332519531
5431,31.273754119873047
5432,35.032997131347656
5433,27.408231735229492
5434,52.42381286621094
5435,40.24421310424805
5436,117.76717376708984
5437,25.519493103027344
5438,54.353206634521484
5439,31.550334930419922
5440,39.04799270629883
5441,42.637229919433594
5442,40.438663482666016
5443,34.17129135131836
5444,39.66936492919922
5445,16.64794158935547
5446,32.164710998535156
5447,49.63143539428711
5448,45.71800231933594
5449,32.738834381103516
5450,27.92922592163086
5451,28.060819625854492
5452,55.215091705322266
5453,28.24797248840332
5454,22.970563888549805
5455,22.137331008911133
5456,27.115209579467773
5457,27.46100425720215
5458,55.638179779052734
5459,45.041107177734375
5460,19.611722946166992
5461,16.096351623535156
5462,15.66662883758545
5463,55.238895416259766
5464,26.01185417175293
5465,33.50811767578125
5466,45.419891357421875
5467,27.30258560180664
5468,38.15717697143555
5469,33.59501266479492
5470,24.60733985900879
5471,84.11180877685547
5472,32.265594482421875
5473,24.14025115966797
5474,27.93666648864746
5475,42.021240234375
5476,20.960695266723633
5477,34.18191146850586
5478,32.30940246582031
5479,28.33487892150879
5480,19.4637451171875
5481,24.373517990112305
5482,76.66080474853516
5483,35.97997283935547
5484,38.21651840209961
5485,32.78512954711914
5486,12.441041946411133
5487,35.86034393310547
5488,74.0831527709961
5489,55.469635009765625
5490,37.05769348144531
5491,53.740421295166016
5492,32.066017150878906
5493,46.468017578125
5494,32.720882415771484
5495,46.45050048828125
5496,56.62431716918945
5497,30.64362335205078
5498,49.40079116821289
5499,72.24209594726562
5500,75.0326156616211
5501,28.415910720825195
5502,31.949817657470703
5503,19.836084365844727
5504,52.594688415527344
5505,25.80834197998047
5506,18.1934871673584
5507,46.43383026123047
5508,45.10383987426758
5509,59.44535827636719
5510,67.24860382080078
5511,63.59266662597656
5512,29.30620574951172
5513,41.59495162963867
5514,37.65655517578125
5515,22.388565063476562
5516,63.27763748168945
5517,35.17092514038086
5518,21.32956886291504
5519,68.04914855957031
5520,38.129364013671875
5521,19.340858459472656
5522,25.10589027404785
5523,24.21828842163086
5524,56.05545425415039
5525,36.41033172607422
5526,57.04185485839844
5527,39.16731262207031
5528,71.2357177734375
5529,25.639467239379883
5530,17.51283073425293
5531,27.505022048950195
5532,48.22083282470703
5533,36.28173065185547
5534,22.822378158569336
5535,44.07722473144531
5536,21.431503295898438
5537,25.29844856262207
5538,53.511314392089844
5539,46.0027961730957
5540,29.832597732543945
5541,14.98045825958252
5542,52.661502838134766
5543,21.01305389404297
5544,37.45256042480469
5545,30.50079917907715
5546,14.87814998626709
5547,15.88348388671875
5548,48.59617614746094
5549,14.540143966674805
5550,109.07925415039062
5551,15.602439880371094
5552,15.170242309570312
5553,39.08668518066406
5554,31.303688049316406
5555,35.0233039855957
5556,27.37849998474121
5557,52.38885498046875
5558,40.20804214477539
5559,117.65158081054688
5560,25.507070541381836
5561,54.32958984375
5562,31.513425827026367
5563,39.01205062866211
5564,42.62862014770508
5565,40.430118560791016
5566,34.12131118774414
5567,39.65776443481445
5568,16.622501373291016
5569,32.14187240600586
5570,49.583736419677734
5571,45.66632843017578
5572,32.73142623901367
5573,27.896692276000977
5574,28.079526901245117
5575,55.20135498046875
5576,28.22571563720703
5577,22.97001075744629
5578,22.125919342041016
5579,27.113388061523438
5580,27.426851272583008
5581,55.589515686035156
5582,44.999725341796875
5583,19.59102439880371
5584,16.118764877319336
5585,15.66771125793457
5586,55.169918060302734
5587,25.96255111694336
5588,33.493980407714844
5589,45.404884338378906
5590,27.310773849487305
5591,38.12601089477539
5592,33.59326171875
5593,24.58907699584961
5594,84.04924774169922
5595,32.279788970947266
5596,24.130512237548828
5597,27.925643920898438
5598,41.9765739440918
5599,20.958351135253906
5600,34.16340637207031
5601,32.27345275878906
5602,28.30438232421875
5603,19.451576232910156
5604,24.34796714782715
5605,76.55763244628906
5606,35.953636169433594
5607,38.207435607910156
5608,32.7786865234375
5609,12.453495979309082
5610,35.83977508544922
5611,74.01939392089844
5612,55.40753173828125
5613,37.028499603271484
5614,53.728111267089844
5615,32.08533477783203
5616,46.43259811401367
5617,32.73384475708008
5618,46.43316650390625
5619,56.580318450927734
5620,30.651500701904297
5621,49.37241744995117
5622,72.19813537597656
5623,74.97464752197266
5624,28.40508270263672
5625,31.92353057861328
5626,19.82855796813965
5627,52.54450988769531
5628,25.779966354370117
5629,18.162656784057617
5630,46.41807174682617
5631,45.078983306884766
5632,59.36444854736328
5633,67.21307373046875
5634,63.55229949951172
5635,29.277904510498047
5636,41.557037353515625
5637,37.63225173950195
5638,22.34022331237793
5639,63.24138259887695
5640,35.14861297607422
5641,21.32352066040039
5642,67.98760223388672
5643,38.13060760498047
5644,19.333179473876953
5645,25.091135025024414
5646,24.213796615600586
5647,56.11359405517578
5648,36.39677429199219
5649,57.03097152709961
5650,39.14693069458008
5651,71.21795654296875
5652,25.642873764038086
5653,17.51740264892578
5654,27.505842208862305
5655,48.17949295043945
5656,36.2591667175293
5657,22.8355770111084
5658,44.03118896484375
5659,21.419506072998047
5660,25.26279067993164
5661,53.47718048095703
5662,45.97688293457031
5663,29.842374801635742
5664,14.971709251403809
5665,52.620819091796875
5666,21.00650405883789
5667,37.42951583862305
5668,30.492813110351562
5669,14.871901512145996
5670,15.865971565246582
5671,48.56512451171875
5672,14.52575969696045
5673,109.01116180419922
5674,15.599116325378418
5675,15.172313690185547
5676,39.0659294128418
5677,31.343700408935547
5678,35.009891510009766
5679,27.353803634643555
5680,52.35189437866211
5681,40.17540740966797
5682,117.53511810302734
5683,25.49399185180664
5684,54.30866241455078
5685,31.477848052978516
5686,38.97897720336914
5687,42.62333679199219
5688,40.4232063293457
5689,34.070560455322266
5690,39.648841857910156
5691,16.598270416259766
5692,32.12062454223633
5693,49.54140090942383
5694,45.61396026611328
5695,32.724815368652344
5696,27.867040634155273
5697,28.09484100341797
5698,55.1904411315918
5699,28.205406188964844
5700,22.96788215637207
5701,22.11562156677246
5702,27.110252380371094
5703,27.39561653137207
5704,55.551910400390625
5705,44.964900970458984
5706,19.568519592285156
5707,16.139102935791016
5708,15.663664817810059
5709,55.10747146606445
5710,25.914976119995117
5711,33.481388092041016
5712,45.38875198364258
5713,27.319856643676758
5714,38.0963249206543
5715,33.59174346923828
5716,24.572538375854492
5717,83.99808502197266
5718,32.2950325012207
5719,24.121212005615234
5720,27.917383193969727
5721,41.93464279174805
5722,20.956710815429688
5723,34.148780822753906
5724,32.23755645751953
5725,28.2751522064209
5726,19.44207763671875
5727,24.326879501342773
5728,76.45301055908203
5729,35.933406829833984
5730,38.19326400756836
5731,32.772613525390625
5732,12.465649604797363
5733,35.820091247558594
5734,73.95825958251953
5735,55.35127639770508
5736,37.00522232055664
5737,53.715087890625
5738,32.09507369995117
5739,46.393741607666016
5740,32.73870849609375
5741,46.419593811035156
5742,56.5420036315918
5743,30.655420303344727
5744,49.345436096191406
5745,72.16021728515625
5746,74.9258804321289
5747,28.394594192504883
5748,31.900144577026367
5749,19.824596405029297
5750,52.497711181640625
5751,25.753416061401367
5752,18.13179588317871
5753,46.4068603515625
5754,45.05414962768555
5755,59.28935623168945
5756,67.18022155761719
5757,63.51356887817383
5758,29.247020721435547
5759,41.51996994018555
5760,37.6112060546875
5761,22.298542022705078
5762,63.20412063598633
5763,35.128135681152344
5764,21.32022476196289
5765,67.92317199707031
5766,38.13164138793945
5767,19.325536727905273
5768,25.080900192260742
5769,24.20895004272461
5770,56.149600982666016
5771,36.383060455322266
5772,57.01332473754883
5773,39.1299934387207
5774,71.19586181640625
5775,25.642576217651367
5776,17.51932144165039
5777,27.506343841552734
5778,48.138763427734375
5779,36.239280700683594
5780,22.849014282226562
5781,43.986244201660156
5782,21.406911849975586
5783,25.226573944091797
5784,53.447574615478516
5785,45.95121765136719
5786,29.853134155273438
5787,14.964966773986816
5788,52.584415435791016
5789,21.001012802124023
5790,37.4085578918457
5791,30.48580551147461
5792,14.867965698242188
5793,15.84919261932373
5794,48.53789138793945
5795,14.516454696655273
5796,108.93675994873047
5797,15.598684310913086
5798,15.176711082458496
5799,39.04280090332031
5800,31.39259910583496
5801,34.993404388427734
5802,27.33202362060547
5803,52.31443786621094
5804,40.146610260009766
5805,117.42326354980469
5806,25.48073387145996
5807,54.289730072021484
5808,31.441795349121094
5809,38.94997024536133
5810,42.618385314941406
5811,40.417110443115234
5812,34.018882751464844
5813,39.64277267456055
5814,16.57516098022461
5815,32.10100173950195
5816,49.504920959472656
5817,45.561161041259766
5818,32.718421936035156
5819,27.840007781982422
5820,28.105178833007812
5821,55.17982482910156
5822,28.187406539916992
5823,22.96535301208496
5824,22.10623550415039
5825,27.105863571166992
5826,27.365325927734375
5827,55.52210998535156
5828,44.93386459350586
5829,19.54436492919922
5830,16.156513214111328
5831,15.65562629699707
5832,55.051361083984375
5833,25.868436813354492
5834,33.47034454345703
5835,45.3723030090332
5836,27.330421447753906
5837,38.067596435546875
5838,33.589927673339844
5839,24.5572452545166
5840,83.95601654052734
5841,32.30793380737305
5842,24.11314582824707
5843,27.911880493164062
5844,41.89531707763672
5845,20.95565414428711
5846,34.13739776611328
5847,32.2012825012207
5848,28.246551513671875
5849,19.43436622619629
5850,24.309659957885742
5851,76.35215759277344
5852,35.91751480102539
5853,38.17399597167969
5854,32.76649475097656
5855,12.47558879852295
5856,35.80069351196289
5857,73.89983367919922
5858,55.301551818847656
5859,36.98664474487305
5860,53.70188903808594
5861,32.09711456298828
5862,46.35239028930664
5863,32.73655319213867
5864,46.40921401977539
5865,56.5075569152832
5866,30.6556396484375
5867,49.320289611816406
5868,72.12692260742188
5869,74.88350677490234
5870,28.383726119995117
5871,31.877225875854492
5872,19.822933197021484
5873,52.45231246948242
5874,25.72900390625
5875,18.10436248779297
5876,46.39871597290039
5877,45.03059005737305
5878,59.223052978515625
5879,67.1501693725586
5880,63.4773063659668
5881,29.21854019165039
5882,41.48655700683594
5883,37.59195327758789
5884,22.263545989990234
5885,63.16788864135742
5886,35.11002731323242
5887,21.318313598632812
5888,67.85662841796875
5889,38.13276290893555
5890,19.31662368774414
5891,25.073532104492188
5892,24.204347610473633
5893,56.16746520996094
5894,36.36842346191406
5895,56.99018478393555
5896,39.116127014160156
5897,71.17203521728516
5898,25.63921356201172
5899,17.518474578857422
5900,27.50623321533203
5901,48.09858322143555
5902,36.22203826904297
5903,22.862625122070312
5904,43.942405700683594
5905,21.393795013427734
5906,25.18856430053711
5907,53.42252731323242
5908,45.92568588256836
5909,29.86515998840332
5910,14.960278511047363
5911,52.552188873291016
5912,20.996896743774414
5913,37.389862060546875
5914,30.479915618896484
5915,14.866437911987305
5916,15.832600593566895
5917,48.51432418823242
5918,14.511709213256836
5919,108.85614776611328
5920,15.600833892822266
5921,15.184354782104492
5922,39.0167350769043
5923,31.450294494628906
5924,34.97380447387695
5925,27.312171936035156
5926,52.27737808227539
5927,40.1220703125
5928,117.31542205810547
5929,25.467809677124023
5930,54.27236557006836
5931,31.40416717529297
5932,38.92448425292969
5933,42.61299133300781
5934,40.41142654418945
5935,33.965858459472656
5936,39.640140533447266
5937,16.5531005859375
5938,32.08262252807617
5939,49.474525451660156
5940,45.50727081298828
5941,32.712120056152344
5942,27.815425872802734
5943,28.110361099243164
5944,55.16938781738281
5945,28.17190933227539
5946,22.962299346923828
5947,22.09818458557129
5948,27.099931716918945
5949,27.33551597595215
5950,55.49876022338867
5951,44.90592956542969
5952,19.518354415893555
5953,16.170787811279297
5954,15.642772674560547
5955,54.99974060058594
5956,25.822391510009766
5957,33.46086883544922
5958,45.355159759521484
5959,27.343610763549805
5960,38.039119720458984
5961,33.587135314941406
5962,24.543397903442383
5963,83.91806030273438
5964,32.317195892333984
5965,24.107084274291992
5966,27.910110473632812
5967,41.858177185058594
5968,20.95488739013672
5969,34.128963470458984
5970,32.16524887084961
5971,28.217693328857422
5972,19.428035736083984
5973,24.296361923217773
5974,76.25242614746094
5975,35.90586471557617
5976,38.146942138671875
5977,32.760284423828125
5978,12.481534004211426
5979,35.779884338378906
5980,73.84384155273438
5981,55.25825881958008
5982,36.97272491455078
5983,53.68751525878906
5984,32.08975601196289
5985,46.307579040527344
5986,32.725093841552734
5987,46.403499603271484
5988,56.478572845458984
5989,30.650718688964844
5990,49.29655838012695
5991,72.10005950927734
5992,74.85066223144531
5993,28.372844696044922
5994,31.854944229125977
5995,19.824018478393555
5996,52.409332275390625
5997,25.705402374267578
5998,18.078235626220703
5999,46.394351959228516
6000,45.007484436035156
6001,59.163047790527344
6002,67.12318420410156
6003,63.443458557128906
6004,29.189617156982422
6005,41.4556884765625
6006,37.57493591308594
6007,22.234418869018555
6008,63.13307571411133
6009,35.09455871582031
6010,21.316919326782227
6011,67.78701782226562
6012,38.13376235961914
6013,19.30603790283203
6014,25.068408966064453
6015,24.200260162353516
6016,56.16908645629883
6017,36.352325439453125
6018,56.96120071411133
6019,39.105289459228516
6020,71.14715576171875
6021,25.63275146484375
6022,17.51464080810547
6023,27.505979537963867
6024,48.0582275390625
6025,36.2067985534668
6026,22.877302169799805
6027,43.89938735961914
6028,21.37982749938965
6029,25.147418975830078
6030,53.401519775390625
6031,45.90019226074219
6032,29.878860473632812
6033,14.957733154296875
6034,52.524192810058594
6035,20.993947982788086
6036,37.37312698364258
6037,30.475055694580078
6038,14.867401123046875
6039,15.815536499023438
6040,48.49423599243164
6041,14.510345458984375
6042,108.7705307006836
6043,15.605093002319336
6044,15.195125579833984
6045,38.98728942871094
6046,31.515947341918945
6047,34.95184326171875
6048,27.292465209960938
6049,52.24252700805664
6050,40.10173034667969
6051,117.21430969238281
6052,25.45516014099121
6053,54.25682067871094
6054,31.363271713256836
6055,38.90237808227539
6056,42.606197357177734
6057,40.40592575073242
6058,33.910423278808594
6059,39.64127731323242
6060,16.531936645507812
6061,32.065364837646484
6062,49.45071792602539
6063,45.45111846923828
6064,32.70600128173828
6065,27.793567657470703
6066,28.10991859436035
6067,55.158267974853516
6068,28.158723831176758
6069,22.959070205688477
6070,22.09139060974121
6071,27.09229850769043
6072,27.305601119995117
6073,55.4818000793457
6074,44.8809700012207
6075,19.489795684814453
6076,16.181297302246094
6077,15.62451171875
6078,54.952396392822266
6079,25.776582717895508
6080,33.45257568359375
6081,45.33732223510742
6082,27.36016082763672
6083,38.01118850708008
6084,33.5831298828125
6085,24.530479431152344
6086,83.88762664794922
6087,32.32368469238281
6088,24.10255241394043
6089,27.91084098815918
6090,41.823333740234375
6091,20.954784393310547
6092,34.12313461303711
6093,32.129154205322266
6094,28.187740325927734
6095,19.422441482543945
6096,24.286727905273438
6097,76.15486907958984
6098,35.898563385009766
6099,38.115234375
6100,32.75376510620117
6101,12.485699653625488
6102,35.758323669433594
6103,73.7881851196289
6104,55.220298767089844
6105,36.96159744262695
6106,53.67268753051758
6107,32.07638168334961
6108,46.260276794433594
6109,32.70611572265625
6110,46.40160369873047
6111,56.45392990112305
6112,30.640769958496094
6113,49.2747917175293
6114,72.0791244506836
6115,74.82591247558594
6116,28.362184524536133
6117,31.831872940063477
6118,19.827014923095703
6119,52.36775207519531
6120,25.682178497314453
6121,18.053693771362305
6122,46.39286804199219
6123,44.9854621887207
6124,59.10862731933594
6125,67.09915161132812
6126,63.41217803955078
6127,29.16130828857422
6128,41.42736053466797
6129,37.559913635253906
6130,22.209707260131836
6131,63.100311279296875
6132,35.08172607421875
6133,21.31562042236328
6134,67.71527099609375
6135,38.13504409790039
6136,19.292882919311523
6137,25.064695358276367
6138,24.196977615356445
6139,56.15671920776367
6140,36.33466720581055
6141,56.92659378051758
6142,39.09699249267578
6143,71.12276458740234
6144,25.623828887939453
6145,17.508508682250977
6146,27.505651473999023
6147,48.017723083496094
6148,36.19332504272461
6149,22.893619537353516
6150,43.85635757446289
6151,21.3652286529541
6152,25.102008819580078
6153,53.38420486450195
6154,45.87425231933594
6155,29.894906997680664
6156,14.957364082336426
6157,52.49943923950195
6158,20.99216651916504
6159,37.357852935791016
6160,30.471160888671875
6161,14.870710372924805
6162,15.797900199890137
6163,48.477699279785156
6164,14.511889457702637
6165,108.68090057373047
6166,15.611454963684082
6167,15.209596633911133
6168,38.954524993896484
6169,31.58939552307129
6170,34.928009033203125
6171,27.272449493408203
6172,52.20982360839844
6173,40.08515930175781
6174,117.11833190917969
6175,25.44316864013672
6176,54.24271774291992
6177,31.318937301635742
6178,38.88248062133789
6179,42.59748840332031
6180,40.400516510009766
6181,33.85250473022461
6182,39.646514892578125
6183,16.511594772338867
6184,32.048622131347656
6185,49.433006286621094
6186,45.392696380615234
6187,32.699623107910156
6188,27.773958206176758
6189,28.104095458984375
6190,55.14604568481445
6191,28.14773178100586
6192,22.955934524536133
6193,22.08625602722168
6194,27.083112716674805
6195,27.275129318237305
6196,55.47012710571289
6197,44.858375549316406
6198,19.459009170532227
6199,16.188385009765625
6200,15.601551055908203
6201,54.908836364746094
6202,25.730432510375977
6203,33.445980072021484
6204,45.31876754760742
6205,27.380483627319336
6206,37.98435974121094
6207,33.57804489135742
6208,24.517929077148438
6209,83.8629150390625
6210,32.32683181762695
6211,24.09967613220215
6212,27.914384841918945
6213,41.790245056152344
6214,20.955415725708008
6215,34.11947250366211
6216,32.09286117553711
6217,28.156478881835938
6218,19.41735076904297
6219,24.280536651611328
6220,76.05802917480469
6221,35.89515686035156
6222,38.078651428222656
6223,32.74666213989258
6224,12.488061904907227
6225,35.73568344116211
6226,73.73213195800781
6227,55.18631362915039
6228,36.952449798583984
6229,53.65718460083008
6230,32.05775833129883
6231,46.20991897583008
6232,32.679779052734375
6233,46.40352249145508
6234,56.43301773071289
6235,30.6262149810791
6236,49.2544059753418
6237,72.06344604492188
6238,74.80856323242188
6239,28.35169219970703
6240,31.807966232299805
6241,19.832054138183594
6242,52.3272705078125
6243,25.658735275268555
6244,18.030479431152344
6245,46.39410400390625
6246,44.96389389038086
6247,59.05927276611328
6248,67.07733917236328
6249,63.38288497924805
6250,29.133298873901367
6251,41.40107345581055
6252,37.54661178588867
6253,22.18917465209961
6254,63.068603515625
6255,35.07208251953125
6256,21.31417465209961
6257,67.6407699584961
6258,38.13652801513672
6259,19.27779197692871
6260,25.062894821166992
6261,24.194448471069336
6262,56.131256103515625
6263,36.31511688232422
6264,56.886146545410156
6265,39.09147644042969
6266,71.09773254394531
6267,25.612712860107422
6268,17.499874114990234
6269,27.505342483520508
6270,47.976219177246094
6271,36.18147659301758
6272,22.91184425354004
6273,43.81303787231445
6274,21.35015106201172
6275,25.05242347717285
6276,53.36982727050781
6277,45.84746551513672
6278,29.91341781616211
6279,14.9591703414917
6280,52.47742462158203
6281,20.991594314575195
6282,37.34379196166992
6283,30.46842384338379
6284,14.876388549804688
6285,15.779291152954102
6286,48.46434783935547
6287,14.514923095703125
6288,108.5883560180664
6289,15.619402885437012
6290,15.22746753692627
6291,38.918785095214844
6292,31.669652938842773
6293,34.902870178222656
6294,27.251602172851562
6295,52.179439544677734
6296,40.072021484375
6297,117.02639770507812
6298,25.431501388549805
6299,54.22997283935547
6300,31.270580291748047
6301,38.864295959472656
6302,42.586421966552734
6303,40.394691467285156
6304,33.79193115234375
6305,39.65581512451172
6306,16.491884231567383
6307,32.03221130371094
6308,49.42136001586914
6309,45.33198928833008
6310,32.692996978759766
6311,27.756689071655273
6312,28.093210220336914
6313,55.13241958618164
6314,28.138629913330078
6315,22.953086853027344
6316,22.082826614379883
6317,27.07233238220215
6318,27.24388885498047
6319,55.46231460571289
6320,44.83795166015625
6321,19.425922393798828
6322,16.19140625
6323,15.574234008789062
6324,54.86859893798828
6325,25.68388557434082
6326,33.44047927856445
6327,45.29960250854492
6328,27.404739379882812
6329,37.95881271362305
6330,33.57190704345703
6331,24.50572395324707
6332,83.84352111816406
6333,32.327396392822266
6334,24.098609924316406
6335,27.920101165771484
6336,41.75864028930664
6337,20.95648956298828
6338,34.11785888671875
6339,32.0562629699707
6340,28.123756408691406
6341,19.412931442260742
6342,24.277084350585938
6343,75.96036529541016
6344,35.89577865600586
6345,38.037471771240234
6346,32.739376068115234
6347,12.489531517028809
6348,35.71223831176758
6349,73.67427062988281
6350,55.154441833496094
6351,36.94410705566406
6352,53.641353607177734
6353,32.03730392456055
6354,46.15592575073242
6355,32.648319244384766
6356,46.40736389160156
6357,56.413875579833984
6358,30.6082820892334
6359,49.23442459106445
6360,72.05007934570312
6361,74.79349517822266
6362,28.34040069580078
6363,31.78321647644043
6364,19.839054107666016
6365,52.2867317199707
6366,25.635229110717773
6367,18.009960174560547
6368,46.397430419921875
6369,44.9416389465332
6370,59.01582336425781
6371,67.05622863769531
6372,63.353416442871094
6373,29.107986450195312
6374,41.37716293334961
6375,37.53451919555664
6376,22.173755645751953
6377,63.0356330871582
6378,35.06657409667969
6379,21.31383514404297
6380,67.56314086914062
6381,38.13808059692383
6382,19.262065887451172
6383,25.063583374023438
6384,24.192811965942383
6385,56.09332275390625
6386,36.294063568115234
6387,56.837554931640625
6388,39.089019775390625
6389,71.06896209716797
6390,25.599546432495117
6391,17.490432739257812
6392,27.506038665771484
6393,47.93314743041992
6394,36.17139434814453
6395,22.933074951171875
6396,43.768131256103516
6397,21.335159301757812
6398,24.999906539916992
6399,53.35700225830078
6400,45.81909942626953
6401,29.933603286743164
6402,14.962686538696289
6403,52.45643997192383
6404,20.992399215698242
6405,37.32905578613281
6406,30.46697425842285
6407,14.88387680053711
6408,15.759906768798828
6409,48.452884674072266
6410,14.51829719543457
6411,108.49790954589844
6412,15.627885818481445
6413,15.24842357635498
6414,38.8819694519043
6415,31.75139808654785
6416,34.8795166015625
6417,27.229154586791992
6418,52.153533935546875
6419,40.06074523925781
6420,116.93797302246094
6421,25.421052932739258
6422,54.2187614440918
6423,31.219335556030273
6424,38.84496307373047
6425,42.57273483276367
6426,40.38854217529297
6427,33.730064392089844
6428,39.66838073730469
6429,16.473102569580078
6430,32.015708923339844
6431,49.414615631103516
6432,45.269996643066406
6433,32.68595886230469
6434,27.741872787475586
6435,28.07915687561035
6436,55.1173095703125
6437,28.13091278076172
6438,22.951473236083984
6439,22.08137321472168
6440,27.06031608581543
6441,27.212387084960938
6442,55.45586395263672
6443,44.81863784790039
6444,19.391674041748047
6445,16.19141960144043
6446,15.543403625488281
6447,54.82991027832031
6448,25.63779067993164
6449,33.436302185058594
6450,45.27999496459961
6451,27.433008193969727
6452,37.935462951660156
6453,33.564735412597656
6454,24.49350929260254
6455,83.82748413085938
6456,32.32585525512695
6457,24.099275588989258
6458,27.927648544311523
6459,41.72873306274414
6460,20.95783042907715
6461,34.11724090576172
6462,32.02072525024414
6463,28.090227127075195
6464,19.408552169799805
6465,24.275585174560547
6466,75.86143493652344
6467,35.89958953857422
6468,37.99365234375
6469,32.731773376464844
6470,12.490568161010742
6471,35.687355041503906
6472,73.61451721191406
6473,55.12306594848633
6474,36.93505859375
6475,53.62527084350586
6476,32.01719284057617
6477,46.0994873046875
6478,32.613059997558594
6479,46.413169860839844
6480,56.39667510986328
6481,30.587791442871094
6482,49.21461868286133
6483,72.03885650634766
6484,74.78050994873047
6485,28.329273223876953
6486,31.75827980041504
6487,19.847291946411133
6488,52.246456146240234
6489,25.610754013061523
6490,17.9912109375
6491,46.4017448425293
6492,44.9187126159668
6493,58.976070404052734
6494,67.03526306152344
6495,63.323482513427734
6496,29.084409713745117
6497,41.35464096069336
6498,37.523685455322266
6499,22.161224365234375
6500,63.00164794921875
6501,35.065216064453125
6502,21.313884735107422
6503,67.48567962646484
6504,38.14039993286133
6505,19.24525260925293
6506,25.066158294677734
6507,24.191904067993164
6508,56.048484802246094
6509,36.27190017700195
6510,56.78329086303711
6511,39.088623046875
6512,71.0369644165039
6513,25.58555030822754
6514,17.48001480102539
6515,27.507129669189453
6516,47.889129638671875
6517,36.16307830810547
6518,22.956493377685547
6519,43.72227478027344
6520,21.319738388061523
6521,24.94585418701172
6522,53.34572982788086
6523,45.78925323486328
6524,29.95562171936035
6525,14.968265533447266
6526,52.43692398071289
6527,20.99370002746582
6528,37.31547164916992
6529,30.466760635375977
6530,14.89292049407959
6531,15.740041732788086
6532,48.443145751953125
6533,14.521123886108398
6534,108.40778350830078
6535,15.637585639953613
6536,15.272287368774414
6537,38.84452819824219
6538,31.83600616455078
6539,34.85694885253906
6540,27.2044734954834
6541,52.130943298339844
6542,40.0516357421875
6543,116.8510513305664
6544,25.41147804260254
6545,54.20859146118164
6546,31.165891647338867
6547,38.82505416870117
6548,42.55589294433594
6549,40.38161849975586
6550,33.66754150390625
6551,39.68476486206055
6552,16.455354690551758
6553,31.998615264892578
6554,49.412811279296875
6555,45.20779037475586
6556,32.67861557006836
6557,27.72908592224121
6558,28.06182861328125
6559,55.10013198852539
6560,28.12397575378418
6561,22.950946807861328
6562,22.081966400146484
6563,27.04728126525879
6564,27.18012046813965
6565,55.449398040771484
6566,44.800201416015625
6567,19.356521606445312
6568,16.18833351135254
6569,15.510385513305664
6570,54.792381286621094
6571,25.592113494873047
6572,33.43299102783203
6573,45.26021194458008
6574,27.46528434753418
6575,37.91427230834961
6576,33.55672836303711
6577,24.480899810791016
6578,83.8132095336914
6579,32.32216262817383
6580,24.101829528808594
6581,27.936786651611328
6582,41.70003128051758
6583,20.959552764892578
6584,34.117313385009766
6585,31.986358642578125
6586,28.055906295776367
6587,19.403833389282227
6588,24.275218963623047
6589,75.76206970214844
6590,35.905609130859375
6591,37.94779968261719
6592,32.72383499145508
6593,12.491288185119629
6594,35.660953521728516
6595,73.55313110351562
6596,55.09193801879883
6597,36.92499542236328
6598,53.60875701904297
6599,31.998340606689453
6600,46.041534423828125
6601,32.57484817504883
6602,46.42066955566406
6603,56.381710052490234
6604,30.564870834350586
6605,49.19518280029297
6606,72.02965545654297
6607,74.76949310302734
6608,28.318458557128906
6609,31.73253631591797
6610,19.856319427490234
6611,52.20596694946289
6612,25.58481216430664
6613,17.9747314453125
6614,46.40647888183594
6615,44.89548873901367
6616,58.9400634765625
6617,67.01421356201172
6618,63.293094635009766
6619,29.06424331665039
6620,41.33382797241211
6621,37.51372528076172
6622,22.15056610107422
6623,62.96707534790039
6624,35.068119049072266
6625,21.313772201538086
6626,67.40933227539062
6627,38.143985748291016
6628,19.227378845214844
6629,25.069408416748047
6630,24.192157745361328
6631,55.999351501464844
6632,36.24882125854492
6633,56.724609375
6634,39.08961486816406
6635,71.00344848632812
6636,25.57143211364746
6637,17.469118118286133
6638,27.50849723815918
6639,47.84443283081055
6640,36.15614318847656
6641,22.98200225830078
6642,43.67559814453125
6643,21.30419158935547
6644,24.889877319335938
6645,53.33592987060547
6646,45.75761032104492
6647,29.980335235595703
6648,14.975594520568848
6649,52.418209075927734
6650,20.995832443237305
6651,37.30352783203125
6652,30.468067169189453
6653,14.904011726379395
6654,15.720213890075684
6655,48.43503189086914
6656,14.523487091064453
6657,108.31636047363281
6658,15.648486137390137
6659,15.298994064331055
6660,38.80681228637695
6661,31.923059463500977
6662,34.83577346801758
6663,27.176292419433594
6664,52.11272430419922
6665,40.044551849365234
6666,116.76618194580078
6667,25.40367317199707
6668,54.19900894165039
6669,31.10993766784668
6670,38.80423355102539
6671,42.534637451171875
6672,40.37342834472656
6673,33.6050910949707
6674,39.70500564575195
6675,16.438467025756836
6676,31.980892181396484
6677,49.41568374633789
6678,45.145938873291016
6679,32.6705207824707
6680,27.71806526184082
6681,28.04115104675293
6682,55.07969284057617
6683,28.118276596069336
6684,22.95232391357422
6685,22.08474349975586
6686,27.033321380615234
6687,27.14656639099121
6688,55.440147399902344
6689,44.780853271484375
6690,19.320968627929688
6691,16.18185043334961
6692,15.475787162780762
6693,54.755218505859375
6694,25.54666519165039
6695,33.4305419921875
6696,45.24095153808594
6697,27.502103805541992
6698,37.89530944824219
6699,33.54734802246094
6700,24.46786117553711
6701,83.79556274414062
6702,32.31436538696289
6703,24.107284545898438
6704,27.94805335998535
6705,41.672584533691406
6706,20.961040496826172
6707,34.117706298828125
6708,31.953577041625977
6709,28.02071189880371
6710,19.39897346496582
6711,24.2757511138916
6712,75.66169738769531
6713,35.91337966918945
6714,37.899383544921875
6715,32.71576690673828
6716,12.490592956542969
6717,35.632041931152344
6718,73.49021911621094
6719,55.060935974121094
6720,36.913780212402344
6721,53.59181213378906
6722,31.97991943359375
6723,45.98178482055664
6724,32.53230285644531
6725,46.43062973022461
6726,56.36954116821289
6727,30.538827896118164
6728,49.17570877075195
6729,72.02262115478516
6730,74.7603530883789
6731,28.30794906616211
6732,31.705821990966797
6733,19.86624526977539
6734,52.16558837890625
6735,25.557287216186523
6736,17.960308074951172
6737,46.41117477416992
6738,44.87147521972656
6739,58.90813064575195
6740,66.9924087524414
6741,63.261566162109375
6742,29.048269271850586
6743,41.314632415771484
6744,37.50434112548828
6745,22.141605377197266
6746,62.93136215209961
6747,35.075767517089844
6748,21.313182830810547
6749,67.3344497680664
6750,38.14826202392578
6751,19.20816421508789
6752,25.073352813720703
6753,24.193397521972656
6754,55.945533752441406
6755,36.22466278076172
6756,56.660255432128906
6757,39.09166717529297
6758,70.9677734375
6759,25.55721664428711
6760,17.45769500732422
6761,27.51006317138672
6762,47.79857635498047
6763,36.15069580078125
6764,23.009374618530273
6765,43.627742767333984
6766,21.288013458251953
6767,24.832326889038086
6768,53.327823638916016
6769,45.72349166870117
6770,30.008007049560547
6771,14.984980583190918
6772,52.4007453918457
6773,20.998878479003906
6774,37.292877197265625
6775,30.47105598449707
6776,14.917312622070312
6777,15.699788093566895
6778,48.42784118652344
6779,14.523449897766113
6780,108.22845458984375
6781,15.659839630126953
6782,15.329023361206055
6783,38.769287109375
6784,32.00981903076172
6785,34.81781005859375
6786,27.146162033081055
6787,52.09895706176758
6788,40.03782272338867
6789,116.67899322509766
6790,25.39651870727539
6791,54.19089889526367
6792,31.052412033081055
6793,38.77914810180664
6794,42.512481689453125
6795,40.36515426635742
6796,33.54121780395508
6797,39.72782516479492
6798,16.422962188720703
6799,31.962383270263672
6800,49.422157287597656
6801,45.08292007446289
6802,32.662445068359375
6803,27.709529876708984
6804,28.019973754882812
6805,55.05879592895508
6806,28.11275291442871
6807,22.954866409301758
6808,22.090295791625977
6809,27.018136978149414
6810,27.114015579223633
6811,55.43205642700195
6812,44.76445388793945
6813,19.284133911132812
6814,16.173370361328125
6815,15.437272071838379
6816,54.71754837036133
6817,25.502878189086914
6818,33.429298400878906
6819,45.22032928466797
6820,27.543209075927734
6821,37.87947082519531
6822,33.537776947021484
6823,24.45485496520996
6824,83.78179168701172
6825,32.30814743041992
6826,24.113605499267578
6827,27.960609436035156
6828,41.645999908447266
6829,20.963245391845703
6830,34.118831634521484
6831,31.921878814697266
6832,27.985416412353516
6833,19.393709182739258
6834,24.276798248291016
6835,75.55582427978516
6836,35.92395782470703
6837,37.84817886352539
6838,32.707767486572266
6839,12.490328788757324
6840,35.60134506225586
6841,73.42506408691406
6842,55.028682708740234
6843,36.901859283447266
6844,53.57432556152344
6845,31.96260643005371
6846,45.919315338134766
6847,32.487003326416016
6848,46.441715240478516
6849,56.35945510864258
6850,30.511140823364258
6851,49.15569305419922
6852,72.01681518554688
6853,74.751953125
6854,28.2978515625
6855,31.67925262451172
6856,19.87728500366211
6857,52.12456130981445
6858,25.528305053710938
6859,17.94739532470703
6860,46.41629409790039
6861,44.84603500366211
6862,58.878482818603516
6863,66.96942138671875
6864,63.228004455566406
6865,29.034032821655273
6866,41.29582977294922
6867,37.495758056640625
6868,22.134689331054688
6869,62.893096923828125
6870,35.08768081665039
6871,21.3133487701416
6872,67.26008605957031
6873,38.154090881347656
6874,19.188859939575195
6875,25.079410552978516
6876,24.19541358947754
6877,55.88752365112305
6878,36.199951171875
6879,56.590599060058594
6880,39.09529495239258
6881,70.92765808105469
6882,25.54326057434082
6883,17.446462631225586
6884,27.512187957763672
6885,47.751136779785156
6886,36.146728515625
6887,23.03981590270996
6888,43.57820510864258
6889,21.271774291992188
6890,24.773881912231445
6891,53.31970977783203
6892,45.68666458129883
6893,30.038774490356445
6894,14.996121406555176
6895,52.382896423339844
6896,21.002084732055664
6897,37.28287887573242
6898,30.475984573364258
6899,14.932153701782227
6900,15.679234504699707
6901,48.42084503173828
6902,14.520792007446289
6903,108.14362335205078
6904,15.671467781066895
6905,15.361261367797852
6906,38.73342514038086
6907,32.09563446044922
6908,34.80363845825195
6909,27.11410140991211
6910,52.0892448425293
6911,40.030609130859375
6912,116.58984375
6913,25.390457153320312
6914,54.1840705871582
6915,30.992862701416016
6916,38.74993133544922
6917,42.487728118896484
6918,40.35641860961914
6919,33.477108001708984
6920,39.75325012207031
6921,16.408302307128906
6922,31.942703247070312
6923,49.43192672729492
6924,45.0201530456543
6925,32.65409851074219
6926,27.702716827392578
6927,27.99852180480957
6928,55.03639602661133
6929,28.10739517211914
6930,22.95929527282715
6931,22.098154067993164
6932,27.00263214111328
6933,27.081106185913086
6934,55.4212760925293
6935,44.74824523925781
6936,19.2470760345459
6937,16.163055419921875
6938,15.397579193115234
6939,54.678829193115234
6940,25.459369659423828
6941,33.42874526977539
6942,45.19980239868164
6943,27.58867645263672
6944,37.866825103759766
6945,33.52780532836914
6946,24.44123649597168
6947,83.7671890258789
6948,32.30192184448242
6949,24.121511459350586
6950,27.974164962768555
6951,41.619937896728516
6952,20.96550178527832
6953,34.12006759643555
6954,31.8916015625
6955,27.949750900268555
6956,19.387577056884766
6957,24.277538299560547
6958,75.44764709472656
6959,35.935401916503906
6960,37.796348571777344
6961,32.699703216552734
6962,12.489147186279297
6963,35.56731414794922
6964,73.36045837402344
6965,54.996822357177734
6966,36.89301681518555
6967,53.55605697631836
6968,31.939411163330078
6969,45.85305404663086
6970,32.43605422973633
6971,46.456146240234375
6972,56.35508346557617
6973,30.481491088867188
6974,49.1346435546875
6975,72.01403045654297
6976,74.7485122680664
6977,28.28925323486328
6978,31.655887603759766
6979,19.891727447509766
6980,52.08332061767578
6981,25.498119354248047
6982,17.930397033691406
6983,46.42485046386719
6984,44.81790542602539
6985,58.84678649902344
6986,66.9453353881836
6987,63.190650939941406
6988,29.014404296875
6989,41.273414611816406
6990,37.489158630371094
6991,22.131582260131836
6992,62.848121643066406
6993,35.102516174316406
6994,21.31742286682129
6995,67.18074798583984
6996,38.16037368774414
6997,19.172607421875
6998,25.091466903686523
6999,24.197877883911133
7000,55.821266174316406
7001,36.175209045410156
7002,56.513526916503906
7003,39.10187911987305
7004,70.87709045410156
7005,25.527873992919922
7006,17.436199188232422
7007,27.515975952148438
7008,47.70132827758789
7009,36.14411544799805
7010,23.074630737304688
7011,43.52526092529297
7012,21.25629234313965
7013,24.715290069580078
7014,53.30971145629883
7015,45.64628982543945
7016,30.071758270263672
7017,15.008905410766602
7018,52.36204147338867
7019,21.005834579467773
7020,37.27174758911133
7021,30.482471466064453
7022,14.946484565734863
7023,15.657188415527344
7024,48.41325378417969
7025,14.514973640441895
7026,108.06538391113281
7027,15.681544303894043
7028,15.39413833618164
7029,38.701107025146484
7030,32.17546081542969
7031,34.795494079589844
7032,27.079246520996094
7033,52.084999084472656
7034,40.02153396606445
7035,116.49838256835938
7036,25.385469436645508
7037,54.17920684814453
7038,30.93123435974121
7039,38.715328216552734
7040,42.45978927612305
7041,40.34695816040039
7042,33.413124084472656
7043,39.7809944152832
7044,16.393718719482422
7045,31.920982360839844
7046,49.444725036621094
7047,44.957611083984375
7048,32.64522933959961
7049,27.697402954101562
7050,27.97746467590332
7051,55.01191711425781
7052,28.10201072692871
7053,22.966373443603516
7054,22.108501434326172
7055,26.987661361694336
7056,27.04640007019043
7057,55.40497970581055
7058,44.73086166381836
7059,19.21014404296875
7060,16.15118408203125
7061,15.359190940856934
7062,54.638702392578125
7063,25.41535186767578
7064,33.42903137207031
7065,45.180545806884766
7066,27.63796043395996
7067,37.85838317871094
7068,33.517887115478516
7069,24.425830841064453
7070,83.74966430664062
7071,32.2955207824707
7072,24.131793975830078
7073,27.987796783447266
7074,41.59366989135742
7075,20.967374801635742
7076,34.120853424072266
7077,31.862728118896484
7078,27.914506912231445
7079,19.38074493408203
7080,24.276630401611328
7081,75.33792877197266
7082,35.94678497314453
7083,37.7459602355957
7084,32.691612243652344
7085,12.48800277709961
7086,35.53060531616211
7087,73.2950210571289
7088,54.963417053222656
7089,36.8852424621582
7090,53.537723541259766
7091,31.915639877319336
7092,45.78416061401367
7093,32.382911682128906
7094,46.472145080566406
7095,56.354522705078125
7096,30.451519012451172
7097,49.112422943115234
7098,72.01251983642578
7099,74.74662017822266
7100,28.282350540161133
7101,31.634572982788086
7102,19.907869338989258
7103,52.0407600402832
7104,25.466663360595703
7105,17.911052703857422
7106,46.43449401855469
7107,44.78777313232422
7108,58.813804626464844
7109,66.9192123413086
7110,63.149417877197266
7111,28.99225425720215
7112,41.24839782714844
7113,37.48375701904297
7114,22.12987518310547
7115,62.79766845703125
7116,35.121273040771484
7117,21.324289321899414
7118,67.10050201416016
7119,38.16828918457031
7120,19.158727645874023
7121,25.107751846313477
7122,24.20079803466797
7123,55.75296401977539
7124,36.1508903503418
7125,56.43155288696289
7126,39.11020278930664
7127,70.81775665283203
7128,25.512115478515625
7129,17.426877975463867
7130,27.520959854125977
7131,47.650062561035156
7132,36.1433219909668
7133,23.11217498779297
7134,43.47007751464844
7135,21.241127014160156
7136,24.658096313476562
7137,53.29838180541992
7138,45.603172302246094
7139,30.106008529663086
7140,15.022760391235352
7141,52.339176177978516
7142,21.009674072265625
7143,37.25975036621094
7144,30.490556716918945
7145,14.960057258605957
7146,15.633868217468262
7147,48.405181884765625
7148,14.5071439743042
7149,107.99079132080078
7150,15.691142082214355
7151,15.427017211914062
7152,38.67178726196289
7153,32.25275802612305
7154,34.79157638549805
7155,27.042766571044922
7156,52.08381652832031
7157,40.01070022583008
7158,116.40291595458984
7159,25.38113021850586
7160,54.17607879638672
7161,30.86775779724121
7162,38.675880432128906
7163,42.43002700805664
7164,40.33750915527344
7165,33.348419189453125
7166,39.81132507324219
7167,16.379108428955078
7168,31.897436141967773
7169,49.4602165222168
7170,44.894744873046875
7171,32.63631820678711
7172,27.69386100769043
7173,27.957693099975586
7174,54.986934661865234
7175,28.096202850341797
7176,22.975004196166992
7177,22.121232986450195
7178,26.972436904907227
7179,27.01209831237793
7180,55.38777160644531
7181,44.71551513671875
7182,19.17270851135254
7183,16.13823890686035
7184,15.319502830505371
7185,54.59710693359375
7186,25.37188148498535
7187,33.43017578125
7188,45.16073226928711
7189,27.691076278686523
7190,37.853973388671875
7191,33.508636474609375
7192,24.409809112548828
7193,83.73548889160156
7194,32.29317855834961
7195,24.142454147338867
7196,28.001644134521484
7197,41.56752395629883
7198,20.969860076904297
7199,34.12211608886719
7200,31.834991455078125
7201,27.879487991333008
7202,19.373207092285156
7203,24.27493667602539
7204,75.22267150878906
7205,35.95966720581055
7206,37.694862365722656
7207,32.68363571166992
7208,12.48807430267334
7209,35.49187088012695
7210,73.2275390625
7211,54.92707824707031
7212,36.87744140625
7213,53.51961898803711
7214,31.894079208374023
7215,45.71261215209961
7216,32.32923889160156
7217,46.48857498168945
7218,56.355506896972656
7219,30.421619415283203
7220,49.08892822265625
7221,72.01087951660156
7222,74.74356079101562
7223,28.276134490966797
7224,31.61451530456543
7225,19.92530632019043
7226,51.996952056884766
7227,25.43378257751465
7228,17.890485763549805
7229,46.44473648071289
7230,44.7556266784668
7231,58.78018569946289
7232,66.89109802246094
7233,63.104530334472656
7234,28.968658447265625
7235,41.22116470336914
7236,37.479408264160156
7237,22.128923416137695
7238,62.742305755615234
7239,35.143836975097656
7240,21.3328800201416
7241,67.0212631225586
7242,38.1781120300293
7243,19.14623260498047
7244,25.12714195251465
7245,24.204303741455078
7246,55.683326721191406
7247,36.12687683105469
7248,56.3452262878418
7249,39.11977005004883
7250,70.7512435913086
7251,25.496856689453125
7252,17.418432235717773
7253,27.526668548583984
7254,47.597267150878906
7255,36.14378356933594
7256,23.15266990661621
7257,43.41281509399414
7258,21.226097106933594
7259,24.60213279724121
7260,53.286128997802734
7261,45.556888580322266
7262,30.142168045043945
7263,15.038179397583008
7264,52.31452941894531
7265,21.01344871520996
7266,37.24801254272461
7267,30.5003662109375
7268,14.973541259765625
7269,15.60963249206543
7270,48.3965950012207
7271,14.497268676757812
7272,107.91850280761719
7273,15.700446128845215
7274,15.4609956741333
7275,38.6454963684082
7276,32.32872009277344
7277,34.791255950927734
7278,27.00455093383789
7279,52.085693359375
7280,39.99871826171875
7281,116.30172729492188
7282,25.377151489257812
7283,54.1746826171875
7284,30.803874969482422
7285,38.63208770751953
7286,42.399513244628906
7287,40.32810592651367
7288,33.283355712890625
7289,39.84407043457031
7290,16.36493492126465
7291,31.872224807739258
7292,49.477996826171875
7293,44.83106231689453
7294,32.62747573852539
7295,27.69185447692871
7296,27.939393997192383
7297,54.96247863769531
7298,28.08964729309082
7299,22.98484992980957
7300,22.13666343688965
7301,26.956729888916016
7302,26.979267120361328
7303,55.370967864990234
7304,44.703556060791016
7305,19.134450912475586
7306,16.12528419494629
7307,15.277138710021973
7308,54.5536994934082
7309,25.329988479614258
7310,33.43232345581055
7311,45.13968276977539
7312,27.74778175354004
7313,37.853363037109375
7314,33.50051498413086
7315,24.393753051757812
7316,83.72657012939453
7317,32.29664611816406
7318,24.15265655517578
7319,28.01555061340332
7320,41.541748046875
7321,20.973281860351562
7322,34.12385559082031
7323,31.808679580688477
7324,27.84452247619629
7325,19.364404678344727
7326,24.272216796875
7327,75.10112762451172
7328,35.97385025024414
7329,37.64262390136719
7330,32.67591094970703
7331,12.48947525024414
7332,35.451515197753906
7333,73.15809631347656
7334,54.88768768310547
7335,36.869205474853516
7336,53.50157165527344
7337,31.87533950805664
7338,45.63877487182617
7339,32.27488708496094
7340,46.506103515625
7341,56.3603515625
7342,30.39094352722168
7343,49.06417465209961
7344,72.0113525390625
7345,74.74458312988281
7346,28.27254867553711
7347,31.59813117980957
7348,19.944793701171875
7349,51.95510482788086
7350,25.395740509033203
7351,17.8643856048584
7352,46.4559211730957
7353,44.71890640258789
7354,58.73918151855469
7355,66.85883331298828
7356,63.05341720581055
7357,28.938552856445312
7358,41.1860237121582
7359,37.47825622558594
7360,22.124954223632812
7361,62.67949295043945
7362,35.1697883605957
7363,21.34404754638672
7364,66.94768524169922
7365,38.190673828125
7366,19.13524627685547
7367,25.149511337280273
7368,24.20771598815918
7369,55.611446380615234
7370,36.10354995727539
7371,56.25169372558594
7372,39.12994384765625
7373,70.67504119873047
7374,25.483905792236328
7375,17.41303825378418
7376,27.53380012512207
7377,47.54225540161133
7378,36.145668029785156
7379,23.19696617126465
7380,43.35231399536133
7381,21.211767196655273
7382,24.548709869384766
7383,53.27147674560547
7384,45.505855560302734
7385,30.182147979736328
7386,15.055201530456543
7387,52.28641891479492
7388,21.01699447631836
7389,37.23834228515625
7390,30.512283325195312
7391,14.988212585449219
7392,15.587339401245117
7393,48.386566162109375
7394,14.482090950012207
7395,107.84892272949219
7396,15.710747718811035
7397,15.497026443481445
7398,38.62403869628906
7399,32.40089416503906
7400,34.79570770263672
7401,26.961353302001953
7402,52.09164047241211
7403,39.98558044433594
7404,116.19120788574219
7405,25.375349044799805
7406,54.173336029052734
7407,30.743179321289062
7408,38.58171463012695
7409,42.3669319152832
7410,40.317466735839844
7411,33.222320556640625
7412,39.879886627197266
7413,16.352611541748047
7414,31.844942092895508
7415,49.496673583984375
7416,44.771663665771484
7417,32.618133544921875
7418,27.691993713378906
7419,27.92406463623047
7420,54.936126708984375
7421,28.081485748291016
7422,22.997713088989258
7423,22.155466079711914
7424,26.940567016601562
7425,26.9488468170166
7426,55.347900390625
7427,44.69287109375
7428,19.09798240661621
7429,16.111907958984375
7430,15.233999252319336
7431,54.50490951538086
7432,25.292469024658203
7433,33.434852600097656
7434,45.11837387084961
7435,27.808732986450195
7436,37.85734558105469
7437,33.49214172363281
7438,24.37757682800293
7439,83.71257019042969
7440,32.302738189697266
7441,24.163557052612305
7442,28.030189514160156
7443,41.516990661621094
7444,20.97662925720215
7445,34.12419128417969
7446,31.786409378051758
7447,27.810791015625
7448,19.3536319732666
7449,24.266923904418945
7450,74.97322845458984
7451,35.98777770996094
7452,37.589237213134766
7453,32.66878128051758
7454,12.49094009399414
7455,35.40803146362305
7456,73.08724212646484
7457,54.842872619628906
7458,36.857032775878906
7459,53.48317337036133
7460,31.864049911499023
7461,45.56459426879883
7462,32.22168731689453
7463,46.523193359375
7464,56.367645263671875
7465,30.360363006591797
7466,49.037498474121094
7467,72.01042175292969
7468,74.74276733398438
7469,28.270734786987305
7470,31.584339141845703
7471,19.964250564575195
7472,51.91413497924805
7473,25.35350227355957
7474,17.83823585510254
7475,46.46461486816406
7476,44.67866516113281
7477,58.69600296020508
7478,66.82147216796875
7479,62.9967041015625
7480,28.91063690185547
7481,41.147804260253906
7482,37.478126525878906
7483,22.11740493774414
7484,62.611328125
7485,35.20058059692383
7486,21.355772018432617
7487,66.88410186767578
7488,38.20657730102539
7489,19.124679565429688
7490,25.17205810546875
7491,24.211400985717773
7492,55.544464111328125
7493,36.08137893676758
7494,56.15420913696289
7495,39.13934326171875
7496,70.5928726196289
7497,25.475149154663086
7498,17.411142349243164
7499,27.541934967041016
7500,47.486019134521484
7501,36.14845657348633
7502,23.243816375732422
7503,43.289833068847656
7504,21.198156356811523
7505,24.498516082763672
7506,53.254920959472656
7507,45.45017623901367
7508,30.225868225097656
7509,15.073802947998047
7510,52.25521469116211
7511,21.020124435424805
7512,37.23234176635742
7513,30.526412963867188
7514,15.004170417785645
7515,15.567456245422363
7516,48.37529373168945
7517,14.46442985534668
7518,107.7770004272461
7519,15.722832679748535
7520,15.534431457519531
7521,38.60686492919922
7522,32.473411560058594
7523,34.80298614501953
7524,26.91506576538086
7525,52.09977722167969
7526,39.9719352722168
7527,116.07233428955078
7528,25.375146865844727
7529,54.172122955322266
7530,30.68520164489746
7531,38.526283264160156
7532,42.33174133300781
7533,40.30559158325195
7534,33.164363861083984
7535,39.91810607910156
7536,16.341907501220703
7537,31.81587028503418
7538,49.516700744628906
7539,44.71567916870117
7540,32.608131408691406
7541,27.693466186523438
7542,27.910245895385742
7543,54.90796661376953
7544,28.07243537902832
7545,23.012781143188477
7546,22.176969528198242
7547,26.924484252929688
7548,26.919139862060547
7549,55.31816101074219
7550,44.681053161621094
7551,19.062719345092773
7552,16.098573684692383
7553,15.191102981567383
7554,54.451786041259766
7555,25.257360458374023
7556,33.437889099121094
7557,45.09773635864258
7558,27.873199462890625
7559,37.86385726928711
7560,33.483154296875
7561,24.361358642578125
7562,83.69183349609375
7563,32.30946731567383
7564,24.17595672607422
7565,28.045930862426758
7566,41.492862701416016
7567,20.979991912841797
7568,34.123531341552734
7569,31.767438888549805
7570,27.777992248535156
7571,19.341127395629883
7572,24.26006317138672
7573,74.84092712402344
7574,36.00136947631836
7575,37.53450012207031
7576,32.66200637817383
7577,12.491883277893066
7578,35.361854553222656
7579,73.015380859375
7580,54.79456329345703
7581,36.841758728027344
7582,53.4644889831543
7583,31.858686447143555
7584,45.49061584472656
7585,32.16940689086914
7586,46.53990173339844
7587,56.37601852416992
7588,30.330120086669922
7589,49.00981140136719
7590,72.00794219970703
7591,74.7371597290039
7592,28.269573211669922
7593,31.5709228515625
7594,19.98322105407715
7595,51.872703552246094
7596,25.309158325195312
7597,17.814645767211914
7598,46.471168518066406
7599,44.63710021972656
7600,58.65483093261719
7601,66.78130340576172
7602,62.9367790222168
7603,28.88818359375
7604,41.110252380371094
7605,37.47801971435547
7606,22.108713150024414
7607,62.540531158447266
7608,35.235477447509766
7609,21.36703109741211
7610,66.8271484375
7611,38.22420120239258
7612,19.11448097229004
7613,25.194643020629883
7614,24.215858459472656
7615,55.48216247558594
7616,36.05960464477539
7617,56.05413055419922
7618,39.14829635620117
7619,70.50691986083984
7620,25.468759536743164
7621,17.41100311279297
7622,27.550628662109375
7623,47.42930221557617
7624,36.15243911743164
7625,23.292512893676758
7626,43.22623825073242
7627,21.18463706970215
7628,24.4506893157959
7629,53.237709045410156
7630,45.391807556152344
7631,30.271869659423828
7632,15.093505859375
7633,52.2226676940918
7634,21.022981643676758
7635,37.22806167602539
7636,30.54191017150879
7637,15.02063274383545
7638,15.54870319366455
7639,48.36372375488281
7640,14.446566581726074
7641,107.70249938964844
7642,15.73630142211914
7643,15.572792053222656
7644,38.59215545654297
7645,32.54721450805664
7646,34.81168746948242
7647,26.86760711669922
7648,52.109588623046875
7649,39.95817565917969
7650,115.95040130615234
7651,25.375732421875
7652,54.17165756225586
7653,30.627479553222656
7654,38.46896743774414
7655,42.294677734375
7656,40.293365478515625
7657,33.10739517211914
7658,39.95838928222656
7659,16.331586837768555
7660,31.78596305847168
7661,49.53892135620117
7662,44.660831451416016
7663,32.597999572753906
7664,27.696243286132812
7665,27.89651870727539
7666,54.87886428833008
7667,28.063323974609375
7668,23.0291805267334
7669,22.20013427734375
7670,26.90827178955078
7671,26.88979721069336
7672,55.2869873046875
7673,44.6701774597168
7674,19.027820587158203
7675,16.08468246459961
7676,15.148070335388184
7677,54.39767074584961
7678,25.222999572753906
7679,33.441429138183594
7680,45.07762145996094
7681,27.939979553222656
7682,37.87289810180664
7683,33.47450256347656
7684,24.345170974731445
7685,83.67115020751953
7686,32.31766128540039
7687,24.189165115356445
7688,28.062171936035156
7689,41.469356536865234
7690,20.983572006225586
7691,34.122859954833984
7692,31.749788284301758
7693,27.74565887451172
7694,19.328144073486328
7695,24.25267219543457
7696,74.70650482177734
7697,36.01579666137695
7698,37.47947692871094
7699,32.65553665161133
7700,12.49368953704834
7701,35.31496047973633
7702,72.94163513183594
7703,54.741268157958984
7704,36.822547912597656
7705,53.445701599121094
7706,31.863157272338867
7707,45.41267013549805
7708,32.12078094482422
7709,46.552284240722656
7710,56.379493713378906
7711,30.302682876586914
7712,48.97932434082031
7713,71.9985122680664
7714,74.71949005126953
7715,28.265914916992188
7716,31.558713912963867
7717,20.003543853759766
7718,51.82960891723633
7719,25.26497459411621
7720,17.795207977294922
7721,46.47731399536133
7722,44.593048095703125
7723,58.61712646484375
7724,66.73799896240234
7725,62.87333679199219
7726,28.868194580078125
7727,41.07175827026367
7728,37.47873306274414
7729,22.10173988342285
7730,62.464900970458984
7731,35.27372741699219
7732,21.38096046447754
7733,66.77236938476562
7734,38.24330520629883
7735,19.105588912963867
7736,25.219945907592773
7737,24.2203426361084
7738,55.414283752441406
7739,36.03868865966797
7740,55.94918441772461
7741,39.158660888671875
7742,70.4139633178711
7743,25.462736129760742
7744,17.412185668945312
7745,27.55980110168457
7746,47.37150955200195
7747,36.15784454345703
7748,23.34296226501465
7749,43.16109085083008
7750,21.17181396484375
7751,24.40519905090332
7752,53.219993591308594
7753,45.330970764160156
7754,30.319711685180664
7755,15.114568710327148
7756,52.18862533569336
7757,21.025989532470703
7758,37.22534942626953
7759,30.55898666381836
7760,15.038045883178711
7761,15.531176567077637
7762,48.352012634277344
7763,14.4261474609375
7764,107.6303482055664
7765,15.75023078918457
7766,15.612373352050781
7767,38.580543518066406
7768,32.61830520629883
7769,34.82326126098633
7770,26.816308975219727
7771,52.123104095458984
7772,39.94475555419922
7773,115.8272705078125
7774,25.378171920776367
7775,54.17134094238281
7776,30.571117401123047
7777,38.409305572509766
7778,42.25463104248047
7779,40.27999496459961
7780,33.05366897583008
7781,40.00108337402344
7782,16.322467803955078
7783,31.754894256591797
7784,49.56264877319336
7785,44.60940933227539
7786,32.5874137878418
7787,27.700382232666016
7788,27.883161544799805
7789,54.848121643066406
7790,28.0538330078125
7791,23.047630310058594
7792,22.225391387939453
7793,26.892318725585938
7794,26.861125946044922
7795,55.25096893310547
7796,44.658756256103516
7797,18.99418830871582
7798,16.069965362548828
7799,15.105744361877441
7800,54.341590881347656
7801,25.19085121154785
7802,33.44534683227539
7803,45.058284759521484
7804,28.00948715209961
7805,37.8846435546875
7806,33.46560287475586
7807,24.32878875732422
7808,83.64596557617188
7809,32.32577133178711
7810,24.203807830810547
7811,28.079334259033203
7812,41.44678497314453
7813,20.98708152770996
7814,34.1219482421875
7815,31.734966278076172
7816,27.714466094970703
7817,19.315845489501953
7818,24.245691299438477
7819,74.55717468261719
7820,36.037086486816406
7821,37.426727294921875
7822,32.650718688964844
7823,12.505252838134766
7824,35.26987075805664
7825,72.8604507446289
7826,54.67948532104492
7827,36.803253173828125
7828,53.42292785644531
7829,31.86066246032715
7830,45.327117919921875
7831,32.06188201904297
7832,46.56828308105469
7833,56.39262008666992
7834,30.272586822509766
7835,48.94593811035156
7836,71.98990631103516
7837,74.7003173828125
7838,28.26141929626465
7839,31.5476131439209
7840,20.02328109741211
7841,51.78474044799805
7842,25.22113037109375
7843,17.7932071685791
7844,46.47474670410156
7845,44.552467346191406
7846,58.603660583496094
7847,66.69328308105469
7848,62.81277084350586
7849,28.891658782958984
7850,41.05850601196289
7851,37.46892547607422
7852,22.10062599182129
7853,62.39960861206055
7854,35.3250846862793
7855,21.383939743041992
7856,66.73004150390625
7857,38.25926208496094
7858,19.092220306396484
7859,25.23302459716797
7860,24.229951858520508
7861,55.38677978515625
7862,36.015132904052734
7863,55.850624084472656
7864,39.16503143310547
7865,70.33861541748047
7866,25.462854385375977
7867,17.41314125061035
7868,27.5670108795166
7869,47.31711959838867
7870,36.163795471191406
7871,23.389726638793945
7872,43.100521087646484
7873,21.15668296813965
7874,24.361522674560547
7875,53.20882034301758
7876,45.27235412597656
7877,30.367246627807617
7878,15.137081146240234
7879,52.16228103637695
7880,21.02882194519043
7881,37.22935485839844
7882,30.577058792114258
7883,15.058638572692871
7884,15.51575756072998
7885,48.343238830566406
7886,14.407011985778809
7887,107.54610443115234
7888,15.769092559814453
7889,15.655445098876953
7890,38.566123962402344
7891,32.70624542236328
7892,34.827152252197266
7893,26.765167236328125
7894,52.13232421875
7895,39.936649322509766
7896,115.70036315917969
7897,25.381046295166016
7898,54.1700553894043
7899,30.516983032226562
7900,38.3551139831543
7901,42.21345138549805
7902,40.265892028808594
7903,33.000911712646484
7904,40.04841613769531
7905,16.314617156982422
7906,31.72452163696289
7907,49.58991241455078
7908,44.55893325805664
7909,32.57631301879883
7910,27.706037521362305
7911,27.864683151245117
7912,54.815895080566406
7913,28.04511833190918
7914,23.065549850463867
7915,22.25226402282715
7916,26.87368392944336
7917,26.835094451904297
7918,55.220829010009766
7919,44.65144729614258
7920,18.959890365600586
7921,16.053380966186523
7922,15.057844161987305
7923,54.2874870300293
7924,25.161930084228516
7925,33.4501953125
7926,45.03684616088867
7927,28.080963134765625
7928,37.896453857421875
7929,33.45610809326172
7930,24.314239501953125
7931,83.62797546386719
7932,32.333866119384766
7933,24.21805763244629
7934,28.098398208618164
7935,41.42630386352539
7936,20.991674423217773
7937,34.122222900390625
7938,31.720849990844727
7939,27.682573318481445
7940,19.303281784057617
7941,24.240501403808594
7942,74.41775512695312
7943,36.056034088134766
7944,37.36821746826172
7945,32.64493942260742
7946,12.507176399230957
7947,35.22195053100586
7948,72.78712463378906
7949,54.628692626953125
7950,36.78574752807617
7951,53.40348815917969
7952,31.85973358154297
7953,45.250770568847656
7954,32.006935119628906
7955,46.58640670776367
7956,56.40505599975586
7957,30.24152946472168
7958,48.91751480102539
7959,71.98660278320312
7960,74.6865005493164
7961,28.258487701416016
7962,31.52891731262207
7963,20.038251876831055
7964,51.73919677734375
7965,25.179290771484375
7966,17.795074462890625
7967,46.46936798095703
7968,44.518733978271484
7969,58.59489440917969
7970,66.65428161621094
7971,62.760013580322266
7972,28.92266273498535
7973,41.053218841552734
7974,37.45746612548828
7975,22.0977783203125
7976,62.34540939331055
7977,35.377315521240234
7978,21.38058090209961
7979,66.69217681884766
7980,38.27580261230469
7981,19.07533073425293
7982,25.240806579589844
7983,24.24114227294922
7984,55.374366760253906
7985,35.99100875854492
7986,55.76143264770508
7987,39.16981506347656
7988,70.27774047851562
7989,25.464519500732422
7990,17.4123477935791
7991,27.57356834411621
7992,47.266422271728516
7993,36.16941452026367
7994,23.434965133666992
7995,43.04396438598633
7996,21.140840530395508
7997,24.315040588378906
7998,53.200584411621094
7999,45.217891693115234
8000,30.41407585144043
8001,15.159448623657227
8002,52.139747619628906
8003,21.03201675415039
8004,37.23288345336914
8005,30.594791412353516
8006,15.07758903503418
8007,15.497498512268066
8008,48.33675765991211
8009,14.389654159545898
8010,107.46453094482422
8011,15.786969184875488
8012,15.69742488861084
8013,38.54954528808594
8014,32.79634475708008
8015,34.82939147949219
8016,26.716583251953125
8017,52.141170501708984
8018,39.93007278442383
8019,115.58222198486328
8020,25.383289337158203
8021,54.1702880859375
8022,30.458816528320312
8023,38.30550765991211
8024,42.17238998413086
8025,40.25300598144531
8026,32.94521713256836
8027,40.09681701660156
8028,16.30535316467285
8029,31.694339752197266
8030,49.61995315551758
8031,44.504974365234375
8032,32.565452575683594
8033,27.7115478515625
8034,27.842336654663086
8035,54.78139114379883
8036,28.03896141052246
8037,23.08327865600586
8038,22.27837562561035
8039,26.854284286499023
8040,26.807979583740234
8041,55.194515228271484
8042,44.64472961425781
8043,18.925395965576172
8044,16.031993865966797
8045,15.010448455810547
8046,54.24176788330078
8047,25.13227653503418
8048,33.45573043823242
8049,45.0152702331543
8050,28.152523040771484
8051,37.909969329833984
8052,33.446022033691406
8053,24.298511505126953
8054,83.61787414550781
8055,32.33615493774414
8056,24.23390769958496
8057,28.116971969604492
8058,41.406402587890625
8059,20.995952606201172
8060,34.12347412109375
8061,31.705307006835938
8062,27.650527954101562
8063,19.293317794799805
8064,24.2381534576416
8065,74.2857894897461
8066,36.07722091674805
8067,37.31493377685547
8068,32.63880920410156
8069,12.51132583618164
8070,35.1768798828125
8071,72.71356201171875
8072,54.58089065551758
8073,36.76925277709961
8074,53.38520050048828
8075,31.856895446777344
8076,45.175411224365234
8077,31.95127296447754
8078,46.60586166381836
8079,56.41807556152344
8080,30.209877014160156
8081,48.890907287597656
8082,71.98641967773438
8083,74.67776489257812
8084,28.255990982055664
8085,31.509578704833984
8086,20.05417251586914
8087,51.695274353027344
8088,25.138708114624023
8089,17.795425415039062
8090,46.46675491333008
8091,44.48596954345703
8092,58.58620834350586
8093,66.61798095703125
8094,62.71027374267578
8095,28.949813842773438
8096,41.048030853271484
8097,37.44729232788086
8098,22.09684944152832
8099,62.293663024902344
8100,35.4286994934082
8101,21.377878189086914
8102,66.65068817138672
8103,38.29154586791992
8104,19.058551788330078
8105,25.249771118164062
8106,24.253034591674805
8107,55.358367919921875
8108,35.96650695800781
8109,55.6723518371582
8110,39.176509857177734
8111,70.21842956542969
8112,25.46434211730957
8113,17.410539627075195
8114,27.580331802368164
8115,47.21612548828125
8116,36.1755256652832
8117,23.48011589050293
8118,42.98839569091797
8119,21.125505447387695
8120,24.26759910583496
8121,53.19356155395508
8122,45.16535186767578
8123,30.45891571044922
8124,15.181840896606445
8125,52.11933898925781
8126,21.036014556884766
8127,37.23468017578125
8128,30.612262725830078
8129,15.096598625183105
8130,15.478100776672363
8131,48.33182144165039
8132,14.373076438903809
8133,107.38811492919922
8134,15.80384635925293
8135,15.739375114440918
8136,38.53179168701172
8137,32.8846549987793
8138,34.83205032348633
8139,26.66914939880371
8140,52.15172576904297
8141,39.92429733276367
8142,115.4711685180664
8143,25.385316848754883
8144,54.171504974365234
8145,30.39895248413086
8146,38.25785827636719
8147,42.131591796875
8148,40.240726470947266
8149,32.888553619384766
8150,40.145198822021484
8151,16.295764923095703
8152,31.665334701538086
8153,49.65169906616211
8154,44.45035171508789
8155,32.55501174926758
8156,27.717321395874023
8157,27.81844711303711
8158,54.74617385864258
8159,28.03424835205078
8160,23.10148048400879
8161,22.30443000793457
8162,26.83526611328125
8163,26.779394149780273
8164,55.1679573059082
8165,44.63654708862305
8166,18.891332626342773
8167,16.00856590270996
8168,14.964713096618652
8169,54.19951629638672
8170,25.101829528808594
8171,33.46164321899414
8172,44.994808197021484
8173,28.223981857299805
8174,37.9234733581543
8175,33.43549728393555
8176,24.282419204711914
8177,83.60784912109375
8178,32.33353042602539
8179,24.25170135498047
8180,28.135683059692383
8181,41.387332916259766
8182,20.99993896484375
8183,34.125003814697266
8184,31.689695358276367
8185,27.618078231811523
8186,19.284841537475586
8187,24.237382888793945
8188,74.16030883789062
8189,36.09922409057617
8190,37.265037536621094
8191,32.6324348449707
8192,12.516119003295898
8193,35.13349914550781
8194,72.6406021118164
8195,54.53520965576172
8196,36.751983642578125
8197,53.36789321899414
8198,31.855106353759766
8199,45.10187911987305
8200,31.896108627319336
8201,46.62582015991211
8202,56.43101501464844
8203,30.177955627441406
8204,48.86582565307617
8205,71.98804473876953
8206,74.6712417602539
8207,28.25331687927246
8208,31.489748001098633
8209,20.07037353515625
8210,51.65306854248047
8211,25.098583221435547
8212,17.795522689819336
8213,46.465354919433594
8214,44.45417022705078
8215,58.57801818847656
8216,66.58306121826172
8217,62.662689208984375
8218,28.975263595581055
8219,41.04281234741211
8220,37.43836975097656
8221,22.09665298461914
8222,62.2439079284668
8223,35.47967529296875
8224,21.375553131103516
8225,66.60871124267578
8226,38.30725860595703
8227,19.041677474975586
8228,25.25947380065918
8229,24.26515007019043
8230,55.34067916870117
8231,35.94190216064453
8232,55.583396911621094
8233,39.18427276611328
8234,70.16043090820312
8235,25.463775634765625
8236,17.408605575561523
8237,27.587324142456055
8238,47.166351318359375
8239,36.1823844909668
8240,23.525379180908203
8241,42.9335823059082
8242,21.110984802246094
8243,24.21986198425293
8244,53.187400817871094
8245,45.113914489746094
8246,30.503395080566406
8247,15.204509735107422
8248,52.10027313232422
8249,21.040388107299805
8250,37.23603439331055
8251,30.629667282104492
8252,15.116286277770996
8253,15.458773612976074
8254,48.32753372192383
8255,14.35626220703125
8256,107.31580352783203
8257,15.820135116577148
8258,15.781678199768066
8259,38.513214111328125
8260,32.97056198120117
8261,34.83544158935547
8262,26.621532440185547
8263,52.16459274291992
8264,39.91954040527344
8265,115.3661880493164
8266,25.388187408447266
8267,54.173038482666016
8268,30.33835792541504
8269,38.211788177490234
8270,42.09022521972656
8271,40.2286262512207
8272,32.83268737792969
8273,40.193782806396484
8274,16.286645889282227
8275,31.63690185546875
8276,49.68434524536133
8277,44.39624786376953
8278,32.54486083984375
8279,27.7238826751709
8280,27.79416275024414
8281,54.711124420166016
8282,28.030445098876953
8283,23.1197452545166
8284,22.330713272094727
8285,26.816516876220703
8286,26.750869750976562
8287,55.142147064208984
8288,44.628440856933594
8289,18.8577823638916
8290,15.985068321228027
8291,14.918940544128418
8292,54.15861892700195
8293,25.07244873046875
8294,33.46800994873047
8295,44.9746208190918
8296,28.295772552490234
8297,37.93723678588867
8298,33.424949645996094
8299,24.266708374023438
8300,83.60006713867188
8301,32.33000946044922
8302,24.269655227661133
8303,28.154478073120117
8304,41.369075775146484
8305,21.004281997680664
8306,34.12694549560547
8307,31.67484474182129
8308,27.585779190063477
8309,19.276453018188477
8310,24.237411499023438
8311,74.0379638671875
8312,36.12186813354492
8313,37.217010498046875
8314,32.62635040283203
8315,12.521586418151855
8316,35.09126663208008
8317,72.56812286376953
8318,54.49007034301758
8319,36.73393630981445
8320,53.351287841796875
8321,31.855411529541016
8322,45.030174255371094
8323,31.842737197875977
8324,46.64561080932617
8325,56.44316864013672
8326,30.146764755249023
8327,48.84125900268555
8328,71.98968505859375
8329,74.66471862792969
8330,28.25100326538086
8331,31.469823837280273
8332,20.086851119995117
8333,51.61229705810547
8334,25.058862686157227
8335,17.795289993286133
8336,46.46494674682617
8337,44.42268371582031
8338,58.56946563720703
8339,66.54875946044922
8340,62.61595153808594
8341,28.99891471862793
8342,41.03657913208008
8343,37.430423736572266
8344,22.096630096435547
8345,62.19463348388672
8346,35.53031539916992
8347,21.374147415161133
8348,66.56749725341797
8349,38.32303237915039
8350,19.02545166015625
8351,25.270092010498047
8352,24.277236938476562
8353,55.321590423583984
8354,35.91774368286133
8355,55.4946403503418
8356,39.192684173583984
8357,70.10257720947266
8358,25.463119506835938
8359,17.407093048095703
8360,27.59458351135254
8361,47.11721420288086
8362,36.189517974853516
8363,23.57093620300293
8364,42.87955856323242
8365,21.096996307373047
8366,24.172903060913086
8367,53.18158721923828
8368,45.063053131103516
8369,30.547365188598633
8370,15.227298736572266
8371,52.0816535949707
8372,21.04508399963379
8373,37.23744583129883
8374,30.647188186645508
8375,15.136120796203613
8376,15.439708709716797
8377,48.323665618896484
8378,14.33851146697998
8379,107.24724578857422
8380,15.83615779876709
8381,15.823631286621094
8382,38.49580764770508
8383,33.05327224731445
8384,34.840240478515625
8385,26.57341957092285
8386,52.17941665649414
8387,39.91523742675781
8388,115.26528930664062
8389,25.391624450683594
8390,54.174468994140625
8391,30.278566360473633
8392,38.16653060913086
8393,42.04839324951172
8394,40.21658706665039
8395,32.77860641479492
8396,40.242218017578125
8397,16.278099060058594
8398,31.60881996154785
8399,49.7175407409668
8400,44.34403610229492
8401,32.53480911254883
8402,27.730749130249023
8403,27.770174026489258
8404,54.67631149291992
8405,28.02683448791504
8406,23.138626098632812
8407,22.357318878173828
8408,26.798507690429688
8409,26.72300148010254
8410,55.115535736083984
8411,44.62020492553711
8412,18.825326919555664
8413,15.961923599243164
8414,14.874606132507324
8415,54.11809158325195
8416,25.04368782043457
8417,33.47455596923828
8418,44.955413818359375
8419,28.366971969604492
8420,37.95181655883789
8421,33.414886474609375
8422,24.25128746032715
8423,83.59303283691406
8424,32.32649230957031
8425,24.28772735595703
8426,28.172853469848633
8427,41.35161209106445
8428,21.008806228637695
8429,34.12884521484375
8430,31.66082763671875
8431,27.55413055419922
8432,19.2680606842041
8433,24.237384796142578
8434,73.91915130615234
8435,36.14418411254883
8436,37.171199798583984
8437,32.62051773071289
8438,12.52768611907959
8439,35.050167083740234
8440,72.49649047851562
8441,54.44489669799805
8442,36.71488952636719
8443,53.335506439208984
8444,31.858774185180664
8445,44.960269927978516
8446,31.792051315307617
8447,46.664344787597656
8448,56.45485305786133
8449,30.11707305908203
8450,48.81722640991211
8451,71.990966796875
8452,74.65716552734375
8453,28.248945236206055
8454,31.450393676757812
8455,20.103235244750977
8456,51.572357177734375
8457,25.019668579101562
8458,17.79500389099121
8459,46.46470642089844
8460,44.39094543457031
8461,58.5604133605957
8462,66.5145263671875
8463,62.56935501098633
8464,29.02059555053711
8465,41.02914047241211
8466,37.423744201660156
8467,22.096040725708008
8468,62.14521026611328
8469,35.58070373535156
8470,21.373783111572266
8471,66.52820587158203
8472,38.339412689208984
8473,19.010168075561523
8474,25.281776428222656
8475,24.28913116455078
8476,55.302364349365234
8477,35.89451217651367
8478,55.40656280517578
8479,39.20137023925781
8480,70.04389190673828
8481,25.463054656982422
8482,17.4063663482666
8483,27.60223388671875
8484,47.068790435791016
8485,36.19732666015625
8486,23.61651039123535
8487,42.826332092285156
8488,21.083698272705078
8489,24.1275691986084
8490,53.17544937133789
8491,45.012718200683594
8492,30.59086799621582
8493,15.250123023986816
8494,52.06310272216797
8495,21.049898147583008
8496,37.23880386352539
8497,30.664752960205078
8498,15.15573787689209
8499,15.421195983886719
8500,48.31982421875
8501,14.320295333862305
8502,107.18238067626953
8503,15.851642608642578
8504,15.865126609802246
8505,38.48004913330078
8506,33.132869720458984
8507,34.84636306762695
8508,26.525529861450195
8509,52.19562911987305
8510,39.910926818847656
8511,115.16610717773438
8512,25.39566421508789
8513,54.176456451416016
8514,30.22010612487793
8515,38.12115478515625
8516,42.006874084472656
8517,40.204803466796875
8518,32.72637939453125
8519,40.290245056152344
8520,16.269826889038086
8521,31.580896377563477
8522,49.75080108642578
8523,44.29411697387695
8524,32.52539825439453
8525,27.738197326660156
8526,27.747474670410156
8527,54.642276763916016
8528,28.023218154907227
8529,23.157825469970703
8530,22.384340286254883
8531,26.781309127807617
8532,26.695941925048828
8533,55.088279724121094
8534,44.61213302612305
8535,18.793548583984375
8536,15.940116882324219
8537,14.831599235534668
8538,54.07745361328125
8539,25.01603126525879
8540,33.481346130371094
8541,44.936767578125
8542,28.437889099121094
8543,37.96728515625
8544,33.40548324584961
8545,24.236392974853516
8546,83.58981323242188
8547,32.3256721496582
8548,24.3048095703125
8549,28.189979553222656
8550,41.33492660522461
8551,21.014131546020508
8552,34.130794525146484
8553,31.648134231567383
8554,27.52263069152832
8555,19.258575439453125
8556,24.237173080444336
8557,73.80272674560547
8558,36.166404724121094
8559,37.12675094604492
8560,32.614994049072266
8561,12.534375190734863
8562,35.010231018066406
8563,72.42583465576172
8564,54.39944839477539
8565,36.69502639770508
8566,53.32063293457031
8567,31.865459442138672
8568,44.892581939697266
8569,31.74416732788086
8570,46.68193435668945
8571,56.465476989746094
8572,30.08875846862793
8573,48.79362487792969
8574,71.99128723144531
8575,74.64810180664062
8576,28.24703598022461
8577,31.431516647338867
8578,20.119592666625977
8579,51.53356170654297
8580,24.98094367980957
8581,17.79397201538086
8582,46.465145111083984
8583,44.359474182128906
8584,58.55058670043945
8585,66.48043060302734
8586,62.523223876953125
8587,29.039806365966797
8588,41.01988983154297
8589,37.41828155517578
8590,22.09507942199707
8591,62.0956916809082
8592,35.630252838134766
8593,21.37425422668457
8594,66.49107360839844
8595,38.35649490356445
8596,18.995641708374023
8597,25.29431915283203
8598,24.30099105834961
8599,55.28309631347656
8600,35.87223815917969
8601,55.319488525390625
8602,39.2102165222168
8603,69.98497009277344
8604,25.463510513305664
8605,17.406530380249023
8606,27.609865188598633
8607,47.021240234375
8608,36.205387115478516
8609,23.66216278076172
8610,42.77386474609375
8611,21.07131004333496
8612,24.083621978759766
8613,53.168914794921875
8614,44.962825775146484
8615,30.63439178466797
8616,15.272848129272461
8617,52.04428482055664
8618,21.054445266723633
8619,37.240455627441406
8620,30.682449340820312
8621,15.17487621307373
8622,15.403108596801758
8623,48.31594467163086
8624,14.301446914672852
8625,107.12106323242188
8626,15.86693286895752
8627,15.905733108520508
8628,38.46586608886719
8629,33.209293365478516
8630,34.85380935668945
8631,26.477956771850586
8632,52.21290588378906
8633,39.9063606262207
8634,115.06861114501953
8635,25.400224685668945
8636,54.17860412597656
8637,30.163684844970703
8638,38.075687408447266
8639,41.96604919433594
8640,40.193111419677734
8641,32.676246643066406
8642,40.3376579284668
8643,16.262235641479492
8644,31.5533390045166
8645,49.78380584716797
8646,44.2464485168457
8647,32.51629638671875
8648,27.746187210083008
8649,27.72612762451172
8650,54.60932159423828
8651,28.01949119567871
8652,23.177404403686523
8653,22.411685943603516
8654,26.764925003051758
8655,26.669878005981445
8656,55.06026840209961
8657,44.60422897338867
8658,18.763145446777344
8659,15.919626235961914
8660,14.789834976196289
8661,54.036319732666016
8662,24.989622116088867
8663,33.48832321166992
8664,44.91872024536133
8665,28.508148193359375
8666,37.98351287841797
8667,33.39698791503906
8668,24.222253799438477
8669,83.58892059326172
8670,32.32676696777344
8671,24.321035385131836
8672,28.20626449584961
8673,41.318870544433594
8674,21.01982879638672
8675,34.13299560546875
8676,31.636459350585938
8677,27.49171257019043
8678,19.24850845336914
8679,24.236820220947266
8680,73.688232421875
8681,36.18854904174805
8682,37.08329772949219
8683,32.609825134277344
8684,12.54166030883789
8685,34.971134185791016
8686,72.35636138916016
8687,54.353973388671875
8688,36.67458724975586
8689,53.306575775146484
8690,31.87464141845703
8691,44.826454162597656
8692,31.698617935180664
8693,46.69873046875
8694,56.47525405883789
8695,30.061979293823242
8696,48.769996643066406
8697,71.99085998535156
8698,74.63741302490234
8699,28.245128631591797
8700,31.413454055786133
8701,20.135725021362305
8702,51.49592208862305
8703,24.9426326751709
8704,17.793193817138672
8705,46.4655876159668
8706,44.32802963256836
8707,58.540523529052734
8708,66.4461441040039
8709,62.47694396972656
8710,29.05759048461914
8711,41.009429931640625
8712,37.413726806640625
8713,22.093528747558594
8714,62.045719146728516
8715,35.679561614990234
8716,21.37586784362793
8717,66.45610046386719
8718,38.374305725097656
8719,18.981990814208984
8720,25.307525634765625
8721,24.312461853027344
8722,55.26345443725586
8723,35.85084915161133
8724,55.23329162597656
8725,39.21928405761719
8726,69.92512512207031
8727,25.464696884155273
8728,17.40750503540039
8729,27.61797332763672
8730,46.974491119384766
8731,36.214073181152344
8732,23.70798683166504
8733,42.72208786010742
8734,21.059568405151367
8735,24.04146385192871
8736,53.162147521972656
8737,44.913002014160156
8738,30.67742919921875
8739,15.295544624328613
8740,52.025177001953125
8741,21.059022903442383
8742,37.242431640625
8743,30.7004451751709
8744,15.193877220153809
8745,15.386151313781738
8746,48.31174087524414
8747,14.282013893127441
8748,107.06209564208984
8749,15.88203239440918
8750,15.945980072021484
8751,38.453407287597656
8752,33.282920837402344
8753,34.86243438720703
8754,26.430822372436523
8755,52.23119354248047
8756,39.901771545410156
8757,114.97190856933594
8758,25.405227661132812
8759,54.181053161621094
8760,30.10921859741211
8761,38.0300178527832
8762,41.92568588256836
8763,40.18187713623047
8764,32.62855911254883
8765,40.384769439697266
8766,16.255308151245117
8767,31.5262508392334
8768,49.81666564941406
8769,44.20118713378906
8770,32.507469177246094
8771,27.75479507446289
8772,27.70630645751953
8773,54.57712936401367
8774,28.015527725219727
8775,23.197265625
8776,22.439382553100586
8777,26.749080657958984
8778,26.645112991333008
8779,55.031646728515625
8780,44.596717834472656
8781,18.733684539794922
8782,15.900135040283203
8783,14.749109268188477
8784,53.99498748779297
8785,24.96480369567871
8786,33.49555969238281
8787,44.901432037353516
8788,28.577909469604492
8789,38.00042724609375
8790,33.3890380859375
8791,24.208553314208984
8792,83.5877914428711
8793,32.329193115234375
8794,24.337020874023438
8795,28.222436904907227
8796,41.30360794067383
8797,21.025840759277344
8798,34.13504409790039
8799,31.626291275024414
8800,27.461923599243164
8801,19.238418579101562
8802,24.23601531982422
8803,73.57533264160156
8804,36.210182189941406
8805,37.04103469848633
8806,32.60517883300781
8807,12.54895305633545
8808,34.932586669921875
8809,72.2884521484375
8810,54.30824279785156
8811,36.65361022949219
8812,53.293033599853516
8813,31.886341094970703
8814,44.762664794921875
8815,31.655593872070312
8816,46.71484375
8817,56.48505783081055
8818,30.03644561767578
8819,48.74686813354492
8820,71.98998260498047
8821,74.62589263916016
8822,28.24362564086914
8823,31.396026611328125
8824,20.151582717895508
8825,51.45915985107422
8826,24.904748916625977
8827,17.79229164123535
8828,46.46590042114258
8829,44.296669006347656
8830,58.53025817871094
8831,66.4117431640625
8832,62.430885314941406
8833,29.07451057434082
8834,40.99811553955078
8835,37.40973663330078
8836,22.091323852539062
8837,61.99577713012695
8838,35.72867202758789
8839,21.377872467041016
8840,66.42404174804688
8841,38.39257049560547
8842,18.969257354736328
8843,25.321346282958984
8844,24.323822021484375
8845,55.24612808227539
8846,35.83051681518555
8847,55.14851760864258
8848,39.22840118408203
8849,69.86524963378906
8850,25.466562271118164
8851,17.409536361694336
8852,27.626171112060547
8853,46.928707122802734
8854,36.22297286987305
8855,23.753372192382812
8856,42.671024322509766
8857,21.048585891723633
8858,24.00133514404297
8859,53.155174255371094
8860,44.86362075805664
8861,30.720060348510742
8862,15.318286895751953
8863,52.00602722167969
8864,21.063480377197266
8865,37.244720458984375
8866,30.718629837036133
8867,15.21267032623291
8868,15.36978530883789
8869,48.3075065612793
8870,14.2615966796875
8871,107.00732421875
8872,15.896617889404297
8873,15.985443115234375
8874,38.44268035888672
8875,33.35277557373047
8876,34.87262725830078
8877,26.384151458740234
8878,52.25077438354492
8879,39.8969841003418
8880,114.87654876708984
8881,25.41083335876465
8882,54.18355941772461
8883,30.056793212890625
8884,37.98380661010742
8885,41.88643264770508
8886,40.17074203491211
8887,32.582794189453125
8888,40.430938720703125
8889,16.2490177154541
8890,31.499473571777344
8891,49.84907913208008
8892,44.15819549560547
8893,32.49911117553711
8894,27.763748168945312
8895,27.68805503845215
8896,54.54631423950195
8897,28.011560440063477
8898,23.217370986938477
8899,22.467525482177734
8900,26.7340145111084
8901,26.621721267700195
8902,55.00291442871094
8903,44.590030670166016
8904,18.70538902282715
8905,15.8820161819458
8906,14.70936107635498
8907,53.95355224609375
8908,24.941608428955078
8909,33.502925872802734
8910,44.884464263916016
8911,28.646963119506836
8912,38.01823425292969
8913,33.38168716430664
8914,24.1954345703125
8915,83.58529663085938
8916,32.33246994018555
8917,24.353464126586914
8918,28.238862991333008
8919,41.288700103759766
8920,21.031553268432617
8921,34.13715744018555
8922,31.61720848083496
8923,27.433889389038086
8924,19.228960037231445
8925,24.23438262939453
8926,73.46368408203125
8927,36.231319427490234
8928,37.000125885009766
8929,32.600833892822266
8930,12.556343078613281
8931,34.89449691772461
8932,72.22232055664062
8933,54.26194763183594
8934,36.632381439208984
8935,53.280181884765625
8936,31.90040397644043
8937,44.7005729675293
8938,31.615114212036133
8939,46.73006820678711
8940,56.49508285522461
8941,30.012393951416016
8942,48.72377395629883
8943,71.98871612548828
8944,74.61376953125
8945,28.242900848388672
8946,31.379735946655273
8947,20.167238235473633
8948,51.423065185546875
8949,24.867088317871094
8950,17.790767669677734
8951,46.46613693237305
8952,44.26559829711914
8953,58.519256591796875
8954,66.37703704833984
8955,62.38467788696289
8956,29.090517044067383
8957,40.98573303222656
8958,37.406578063964844
8959,22.088380813598633
8960,61.945526123046875
8961,35.77791213989258
8962,21.38057518005371
8963,66.39496612548828
8964,38.41159439086914
8965,18.957578659057617
8966,25.33547592163086
8967,24.33513069152832
8968,55.231773376464844
8969,35.811336517333984
8970,55.065364837646484
8971,39.2370719909668
8972,69.80480194091797
8973,25.469791412353516
8974,17.412612915039062
8975,27.634523391723633
8976,46.88388442993164
8977,36.23270034790039
8978,23.798206329345703
8979,42.62101745605469
8980,21.03797721862793
8981,23.96632194519043
8982,53.148929595947266
8983,44.81466293334961
8984,30.758975982666016
8985,15.340874671936035
8986,51.98796081542969
8987,21.067955017089844
8988,37.245079040527344
8989,30.736970901489258
8990,15.230757713317871
8991,15.353156089782715
8992,48.302284240722656
8993,14.24145221710205
8994,106.9573974609375
8995,15.910181045532227
8996,16.02346420288086
8997,38.434165954589844
8998,33.418609619140625
8999,34.885223388671875
9000,26.341182708740234
9001,52.27006530761719
9002,39.88994598388672
9003,114.77863311767578
9004,25.4157657623291
9005,54.18771743774414
9006,30.006267547607422
9007,37.93562316894531
9008,41.850547790527344
9009,40.161216735839844
9010,32.53764343261719
9011,40.4754524230957
9012,16.24304962158203
9013,31.472999572753906
9014,49.88082504272461
9015,44.116004943847656
9016,32.491851806640625
9017,27.7734317779541
9018,27.672748565673828
9019,54.51880645751953
9020,28.00698471069336
9021,23.236988067626953
9022,22.49574851989746
9023,26.71986198425293
9024,26.60020637512207
9025,54.97692108154297
9026,44.585960388183594
9027,18.677114486694336
9028,15.865845680236816
9029,14.670049667358398
9030,53.91212463378906
9031,24.91912078857422
9032,33.51070785522461
9033,44.867523193359375
9034,28.715042114257812
9035,38.037174224853516
9036,33.37610626220703
9037,24.182851791381836
9038,83.58726501464844
9039,32.34048080444336
9040,24.36834144592285
9041,28.254182815551758
9042,41.273929595947266
9043,21.037952423095703
9044,34.13982009887695
9045,31.60869598388672
9046,27.406877517700195
9047,19.21857452392578
9048,24.232038497924805
9049,73.3536605834961
9050,36.25155258178711
9051,36.96034622192383
9052,32.59697723388672
9053,12.564346313476562
9054,34.857059478759766
9055,72.15757751464844
9056,54.21562576293945
9057,36.61199188232422
9058,53.268714904785156
9059,31.91661834716797
9060,44.640201568603516
9061,31.578201293945312
9062,46.744117736816406
9063,56.50441360473633
9064,29.9904727935791
9065,48.70087432861328
9066,71.98722076416016
9067,74.60099029541016
9068,28.242874145507812
9069,31.364206314086914
9070,20.182525634765625
9071,51.38710403442383
9072,24.83074378967285
9073,17.7880859375
9074,46.46638488769531
9075,44.23507308959961
9076,58.507080078125
9077,66.34291076660156
9078,62.33863830566406
9079,29.104076385498047
9080,40.97203826904297
9081,37.4039421081543
9082,22.084697723388672
9083,61.8950309753418
9084,35.82644271850586
9085,21.384017944335938
9086,66.36797332763672
9087,38.43145751953125
9088,18.94731330871582
9089,25.350698471069336
9090,24.34615707397461
9091,55.22001647949219
9092,35.793338775634766
9093,54.9844970703125
9094,39.24587631225586
9095,69.74352264404297
9096,25.4732666015625
9097,17.416406631469727
9098,27.643280029296875
9099,46.84001159667969
9100,36.24249267578125
9101,23.84330177307129
9102,42.571414947509766
9103,21.02814292907715
9104,23.932485580444336
9105,53.14142990112305
9106,44.76593780517578
9107,30.7982234954834
9108,15.36332893371582
9109,51.96858596801758
9110,21.072175979614258
9111,37.245201110839844
9112,30.755388259887695
9113,15.247452735900879
9114,15.3367280960083
9115,48.29682540893555
9116,14.221036911010742
9117,106.91096496582031
9118,15.922828674316406
9119,16.059694290161133
9120,38.42778778076172
9121,33.48012924194336
9122,34.89970016479492
9123,26.298768997192383
9124,52.2906379699707
9125,39.882057189941406
9126,114.6828842163086
9127,25.420930862426758
9128,54.19243240356445
9129,29.9567928314209
9130,37.886722564697266
9131,41.8149299621582
9132,40.15196990966797
9133,32.4941291809082
9134,40.51921463012695
9135,16.237152099609375
9136,31.446672439575195
9137,49.91224670410156
9138,44.07579040527344
9139,32.48495864868164
9140,27.783418655395508
9141,27.65911102294922
9142,54.492454528808594
9143,28.00226593017578
9144,23.257022857666016
9145,22.524263381958008
9146,26.70665740966797
9147,26.579071044921875
9148,54.94987106323242
9149,44.58171844482422
9150,18.649845123291016
9151,15.851478576660156
9152,14.63276481628418
9153,53.87007522583008
9154,24.89675521850586
9155,33.518733978271484
9156,44.851966857910156
9157,28.782243728637695
9158,38.056488037109375
9159,33.37131881713867
9160,24.170473098754883
9161,83.58846282958984
9162,32.35056686401367
9163,24.38311767578125
9164,28.268983840942383
9165,41.259300231933594
9166,21.04441261291504
9167,34.142616271972656
9168,31.600996017456055
9169,27.380962371826172
9170,19.20755386352539
9171,24.22869300842285
9172,73.2452392578125
9173,36.27095031738281
9174,36.921234130859375
9175,32.593345642089844
9176,12.572251319885254
9177,34.820308685302734
9178,72.09446716308594
9179,54.16899490356445
9180,36.592037200927734
9181,53.258087158203125
9182,31.935028076171875
9183,44.5813102722168
9184,31.543912887573242
9185,46.757205963134766
9186,56.513553619384766
9187,29.970090866088867
9188,48.67792892456055
9189,71.98495483398438
9190,74.58734893798828
9191,28.243453979492188
9192,31.34955406188965
9193,20.197444915771484
9194,51.35125732421875
9195,24.794986724853516
9196,17.784852981567383
9197,46.466590881347656
9198,44.205081939697266
9199,58.49465560913086
9200,66.30862426757812
9201,62.29243087768555
9202,29.116262435913086
9203,40.95735168457031
9204,37.401920318603516
9205,22.080354690551758
9206,61.84395217895508
9207,35.87487030029297
9208,21.388076782226562
9209,66.34353637695312
9210,38.452293395996094
9211,18.937789916992188
9212,25.366615295410156
9213,24.356826782226562
9214,55.210147857666016
9215,35.77668762207031
9216,54.905826568603516
9217,39.254051208496094
9218,69.68186950683594
9219,25.477590560913086
9220,17.421005249023438
9221,27.651893615722656
9222,46.79718017578125
9223,36.25240707397461
9224,23.888446807861328
9225,42.52272415161133
9226,21.018856048583984
9227,23.89931869506836
9228,53.13292694091797
9229,44.71741485595703
9230,30.838138580322266
9231,15.385510444641113
9232,51.94770812988281
9233,21.076000213623047
9234,37.24571228027344
9235,30.77382469177246
9236,15.262794494628906
9237,15.320540428161621
9238,48.291072845458984
9239,14.200324058532715
9240,106.86685943603516
9241,15.93497371673584
9242,16.094926834106445
9243,38.42335891723633
9244,33.53827667236328
9245,34.9155158996582
9246,26.25662612915039
9247,52.3121337890625
9248,39.87378692626953
9249,114.58831024169922
9250,25.426578521728516
9251,54.19752502441406
9252,29.908662796020508
9253,37.837589263916016
9254,41.77943420410156
9255,40.14279556274414
9256,32.45237731933594
9257,40.562259674072266
9258,16.23150634765625
9259,31.42046356201172
9260,49.94353485107422
9261,44.03755187988281
9262,32.478118896484375
9263,27.79346466064453
9264,27.647035598754883
9265,54.467159271240234
9266,27.997386932373047
9267,23.277324676513672
9268,22.552772521972656
9269,26.694530487060547
9270,26.55827522277832
9271,54.921817779541016
9272,44.577205657958984
9273,18.623249053955078
9274,15.838532447814941
9275,14.597451210021973
9276,53.827415466308594
9277,24.874210357666016
9278,33.52674102783203
9279,44.83747482299805
9280,28.848464965820312
9281,38.076141357421875
9282,33.367454528808594
9283,24.158405303955078
9284,83.5882797241211
9285,32.36209487915039
9286,24.398054122924805
9287,28.283395767211914
9288,41.244903564453125
9289,21.050752639770508
9290,34.14560317993164
9291,31.594118118286133
9292,27.356229782104492
9293,19.19598388671875
9294,24.224756240844727
9295,73.13842010498047
9296,36.28951644897461
9297,36.882957458496094
9298,32.59016418457031
9299,12.580058097839355
9300,34.78382873535156
9301,72.03289794921875
9302,54.122066497802734
9303,36.57225036621094
9304,53.248329162597656
9305,31.955263137817383
9306,44.523895263671875
9307,31.512248992919922
9308,46.7696533203125
9309,56.52253723144531
9310,29.95115089416504
9311,48.65523147583008
9312,71.98250579833984
9313,74.57308197021484
9314,28.244569778442383
9315,31.335540771484375
9316,20.212018966674805
9317,51.3157844543457
9318,24.760026931762695
9319,17.781261444091797
9320,46.46665954589844
9321,44.17551040649414
9322,58.48163986206055
9323,66.27473449707031
9324,62.246360778808594
9325,29.127559661865234
9326,40.94173812866211
9327,37.40048599243164
9328,22.075164794921875
9329,61.79289245605469
9330,35.9226188659668
9331,21.392425537109375
9332,66.32144165039062
9333,38.47389221191406
9334,18.92911720275879
9335,25.38271713256836
9336,24.367273330688477
9337,55.2028923034668
9338,35.761146545410156
9339,54.82970428466797
9340,39.261962890625
9341,69.62042999267578
9342,25.482629776000977
9343,17.42626953125
9344,27.660676956176758
9345,46.75552749633789
9346,36.26252365112305
9347,23.933155059814453
9348,42.47483825683594
9349,21.0101261138916
9350,23.867576599121094
9351,53.12389373779297
9352,44.66921615600586
9353,30.878433227539062
9354,15.407310485839844
9355,51.92625427246094
9356,21.07936668395996
9357,37.2467155456543
9358,30.79242515563965
9359,15.276904106140137
9360,15.304518699645996
9361,48.28529739379883
9362,14.179448127746582
9363,106.82415008544922
9364,15.946711540222168
9365,16.128658294677734
9366,38.42074966430664
9367,33.59437561035156
9368,34.931880950927734
9369,26.215007781982422
9370,52.333744049072266
9371,39.86495590209961
9372,114.4945068359375
9373,25.432363510131836
9374,54.20294189453125
9375,29.861921310424805
9376,37.788673400878906
9377,41.74479293823242
9378,40.134063720703125
9379,32.41217803955078
9380,40.60495376586914
9381,16.225975036621094
9382,31.394256591796875
9383,49.974544525146484
9384,44.00081253051758
9385,32.471885681152344
9386,27.803922653198242
9387,27.636150360107422
9388,54.44285202026367
9389,27.992252349853516
9390,23.297574996948242
9391,22.581560134887695
9392,26.682771682739258
9393,26.53867530822754
9394,54.89413070678711
9395,44.573890686035156
9396,18.597524642944336
9397,15.826217651367188
9398,14.56318473815918
9399,53.785247802734375
9400,24.85287094116211
9401,33.53495788574219
9402,44.823421478271484
9403,28.914018630981445
9404,38.0966911315918
9405,33.36447525024414
9406,24.146480560302734
9407,83.58938598632812
9408,32.375343322753906
9409,24.41249656677246
9410,28.297317504882812
9411,41.230587005615234
9412,21.057422637939453
9413,34.14879608154297
9414,31.58805274963379
9415,27.332509994506836
9416,19.184377670288086
9417,24.220239639282227
9418,73.03284454345703
9419,36.3076171875
9420,36.8455696105957
9421,32.58713150024414
9422,12.587987899780273
9423,34.747764587402344
9424,71.97285461425781
9425,54.07525634765625
9426,36.55271911621094
9427,53.239349365234375
9428,31.976947784423828
9429,44.468074798583984
9430,31.48259925842285
9431,46.78123092651367
9432,56.53154754638672
9433,29.933595657348633
9434,48.63275146484375
9435,71.97977447509766
9436,74.55805969238281
9437,28.245948791503906
9438,31.322132110595703
9439,20.226181030273438
9440,51.28066635131836
9441,24.72566032409668
9442,17.777475357055664
9443,46.466590881347656
9444,44.1463508605957
9445,58.46849822998047
9446,66.24064636230469
9447,62.20029067993164
9448,29.137989044189453
9449,40.925697326660156
9450,37.3992919921875
9451,22.069934844970703
9452,61.741878509521484
9453,35.970428466796875
9454,21.397369384765625
9455,66.30120849609375
9456,38.49582290649414
9457,18.921419143676758
9458,25.399398803710938
9459,24.3776798248291
9460,55.197357177734375
9461,35.74628448486328
9462,54.75492858886719
9463,39.26959991455078
9464,69.55846405029297
9465,25.488187789916992
9466,17.432161331176758
9467,27.66943359375
9468,46.714927673339844
9469,36.27291488647461
9470,23.977590560913086
9471,42.4278564453125
9472,21.00191879272461
9473,23.837156295776367
9474,53.11436080932617
9475,44.62150192260742
9476,30.91851043701172
9477,15.429121017456055
9478,51.90436935424805
9479,21.082687377929688
9480,37.24824905395508
9481,30.811172485351562
9482,15.290241241455078
9483,15.288933753967285
9484,48.27939987182617
9485,14.158661842346191
9486,106.78268432617188
9487,15.958321571350098
9488,16.161396026611328
9489,38.41940689086914
9490,33.648887634277344
9491,34.948692321777344
9492,26.17383575439453
9493,52.3554801940918
9494,39.855995178222656
9495,114.40106201171875
9496,25.438270568847656
9497,54.2087516784668
9498,29.81686019897461
9499,37.73989486694336
9500,41.71070861816406
9501,40.125423431396484
9502,32.373714447021484
9503,40.64726638793945
9504,16.22062110900879
9505,31.368350982666016
9506,50.00521469116211
9507,43.965572357177734
9508,32.46571731567383
9509,27.814634323120117
9510,27.626449584960938
9511,54.41913986206055
9512,27.987146377563477
9513,23.31788444519043
9514,22.610498428344727
9515,26.671527862548828
9516,26.52000617980957
9517,54.86640930175781
9518,44.57087326049805
9519,18.572587966918945
9520,15.814783096313477
9521,14.530071258544922
9522,53.74296951293945
9523,24.832168579101562
9524,33.54328536987305
9525,44.80990982055664
9526,28.978870391845703
9527,38.11776351928711
9528,33.3618049621582
9529,24.134899139404297
9530,83.58991241455078
9531,32.38991928100586
9532,24.426597595214844
9533,28.310867309570312
9534,41.2167854309082
9535,21.064022064208984
9536,34.15179443359375
9537,31.58261489868164
9538,27.309707641601562
9539,19.17246437072754
9540,24.21539878845215
9541,72.92881774902344
9542,36.32512283325195
9543,36.80873107910156
9544,32.584354400634766
9545,12.595703125
9546,34.712318420410156
9547,71.91429138183594
9548,54.02853775024414
9549,36.533329010009766
9550,53.23078155517578
9551,32.00007629394531
9552,44.41358947753906
9553,31.45481300354004
9554,46.792301177978516
9555,56.540199279785156
9556,29.916894912719727
9557,48.6104621887207
9558,71.97674560546875
9559,74.54251861572266
9560,28.247669219970703
9561,31.30939292907715
9562,20.23998260498047
9563,51.246131896972656
9564,24.691875457763672
9565,17.773561477661133
9566,46.466407775878906
9567,44.1175537109375
9568,58.455284118652344
9569,66.2068862915039
9570,62.154640197753906
9571,29.148120880126953
9572,40.90938186645508
9573,37.398468017578125
9574,22.064382553100586
9575,61.690940856933594
9576,36.017887115478516
9577,21.402400970458984
9578,66.28292846679688
9579,38.51820755004883
9580,18.914264678955078
9581,25.41631317138672
9582,24.387889862060547
9583,55.19334411621094
9584,35.73240280151367
9585,54.68179702758789
9586,39.27715301513672
9587,69.49649047851562
9588,25.494110107421875
9589,17.43831443786621
9590,27.67829132080078
9591,46.67502975463867
9592,36.28351974487305
9593,24.02181625366211
9594,42.38152313232422
9595,20.99397850036621
9596,23.80797004699707
9597,53.10447692871094
9598,44.57423782348633
9599,30.958553314208984
9600,15.450681686401367
9601,51.882232666015625
9602,21.0855770111084
9603,37.250179290771484
9604,30.829864501953125
9605,15.302765846252441
9606,15.273719787597656
9607,48.27363967895508
9608,14.137964248657227
9609,106.74212646484375
9610,15.969765663146973
9611,16.19333839416504
9612,38.41940689086914
9613,33.70196533203125
9614,34.9659423828125
9615,26.133285522460938
9616,52.3774299621582
9617,39.84697723388672
9618,114.30896759033203
9619,25.444408416748047
9620,54.214866638183594
9621,29.77292251586914
9622,37.69137191772461
9623,41.67664337158203
9624,40.116920471191406
9625,32.336280822753906
9626,40.68928527832031
9627,16.215255737304688
9628,31.342615127563477
9629,50.035797119140625
9630,43.932132720947266
9631,32.45977020263672
9632,27.825389862060547
9633,27.617406845092773
9634,54.39608383178711
9635,27.98194694519043
9636,23.338512420654297
9637,22.639352798461914
9638,26.660991668701172
9639,26.50156021118164
9640,54.83800506591797
9641,44.56764602661133
9642,18.548290252685547
9643,15.804104804992676
9644,14.498295783996582
9645,53.70093536376953
9646,24.81185531616211
9647,33.55158233642578
9648,44.79731369018555
9649,29.042856216430664
9650,38.13908386230469
9651,33.35967254638672
9652,24.123607635498047
9653,83.5898666381836
9654,32.40488815307617
9655,24.44086265563965
9656,28.324295043945312
9657,41.20328903198242
9658,21.07059669494629
9659,34.15489959716797
9660,31.57785415649414
9661,27.287527084350586
9662,19.16036033630371
9663,24.209983825683594
9664,72.82610321044922
9665,36.341949462890625
9666,36.77267074584961
9667,32.58183670043945
9668,12.603236198425293
9669,34.67707061767578
9670,71.85684204101562
9671,53.982120513916016
9672,36.514122009277344
9673,53.22274398803711
9674,32.02431869506836
9675,44.3607063293457
9676,31.428911209106445
9677,46.80289077758789
9678,56.548866271972656
9679,29.901233673095703
9680,48.58832550048828
9681,71.97358703613281
9682,74.5267333984375
9683,28.24978256225586
9684,31.296964645385742
9685,20.253549575805664
9686,51.21209716796875
9687,24.65863037109375
9688,17.76958465576172
9689,46.46611404418945
9690,44.089080810546875
9691,58.44218063354492
9692,66.17332458496094
9693,62.10929489135742
9694,29.157636642456055
9695,40.89269256591797
9696,37.39796447753906
9697,22.058326721191406
9698,61.640380859375
9699,36.0649528503418
9700,21.407724380493164
9701,66.26657104492188
9702,38.54109191894531
9703,18.907512664794922
9704,25.43316078186035
9705,24.397680282592773
9706,55.19108581542969
9707,35.719200134277344
9708,54.61066436767578
9709,39.28433609008789
9710,69.43534851074219
9711,25.500751495361328
9712,17.445117950439453
9713,27.686948776245117
9714,46.63636779785156
9715,36.29413604736328
9716,24.06563949584961
9717,42.3362922668457
9718,20.98652458190918
9719,23.77947998046875
9720,53.094383239746094
9721,44.52755355834961
9722,30.99887466430664
9723,15.471928596496582
9724,51.85966491699219
9725,21.088274002075195
9726,37.25252151489258
9727,30.84842300415039
9728,15.314507484436035
9729,15.258807182312012
9730,48.267822265625
9731,14.117341995239258
9732,106.70269012451172
9733,15.98111629486084
9734,16.224328994750977
9735,38.420616149902344
9736,33.75332260131836
9737,34.9835319519043
9738,26.093053817749023
9739,52.39968490600586
9740,39.83790588378906
9741,114.21837615966797
9742,25.450794219970703
9743,54.2210578918457
9744,29.730268478393555
9745,37.64342498779297
9746,41.64309310913086
9747,40.10861587524414
9748,32.30046463012695
9749,40.73068618774414
9750,16.210132598876953
9751,31.317304611206055
9752,50.06612014770508
9753,43.90024948120117
9754,32.45409393310547
9755,27.836170196533203
9756,27.60919761657715
9757,54.373626708984375
9758,27.97674560546875
9759,23.3591251373291
9760,22.6682071685791
9761,26.65091896057129
9762,26.483606338500977
9763,54.80913543701172
9764,44.5644416809082
9765,18.52484130859375
9766,15.794031143188477
9767,14.467985153198242
9768,53.659183502197266
9769,24.791799545288086
9770,33.55989456176758
9771,44.785404205322266
9772,29.10591697692871
9773,38.16002655029297
9774,33.358009338378906
9775,24.112627029418945
9776,83.58745574951172
9777,32.420196533203125
9778,24.455272674560547
9779,28.337900161743164
9780,41.18996047973633
9781,21.07735252380371
9782,34.1583251953125
9783,31.573772430419922
9784,27.266334533691406
9785,19.148012161254883
9786,24.20427131652832
9787,72.7240219116211
9788,36.358341217041016
9789,36.736446380615234
9790,32.5797004699707
9791,12.610243797302246
9792,34.6422233581543
9793,71.79820251464844
9794,53.920318603515625
9795,36.47815704345703
9796,53.213558197021484
9797,32.07973861694336
9798,44.294212341308594
9799,31.418399810791016
9800,46.791385650634766
9801,56.526363372802734
9802,29.896913528442383
9803,48.55467224121094
9804,71.93610382080078
9805,74.4587631225586
9806,28.238725662231445
9807,31.291088104248047
9808,20.274364471435547
9809,51.17673110961914
9810,24.624616622924805
9811,17.76886558532715
9812,46.47156524658203
9813,44.04584884643555
9814,58.42142868041992
9815,66.12625122070312
9816,62.04693603515625
9817,29.13997459411621
9818,40.849369049072266
9819,37.408447265625
9820,22.05067253112793
9821,61.56398010253906
9822,36.10614013671875
9823,21.430988311767578
9824,66.2470703125
9825,38.56904220581055
9826,18.906841278076172
9827,25.465770721435547
9828,24.401145935058594
9829,55.12049102783203
9830,35.709598541259766
9831,54.513423919677734
9832,39.296363830566406
9833,69.3348388671875
9834,25.502849578857422
9835,17.456228256225586
9836,27.698322296142578
9837,46.58911895751953
9838,36.307830810546875
9839,24.116823196411133
9840,42.28123092651367
9841,20.98265266418457
9842,23.75641632080078
9843,53.07636260986328
9844,44.469017028808594
9845,31.04642105102539
9846,15.495644569396973
9847,51.82524108886719
9848,21.091304779052734
9849,37.25794219970703
9850,30.869474411010742
9851,15.332937240600586
9852,15.252775192260742
9853,48.2570686340332
9854,14.088508605957031
9855,106.6650161743164
9856,15.995514869689941
9857,16.261186599731445
9858,38.42954635620117
9859,33.79330825805664
9860,35.009620666503906
9861,26.042173385620117
9862,52.429988861083984
9863,39.82755661010742
9864,114.11140441894531
9865,25.46185302734375
9866,54.22320556640625
9867,29.699134826660156
9868,37.58324432373047
9869,41.60659408569336
9870,40.096588134765625
9871,32.27619552612305
9872,40.77198028564453
9873,16.210956573486328
9874,31.289873123168945
9875,50.09186553955078
9876,43.88045120239258
9877,32.44735336303711
9878,27.849016189575195
9879,27.609392166137695
9880,54.3502197265625
9881,27.967172622680664
9882,23.383302688598633
9883,22.700855255126953
9884,26.64177131652832
9885,26.47090721130371
9886,54.76441955566406
9887,44.55903625488281
9888,18.506126403808594
9889,15.788734436035156
9890,14.437973976135254
9891,53.60193634033203
9892,24.780580520629883
9893,33.56697082519531
9894,44.774349212646484
9895,29.172380447387695
9896,38.182979583740234
9897,33.355098724365234
9898,24.103591918945312
9899,83.56232452392578
9900,32.43930435180664
9901,24.46999740600586
9902,28.353260040283203
9903,41.17776870727539
9904,21.08328628540039
9905,34.157325744628906
9906,31.57782745361328
9907,27.248140335083008
9908,19.130428314208984
9909,24.192598342895508
9910,72.61083221435547
9911,36.370521545410156
9912,36.69428253173828
9913,32.57837677001953
9914,12.61328125
9915,34.60157775878906
9916,71.72904968261719
9917,53.8499755859375
9918,36.44031524658203
9919,53.202571868896484
9920,32.13379669189453
9921,44.237548828125
9922,31.403297424316406
9923,46.78996658325195
9924,56.52362823486328
9925,29.887746810913086
9926,48.524593353271484
9927,71.91272735595703
9928,74.41162109375
9929,28.236492156982422
9930,31.284406661987305
9931,20.28864288330078
9932,51.14307403564453
9933,24.585630416870117
9934,17.769376754760742
9935,46.46712112426758
9936,44.00736999511719
9937,58.403770446777344
9938,66.07962799072266
9939,61.987998962402344
9940,29.146223068237305
9941,40.81957244873047
9942,37.41218948364258
9943,22.036340713500977
9944,61.49819564819336
9945,36.15475845336914
9946,21.442298889160156
9947,66.24673461914062
9948,38.59782791137695
9949,18.902053833007812
9950,25.485231399536133
9951,24.40797996520996
9952,55.103153228759766
9953,35.70009231567383
9954,54.43178176879883
9955,39.30170822143555
9956,69.25569915771484
9957,25.51502227783203
9958,17.469778060913086
9959,27.70821189880371
9960,46.54737091064453
9961,36.31958770751953
9962,24.164180755615234
9963,42.23161315917969
9964,20.97708511352539
9965,23.734291076660156
9966,53.060646057128906
9967,44.41357421875
9968,31.095409393310547
9969,15.518590927124023
9970,51.79410934448242
9971,21.092269897460938
9972,37.26984405517578
9973,30.89118194580078
9974,15.347900390625
9975,15.246410369873047
9976,48.2476806640625
9977,14.059760093688965
9978,106.61894226074219
9979,16.01150894165039
9980,16.2954158782959
9981,38.43989944458008
9982,33.84248352050781
9983,35.030174255371094
9984,25.991897583007812
9985,52.454673767089844
9986,39.81874084472656
9987,114.00254821777344
9988,25.472562789916992
9989,54.22562789916992
9990,29.669876098632812
9991,37.527984619140625
9992,41.5693473815918
9993,40.08448028564453
9994,32.2535400390625
9995,40.81535339355469
9996,16.210281372070312
9997,31.26197052001953
9998,50.11837387084961
9999,43.86193084716797
10000,32.44017791748047
10001,27.861156463623047
10002,27.607288360595703
10003,54.324554443359375
10004,27.95791244506836
10005,23.407470703125
10006,22.733062744140625
10007,26.632266998291016
10008,26.45800018310547
10009,54.71975326538086
10010,44.55373764038086
10011,18.48839569091797
10012,15.7809419631958
10013,14.410490036010742
10014,53.5490837097168
10015,24.7691593170166
10016,33.57404327392578
10017,44.76362609863281
10018,29.237403869628906
10019,38.207244873046875
10020,33.352386474609375
10021,24.093589782714844
10022,83.53823852539062
10023,32.455970764160156
10024,24.485448837280273
10025,28.367809295654297
10026,41.165462493896484
10027,21.088457107543945
10028,34.15633010864258
10029,31.58149528503418
10030,27.2308406829834
10031,19.114412307739258
10032,24.181217193603516
10033,72.50276184082031
10034,36.38204574584961
10035,36.656253814697266
10036,32.57708740234375
10037,12.616873741149902
10038,34.562774658203125
10039,71.67381286621094
10040,53.79512405395508
10041,36.41376876831055
10042,53.193843841552734
10043,32.17155075073242
10044,44.18927764892578
10045,31.383909225463867
10046,46.796424865722656
10047,56.531951904296875
10048,29.875633239746094
10049,48.499794006347656
10050,71.90254211425781
10051,74.38423919677734
10052,28.23929786682129
10053,31.275190353393555
10054,20.299667358398438
10055,51.11004638671875
10056,24.548887252807617
10057,17.768465042114258
10058,46.46102523803711
10059,43.976158142089844
10060,58.38925552368164
10061,66.03972625732422
10062,61.93690490722656
10063,29.161142349243164
10064,40.79964828491211
10065,37.411930084228516
10066,22.02262306213379
10067,61.44361877441406
10068,36.204254150390625
10069,21.446918487548828
10070,66.24808502197266
10071,38.62480926513672
10072,18.895788192749023
10073,25.499109268188477
10074,24.416858673095703
10075,55.11299514770508
10076,35.69031524658203
10077,54.363739013671875
10078,39.305015563964844
10079,69.1930160522461
10080,25.528423309326172
10081,17.4813175201416
10082,27.71710205078125
10083,46.51053237915039
10084,36.330039978027344
10085,24.20792579650879
10086,42.18724822998047
10087,20.97066307067871
10088,23.7110652923584
10089,53.04773712158203
10090,44.36438751220703
10091,31.140811920166016
10092,15.540122985839844
10093,51.76729202270508
10094,21.09283447265625
10095,37.280242919921875
10096,30.911211013793945
10097,15.358701705932617
10098,15.236201286315918
10099,48.24032974243164
10100,14.035150527954102
10101,106.57431030273438
10102,16.02560806274414
10103,16.325359344482422
10104,38.44808578491211
10105,33.8935661315918
10106,35.047489166259766
10107,25.947330474853516
10108,52.47621154785156
10109,39.81019973754883
10110,113.90324401855469
10111,25.480987548828125
10112,54.22979736328125
10113,29.63650894165039
10114,37.47884750366211
10115,41.533973693847656
10116,40.07402420043945
10117,32.22690963745117
10118,40.857784271240234
10119,16.207157135009766
10120,31.235342025756836
10121,50.14635467529297
10122,43.83951950073242
10123,32.433815002441406
10124,27.87213134765625
10125,27.60236358642578
10126,54.300479888916016
10127,27.95078468322754
10128,23.42991828918457
10129,22.763219833374023
10130,26.623090744018555
10131,26.44298553466797
10132,54.68189239501953
10133,44.54895782470703
10134,18.469512939453125
10135,15.772043228149414
10136,14.385063171386719
10137,53.50373458862305
10138,24.753446578979492
10139,33.58159637451172
10140,44.75381088256836
10141,29.299423217773438
10142,38.23062515258789
10143,33.3509521484375
10144,24.082618713378906
10145,83.52281951904297
10146,32.47121810913086
10147,24.500980377197266
10148,28.380876541137695
10149,41.152835845947266
10150,21.09372329711914
10151,34.157081604003906
10152,31.581707000732422
10153,27.213354110717773
10154,19.100841522216797
10155,24.171897888183594
10156,72.4030532836914
10157,36.394596099853516
10158,36.6224479675293
10159,32.575462341308594
10160,12.622161865234375
10161,34.526920318603516
10162,71.62091827392578
10163,53.745643615722656
10164,36.391658782958984
10165,53.1870002746582
10166,32.20437240600586
10167,44.1422233581543
10168,31.36509895324707
10169,46.80392837524414
10170,56.54025650024414
10171,29.863649368286133
10172,48.477176666259766
10173,71.89595031738281
10174,74.36294555664062
10175,28.242555618286133
10176,31.265260696411133
10177,20.310653686523438
10178,51.0775260925293
10179,24.515405654907227
10180,17.76509666442871
10181,46.45746612548828
10182,43.94807434082031
10183,58.37425994873047
10184,66.00435638427734
10185,61.89048385620117
10186,29.17142105102539
10187,40.78093338012695
10188,37.412109375
10189,22.010866165161133
10190,61.39332580566406
10191,36.250545501708984
10192,21.451337814331055
10193,66.24466705322266
10194,38.65065002441406
10195,18.889732360839844
10196,25.513832092285156
10197,24.425893783569336
10198,55.12206268310547
10199,35.6805419921875
10200,54.30035400390625
10201,39.30906295776367
10202,69.1346435546875
10203,25.539592742919922
10204,17.490985870361328
10205,27.725496292114258
10206,46.4757080078125
10207,36.3401985168457
10208,24.250106811523438
10209,42.145198822021484
10210,20.964162826538086
10211,23.68665313720703
10212,53.03561019897461
10213,44.31875228881836
10214,31.183534622192383
10215,15.560501098632812
10216,51.74253845214844
10217,21.093774795532227
10218,37.287349700927734
10219,30.93022918701172
10220,15.367112159729004
10221,15.223756790161133
10222,48.234012603759766
10223,14.01323413848877
10224,106.53387451171875
10225,16.037555694580078
10226,16.35284996032715
10227,38.45458984375
10228,33.942501068115234
10229,35.064273834228516
10230,25.906986236572266
10231,52.49673080444336
10232,39.801151275634766
10233,113.81200408935547
10234,25.488235473632812
10235,54.235565185546875
10236,29.600765228271484
10237,37.43241882324219
10238,41.50075149536133
10239,40.0653076171875
10240,32.198089599609375
10241,40.898681640625
10242,16.20256233215332
10243,31.209802627563477
10244,50.17481994628906
10245,43.814605712890625
10246,32.42823791503906
10247,27.88266372680664
10248,27.596723556518555
10249,54.27818298339844
10250,27.94483184814453
10251,23.45114517211914
10252,22.791873931884766
10253,26.61469841003418
10254,26.42715835571289
10255,54.64912033081055
10256,44.545127868652344
10257,18.449644088745117
10258,15.763178825378418
10259,14.36050033569336
10260,53.462379455566406
10261,24.735803604125977
10262,33.58929443359375
10263,44.74447250366211
10264,29.359153747558594
10265,38.253135681152344
10266,33.35036849975586
10267,24.071361541748047
10268,83.51310729980469
10269,32.48594284057617
10270,24.516481399536133
10271,28.393543243408203
10272,41.13990783691406
10273,21.0989933013916
10274,34.159393310546875
10275,31.58012580871582
10276,27.195892333984375
10277,19.088586807250977
10278,24.163835525512695
10279,72.30889892578125
10280,36.407554626464844
10281,36.59120559692383
10282,32.573753356933594
10283,12.628182411193848
10284,34.49361801147461
10285,71.56949615478516
10286,53.69926834106445
10287,36.372249603271484
10288,53.18149185180664
10289,32.234527587890625
10290,44.096221923828125
10291,31.347227096557617
10292,46.81166458129883
10293,56.54804992675781
10294,29.852237701416016
10295,48.45588302612305
10296,71.89139556884766
10297,74.34487915039062
10298,28.24603843688965
10299,31.254688262939453
10300,20.321887969970703
10301,51.0457878112793
10302,24.484153747558594
10303,17.760175704956055
10304,46.455406188964844
10305,43.922096252441406
10306,58.35904312133789
10307,65.97209930419922
10308,61.84722900390625
10309,29.177738189697266
10310,40.762210845947266
10311,37.412967681884766
10312,22.000171661376953
10313,61.346099853515625
10314,36.294677734375
10315,21.45575523376465
10316,66.23902893066406
10317,38.67571258544922
10318,18.88412857055664
10319,25.528850555419922
10320,24.434864044189453
10321,55.13108825683594
10322,35.670894622802734
10323,54.24044418334961
10324,39.31331253051758
10325,69.07927703857422
10326,25.549388885498047
10327,17.499536514282227
10328,27.733444213867188
10329,46.44217300415039
10330,36.350284576416016
10331,24.291093826293945
10332,42.10492706298828
10333,20.957969665527344
10334,23.6617431640625
10335,53.02416229248047
10336,44.275604248046875
10337,31.22442626953125
10338,15.58039665222168
10339,51.71894454956055
10340,21.09467887878418
10341,37.29289627075195
10342,30.948453903198242
10343,15.374194145202637
10344,15.210003852844238
10345,48.22842788696289
10346,13.993012428283691
10347,106.49668884277344
10348,16.04790687561035
10349,16.378604888916016
10350,38.460269927978516
10351,33.98945236206055
10352,35.080955505371094
10353,25.869070053100586
10354,52.517112731933594
10355,39.79197692871094
10356,113.72608184814453
10357,25.494800567626953
10358,54.24217224121094
10359,29.563562393188477
10360,37.38825988769531
10361,41.4688835144043
10362,40.057594299316406
10363,32.168155670166016
10364,40.93832015991211
10365,16.19719696044922
10366,31.185152053833008
10367,50.203346252441406
10368,43.78890609741211
10369,32.422916412353516
10370,27.8929386138916
10371,27.590898513793945
10372,54.25690460205078
10373,27.939626693725586
10374,23.47166633605957
10375,22.819944381713867
10376,26.60630989074707
10377,26.411409378051758
10378,54.618743896484375
10379,44.54202651977539
10380,18.429874420166016
10381,15.754133224487305
10382,14.336688995361328
10383,53.4235725402832
10384,24.717857360839844
10385,33.59722137451172
10386,44.735252380371094
10387,29.417646408081055
10388,38.276084899902344
10389,33.35042190551758
10390,24.060197830200195
10391,83.50833892822266
10392,32.50187683105469
10393,24.530977249145508
10394,28.4046630859375
10395,41.12750244140625
10396,21.104604721069336
10397,34.161582946777344
10398,31.578561782836914
10399,27.178728103637695
10400,19.076278686523438
10401,24.155668258666992
10402,72.21743774414062
10403,36.42042541503906
10404,36.561431884765625
10405,32.57202911376953
10406,12.634568214416504
10407,34.46105194091797
10408,71.51947784423828
10409,53.65373229980469
10410,36.353267669677734
10411,53.1763916015625
10412,32.264705657958984
10413,44.05162811279297
10414,31.33040428161621
10415,46.819252014160156
10416,56.55589294433594
10417,29.841487884521484
10418,48.435272216796875
10419,71.88700866699219
10420,74.32743072509766
10421,28.24980354309082
10422,31.244516372680664
10423,20.332902908325195
10424,51.014305114746094
10425,24.45368766784668
10426,17.755001068115234
10427,46.45363235473633
10428,43.89668273925781
10429,58.343719482421875
10430,65.94036102294922
10431,61.80494689941406
10432,29.183637619018555
10433,40.743648529052734
10434,37.413726806640625
10435,21.989484786987305
10436,61.299739837646484
10437,36.33803939819336
10438,21.460311889648438
10439,66.23393249511719
10440,38.700721740722656
10441,18.87874412536621
10442,25.5438232421875
10443,24.44354248046875
10444,55.14059066772461
10445,35.66192626953125
10446,54.182254791259766
10447,39.31769561767578
10448,69.02491760253906
10449,25.559066772460938
10450,17.508018493652344
10451,27.741622924804688
10452,46.40956497192383
10453,36.360382080078125
10454,24.331430435180664
10455,42.06542205810547
10456,20.952028274536133
10457,23.637548446655273
10458,53.01270294189453
10459,44.23330307006836
10460,31.264650344848633
10461,15.599686622619629
10462,51.69552230834961
10463,21.095659255981445
10464,37.298370361328125
10465,30.966171264648438
10466,15.380516052246094
10467,15.196351051330566
10468,48.222957611083984
10469,13.973281860351562
10470,106.46037292480469
10471,16.058135986328125
10472,16.403385162353516
10473,38.466148376464844
10474,34.03514862060547
10475,35.09745788574219
10476,25.8321590423584
10477,52.537193298339844
10478,39.78279495239258
10479,113.6421127319336
10480,25.50136375427246
10481,54.2487678527832
10482,29.52720069885254
10483,37.3448600769043
10484,41.43778991699219
10485,40.050193786621094
10486,32.13896942138672
10487,40.977325439453125
10488,16.191791534423828
10489,31.160764694213867
10490,50.231475830078125
10491,43.76361083984375
10492,32.41802978515625
10493,27.903156280517578
10494,27.585538864135742
10495,54.23634338378906
10496,27.934650421142578
10497,23.4920654296875
10498,22.847496032714844
10499,26.598587036132812
10500,26.395923614501953
10501,54.5887451171875
10502,44.538787841796875
10503,18.410648345947266
10504,15.745779991149902
10505,14.313924789428711
10506,53.38536071777344
10507,24.699819564819336
10508,33.60516357421875
10509,44.726051330566406
10510,29.475200653076172
10511,38.3000373840332
10512,33.35090637207031
10513,24.04922866821289
10514,83.50894927978516
10515,32.520545959472656
10516,24.543548583984375
10517,28.41409683227539
10518,41.115753173828125
10519,21.11061668395996
10520,34.162776947021484
10521,31.57896614074707
10522,27.16089630126953
10523,19.061546325683594
10524,24.146495819091797
10525,72.1275863647461
10526,36.43147277832031
10527,36.53180694580078
10528,32.57067108154297
10529,12.640229225158691
10530,34.42807388305664
10531,71.47044372558594
10532,53.60728454589844
10533,36.33210372924805
10534,53.171356201171875
10535,32.2984504699707
10536,44.009300231933594
10537,31.315534591674805
10538,46.82576370239258
10539,56.563453674316406
10540,29.831287384033203
10541,48.414451599121094
10542,71.88141632080078
10543,74.30747985839844
10544,28.253597259521484
10545,31.234573364257812
10546,20.342653274536133
10547,50.98391342163086
10548,24.422412872314453
10549,17.751333236694336
10550,46.4502067565918
10551,43.87107849121094
10552,58.328697204589844
10553,65.90744018554688
10554,61.7618408203125
10555,29.19145393371582
10556,40.72489547729492
10557,37.4147834777832
10558,21.976734161376953
10559,61.25337600708008
10560,36.38139724731445
10561,21.464155197143555
10562,66.23381042480469
10563,38.72650909423828
10564,18.87330436706543
10565,25.557477951049805
10566,24.452117919921875
10567,55.15394973754883
10568,35.6538200378418
10569,54.12569046020508
10570,39.32078170776367
10571,68.97183990478516
10572,25.570871353149414
10573,17.51773452758789
10574,27.749446868896484
10575,46.37779235839844
10576,36.37015914916992
10577,24.371456146240234
10578,42.02675247192383
10579,20.946420669555664
10580,23.61461067199707
10581,53.00082778930664
10582,44.190895080566406
10583,31.306049346923828
10584,15.618814468383789
10585,51.671363830566406
10586,21.096057891845703
10587,37.30601501464844
10588,30.984317779541016
10589,15.386963844299316
10590,15.184405326843262
10591,48.21732711791992
10592,13.952630043029785
10593,106.4229736328125
10594,16.06920051574707
10595,16.428054809570312
10596,38.47356033325195
10597,34.0809211730957
10598,35.113525390625
10599,25.794185638427734
10600,52.55702209472656
10601,39.77428436279297
10602,113.55734252929688
10603,25.508499145507812
10604,54.25457000732422
10605,29.493907928466797
10606,37.30203628540039
10607,41.40656280517578
10608,40.04219055175781
10609,32.1127815246582
10610,41.016136169433594
10611,16.187118530273438
10612,31.136524200439453
10613,50.258602142333984
10614,43.74153518676758
10615,32.412818908691406
10616,27.913339614868164
10617,27.581090927124023
10618,54.215335845947266
10619,27.92908477783203
10620,23.512657165527344
10621,22.87519645690918
10622,26.59101104736328
10623,26.38142204284668
10624,54.556396484375
10625,44.534996032714844
10626,18.392898559570312
10627,15.7378511428833
10628,14.292471885681152
10629,53.34654998779297
10630,24.68352699279785
10631,33.61267852783203
10632,44.7176399230957
10633,29.531728744506836
10634,38.32373046875
10635,33.35118865966797
10636,24.03873634338379
10637,83.50501251220703
10638,32.53849411010742
10639,24.556486129760742
10640,28.423633575439453
10641,41.10462188720703
10642,21.116392135620117
10643,34.16357421875
10644,31.580677032470703
10645,27.144418716430664
10646,19.046689987182617
10647,24.1365966796875
10648,72.03866577148438
10649,36.4416389465332
10650,36.502197265625
10651,32.569557189941406
10652,12.645279884338379
10653,34.3951530456543
10654,71.42302703857422
10655,53.56089401245117
10656,36.310604095458984
10657,53.166290283203125
10658,32.333126068115234
10659,43.968631744384766
10660,31.301719665527344
10661,46.83205795288086
10662,56.571353912353516
10663,29.821687698364258
10664,48.3936882019043
10665,71.87517547607422
10666,74.28694152832031
10667,28.25769805908203
10668,31.225366592407227
10669,20.352006912231445
10670,50.95431900024414
10671,24.3913516998291
10672,17.74796485900879
10673,46.446048736572266
10674,43.84564208984375
10675,58.313880920410156
10676,65.87447357177734
10677,61.71925735473633
10678,29.200332641601562
10679,40.70626449584961
10680,37.415523529052734
10681,21.963172912597656
10682,61.20768737792969
10683,36.42435073852539
10684,21.46792984008789
10685,66.23590087890625
10686,38.752174377441406
10687,18.868003845214844
10688,25.570363998413086
10689,24.460493087768555
10690,55.16987228393555
10691,35.64596176147461
10692,54.070274353027344
10693,39.32359313964844
10694,68.91986083984375
10695,25.583328247070312
10696,17.528154373168945
10697,27.75743865966797
10698,46.34695053100586
10699,36.379913330078125
10700,24.410566329956055
10701,41.989105224609375
10702,20.941192626953125
10703,23.592567443847656
10704,52.98896789550781
10705,44.149024963378906
10706,31.347280502319336
10707,15.637894630432129
10708,51.64726638793945
10709,21.09632682800293
10710,37.3143196105957
10711,31.002254486083984
10712,15.39362621307373
10713,15.173367500305176
10714,48.21152877807617
10715,13.932158470153809
10716,106.38578796386719
10717,16.0805721282959
10718,16.452512741088867
10719,38.48187255859375
10720,34.12542724609375
10721,35.129539489746094
10722,25.7564640045166
10723,52.57678985595703
10724,39.7659912109375
10725,113.47325897216797
10726,25.515945434570312
10727,54.26021194458008
10728,29.46262550354004
10729,37.25963592529297
10730,41.37567138671875
10731,40.034202575683594
10732,32.08833312988281
10733,41.054378509521484
10734,16.182964324951172
10735,31.112625122070312
10736,50.28496551513672
10737,43.721038818359375
10738,32.407936096191406
10739,27.923601150512695
10740,27.57742691040039
10741,54.19474411010742
10742,27.92345428466797
10743,23.53327178955078
10744,22.90273666381836
10745,26.583724975585938
10746,26.367937088012695
10747,54.52364730834961
10748,44.531394958496094
10749,18.37598419189453
10750,15.730388641357422
10751,14.271777153015137
10752,53.307464599609375
10753,24.66872215270996
10754,33.62010192871094
10755,44.7096061706543
10756,29.587413787841797
10757,38.34720230102539
10758,33.35149383544922
10759,24.028894424438477
10760,83.49836730957031
10761,32.55621337890625
10762,24.569177627563477
10763,28.43348503112793
10764,41.093692779541016
10765,21.121976852416992
10766,34.16402816772461
10767,31.58321762084961
10768,27.128734588623047
10769,19.03186798095703
10770,24.126554489135742
10771,71.9505386352539
10772,36.45124053955078
10773,36.4725227355957
10774,32.56866455078125
10775,12.64991569519043
10776,34.36247634887695
10777,71.37726593017578
10778,53.51451873779297
10779,36.288936614990234
10780,53.161312103271484
10781,32.36826705932617
10782,43.92932891845703
10783,31.288644790649414
10784,46.837806701660156
10785,56.57923126220703
10786,29.812814712524414
10787,48.3731689453125
10788,71.86840057373047
10789,74.26567077636719
10790,28.261648178100586
10791,31.216930389404297
10792,20.36119270324707
10793,50.92574691772461
10794,24.36068344116211
10795,17.74512481689453
10796,46.44163131713867
10797,43.820228576660156
10798,58.29938507080078
10799,65.8413314819336
10800,61.67683410644531
10801,29.209388732910156
10802,40.68769454956055
10803,37.416534423828125
10804,21.94931983947754
10805,61.16241455078125
10806,36.466705322265625
10807,21.471826553344727
10808,66.23946380615234
10809,38.777870178222656
10810,18.862957000732422
10811,25.582918167114258
10812,24.468502044677734
10813,55.18618392944336
10814,35.63872528076172
10815,54.01616668701172
10816,39.325950622558594
10817,68.8684310913086
10818,25.59623908996582
10819,17.53883934020996
10820,27.765216827392578
10821,46.316837310791016
10822,36.38969039916992
10823,24.44900131225586
10824,41.95219039916992
10825,20.936254501342773
10826,23.57164192199707
10827,52.97713088989258
10828,44.1077766418457
10829,31.38825035095215
10830,15.656641960144043
10831,51.623329162597656
10832,21.096416473388672
10833,37.323463439941406
10834,31.01982879638672
10835,15.39985179901123
10836,15.163247108459473
10837,48.205711364746094
10838,13.911834716796875
10839,106.34881591796875
10840,16.09195899963379
10841,16.47632598876953
10842,38.49048614501953
10843,34.16910934448242
10844,35.14496612548828
10845,25.719146728515625
10846,52.59609603881836
10847,39.75800704956055
10848,113.38975524902344
10849,25.523279190063477
10850,54.265411376953125
10851,29.433094024658203
10852,37.218177795410156
10853,41.345794677734375
10854,40.02641296386719
10855,32.06575012207031
10856,41.092376708984375
10857,16.17912483215332
10858,31.088788986206055
10859,50.31044387817383
10860,43.70219802856445
10861,32.40285110473633
10862,27.933645248413086
10863,27.5745792388916
10864,54.173526763916016
10865,27.917509078979492
10866,23.5540714263916
10867,22.930204391479492
10868,26.576175689697266
10869,26.35615348815918
10870,54.4902458190918
10871,44.52854537963867
10872,18.36075210571289
10873,15.722478866577148
10874,14.252009391784668
10875,53.269039154052734
10876,24.656085968017578
10877,33.62734603881836
10878,44.701412200927734
10879,29.64226722717285
10880,38.371788024902344
10881,33.35219192504883
10882,24.019187927246094
10883,83.49114227294922
10884,32.5742301940918
10885,24.58173942565918
10886,28.442848205566406
10887,41.083187103271484
10888,21.127365112304688
10889,34.16378402709961
10890,31.58709716796875
10891,27.114269256591797
10892,19.0169677734375
10893,24.11603355407715
10894,71.8635482788086
10895,36.460147857666016
10896,36.44378662109375
10897,32.56794357299805
10898,12.654461860656738
10899,34.330081939697266
10900,71.33241271972656
10901,53.4678955078125
10902,36.26662063598633
10903,53.15633010864258
10904,32.404903411865234
10905,43.89153289794922
10906,31.277009963989258
10907,46.84266662597656
10908,56.58699035644531
10909,29.80474281311035
10910,48.352413177490234
10911,71.86072540283203
10912,74.2430648803711
10913,28.265594482421875
10914,31.209251403808594
10915,20.370079040527344
10916,50.897701263427734
10917,24.329910278320312
10918,17.74272918701172
10919,46.43659591674805
10920,43.79478454589844
10921,58.28508377075195
10922,65.8077392578125
10923,61.63437271118164
10924,29.218854904174805
10925,40.66888427734375
10926,37.417659759521484
10927,21.9348201751709
10928,61.1170768737793
10929,36.5086784362793
10930,21.476125717163086
10931,66.24539184570312
10932,38.803688049316406
10933,18.85825538635254
10934,25.59503936767578
10935,24.476364135742188
10936,55.203887939453125
10937,35.63224792480469
10938,53.96354293823242
10939,39.327816009521484
10940,68.81765747070312
10941,25.609766006469727
10942,17.55026626586914
10943,27.77281951904297
10944,46.28761291503906
10945,36.39931106567383
10946,24.486812591552734
10947,41.916202545166016
10948,20.93167495727539
10949,23.55190658569336
10950,52.96495819091797
10951,44.06696701049805
10952,31.42926788330078
10953,15.675010681152344
10954,51.599266052246094
10955,21.096111297607422
10956,37.3336067199707
10957,31.03764533996582
10958,15.405743598937988
10959,15.154047012329102
10960,48.1999397277832
10961,13.891212463378906
10962,106.31157684326172
10963,16.103694915771484
10964,16.499370574951172
10965,38.5003776550293
10966,34.21221160888672
10967,35.160255432128906
10968,25.6820011138916
10969,52.61518478393555
10970,39.75021743774414
10971,113.30699920654297
10972,25.53113555908203
10973,54.270347595214844
10974,29.405517578125
10975,37.17718505859375
10976,41.31623077392578
10977,40.01844787597656
10978,32.044761657714844
10979,41.13004684448242
10980,16.175487518310547
10981,31.065284729003906
10982,50.33517837524414
10983,43.685142517089844
10984,32.397918701171875
10985,27.943540573120117
10986,27.572559356689453
10987,54.152706146240234
10988,27.911605834960938
10989,23.5748291015625
10990,22.95757484436035
10991,26.56903648376465
10992,26.344966888427734
10993,54.45583724975586
10994,44.52542495727539
10995,18.346330642700195
10996,15.715109825134277
10997,14.233182907104492
10998,53.230621337890625
10999,24.64442253112793
11000,33.634159088134766
11001,44.693721771240234
11002,29.695953369140625
11003,38.396183013916016
11004,33.352752685546875
11005,24.009626388549805
11006,83.48199462890625
11007,32.591915130615234
11008,24.594226837158203
11009,28.452091217041016
11010,41.07305908203125
11011,21.1324462890625
11012,34.163333892822266
11013,31.591514587402344
11014,27.100496292114258
11015,19.002092361450195
11016,24.104951858520508
11017,71.77853393554688
11018,36.468360900878906
11019,36.415740966796875
11020,32.56746292114258
11021,12.658537864685059
11022,34.29819869995117
11023,71.2890853881836
11024,53.421875
11025,36.24451446533203
11026,53.15168762207031
11027,32.44192886352539
11028,43.855159759521484
11029,31.26662254333496
11030,46.8471794128418
11031,56.594669342041016
11032,29.797218322753906
11033,48.331993103027344
11034,71.85296630859375
11035,74.22041320800781
11036,28.269641876220703
11037,31.201980590820312
11038,20.378273010253906
11039,50.870357513427734
11040,24.29973793029785
11041,17.74053382873535
11042,46.43117141723633
11043,43.770057678222656
11044,58.27083969116211
11045,65.7743148803711
11046,61.59260177612305
11047,29.22848892211914
11048,40.65018844604492
11049,37.41886520385742
11050,21.91974449157715
11051,61.0727424621582
11052,36.549983978271484
11053,21.47984504699707
11054,66.25315856933594
11055,38.829627990722656
11056,18.853788375854492
11057,25.606767654418945
11058,24.483936309814453
11059,55.223663330078125
11060,35.62654113769531
11061,53.913143157958984
11062,39.32920837402344
11063,68.76841735839844
11064,25.624101638793945
11065,17.561901092529297
11066,27.780271530151367
11067,46.25949478149414
11068,36.4088249206543
11069,24.523681640625
11070,41.88134002685547
11071,20.9272403717041
11072,23.532896041870117
11073,52.952823638916016
11074,44.02695083618164
11075,31.470060348510742
11076,15.693102836608887
11077,51.57521438598633
11078,21.095800399780273
11079,37.344425201416016
11080,31.055158615112305
11081,15.410961151123047
11082,15.145121574401855
11083,48.194053649902344
11084,13.870771408081055
11085,106.27496337890625
11086,16.11536407470703
11087,16.521434783935547
11088,38.51093673706055
11089,34.254051208496094
11090,35.17527389526367
11091,25.64520263671875
11092,52.63360595703125
11093,39.74260711669922
11094,113.22554779052734
11095,25.53903579711914
11096,54.27501678466797
11097,29.37929916381836
11098,37.13716125488281
11099,41.287017822265625
11100,40.010589599609375
11101,32.025299072265625
11102,41.166812896728516
11103,16.172151565551758
11104,31.042089462280273
11105,50.35935592651367
11106,43.66940689086914
11107,32.3931884765625
11108,27.953414916992188
11109,27.570758819580078
11110,54.132606506347656
11111,27.90546417236328
11112,23.595121383666992
11113,22.984481811523438
11114,26.56240463256836
11115,26.3342342376709
11116,54.421871185302734
11117,44.52212905883789
11118,18.33254623413086
11119,15.7083740234375
11120,14.215326309204102
11121,53.1929931640625
11122,24.63285255432129
11123,33.64106750488281
11124,44.6865234375
11125,29.74822998046875
11126,38.42012023925781
11127,33.353599548339844
11128,24.000408172607422
11129,83.4726333618164
11130,32.60938262939453
11131,24.606460571289062
11132,28.46101188659668
11133,41.063053131103516
11134,21.137527465820312
11135,34.163169860839844
11136,31.59605598449707
11137,27.087465286254883
11138,18.98760986328125
11139,24.09392547607422
11140,71.6961441040039
11141,36.476078033447266
11142,36.388309478759766
11143,32.56703567504883
11144,12.662586212158203
11145,34.267513275146484
11146,71.24677276611328
11147,53.37649154663086
11148,36.222591400146484
11149,53.1478271484375
11150,32.47981643676758
11151,43.81998825073242
11152,31.258365631103516
11153,46.85060501098633
11154,56.60041809082031
11155,29.790863037109375
11156,48.31195068359375
11157,71.8441390991211
11158,74.19584655761719
11159,28.27320098876953
11160,31.194137573242188
11161,20.386123657226562
11162,50.842857360839844
11163,24.271337509155273
11164,17.73844337463379
11165,46.426063537597656
11166,43.74644088745117
11167,58.25685119628906
11168,65.74250793457031
11169,61.55217361450195
11170,29.236373901367188
11171,40.63144302368164
11172,37.42032241821289
11173,21.904680252075195
11174,61.029762268066406
11175,36.58954620361328
11176,21.483783721923828
11177,66.26061248779297
11178,38.85564422607422
11179,18.84954071044922
11180,25.618616104125977
11181,24.4912052154541
11182,55.243377685546875
11183,35.62116241455078
11184,53.865562438964844
11185,39.330223083496094
11186,68.72081756591797
11187,25.637784957885742
11188,17.573333740234375
11189,27.787437438964844
11190,46.232696533203125
11191,36.41823196411133
11192,24.559223175048828
11193,41.847835540771484
11194,20.922883987426758
11195,23.515687942504883
11196,52.94145965576172
11197,43.988739013671875
11198,31.50795555114746
11199,15.710420608520508
11200,51.55220031738281
11201,21.09501075744629
11202,37.35343933105469
11203,31.072216033935547
11204,15.414468765258789
11205,15.135346412658691
11206,48.1882209777832
11207,13.851635932922363
11208,106.24079132080078
11209,16.125682830810547
11210,16.541536331176758
11211,38.52174377441406
11212,34.29428482055664
11213,35.19023513793945
11214,25.6116886138916
11215,52.650840759277344
11216,39.733768463134766
11217,113.14533233642578
11218,25.5458984375
11219,54.280723571777344
11220,29.353227615356445
11221,37.097957611083984
11222,41.26001739501953
11223,40.00380325317383
11224,32.00508117675781
11225,41.202117919921875
11226,16.167984008789062
11227,31.019371032714844
11228,50.38287353515625
11229,43.65313720703125
11230,32.388954162597656
11231,27.962833404541016
11232,27.56970977783203
11233,54.11445999145508
11234,27.899667739868164
11235,23.614673614501953
11236,23.01072883605957
11237,26.556100845336914
11238,26.323759078979492
11239,54.39125061035156
11240,44.520118713378906
11241,18.318435668945312
11242,15.702543258666992
11243,14.198497772216797
11244,53.15703201293945
11245,24.620193481445312
11246,33.64807891845703
11247,44.67985534667969
11248,29.798791885375977
11249,38.44322204589844
11250,33.35551834106445
11251,23.991548538208008
11252,83.4666519165039
11253,32.62861251831055
11254,24.618160247802734
11255,28.469329833984375
11256,41.052982330322266
11257,21.142730712890625
11258,34.16382598876953
11259,31.59967803955078
11260,27.074800491333008
11261,18.973318099975586
11262,24.083433151245117
11263,71.61551666259766
11264,36.48368453979492
11265,36.36110305786133
11266,32.566654205322266
11267,12.66718578338623
11268,34.23845672607422
11269,71.20571899414062
11270,53.332298278808594
11271,36.202476501464844
11272,53.144813537597656
11273,32.51687240600586
11274,43.78481674194336
11275,31.251848220825195
11276,46.853172302246094
11277,56.60480499267578
11278,29.785856246948242
11279,48.29251480102539
11280,71.8353271484375
11281,74.17163848876953
11282,28.27667999267578
11283,31.186662673950195
11284,20.394107818603516
11285,50.8151969909668
11286,24.245014190673828
11287,17.735572814941406
11288,46.42238235473633
11289,43.72383499145508
11290,58.24302673339844
11291,65.71234130859375
11292,61.513450622558594
11293,29.24148941040039
11294,40.61209487915039
11295,37.422027587890625
11296,21.890762329101562
11297,60.987552642822266
11298,36.62738800048828
11299,21.488506317138672
11300,66.2661361694336
11301,38.88127517700195
11302,18.84618377685547
11303,25.63148307800293
11304,24.497915267944336
11305,55.2609748840332
11306,35.61647415161133
11307,53.819740295410156
11308,39.33176803588867
11309,68.67333221435547
11310,25.65020179748535
11311,17.583776473999023
11312,27.794307708740234
11313,46.20675277709961
11314,36.42768859863281
11315,24.5938663482666
11316,41.815589904785156
11317,20.91873550415039
11318,23.499292373657227
11319,52.930091857910156
11320,43.95195388793945
11321,31.544055938720703
11322,15.727212905883789
11323,51.52986526489258
11324,21.094480514526367
11325,37.360713958740234
11326,31.088623046875
11327,15.416616439819336
11328,15.124567985534668
11329,48.1822624206543
11330,13.834022521972656
11331,106.20889282226562
11332,16.13504409790039
11333,16.559640884399414
11334,38.53266525268555
11335,34.332462310791016
11336,35.20551300048828
11337,25.580549240112305
11338,52.66767883300781
11339,39.724246978759766
11340,113.06797790527344
11341,25.55217742919922
11342,54.287357330322266
11343,29.326738357543945
11344,37.059547424316406
11345,41.234554290771484
11346,39.99789047241211
11347,31.98436164855957
11348,41.23666000366211
11349,16.163108825683594
11350,30.9971981048584
11351,50.406429290771484
11352,43.636009216308594
11353,32.38526916503906
11354,27.972076416015625
11355,27.56871223449707
11356,54.09684753417969
11357,27.894428253173828
11358,23.633703231811523
11359,23.0361328125
11360,26.550004959106445
11361,26.313358306884766
11362,54.362361907958984
11363,44.51880645751953
11364,18.304536819458008
11365,15.696188926696777
11366,14.18238639831543
11367,53.1237907409668
11368,24.607595443725586
11369,33.65522766113281
11370,44.67302703857422
11371,29.848073959350586
11372,38.46692657470703
11373,33.35786437988281
11374,23.98222541809082
11375,83.46349334716797
11376,32.64772033691406
11377,24.629594802856445
11378,28.476972579956055
11379,41.04296112060547
11380,21.147716522216797
11381,34.164730072021484
11382,31.602867126464844
11383,27.06243896484375
11384,18.959684371948242
11385,24.073034286499023
11386,71.53775787353516
11387,36.491416931152344
11388,36.33588409423828
11389,32.56630325317383
11390,12.672262191772461
11391,34.21040725708008
11392,71.16520690917969
11393,53.28902053833008
11394,36.1829833984375
11395,53.14243698120117
11396,32.55373764038086
11397,43.75043869018555
11398,31.246170043945312
11399,46.85561752319336
11400,56.608699798583984
11401,29.781248092651367
11402,48.27341842651367
11403,71.826904296875
11404,74.14796447753906
11405,28.27996063232422
11406,31.179140090942383
11407,20.402074813842773
11408,50.78794479370117
11409,24.21971321105957
11410,17.732494354248047
11411,46.419090270996094
11412,43.70212936401367
11413,58.229251861572266
11414,65.68317413330078
11415,61.47572708129883
11416,29.2454891204834
11417,40.593074798583984
11418,37.424076080322266
11419,21.877309799194336
11420,60.946537017822266
11421,36.664310455322266
11422,21.493488311767578
11423,66.2708969116211
11424,38.90647888183594
11425,18.843135833740234
11426,25.644861221313477
11427,24.504634857177734
11428,55.27791213989258
11429,35.61210250854492
11430,53.77524185180664
11431,39.33356475830078
11432,68.62654113769531
11433,25.66207504272461
11434,17.593936920166016
11435,27.80091667175293
11436,46.18168258666992
11437,36.43720626831055
11438,24.62771224975586
11439,41.783931732177734
11440,20.914730072021484
11441,23.483346939086914
11442,52.919029235839844
11443,43.916229248046875
11444,31.579248428344727
11445,15.743562698364258
11446,51.5079345703125
11447,21.093852996826172
11448,37.36764144897461
11449,31.10479164123535
11450,15.41810131072998
11451,15.11372184753418
11452,48.17665100097656
11453,13.817042350769043
11454,106.17768859863281
11455,16.143993377685547
11456,16.576961517333984
11457,38.54344177246094
11458,34.36991500854492
11459,35.22053146362305
11460,25.550321578979492
11461,52.68389129638672
11462,39.714820861816406
11463,112.99288177490234
11464,25.55828285217285
11465,54.294105529785156
11466,29.300209045410156
11467,37.02217102050781
11468,41.20976638793945
11469,39.992435455322266
11470,31.963829040527344
11471,41.2705192565918
11472,16.15825080871582
11473,30.975265502929688
11474,50.42963790893555
11475,43.61893081665039
11476,32.38145065307617
11477,27.98126220703125
11478,27.56771469116211
11479,54.07956314086914
11480,27.889360427856445
11481,23.652509689331055
11482,23.06123161315918
11483,26.54395866394043
11484,26.30324363708496
11485,54.334434509277344
11486,44.517852783203125
11487,18.29096794128418
11488,15.689600944519043
11489,14.166746139526367
11490,53.091888427734375
11491,24.595277786254883
11492,33.66220474243164
11493,44.66639709472656
11494,29.8964786529541
11495,38.49069595336914
11496,33.36038589477539
11497,23.972980499267578
11498,83.46184539794922
11499,32.66635513305664
11500,24.640724182128906
11501,28.484079360961914
11502,41.033119201660156
11503,21.15298080444336
11504,34.16562271118164
11505,31.60597038269043
11506,27.05021858215332
11507,18.94636344909668
11508,24.063047409057617
11509,71.46248626708984
11510,36.49897003173828
11511,36.311763763427734
11512,32.566043853759766
11513,12.677376747131348
11514,34.18327713012695
11515,71.12562561035156
11516,53.24679183959961
11517,36.163726806640625
11518,53.14030075073242
11519,32.5903205871582
11520,43.71711730957031
11521,31.241161346435547
11522,46.85798263549805
11523,56.6125602722168
11524,29.776790618896484
11525,48.25492477416992
11526,71.8187026977539
11527,74.12496185302734
11528,28.283353805541992
11529,31.171733856201172
11530,20.40997314453125
11531,50.761436462402344
11532,24.195043563842773
11533,17.72928810119629
11534,46.41596984863281
11535,43.68109130859375
11536,58.21585464477539
11537,65.65463256835938
11538,61.439109802246094
11539,29.248992919921875
11540,40.57432556152344
11541,37.426273345947266
11542,21.86395835876465
11543,60.90639114379883
11544,36.700294494628906
11545,21.49834632873535
11546,66.2761459350586
11547,38.931480407714844
11548,18.840253829956055
11549,25.65785026550293
11550,24.511186599731445
11551,55.29510498046875
11552,35.60785675048828
11553,53.73219680786133
11554,39.33516311645508
11555,68.58110046386719
11556,25.673805236816406
11557,17.603973388671875
11558,27.80746841430664
11559,46.15744400024414
11560,36.446712493896484
11561,24.660715103149414
11562,41.75328063964844
11563,20.910844802856445
11564,23.467975616455078
11565,52.908424377441406
11566,43.88154220581055
11567,31.613616943359375
11568,15.759651184082031
11569,51.48664474487305
11570,21.093313217163086
11571,37.37455368041992
11572,31.120529174804688
11573,15.419220924377441
11574,15.102978706359863
11575,48.171363830566406
11576,13.800661087036133
11577,106.1470718383789
11578,16.15260887145996
11579,16.593643188476562
11580,38.5541877746582
11581,34.40708541870117
11582,35.23508071899414
11583,25.521142959594727
11584,52.699851989746094
11585,39.70572280883789
11586,112.91968536376953
11587,25.564157485961914
11588,54.300941467285156
11589,29.27418327331543
11590,36.986026763916016
11591,41.18553924560547
11592,39.986968994140625
11593,31.943696975708008
11594,41.30372619628906
11595,16.15326499938965
11596,30.95392417907715
11597,50.452903747558594
11598,43.60252380371094
11599,32.37801742553711
11600,27.990100860595703
11601,27.56671142578125
11602,54.062625885009766
11603,27.884504318237305
11604,23.670841217041016
11605,23.08596420288086
11606,26.53818130493164
11607,26.293283462524414
11608,54.30709457397461
11609,44.516685485839844
11610,18.277570724487305
11611,15.68309211730957
11612,14.151861190795898
11613,53.060916900634766
11614,24.582996368408203
11615,33.66914367675781
11616,44.6600341796875
11617,29.943893432617188
11618,38.51414108276367
11619,33.36299133300781
11620,23.963829040527344
11621,83.46083068847656
11622,32.68446350097656
11623,24.651853561401367
11624,28.490833282470703
11625,41.02341842651367
11626,21.15777015686035
11627,34.166648864746094
11628,31.60895538330078
11629,27.038406372070312
11630,18.933408737182617
11631,24.053218841552734
11632,71.38997650146484
11633,36.50621795654297
11634,36.28899002075195
11635,32.565731048583984
11636,12.682700157165527
11637,34.156951904296875
11638,71.08707427978516
11639,53.20533752441406
11640,36.144866943359375
11641,53.138675689697266
11642,32.62676239013672
11643,43.684730529785156
11644,31.23678207397461
11645,46.86008071899414
11646,56.61627197265625
11647,29.77275848388672
11648,48.23680877685547
11649,71.81072998046875
11650,74.10252380371094
11651,28.28665542602539
11652,31.164382934570312
11653,20.417673110961914
11654,50.73539352416992
11655,24.171234130859375
11656,17.726106643676758
11657,46.41324234008789
11658,43.66084289550781
11659,58.202816009521484
11660,65.6269302368164
11661,61.40349197387695
11662,29.25209617614746
11663,40.55583572387695
11664,37.428558349609375
11665,21.85075569152832
11666,60.86743927001953
11667,36.735538482666016
11668,21.50339698791504
11669,66.2811508178711
11670,38.95619201660156
11671,18.837444305419922
11672,25.670814514160156
11673,24.517621994018555
11674,55.31201934814453
11675,35.603946685791016
11676,53.69047927856445
11677,39.33684539794922
11678,68.53672790527344
11679,25.685115814208984
11680,17.613819122314453
11681,27.81374168395996
11682,46.133731842041016
11683,36.45609664916992
11684,24.693065643310547
11685,41.723548889160156
11686,20.907085418701172
11687,23.452878952026367
11688,52.898128509521484
11689,43.84758758544922
11690,31.647157669067383
11691,15.775545120239258
11692,51.465843200683594
11693,21.0925350189209
11694,37.38102340698242
11695,31.136045455932617
11696,15.4200439453125
11697,15.092174530029297
11698,48.16618347167969
11699,13.784912109375
11700,106.1173095703125
11701,16.16124153137207
11702,16.609739303588867
11703,38.56489181518555
11704,34.443382263183594
11705,35.249366760253906
11706,25.492733001708984
11707,52.715511322021484
11708,39.69650650024414
11709,112.8483657836914
11710,25.570022583007812
11711,54.307769775390625
11712,29.24863052368164
11713,36.95085906982422
11714,41.1619987487793
11715,39.98194885253906
11716,31.92382049560547
11717,41.33635330200195
11718,16.148176193237305
11719,30.932891845703125
11720,50.47550582885742
11721,43.586097717285156
11722,32.37479019165039
11723,27.998971939086914
11724,27.565885543823242
11725,54.046417236328125
11726,27.880033493041992
11727,23.689130783081055
11728,23.110170364379883
11729,26.532869338989258
11730,26.283344268798828
11731,54.28015899658203
11732,44.51531982421875
11733,18.264551162719727
11734,15.677117347717285
11735,14.1375150680542
11736,53.030826568603516
11737,24.57061004638672
11738,33.67618942260742
11739,44.65394973754883
11740,29.99014663696289
11741,38.537078857421875
11742,33.36575698852539
11743,23.954923629760742
11744,83.46027374267578
11745,32.702186584472656
11746,24.663118362426758
11747,28.49745750427246
11748,41.01389694213867
11749,21.162765502929688
11750,34.16788864135742
11751,31.61188316345215
11752,27.026792526245117
11753,18.920665740966797
11754,24.04358673095703
11755,71.31964111328125
11756,36.513397216796875
11757,36.266517639160156
11758,32.5654182434082
11759,12.687942504882812
11760,34.13132858276367
11761,71.04944610595703
11762,53.164794921875
11763,36.1265869140625
11764,53.13718795776367
11765,32.662837982177734
11766,43.65306091308594
11767,31.233083724975586
11768,46.86189651489258
11769,56.61939239501953
11770,29.769207000732422
11771,48.21894836425781
11772,71.80257415771484
11773,74.07974243164062
11774,28.289791107177734
11775,31.157291412353516
11776,20.42537498474121
11777,50.709815979003906
11778,24.148147583007812
11779,17.723054885864258
11780,46.41071701049805
11781,43.6407585144043
11782,58.1899299621582
11783,65.59999084472656
11784,61.368648529052734
11785,29.2547607421875
11786,40.537574768066406
11787,37.430938720703125
11788,21.838167190551758
11789,60.82892608642578
11790,36.769893646240234
11791,21.508487701416016
11792,66.2857666015625
11793,38.98061752319336
11794,18.834943771362305
11795,25.68404197692871
11796,24.523895263671875
11797,55.327823638916016
11798,35.60019302368164
11799,53.64919662475586
11800,39.33873748779297
11801,68.49246215820312
11802,25.695995330810547
11803,17.623519897460938
11804,27.81981086730957
11805,46.1106071472168
11806,36.46556091308594
11807,24.724882125854492
11808,41.694305419921875
11809,20.903526306152344
11810,23.438289642333984
11811,52.887943267822266
11812,43.81451416015625
11813,31.680116653442383
11814,15.790943145751953
11815,51.4453239440918
11816,21.09192657470703
11817,37.38740539550781
11818,31.151151657104492
11819,15.420648574829102
11820,15.081624984741211
11821,48.16116714477539
11822,13.769747734069824
11823,106.08804321289062
11824,16.1695556640625
11825,16.625307083129883
11826,38.5755615234375
11827,34.478904724121094
11828,35.26346206665039
11829,25.465164184570312
11830,52.7309455871582
11831,39.687530517578125
11832,112.77838897705078
11833,25.57581329345703
11834,54.31465530395508
11835,29.223796844482422
11836,36.916099548339844
11837,41.13916015625
11838,39.977169036865234
11839,31.90447425842285
11840,41.368186950683594
11841,16.14333724975586
11842,30.912525177001953
11843,50.49799346923828
11844,43.57035446166992
11845,32.37165069580078
11846,28.007831573486328
11847,27.565217971801758
11848,54.03059387207031
11849,27.875669479370117
11850,23.707014083862305
11851,23.134069442749023
11852,26.52794075012207
11853,26.27355194091797
11854,54.25363540649414
11855,44.51384353637695
11856,18.25179672241211
11857,15.671462059020996
11858,14.1236572265625
11859,53.00105667114258
11860,24.55858039855957
11861,33.683250427246094
11862,44.64824676513672
11863,30.03572654724121
11864,38.559593200683594
11865,33.36865997314453
11866,23.946117401123047
11867,83.45982360839844
11868,32.71963119506836
11869,24.673858642578125
11870,28.503952026367188
11871,41.00464630126953
11872,21.16763687133789
11873,34.16916275024414
11874,31.614835739135742
11875,27.015735626220703
11876,18.908248901367188
11877,24.034374237060547
11878,71.25015258789062
11879,36.52054214477539
11880,36.24429702758789
11881,32.56521987915039
11882,12.693037033081055
11883,34.106353759765625
11884,71.01288604736328
11885,53.124996185302734
11886,36.108604431152344
11887,53.135868072509766
11888,32.698387145996094
11889,43.621742248535156
11890,31.229568481445312
11891,46.863704681396484
11892,56.622467041015625
11893,29.765979766845703
11894,48.20138168334961
11895,71.7943344116211
11896,74.0569839477539
11897,28.292898178100586
11898,31.150537490844727
11899,20.43328857421875
11900,50.68494415283203
11901,24.125431060791016
11902,17.720197677612305
11903,46.408668518066406
11904,43.621009826660156
11905,58.17754364013672
11906,65.57298278808594
11907,61.334442138671875
11908,29.25673484802246
11909,40.51919937133789
11910,37.433563232421875
11911,21.825889587402344
11912,60.79094696044922
11913,36.803794860839844
11914,21.514101028442383
11915,66.29063415527344
11916,39.004825592041016
11917,18.832735061645508
11918,25.697364807128906
11919,24.53006362915039
11920,55.34273147583008
11921,35.596885681152344
11922,53.608192443847656
11923,39.34069061279297
11924,68.44859313964844
11925,25.706687927246094
11926,17.633129119873047
11927,27.826013565063477
11928,46.087669372558594
11929,36.47526550292969
11930,24.756338119506836
11931,41.665435791015625
11932,20.900272369384766
11933,23.424236297607422
11934,52.878028869628906
11935,43.78166580200195
11936,31.712627410888672
11937,15.80645751953125
11938,51.42504119873047
11939,21.091459274291992
11940,37.39373779296875
11941,31.16625213623047
11942,15.421606063842773
11943,15.071573257446289
11944,48.156307220458984
11945,13.754827499389648
11946,106.0593032836914
11947,16.178089141845703
11948,16.640836715698242
11949,38.586334228515625
11950,34.51393127441406
11951,35.277469635009766
11952,25.4381046295166
11953,52.74639129638672
11954,39.67876052856445
11955,112.70948028564453
11956,25.581533432006836
11957,54.32154083251953
11958,29.199708938598633
11959,36.881893157958984
11960,41.1169319152832
11961,39.97254180908203
11962,31.88584327697754
11963,41.39960861206055
11964,16.138607025146484
11965,30.892431259155273
11966,50.52020263671875
11967,43.555328369140625
11968,32.36872482299805
11969,28.016691207885742
11970,27.564855575561523
11971,54.015140533447266
11972,27.871496200561523
11973,23.724903106689453
11974,23.157791137695312
11975,26.523208618164062
11976,26.26410675048828
11977,54.227272033691406
11978,44.512351989746094
11979,18.23945426940918
11980,15.666157722473145
11981,14.11020565032959
11982,52.971717834472656
11983,24.546926498413086
11984,33.69001770019531
11985,44.642791748046875
11986,30.080730438232422
11987,38.58205032348633
11988,33.37153625488281
11989,23.93776512145996
11990,83.45887756347656
11991,32.73671340942383
11992,24.684799194335938
11993,28.510387420654297
11994,40.99565124511719
11995,21.172441482543945
11996,34.17057800292969
11997,31.618013381958008
11998,27.004772186279297
11999,18.895963668823242
12000,24.025117874145508
12001,71.1825180053711
12002,36.52743911743164
12003,36.22258758544922
12004,32.56504821777344
12005,12.69771671295166
12006,34.08158493041992
12007,70.97714233398438
12008,53.085880279541016
12009,36.090919494628906
12010,53.134681701660156
12011,32.733741760253906
12012,43.59131622314453
12013,31.226415634155273
12014,46.86555099487305
12015,56.62580108642578
12016,29.762784957885742
12017,48.18402862548828
12018,71.78644561767578
12019,74.03472137451172
12020,28.295862197875977
12021,31.144105911254883
12022,20.44098472595215
12023,50.660526275634766
12024,24.10308265686035
12025,17.717586517333984
12026,46.40646743774414
12027,43.60160446166992
12028,58.16557693481445
12029,65.54666137695312
12030,61.30088424682617
12031,29.2593936920166
12032,40.50120544433594
12033,37.436275482177734
12034,21.81365966796875
12035,60.753807067871094
12036,36.83742904663086
12037,21.519424438476562
12038,66.29594421386719
12039,39.02871322631836
12040,18.830522537231445
12041,25.710542678833008
12042,24.536212921142578
12043,55.35810470581055
12044,35.59335708618164
12045,53.56805419921875
12046,39.3427734375
12047,68.40518951416016
12048,25.717477798461914
12049,17.64281463623047
12050,27.831960678100586
12051,46.065269470214844
12052,36.48503112792969
12053,24.78729248046875
12054,41.63728332519531
12055,20.897098541259766
12056,23.41072654724121
12057,52.868282318115234
12058,43.74946212768555
12059,31.74432373046875
12060,15.821707725524902
12061,51.40519332885742
12062,21.09101676940918
12063,37.39999008178711
12064,31.181089401245117
12065,15.4225492477417
12066,15.061881065368652
12067,48.15134048461914
12068,13.740593910217285
12069,106.03077697753906
12070,16.186473846435547
12071,16.656187057495117
12072,38.59718704223633
12073,34.54853820800781
12074,35.2913818359375
12075,25.41183090209961
12076,52.761741638183594
12077,39.670196533203125
12078,112.64142608642578
12079,25.587385177612305
12080,54.32833480834961
12081,29.17631721496582
12082,36.848323822021484
12083,41.095123291015625
12084,39.967952728271484
12085,31.86785125732422
12086,41.43052673339844
12087,16.134233474731445
12088,30.87285614013672
12089,50.54212951660156
12090,43.540958404541016
12091,32.36589813232422
12092,28.025604248046875
12093,27.56464385986328
12094,54.000038146972656
12095,27.867416381835938
12096,23.742475509643555
12097,23.18117332458496
12098,26.518360137939453
12099,26.255016326904297
12100,54.20109176635742
12101,44.51089859008789
12102,18.22750473022461
12103,15.660887718200684
12104,14.097166061401367
12105,52.94322967529297
12106,24.53577995300293
12107,33.69693374633789
12108,44.637332916259766
12109,30.12489128112793
12110,38.60437774658203
12111,33.37452697753906
12112,23.929452896118164
12113,83.4584732055664
12114,32.753501892089844
12115,24.695648193359375
12116,28.5166072845459
12117,40.986976623535156
12118,21.17716407775879
12119,34.171875
12120,31.62132453918457
12121,26.994178771972656
12122,18.883953094482422
12123,24.016103744506836
12124,71.11699676513672
12125,36.53422927856445
12126,36.20164489746094
12127,32.5650634765625
12128,12.702298164367676
12129,34.057437896728516
12130,70.94255065917969
12131,53.04787826538086
12132,36.0737419128418
12133,53.133731842041016
12134,32.76860809326172
12135,43.56184768676758
12136,31.22349739074707
12137,46.867183685302734
12138,56.62943649291992
12139,29.75983238220215
12140,48.16718673706055
12141,71.77886199951172
12142,74.01319122314453
12143,28.29895782470703
12144,31.137657165527344
12145,20.448453903198242
12146,50.63677978515625
12147,24.08125114440918
12148,17.715049743652344
12149,46.40443420410156
12150,43.58279037475586
12151,58.154354095458984
12152,65.5208740234375
12153,61.26823806762695
12154,29.262088775634766
12155,40.48385238647461
12156,37.43899917602539
12157,21.80192756652832
12158,60.71760940551758
12159,36.8707160949707
12160,21.52486228942871
12161,66.30113983154297
12162,39.05204391479492
12163,18.828798294067383
12164,25.723621368408203
12165,24.542531967163086
12166,55.37419128417969
12167,35.59019470214844
12168,53.528419494628906
12169,39.34499740600586
12170,68.36233520507812
12171,25.727806091308594
12172,17.652414321899414
12173,27.83793830871582
12174,46.04325866699219
12175,36.49469757080078
12176,24.81763458251953
12177,41.60947799682617
12178,20.894269943237305
12179,23.39794158935547
12180,52.85894775390625
12181,43.71775817871094
12182,31.7753849029541
12183,15.836828231811523
12184,51.38584518432617
12185,21.090829849243164
12186,37.40609359741211
12187,31.19582748413086
12188,15.423731803894043
12189,15.052678108215332
12190,48.146663665771484
12191,13.726714134216309
12192,106.00287628173828
12193,16.19514274597168
12194,16.671289443969727
12195,38.60795593261719
12196,34.58282470703125
12197,35.3052978515625
12198,25.386367797851562
12199,52.77674102783203
12200,39.66173553466797
12201,112.5743179321289
12202,25.593061447143555
12203,54.33509826660156
12204,29.15381622314453
12205,36.81534957885742
12206,41.07394790649414
12207,39.96365737915039
12208,31.850543975830078
12209,41.460689544677734
12210,16.13018798828125
12211,30.853498458862305
12212,50.56379318237305
12213,43.52706527709961
12214,32.36322021484375
12215,28.034482955932617
12216,27.564760208129883
12217,53.98548889160156
12218,27.86360740661621
12219,23.759981155395508
12220,23.204374313354492
12221,26.514041900634766
12222,26.2462215423584
12223,54.17545700073242
12224,44.50954055786133
12225,18.21590232849121
12226,15.65604019165039
12227,14.084240913391113
12228,52.91496276855469
12229,24.524951934814453
12230,33.70375061035156
12231,44.63216018676758
12232,30.168460845947266
12233,38.62638473510742
12234,33.3776741027832
12235,23.921377182006836
12236,83.45807647705078
12237,32.7697868347168
12238,24.706480026245117
12239,28.522825241088867
12240,40.97848129272461
12241,21.18185043334961
12242,34.173248291015625
12243,31.62489128112793
12244,26.98383903503418
12245,18.871912002563477
12246,24.007293701171875
12247,71.05328369140625
12248,36.54070281982422
12249,36.18096160888672
12250,32.5649528503418
12251,12.706818580627441
12252,34.03370666503906
12253,70.90924072265625
12254,53.011009216308594
12255,36.0570068359375
12256,53.13301086425781
12257,32.80280303955078
12258,43.5334587097168
12259,31.220792770385742
12260,46.86923599243164
12261,56.633148193359375
12262,29.756872177124023
12263,48.15093994140625
12264,71.7719955444336
12265,73.99238586425781
12266,28.30229377746582
12267,31.131193161010742
12268,20.45582389831543
12269,50.6136474609375
12270,24.060041427612305
12271,17.712793350219727
12272,46.402103424072266
12273,43.56455612182617
12274,58.1435661315918
12275,65.49571228027344
12276,61.23652267456055
12277,29.26575469970703
12278,40.46751022338867
12279,37.44145584106445
12280,21.790550231933594
12281,60.68239212036133
12282,36.90352249145508
12283,21.530118942260742
12284,66.30677032470703
12285,39.07499694824219
12286,18.82685661315918
12287,25.73627281188965
12288,24.548744201660156
12289,55.39112854003906
12290,35.587039947509766
12291,53.489742279052734
12292,39.34718322753906
12293,68.32086944580078
12294,25.73823356628418
12295,17.662015914916992
12296,27.843860626220703
12297,46.02194595336914
12298,36.50446701049805
12299,24.847415924072266
12300,41.58261489868164
12301,20.891420364379883
12302,23.38555908203125
12303,52.850013732910156
12304,43.68677520751953
12305,31.805885314941406
12306,15.851875305175781
12307,51.367103576660156
12308,21.090543746948242
12309,37.412166595458984
12310,31.210315704345703
12311,15.424905776977539
12312,15.043646812438965
12313,48.14213180541992
12314,13.713401794433594
12315,105.97539520263672
12316,16.203603744506836
12317,16.686067581176758
12318,38.61854934692383
12319,34.61671829223633
12320,35.31867218017578
12321,25.361488342285156
12322,52.791534423828125
12323,39.6536865234375
12324,112.5088119506836
12325,25.598793029785156
12326,54.3419189453125
12327,29.131624221801758
12328,36.78313064575195
12329,41.053306579589844
12330,39.959434509277344
12331,31.83344841003418
12332,41.49060821533203
12333,16.125883102416992
12334,30.834796905517578
12335,50.5853271484375
12336,43.51375961303711
12337,32.360774993896484
12338,28.04338264465332
12339,27.564577102661133
12340,53.97103500366211
12341,27.859914779663086
12342,23.777212142944336
12343,23.22722816467285
12344,26.509864807128906
12345,26.237489700317383
12346,54.14988327026367
12347,44.50782775878906
12348,18.2044734954834
12349,15.651437759399414
12350,14.07217025756836
12351,52.887229919433594
12352,24.514163970947266
12353,33.710609436035156
12354,44.62749099731445
12355,30.211299896240234
12356,38.64805221557617
12357,33.38078689575195
12358,23.913389205932617
12359,83.45758819580078
12360,32.78532409667969
12361,24.717378616333008
12362,28.528940200805664
12363,40.970035552978516
12364,21.186389923095703
12365,34.17481994628906
12366,31.62825584411621
12367,26.973779678344727
12368,18.860334396362305
12369,23.99867820739746
12370,70.99165344238281
12371,36.547096252441406
12372,36.16130828857422
12373,32.565006256103516
12374,12.7111177444458
12375,34.010494232177734
12376,70.87659454345703
12377,52.97490692138672
12378,36.04069137573242
12379,53.13249588012695
12380,32.83636474609375
12381,43.50572204589844
12382,31.218311309814453
12383,46.87114715576172
12384,56.636993408203125
12385,29.75411605834961
12386,48.134849548339844
12387,71.76537322998047
12388,73.9723129272461
12389,28.30560874938965
12390,31.12501335144043
12391,20.46305274963379
12392,50.5910758972168
12393,24.039377212524414
12394,17.71059799194336
12395,46.40025329589844
12396,43.54682922363281
12397,58.13335418701172
12398,65.47106170654297
12399,61.205543518066406
12400,29.268901824951172
12401,40.451255798339844
12402,37.444007873535156
12403,21.779312133789062
12404,60.64813995361328
12405,36.935829162597656
12406,21.535221099853516
12407,66.31248474121094
12408,39.09783935546875
12409,18.82523536682129
12410,25.74901008605957
12411,24.55487632751465
12412,55.407615661621094
12413,35.58408737182617
12414,53.45191955566406
12415,39.34938049316406
12416,68.28028106689453
12417,25.74856185913086
12418,17.671281814575195
12419,27.849506378173828
12420,46.000938415527344
12421,36.51430892944336
12422,24.876728057861328
12423,41.556243896484375
12424,20.88875961303711
12425,23.37335777282715
12426,52.84130859375
12427,43.65644454956055
12428,31.83582305908203
12429,15.86657428741455
12430,51.34877395629883
12431,21.09027671813965
12432,37.41814422607422
12433,31.22453498840332
12434,15.425919532775879
12435,15.034663200378418
12436,48.1377067565918
12437,13.700580596923828
12438,105.9483871459961
12439,16.212026596069336
12440,16.700679779052734
12441,38.62919235229492
12442,34.65003967285156
12443,35.33207321166992
12444,25.33750343322754
12445,52.80633544921875
12446,39.64553451538086
12447,112.44490051269531
12448,25.60453224182129
12449,54.34898376464844
12450,29.10993766784668
12451,36.75167465209961
12452,41.03291320800781
12453,39.955345153808594
12454,31.816823959350586
12455,41.51976013183594
12456,16.12195587158203
12457,30.8165340423584
12458,50.60685729980469
12459,43.50090408325195
12460,32.35853576660156
12461,28.052152633666992
12462,27.564516067504883
12463,53.95704650878906
12464,27.85654640197754
12465,23.79427146911621
12466,23.249784469604492
12467,26.506155014038086
12468,26.228731155395508
12469,54.12467575073242
12470,44.50567626953125
12471,18.193376541137695
12472,15.646683692932129
12473,14.060711860656738
12474,52.86064529418945
12475,24.503164291381836
12476,33.71723175048828
12477,44.623130798339844
12478,30.253204345703125
12479,38.66923522949219
12480,33.3838996887207
12481,23.905595779418945
12482,83.45658874511719
12483,32.79997253417969
12484,24.728452682495117
12485,28.53495979309082
12486,40.96183776855469
12487,21.190813064575195
12488,34.1763801574707
12489,31.6315975189209
12490,26.963815689086914
12491,18.84891128540039
12492,23.99025535583496
12493,70.9323959350586
12494,36.55322265625
12495,36.14228057861328
12496,32.564945220947266
12497,12.715089797973633
12498,33.98789596557617
12499,70.84477996826172
12500,52.939849853515625
12501,36.02484130859375
12502,53.132286071777344
12503,32.869773864746094
12504,43.47882843017578
12505,31.2161922454834
12506,46.873287200927734
12507,56.640995025634766
12508,29.751495361328125
12509,48.11948013305664
12510,71.75921630859375
12511,73.9532241821289
12512,28.30901527404785
12513,31.118728637695312
12514,20.470226287841797
12515,50.56888961791992
12516,24.019296646118164
12517,17.708383560180664
12518,46.39845657348633
12519,43.52974319458008
12520,58.12350082397461
12521,65.44731140136719
12522,61.17566680908203
12523,29.2720947265625
12524,40.43565368652344
12525,37.44660568237305
12526,21.768390655517578
12527,60.614837646484375
12528,36.967613220214844
12529,21.540281295776367
12530,66.31806945800781
12531,39.12026596069336
12532,18.823450088500977
12533,25.761659622192383
12534,24.561161041259766
12535,55.42454528808594
12536,35.58134460449219
12537,53.41544723510742
12538,39.3516731262207
12539,68.24087524414062
12540,25.758630752563477
12541,17.680591583251953
12542,27.855247497558594
12543,45.980831146240234
12544,36.52399826049805
12545,24.90553855895996
12546,41.53059387207031
12547,20.886280059814453
12548,23.36142349243164
12549,52.83298110961914
12550,43.626895904541016
12551,31.865055084228516
12552,15.881122589111328
12553,51.330806732177734
12554,21.09006690979004
12555,37.42391586303711
12556,31.238569259643555
12557,15.426475524902344
12558,15.025777816772461
12559,48.13361358642578
12560,13.688265800476074
12561,105.922119140625
12562,16.220203399658203
12563,16.714664459228516
12564,38.639564514160156
12565,34.682613372802734
12566,35.345062255859375
12567,25.314090728759766
12568,52.82083511352539
12569,39.637718200683594
12570,112.38286590576172
12571,25.610124588012695
12572,54.35579299926758
12573,29.08837890625
12574,36.7210807800293
12575,41.01300811767578
12576,39.951560974121094
12577,31.8005428314209
12578,41.54848861694336
12579,16.11789894104004
12580,30.79862403869629
12581,50.62813186645508
12582,43.488155364990234
12583,32.356353759765625
12584,28.060909271240234
12585,27.56450653076172
12586,53.9433708190918
12587,27.853370666503906
12588,23.811182022094727
12589,23.271886825561523
12590,26.50235366821289
12591,26.219959259033203
12592,54.10005187988281
12593,44.50379180908203
12594,18.18248748779297
12595,15.642292976379395
12596,14.049564361572266
12597,52.8345947265625
12598,24.4923038482666
12599,33.72404098510742
12600,44.61909866333008
12601,30.2944278717041
12602,38.69017791748047
12603,33.38712692260742
12604,23.89791488647461
12605,83.45586395263672
12606,32.814552307128906
12607,24.739479064941406
12608,28.540864944458008
12609,40.953773498535156
12610,21.195337295532227
12611,34.17829513549805
12612,31.634899139404297
12613,26.95414924621582
12614,18.83766746520996
12615,23.98199462890625
12616,70.875
12617,36.559326171875
12618,36.12371826171875
12619,32.5649528503418
12620,12.718873023986816
12621,33.965938568115234
12622,70.81397247314453
12623,52.905643463134766
12624,36.00959014892578
12625,53.1322135925293
12626,32.902408599853516
12627,43.452613830566406
12628,31.214385986328125
12629,46.875328063964844
12630,56.64508819580078
12631,29.748998641967773
12632,48.10439682006836
12633,71.75362396240234
12634,73.93468475341797
12635,28.312393188476562
12636,31.112632751464844
12637,20.47713279724121
12638,50.54728698730469
12639,23.999725341796875
12640,17.70612907409668
12641,46.39697265625
12642,43.51326370239258
12643,58.11388397216797
12644,65.42405700683594
12645,61.14668273925781
12646,29.275251388549805
12647,40.420494079589844
12648,37.44924545288086
12649,21.757793426513672
12650,60.58235549926758
12651,36.998836517333984
12652,21.545284271240234
12653,66.32369232177734
12654,39.14241409301758
12655,18.82194709777832
12656,25.773740768432617
12657,24.567142486572266
12658,55.44160842895508
12659,35.57863235473633
12660,53.37981414794922
12661,39.35388946533203
12662,68.20233917236328
12663,25.768468856811523
12664,17.689565658569336
12665,27.860706329345703
12666,45.96101760864258
12667,36.53388977050781
12668,24.93365478515625
12669,41.50559616088867
12670,20.883819580078125
12671,23.349746704101562
12672,52.82485580444336
12673,43.59805679321289
12674,31.89374351501465
12675,15.895349502563477
12676,51.31325149536133
12677,21.08991050720215
12678,37.42945098876953
12679,31.252275466918945
12680,15.42717456817627
12681,15.017178535461426
12682,48.129661560058594
12683,13.676523208618164
12684,105.89656829833984
12685,16.22834587097168
12686,16.728229522705078
12687,38.650062561035156
12688,34.714820861816406
12689,35.358154296875
12690,25.291349411010742
12691,52.835411071777344
12692,39.62999725341797
12693,112.32238006591797
12694,25.61565399169922
12695,54.36287307739258
12696,29.06730842590332
12697,36.691062927246094
12698,40.99378204345703
12699,39.94792938232422
12700,31.78472137451172
12701,41.57666015625
12702,16.114057540893555
12703,30.781152725219727
12704,50.64911651611328
12705,43.47592544555664
12706,32.354339599609375
12707,28.069608688354492
12708,27.56464385986328
12709,53.93029022216797
12710,27.850271224975586
12711,23.827699661254883
12712,23.293643951416016
12713,26.498916625976562
12714,26.2115421295166
12715,54.07619857788086
12716,44.50199890136719
12717,18.17169952392578
12718,15.638068199157715
12719,14.038871765136719
12720,52.808982849121094
12721,24.481712341308594
12722,33.730743408203125
12723,44.61503219604492
12724,30.335046768188477
12725,38.71076583862305
12726,33.39047622680664
12727,23.890512466430664
12728,83.4553451538086
12729,32.82889938354492
12730,24.750411987304688
12731,28.5469913482666
12732,40.94600296020508
12733,21.199905395507812
12734,34.18008041381836
12735,31.638288497924805
12736,26.944805145263672
12737,18.8265438079834
12738,23.974008560180664
12739,70.8189697265625
12740,36.56526184082031
12741,36.10530471801758
12742,32.5649528503418
12743,12.722362518310547
12744,33.944435119628906
12745,70.78411102294922
12746,52.87239074707031
12747,35.99467849731445
12748,53.13227844238281
12749,32.93416213989258
12750,43.427215576171875
12751,31.212589263916016
12752,46.877593994140625
12753,56.6494026184082
12754,29.746614456176758
12755,48.0897331237793
12756,71.74837493896484
12757,73.91699981689453
12758,28.315895080566406
12759,31.10660171508789
12760,20.48403549194336
12761,50.526268005371094
12762,23.980695724487305
12763,17.70421600341797
12764,46.39554214477539
12765,43.49714660644531
12766,58.1047248840332
12767,65.40143585205078
12768,61.11848449707031
12769,29.278675079345703
12770,40.405738830566406
12771,37.45183181762695
12772,21.74750518798828
12773,60.55084991455078
12774,37.02955627441406
12775,21.55023956298828
12776,66.32967376708984
12777,39.16440200805664
12778,18.82026481628418
12779,25.785743713378906
12780,24.573200225830078
12781,55.458683013916016
12782,35.57621765136719
12783,53.345237731933594
12784,39.356197357177734
12785,68.16507720947266
12786,25.778236389160156
12787,17.698488235473633
12788,27.865968704223633
12789,45.94182586669922
12790,36.54349136352539
12791,24.96129608154297
12792,41.481361389160156
12793,20.881492614746094
12794,23.338464736938477
12795,52.817073822021484
12796,43.570011138916016
12797,31.921905517578125
12798,15.909369468688965
12799,51.29623031616211
12800,21.08981704711914
12801,37.43506622314453
12802,31.266023635864258
12803,15.42772102355957
12804,15.008477210998535
12805,48.12592697143555
12806,13.66504192352295
12807,105.87139892578125
12808,16.23622703552246
12809,16.741554260253906
12810,38.6602783203125
12811,34.746498107910156
12812,35.370784759521484
12813,25.269275665283203
12814,52.84979248046875
12815,39.6224250793457
12816,112.26353454589844
12817,25.621234893798828
12818,54.369842529296875
12819,29.046527862548828
12820,36.66184616088867
12821,40.97472381591797
12822,39.94456100463867
12823,31.769039154052734
12824,41.604248046875
12825,16.110057830810547
12826,30.764118194580078
12827,50.67009353637695
12828,43.4638671875
12829,32.35258483886719
12830,28.078365325927734
12831,27.56463050842285
12832,53.9173583984375
12833,27.8475399017334
12834,23.844165802001953
12835,23.315244674682617
12836,26.495725631713867
12837,26.20317268371582
12838,54.05281448364258
12839,44.50008010864258
12840,18.16119384765625
12841,15.634105682373047
12842,14.02853012084961
12843,52.78434371948242
12844,24.47115135192871
12845,33.73746109008789
12846,44.61146545410156
12847,30.374948501586914
12848,38.730712890625
12849,33.39387512207031
12850,23.883386611938477
12851,83.45446014404297
12852,32.8425178527832
12853,24.761442184448242
12854,28.552900314331055
12855,40.938331604003906
12856,21.20401382446289
12857,34.182254791259766
12858,31.641489028930664
12859,26.935649871826172
12860,18.81584930419922
12861,23.96626853942871
12862,70.76470947265625
12863,36.5711784362793
12864,36.08726119995117
12865,32.564971923828125
12866,12.725618362426758
12867,33.923397064208984
12868,70.75518035888672
12869,52.840179443359375
12870,35.980464935302734
12871,53.132572174072266
12872,32.965309143066406
12873,43.40229034423828
12874,31.2110538482666
12875,46.87995910644531
12876,56.6539421081543
12877,29.744333267211914
12878,48.075523376464844
12879,71.74383544921875
12880,73.90036010742188
12881,28.319547653198242
12882,31.100648880004883
12883,20.491003036499023
12884,50.50563049316406
12885,23.962244033813477
12886,17.702146530151367
12887,46.39422607421875
12888,43.48167037963867
12889,58.096012115478516
12890,65.3795394897461
12891,61.091365814208984
12892,29.281604766845703
12893,40.3913459777832
12894,37.45455551147461
12895,21.737239837646484
12896,60.52055740356445
12897,37.05961608886719
12898,21.554975509643555
12899,66.33564758300781
12900,39.18614959716797
12901,18.818565368652344
12902,25.797658920288086
12903,24.5791015625
12904,55.475799560546875
12905,35.573822021484375
12906,53.311893463134766
12907,39.3583869934082
12908,68.12918090820312
12909,25.78782081604004
12910,17.707242965698242
12911,27.871152877807617
12912,45.92327880859375
12913,36.553104400634766
12914,24.98838233947754
12915,41.45771026611328
12916,20.879281997680664
12917,23.326976776123047
12918,52.80949401855469
12919,43.542579650878906
12920,31.949548721313477
12921,15.923247337341309
12922,51.279720306396484
12923,21.089799880981445
12924,37.44042205810547
12925,31.27913475036621
12926,15.427882194519043
12927,14.999785423278809
12928,48.122379302978516
12929,13.654086112976074
12930,105.84709167480469
12931,16.2440242767334
12932,16.75439453125
12933,38.670433044433594
12934,34.77754592895508
12935,35.38337707519531
12936,25.248119354248047
12937,52.86410903930664
12938,39.61503219604492
12939,112.2061996459961
12940,25.626502990722656
12941,54.37699890136719
12942,29.02584457397461
12943,36.633460998535156
12944,40.95644760131836
12945,39.941226959228516
12946,31.753576278686523
12947,41.63146209716797
12948,16.10622215270996
12949,30.747432708740234
12950,50.69095230102539
12951,43.452152252197266
12952,32.35093307495117
12953,28.087080001831055
12954,27.56496238708496
12955,53.90507888793945
12956,27.845050811767578
12957,23.860191345214844
12958,23.336393356323242
12959,26.492568969726562
12960,26.194887161254883
12961,54.03008270263672
12962,44.49814224243164
12963,18.15089225769043
12964,15.630318641662598
12965,14.018540382385254
12966,52.7602424621582
12967,24.460384368896484
12968,33.744136810302734
12969,44.60816955566406
12970,30.414108276367188
12971,38.750431060791016
12972,33.397464752197266
12973,23.876279830932617
12974,83.45399475097656
12975,32.85568618774414
12976,24.772354125976562
12977,28.55889129638672
12978,40.93077087402344
12979,21.208406448364258
12980,34.18455505371094
12981,31.644744873046875
12982,26.926727294921875
12983,18.805288314819336
12984,23.95884132385254
12985,70.71224212646484
12986,36.5770378112793
12987,36.06976318359375
12988,32.56504440307617
12989,12.728885650634766
12990,33.90274429321289
12991,70.72724914550781
12992,52.808956146240234
12993,35.966880798339844
12994,53.13311767578125
12995,32.99552917480469
12996,43.37804412841797
12997,31.20949363708496
12998,46.88248825073242
12999,56.65870666503906
13000,29.742067337036133
13001,48.06170654296875
13002,71.73960876464844
13003,73.88453674316406
13004,28.323087692260742
13005,31.094755172729492
13006,20.49788475036621
13007,50.48556900024414
13008,23.94422721862793
13009,17.700265884399414
13010,46.39317321777344
13011,43.46674728393555
13012,58.08769989013672
13013,65.35823059082031
13014,61.06498336791992
13015,29.28459358215332
13016,40.377559661865234
13017,37.457279205322266
13018,21.72733497619629
13019,60.4910888671875
13020,37.0889892578125
13021,21.559709548950195
13022,66.34149169921875
13023,39.20774459838867
13024,18.816987991333008
13025,25.809457778930664
13026,24.585111618041992
13027,55.49312973022461
13028,35.571529388427734
13029,53.279598236083984
13030,39.360599517822266
13031,68.09436798095703
13032,25.79734992980957
13033,17.715789794921875
13034,27.876256942749023
13035,45.90507507324219
13036,36.56262969970703
13037,25.01498031616211
13038,41.43471908569336
13039,20.877275466918945
13040,23.315738677978516
13041,52.80223083496094
13042,43.51591491699219
13043,31.976587295532227
13044,15.936891555786133
13045,51.26347351074219
13046,21.08962631225586
13047,37.445472717285156
13048,31.29222297668457
13049,15.428075790405273
13050,14.991066932678223
13051,48.11906814575195
13052,13.643449783325195
13053,105.82356262207031
13054,16.25152587890625
13055,16.76683807373047
13056,38.68035888671875
13057,34.80809783935547
13058,35.395870208740234
13059,25.227676391601562
13060,52.877967834472656
13061,39.6077880859375
13062,112.15020751953125
13063,25.631860733032227
13064,54.384254455566406
13065,29.00587272644043
13066,36.605506896972656
13067,40.93876647949219
13068,39.93824768066406
13069,31.738353729248047
13070,41.6579475402832
13071,16.102336883544922
13072,30.7310791015625
13073,50.711517333984375
13074,43.44058609008789
13075,32.34957504272461
13076,28.09581184387207
13077,27.56514549255371
13078,53.89377212524414
13079,27.842390060424805
13080,23.875661849975586
13081,23.357500076293945
13082,26.489208221435547
13083,26.18825912475586
13084,54.01093673706055
13085,44.49896240234375
13086,18.140287399291992
13087,15.627135276794434
13088,14.007466316223145
13089,52.73714065551758
13090,24.450624465942383
13091,33.751129150390625
13092,44.60389709472656
13093,30.452543258666992
13094,38.77052688598633
13095,33.401824951171875
13096,23.870033264160156
13097,83.45917510986328
13098,32.87281799316406
13099,24.78163719177246
13100,28.564550399780273
13101,40.923545837402344
13102,21.213457107543945
13103,34.18738555908203
13104,31.647857666015625
13105,26.91788673400879
13106,18.794252395629883
13107,23.951452255249023
13108,70.65839385986328
13109,36.583282470703125
13110,36.05048751831055
13111,32.56531524658203
13112,12.732026100158691
13113,33.88257598876953
13114,70.70013427734375
13115,52.77803039550781
13116,35.95453643798828
13117,53.1336555480957
13118,33.02481460571289
13119,43.353633880615234
13120,31.208282470703125
13121,46.884735107421875
13122,56.6630859375
13123,29.740520477294922
13124,48.047664642333984
13125,71.73511505126953
13126,73.8680648803711
13127,28.326507568359375
13128,31.089704513549805
13129,20.50502586364746
13130,50.46550750732422
13131,23.9271297454834
13132,17.698078155517578
13133,46.39285659790039
13134,43.45191192626953
13135,58.07952880859375
13136,65.33716583251953
13137,61.038822174072266
13138,29.28642463684082
13139,40.36326599121094
13140,37.46030044555664
13141,21.717966079711914
13142,60.46141052246094
13143,37.117862701416016
13144,21.565126419067383
13145,66.3466796875
13146,39.22903823852539
13147,18.81597328186035
13148,25.82190704345703
13149,24.590682983398438
13150,55.50840377807617
13151,35.569576263427734
13152,53.2475700378418
13153,39.36296463012695
13154,68.05876159667969
13155,25.80608367919922
13156,17.724105834960938
13157,27.88109588623047
13158,45.88734817504883
13159,36.57233428955078
13160,25.041168212890625
13161,41.412113189697266
13162,20.87542724609375
13163,23.304996490478516
13164,52.79473876953125
13165,43.48960494995117
13166,32.003089904785156
13167,15.950346946716309
13168,51.247276306152344
13169,21.089603424072266
13170,37.449974060058594
13171,31.305068969726562
13172,15.42763900756836
13173,14.982419967651367
13174,48.1156120300293
13175,13.633516311645508
13176,105.80097198486328
13177,16.258872985839844
13178,16.778705596923828
13179,38.690582275390625
13180,34.837677001953125
13181,35.40849685668945
13182,25.208162307739258
13183,52.891990661621094
13184,39.600135803222656
13185,112.09516906738281
13186,25.636999130249023
13187,54.39166259765625
13188,28.985939025878906
13189,36.57786178588867
13190,40.92168045043945
13191,39.935489654541016
13192,31.72348976135254
13193,41.68381118774414
13194,16.09842300415039
13195,30.7152042388916
13196,50.731895446777344
13197,43.42927551269531
13198,32.34818649291992
13199,28.104286193847656
13200,27.565717697143555
13201,53.88326644897461
13202,27.83955955505371
13203,23.89064598083496
13204,23.378475189208984
13205,26.485620498657227
13206,26.182628631591797
13207,53.994178771972656
13208,44.501380920410156
13209,18.129566192626953
13210,15.6248140335083
13211,13.995986938476562
13212,52.714263916015625
13213,24.441373825073242
13214,33.75830841064453
13215,44.599212646484375
13216,30.490203857421875
13217,38.79068374633789
13218,33.40693664550781
13219,23.864269256591797
13220,83.46781158447266
13221,32.89265441894531
13222,24.789825439453125
13223,28.569595336914062
13224,40.91655731201172
13225,21.218963623046875
13226,34.190860748291016
13227,31.651033401489258
13228,26.90916633605957
13229,18.78252410888672
13230,23.94388198852539
13231,70.6043472290039
13232,36.58931350708008
13233,36.030052185058594
13234,32.565765380859375
13235,12.734933853149414
13236,33.86259460449219
13237,70.67400360107422
13238,52.7476806640625
13239,35.94346237182617
13240,53.134220123291016
13241,33.05298614501953
13242,43.32876968383789
13243,31.207345962524414
13244,46.886680603027344
13245,56.6676139831543
13246,29.739612579345703
13247,48.03382873535156
13248,71.73056030273438
13249,73.85164642333984
13250,28.32999038696289
13251,31.084922790527344
13252,20.512447357177734
13253,50.445587158203125
13254,23.910717010498047
13255,17.69571876525879
13256,46.39271545410156
13257,43.43736267089844
13258,58.07156753540039
13259,65.31668090820312
13260,61.01295852661133
13261,29.287517547607422
13262,40.34888458251953
13263,37.46332550048828
13264,21.70903968811035
13265,60.43184280395508
13266,37.14607620239258
13267,21.570775985717773
13268,66.35173797607422
13269,39.25039291381836
13270,18.8153133392334
13271,25.834762573242188
13272,24.5960750579834
13273,55.52186584472656
13274,35.56820297241211
13275,53.21625518798828
13276,39.36567306518555
13277,68.02165985107422
13278,25.813703536987305
13279,17.732074737548828
13280,27.88566780090332
13281,45.870182037353516
13282,36.582462310791016
13283,25.066612243652344
13284,41.3898811340332
13285,20.873538970947266
13286,23.29576873779297
13287,52.78750228881836
13288,43.463897705078125
13289,32.028221130371094
13290,15.963279724121094
13291,51.230960845947266
13292,21.089412689208984
13293,37.453704833984375
13294,31.317750930786133
13295,15.426373481750488
13296,14.97359561920166
13297,48.11192321777344
13298,13.62439250946045
13299,105.7786865234375
13300,16.265634536743164
13301,16.789472579956055
13302,38.70114517211914
13303,34.86643981933594
13304,35.42130661010742
13305,25.18974494934082
13306,52.905460357666016
13307,39.5919189453125
13308,112.04048156738281
13309,25.64183235168457
13310,54.39972686767578
13311,28.96599769592285
13312,36.550140380859375
13313,40.905330657958984
13314,39.93330383300781
13315,31.708251953125
13316,41.70909881591797
13317,16.094287872314453
13318,30.699352264404297
13319,50.752079010009766
13320,43.417903900146484
13321,32.34720230102539
13322,28.112674713134766
13323,27.566944122314453
13324,53.87351608276367
13325,27.836833953857422
13326,23.905498504638672
13327,23.399309158325195
13328,26.48243522644043
13329,26.176881790161133
13330,53.977638244628906
13331,44.503726959228516
13332,18.118886947631836
13333,15.623001098632812
13334,13.985406875610352
13335,52.69192123413086
13336,24.431623458862305
13337,33.76546859741211
13338,44.59496307373047
13339,30.527238845825195
13340,38.8107795715332
13341,33.412574768066406
13342,23.8582706451416
13343,83.47811126708984
13344,32.91294860839844
13345,24.797897338867188
13346,28.573938369750977
13347,40.909339904785156
13348,21.22445297241211
13349,34.194297790527344
13350,31.653884887695312
13351,26.90045166015625
13352,18.770626068115234
13353,23.936134338378906
13354,70.55267333984375
13355,36.59481430053711
13356,36.01068115234375
13357,32.566009521484375
13358,12.737639427185059
13359,33.84284210205078
13360,70.64894104003906
13361,52.71842575073242
13362,35.93333435058594
13363,53.135623931884766
13364,33.08063888549805
13365,43.30490493774414
13366,31.2072811126709
13367,46.88887023925781
13368,56.672401428222656
13369,29.738866806030273
13370,48.02031707763672
13371,71.72663116455078
13372,73.83634185791016
13373,28.333740234375
13374,31.07998275756836
13375,20.519407272338867
13376,50.42551803588867
13377,23.894989013671875
13378,17.69298553466797
13379,46.39270782470703
13380,43.42375183105469
13381,58.06367874145508
13382,65.29680633544922
13383,60.98802185058594
13384,29.288415908813477
13385,40.33483123779297
13386,37.46632385253906
13387,21.700143814086914
13388,60.403289794921875
13389,37.17390060424805
13390,21.576200485229492
13391,66.3566665649414
13392,39.27161407470703
13393,18.814903259277344
13394,25.84772491455078
13395,24.60117530822754
13396,55.534584045410156
13397,35.56739044189453
13398,53.18617248535156
13399,39.36820602416992
13400,67.98338317871094
13401,25.820154190063477
13402,17.739219665527344
13403,27.88958740234375
13404,45.85343933105469
13405,36.59296417236328
13406,25.090761184692383
13407,41.368125915527344
13408,20.871543884277344
13409,23.28835678100586
13410,52.78050231933594
13411,43.438720703125
13412,32.0516357421875
13413,15.975960731506348
13414,51.214759826660156
13415,21.089269638061523
13416,37.455711364746094
13417,31.330018997192383
13418,15.423986434936523
13419,14.963706016540527
13420,48.1080207824707
13421,13.616722106933594
13422,105.7571029663086
13423,16.271602630615234
13424,16.79880142211914
13425,38.712181091308594
13426,34.89418411254883
13427,35.43458557128906
13428,25.173870086669922
13429,52.91813278198242
13430,39.582679748535156
13431,111.98587799072266
13432,25.64596939086914
13433,54.408424377441406
13434,28.945871353149414
13435,36.52227783203125
13436,40.89039611816406
13437,39.93159103393555
13438,31.692420959472656
13439,41.73360824584961
13440,16.08977699279785
13441,30.683578491210938
13442,50.772193908691406
13443,43.40595626831055
13444,32.34648895263672
13445,28.12120819091797
13446,27.568445205688477
13447,53.86478042602539
13448,27.83421516418457
13449,23.91997718811035
13450,23.419649124145508
13451,26.479698181152344
13452,26.170961380004883
13453,53.96236801147461
13454,44.50654220581055
13455,18.107913970947266
13456,15.621472358703613
13457,13.97536849975586
13458,52.67041778564453
13459,24.420774459838867
13460,33.772727966308594
13461,44.59111022949219
13462,30.56365203857422
13463,38.831085205078125
13464,33.418636322021484
13465,23.851884841918945
13466,83.4903564453125
13467,32.934120178222656
13468,24.80551528930664
13469,28.577619552612305
13470,40.901973724365234
13471,21.230087280273438
13472,34.198184967041016
13473,31.656003952026367
13474,26.891931533813477
13475,18.758790969848633
13476,23.92824363708496
13477,70.50224304199219
13478,36.60021209716797
13479,35.99175262451172
13480,32.56643295288086
13481,12.740758895874023
13482,33.82357406616211
13483,70.62476348876953
13484,52.690185546875
13485,35.92486572265625
13486,53.13740539550781
13487,33.10713195800781
13488,43.28125
13489,31.20774269104004
13490,46.89094161987305
13491,56.6771240234375
13492,29.738656997680664
13493,48.00716781616211
13494,71.72328186035156
13495,73.82183837890625
13496,28.337682723999023
13497,31.075031280517578
13498,20.526351928710938
13499,50.405086517333984
13500,23.880334854125977
13501,17.689842224121094
13502,46.39289474487305
13503,43.410728454589844
13504,58.05594253540039
13505,65.27787780761719
13506,60.96376037597656
13507,29.28852653503418
13508,40.321258544921875
13509,37.4691162109375
13510,21.69180679321289
13511,60.37498474121094
13512,37.20136260986328
13513,21.58182716369629
13514,66.36078643798828
13515,39.292762756347656
13516,18.814922332763672
13517,25.86130714416504
13518,24.606470108032227
13519,55.54774856567383
13520,35.56680679321289
13521,53.157230377197266
13522,39.37091064453125
13523,67.94517517089844
13524,25.826082229614258
13525,17.745960235595703
13526,27.893333435058594
13527,45.837303161621094
13528,36.60342025756836
13529,25.114482879638672
13530,41.34706115722656
13531,20.869495391845703
13532,23.28130340576172
13533,52.77348709106445
13534,43.41427993774414
13535,32.074005126953125
13536,15.988577842712402
13537,51.19888687133789
13538,21.089221954345703
13539,37.45713806152344
13540,31.34209632873535
13541,15.420552253723145
13542,14.953567504882812
13543,48.10429382324219
13544,13.609832763671875
13545,105.73629760742188
13546,16.27721405029297
13547,16.807140350341797
13548,38.72334671020508
13549,34.92150115966797
13550,35.44761657714844
13551,25.15863800048828
13552,52.93069839477539
13553,39.57307434082031
13554,111.9329833984375
13555,25.649799346923828
13556,54.41759490966797
13557,28.925065994262695
13558,36.49512481689453
13559,40.87568283081055
13560,39.9302864074707
13561,31.67622947692871
13562,41.75786209106445
13563,16.0846004486084
13564,30.668134689331055
13565,50.79258728027344
13566,43.393455505371094
13567,32.34604263305664
13568,28.129390716552734
13569,27.569942474365234
13570,53.856597900390625
13571,27.831981658935547
13572,23.934093475341797
13573,23.439828872680664
13574,26.477214813232422
13575,26.164339065551758
13576,53.94778060913086
13577,44.508975982666016
13578,18.096826553344727
13579,15.619914054870605
13580,13.966129302978516
13581,52.650028228759766
13582,24.40894317626953
13583,33.78001022338867
13584,44.58757781982422
13585,30.599376678466797
13586,38.85143280029297
13587,33.42511749267578
13588,23.84523582458496
13589,83.50353240966797
13590,32.955196380615234
13591,24.813413619995117
13592,28.581106185913086
13593,40.89437484741211
13594,21.23540496826172
13595,34.202392578125
13596,31.65762710571289
13597,26.88351821899414
13598,18.74728775024414
13599,23.92054557800293
13600,70.4533920288086
13601,36.605628967285156
13602,35.973731994628906
13603,32.56669998168945
13604,12.744205474853516
13605,33.804656982421875
13606,70.60113525390625
13607,52.662654876708984
13608,35.9171028137207
13609,53.139766693115234
13610,33.13291549682617
13611,43.25768280029297
13612,31.20856285095215
13613,46.893131256103516
13614,56.681884765625
13615,29.738798141479492
13616,47.994197845458984
13617,71.72042846679688
13618,73.80823516845703
13619,28.341867446899414
13620,31.070209503173828
13621,20.533462524414062
13622,50.38442611694336
13623,23.866455078125
13624,17.686363220214844
13625,46.393680572509766
13626,43.39838409423828
13627,58.048431396484375
13628,65.25975036621094
13629,60.939857482910156
13630,29.288066864013672
13631,40.30754089355469
13632,37.47205352783203
13633,21.684324264526367
13634,60.34697723388672
13635,37.22827911376953
13636,21.58776092529297
13637,66.36408233642578
13638,39.3138542175293
13639,18.815353393554688
13640,25.87546730041504
13641,24.611509323120117
13642,55.561004638671875
13643,35.56622314453125
13644,53.12899398803711
13645,39.373748779296875
13646,67.90693664550781
13647,25.8314266204834
13648,17.75252914428711
13649,27.896921157836914
13650,45.82146072387695
13651,36.61391067504883
13652,25.13792610168457
13653,41.32611846923828
13654,20.867525100708008
13655,23.274417877197266
13656,52.76644515991211
13657,43.39038848876953
13658,32.09608840942383
13659,16.000715255737305
13660,51.1829833984375
13661,21.088809967041016
13662,37.457847595214844
13663,31.354095458984375
13664,15.416476249694824
13665,14.942638397216797
13666,48.100616455078125
13667,13.60343074798584
13668,105.71625518798828
13669,16.282197952270508
13670,16.8149471282959
13671,38.73448181152344
13672,34.94822692871094
13673,35.46098709106445
13674,25.144309997558594
13675,52.943031311035156
13676,39.56321334838867
13677,111.88104248046875
13678,25.65340232849121
13679,54.427330017089844
13680,28.903974533081055
13681,36.468238830566406
13682,40.861534118652344
13683,39.92933654785156
13684,31.659624099731445
13685,41.782020568847656
13686,16.079132080078125
13687,30.652671813964844
13688,50.81301498413086
13689,43.38089370727539
13690,32.345703125
13691,28.13755226135254
13692,27.57134437561035
13693,53.84886169433594
13694,27.830066680908203
13695,23.948320388793945
13696,23.459745407104492
13697,26.47509765625
13698,26.15741539001465
13699,53.93350601196289
13700,44.51129150390625
13701,18.08537483215332
13702,15.618522644042969
13703,13.957526206970215
13704,52.63023376464844
13705,24.396495819091797
13706,33.78749084472656
13707,44.584381103515625
13708,30.634750366210938
13709,38.87156295776367
13710,33.43182373046875
13711,23.838510513305664
13712,83.51696014404297
13713,32.976226806640625
13714,24.821456909179688
13715,28.58426856994629
13716,40.886592864990234
13717,21.241024017333984
13718,34.206939697265625
13719,31.658916473388672
13720,26.875139236450195
13721,18.736007690429688
13722,23.912965774536133
13723,70.40541076660156
13724,36.61070251464844
13725,35.95583724975586
13726,32.56689453125
13727,12.74759292602539
13728,33.78599166870117
13729,70.57806396484375
13730,52.63582229614258
13731,35.91029739379883
13732,53.14225769042969
13733,33.15813064575195
13734,43.23428726196289
13735,31.20968246459961
13736,46.8954963684082
13737,56.68669891357422
13738,29.738983154296875
13739,47.98152542114258
13740,71.71800994873047
13741,73.79502868652344
13742,28.34609603881836
13743,31.06525421142578
13744,20.54039764404297
13745,50.36383056640625
13746,23.853193283081055
13747,17.682926177978516
13748,46.3946533203125
13749,43.386444091796875
13750,58.04132843017578
13751,65.24191284179688
13752,60.916507720947266
13753,29.28757667541504
13754,40.29442596435547
13755,37.47481918334961
13756,21.677196502685547
13757,60.31919860839844
13758,37.25531768798828
13759,21.593624114990234
13760,66.36662292480469
13761,39.33448028564453
13762,18.816204071044922
13763,25.889860153198242
13764,24.616649627685547
13765,55.57483673095703
13766,35.56576156616211
13767,53.101078033447266
13768,39.37683868408203
13769,67.86869812011719
13770,25.836538314819336
13771,17.758747100830078
13772,27.900468826293945
13773,45.8057975769043
13774,36.62468338012695
13775,25.161163330078125
13776,41.30556106567383
13777,20.865646362304688
13778,23.267637252807617
13779,52.75962448120117
13780,43.366573333740234
13781,32.11759948730469
13782,16.01299285888672
13783,51.16712188720703
13784,21.088666915893555
13785,37.45800018310547
13786,31.36591911315918
13787,15.412178993225098
13788,14.93139362335205
13789,48.09708786010742
13790,13.59727954864502
13791,105.69664001464844
13792,16.287004470825195
13793,16.82217788696289
13794,38.74555587768555
13795,34.97459030151367
13796,35.47443771362305
13797,25.130334854125977
13798,52.95553207397461
13799,39.553279876708984
13800,111.82981872558594
13801,25.656940460205078
13802,54.43706512451172
13803,28.882490158081055
13804,36.441463470458984
13805,40.84736251831055
13806,39.92859649658203
13807,31.642744064331055
13808,41.80583953857422
13809,16.073474884033203
13810,30.637313842773438
13811,50.833465576171875
13812,43.36796569824219
13813,32.34530258178711
13814,28.145671844482422
13815,27.572940826416016
13816,53.841224670410156
13817,27.82796859741211
13818,23.962373733520508
13819,23.479591369628906
13820,26.473087310791016
13821,26.15016746520996
13822,53.91950988769531
13823,44.51360321044922
13824,18.07393455505371
13825,15.617302894592285
13826,13.949257850646973
13827,52.61040496826172
13828,24.383567810058594
13829,33.79479217529297
13830,44.581302642822266
13831,30.670154571533203
13832,38.8914794921875
13833,33.438690185546875
13834,23.831727981567383
13835,83.53016662597656
13836,32.99708938598633
13837,24.82965850830078
13838,28.58778190612793
13839,40.878753662109375
13840,21.246387481689453
13841,34.21166229248047
13842,31.65995216369629
13843,26.866748809814453
13844,18.724708557128906
13845,23.905317306518555
13846,70.35807800292969
13847,36.61598205566406
13848,35.93804168701172
13849,32.567100524902344
13850,12.75075912475586
13851,33.767417907714844
13852,70.55525207519531
13853,52.609535217285156
13854,35.90410232543945
13855,53.144893646240234
13856,33.182430267333984
13857,43.21097183227539
13858,31.210609436035156
13859,46.89811325073242
13860,56.69192886352539
13861,29.739240646362305
13862,47.968963623046875
13863,71.71611022949219
13864,73.78250885009766
13865,28.35040283203125
13866,31.060056686401367
13867,20.547367095947266
13868,50.342952728271484
13869,23.840240478515625
13870,17.67957878112793
13871,46.3956184387207
13872,43.3750114440918
13873,58.03482437133789
13874,65.22461700439453
13875,60.89346694946289
13876,29.287456512451172
13877,40.28175354003906
13878,37.47739028930664
13879,21.670541763305664
13880,60.29179000854492
13881,37.2822265625
13882,21.59938621520996
13883,66.36878204345703
13884,39.35515213012695
13885,18.81702423095703
13886,25.90422248840332
13887,24.621858596801758
13888,55.58868408203125
13889,35.56529235839844
13890,53.073490142822266
13891,39.37989807128906
13892,67.8308334350586
13893,25.841365814208984
13894,17.7648868560791
13895,27.904050827026367
13896,45.79030990600586
13897,36.63520050048828
13898,25.18436050415039
13899,41.284976959228516
13900,20.863595962524414
13901,23.260889053344727
13902,52.75279235839844
13903,43.34316635131836
13904,32.13913345336914
13905,16.02497100830078
13906,51.15135192871094
13907,21.088638305664062
13908,37.45802688598633
13909,31.377716064453125
13910,15.407770156860352
13911,14.920266151428223
13912,48.093414306640625
13913,13.591476440429688
13914,105.6773910522461
13915,16.291772842407227
13916,16.82952117919922
13917,38.756492614746094
13918,35.000816345214844
13919,35.488075256347656
13920,25.11672592163086
13921,52.968055725097656
13922,39.54331588745117
13923,111.7794189453125
13924,25.660348892211914
13925,54.44703674316406
13926,28.860694885253906
13927,36.41460418701172
13928,40.83353805541992
13929,39.92775344848633
13930,31.625619888305664
13931,41.829376220703125
13932,16.067745208740234
13933,30.62208366394043
13934,50.85431671142578
13935,43.35493850708008
13936,32.34515380859375
13937,28.153785705566406
13938,27.57422637939453
13939,53.833526611328125
13940,27.8262882232666
13941,23.976411819458008
13942,23.49930763244629
13943,26.471080780029297
13944,26.142799377441406
13945,53.9056510925293
13946,44.51557159423828
13947,18.062524795532227
13948,15.615623474121094
13949,13.9411039352417
13950,52.5915412902832
13951,24.370513916015625
13952,33.80235290527344
13953,44.57844543457031
13954,30.705455780029297
13955,38.91145324707031
13956,33.445377349853516
13957,23.824670791625977
13958,83.54320526123047
13959,33.01717758178711
13960,24.838151931762695
13961,28.591028213500977
13962,40.87101745605469
13963,21.251649856567383
13964,34.21641159057617
13965,31.66086196899414
13966,26.858402252197266
13967,18.71354866027832
13968,23.897762298583984
13969,70.31194305419922
13970,36.621028900146484
13971,35.920936584472656
13972,32.56730270385742
13973,12.753827095031738
13974,33.74898147583008
13975,70.53268432617188
13976,52.58353042602539
13977,35.89786911010742
13978,53.1478157043457
13979,33.206600189208984
13980,43.18803405761719
13981,31.211624145507812
13982,46.90087127685547
13983,56.697120666503906
13984,29.73929786682129
13985,47.95661163330078
13986,71.71429443359375
13987,73.77012634277344
13988,28.354597091674805
13989,31.05472755432129
13990,20.554309844970703
13991,50.32208251953125
13992,23.827529907226562
13993,17.67677879333496
13994,46.396728515625
13995,43.36360549926758
13996,58.0287971496582
13997,65.20726776123047
13998,60.87079620361328
13999,29.287841796875
14000,40.26948165893555
14001,37.479881286621094
14002,21.664030075073242
14003,60.26467514038086
14004,37.30916213989258
14005,21.605276107788086
14006,66.37078094482422
14007,39.375736236572266
14008,18.81789779663086
14009,25.918834686279297
14010,24.627124786376953
14011,55.60232925415039
14012,35.56487274169922
14013,53.045955657958984
14014,39.38316345214844
14015,67.79316711425781
14016,25.84615707397461
14017,17.770923614501953
14018,27.907468795776367
14019,45.77482604980469
14020,36.64593505859375
14021,25.207426071166992
14022,41.264347076416016
14023,20.86161994934082
14024,23.253942489624023
14025,52.74604415893555
14026,43.31952667236328
14027,32.160682678222656
14028,16.037240982055664
14029,51.135475158691406
14030,21.08881187438965
14031,37.45762634277344
14032,31.389339447021484
14033,15.403654098510742
14034,14.909119606018066
14035,48.089820861816406
14036,13.586063385009766
14037,105.65811157226562
14038,16.296476364135742
14039,16.83712387084961
14040,38.76728057861328
14041,35.02670669555664
14042,35.501953125
14043,25.103378295898438
14044,52.980899810791016
14045,39.533119201660156
14046,111.7292709350586
14047,25.663801193237305
14048,54.45701217651367
14049,28.838857650756836
14050,36.38759231567383
14051,40.81975555419922
14052,39.927284240722656
14053,31.608510971069336
14054,41.85280227661133
14055,16.0622615814209
14056,30.607072830200195
14057,50.87494659423828
14058,43.34187698364258
14059,32.34501647949219
14060,28.16206932067871
14061,27.575725555419922
14062,53.82557678222656
14063,27.824708938598633
14064,23.990741729736328
14065,23.518980026245117
14066,26.469202041625977
14067,26.135160446166992
14068,53.89101791381836
14069,44.51723861694336
14070,18.051368713378906
14071,15.613632202148438
14072,13.933155059814453
14073,52.572689056396484
14074,24.357479095458984
14075,33.80967712402344
14076,44.57571792602539
14077,30.740806579589844
14078,38.931541442871094
14079,33.451866149902344
14080,23.81753158569336
14081,83.55558776855469
14082,33.03590774536133
14083,24.84714126586914
14084,28.594419479370117
14085,40.86335372924805
14086,21.2567195892334
14087,34.220916748046875
14088,31.661949157714844
14089,26.849863052368164
14090,18.702880859375
14091,23.89058494567871
14092,70.26705932617188
14093,36.62599563598633
14094,35.90443801879883
14095,32.567176818847656
14096,12.756898880004883
14097,33.730472564697266
14098,70.5105209350586
14099,52.55842971801758
14100,35.89170455932617
14101,53.15060043334961
14102,33.23052215576172
14103,43.16558837890625
14104,31.212230682373047
14105,46.90398025512695
14106,56.70292663574219
14107,29.739055633544922
14108,47.94468307495117
14109,71.71312713623047
14110,73.75868225097656
14111,28.35898780822754
14112,31.048978805541992
14113,20.561086654663086
14114,50.301578521728516
14115,23.814720153808594
14116,17.67446517944336
14117,46.397525787353516
14118,43.35251235961914
14119,58.02376937866211
14120,65.19022369384766
14121,60.84866714477539
14122,29.289653778076172
14123,40.258079528808594
14124,37.482051849365234
14125,21.65791130065918
14126,60.23807144165039
14127,37.33625030517578
14128,21.61078453063965
14129,66.37286376953125
14130,39.39600372314453
14131,18.81845474243164
14132,25.932798385620117
14133,24.63263702392578
14134,55.61711120605469
14135,35.56418991088867
14136,53.01854705810547
14137,39.386478424072266
14138,67.75669860839844
14139,25.851118087768555
14140,17.77699089050293
14141,27.911056518554688
14142,45.75939178466797
14143,36.6565055847168
14144,25.230823516845703
14145,41.243797302246094
14146,20.859745025634766
14147,23.24661636352539
14148,52.7393798828125
14149,43.296058654785156
14150,32.182350158691406
14151,16.049543380737305
14152,51.11964416503906
14153,21.08901023864746
14154,37.456974029541016
14155,31.400959014892578
14156,15.400287628173828
14157,14.898361206054688
14158,48.086360931396484
14159,13.580748558044434
14160,105.63904571533203
14161,16.301368713378906
14162,16.84514808654785
14163,38.77763748168945
14164,35.05252456665039
14165,35.515750885009766
14166,25.089920043945312
14167,52.99420166015625
14168,39.523277282714844
14169,111.67943572998047
14170,25.6673526763916
14171,54.46683883666992
14172,28.81724739074707
14173,36.36057662963867
14174,40.80632400512695
14175,39.926536560058594
14176,31.591522216796875
14177,41.87601852416992
14178,16.057050704956055
14179,30.592416763305664
14180,50.8955078125
14181,43.32903289794922
14182,32.34488296508789
14183,28.170515060424805
14184,27.577144622802734
14185,53.81794738769531
14186,27.823322296142578
14187,24.004898071289062
14188,23.538799285888672
14189,26.467206954956055
14190,26.127840042114258
14191,53.8769645690918
14192,44.51892852783203
14193,18.04006576538086
14194,15.611475944519043
14195,13.925114631652832
14196,52.55437088012695
14197,24.344844818115234
14198,33.81713104248047
14199,44.57276916503906
14200,30.776168823242188
14201,38.951683044433594
14202,33.45826721191406
14203,23.810544967651367
14204,83.56924438476562
14205,33.05447769165039
14206,24.855806350708008
14207,28.59765625
14208,40.85578918457031
14209,21.26192283630371
14210,34.225345611572266
14211,31.66293716430664
14212,26.840932846069336
14213,18.691720962524414
14214,23.883333206176758
14215,70.22322082519531
14216,36.63092803955078
14217,35.88795471191406
14218,32.56719970703125
14219,12.759634017944336
14220,33.711734771728516
14221,70.48908233642578
14222,52.53413391113281
14223,35.88584899902344
14224,53.15351867675781
14225,33.253509521484375
14226,43.1436767578125
14227,31.21221160888672
14228,46.907833099365234
14229,56.7089729309082
14230,29.738422393798828
14231,47.933109283447266
14232,71.7127456665039
14233,73.74836730957031
14234,28.363521575927734
14235,31.043123245239258
14236,20.56766700744629
14237,50.28104782104492
14238,23.80213737487793
14239,17.672317504882812
14240,46.39835739135742
14241,43.34197998046875
14242,58.01898956298828
14243,65.17367553710938
14244,60.82695007324219
14245,29.29230499267578
14246,40.24762725830078
14247,37.484073638916016
14248,21.651918411254883
14249,60.212432861328125
14250,37.363616943359375
14251,21.615966796875
14252,66.37469482421875
14253,39.415771484375
14254,18.818912506103516
14255,25.94671058654785
14256,24.638439178466797
14257,55.63341522216797
14258,35.56317138671875
14259,52.99092483520508
14260,39.38991165161133
14261,67.72075653076172
14262,25.856170654296875
14263,17.783180236816406
14264,27.91476058959961
14265,45.7435417175293
14266,36.66731262207031
14267,25.254459381103516
14268,41.22300338745117
14269,20.858078002929688
14270,23.2390193939209
14271,52.73276901245117
14272,43.2724723815918
14273,32.203739166259766
14274,16.061853408813477
14275,51.10395812988281
14276,21.08966636657715
14277,37.45615005493164
14278,31.41260528564453
14279,15.397560119628906
14280,14.887914657592773
14281,48.082889556884766
14282,13.575718879699707
14283,105.62046813964844
14284,16.306442260742188
14285,16.853822708129883
14286,38.78752517700195
14287,35.07817077636719
14288,35.52992248535156
14289,25.07645034790039
14290,53.007938385009766
14291,39.513694763183594
14292,111.63004302978516
14293,25.67115020751953
14294,54.4766845703125
14295,28.795795440673828
14296,36.3334846496582
14297,40.79335021972656
14298,39.926002502441406
14299,31.574522018432617
14300,41.89902877807617
14301,16.052261352539062
14302,30.577878952026367
14303,50.915992736816406
14304,43.316246032714844
14305,32.34486389160156
14306,28.178983688354492
14307,27.578716278076172
14308,53.81040573120117
14309,27.821779251098633
14310,24.018875122070312
14311,23.55862045288086
14312,26.46493911743164
14313,26.12088966369629
14314,53.86320495605469
14315,44.52117156982422
14316,18.028911590576172
14317,15.60905647277832
14318,13.916410446166992
14319,52.5364875793457
14320,24.332731246948242
14321,33.82469940185547
14322,44.56963348388672
14323,30.811792373657227
14324,38.97236633300781
14325,33.464515686035156
14326,23.803260803222656
14327,83.58515167236328
14328,33.072998046875
14329,24.86431312561035
14330,28.600412368774414
14331,40.84846878051758
14332,21.26727867126465
14333,34.22978591918945
14334,31.664207458496094
14335,26.831602096557617
14336,18.680444717407227
14337,23.876108169555664
14338,70.181396484375
14339,36.63553237915039
14340,35.87286376953125
14341,32.56717300415039
14342,12.762551307678223
14343,33.693111419677734
14344,70.46781158447266
14345,52.51076126098633
14346,35.87986755371094
14347,53.15668869018555
14348,33.27644348144531
14349,43.12290573120117
14350,31.212501525878906
14351,46.911949157714844
14352,56.7154541015625
14353,29.737520217895508
14354,47.92198944091797
14355,71.71312713623047
14356,73.73893737792969
14357,28.368244171142578
14358,31.03644371032715
14359,20.573850631713867
14360,50.26081848144531
14361,23.789684295654297
14362,17.67072296142578
14363,46.39886474609375
14364,43.33184814453125
14365,58.014984130859375
14366,65.15744018554688
14367,60.806053161621094
14368,29.29665184020996
14369,40.23838424682617
14370,37.48561096191406
14371,21.646209716796875
14372,60.187583923339844
14373,37.39138412475586
14374,21.620777130126953
14375,66.37641906738281
14376,39.435245513916016
14377,18.819557189941406
14378,25.96015739440918
14379,24.644559860229492
14380,55.65189743041992
14381,35.56196594238281
14382,52.96354675292969
14383,39.39356231689453
14384,67.6861343383789
14385,25.861286163330078
14386,17.789196014404297
14387,27.91878890991211
14388,45.72787094116211
14389,36.67796325683594
14390,25.27796745300293
14391,41.20257568359375
14392,20.856334686279297
14393,23.231184005737305
14394,52.72654724121094
14395,43.24905014038086
14396,32.22507858276367
14397,16.074251174926758
14398,51.088436126708984
14399,21.09038543701172
14400,37.454978942871094
14401,31.424224853515625
14402,15.395379066467285
14403,14.877573013305664
14404,48.07962417602539
14405,13.57060432434082
14406,105.6021957397461
14407,16.311479568481445
14408,16.862764358520508
14409,38.7972412109375
14410,35.10384750366211
14411,35.544002532958984
14412,25.063190460205078
14413,53.021759033203125
14414,39.50414276123047
14415,111.58118438720703
14416,25.67486572265625
14417,54.486427307128906
14418,28.7744197845459
14419,36.30652618408203
14420,40.78060531616211
14421,39.92561721801758
14422,31.55754852294922
14423,41.921749114990234
14424,16.047592163085938
14425,30.563640594482422
14426,50.936309814453125
14427,43.303428649902344
14428,32.34500503540039
14429,28.18765640258789
14430,27.580202102661133
14431,53.80295181274414
14432,27.820491790771484
14433,24.033082962036133
14434,23.57855796813965
14435,26.462547302246094
14436,26.11408805847168
14437,53.84989547729492
14438,44.52347946166992
14439,18.017852783203125
14440,15.606161117553711
14441,13.907675743103027
14442,52.51921463012695
14443,24.320819854736328
14444,33.83230209350586
14445,44.5662727355957
14446,30.847000122070312
14447,38.9932861328125
14448,33.4708137512207
14449,23.795963287353516
14450,83.6025619506836
14451,33.09093475341797
14452,24.872802734375
14453,28.602476119995117
14454,40.8411750793457
14455,21.272464752197266
14456,34.23385238647461
14457,31.665178298950195
14458,26.821964263916016
14459,18.66910171508789
14460,23.869121551513672
14461,70.1416015625
14462,36.64008712768555
14463,35.85857391357422
14464,32.566890716552734
14465,12.765501976013184
14466,33.675392150878906
14467,70.44673919677734
14468,52.487815856933594
14469,35.87381362915039
14470,53.15996551513672
14471,33.299659729003906
14472,43.102500915527344
14473,31.213003158569336
14474,46.915958404541016
14475,56.72177505493164
14476,29.73650360107422
14477,47.91114044189453
14478,71.71377563476562
14479,73.72982788085938
14480,28.37274742126465
14481,31.02971076965332
14482,20.57996368408203
14483,50.240623474121094
14484,23.777498245239258
14485,17.66932487487793
14486,46.39929962158203
14487,43.3221549987793
14488,58.01167678833008
14489,65.14176177978516
14490,60.78573226928711
14491,29.301206588745117
14492,40.22967529296875
14493,37.48706817626953
14494,21.64073944091797
14495,60.16329574584961
14496,37.418697357177734
14497,21.625545501708984
14498,66.3779067993164
14499,39.45455551147461
14500,18.81988525390625
14501,25.9735050201416
14502,24.650653839111328
14503,55.67033386230469
14504,35.56067657470703
14505,52.9364013671875
14506,39.39725112915039
14507,67.65182495117188
14508,25.86636734008789
14509,17.795122146606445
14510,27.922639846801758
14511,45.71217727661133
14512,36.68864059448242
14513,25.301509857177734
14514,41.18212890625
14515,20.854759216308594
14516,23.22325325012207
14517,52.72051239013672
14518,43.22582244873047
14519,32.246124267578125
14520,16.086708068847656
14521,51.0731315612793
14522,21.091299057006836
14523,37.453521728515625
14524,31.435544967651367
14525,15.393383026123047
14526,14.86713981628418
14527,48.07621765136719
14528,13.564717292785645
14529,105.58757781982422
14530,16.31569480895996
14531,16.871788024902344
14532,38.8070182800293
14533,35.12606430053711
14534,35.5599250793457
14535,25.05036163330078
14536,53.03657150268555
14537,39.49406433105469
14538,111.5330581665039
14539,25.678537368774414
14540,54.49637985229492
14541,28.753103256225586
14542,36.27819061279297
14543,40.76924133300781
14544,39.92573165893555
14545,31.540260314941406
14546,41.94359588623047
14547,16.04322052001953
14548,30.5495662689209
14549,50.95631408691406
14550,43.29045867919922
14551,32.345584869384766
14552,28.196372985839844
14553,27.583011627197266
14554,53.7966423034668
14555,27.819087982177734
14556,24.04680061340332
14557,23.59820556640625
14558,26.46042823791504
14559,26.1077823638916
14560,53.83751678466797
14561,44.52664566040039
14562,18.00674819946289
14563,15.604363441467285
14564,13.898691177368164
14565,52.501495361328125
14566,24.309375762939453
14567,33.83999252319336
14568,44.56262969970703
14569,30.882272720336914
14570,39.01470947265625
14571,33.47749328613281
14572,23.788963317871094
14573,83.62186431884766
14574,33.11042022705078
14575,24.880630493164062
14576,28.60440444946289
14577,40.83405685424805
14578,21.277950286865234
14579,34.23804473876953
14580,31.666610717773438
14581,26.812175750732422
14582,18.657203674316406
14583,23.861787796020508
14584,70.10153198242188
14585,36.6441650390625
14586,35.84375762939453
14587,32.56678771972656
14588,12.768180847167969
14589,33.658321380615234
14590,70.42591857910156
14591,52.46473693847656
14592,35.867942810058594
14593,53.1634407043457
14594,33.322975158691406
14595,43.08223342895508
14596,31.213706970214844
14597,46.9200325012207
14598,56.72818374633789
14599,29.73591423034668
14600,47.90025329589844
14601,71.7140884399414
14602,73.7201156616211
14603,28.37734603881836
14604,31.023101806640625
14605,20.585926055908203
14606,50.22036361694336
14607,23.765548706054688
14608,17.668283462524414
14609,46.39961242675781
14610,43.31230545043945
14611,58.008487701416016
14612,65.1258773803711
14613,60.76533508300781
14614,29.306495666503906
14615,40.220890045166016
14616,37.48834228515625
14617,21.63548469543457
14618,60.13862609863281
14619,37.44639587402344
14620,21.63043975830078
14621,66.3799057006836
14622,39.47369384765625
14623,18.82061004638672
14624,25.987104415893555
14625,24.656723022460938
14626,55.68796157836914
14627,35.55943298339844
14628,52.90916442871094
14629,39.40106201171875
14630,67.6168212890625
14631,25.870878219604492
14632,17.80098533630371
14633,27.926118850708008
14634,45.6965446472168
14635,36.69976043701172
14636,25.32456398010254
14637,41.16180419921875
14638,20.853174209594727
14639,23.21609115600586
14640,52.71455764770508
14641,43.20286560058594
14642,32.26656723022461
14643,16.099058151245117
14644,51.05796813964844
14645,21.092355728149414
14646,37.45162582397461
14647,31.446897506713867
14648,15.391481399536133
14649,14.856701850891113
14650,48.072654724121094
14651,13.558868408203125
14652,105.57427978515625
14653,16.319631576538086
14654,16.880678176879883
14655,38.81664276123047
14656,35.1472053527832
14657,35.576107025146484
14658,25.038484573364258
14659,53.05170822143555
14660,39.483497619628906
14661,111.48522186279297
14662,25.68203353881836
14663,54.5067024230957
14664,28.731769561767578
14665,36.249732971191406
14666,40.75822448730469
14667,39.926055908203125
14668,31.522947311401367
14669,41.9647216796875
14670,16.038877487182617
14671,30.535825729370117
14672,50.97608947753906
14673,43.27742004394531
14674,32.34600067138672
14675,28.205310821533203
14676,27.586009979248047
14677,53.79084777832031
14678,27.817733764648438
14679,24.060632705688477
14680,23.618057250976562
14681,26.458648681640625
14682,26.101198196411133
14683,53.82472610473633
14684,44.529266357421875
14685,17.99559211730957
14686,15.602543830871582
14687,13.890116691589355
14688,52.4839973449707
14689,24.29754638671875
14690,33.84763717651367
14691,44.55937194824219
14692,30.917213439941406
14693,39.036006927490234
14694,33.48429870605469
14695,23.781394958496094
14696,83.6412124633789
14697,33.12934112548828
14698,24.888713836669922
14699,28.605907440185547
14700,40.82683563232422
14701,21.28331756591797
14702,34.24221420288086
14703,31.6675968170166
14704,26.802310943603516
14705,18.645261764526367
14706,23.854473114013672
14707,70.06359100341797
14708,36.648109436035156
14709,35.83026885986328
14710,32.56663131713867
14711,12.771111488342285
14712,33.64130401611328
14713,70.40559387207031
14714,52.4421272277832
14715,35.86226272583008
14716,53.167152404785156
14717,33.34617614746094
14718,43.06241989135742
14719,31.21485137939453
14720,46.92393493652344
14721,56.734619140625
14722,29.735322952270508
14723,47.88955307006836
14724,71.71473693847656
14725,73.71125030517578
14726,28.382204055786133
14727,31.01626205444336
14728,20.591772079467773
14729,50.2002067565918
14730,23.753747940063477
14731,17.66670799255371
14732,46.40018844604492
14733,43.3031120300293
14734,58.004947662353516
14735,65.11048889160156
14736,60.745262145996094
14737,29.311086654663086
14738,40.21232986450195
14739,37.48974609375
14740,21.630043029785156
14741,60.11442565917969
14742,37.47365188598633
14743,21.63527488708496
14744,66.38124084472656
14745,39.49292755126953
14746,18.821508407592773
14747,26.00083351135254
14748,24.662803649902344
14749,55.70680618286133
14750,35.55836486816406
14751,52.88239288330078
14752,39.40483856201172
14753,67.58187866210938
14754,25.875232696533203
14755,17.806690216064453
14756,27.929737091064453
14757,45.68120574951172
14758,36.71067810058594
14759,25.347644805908203
14760,41.14154815673828
14761,20.851736068725586
14762,23.20911407470703
14763,52.708404541015625
14764,43.1797981262207
14765,32.28651809692383
14766,16.11135482788086
14767,51.04283142089844
14768,21.093372344970703
14769,37.44913101196289
14770,31.45807647705078
14771,15.389398574829102
14772,14.846061706542969
14773,48.068965911865234
14774,13.553444862365723
14775,105.56173706054688
14776,16.323265075683594
14777,16.889392852783203
14778,38.8264045715332
14779,35.16742706298828
14780,35.59272003173828
14781,25.026880264282227
14782,53.06679916381836
14783,39.47264862060547
14784,111.43720245361328
14785,25.685504913330078
14786,54.51710510253906
14787,28.710567474365234
14788,36.22100830078125
14789,40.748287200927734
14790,39.92670440673828
14791,31.505407333374023
14792,41.985530853271484
14793,16.034717559814453
14794,30.52208137512207
14795,50.99552917480469
14796,43.2640380859375
14797,32.346866607666016
14798,28.21435546875
14799,27.589702606201172
14800,53.785736083984375
14801,27.816308975219727
14802,24.07423210144043
14803,23.6377010345459
14804,26.456907272338867
14805,26.095197677612305
14806,53.81321334838867
14807,44.532676696777344
14808,17.98432731628418
14809,15.601457595825195
14810,13.881091117858887
14811,52.466094970703125
14812,24.286056518554688
14813,33.85539627075195
14814,44.5556526184082
14815,30.952241897583008
14816,39.0576286315918
14817,33.49115753173828
14818,23.774328231811523
14819,83.66304779052734
14820,33.14970397949219
14821,24.896045684814453
14822,28.607162475585938
14823,40.81980514526367
14824,21.288883209228516
14825,34.24655532836914
14826,31.668874740600586
14827,26.792236328125
14828,18.63274383544922
14829,23.846881866455078
14830,70.02513122558594
14831,36.65192413330078
14832,35.815879821777344
14833,32.56654739379883
14834,12.773907661437988
14835,33.62438201904297
14836,70.38565826416016
14837,52.419734954833984
14838,35.857086181640625
14839,53.17087936401367
14840,33.36894989013672
14841,43.042510986328125
14842,31.216012954711914
14843,46.92816162109375
14844,56.74092483520508
14845,29.73482894897461
14846,47.878814697265625
14847,71.7154769897461
14848,73.70247650146484
14849,28.386966705322266
14850,31.00966453552246
14851,20.597759246826172
14852,50.18024444580078
14853,23.74209976196289
14854,17.664836883544922
14855,46.400848388671875
14856,43.29391098022461
14857,58.00136184692383
14858,65.09517669677734
14859,60.72538375854492
14860,29.315568923950195
14861,40.20376968383789
14862,37.49105453491211
14863,21.62493324279785
14864,60.090389251708984
14865,37.50109100341797
14866,21.640012741088867
14867,66.38275146484375
14868,39.51217269897461
14869,18.82253646850586
14870,26.014659881591797
14871,24.668996810913086
14872,55.72600555419922
14873,35.557281494140625
14874,52.855690002441406
14875,39.40889358520508
14876,67.54691314697266
14877,25.879735946655273
14878,17.812511444091797
14879,27.933629989624023
14880,45.66557312011719
14881,36.72161102294922
14882,25.370803833007812
14883,41.12135696411133
14884,20.850154876708984
14885,23.202009201049805
14886,52.702415466308594
14887,43.156917572021484
14888,32.30659484863281
14889,16.123708724975586
14890,51.02763748168945
14891,21.094486236572266
14892,37.446311950683594
14893,31.469266891479492
14894,15.38744831085205
14895,14.835614204406738
14896,48.06528091430664
14897,13.548184394836426
14898,105.54890441894531
14899,16.326932907104492
14900,16.898038864135742
14901,38.8362922668457
14902,35.188255310058594
14903,35.609214782714844
14904,25.015514373779297
14905,53.081642150878906
14906,39.461849212646484
14907,111.38898468017578
14908,25.68893814086914
14909,54.527652740478516
14910,28.689624786376953
14911,36.192203521728516
14912,40.738197326660156
14913,39.9273796081543
14914,31.487897872924805
14915,42.00626754760742
14916,16.030542373657227
14917,30.50850486755371
14918,51.01483917236328
14919,43.250789642333984
14920,32.34766387939453
14921,28.223466873168945
14922,27.593826293945312
14923,53.78120803833008
14924,27.81499671936035
14925,24.08783721923828
14926,23.657455444335938
14927,26.455286026000977
14928,26.08960723876953
14929,53.80165100097656
14930,44.53640365600586
14931,17.973081588745117
14932,15.60097599029541
14933,13.871514320373535
14934,52.4474983215332
14935,24.275066375732422
14936,33.86320877075195
14937,44.55183410644531
14938,30.98714256286621
14939,39.07898712158203
14940,33.49827575683594
14941,23.767589569091797
14942,83.68488311767578
14943,33.1710205078125
14944,24.903230667114258
14945,28.608531951904297
14946,40.813045501708984
14947,21.294692993164062
14948,34.25070571899414
14949,31.670387268066406
14950,26.782169342041016
14951,18.619876861572266
14952,23.839426040649414
14953,69.98584747314453
14954,36.65595245361328
14955,35.80049133300781
14956,32.56653594970703
14957,12.776419639587402
14958,33.60742950439453
14959,70.36553955078125
14960,52.397003173828125
14961,35.85179901123047
14962,53.174251556396484
14963,33.39179229736328
14964,43.0223274230957
14965,31.21680450439453
14966,46.93201446533203
14967,56.74747848510742
14968,29.734371185302734
14969,47.867923736572266
14970,71.71595764160156
14971,73.6934585571289
14972,28.391765594482422
14973,31.003475189208984
14974,20.603761672973633
14975,50.16070556640625
14976,23.730093002319336
14977,17.662885665893555
14978,46.40152359008789
14979,43.28440475463867
14980,57.99720001220703
14981,65.07970428466797
14982,60.70539855957031
14983,29.319597244262695
14984,40.19466781616211
14985,37.49277877807617
14986,21.61941909790039
14987,60.06622314453125
14988,37.528324127197266
14989,21.64506721496582
14990,66.38479614257812
14991,39.531368255615234
14992,18.82332992553711
14993,26.028226852416992
14994,24.675012588500977
14995,55.74465560913086
14996,35.556251525878906
14997,52.82868957519531
14998,39.41290283203125
14999,67.51180267333984
15000,25.884166717529297
15001,17.81866455078125
15002,27.937253952026367
15003,45.649864196777344
15004,36.732852935791016
15005,25.39402198791504
15006,41.10073471069336
15007,20.848766326904297
15008,23.1953125
15009,52.69631576538086
15010,43.13386154174805
15011,32.326499938964844
15012,16.13592529296875
15013,51.01253128051758
15014,21.095659255981445
15015,37.4439582824707
15016,31.48043441772461
15017,15.385540008544922
15018,14.825338363647461
15019,48.0616455078125
15020,13.543094635009766
15021,105.53517150878906
15022,16.331186294555664
15023,16.906810760498047
15024,38.84606170654297
15025,35.2098388671875
15026,35.62544250488281
15027,25.00455665588379
15028,53.0960693359375
15029,39.45115280151367
15030,111.33960723876953
15031,25.69224739074707
15032,54.53802490234375
15033,28.669076919555664
15034,36.163475036621094
15035,40.72830581665039
15036,39.92812728881836
15037,31.470800399780273
15038,42.02684020996094
15039,16.02667236328125
15040,30.495067596435547
15041,51.03411865234375
15042,43.237937927246094
15043,32.348567962646484
15044,28.23251724243164
15045,27.59773826599121
15046,53.77643966674805
15047,27.81353187561035
15048,24.10132598876953
15049,23.677186965942383
15050,26.453866958618164
15051,26.083740234375
15052,53.7894287109375
15053,44.53908157348633
15054,17.96172332763672
15055,15.600592613220215
15056,13.862425804138184
15057,52.42861557006836
15058,24.263662338256836
15059,33.870849609375
15060,44.54838180541992
15061,31.022192001342773
15062,39.09973907470703
15063,33.50523376464844
15064,23.761058807373047
15065,83.70406341552734
15066,33.191043853759766
15067,24.910953521728516
15068,28.61052131652832
15069,40.806034088134766
15070,21.30034828186035
15071,34.2551155090332
15072,31.67202377319336
15073,26.772628784179688
15074,18.60764503479004
15075,23.832035064697266
15076,69.94570922851562
15077,36.66020202636719
15078,35.7849235534668
15079,32.56663131713867
15080,12.779024124145508
15081,33.59040069580078
15082,70.34464263916016
15083,52.375125885009766
15084,35.847320556640625
15085,53.17756652832031
15086,33.41294860839844
15087,43.00210189819336
15088,31.2169246673584
15089,46.93647384643555
15090,56.75489044189453
15091,29.733631134033203
15092,47.857295989990234
15093,71.71729278564453
15094,73.68582916259766
15095,28.396915435791016
15096,30.997243881225586
15097,20.61009407043457
15098,50.141483306884766
15099,23.717905044555664
15100,17.660099029541016
15101,46.40251922607422
15102,43.27510452270508
15103,57.99310302734375
15104,65.06449890136719
15105,60.685726165771484
15106,29.3243408203125
15107,40.1864128112793
15108,37.49396514892578
15109,21.614465713500977
15110,60.04225540161133
15111,37.555973052978516
15112,21.649776458740234
15113,66.38648986816406
15114,39.55025100708008
15115,18.824356079101562
15116,26.04192352294922
15117,24.68144416809082
15118,55.766605377197266
15119,35.5551872253418
15120,52.801692962646484
15121,39.41700744628906
15122,67.47744750976562
15123,25.889158248901367
15124,17.824716567993164
15125,27.941247940063477
15126,45.63421630859375
15127,36.743751525878906
15128,25.41752815246582
15129,41.08041000366211
15130,20.847585678100586
15131,23.188379287719727
15132,52.690284729003906
15133,43.111087799072266
15134,32.346534729003906
15135,16.148340225219727
15136,50.99775314331055
15137,21.096715927124023
15138,37.44172286987305
15139,31.49173927307129
15140,15.383768081665039
15141,14.815102577209473
15142,48.058109283447266
15143,13.538293838500977
15144,105.52066040039062
15145,16.33547592163086
15146,16.915674209594727
15147,38.8558464050293
15148,35.23045349121094
15149,35.642478942871094
15150,24.99348258972168
15151,53.111793518066406
15152,39.43985366821289
15153,111.2916488647461
15154,25.6959228515625
15155,54.54867935180664
15156,28.648008346557617
15157,36.13313674926758
15158,40.71826171875
15159,39.928775787353516
15160,31.45353889465332
15161,42.046077728271484
15162,16.02317237854004
15163,30.481830596923828
15164,51.053009033203125
15165,43.22512435913086
15166,32.34980010986328
15167,28.24195098876953
15168,27.60296058654785
15169,53.77260208129883
15170,27.812376022338867
15171,24.115293502807617
15172,23.696699142456055
15173,26.453903198242188
15174,26.076356887817383
15175,53.77447509765625
15176,44.53963088989258
15177,17.95025634765625
15178,15.601883888244629
15179,13.854239463806152
15180,52.40705490112305
15181,24.25103759765625
15182,33.87835693359375
15183,44.5460205078125
15184,31.057172775268555
15185,39.119049072265625
15186,33.51202392578125
15187,23.754640579223633
15188,83.71839904785156
15189,33.21051025390625
15190,24.919384002685547
15191,28.613500595092773
15192,40.7989387512207
15193,21.305850982666016
15194,34.25972366333008
15195,31.673585891723633
15196,26.76304817199707
15197,18.595102310180664
15198,23.824626922607422
15199,69.90518188476562
15200,36.66415023803711
15201,35.768001556396484
15202,32.56671905517578
15203,12.780839920043945
15204,33.57276153564453
15205,70.32294464111328
15206,52.354347229003906
15207,35.844200134277344
15208,53.180660247802734
15209,33.432064056396484
15210,42.98214340209961
15211,31.21588706970215
15212,46.94190216064453
15213,56.76374053955078
15214,29.73250961303711
15215,47.846641540527344
15216,71.71980285644531
15217,73.68035888671875
15218,28.402721405029297
15219,30.991291046142578
15220,20.61624526977539
15221,50.12245178222656
15222,23.705385208129883
15223,17.656574249267578
15224,46.403472900390625
15225,43.26612091064453
15226,57.98826599121094
15227,65.04975128173828
15228,60.666168212890625
15229,29.328929901123047
15230,40.178157806396484
15231,37.49515151977539
15232,21.608840942382812
15233,60.01900100708008
15234,37.58380126953125
15235,21.654048919677734
15236,66.38907623291016
15237,39.56940841674805
15238,18.825143814086914
15239,26.054773330688477
15240,24.688053131103516
15241,55.791507720947266
15242,35.55387496948242
15243,52.776119232177734
15244,39.420570373535156
15245,67.4449234008789
15246,25.89483070373535
15247,17.831130981445312
15248,27.945261001586914
15249,45.61884689331055
15250,36.75447082519531
15251,25.441137313842773
15252,41.060203552246094
15253,20.84613800048828
15254,23.18083953857422
15255,52.68425369262695
15256,43.08837890625
15257,32.36708450317383
15258,16.160579681396484
15259,50.98258590698242
15260,21.09766387939453
15261,37.43971633911133
15262,31.503036499023438
15263,15.381489753723145
15264,14.804610252380371
15265,48.054588317871094
15266,13.533622741699219
15267,105.50555419921875
15268,16.339786529541016
15269,16.924238204956055
15270,38.86573791503906
15271,35.252296447753906
15272,35.65913772583008
15273,24.98299217224121
15274,53.12689971923828
15275,39.42842483520508
15276,111.2429428100586
15277,25.699249267578125
15278,54.559425354003906
15279,28.62643814086914
15280,36.10315704345703
15281,40.707645416259766
15282,39.9291877746582
15283,31.43634605407715
15284,42.065406799316406
15285,16.019298553466797
15286,30.468828201293945
15287,51.072227478027344
15288,43.21259689331055
15289,32.3508415222168
15290,28.25115966796875
15291,27.607648849487305
15292,53.768436431884766
15293,27.811525344848633
15294,24.129365921020508
15295,23.71605682373047
15296,26.454347610473633
15297,26.067766189575195
15298,53.75810241699219
15299,44.538307189941406
15300,17.93876838684082
15301,15.60345458984375
15302,13.846957206726074
15303,52.38526153564453
15304,24.23692512512207
15305,33.885719299316406
15306,44.544498443603516
15307,31.092470169067383
15308,39.137237548828125
15309,33.51866912841797
15310,23.747962951660156
15311,83.72992706298828
15312,33.22833251953125
15313,24.928680419921875
15314,28.616865158081055
15315,40.79169845581055
15316,21.311260223388672
15317,34.26469421386719
15318,31.674753189086914
15319,26.75371742248535
15320,18.583005905151367
15321,23.817384719848633
15322,69.86489868164062
15323,36.668277740478516
15324,35.751407623291016
15325,32.566673278808594
15326,12.782792091369629
15327,33.55524826049805
15328,70.30113220214844
15329,52.32899856567383
15330,35.84020233154297
15331,53.18379211425781
15332,33.45053482055664
15333,42.96181106567383
15334,31.214662551879883
15335,46.94751739501953
15336,56.77292251586914
15337,29.7314395904541
15338,47.83632278442383
15339,71.72307586669922
15340,73.67643737792969
15341,28.408897399902344
15342,30.985137939453125
15343,20.62266731262207
15344,50.10395431518555
15345,23.69275665283203
15346,17.651382446289062
15347,46.40491485595703
15348,43.2572021484375
15349,57.98158645629883
15350,65.03562927246094
15351,60.64750289916992
15352,29.330224990844727
15353,40.16871643066406
15354,37.49726867675781
15355,21.60196304321289
15356,59.996849060058594
15357,37.61076354980469
15358,21.657644271850586
15359,66.39205932617188
15360,39.589263916015625
15361,18.825286865234375
15362,26.06739616394043
15363,24.69460105895996
15364,55.81687545776367
15365,35.55267333984375
15366,52.75196075439453
15367,39.4242057800293
15368,67.41433715820312
15369,25.90056800842285
15370,17.83749008178711
15371,27.94981575012207
15372,45.60352325439453
15373,36.7649040222168
15374,25.465482711791992
15375,41.04006576538086
15376,20.84510040283203
15377,23.171863555908203
15378,52.67750549316406
15379,43.066043853759766
15380,32.38813781738281
15381,16.172744750976562
15382,50.967288970947266
15383,21.09859848022461
15384,37.43721008300781
15385,31.514232635498047
15386,15.378680229187012
15387,14.793597221374512
15388,48.05131149291992
15389,13.528610229492188
15390,105.49227905273438
15391,16.34365463256836
15392,16.932559967041016
15393,38.87556838989258
15394,35.272804260253906
15395,35.676353454589844
15396,24.9724178314209
15397,53.142574310302734
15398,39.41691207885742
15399,111.19583892822266
15400,25.702848434448242
15401,54.570438385009766
15402,28.603946685791016
15403,36.07343673706055
15404,40.696712493896484
15405,39.92959976196289
15406,31.418766021728516
15407,42.084686279296875
15408,16.015167236328125
15409,30.45560646057129
15410,51.091949462890625
15411,43.199729919433594
15412,32.35197448730469
15413,28.260343551635742
15414,27.61195182800293
15415,53.764339447021484
15416,27.81114959716797
15417,24.143726348876953
15418,23.73504638671875
15419,26.455562591552734
15420,26.057615280151367
15421,53.74020004272461
15422,44.535072326660156
15423,17.926931381225586
15424,15.605632781982422
15425,13.840767860412598
15426,52.362911224365234
15427,24.221256256103516
15428,33.89316940307617
15429,44.54411315917969
15430,31.127519607543945
15431,39.154544830322266
15432,33.525108337402344
15433,23.741165161132812
15434,83.73829650878906
15435,33.24454116821289
15436,24.93895149230957
15437,28.620895385742188
15438,40.784114837646484
15439,21.316530227661133
15440,34.269779205322266
15441,31.67536735534668
15442,26.744651794433594
15443,18.57183265686035
15444,23.8103084564209
15445,69.82447052001953
15446,36.67293167114258
15447,35.735050201416016
15448,32.566795349121094
15449,12.785056114196777
15450,33.538124084472656
15451,70.2792739868164
15452,52.30344772338867
15453,35.83384704589844
15454,53.18703842163086
15455,33.475242614746094
15456,42.93967056274414
15457,31.214111328125
15458,46.953189849853516
15459,56.78211212158203
15460,29.73011016845703
15461,47.82613754272461
15462,71.72748565673828
15463,73.67450714111328
15464,28.415355682373047
15465,30.979188919067383
15466,20.629377365112305
15467,50.08615493774414
15468,23.67973518371582
15469,17.644296646118164
15470,46.40732192993164
15471,43.2484245300293
15472,57.97307586669922
15473,65.02227783203125
15474,60.62936019897461
15475,29.32845687866211
15476,40.15791702270508
15477,37.49989318847656
15478,21.594457626342773
15479,59.975372314453125
15480,37.63697052001953
15481,21.661226272583008
15482,66.39473724365234
15483,39.60939407348633
15484,18.825122833251953
15485,26.080219268798828
15486,24.700925827026367
15487,55.841514587402344
15488,35.55149841308594
15489,52.72833251953125
15490,39.427921295166016
15491,67.38452911376953
15492,25.906404495239258
15493,17.8436336517334
15494,27.954376220703125
15495,45.58819580078125
15496,36.775333404541016
15497,25.490461349487305
15498,41.01962661743164
15499,20.84402084350586
15500,23.161638259887695
15501,52.67026138305664
15502,43.043426513671875
15503,32.4097900390625
15504,16.185022354125977
15505,50.95142364501953
15506,21.09983253479004
15507,37.43428039550781
15508,31.525402069091797
15509,15.375709533691406
15510,14.782159805297852
15511,48.04799270629883
15512,13.523561477661133
15513,105.48049926757812
15514,16.34681510925293
15515,16.940916061401367
15516,38.88502883911133
15517,35.291866302490234
15518,35.69423294067383
15519,24.961719512939453
15520,53.15888977050781
15521,39.40516662597656
15522,111.14923095703125
15523,25.706119537353516
15524,54.581809997558594
15525,28.580982208251953
15526,36.04317855834961
15527,40.68561935424805
15528,39.93021011352539
15529,31.400911331176758
15530,42.10362243652344
15531,16.010969161987305
15532,30.442766189575195
15533,51.111854553222656
15534,43.18662643432617
15535,32.35327911376953
15536,28.26950454711914
15537,27.61642837524414
15538,53.7602424621582
15539,27.810871124267578
15540,24.158096313476562
15541,23.754060745239258
15542,26.457284927368164
15543,26.046897888183594
15544,53.72159194946289
15545,44.53083419799805
15546,17.91473388671875
15547,15.608173370361328
15548,13.83482837677002
15549,52.33946228027344
15550,24.204801559448242
15551,33.900413513183594
15552,44.543846130371094
15553,31.16287612915039
15554,39.171112060546875
15555,33.531700134277344
15556,23.734464645385742
15557,83.74554443359375
15558,33.260623931884766
15559,24.949541091918945
15560,28.625179290771484
15561,40.77647018432617
15562,21.32155990600586
15563,34.27525329589844
15564,31.675745010375977
15565,26.735567092895508
15566,18.560623168945312
15567,23.80364227294922
15568,69.78340148925781
15569,36.677791595458984
15570,35.7181510925293
15571,32.56675338745117
15572,12.787324905395508
15573,33.520751953125
15574,70.25700378417969
15575,52.27750015258789
15576,35.82735061645508
15577,53.18989181518555
15578,33.5004768371582
15579,42.91542434692383
15580,31.215526580810547
15581,46.95610427856445
15582,56.78712844848633
15583,29.730287551879883
15584,47.814170837402344
15585,71.72686004638672
15586,73.66509246826172
15587,28.420106887817383
15588,30.97407341003418
15589,20.63728141784668
15590,50.067928314208984
15591,23.666492462158203
15592,17.63817596435547
15593,46.41038131713867
15594,43.23771667480469
15595,57.964115142822266
15596,65.00685119628906
15597,60.60886001586914
15598,29.324193954467773
15599,40.14445877075195
15600,37.50401306152344
15601,21.586946487426758
15602,59.950748443603516
15603,37.662803649902344
15604,21.666805267333984
15605,66.39710235595703
15606,39.63031768798828
15607,18.825559616088867
15608,26.09465789794922
15609,24.706600189208984
15610,55.85622787475586
15611,35.55082702636719
15612,52.70074462890625
15613,39.43217849731445
15614,67.34820556640625
15615,25.910503387451172
15616,17.84965705871582
15617,27.958572387695312
15618,45.57170486450195
15619,36.786800384521484
15620,25.515592575073242
15621,40.998046875
15622,20.843246459960938
15623,23.1535587310791
15624,52.66305160522461
15625,43.019771575927734
15626,32.4307861328125
15627,16.197553634643555
15628,50.93531799316406
15629,21.101144790649414
15630,37.43098068237305
15631,31.53679847717285
15632,15.373723030090332
15633,14.771339416503906
15634,48.04445266723633
15635,13.518404006958008
15636,105.46746826171875
15637,16.350589752197266
15638,16.950010299682617
15639,38.89516067504883
15640,35.31186294555664
15641,35.712188720703125
15642,24.95086097717285
15643,53.174957275390625
15644,39.39348602294922
15645,111.09961700439453
15646,25.70978546142578
15647,54.5927734375
15648,28.558944702148438
15649,36.01247024536133
15650,40.67475509643555
15651,39.930694580078125
15652,31.38350486755371
15653,42.12326431274414
15654,16.007123947143555
15655,30.429302215576172
15656,51.131614685058594
15657,43.174049377441406
15658,32.35438537597656
15659,28.27894401550293
15660,27.621131896972656
15661,53.756195068359375
15662,27.81027603149414
15663,24.172863006591797
15664,23.773460388183594
15665,26.458791732788086
15666,26.036935806274414
15667,53.70253372192383
15668,44.52705764770508
15669,17.902864456176758
15670,15.61105728149414
15671,13.828170776367188
15672,52.315181732177734
15673,24.189409255981445
15674,33.90773391723633
15675,44.54353332519531
15676,31.19883918762207
15677,39.188072204589844
15678,33.53826904296875
15679,23.72788429260254
15680,83.75272369384766
15681,33.27757263183594
15682,24.959848403930664
15683,28.629613876342773
15684,40.76894760131836
15685,21.326919555664062
15686,34.28034591674805
15687,31.676795959472656
15688,26.72637176513672
15689,18.548797607421875
15690,23.796451568603516
15691,69.7403564453125
15692,36.6827507019043
15693,35.70024490356445
15694,32.566986083984375
15695,12.789838790893555
15696,33.50310516357422
15697,70.2342758178711
15698,52.25044250488281
15699,35.82014846801758
15700,53.192657470703125
15701,33.526424407958984
15702,42.890342712402344
15703,31.216934204101562
15704,46.95805358886719
15705,56.79093551635742
15706,29.731081008911133
15707,47.80101013183594
15708,71.72388458251953
15709,73.65152740478516
15710,28.423938751220703
15711,30.96953582763672
15712,20.645614624023438
15713,50.04963302612305
15714,23.6528263092041
15715,17.633058547973633
15716,46.41329574584961
15717,43.225582122802734
15718,57.95535659790039
15719,64.98969268798828
15720,60.5866584777832
15721,29.320266723632812
15722,40.129913330078125
15723,37.508087158203125
15724,21.579797744750977
15725,59.923912048339844
15726,37.689491271972656
15727,21.673744201660156
15728,66.39979553222656
15729,39.651554107666016
15730,18.82648277282715
15731,26.110164642333984
15732,24.711999893188477
15733,55.86737823486328
15734,35.55039978027344
15735,52.67045211791992
15736,39.436824798583984
15737,67.3077163696289
15738,25.914302825927734
15739,17.855878829956055
15740,27.96272850036621
15741,45.55464553833008
15742,36.79869842529297
15743,25.540454864501953
15744,40.975982666015625
15745,20.842321395874023
15746,23.147254943847656
15747,52.65625
15748,42.995147705078125
15749,32.45150375366211
15750,16.21049690246582
15751,50.91960906982422
15752,21.102428436279297
15753,37.42909240722656
15754,31.548673629760742
15755,15.37181282043457
15756,14.761157035827637
15757,48.04094314575195
15758,13.512131690979004
15759,105.45278930664062
15760,16.355121612548828
15761,16.959043502807617
15762,38.906002044677734
15763,35.33393859863281
15764,35.72907257080078
15765,24.938194274902344
15766,53.19053268432617
15767,39.382381439208984
15768,111.04912567138672
15769,25.713726043701172
15770,54.603515625
15771,28.53770637512207
15772,35.982608795166016
15773,40.66241455078125
15774,39.93052291870117
15775,31.366947174072266
15776,42.14430618286133
15777,16.00301742553711
15778,30.41552734375
15779,51.15168762207031
15780,43.162200927734375
15781,32.355125427246094
15782,28.288230895996094
15783,27.62560272216797
15784,53.7511100769043
15785,27.809507369995117
15786,24.18793296813965
15787,23.793352127075195
15788,26.460018157958984
15789,26.027437210083008
15790,53.68328094482422
15791,44.52396774291992
15792,17.891094207763672
15793,15.613651275634766
15794,13.82139778137207
15795,52.290767669677734
15796,24.174625396728516
15797,33.91508483886719
15798,44.542598724365234
15799,31.235248565673828
15800,39.205928802490234
15801,33.54478073120117
15802,23.721370697021484
15803,83.75984954833984
15804,33.295387268066406
15805,24.970226287841797
15806,28.63409996032715
15807,40.76155471801758
15808,21.332273483276367
15809,34.28531265258789
15810,31.678316116333008
15811,26.71721649169922
15812,18.536422729492188
15813,23.788679122924805
15814,69.69739532470703
15815,36.68726348876953
15816,35.68183135986328
15817,32.5672492980957
15818,12.7915620803833
15819,33.484622955322266
15820,70.21195983886719
15821,52.22333908081055
15822,35.81315612792969
15823,53.19526672363281
15824,33.55249786376953
15825,42.865726470947266
15826,31.218017578125
15827,46.96012496948242
15828,56.79511642456055
15829,29.731843948364258
15830,47.78797912597656
15831,71.72084045410156
15832,73.63806915283203
15833,28.42781639099121
15834,30.965152740478516
15835,20.653850555419922
15836,50.03125762939453
15837,23.638864517211914
15838,17.627723693847656
15839,46.41571044921875
15840,43.213462829589844
15841,57.9463005065918
15842,64.97250366210938
15843,60.56433868408203
15844,29.31631851196289
15845,40.11532974243164
15846,37.51237106323242
15847,21.57169532775879
15848,59.89725875854492
15849,37.7164192199707
15850,21.679908752441406
15851,66.40386962890625
15852,39.67315673828125
15853,18.827131271362305
15854,26.125001907348633
15855,24.717668533325195
15856,55.88092041015625
15857,35.54996109008789
15858,52.641151428222656
15859,39.44102096557617
15860,67.26850891113281
15861,25.91898536682129
15862,17.862411499023438
15863,27.966840744018555
15864,45.538082122802734
15865,36.810386657714844
15866,25.565093994140625
15867,40.95447540283203
15868,20.84105682373047
15869,23.14107894897461
15870,52.64986038208008
15871,42.971431732177734
15872,32.472774505615234
15873,16.223262786865234
15874,50.90456008911133
15875,21.10295295715332
15876,37.428592681884766
15877,31.560781478881836
15878,15.368746757507324
15879,14.750236511230469
15880,48.03781509399414
15881,13.505219459533691
15882,105.43722534179688
15883,16.359636306762695
15884,16.967323303222656
15885,38.916954040527344
15886,35.35718536376953
15887,35.74494552612305
15888,24.924589157104492
15889,53.205833435058594
15890,39.37199401855469
15891,111.00049591064453
15892,25.717670440673828
15893,54.614295959472656
15894,28.51568031311035
15895,35.95455551147461
15896,40.648773193359375
15897,39.93014907836914
15898,31.35066795349121
15899,42.16641616821289
15900,15.998287200927734
15901,30.401315689086914
15902,51.172367095947266
15903,43.150447845458984
15904,32.3558235168457
15905,28.297286987304688
15906,27.629098892211914
15907,53.74545669555664
15908,27.808935165405273
15909,24.202733993530273
15910,23.813201904296875
15911,26.460969924926758
15912,26.01755714416504
15913,53.66486358642578
15914,44.521034240722656
15915,17.879240036010742
15916,15.615204811096191
15917,13.815133094787598
15918,52.26777648925781
15919,24.158933639526367
15920,33.922611236572266
15921,44.54213333129883
15922,31.27120590209961
15923,39.223793029785156
15924,33.55165481567383
15925,23.714399337768555
15926,83.76859283447266
15927,33.31273651123047
15928,24.980684280395508
15929,28.638160705566406
15930,40.754058837890625
15931,21.337453842163086
15932,34.290687561035156
15933,31.679073333740234
15934,26.70806884765625
15935,18.524688720703125
15936,23.781396865844727
15937,69.65512084960938
15938,36.691795349121094
15939,35.66425704956055
15940,32.567237854003906
15941,12.793686866760254
15942,33.4668083190918
15943,70.19001770019531
15944,52.197166442871094
15945,35.807064056396484
15946,53.19841766357422
15947,33.57746124267578
15948,42.841129302978516
15949,31.219297409057617
15950,46.962650299072266
15951,56.79964065551758
15952,29.732666015625
15953,47.77526092529297
15954,71.71918487548828
15955,73.62662506103516
15956,28.432411193847656
15957,30.960420608520508
15958,20.661890029907227
15959,50.012962341308594
15960,23.625232696533203
15961,17.621212005615234
15962,46.4187126159668
15963,43.20228576660156
15964,57.93655776977539
15965,64.95662689208984
15966,60.54322814941406
15967,29.31070327758789
15968,40.10074234008789
15969,37.51683807373047
15970,21.563518524169922
15971,59.871768951416016
15972,37.74264144897461
15973,21.68570327758789
15974,66.40786743164062
15975,39.69548416137695
15976,18.82729148864746
15977,26.139795303344727
15978,24.722930908203125
15979,55.893306732177734
15980,35.549808502197266
15981,52.614444732666016
15982,39.44487380981445
15983,67.23184967041016
15984,25.92317771911621
15985,17.868188858032227
15986,27.970375061035156
15987,45.52254867553711
15988,36.82185363769531
15989,25.58880043029785
15990,40.93418502807617
15991,20.839244842529297
15992,23.134235382080078
15993,52.64400863647461
15994,42.94900894165039
15995,32.49373245239258
15996,16.23557472229004
15997,50.890377044677734
15998,21.1033878326416
15999,37.42770767211914
16000,31.5723876953125
16001,15.363945007324219
16002,14.738170623779297
16003,48.035491943359375
16004,13.498921394348145
16005,105.42233276367188
16006,16.363128662109375
16007,16.97408676147461
16008,38.927452087402344
16009,35.38043975830078
16010,35.760108947753906
16011,24.911457061767578
16012,53.22095489501953
16013,39.36174392700195
16014,110.95634460449219
16015,25.721242904663086
16016,54.6253547668457
16017,28.491634368896484
16018,35.92844009399414
16019,40.634578704833984
16020,39.929954528808594
16021,31.33308982849121
16022,42.188663482666016
16023,15.992175102233887
16024,30.387258529663086
16025,51.19392776489258
16026,43.13764190673828
16027,32.356502532958984
16028,28.305831909179688
16029,27.630958557128906
16030,53.73987579345703
16031,27.80889892578125
16032,24.21727180480957
16033,23.832239151000977
16034,26.461898803710938
16035,26.006528854370117
16036,53.648319244384766
16037,44.51814270019531
16038,17.866989135742188
16039,15.615863800048828
16040,13.810126304626465
16041,52.247711181640625
16042,24.141239166259766
16043,33.93022918701172
16044,44.54216384887695
16045,31.30625343322754
16046,39.24170684814453
16047,33.558746337890625
16048,23.706523895263672
16049,83.77933502197266
16050,33.32906723022461
16051,24.991439819335938
16052,28.641693115234375
16053,40.745948791503906
16054,21.342397689819336
16055,34.296810150146484
16056,31.678340911865234
16057,26.699214935302734
16058,18.5142822265625
16059,23.774736404418945
16060,69.61579895019531
16061,36.6967658996582
16062,35.64878463745117
16063,32.56727600097656
16064,12.796380996704102
16065,33.45000457763672
16066,70.16874694824219
16067,52.1729621887207
16068,35.80284881591797
16069,53.20236587524414
16070,33.60052490234375
16071,42.81696701049805
16072,31.220914840698242
16073,46.965763092041016
16074,56.80437088012695
16075,29.73335075378418
16076,47.763710021972656
16077,71.71961212158203
16078,73.61853790283203
16079,28.437395095825195
16080,30.954782485961914
16081,20.66973304748535
16082,49.99443817138672
16083,23.613290786743164
16084,17.613765716552734
16085,46.422569274902344
16086,43.19282913208008
16087,57.9268684387207
16088,64.94281005859375
16089,60.524017333984375
16090,29.304080963134766
16091,40.087074279785156
16092,37.52115249633789
16093,21.556503295898438
16094,59.84822463989258
16095,37.76789093017578
16096,21.691164016723633
16097,66.40985870361328
16098,39.71711349487305
16099,18.827510833740234
16100,26.154687881469727
16101,24.72834014892578
16102,55.90669250488281
16103,35.5496940612793
16104,52.59032440185547
16105,39.448673248291016
16106,67.19778442382812
16107,25.926414489746094
16108,17.872844696044922
16109,27.973604202270508
16110,45.508174896240234
16111,36.83295440673828
16112,25.61171531677246
16113,40.91498947143555
16114,20.837364196777344
16115,23.126567840576172
16116,52.6385383605957
16117,42.92851638793945
16118,32.513545989990234
16119,16.247243881225586
16120,50.87749481201172
16121,21.103586196899414
16122,37.42601013183594
16123,31.583694458007812
16124,15.357316970825195
16125,14.724305152893066
16126,48.03364181518555
16127,13.493704795837402
16128,105.4086685180664
16129,16.365610122680664
16130,16.97933578491211
16131,38.9370231628418
16132,35.4035758972168
16133,35.77443313598633
16134,24.899423599243164
16135,53.23570251464844
16136,39.35134506225586
16137,110.91703033447266
16138,25.72416877746582
16139,54.63719177246094
16140,28.465431213378906
16141,35.90439224243164
16142,40.620182037353516
16143,39.93022155761719
16144,31.314271926879883
16145,42.21080017089844
16146,15.984976768493652
16147,30.37337875366211
16148,51.21632385253906
16149,43.12348937988281
16150,32.35741424560547
16151,28.313867568969727
16152,27.63178062438965
16153,53.73440170288086
16154,27.809846878051758
16155,24.23107147216797
16156,23.850666046142578
16157,26.463048934936523
16158,25.99425506591797
16159,53.63386917114258
16160,44.515052795410156
16161,17.85379981994629
16162,15.616146087646484
16163,13.80599308013916
16164,52.230472564697266
16165,24.121427536010742
16166,33.938133239746094
16167,44.5427360534668
16168,31.340232849121094
16169,39.259117126464844
16170,33.56629943847656
16171,23.6982364654541
16172,83.7933120727539
16173,33.344730377197266
16174,25.002565383911133
16175,28.644771575927734
16176,40.737483978271484
16177,21.347394943237305
16178,34.30359649658203
16179,31.675949096679688
16180,26.69013786315918
16181,18.50480842590332
16182,23.768796920776367
16183,69.57917785644531
16184,36.70206832885742
16185,35.63486862182617
16186,32.56694793701172
16187,12.79965877532959
16188,33.434661865234375
16189,70.14788818359375
16190,52.1506462097168
16191,35.8004035949707
16192,53.20707321166992
16193,33.62171936035156
16194,42.79309844970703
16195,31.222763061523438
16196,46.96916580200195
16197,56.808815002441406
16198,29.734018325805664
16199,47.753028869628906
16200,71.72149658203125
16201,73.6128921508789
16202,28.442607879638672
16203,30.94833755493164
16204,20.677431106567383
16205,49.97553634643555
16206,23.602731704711914
16207,17.605863571166992
16208,46.42715072631836
16209,43.18471145629883
16210,57.917945861816406
16211,64.930908203125
16212,60.506256103515625
16213,29.296897888183594
16214,40.07454299926758
16215,37.524925231933594
16216,21.55058479309082
16217,59.82615280151367
16218,37.79235076904297
16219,21.696468353271484
16220,66.40999603271484
16221,39.73860168457031
16222,18.827800750732422
16223,26.16996955871582
16224,24.733522415161133
16225,55.9196891784668
16226,35.54972457885742
16227,52.56871795654297
16228,39.45268630981445
16229,67.16587829589844
16230,25.928804397583008
16231,17.876686096191406
16232,27.97649574279785
16233,45.494781494140625
16234,36.84397506713867
16235,25.633567810058594
16236,40.89713668823242
16237,20.83525848388672
16238,23.118404388427734
16239,52.63380813598633
16240,42.9095573425293
16241,32.532386779785156
16242,16.258466720581055
16243,50.86512756347656
16244,21.103784561157227
16245,37.42317199707031
16246,31.594392776489258
16247,15.349247932434082
16248,14.709157943725586
16249,48.03242874145508
16250,13.489839553833008
16251,105.39595031738281
16252,16.367103576660156
16253,16.983348846435547
16254,38.945926666259766
16255,35.42596435546875
16256,35.788719177246094
16257,24.888090133666992
16258,53.25091552734375
16259,39.3409538269043
16260,110.88308715820312
16261,25.726795196533203
16262,54.64997100830078
16263,28.43675994873047
16264,35.88182830810547
16265,40.60472869873047
16266,39.930606842041016
16267,31.29438591003418
16268,42.23240661621094
16269,15.97664737701416
16270,30.35980224609375
16271,51.23952102661133
16272,43.10834503173828
16273,32.35846710205078
16274,28.32144546508789
16275,27.63135528564453
16276,53.7292366027832
16277,27.81124496459961
16278,24.244735717773438
16279,23.86827278137207
16280,26.46489906311035
16281,25.98000717163086
16282,53.620235443115234
16283,44.51079559326172
16284,17.84019660949707
16285,15.615941047668457
16286,13.803256034851074
16287,52.21474838256836
16288,24.09917640686035
16289,33.94590377807617
16290,44.544044494628906
16291,31.373703002929688
16292,39.27577590942383
16293,33.57418441772461
16294,23.689268112182617
16295,83.80753326416016
16296,33.358924865722656
16297,25.014225006103516
16298,28.64771842956543
16299,40.728572845458984
16300,21.352020263671875
16301,34.31105422973633
16302,31.67221450805664
16303,26.680978775024414
16304,18.49638557434082
16305,23.763538360595703
16306,69.54556274414062
16307,36.707366943359375
16308,35.62247848510742
16309,32.5662956237793
16310,12.803220748901367
16311,33.41992950439453
16312,70.12760925292969
16313,52.130027770996094
16314,35.799537658691406
16315,53.21247863769531
16316,33.64121627807617
16317,42.76957321166992
16318,31.22460174560547
16319,46.97340393066406
16320,56.8135871887207
16321,29.734481811523438
16322,47.74329376220703
16323,71.72538757324219
16324,73.60994720458984
16325,28.4481143951416
16326,30.941268920898438
16327,20.685081481933594
16328,49.956581115722656
16329,23.593372344970703
16330,17.59726333618164
16331,46.43244934082031
16332,43.17799758911133
16333,57.90918731689453
16334,64.92073822021484
16335,60.4900016784668
16336,29.288740158081055
16337,40.06278610229492
16338,37.528831481933594
16339,21.54531478881836
16340,59.805355072021484
16341,37.815895080566406
16342,21.701427459716797
16343,66.40813446044922
16344,39.75954055786133
16345,18.8281192779541
16346,26.185426712036133
16347,24.738941192626953
16348,55.93359375
16349,35.54946517944336
16350,52.549102783203125
16351,39.45673370361328
16352,67.13595581054688
16353,25.930587768554688
16354,17.879560470581055
16355,27.979276657104492
16356,45.48198318481445
16357,36.85452651977539
16358,25.655105590820312
16359,40.880088806152344
16360,20.832971572875977
16361,23.10967445373535
16362,52.629207611083984
16363,42.89174270629883
16364,32.55054473876953
16365,16.269195556640625
16366,50.85361099243164
16367,21.103988647460938
16368,37.41928482055664
16369,31.604690551757812
16370,15.340096473693848
16371,14.6928129196167
16372,48.03153991699219
16373,13.487212181091309
16374,105.38397216796875
16375,16.367950439453125
16376,16.986351013183594
16377,38.954002380371094
16378,35.44792556762695
16379,35.80270767211914
16380,24.87807273864746
16381,53.26607894897461
16382,39.33028793334961
16383,110.85244750976562
16384,25.7290096282959
16385,54.662750244140625
16386,28.406381607055664
16387,35.860408782958984
16388,40.58945846557617
16389,39.93144989013672
16390,31.273101806640625
16391,42.25382995605469
16392,15.967345237731934
16393,30.34654426574707
16394,51.26321029663086
16395,43.09206771850586
16396,32.359580993652344
16397,28.328840255737305
16398,27.630430221557617
16399,53.724308013916016
16400,27.81338882446289
16401,24.258113861083984
16402,23.885452270507812
16403,26.46701431274414
16404,25.96474838256836
16405,53.60780715942383
16406,44.506072998046875
16407,17.825977325439453
16408,15.615716934204102
16409,13.800992012023926
16410,52.20040512084961
16411,24.075380325317383
16412,33.95400619506836
16413,44.546043395996094
16414,31.406381607055664
16415,39.29176712036133
16416,33.582176208496094
16417,23.679935455322266
16418,83.82273864746094
16419,33.372459411621094
16420,25.026174545288086
16421,28.650711059570312
16422,40.71938705444336
16423,21.356861114501953
16424,34.31914520263672
16425,31.66727066040039
16426,26.67183494567871
16427,18.488624572753906
16428,23.75857925415039
16429,69.5130386352539
16430,36.71279525756836
16431,35.610530853271484
16432,32.56553649902344
16433,12.807064056396484
16434,33.40611267089844
16435,70.1077651977539
16436,52.110599517822266
16437,35.79983139038086
16438,53.21826171875
16439,33.65934371948242
16440,42.745872497558594
16441,31.226585388183594
16442,46.977760314941406
16443,56.818180084228516
16444,29.735078811645508
16445,47.73380661010742
16446,71.72982025146484
16447,73.6083984375
16448,28.45400047302246
16449,30.933637619018555
16450,20.692726135253906
16451,49.937103271484375
16452,23.58491325378418
16453,17.588451385498047
16454,46.43844985961914
16455,43.17216873168945
16456,57.901031494140625
16457,64.91152954101562
16458,60.47490692138672
16459,29.28005599975586
16460,40.05160140991211
16461,37.53251266479492
16462,21.541242599487305
16463,59.78539276123047
16464,37.83917236328125
16465,21.706470489501953
16466,66.40478515625
16467,39.7801513671875
16468,18.828811645507812
16469,26.201387405395508
16470,24.74452781677246
16471,55.94703674316406
16472,35.54928970336914
16473,52.529884338378906
16474,39.46105194091797
16475,67.1064682006836
16476,25.9313907623291
16477,17.881908416748047
16478,27.98175048828125
16479,45.4696159362793
16480,36.865196228027344
16481,25.6760196685791
16482,40.86323928833008
16483,20.830480575561523
16484,23.100648880004883
16485,52.62489700317383
16486,42.874813079833984
16487,32.5678825378418
16488,16.279884338378906
16489,50.84238052368164
16490,21.104339599609375
16491,37.41434097290039
16492,31.61472511291504
16493,15.330397605895996
16494,14.675843238830566
16495,48.03087615966797
16496,13.485267639160156
16497,105.37271881103516
16498,16.368179321289062
16499,16.988943099975586
16500,38.96166229248047
16501,35.46990966796875
16502,35.816646575927734
16503,24.86873435974121
16504,53.28118133544922
16505,39.31942367553711
16506,110.82357788085938
16507,25.731000900268555
16508,54.67595672607422
16509,28.37472915649414
16510,35.83951187133789
16511,40.57408142089844
16512,39.932342529296875
16513,31.251148223876953
16514,42.274932861328125
16515,15.957767486572266
16516,30.333698272705078
16517,51.28742599487305
16518,43.075294494628906
16519,32.36091232299805
16520,28.336078643798828
16521,27.628925323486328
16522,53.71953582763672
16523,27.81589698791504
16524,24.271331787109375
16525,23.9020938873291
16526,26.469390869140625
16527,25.948680877685547
16528,53.595794677734375
16529,44.50079345703125
16530,17.81130027770996
16531,15.61536693572998
16532,13.799400329589844
16533,52.18697738647461
16534,24.05002212524414
16535,33.96183395385742
16536,44.54826736450195
16537,31.43883514404297
16538,39.30708312988281
16539,33.59025955200195
16540,23.670452117919922
16541,83.83772277832031
16542,33.384986877441406
16543,25.038545608520508
16544,28.653839111328125
16545,40.7099723815918
16546,21.361572265625
16547,34.327693939208984
16548,31.661666870117188
16549,26.66262435913086
16550,18.48125648498535
16551,23.754228591918945
16552,69.48190307617188
16553,36.7186279296875
16554,35.599178314208984
16555,32.564754486083984
16556,12.811003684997559
16557,33.39250183105469
16558,70.08824920654297
16559,52.092018127441406
16560,35.80096435546875
16561,53.22435760498047
16562,33.676334381103516
16563,42.72224807739258
16564,31.228389739990234
16565,46.982669830322266
16566,56.823062896728516
16567,29.73548698425293
16568,47.725067138671875
16569,71.7354965209961
16570,73.6083755493164
16571,28.459583282470703
16572,30.925613403320312
16573,20.700454711914062
16574,49.91775131225586
16575,23.577186584472656
16576,17.57950782775879
16577,46.44472122192383
16578,43.16673278808594
16579,57.89308166503906
16580,64.90335083007812
16581,60.4606819152832
16582,29.27143669128418
16583,40.0411376953125
16584,37.53617477416992
16585,21.537738800048828
16586,59.76615905761719
16587,37.862144470214844
16588,21.711576461791992
16589,66.40021514892578
16590,39.800472259521484
16591,18.829383850097656
16592,26.217430114746094
16593,24.75012969970703
16594,55.96015167236328
16595,35.548866271972656
16596,52.51163864135742
16597,39.465248107910156
16598,67.07825469970703
16599,25.93191146850586
16600,17.88382911682129
16601,27.983997344970703
16602,45.45755386352539
16603,36.87598419189453
16604,25.69659996032715
16605,40.847049713134766
16606,20.827749252319336
16607,23.091156005859375
16608,52.621150970458984
16609,42.858551025390625
16610,32.58515930175781
16611,16.290294647216797
16612,50.831722259521484
16613,21.10455894470215
16614,37.408897399902344
16615,31.6243896484375
16616,15.32047176361084
16617,14.658297538757324
16618,48.03049087524414
16619,13.48408031463623
16620,105.36167907714844
16621,16.368091583251953
16622,16.99107551574707
16623,38.96875
16624,35.492313385009766
16625,35.83036422729492
16626,24.860136032104492
16627,53.296207427978516
16628,39.3085823059082
16629,110.79615020751953
16630,25.732553482055664
16631,54.68968963623047
16632,28.342300415039062
16633,35.819129943847656
16634,40.559112548828125
16635,39.9337272644043
16636,31.228429794311523
16637,42.295982360839844
16638,15.947847366333008
16639,30.3206787109375
16640,51.311798095703125
16641,43.0577278137207
16642,32.36232376098633
16643,28.34320068359375
16644,27.626995086669922
16645,53.715023040771484
16646,27.818727493286133
16647,24.284364700317383
16648,23.91871452331543
16649,26.471391677856445
16650,25.932289123535156
16651,53.5854606628418
16652,44.496009826660156
16653,17.796241760253906
16654,15.614790916442871
16655,13.79761791229248
16656,52.17441940307617
16657,24.02422523498535
16658,33.9699821472168
16659,44.55043411254883
16660,31.47115707397461
16661,39.32212829589844
16662,33.59855270385742
16663,23.660892486572266
16664,83.85430908203125
16665,33.39768981933594
16666,25.050952911376953
16667,28.656909942626953
16668,40.70042419433594
16669,21.366260528564453
16670,34.33667755126953
16671,31.655414581298828
16672,26.653100967407227
16673,18.47429084777832
16674,23.750093460083008
16675,69.45122528076172
16676,36.724693298339844
16677,35.58802032470703
16678,32.56401062011719
16679,12.815108299255371
16680,33.379329681396484
16681,70.0688247680664
16682,52.07431411743164
16683,35.80278015136719
16684,53.23052978515625
16685,33.692543029785156
16686,42.698543548583984
16687,31.23007583618164
16688,46.98784255981445
16689,56.82792282104492
16690,29.735815048217773
16691,47.71641159057617
16692,71.7416000366211
16693,73.60907745361328
16694,28.465404510498047
16695,30.91724967956543
16696,20.7081356048584
16697,49.898353576660156
16698,23.569868087768555
16699,17.570613861083984
16700,46.45138931274414
16701,43.161956787109375
16702,57.88578796386719
16703,64.89543914794922
16704,60.44685745239258
16705,29.263179779052734
16706,40.03125762939453
16707,37.539424896240234
16708,21.53498649597168
16709,59.74738693237305
16710,37.885040283203125
16711,21.716630935668945
16712,66.39456939697266
16713,39.82040786743164
16714,18.829965591430664
16715,26.233919143676758
16716,24.755859375
16717,55.97296142578125
16718,35.54845428466797
16719,52.4935417175293
16720,39.47004318237305
16721,67.04984283447266
16722,25.931644439697266
16723,17.885339736938477
16724,27.986371994018555
16725,45.4455451965332
16726,36.8866081237793
16727,25.71727752685547
16728,40.8306770324707
16729,20.824995040893555
16730,23.081775665283203
16731,52.61757278442383
16732,42.84261703491211
16733,32.60136413574219
16734,16.300697326660156
16735,50.821380615234375
16736,21.105134963989258
16737,37.402557373046875
16738,31.634078979492188
16739,15.310381889343262
16740,14.640413284301758
16741,48.03034591674805
16742,13.483325958251953
16743,105.35079193115234
16744,16.367895126342773
16745,16.99333953857422
16746,38.97512435913086
16747,35.51531219482422
16748,35.84402084350586
16749,24.85235595703125
16750,53.31090545654297
16751,39.29772186279297
16752,110.76919555664062
16753,25.734071731567383
16754,54.70344161987305
16755,28.30935287475586
16756,35.7989501953125
16757,40.54475021362305
16758,39.935447692871094
16759,31.205045700073242
16760,42.3168830871582
16761,15.937636375427246
16762,30.30809211730957
16763,51.33642578125
16764,43.03959274291992
16765,32.36384582519531
16766,28.35031509399414
16767,27.624887466430664
16768,53.710968017578125
16769,27.821762084960938
16770,24.297039031982422
16771,23.935331344604492
16772,26.47347640991211
16773,25.916067123413086
16774,53.57624053955078
16775,44.49156951904297
16776,17.780912399291992
16777,15.614093780517578
16778,13.795448303222656
16779,52.16238784790039
16780,23.99808120727539
16781,33.97831726074219
16782,44.55260467529297
16783,31.503576278686523
16784,39.337093353271484
16785,33.60689926147461
16786,23.651357650756836
16787,83.87157440185547
16788,33.41004180908203
16789,25.063426971435547
16790,28.6602725982666
16791,40.690887451171875
16792,21.371217727661133
16793,34.34571838378906
16794,31.648956298828125
16795,26.643657684326172
16796,18.46775245666504
16797,23.746461868286133
16798,69.4205551147461
16799,36.73106002807617
16800,35.57670974731445
16801,32.563148498535156
16802,12.819387435913086
16803,33.36616516113281
16804,70.04954528808594
16805,52.05695724487305
16806,35.80482864379883
16807,53.23692321777344
16808,33.7081413269043
16809,42.674705505371094
16810,31.23128890991211
16811,46.993255615234375
16812,56.83269500732422
16813,29.73595428466797
16814,47.707984924316406
16815,71.748046875
16816,73.61005401611328
16817,28.4710693359375
16818,30.90858268737793
16819,20.71588134765625
16820,49.878868103027344
16821,23.562850952148438
16822,17.562320709228516
16823,46.45814514160156
16824,43.15703201293945
16825,57.879127502441406
16826,64.88784790039062
16827,60.43324661254883
16828,29.25558090209961
16829,40.021934509277344
16830,37.542598724365234
16831,21.532817840576172
16832,59.72856521606445
16833,37.908119201660156
16834,21.721708297729492
16835,66.3882827758789
16836,39.84004211425781
16837,18.830671310424805
16838,26.25050926208496
16839,24.761743545532227
16840,55.985145568847656
16841,35.54780578613281
16842,52.474971771240234
16843,39.47499465942383
16844,67.02153015136719
16845,25.93121910095215
16846,17.88665008544922
16847,27.988567352294922
16848,45.433319091796875
16849,36.897430419921875
16850,25.737545013427734
16851,40.81452178955078
16852,20.822328567504883
16853,23.072681427001953
16854,52.61465072631836
16855,42.826820373535156
16856,32.617374420166016
16857,16.311187744140625
16858,50.81160354614258
16859,21.106000900268555
16860,37.39574432373047
16861,31.64362144470215
16862,15.300764083862305
16863,14.622404098510742
16864,48.0301628112793
16865,13.48332691192627
16866,105.33979797363281
16867,16.367778778076172
16868,16.99578285217285
16869,38.98091506958008
16870,35.538787841796875
16871,35.85752487182617
16872,24.844884872436523
16873,53.325992584228516
16874,39.2870979309082
16875,110.74296569824219
16876,25.735315322875977
16877,54.717376708984375
16878,28.27597427368164
16879,35.779056549072266
16880,40.53047561645508
16881,39.937255859375
16882,31.181243896484375
16883,42.33794403076172
16884,15.927614212036133
16885,30.29548454284668
16886,51.36137008666992
16887,43.021026611328125
16888,32.36541748046875
16889,28.357572555541992
16890,27.62261962890625
16891,53.706363677978516
16892,27.82520866394043
16893,24.31011199951172
16894,23.951688766479492
16895,26.47561264038086
16896,25.898548126220703
16897,53.56480407714844
16898,44.485355377197266
16899,17.76580238342285
16900,15.612656593322754
16901,13.794241905212402
16902,52.15050506591797
16903,23.971384048461914
16904,33.98634719848633
16905,44.55561828613281
16906,31.53635025024414
16907,39.35140609741211
16908,33.61428451538086
16909,23.641450881958008
16910,83.88400268554688
16911,33.41872024536133
16912,25.07732582092285
16913,28.66396713256836
16914,40.681373596191406
16915,21.37563133239746
16916,34.35436248779297
16917,31.64249038696289
16918,26.633512496948242
16919,18.46078872680664
16920,23.742658615112305
16921,69.39307403564453
16922,36.73674392700195
16923,35.56662368774414
16924,32.562007904052734
16925,12.822588920593262
16926,33.35277557373047
16927,70.03046417236328
16928,52.040897369384766
16929,35.806400299072266
16930,53.24298858642578
16931,33.72332763671875
16932,42.65225601196289
16933,31.231599807739258
16934,46.99982452392578
16935,56.83872985839844
16936,29.734983444213867
16937,47.700340270996094
16938,71.75605010986328
16939,73.61341094970703
16940,28.47698974609375
16941,30.899078369140625
16942,20.723278045654297
16943,49.85970687866211
16944,23.555452346801758
16945,17.554906845092773
16946,46.46443557739258
16947,43.15277099609375
16948,57.87377166748047
16949,64.88060760498047
16950,60.420379638671875
16951,29.250558853149414
16952,40.01439666748047
16953,37.54526901245117
16954,21.530406951904297
16955,59.71113586425781
16956,37.931575775146484
16957,21.725847244262695
16958,66.3826904296875
16959,39.85963439941406
16960,18.830589294433594
16961,26.265995025634766
16962,24.76792335510254
16963,55.99927520751953
16964,35.54663848876953
16965,52.457130432128906
16966,39.479671478271484
16967,66.99608612060547
16968,25.931495666503906
16969,17.88792610168457
16970,27.990942001342773
16971,45.4213752746582
16972,36.90806198120117
16973,25.75797462463379
16974,40.798736572265625
16975,20.819229125976562
16976,23.06228256225586
16977,52.61223220825195
16978,42.81135177612305
16979,32.633548736572266
16980,16.321754455566406
16981,50.8026123046875
16982,21.106937408447266
16983,37.38942337036133
16984,31.65317153930664
16985,15.291828155517578
16986,14.604593276977539
16987,48.03055191040039
16988,13.483372688293457
16989,105.32856750488281
16990,16.367961883544922
16991,16.998794555664062
16992,38.98592758178711
16993,35.563072204589844
16994,35.87043380737305
16995,24.836883544921875
16996,53.34128952026367
16997,39.2772102355957
16998,110.71822357177734
16999,25.73689842224121
17000,54.73093032836914
17001,28.242372512817383
17002,35.759742736816406
17003,40.5162353515625
17004,39.93898391723633
17005,31.157381057739258
17006,42.359092712402344
17007,15.917577743530273
17008,30.283096313476562
17009,51.38639450073242
17010,43.002418518066406
17011,32.36695861816406
17012,28.364883422851562
17013,27.61972999572754
17014,53.70167541503906
17015,27.828527450561523
17016,24.323102951049805
17017,23.968204498291016
17018,26.47754669189453
17019,25.881540298461914
17020,53.554561614990234
17021,44.47939682006836
17022,17.750751495361328
17023,15.6104154586792
17024,13.792742729187012
17025,52.1391487121582
17026,23.944860458374023
17027,33.99433135986328
17028,44.558555603027344
17029,31.569400787353516
17030,39.36537170410156
17031,33.62146759033203
17032,23.63158416748047
17033,83.89445495605469
17034,33.425785064697266
17035,25.091768264770508
17036,28.668109893798828
17037,40.671897888183594
17038,21.37978172302246
17039,34.36298370361328
17040,31.63625717163086
17041,26.623613357543945
17042,18.455034255981445
17043,23.73944091796875
17044,69.36576843261719
17045,36.742835998535156
17046,35.55730438232422
17047,32.56088638305664
17048,12.826254844665527
17049,33.33938980102539
17050,70.01132202148438
17051,52.024723052978516
17052,35.807762145996094
17053,53.249290466308594
17054,33.738365173339844
17055,42.63014221191406
17056,31.23165512084961
17057,47.00647735595703
17058,56.84493637084961
17059,29.733854293823242
17060,47.69282531738281
17061,71.76424407958984
17062,73.61676025390625
17063,28.482892990112305
17064,30.889251708984375
17065,20.730527877807617
17066,49.84080123901367
17067,23.54802703857422
17068,17.54816246032715
17069,46.47075271606445
17070,43.148494720458984
17071,57.86920166015625
17072,64.87323760986328
17073,60.407779693603516
17074,29.246950149536133
17075,40.00750732421875
17076,37.54780578613281
17077,21.52861976623535
17078,59.69404602050781
17079,37.955413818359375
17080,21.73002815246582
17081,66.37663269042969
17082,39.878868103027344
17083,18.83037567138672
17084,26.281349182128906
17085,24.774263381958008
17086,56.01301193237305
17087,35.5454216003418
17088,52.43878936767578
17089,39.484474182128906
17090,66.97077941894531
17091,25.931493759155273
17092,17.889223098754883
17093,27.993022918701172
17094,45.40940475463867
17095,36.918643951416016
17096,25.778364181518555
17097,40.782859802246094
17098,20.816373825073242
17099,23.051847457885742
17100,52.61000442504883
17101,42.79597854614258
17102,32.649932861328125
17103,16.3325138092041
17104,50.793636322021484
17105,21.10808563232422
17106,37.3828010559082
17107,31.662586212158203
17108,15.28360366821289
17109,14.587163925170898
17110,48.03075408935547
17111,13.483620643615723
17112,105.31724548339844
17113,16.368446350097656
17114,17.00248908996582
17115,38.990596771240234
17116,35.58744430541992
17117,35.88351058959961
17118,24.829002380371094
17119,53.35713577270508
17120,39.267311096191406
17121,110.69363403320312
17122,25.738658905029297
17123,54.74455261230469
17124,28.20918846130371
17125,35.74028015136719
17126,40.5023307800293
17127,39.94089126586914
17128,31.133502960205078
17129,42.380367279052734
17130,15.908127784729004
17131,30.271039962768555
17132,51.41122055053711
17133,42.98389434814453
17134,32.36870193481445
17135,28.372220993041992
17136,27.616939544677734
17137,53.69712829589844
17138,27.832136154174805
17139,24.336061477661133
17140,23.984834671020508
17141,26.4789981842041
17142,25.864728927612305
17143,53.54459762573242
17144,44.47382354736328
17145,17.73564910888672
17146,15.608189582824707
17147,13.790786743164062
17148,52.12799072265625
17149,23.918649673461914
17150,34.00238037109375
17151,44.56136703491211
17152,31.60262107849121
17153,39.37936019897461
17154,33.628360748291016
17155,23.621936798095703
17156,83.90484619140625
17157,33.432228088378906
17158,25.106380462646484
17159,28.672605514526367
17160,40.66248321533203
17161,21.38404655456543
17162,34.371646881103516
17163,31.630094528198242
17164,26.613920211791992
17165,18.44942855834961
17166,23.736501693725586
17167,69.33814239501953
17168,36.74919128417969
17169,35.54853820800781
17170,32.55986022949219
17171,12.830028533935547
17172,33.32633590698242
17173,69.99209594726562
17174,52.00856399536133
17175,35.80854415893555
17176,53.25542068481445
17177,33.75434494018555
17178,42.60845184326172
17179,31.231752395629883
17180,47.01325607299805
17181,56.85108947753906
17182,29.732576370239258
17183,47.685401916503906
17184,71.77239227294922
17185,73.61985778808594
17186,28.488697052001953
17187,30.87945556640625
17188,20.737838745117188
17189,49.82199478149414
17190,23.540565490722656
17191,17.542240142822266
17192,46.47652816772461
17193,43.1440544128418
17194,57.865325927734375
17195,64.8656997680664
17196,60.39517593383789
17197,29.244169235229492
17198,40.00069808959961
17199,37.55038070678711
17200,21.52654457092285
17201,59.676876068115234
17202,37.97903823852539
17203,21.734277725219727
17204,66.37089538574219
17205,39.89850616455078
17206,18.829973220825195
17207,26.296676635742188
17208,24.780458450317383
17209,56.0241813659668
17210,35.54414749145508
17211,52.42022705078125
17212,39.489410400390625
17213,66.9453353881836
17214,25.93134880065918
17215,17.89044189453125
17216,27.99525260925293
17217,45.397239685058594
17218,36.92963790893555
17219,25.798429489135742
17220,40.76701736450195
17221,20.813446044921875
17222,23.041400909423828
17223,52.60797882080078
17224,42.78050994873047
17225,32.6662483215332
17226,16.34319496154785
17227,50.784507751464844
17228,21.10944938659668
17229,37.376190185546875
17230,31.6719970703125
17231,15.275619506835938
17232,14.570018768310547
17233,48.031063079833984
17234,13.484392166137695
17235,105.30599212646484
17236,16.369033813476562
17237,17.00664520263672
17238,38.99515914916992
17239,35.61185836791992
17240,35.89686584472656
17241,24.821117401123047
17242,53.373130798339844
17243,39.257713317871094
17244,110.66958618164062
17245,25.740388870239258
17246,54.75790023803711
17247,28.17581558227539
17248,35.720706939697266
17249,40.488765716552734
17250,39.94282531738281
17251,31.10991859436035
17252,42.40108108520508
17253,15.898767471313477
17254,30.259124755859375
17255,51.43617248535156
17256,42.96561050415039
17257,32.37036895751953
17258,28.379804611206055
17259,27.61419105529785
17260,53.69257354736328
17261,27.835519790649414
17262,24.34904670715332
17263,24.00140380859375
17264,26.480470657348633
17265,25.848270416259766
17266,53.535133361816406
17267,44.46852111816406
17268,17.720630645751953
17269,15.60599136352539
17270,13.788759231567383
17271,52.11708068847656
17272,23.89273452758789
17273,34.01055908203125
17274,44.56404495239258
17275,31.635726928710938
17276,39.39331817626953
17277,33.63540267944336
17278,23.612262725830078
17279,83.9151382446289
17280,33.43828201293945
17281,25.121065139770508
17282,28.677343368530273
17283,40.65302658081055
17284,21.388269424438477
17285,34.380069732666016
17286,31.623929977416992
17287,26.60430908203125
17288,18.44413948059082
17289,23.733795166015625
17290,69.3106460571289
17291,36.75583267211914
17292,35.53984832763672
17293,32.55895233154297
17294,12.83410930633545
17295,33.313201904296875
17296,69.97286987304688
17297,51.9926643371582
17298,35.80904006958008
17299,53.261436462402344
17300,33.770240783691406
17301,42.587032318115234
17302,31.231595993041992
17303,47.020172119140625
17304,56.85758590698242
17305,29.731252670288086
17306,47.678077697753906
17307,71.78086853027344
17308,73.62356567382812
17309,28.494539260864258
17310,30.86956024169922
17311,20.74505615234375
17312,49.80298614501953
17313,23.53327178955078
17314,17.537031173706055
17315,46.482261657714844
17316,43.1397590637207
17317,57.8621826171875
17318,64.85794067382812
17319,60.382667541503906
17320,29.242691040039062
17321,39.99455261230469
17322,37.55253219604492
17323,21.524703979492188
17324,59.659847259521484
17325,38.00282287597656
17326,21.73867416381836
17327,66.36512756347656
17328,39.91803741455078
17329,18.829378128051758
17330,26.312040328979492
17331,24.786596298217773
17332,56.03441619873047
17333,35.542999267578125
17334,52.401954650878906
17335,39.494239807128906
17336,66.92015075683594
17337,25.931001663208008
17338,17.89147186279297
17339,27.996973037719727
17340,45.385433197021484
17341,36.94062042236328
17342,25.818418502807617
17343,40.75142288208008
17344,20.810651779174805
17345,23.03087043762207
17346,52.606048583984375
17347,42.7653694152832
17348,32.682533264160156
17349,16.354045867919922
17350,50.77571487426758
17351,21.1109561920166
17352,37.36933135986328
17353,31.681325912475586
17354,15.267730712890625
17355,14.552793502807617
17356,48.03146743774414
17357,13.48521614074707
17358,105.29461669921875
17359,16.369638442993164
17360,17.010635375976562
17361,38.99948501586914
17362,35.63633728027344
17363,35.90995788574219
17364,24.813251495361328
17365,53.389564514160156
17366,39.24822235107422
17367,110.64629364013672
17368,25.74237632751465
17369,54.77122497558594
17370,28.142486572265625
17371,35.701194763183594
17372,40.47530746459961
17373,39.94495391845703
17374,31.08608627319336
17375,42.42186737060547
17376,15.889421463012695
17377,30.24733543395996
17378,51.461280822753906
17379,42.94728088378906
17380,32.37224197387695
17381,28.38744354248047
17382,27.61151885986328
17383,53.688133239746094
17384,27.839252471923828
17385,24.36186981201172
17386,24.01820945739746
17387,26.48167610168457
17388,25.83194923400879
17389,53.5261116027832
17390,44.463462829589844
17391,17.705669403076172
17392,15.603337287902832
17393,13.786757469177246
17394,52.106956481933594
17395,23.86656379699707
17396,34.01884460449219
17397,44.56679916381836
17398,31.668804168701172
17399,39.40717315673828
17400,33.642337799072266
17401,23.60266876220703
17402,83.9254379272461
17403,33.44380187988281
17404,25.136051177978516
17405,28.68220329284668
17406,40.643585205078125
17407,21.392419815063477
17408,34.38877487182617
17409,31.61758804321289
17410,26.594850540161133
17411,18.43939971923828
17412,23.73118782043457
17413,69.28390502929688
17414,36.76232147216797
17415,35.531986236572266
17416,32.55794906616211
17417,12.83810043334961
17418,33.30031204223633
17419,69.95394897460938
17420,51.977073669433594
17421,35.81003189086914
17422,53.267723083496094
17423,33.78562545776367
17424,42.565799713134766
17425,31.231590270996094
17426,47.0273323059082
17427,56.86433029174805
17428,29.729703903198242
17429,47.67098617553711
17430,71.78984069824219
17431,73.6278305053711
17432,28.500328063964844
17433,30.85945701599121
17434,20.75229835510254
17435,49.7843132019043
17436,23.526132583618164
17437,17.531999588012695
17438,46.488243103027344
17439,43.135684967041016
17440,57.85985565185547
17441,64.85038757324219
17442,60.37062072753906
17443,29.241680145263672
17444,39.98896026611328
17445,37.55460739135742
17446,21.523372650146484
17447,59.64304733276367
17448,38.02653503417969
17449,21.74298667907715
17450,66.35872650146484
17451,39.93741226196289
17452,18.82880401611328
17453,26.327606201171875
17454,24.792644500732422
17455,56.044193267822266
17456,35.54182815551758
17457,52.383846282958984
17458,39.499183654785156
17459,66.89513397216797
17460,25.930387496948242
17461,17.89223289489746
17462,27.998815536499023
17463,45.373756408691406
17464,36.9516487121582
17465,25.838136672973633
17466,40.73603439331055
17467,20.807872772216797
17468,23.020360946655273
17469,52.604373931884766
17470,42.75042724609375
17471,32.698551177978516
17472,16.364763259887695
17473,50.76676940917969
17474,21.112417221069336
17475,37.362037658691406
17476,31.690601348876953
17477,15.25987434387207
17478,14.535539627075195
17479,48.03194808959961
17480,13.486618995666504
17481,105.28361511230469
17482,16.370140075683594
17483,17.014671325683594
17484,39.00337600708008
17485,35.6607666015625
17486,35.92325210571289
17487,24.80567741394043
17488,53.406131744384766
17489,39.238792419433594
17490,110.62386322021484
17491,25.744279861450195
17492,54.78459548950195
17493,28.10909080505371
17494,35.68181228637695
17495,40.46208953857422
17496,39.94700622558594
17497,31.062252044677734
17498,42.4425163269043
17499,15.880249977111816
17500,30.235671997070312
17501,51.486324310302734
17502,42.92890167236328
17503,32.374244689941406
17504,28.395158767700195
17505,27.608705520629883
17506,53.6839714050293
17507,27.842870712280273
17508,24.37466812133789
17509,24.034860610961914
17510,26.483036041259766
17511,25.81544303894043
17512,53.517822265625
17513,44.458526611328125
17514,17.69051170349121
17515,15.600611686706543
17516,13.78474235534668
17517,52.09721374511719
17518,23.84040641784668
17519,34.02704620361328
17520,44.569610595703125
17521,31.701873779296875
17522,39.4210319519043
17523,33.649436950683594
17524,23.593063354492188
17525,83.93557739257812
17526,33.449031829833984
17527,25.151315689086914
17528,28.68739891052246
17529,40.63408660888672
17530,21.396560668945312
17531,34.397743225097656
17532,31.61117172241211
17533,26.585521697998047
17534,18.435033798217773
17535,23.728891372680664
17536,69.25748443603516
17537,36.769168853759766
17538,35.524208068847656
17539,32.557044982910156
17540,12.842074394226074
17541,33.287391662597656
17542,69.9354248046875
17543,51.962074279785156
17544,35.81132507324219
17545,53.273948669433594
17546,33.800437927246094
17547,42.54487609863281
17548,31.23118019104004
17549,47.03477478027344
17550,56.87145233154297
17551,29.728160858154297
17552,47.66423416137695
17553,71.79937744140625
17554,73.63306427001953
17555,28.506271362304688
17556,30.8492374420166
17557,20.759578704833984
17558,49.76544189453125
17559,23.51944923400879
17560,17.527362823486328
17561,46.49422073364258
17562,43.13192367553711
17563,57.85787582397461
17564,64.84326934814453
17565,60.35869598388672
17566,29.24159812927246
17567,39.983882904052734
17568,37.55647659301758
17569,21.522600173950195
17570,59.626739501953125
17571,38.0503044128418
17572,21.74737548828125
17573,66.35214233398438
17574,39.9566535949707
17575,18.82830047607422
17576,26.34308433532715
17577,24.798992156982422
17578,56.054141998291016
17579,35.54064178466797
17580,52.36598587036133
17581,39.50434875488281
17582,66.87081146240234
17583,25.929580688476562
17584,17.892911911010742
17585,28.000558853149414
17586,45.36224365234375
17587,36.96272277832031
17588,25.85773277282715
17589,40.7208137512207
17590,20.80496597290039
17591,23.009700775146484
17592,52.602962493896484
17593,42.73566436767578
17594,32.714393615722656
17595,16.37557601928711
17596,50.75810241699219
17597,21.113975524902344
17598,37.35451889038086
17599,31.699655532836914
17600,15.251971244812012
17601,14.518229484558105
17602,48.03244400024414
17603,13.487777709960938
17604,105.27360534667969
17605,16.370525360107422
17606,17.018526077270508
17607,39.00737762451172
17608,35.68473815917969
17609,35.93659973144531
17610,24.7981014251709
17611,53.423133850097656
17612,39.229270935058594
17613,110.60276794433594
17614,25.746187210083008
17615,54.79794692993164
17616,28.07539939880371
17617,35.66286849975586
17618,40.44926071166992
17619,39.949440002441406
17620,31.03817367553711
17621,42.463111877441406
17622,15.870820045471191
17623,30.224206924438477
17624,51.51156997680664
17625,42.91039276123047
17626,32.376224517822266
17627,28.402978897094727
17628,27.605588912963867
17629,53.67989730834961
17630,27.846677780151367
17631,24.387392044067383
17632,24.051513671875
17633,26.4840145111084
17634,25.799238204956055
17635,53.51045608520508
17636,44.45405197143555
17637,17.675392150878906
17638,15.597573280334473
17639,13.782840728759766
17640,52.08834457397461
17641,23.814002990722656
17642,34.0354118347168
17643,44.57246780395508
17644,31.734830856323242
17645,39.434783935546875
17646,33.65664291381836
17647,23.58356475830078
17648,83.94596862792969
17649,33.453731536865234
17650,25.166868209838867
17651,28.692787170410156
17652,40.62446212768555
17653,21.40053939819336
17654,34.40675735473633
17655,31.60464096069336
17656,26.576374053955078
17657,18.431095123291016
17658,23.72684669494629
17659,69.23094177246094
17660,36.77640151977539
17661,35.516944885253906
17662,32.55610656738281
17663,12.846487998962402
17664,33.27494430541992
17665,69.91690063476562
17666,51.94732666015625
17667,35.8121223449707
17668,53.2804069519043
17669,33.81621551513672
17670,42.5230827331543
17671,31.232471466064453
17672,47.03990173339844
17673,56.87449645996094
17674,29.728107452392578
17675,47.65589141845703
17676,71.80437469482422
17677,73.63056945800781
17678,28.51022720336914
17679,30.839611053466797
17680,20.76786231994629
17681,49.746028900146484
17682,23.5131893157959
17683,17.524978637695312
17684,46.500526428222656
17685,43.126338958740234
17686,57.8574333190918
17687,64.83391571044922
17688,60.34493637084961
17689,29.241371154785156
17690,39.97761535644531
17691,37.558937072753906
17692,21.5225830078125
17693,59.607364654541016
17694,38.07408905029297
17695,21.75375747680664
17696,66.34492492675781
17697,39.976280212402344
17698,18.828622817993164
17699,26.360414505004883
17700,24.804521560668945
17701,56.05463790893555
17702,35.53968811035156
17703,52.344757080078125
17704,39.51020812988281
17705,66.84033966064453
17706,25.927480697631836
17707,17.89375114440918
17708,28.001863479614258
17709,45.34929656982422
17710,36.97462463378906
17711,25.878265380859375
17712,40.703128814697266
17713,20.80320167541504
17714,22.999351501464844
17715,52.5991096496582
17716,42.717960357666016
17717,32.731075286865234
17718,16.386995315551758
17719,50.74589157104492
17720,21.116594314575195
17721,37.34522247314453
17722,31.709026336669922
17723,15.24671745300293
17724,14.502755165100098
17725,48.031463623046875
17726,13.488672256469727
17727,105.26573944091797
17728,16.37120819091797
17729,17.024778366088867
17730,39.01237869262695
17731,35.704078674316406
17732,35.95347213745117
17733,24.789583206176758
17734,53.44273376464844
17735,39.21898651123047
17736,110.5777359008789
17737,25.749080657958984
17738,54.81107711791992
17739,28.04438018798828
17740,35.63954162597656
17741,40.43800735473633
17742,39.951759338378906
17743,31.01575469970703
17744,42.482418060302734
17745,15.863663673400879
17746,30.212926864624023
17747,51.5351676940918
17748,42.893409729003906
17749,32.37845993041992
17750,28.411746978759766
17751,27.606082916259766
17752,53.67710876464844
17753,27.849477767944336
17754,24.400644302368164
17755,24.06951332092285
17756,26.4852237701416
17757,25.783803939819336
17758,53.49669647216797
17759,44.44648742675781
17760,17.66057586669922
17761,15.600137710571289
17762,13.77914810180664
17763,52.07035446166992
17764,23.7899227142334
17765,34.04329299926758
17766,44.57529830932617
17767,31.769502639770508
17768,39.446197509765625
17769,33.66322326660156
17770,23.576574325561523
17771,83.94792175292969
17772,33.46165084838867
17773,25.181503295898438
17774,28.70058822631836
17775,40.61591720581055
17776,21.405641555786133
17777,34.41536331176758
17778,31.60087776184082
17779,26.56702423095703
17780,18.423751831054688
17781,23.723342895507812
17782,69.19774627685547
17783,36.782432556152344
17784,35.50119400024414
17785,32.55559158325195
17786,12.846370697021484
17787,33.2584114074707
17788,69.89987182617188
17789,51.931495666503906
17790,35.81424331665039
17791,53.28460693359375
17792,33.82780075073242
17793,42.50154113769531
17794,31.228351593017578
17795,47.0488166809082
17796,56.885231018066406
17797,29.725814819335938
17798,47.64796447753906
17799,71.81356048583984
17800,73.63473510742188
17801,28.516191482543945
17802,30.831092834472656
17803,20.775821685791016
17804,49.727996826171875
17805,23.50462532043457
17806,17.52338409423828
17807,46.50508117675781
17808,43.120365142822266
17809,57.85851287841797
17810,64.82327270507812
17811,60.33043670654297
17812,29.24825096130371
17813,39.974178314208984
17814,37.55977249145508
17815,21.522716522216797
17816,59.588340759277344
17817,38.100521087646484
17818,21.758909225463867
17819,66.3395767211914
17820,39.995269775390625
17821,18.82852554321289
17822,26.37584114074707
17823,24.811159133911133
17824,56.063812255859375
17825,35.5381965637207
17826,52.32276153564453
17827,39.51537322998047
17828,66.8121566772461
17829,25.927480697631836
17830,17.895719528198242
17831,28.004430770874023
17832,45.33535385131836
17833,36.986568450927734
17834,25.899925231933594
17835,40.68583297729492
17836,20.800811767578125
17837,22.989704132080078
17838,52.59724426269531
17839,42.700645446777344
17840,32.74794387817383
17841,16.398839950561523
17842,50.73611831665039
17843,21.118785858154297
17844,37.338565826416016
17845,31.7188663482666
17846,15.242350578308105
17847,14.487920761108398
17848,48.031158447265625
17849,13.488883972167969
17850,105.25482177734375
17851,16.373184204101562
17852,17.031681060791016
17853,39.01687240600586
17854,35.727657318115234
17855,35.96833419799805
17856,24.78011703491211
17857,53.46158218383789
17858,39.20989990234375
17859,110.55179595947266
17860,25.75227165222168
17861,54.823516845703125
17862,28.013776779174805
17863,35.61726379394531
17864,40.4265022277832
17865,39.95393753051758
17866,30.99348258972168
17867,42.503028869628906
17868,15.856490135192871
17869,30.20140266418457
17870,51.55915451049805
17871,42.87666702270508
17872,32.380531311035156
17873,28.420536041259766
17874,27.60521697998047
17875,53.67338180541992
17876,27.852148056030273
17877,24.41386604309082
17878,24.087726593017578
17879,26.485885620117188
17880,25.770204544067383
17881,53.487972259521484
17882,44.44371032714844
17883,17.64626121520996
17884,15.597844123840332
17885,13.77510929107666
17886,52.05833435058594
17887,23.767114639282227
17888,34.051666259765625
17889,44.576942443847656
17890,31.804157257080078
17891,39.46049118041992
17892,33.66988754272461
17893,23.568323135375977
17894,83.95584869384766
17895,33.467891693115234
17896,25.19666290283203
17897,28.707212448120117
17898,40.60700988769531
17899,21.410146713256836
17900,34.423583984375
17901,31.596698760986328
17902,26.558399200439453
17903,18.419038772583008
17904,23.72075653076172
17905,69.166259765625
17906,36.7895393371582
17907,35.49077224731445
17908,32.55501174926758
17909,12.849220275878906
17910,33.243682861328125
17911,69.88153839111328
17912,51.91521453857422
17913,35.81462478637695
17914,53.28968048095703
17915,33.842594146728516
17916,42.48123550415039
17917,31.225479125976562
17918,47.05790328979492
17919,56.895713806152344
17920,29.72325897216797
17921,47.640899658203125
17922,71.82411193847656
17923,73.64104461669922
17924,28.522415161132812
17925,30.82157325744629
17926,20.783334732055664
17927,49.709407806396484
17928,23.49669647216797
17929,17.521678924560547
17930,46.509788513183594
17931,43.11529541015625
17932,57.85981369018555
17933,64.8140869140625
17934,60.31727600097656
17935,29.255081176757812
17936,39.971588134765625
17937,37.560523986816406
17938,21.523059844970703
17939,59.57062530517578
17940,38.12652587890625
17941,21.763460159301758
17942,66.3338851928711
17943,40.01436233520508
17944,18.828107833862305
17945,26.39133071899414
17946,24.81781768798828
17947,56.07415771484375
17948,35.536800384521484
17949,52.30178451538086
17950,39.521263122558594
17951,66.78523254394531
17952,25.927400588989258
17953,17.897432327270508
17954,28.006799697875977
17955,45.322288513183594
17956,36.9984130859375
17957,25.92049217224121
17958,40.66920471191406
17959,20.79832649230957
17960,22.979991912841797
17961,52.59619140625
17962,42.68460464477539
17963,32.76387023925781
17964,16.410221099853516
17965,50.72737121582031
17966,21.1209774017334
17967,37.33127975463867
17968,31.728551864624023
17969,15.237049102783203
17970,14.472251892089844
17971,48.03113555908203
17972,13.489605903625488
17973,105.24530029296875
17974,16.37441062927246
17975,17.037782669067383
17976,39.02070617675781
17977,35.750709533691406
17978,35.98350143432617
17979,24.771615982055664
17980,53.480648040771484
17981,39.20063400268555
17982,110.5287094116211
17983,25.754919052124023
17984,54.836605072021484
17985,27.981807708740234
17986,35.595619201660156
17987,40.41545104980469
17988,39.9566650390625
17989,30.97007179260254
17990,42.523197174072266
17991,15.84885311126709
17992,30.190279006958008
17993,51.583656311035156
17994,42.85894775390625
17995,32.382896423339844
17996,28.429161071777344
17997,27.60416030883789
17998,53.670433044433594
17999,27.855308532714844
18000,24.426721572875977
18001,24.10543441772461
18002,26.486711502075195
18003,25.756227493286133
18004,53.481689453125
18005,44.441471099853516
18006,17.63129425048828
18007,15.595398902893066
18008,13.77097225189209
18009,52.04813766479492
18010,23.743337631225586
18011,34.060428619384766
18012,44.57854080200195
18013,31.838407516479492
18014,39.47528076171875
18015,33.6771125793457
18016,23.55954933166504
18017,83.9674072265625
18018,33.474578857421875
18019,25.211708068847656
18020,28.713470458984375
18021,40.59796142578125
18022,21.41459846496582
18023,34.43263626098633
18024,31.591421127319336
18025,26.54975700378418
18026,18.414873123168945
18027,23.718482971191406
18028,69.13666534423828
18029,36.79685592651367
18030,35.48136901855469
18031,32.55425262451172
18032,12.852688789367676
18033,33.22991180419922
18034,69.8633041381836
18035,51.89970397949219
18036,35.81568908691406
18037,53.29549026489258
18038,33.85744857788086
18039,42.46015167236328
18040,31.224088668823242
18041,47.06642150878906
18042,56.905235290527344
18043,29.720958709716797
18044,47.63419723510742
18045,71.8346939086914
18046,73.64706420898438
18047,28.528549194335938
18048,30.81146240234375
18049,20.7910099029541
18050,49.690677642822266
18051,23.489791870117188
18052,17.520164489746094
18053,46.51517105102539
18054,43.11094665527344
18055,57.86197280883789
18056,64.8053207397461
18057,60.3046875
18058,29.261388778686523
18059,39.96939468383789
18060,37.56109619140625
18061,21.524396896362305
18062,59.55281066894531
18063,38.15239715576172
18064,21.768625259399414
18065,66.32653045654297
18066,40.03314208984375
18067,18.828168869018555
18068,26.407541275024414
18069,24.8244686126709
18070,56.08251190185547
18071,35.535301208496094
18072,52.28057098388672
18073,39.52732849121094
18074,66.75788879394531
18075,25.92618751525879
18076,17.898452758789062
18077,28.00862693786621
18078,45.309837341308594
18079,37.01042175292969
18080,25.9404354095459
18081,40.653255462646484
18082,20.795501708984375
18083,22.971004486083984
18084,52.59573745727539
18085,42.66913986206055
18086,32.77846908569336
18087,16.42159652709961
18088,50.7191162109375
18089,21.123308181762695
18090,37.32246398925781
18091,31.73786163330078
18092,15.23110294342041
18093,14.455757141113281
18094,48.03125762939453
18095,13.492134094238281
18096,105.2354965209961
18097,16.37525749206543
18098,17.0432071685791
18099,39.0244140625
18100,35.774234771728516
18101,35.99864196777344
18102,24.764724731445312
18103,53.49952697753906
18104,39.19074630737305
18105,110.5067138671875
18106,25.75728416442871
18107,54.850276947021484
18108,27.948707580566406
18109,35.57428741455078
18110,40.40449142456055
18111,39.95964431762695
18112,30.94600486755371
18113,42.543087005615234
18114,15.840496063232422
18115,30.179065704345703
18116,51.60886001586914
18117,42.84087371826172
18118,32.38538360595703
18119,28.437698364257812
18120,27.602479934692383
18121,53.66766357421875
18122,27.85902976989746
18123,24.439590454101562
18124,24.12278175354004
18125,26.487701416015625
18126,25.740802764892578
18127,53.475616455078125
18128,44.438236236572266
18129,17.615856170654297
18130,15.592903137207031
18131,13.768163681030273
18132,52.03904342651367
18133,23.717309951782227
18134,34.06919479370117
18135,44.581031799316406
18136,31.87223243713379
18137,39.489139556884766
18138,33.68450927734375
18139,23.5502872467041
18140,83.97840881347656
18141,33.479644775390625
18142,25.227659225463867
18143,28.719810485839844
18144,40.58835983276367
18145,21.418943405151367
18146,34.44220733642578
18147,31.585065841674805
18148,26.54100227355957
18149,18.411542892456055
18150,23.716651916503906
18151,69.10877990722656
18152,36.80437469482422
18153,35.47345733642578
18154,32.55349349975586
18155,12.856552124023438
18156,33.21681594848633
18157,69.8453369140625
18158,51.88520431518555
18159,35.817806243896484
18160,53.301753997802734
18161,33.87166976928711
18162,42.439090728759766
18163,31.22344398498535
18164,47.074554443359375
18165,56.91323471069336
18166,29.719470977783203
18167,47.62727355957031
18168,71.84432983398438
18169,73.65160369873047
18170,28.53400993347168
18171,30.80120277404785
18172,20.798969268798828
18173,49.6712646484375
18174,23.484058380126953
18175,17.518795013427734
18176,46.521095275878906
18177,43.10665512084961
18178,57.86446762084961
18179,64.79702758789062
18180,60.29206848144531
18181,29.266813278198242
18182,39.966819763183594
18183,37.56205749511719
18184,21.526262283325195
18185,59.53481674194336
18186,38.17768096923828
18187,21.774425506591797
18188,66.31798553466797
18189,40.05210494995117
18190,18.828550338745117
18191,26.424692153930664
18192,24.830942153930664
18193,56.087833404541016
18194,35.534019470214844
18195,52.26094055175781
18196,39.533042907714844
18197,66.73046112060547
18198,25.92392349243164
18199,17.898765563964844
18200,28.009601593017578
18201,45.298091888427734
18202,37.02267837524414
18203,25.959321975708008
18204,40.63813400268555
18205,20.79237937927246
18206,22.962297439575195
18207,52.59550094604492
18208,42.65445327758789
18209,32.79330825805664
18210,16.4327449798584
18211,50.710792541503906
18212,21.125452041625977
18213,37.31382369995117
18214,31.74700164794922
18215,15.22378158569336
18216,14.438464164733887
18217,48.031578063964844
18218,13.495474815368652
18219,105.22500610351562
18220,16.375905990600586
18221,17.04767608642578
18222,39.028289794921875
18223,35.797950744628906
18224,36.0135383605957
18225,24.757909774780273
18226,53.51850891113281
18227,39.18073272705078
18228,110.48705291748047
18229,25.75970458984375
18230,54.8641471862793
18231,27.914104461669922
18232,35.55352783203125
18233,40.39240264892578
18234,39.96229553222656
18235,30.92152214050293
18236,42.56283950805664
18237,15.831352233886719
18238,30.167888641357422
18239,51.63473892211914
18240,42.8223991394043
18241,32.387901306152344
18242,28.44589614868164
18243,27.60022735595703
18244,53.66448211669922
18245,27.86337661743164
18246,24.45284080505371
18247,24.139829635620117
18248,26.489622116088867
18249,25.723752975463867
18250,53.46860885620117
18251,44.43328094482422
18252,17.600109100341797
18253,15.59006118774414
18254,13.767143249511719
18255,52.0308723449707
18256,23.689128875732422
18257,34.0778694152832
18258,44.58462905883789
18259,31.90580940246582
18260,39.502655029296875
18261,33.69206237792969
18262,23.540447235107422
18263,83.98783874511719
18264,33.48314666748047
18265,25.244400024414062
18266,28.72599983215332
18267,40.57829284667969
18268,21.423004150390625
18269,34.45207595825195
18270,31.577648162841797
18271,26.532087326049805
18272,18.408557891845703
18273,23.7149715423584
18274,69.0842056274414
18275,36.811492919921875
18276,35.466976165771484
18277,32.5527229309082
18278,12.860709190368652
18279,33.20408248901367
18280,69.82743835449219
18281,51.87125778198242
18282,35.82014465332031
18283,53.308921813964844
18284,33.88655471801758
18285,42.41782760620117
18286,31.223459243774414
18287,47.08229064941406
18288,56.920326232910156
18289,29.718257904052734
18290,47.620399475097656
18291,71.8542709350586
18292,73.65657806396484
18293,28.539596557617188
18294,30.790407180786133
18295,20.806880950927734
18296,49.65171813964844
18297,23.478647232055664
18298,17.516714096069336
18299,46.527626037597656
18300,43.10307312011719
18301,57.866458892822266
18302,64.78943634033203
18303,60.28019714355469
18304,29.270431518554688
18305,39.963470458984375
18306,37.56343460083008
18307,21.527822494506836
18308,59.51737594604492
18309,38.20235061645508
18310,21.780105590820312
18311,66.30937957763672
18312,40.07170104980469
18313,18.828800201416016
18314,26.442190170288086
18315,24.837202072143555
18316,56.093021392822266
18317,35.53300857543945
18318,52.24315643310547
18319,39.53850173950195
18320,66.70409393310547
18321,25.921524047851562
18322,17.898578643798828
18323,28.01044273376465
18324,45.28705596923828
18325,37.034793853759766
18326,25.97795295715332
18327,40.62360382080078
18328,20.78924560546875
18329,22.95296287536621
18330,52.59528732299805
18331,42.64057922363281
18332,32.80806350708008
18333,16.443538665771484
18334,50.702598571777344
18335,21.12730598449707
18336,37.30464553833008
18337,31.75606918334961
18338,15.215131759643555
18339,14.420372009277344
18340,48.031982421875
18341,13.499155044555664
18342,105.21502685546875
18343,16.37605857849121
18344,17.05106544494629
18345,39.032283782958984
18346,35.82040786743164
18347,36.02903747558594
18348,24.750457763671875
18349,53.53895568847656
18350,39.170631408691406
18351,110.47290802001953
18352,25.76226806640625
18353,54.87853240966797
18354,27.876928329467773
18355,35.534000396728516
18356,40.37800216674805
18357,39.964805603027344
18358,30.896570205688477
18359,42.58262634277344
18360,15.821366310119629
18361,30.157024383544922
18362,51.66151809692383
18363,42.80366516113281
18364,32.39055252075195
18365,28.45388412475586
18366,27.59718894958496
18367,53.661170959472656
18368,27.868410110473633
18369,24.466392517089844
18370,24.15630531311035
18371,26.49250030517578
18372,25.704137802124023
18373,53.460201263427734
18374,44.425537109375
18375,17.583751678466797
18376,15.587895393371582
18377,13.767614364624023
18378,52.02277374267578
18379,23.657968521118164
18380,34.08673858642578
18381,44.58951187133789
18382,31.938678741455078
18383,39.514495849609375
18384,33.69987106323242
18385,23.530012130737305
18386,83.99441528320312
18387,33.48441696166992
18388,25.262426376342773
18389,28.732431411743164
18390,40.56772994995117
18391,21.426776885986328
18392,34.462547302246094
18393,31.56894874572754
18394,26.523330688476562
18395,18.406404495239258
18396,23.713655471801758
18397,69.06135559082031
18398,36.81902313232422
18399,35.46170425415039
18400,32.55149459838867
18401,12.8654203414917
18402,33.19233322143555
18403,69.80979919433594
18404,51.85867691040039
18405,35.824066162109375
18406,53.316402435302734
18407,33.89970016479492
18408,42.396888732910156
18409,31.223554611206055
18410,47.09083938598633
18411,56.92797088623047
18412,29.716917037963867
18413,47.614410400390625
18414,71.86591339111328
18415,73.66431427001953
18416,28.545679092407227
18417,30.779142379760742
18418,20.814838409423828
18419,49.63224792480469
18420,23.4739933013916
18421,17.51312255859375
18422,46.53501892089844
18423,43.1005744934082
18424,57.867618560791016
18425,64.78359985351562
18426,60.269771575927734
18427,29.271215438842773
18428,39.95989227294922
18429,37.56536865234375
18430,21.528980255126953
18431,59.50177764892578
18432,38.22536849975586
18433,21.78542709350586
18434,66.30001068115234
18435,40.09184265136719
18436,18.82847785949707
18437,26.459659576416016
18438,24.843379974365234
18439,56.095909118652344
18440,35.532196044921875
18441,52.227020263671875
18442,39.54417037963867
18443,66.6801986694336
18444,25.918325424194336
18445,17.8977108001709
18446,28.011125564575195
18447,45.27680587768555
18448,37.04668045043945
18449,25.9962158203125
18450,40.6098747253418
18451,20.785966873168945
18452,22.942401885986328
18453,52.59538269042969
18454,42.628231048583984
18455,32.8221321105957
18456,16.453998565673828
18457,50.69521713256836
18458,21.12911605834961
18459,37.29447555541992
18460,31.764801025390625
18461,15.20499324798584
18462,14.400537490844727
18463,48.033119201660156
18464,13.503609657287598
18465,105.20712280273438
18466,16.374622344970703
18467,17.05323600769043
18468,39.03512191772461
18469,35.841670989990234
18470,36.04428482055664
18471,24.743900299072266
18472,53.559730529785156
18473,39.16041946411133
18474,110.46333312988281
18475,25.764387130737305
18476,54.893489837646484
18477,27.837310791015625
18478,35.51602554321289
18479,40.36306381225586
18480,39.96775817871094
18481,30.870590209960938
18482,42.60192108154297
18483,15.810214042663574
18484,30.14634895324707
18485,51.68921661376953
18486,42.78384017944336
18487,32.39324951171875
18488,28.46142578125
18489,27.593074798583984
18490,53.658119201660156
18491,27.874496459960938
18492,24.479475021362305
18493,24.17211151123047
18494,26.495990753173828
18495,25.68280029296875
18496,53.45248794555664
18497,44.41642379760742
18498,17.566747665405273
18499,15.586128234863281
18500,13.769383430480957
18501,52.0156135559082
18502,23.62438201904297
18503,34.09548568725586
18504,44.595211029052734
18505,31.97102928161621
18506,39.52541732788086
18507,33.70799255371094
18508,23.51927375793457
18509,84.00240325927734
18510,33.48512268066406
18511,25.280622482299805
18512,28.738733291625977
18513,40.55677032470703
18514,21.430660247802734
18515,34.473995208740234
18516,31.559114456176758
18517,26.514198303222656
18518,18.40513801574707
18519,23.713178634643555
18520,69.04041290283203
18521,36.826873779296875
18522,35.457584381103516
18523,32.55025100708008
18524,12.871160507202148
18525,33.18179702758789
18526,69.7923583984375
18527,51.846771240234375
18528,35.828956604003906
18529,53.32449722290039
18530,33.912322998046875
18531,42.375511169433594
18532,31.224018096923828
18533,47.09923553466797
18534,56.93476867675781
18535,29.715885162353516
18536,47.60875701904297
18537,71.87820434570312
18538,73.67320251464844
18539,28.551788330078125
18540,30.767261505126953
18541,20.823017120361328
18542,49.61270523071289
18543,23.47037124633789
18544,17.508468627929688
18545,46.54347229003906
18546,43.09859848022461
18547,57.86809158325195
18548,64.7789535522461
18549,60.260406494140625
18550,29.269474029541016
18551,39.955528259277344
18552,37.5678596496582
18553,21.53020477294922
18554,59.487064361572266
18555,38.247528076171875
18556,21.79109764099121
18557,66.28926086425781
18558,40.11225128173828
18559,18.82802963256836
18560,26.47771644592285
18561,24.849138259887695
18562,56.0971565246582
18563,35.53133010864258
18564,52.2117919921875
18565,39.5503044128418
18566,66.65717315673828
18567,25.91419792175293
18568,17.895963668823242
18569,28.01132583618164
18570,45.267276763916016
18571,37.05843734741211
18572,26.013893127441406
18573,40.5969123840332
18574,20.782608032226562
18575,22.931659698486328
18576,52.59580612182617
18577,42.616859436035156
18578,32.83546829223633
18579,16.463991165161133
18580,50.68859100341797
18581,21.13094711303711
18582,37.28333282470703
18583,31.773000717163086
18584,15.193615913391113
18585,14.37972640991211
18586,48.034576416015625
18587,13.508883476257324
18588,105.1998291015625
18589,16.372770309448242
18590,17.054466247558594
18591,39.03765106201172
18592,35.86310958862305
18593,36.059268951416016
18594,24.738216400146484
18595,53.58024597167969
18596,39.15016555786133
18597,110.45658874511719
18598,25.766395568847656
18599,54.9090461730957
18600,27.795984268188477
18601,35.499488830566406
18602,40.347450256347656
18603,39.97056198120117
18604,30.84347152709961
18605,42.621429443359375
18606,15.798210144042969
18607,30.135822296142578
18608,51.717735290527344
18609,42.76329803466797
18610,32.39628219604492
18611,28.46881866455078
18612,27.588171005249023
18613,53.65520095825195
18614,27.8814697265625
18615,24.492652893066406
18616,24.187355041503906
18617,26.500383377075195
18618,25.659711837768555
18619,53.444549560546875
18620,44.40560531616211
18621,17.54918670654297
18622,15.58493709564209
18623,13.772167205810547
18624,52.00889587402344
18625,23.588661193847656
18626,34.10445785522461
18627,44.601959228515625
18628,32.003204345703125
18629,39.53527069091797
18630,33.71636962890625
18631,23.508285522460938
18632,84.01007080078125
18633,33.48462677001953
18634,25.29937744140625
18635,28.745027542114258
18636,40.54547882080078
18637,21.434558868408203
18638,34.48603439331055
18639,31.54808807373047
18640,26.505006790161133
18641,18.4041748046875
18642,23.71308135986328
18643,69.0209732055664
18644,36.83515167236328
18645,35.45417404174805
18646,32.549068450927734
18647,12.877314567565918
18648,33.17191696166992
18649,69.77503204345703
18650,51.83571243286133
18651,35.83458709716797
18652,53.33306121826172
18653,33.92428207397461
18654,42.35395431518555
18655,31.22471046447754
18656,47.10790252685547
18657,56.94155502319336
18658,29.71484375
18659,47.603519439697266
18660,71.89130401611328
18661,73.68354034423828
18662,28.55790901184082
18663,30.755218505859375
18664,20.831310272216797
18665,49.593326568603516
18666,23.467147827148438
18667,17.502605438232422
18668,46.55268859863281
18669,43.097503662109375
18670,57.867488861083984
18671,64.77530670166016
18672,60.25209045410156
18673,29.265256881713867
18674,39.950740814208984
18675,37.57099914550781
18676,21.531347274780273
18677,59.47336959838867
18678,38.26875686645508
18679,21.796499252319336
18680,66.2776107788086
18681,40.13296890258789
18682,18.827455520629883
18683,26.496129989624023
18684,24.85503578186035
18685,56.09815979003906
18686,35.530487060546875
18687,52.19796371459961
18688,39.556392669677734
18689,66.63509368896484
18690,25.909595489501953
18691,17.89388656616211
18692,28.011693954467773
18693,45.2579345703125
18694,37.070194244384766
18695,26.031652450561523
18696,40.58412170410156
18697,20.77911949157715
18698,22.91987419128418
18699,52.596160888671875
18700,42.606266021728516
18701,32.84856033325195
18702,16.473905563354492
18703,50.68234634399414
18704,21.13283920288086
18705,37.2712516784668
18706,31.781110763549805
18707,15.181358337402344
18708,14.357660293579102
18709,48.036376953125
18710,13.51418685913086
18711,105.19432830810547
18712,16.370038986206055
18713,17.055051803588867
18714,39.039817810058594
18715,35.88374710083008
18716,36.0743522644043
18717,24.732973098754883
18718,53.60109329223633
18719,39.13973617553711
18720,110.45178985595703
18721,25.768016815185547
18722,54.92472457885742
18723,27.753400802612305
18724,35.48332595825195
18725,40.33190155029297
18726,39.97382354736328
18727,30.815746307373047
18728,42.64075469970703
18729,15.785642623901367
18730,30.125503540039062
18731,51.7465705871582
18732,42.741844177246094
18733,32.399452209472656
18734,28.475976943969727
18735,27.583328247070312
18736,53.652740478515625
18737,27.888397216796875
18738,24.505630493164062
18739,24.202659606933594
18740,26.504844665527344
18741,25.636369705200195
18742,53.43815231323242
18743,44.39535140991211
18744,17.531103134155273
18745,15.583778381347656
18746,13.774979591369629
18747,52.002864837646484
18748,23.551992416381836
18749,34.11357116699219
18750,44.608585357666016
18751,32.03499221801758
18752,39.54485321044922
18753,33.72517013549805
18754,23.497146606445312
18755,84.01869201660156
18756,33.48444366455078
18757,25.31850242614746
18758,28.75152587890625
18759,40.534000396728516
18760,21.43844985961914
18761,34.49843978881836
18762,31.53656768798828
18763,26.495769500732422
18764,18.403730392456055
18765,23.713064193725586
18766,69.00167846679688
18767,36.84367752075195
18768,35.45113754272461
18769,32.547977447509766
18770,12.88399600982666
18771,33.16238021850586
18772,69.7575912475586
18773,51.824771881103516
18774,35.84069061279297
18775,53.34195327758789
18776,33.936485290527344
18777,42.3320198059082
18778,31.225875854492188
18779,47.116455078125
18780,56.94797134399414
18781,29.714094161987305
18782,47.59834289550781
18783,71.90457153320312
18784,73.69422149658203
18785,28.564369201660156
18786,30.742961883544922
18787,20.839717864990234
18788,49.57398223876953
18789,23.464052200317383
18790,17.495712280273438
18791,46.56255340576172
18792,43.096492767333984
18793,57.86601257324219
18794,64.77241516113281
18795,60.24420166015625
18796,29.258525848388672
18797,39.94506072998047
18798,37.574405670166016
18799,21.532136917114258
18800,59.45994186401367
18801,38.2893180847168
18802,21.802274703979492
18803,66.26573181152344
18804,40.15407180786133
18805,18.826967239379883
18806,26.514646530151367
18807,24.860578536987305
18808,56.09814453125
18809,35.52983856201172
18810,52.184661865234375
18811,39.562843322753906
18812,66.61316680908203
18813,25.9049015045166
18814,17.89179229736328
18815,28.01211929321289
18816,45.248626708984375
18817,37.08203887939453
18818,26.049663543701172
18819,40.571414947509766
18820,20.775787353515625
18821,22.9078426361084
18822,52.596431732177734
18823,42.5959587097168
18824,32.861473083496094
18825,16.483572006225586
18826,50.67594528198242
18827,21.134765625
18828,37.25857162475586
18829,31.78905487060547
18830,15.168644905090332
18831,14.335150718688965
18832,48.038394927978516
18833,13.519641876220703
18834,105.18965148925781
18835,16.36696434020996
18836,17.05519676208496
18837,39.041805267333984
18838,35.9041862487793
18839,36.089561462402344
18840,24.728031158447266
18841,53.62191390991211
18842,39.129093170166016
18843,110.44741821289062
18844,25.7695369720459
18845,54.94093322753906
18846,27.710241317749023
18847,35.46738815307617
18848,40.31636428833008
18849,39.97742462158203
18850,30.787582397460938
18851,42.660396575927734
18852,15.772751808166504
18853,30.115190505981445
18854,51.775917053222656
18855,42.72008514404297
18856,32.40303039550781
18857,28.483434677124023
18858,27.57855796813965
18859,53.65060806274414
18860,27.895442962646484
18861,24.518505096435547
18862,24.218055725097656
18863,26.50882911682129
18864,25.613605499267578
18865,53.43330383300781
18866,44.386192321777344
18867,17.512615203857422
18868,15.582704544067383
18869,13.777310371398926
18870,51.9969482421875
18871,23.51555061340332
18872,34.122806549072266
18873,44.615013122558594
18874,32.06705856323242
18875,39.55499267578125
18876,33.734344482421875
18877,23.48615074157715
18878,84.02982330322266
18879,33.485595703125
18880,25.337059020996094
18881,28.757646560668945
18882,40.5224494934082
18883,21.44275665283203
18884,34.5111198425293
18885,31.525062561035156
18886,26.486425399780273
18887,18.402910232543945
18888,23.712984085083008
18889,68.98182678222656
18890,36.852237701416016
18891,35.447723388671875
18892,32.54684066772461
18893,12.890658378601074
18894,33.152889251708984
18895,69.74031829833984
18896,51.813751220703125
18897,35.84709930419922
18898,53.350921630859375
18899,33.94878387451172
18900,42.309993743896484
18901,31.227359771728516
18902,47.124813079833984
18903,56.9541130065918
18904,29.71358871459961
18905,47.592872619628906
18906,71.91746520996094
18907,73.70419311523438
18908,28.570632934570312
18909,30.730337142944336
18910,20.84813117980957
18911,49.554264068603516
18912,23.46112632751465
18913,17.4888858795166
18914,46.572288513183594
18915,43.095516204833984
18916,57.86433792114258
18917,64.76910400390625
18918,60.23579406738281
18919,29.251956939697266
18920,39.939056396484375
18921,37.578033447265625
18922,21.53271484375
18923,59.44622802734375
18924,38.31019592285156
18925,21.808040618896484
18926,66.25442504882812
18927,40.17564010620117
18928,18.826547622680664
18929,26.533369064331055
18930,24.866352081298828
18931,56.0994873046875
18932,35.52934646606445
18933,52.171653747558594
18934,39.569190979003906
18935,66.59104919433594
18936,25.90038299560547
18937,17.890172958374023
18938,28.012771606445312
18939,45.23933410644531
18940,37.09391403198242
18941,26.068002700805664
18942,40.55867385864258
18943,20.772653579711914
18944,22.895851135253906
18945,52.596492767333984
18946,42.585567474365234
18947,32.87498474121094
18948,16.493297576904297
18949,50.66928482055664
18950,21.136463165283203
18951,37.24625015258789
18952,31.797382354736328
18953,15.15532112121582
18954,14.31258773803711
18955,48.04012680053711
18956,13.52454948425293
18957,105.1852035522461
18958,16.36370849609375
18959,17.055192947387695
18960,39.0443229675293
18961,35.92446517944336
18962,36.10491943359375
18963,24.72296142578125
18964,53.642669677734375
18965,39.11811447143555
18966,110.44105529785156
18967,25.77092170715332
18968,54.957183837890625
18969,27.667665481567383
18970,35.45095443725586
18971,40.30161666870117
18972,39.98124313354492
18973,30.75945472717285
18974,42.6799430847168
18975,15.760048866271973
18976,30.104732513427734
18977,51.804725646972656
18978,42.698177337646484
18979,32.40627670288086
18980,28.4910831451416
18981,27.57423973083496
18982,53.64904022216797
18983,27.902156829833984
18984,24.531179428100586
18985,24.23396873474121
18986,26.51259994506836
18987,25.591672897338867
18988,53.42914962768555
18989,44.37830352783203
18990,17.494226455688477
18991,15.582240104675293
18992,13.77922534942627
18993,51.99098205566406
18994,23.479755401611328
18995,34.132286071777344
18996,44.62080001831055
18997,32.099365234375
18998,39.565895080566406
18999,33.74388885498047
19000,23.475404739379883
19001,84.04273986816406
19002,33.48835754394531
19003,25.355009078979492
19004,28.76354217529297
19005,40.510948181152344
19006,21.44719123840332
19007,34.52376937866211
19008,31.514127731323242
19009,26.47675132751465
19010,18.401020050048828
19011,23.71241569519043
19012,68.96172332763672
19013,36.86008834838867
19014,35.4434814453125
19015,32.545711517333984
19016,12.896594047546387
19017,33.14276123046875
19018,69.72364044189453
19019,51.80287551879883
19020,35.854068756103516
19021,53.35982131958008
19022,33.96104431152344
19023,42.288082122802734
19024,31.229164123535156
19025,47.1331787109375
19026,56.960845947265625
19027,29.71343231201172
19028,47.587257385253906
19029,71.9304428100586
19030,73.7136459350586
19031,28.577112197875977
19032,30.71788215637207
19033,20.856210708618164
19034,49.53389358520508
19035,23.45821189880371
19036,17.482912063598633
19037,46.58135223388672
19038,43.094932556152344
19039,57.8635139465332
19040,64.7658920288086
19041,60.22757339477539
19042,29.247543334960938
19043,39.93403244018555
19044,37.58112335205078
19045,21.532621383666992
19046,59.4327278137207
19047,38.33177947998047
19048,21.81304168701172
19049,66.2442626953125
19050,40.19760513305664
19051,18.825992584228516
19052,26.55145263671875
19053,24.872356414794922
19054,56.10515594482422
19055,35.528907775878906
19056,52.16001510620117
19057,39.57482147216797
19058,66.57086944580078
19059,25.897220611572266
19060,17.889022827148438
19061,28.01365852355957
19062,45.23029327392578
19063,37.10551834106445
19064,26.086517333984375
19065,40.54605484008789
19066,20.769533157348633
19067,22.883255004882812
19068,52.596553802490234
19069,42.57521438598633
19070,32.888946533203125
19071,16.502965927124023
19072,50.66270065307617
19073,21.13797378540039
19074,37.23440933227539
19075,31.805572509765625
19076,15.141590118408203
19077,14.28976821899414
19078,48.042137145996094
19079,13.528945922851562
19080,105.1806411743164
19081,16.36050033569336
19082,17.054912567138672
19083,39.04703140258789
19084,35.945465087890625
19085,36.12001037597656
19086,24.717565536499023
19087,53.66313171386719
19088,39.107364654541016
19089,110.43428802490234
19090,25.772682189941406
19091,54.97354507446289
19092,27.625240325927734
19093,35.43486022949219
19094,40.28682327270508
19095,39.98530197143555
19096,30.731456756591797
19097,42.70024108886719
19098,15.7472505569458
19099,30.094064712524414
19100,51.833778381347656
19101,42.676509857177734
19102,32.409698486328125
19103,28.498620986938477
19104,27.570024490356445
19105,53.647220611572266
19106,27.90866470336914
19107,24.544286727905273
19108,24.25014877319336
19109,26.516202926635742
19110,25.56975555419922
19111,53.42502212524414
19112,44.3701171875
19113,17.475858688354492
19114,15.581657409667969
19115,13.781232833862305
19116,51.984657287597656
19117,23.443758010864258
19118,34.14180374145508
19119,44.62674331665039
19120,32.13190841674805
19121,39.577125549316406
19122,33.753665924072266
19123,23.464406967163086
19124,84.05595397949219
19125,33.49135971069336
19126,25.373193740844727
19127,28.76953125
19128,40.49937057495117
19129,21.45185089111328
19130,34.53647232055664
19131,31.503028869628906
19132,26.4671630859375
19133,18.399215698242188
19134,23.71162223815918
19135,68.94135284423828
19136,36.868011474609375
19137,35.43944549560547
19138,32.54450607299805
19139,12.902159690856934
19140,33.13218307495117
19141,69.7072525024414
19142,51.79205322265625
19143,35.86151123046875
19144,53.36902618408203
19145,33.97295379638672
19146,42.266639709472656
19147,31.23070526123047
19148,47.142112731933594
19149,56.9684944152832
19150,29.712913513183594
19151,47.58198547363281
19152,71.94383239746094
19153,73.7236557006836
19154,28.583791732788086
19155,30.704517364501953
19156,20.86366081237793
19157,49.513160705566406
19158,23.455345153808594
19159,17.477975845336914
19160,46.589393615722656
19161,43.09526443481445
19162,57.864051818847656
19163,64.76345825195312
19164,60.22029113769531
19165,29.246274948120117
19166,39.931026458740234
19167,37.58332824707031
19168,21.5318660736084
19169,59.421138763427734
19170,38.35411834716797
19171,21.816762924194336
19172,66.23577880859375
19173,40.21974182128906
19174,18.824472427368164
19175,26.567901611328125
19176,24.878782272338867
19177,56.116943359375
19178,35.52834701538086
19179,52.150577545166016
19180,39.58014678955078
19181,66.55498504638672
19182,25.895294189453125
19183,17.888208389282227
19184,28.014724731445312
19185,45.221641540527344
19186,37.116851806640625
19187,26.10527229309082
19188,40.5341911315918
19189,20.76624870300293
19190,22.86947250366211
19191,52.596923828125
19192,42.565670013427734
19193,32.903690338134766
19194,16.512775421142578
19195,50.656822204589844
19196,21.139310836791992
19197,37.2233772277832
19198,31.813854217529297
19199,15.127334594726562
19200,14.266385078430176
19201,48.04463577270508
19202,13.532596588134766
19203,105.17662048339844
19204,16.35722541809082
19205,17.054676055908203
19206,39.04945755004883
19207,35.96694564819336
19208,36.13450241088867
19209,24.711524963378906
19210,53.68366622924805
19211,39.097103118896484
19212,110.42864227294922
19213,25.77437400817871
19214,54.989593505859375
19215,27.582216262817383
19216,35.41973114013672
19217,40.27140808105469
19218,39.988983154296875
19219,30.70339012145996
19220,42.72099685668945
19221,15.734041213989258
19222,30.08320426940918
19223,51.863285064697266
19224,42.654727935791016
19225,32.41346740722656
19226,28.50623321533203
19227,27.565149307250977
19228,53.645145416259766
19229,27.915557861328125
19230,24.557329177856445
19231,24.266429901123047
19232,26.52003288269043
19233,25.54764175415039
19234,53.421119689941406
19235,44.36203384399414
19236,17.45726776123047
19237,15.580896377563477
19238,13.783295631408691
19239,51.979034423828125
19240,23.407590866088867
19241,34.1517448425293
19242,44.632511138916016
19243,32.164390563964844
19244,39.588314056396484
19245,33.763694763183594
19246,23.45342445373535
19247,84.07003784179688
19248,33.493865966796875
19249,25.391433715820312
19250,28.77533721923828
19251,40.487613677978516
19252,21.456409454345703
19253,34.54933547973633
19254,31.491811752319336
19255,26.45764923095703
19256,18.397655487060547
19257,23.711162567138672
19258,68.92203521728516
19259,36.875911712646484
19260,35.43640899658203
19261,32.543540954589844
19262,12.908167839050293
19263,33.1220817565918
19264,69.690673828125
19265,51.781490325927734
19266,35.868743896484375
19267,53.37842559814453
19268,33.985252380371094
19269,42.245323181152344
19270,31.232479095458984
19271,47.15116500854492
19272,56.975704193115234
19273,29.71254539489746
19274,47.57691192626953
19275,71.95759582519531
19276,73.73429870605469
19277,28.59039878845215
19278,30.690916061401367
19279,20.871143341064453
19280,49.492530822753906
19281,23.452844619750977
19282,17.472923278808594
19283,46.59796142578125
19284,43.09576416015625
19285,57.86431884765625
19286,64.76123809814453
19287,60.21344757080078
19288,29.244586944580078
19289,39.92816925048828
19290,37.5855827331543
19291,21.531251907348633
19292,59.40974807739258
19293,38.376495361328125
19294,21.820512771606445
19295,66.22624969482422
19296,40.241573333740234
19297,18.82331657409668
19298,26.584800720214844
19299,24.88544273376465
19300,56.12894058227539
19301,35.52763748168945
19302,52.140281677246094
19303,39.58571243286133
19304,66.53838348388672
19305,25.893081665039062
19306,17.887592315673828
19307,28.015869140625
19308,45.21272659301758
19309,37.128517150878906
19310,26.124422073364258
19311,40.52185821533203
19312,20.763240814208984
19313,22.855817794799805
19314,52.59739303588867
19315,42.55591583251953
19316,32.91789627075195
19317,16.52264976501465
19318,50.651119232177734
19319,21.14109230041504
19320,37.211570739746094
19321,31.822134017944336
19322,15.113816261291504
19323,14.243308067321777
19324,48.0469970703125
19325,13.53632926940918
19326,105.1732177734375
19327,16.353975296020508
19328,17.054712295532227
19329,39.05152130126953
19330,35.988525390625
19331,36.149295806884766
19332,24.70616912841797
19333,53.704322814941406
19334,39.086666107177734
19335,110.42225646972656
19336,25.775850296020508
19337,55.005794525146484
19338,27.539535522460938
19339,35.404048919677734
19340,40.2568244934082
19341,39.993106842041016
19342,30.675085067749023
19343,42.741554260253906
19344,15.721134185791016
19345,30.07288360595703
19346,51.8928337097168
19347,42.63295364379883
19348,32.41710662841797
19349,28.514142990112305
19350,27.560707092285156
19351,53.643619537353516
19352,27.92239761352539
19353,24.570539474487305
19354,24.2828311920166
19355,26.523780822753906
19356,25.525875091552734
19357,53.417510986328125
19358,44.35400390625
19359,17.438783645629883
19360,15.58066177368164
19361,13.785072326660156
19362,51.97303771972656
19363,23.371442794799805
19364,34.161468505859375
19365,44.63823699951172
19366,32.19718551635742
19367,39.599491119384766
19368,33.77352523803711
19369,23.442523956298828
19370,84.08484649658203
19371,33.49632263183594
19372,25.40973663330078
19373,28.781112670898438
19374,40.47594451904297
19375,21.461238861083984
19376,34.56232833862305
19377,31.480731964111328
19378,26.447542190551758
19379,18.39633560180664
19380,23.710927963256836
19381,68.9027099609375
19382,36.88405990600586
19383,35.43344497680664
19384,32.54253005981445
19385,12.914332389831543
19386,33.112266540527344
19387,69.6742172241211
19388,51.771087646484375
19389,35.87590408325195
19390,53.38783645629883
19391,33.997535705566406
19392,42.22414779663086
19393,31.234081268310547
19394,47.16025161743164
19395,56.98322296142578
19396,29.71217918395996
19397,47.571739196777344
19398,71.97146606445312
19399,73.7450180053711
19400,28.59722900390625
19401,30.67725372314453
19402,20.87883758544922
19403,49.472084045410156
19404,23.450151443481445
19405,17.467836380004883
19406,46.606727600097656
19407,43.096195220947266
19408,57.86456298828125
19409,64.75894165039062
19410,60.20672607421875
19411,29.24302864074707
19412,39.92518997192383
19413,37.58793258666992
19414,21.53090476989746
19415,59.39824676513672
19416,38.399147033691406
19417,21.82455062866211
19418,66.21681213378906
19419,40.26357650756836
19420,18.82227897644043
19421,26.601791381835938
19422,24.89225196838379
19423,56.14106369018555
19424,35.52676773071289
19425,52.12971496582031
19426,39.591346740722656
19427,66.52154541015625
19428,25.890737533569336
19429,17.886859893798828
19430,28.017131805419922
19431,45.20341491699219
19432,37.14033126831055
19433,26.143882751464844
19434,40.509098052978516
19435,20.760379791259766
19436,22.842443466186523
19437,52.59797286987305
19438,42.54618453979492
19439,32.93153762817383
19440,16.532564163208008
19441,50.64552307128906
19442,21.142990112304688
19443,37.199153900146484
19444,31.83043098449707
19445,15.100569725036621
19446,14.220223426818848
19447,48.04933547973633
19448,13.540243148803711
19449,105.17032623291016
19450,16.350744247436523
19451,17.055044174194336
19452,39.05345153808594
19453,36.010284423828125
19454,36.164085388183594
19455,24.701128005981445
19456,53.7250862121582
19457,39.07622146606445
19458,110.41512298583984
19459,25.777563095092773
19460,55.02210235595703
19461,27.496858596801758
19462,35.38828659057617
19463,40.24269485473633
19464,39.997528076171875
19465,30.646747589111328
19466,42.761573791503906
19467,15.7085542678833
19468,30.062725067138672
19469,51.92224884033203
19470,42.61079406738281
19471,32.421043395996094
19472,28.522327423095703
19473,27.55684471130371
19474,53.64280319213867
19475,27.92938995361328
19476,24.583518981933594
19477,24.299165725708008
19478,26.52766227722168
19479,25.504297256469727
19480,53.414756774902344
19481,44.34633255004883
19482,17.419790267944336
19483,15.581191062927246
19484,13.785865783691406
19485,51.96639633178711
19486,23.33570671081543
19487,34.17144775390625
19488,44.64366912841797
19489,32.23027038574219
19490,39.61004638671875
19491,33.78367233276367
19492,23.432247161865234
19493,84.10111236572266
19494,33.49970245361328
19495,25.427631378173828
19496,28.787343978881836
19497,40.464542388916016
19498,21.466442108154297
19499,34.575538635253906
19500,31.4698429107666
19501,26.43697166442871
19502,18.393753051757812
19503,23.71083641052246
19504,68.8832778930664
19505,36.89238739013672
19506,35.42837905883789
19507,32.541351318359375
19508,12.919554710388184
19509,33.101810455322266
19510,69.65840911865234
19511,51.761260986328125
19512,35.88382339477539
19513,53.39670181274414
19514,34.00819396972656
19515,42.20267868041992
19516,31.23455047607422
19517,47.16987228393555
19518,56.99113464355469
19519,29.711326599121094
19520,47.5667724609375
19521,71.98588562011719
19522,73.75647735595703
19523,28.603593826293945
19524,30.663585662841797
19525,20.8869686126709
19526,49.45232009887695
19527,23.447391510009766
19528,17.46302032470703
19529,46.615657806396484
19530,43.09651184082031
19531,57.86544418334961
19532,64.7567367553711
19533,60.20036697387695
19534,29.242172241210938
19535,39.922847747802734
19536,37.5899772644043
19537,21.531200408935547
19538,59.3872184753418
19539,38.42182159423828
19540,21.828723907470703
19541,66.20648193359375
19542,40.28509521484375
19543,18.821090698242188
19544,26.618806838989258
19545,24.899179458618164
19546,56.152435302734375
19547,35.525516510009766
19548,52.11811828613281
19549,39.59770965576172
19550,66.50439453125
19551,25.88811492919922
19552,17.886276245117188
19553,28.018484115600586
19554,45.193817138671875
19555,37.152286529541016
19556,26.163591384887695
19557,40.49599075317383
19558,20.757827758789062
19559,22.82878875732422
19560,52.59885025024414
19561,42.5363655090332
19562,32.94498062133789
19563,16.542804718017578
19564,50.6401481628418
19565,21.145187377929688
19566,37.18612289428711
19567,31.838685989379883
19568,15.088292121887207
19569,14.197449684143066
19570,48.051631927490234
19571,13.544477462768555
19572,105.1678695678711
19573,16.34786605834961
19574,17.056171417236328
19575,39.05476760864258
19576,36.03208923339844
19577,36.179203033447266
19578,24.696382522583008
19579,53.74599075317383
19580,39.066001892089844
19581,110.40811920166016
19582,25.77948760986328
19583,55.038089752197266
19584,27.45418357849121
19585,35.37241744995117
19586,40.229061126708984
19587,40.001914978027344
19588,30.618391036987305
19589,42.78162384033203
19590,15.696306228637695
19591,30.05284309387207
19592,51.951499938964844
19593,42.58885955810547
19594,32.42509460449219
19595,28.53080940246582
19596,27.55312728881836
19597,53.642269134521484
19598,27.936630249023438
19599,24.596431732177734
19600,24.315608978271484
19601,26.531709671020508
19602,25.482507705688477
19603,53.41190719604492
19604,44.33802032470703
19605,17.40078353881836
19606,15.58244514465332
19607,13.786473274230957
19608,51.95928192138672
19609,23.29967498779297
19610,34.18158721923828
19611,44.648963928222656
19612,32.263275146484375
19613,39.61989974975586
19614,33.793643951416016
19615,23.42243766784668
19616,84.1169204711914
19617,33.502159118652344
19618,25.445669174194336
19619,28.79364776611328
19620,40.45326614379883
19621,21.47175407409668
19622,34.58876037597656
19623,31.45885467529297
19624,26.426071166992188
19625,18.39139175415039
19626,23.711135864257812
19627,68.8644027709961
19628,36.900848388671875
19629,35.42326736450195
19630,32.540435791015625
19631,12.924444198608398
19632,33.09160232543945
19633,69.64289093017578
19634,51.752052307128906
19635,35.891841888427734
19636,53.40557861328125
19637,34.018192291259766
19638,42.1812629699707
19639,31.23444366455078
19640,47.17975616455078
19641,56.999446868896484
19642,29.71014404296875
19643,47.562042236328125
19644,72.00083923339844
19645,73.76876068115234
19646,28.61011505126953
19647,30.649620056152344
19648,20.895153045654297
19649,49.4329833984375
19650,23.444578170776367
19651,17.45815086364746
19652,46.62502670288086
19653,43.097023010253906
19654,57.86652374267578
19655,64.75480651855469
19656,60.194664001464844
19657,29.24139404296875
19658,39.92095184326172
19659,37.592140197753906
19660,21.53139305114746
19661,59.3764533996582
19662,38.44458770751953
19663,21.8327579498291
19664,66.19559478759766
19665,40.30626678466797
19666,18.81978988647461
19667,26.636014938354492
19668,24.906394958496094
19669,56.163414001464844
19670,35.52412796020508
19671,52.106170654296875
19672,39.604244232177734
19673,66.48784637451172
19674,25.8853816986084
19675,17.88549041748047
19676,28.019742965698242
19677,45.183963775634766
19678,37.16461181640625
19679,26.183292388916016
19680,40.482810974121094
19681,20.75520133972168
19682,22.814796447753906
19683,52.600006103515625
19684,42.526214599609375
19685,32.957862854003906
19686,16.553102493286133
19687,50.635128021240234
19688,21.147729873657227
19689,37.1724967956543
19690,31.846763610839844
19691,15.076664924621582
19692,14.174802780151367
19693,48.05411148071289
19694,13.548663139343262
19695,105.16573333740234
19696,16.344974517822266
19697,17.057764053344727
19698,39.05548858642578
19699,36.05428695678711
19700,36.194129943847656
19701,24.691652297973633
19702,53.76739501953125
19703,39.05599594116211
19704,110.40127563476562
19705,25.781461715698242
19706,55.05402374267578
19707,27.4117431640625
19708,35.35639953613281
19709,40.21553421020508
19710,40.00653839111328
19711,30.589998245239258
19712,42.80124282836914
19713,15.684406280517578
19714,30.043235778808594
19715,51.980770111083984
19716,42.5665283203125
19717,32.429561614990234
19718,28.539283752441406
19719,27.549570083618164
19720,53.64191818237305
19721,27.944007873535156
19722,24.60948944091797
19723,24.332120895385742
19724,26.535751342773438
19725,25.46077537536621
19726,53.409523010253906
19727,44.3297004699707
19728,17.381444931030273
19729,15.58395004272461
19730,13.786479949951172
19731,51.952388763427734
19732,23.263628005981445
19733,34.1915397644043
19734,44.65433120727539
19735,32.29661178588867
19736,39.629539489746094
19737,33.80360412597656
19738,23.41282844543457
19739,84.1338119506836
19740,33.50423049926758
19741,25.46390151977539
19742,28.80013084411621
19743,40.44205856323242
19744,21.477184295654297
19745,34.60219192504883
19746,31.447784423828125
19747,26.414945602416992
19748,18.38938331604004
19749,23.71182632446289
19750,68.84611511230469
19751,36.90976333618164
19752,35.41878128051758
19753,32.539520263671875
19754,12.929597854614258
19755,33.08168411254883
19756,69.62710571289062
19757,51.74319839477539
19758,35.89958190917969
19759,53.414520263671875
19760,34.02815628051758
19761,42.1599235534668
19762,31.233989715576172
19763,47.18991470336914
19764,57.00767135620117
19765,29.70885467529297
19766,47.5574836730957
19767,72.01604461669922
19768,73.78173828125
19769,28.61642837524414
19770,30.63540267944336
19771,20.903629302978516
19772,49.413917541503906
19773,23.441930770874023
19774,17.453601837158203
19775,46.634605407714844
19776,43.09749984741211
19777,57.86784744262695
19778,64.75294494628906
19779,60.18925094604492
19780,29.24108123779297
19781,39.919246673583984
19782,37.594337463378906
19783,21.53207778930664
19784,59.366249084472656
19785,38.467445373535156
19786,21.837039947509766
19787,66.1842269897461
19788,40.327388763427734
19789,18.818431854248047
19790,26.65320587158203
19791,24.91363525390625
19792,56.1739387512207
19793,35.522457122802734
19794,52.09367370605469
19795,39.611236572265625
19796,66.4710693359375
19797,25.882326126098633
19798,17.88474464416504
19799,28.021211624145508
19800,45.1738395690918
19801,37.17704391479492
19802,26.203109741210938
19803,40.46943283081055
19804,20.752822875976562
19805,22.800668716430664
19806,52.601280212402344
19807,42.516422271728516
19808,32.970542907714844
19809,16.563447952270508
19810,50.63021469116211
19811,21.15065574645996
19812,37.158538818359375
19813,31.854780197143555
19814,15.06545639038086
19815,14.15228271484375
19816,48.056488037109375
19817,13.553133964538574
19818,105.16400909423828
19819,16.342191696166992
19820,17.059829711914062
19821,39.05592346191406
19822,36.07660675048828
19823,36.209251403808594
19824,24.687110900878906
19825,53.78908157348633
19826,39.046226501464844
19827,110.39434051513672
19828,25.783567428588867
19829,55.069950103759766
19830,27.368967056274414
19831,35.34040832519531
19832,40.20252227783203
19833,40.01118850708008
19834,30.561386108398438
19835,42.821022033691406
19836,15.672711372375488
19837,30.033893585205078
19838,52.01016616821289
19839,42.54439926147461
19840,32.433902740478516
19841,28.54819107055664
19842,27.54623031616211
19843,53.641929626464844
19844,27.951385498046875
19845,24.62254524230957
19846,24.348655700683594
19847,26.54009437561035
19848,25.43921661376953
19849,53.407352447509766
19850,44.321441650390625
19851,17.361989974975586
19852,15.585553169250488
19853,13.786200523376465
19854,51.94514846801758
19855,23.227710723876953
19856,34.20174789428711
19857,44.65926742553711
19858,32.33014678955078
19859,39.639190673828125
19860,33.81358337402344
19861,23.40323257446289
19862,84.1514663696289
19863,33.506038665771484
19864,25.481908798217773
19865,28.806760787963867
19866,40.43081283569336
19867,21.482885360717773
19868,34.615760803222656
19869,31.43675422668457
19870,26.403671264648438
19871,18.38747215270996
19872,23.712913513183594
19873,68.82766723632812
19874,36.918888092041016
19875,35.4144401550293
19876,32.5386848449707
19877,12.935210227966309
19878,33.071895599365234
19879,69.61134338378906
19880,51.734153747558594
19881,35.907100677490234
19882,53.423179626464844
19883,34.038543701171875
19884,42.13883972167969
19885,31.233539581298828
19886,47.20024108886719
19887,57.01598358154297
19888,29.70744514465332
19889,47.553043365478516
19890,72.03146362304688
19891,73.794677734375
19892,28.622730255126953
19893,30.62109375
19894,20.91217041015625
19895,49.39497756958008
19896,23.439071655273438
19897,17.44913101196289
19898,46.644351959228516
19899,43.09788513183594
19900,57.86946487426758
19901,64.75091552734375
19902,60.183902740478516
19903,29.241180419921875
19904,39.91769790649414
19905,37.59623718261719
19906,21.532817840576172
19907,59.355873107910156
19908,38.49048614501953
19909,21.84154510498047
19910,66.17269897460938
19911,40.34853744506836
19912,18.81729507446289
19913,26.670595169067383
19914,24.920963287353516
19915,56.184303283691406
19916,35.52062225341797
19917,52.08066940307617
19918,39.61834716796875
19919,66.45357513427734
19920,25.879079818725586
19921,17.884172439575195
19922,28.02252197265625
19923,45.16333770751953
19924,37.1898307800293
19925,26.22298812866211
19926,40.455875396728516
19927,20.750459671020508
19928,22.786819458007812
19929,52.6025505065918
19930,42.50614929199219
19931,32.983333587646484
19932,16.5739688873291
19933,50.62503433227539
19934,21.153711318969727
19935,37.14404296875
19936,31.862842559814453
19937,15.054625511169434
19938,14.129927635192871
19939,48.05875778198242
19940,13.557565689086914
19941,105.16228485107422
19942,16.339580535888672
19943,17.06214714050293
19944,39.05646896362305
19945,36.099082946777344
19946,36.224609375
19947,24.682666778564453
19948,53.810970306396484
19949,39.03614807128906
19950,110.38680267333984
19951,25.78588104248047
19952,55.085838317871094
19953,27.326622009277344
19954,35.323909759521484
19955,40.189640045166016
19956,40.0161018371582
19957,30.533029556274414
19958,42.840721130371094
19959,15.661145210266113
19960,30.02444839477539
19961,52.039405822753906
19962,42.52220916748047
19963,32.43838882446289
19964,28.55720329284668
19965,27.54319953918457
19966,53.64210891723633
19967,27.958724975585938
19968,24.635807037353516
19969,24.36569595336914
19970,26.543956756591797
19971,25.418014526367188
19972,53.40544128417969
19973,44.313392639160156
19974,17.342567443847656
19975,15.58757209777832
19976,13.785667419433594
19977,51.937686920166016
19978,23.19207763671875
19979,34.21216583251953
19980,44.664215087890625
19981,32.36386489868164
19982,39.64890670776367
19983,33.82371520996094
19984,23.393842697143555
19985,84.1695556640625
19986,33.50798416137695
19987,25.50006103515625
19988,28.813438415527344
19989,40.41941833496094
19990,21.48851203918457
19991,34.629276275634766
19992,31.42595100402832
19993,26.392253875732422
19994,18.385454177856445
19995,23.713821411132812
19996,68.80904388427734
19997,36.92815399169922
19998,35.41023635864258
19999,32.53791809082031
20000,12.940740585327148
20001,33.06203842163086
20002,69.595458984375
20003,51.72484588623047
20004,35.91438674926758
20005,53.432106018066406
20006,34.049530029296875
20007,42.117618560791016
20008,31.23298454284668
20009,47.210479736328125
20010,57.02445602416992
20011,29.70604705810547
20012,47.548526763916016
20013,72.04692840576172
20014,73.80773162841797
20015,28.62912368774414
20016,30.606904983520508
20017,20.921049118041992
20018,49.37615966796875
20019,23.436111450195312
20020,17.444883346557617
20021,46.65400695800781
20022,43.0981559753418
20023,57.87103271484375
20024,64.74866485595703
20025,60.178680419921875
20026,29.241714477539062
20027,39.91626739501953
20028,37.5982780456543
20029,21.53373146057129
20030,59.34510803222656
20031,38.513946533203125
20032,21.84623146057129
20033,66.16070556640625
20034,40.36976623535156
20035,18.81645393371582
20036,26.68828773498535
20037,24.92836570739746
20038,56.194427490234375
20039,35.51885986328125
20040,52.066978454589844
20041,39.62563705444336
20042,66.43538665771484
20043,25.875732421875
20044,17.883655548095703
20045,28.02419090270996
20046,45.152565002441406
20047,37.202911376953125
20048,26.243274688720703
20049,40.44174575805664
20050,20.748353958129883
20051,22.773067474365234
20052,52.603797912597656
20053,42.49562454223633
20054,32.99573516845703
20055,16.584651947021484
20056,50.61980056762695
20057,21.156789779663086
20058,37.129364013671875
20059,31.871023178100586
20060,15.044116020202637
20061,14.107661247253418
20062,48.061012268066406
20063,13.562177658081055
20064,105.16045379638672
20065,16.337251663208008
20066,17.064834594726562
20067,39.05693817138672
20068,36.12186813354492
20069,36.24003601074219
20070,24.67804718017578
20071,53.83293914794922
20072,39.026397705078125
20073,110.37848663330078
20074,25.788349151611328
20075,55.10141372680664
20076,27.284589767456055
20077,35.307151794433594
20078,40.17725372314453
20079,40.020912170410156
20080,30.504802703857422
20081,42.86049270629883
20082,15.649958610534668
20083,30.01514434814453
20084,52.068565368652344
20085,42.500160217285156
20086,32.443111419677734
20087,28.566545486450195
20088,27.54096031188965
20089,53.6425895690918
20090,27.966039657592773
20091,24.649139404296875
20092,24.382953643798828
20093,26.548114776611328
20094,25.397371292114258
20095,53.403343200683594
20096,44.305633544921875
20097,17.32324981689453
20098,15.590256690979004
20099,13.784562110900879
20100,51.92941665649414
20101,23.157045364379883
20102,34.2225341796875
20103,44.668800354003906
20104,32.397979736328125
20105,39.65884017944336
20106,33.8339729309082
20107,23.384740829467773
20108,84.18833923339844
20109,33.51076126098633
20110,25.517911911010742
20111,28.82020378112793
20112,40.40829849243164
20113,21.494579315185547
20114,34.64279556274414
20115,31.41564178466797
20116,26.3808650970459
20117,18.383359909057617
20118,23.714832305908203
20119,68.78912353515625
20120,36.93751525878906
20121,35.40534210205078
20122,32.53743362426758
20123,12.946150779724121
20124,33.05188751220703
20125,69.57965087890625
20126,51.71521759033203
20127,35.92170715332031
20128,53.44074630737305
20129,34.06039047241211
20130,42.09630584716797
20131,31.232439041137695
20132,47.220863342285156
20133,57.033233642578125
20134,29.704790115356445
20135,47.54363250732422
20136,72.06224060058594
20137,73.82074737548828
20138,28.635438919067383
20139,30.592885971069336
20140,20.930208206176758
20141,49.35758972167969
20142,23.43280601501465
20143,17.440513610839844
20144,46.66411590576172
20145,43.09771728515625
20146,57.87263107299805
20147,64.74583435058594
20148,60.17264938354492
20149,29.242467880249023
20150,39.91464614868164
20151,37.60036849975586
20152,21.534730911254883
20153,59.33380889892578
20154,38.537841796875
20155,21.85141372680664
20156,66.14877319335938
20157,40.391075134277344
20158,18.81563949584961
20159,26.706462860107422
20160,24.935894012451172
20161,56.203983306884766
20162,35.51705551147461
20163,52.05210876464844
20164,39.633384704589844
20165,66.41560363769531
20166,25.87225341796875
20167,17.883392333984375
20168,28.02581024169922
20169,45.14132308959961
20170,37.21628189086914
20171,26.26369857788086
20172,40.42725372314453
20173,20.74645233154297
20174,22.759944915771484
20175,52.605018615722656
20176,42.484764099121094
20177,33.00812911987305
20178,16.595468521118164
20179,50.6143913269043
20180,21.160202026367188
20181,37.114437103271484
20182,31.879316329956055
20183,15.034050941467285
20184,14.085835456848145
20185,48.06291961669922
20186,13.566983222961426
20187,105.15786743164062
20188,16.33535385131836
20189,17.067861557006836
20190,39.05769729614258
20191,36.14523696899414
20192,36.25567626953125
20193,24.673433303833008
20194,53.855140686035156
20195,39.01640319824219
20196,110.36852264404297
20197,25.7911434173584
20198,55.11692428588867
20199,27.242876052856445
20200,35.28989028930664
20201,40.16474151611328
20202,40.02583312988281
20203,30.476802825927734
20204,42.88050079345703
20205,15.63892650604248
20206,30.005704879760742
20207,52.09767150878906
20208,42.478271484375
20209,32.447967529296875
20210,28.576311111450195
20211,27.53934669494629
20212,53.64328384399414
20213,27.973316192626953
20214,24.66277313232422
20215,24.40069580078125
20216,26.552227020263672
20217,25.377077102661133
20218,53.401161193847656
20219,44.29803466796875
20220,17.30365562438965
20221,15.593464851379395
20222,13.782837867736816
20223,51.919918060302734
20224,23.12234115600586
20225,34.23310089111328
20226,44.67314147949219
20227,32.43274688720703
20228,39.66871643066406
20229,33.8443489074707
20230,23.376171112060547
20231,84.20743560791016
20232,33.514190673828125
20233,25.535871505737305
20234,28.827232360839844
20235,40.397037506103516
20236,21.5007381439209
20237,34.65636444091797
20238,31.405677795410156
20239,26.36932373046875
20240,18.38086700439453
20241,23.71554946899414
20242,68.76815795898438
20243,36.94712448120117
20244,35.39990997314453
20245,32.536827087402344
20246,12.951431274414062
20247,33.041263580322266
20248,69.56376647949219
20249,51.704959869384766
20250,35.928653717041016
20251,53.44918441772461
20252,34.07173156738281
20253,42.07480239868164
20254,31.23135757446289
20255,47.2313117980957
20256,57.04236602783203
20257,29.7033634185791
20258,47.538612365722656
20259,72.07756805419922
20260,73.8340072631836
20261,28.641786575317383
20262,30.579256057739258
20263,20.939878463745117
20264,49.33929443359375
20265,23.428884506225586
20266,17.43581771850586
20267,46.6743049621582
20268,43.097049713134766
20269,57.87371063232422
20270,64.7425308227539
20271,60.16646194458008
20272,29.242568969726562
20273,39.91220474243164
20274,37.60268783569336
20275,21.53553009033203
20276,59.32199478149414
20277,38.56166458129883
20278,21.857032775878906
20279,66.13682556152344
20280,40.412635803222656
20281,18.814908981323242
20282,26.724960327148438
20283,24.94344139099121
20284,56.212791442871094
20285,35.51530838012695
20286,52.03632736206055
20287,39.64130401611328
20288,66.39491271972656
20289,25.868690490722656
20290,17.883434295654297
20291,28.027292251586914
20292,45.12972640991211
20293,37.22998809814453
20294,26.284643173217773
20295,40.41241455078125
20296,20.744518280029297
20297,22.746570587158203
20298,52.60639953613281
20299,42.47347640991211
20300,33.020835876464844
20301,16.606645584106445
20302,50.608673095703125
20303,21.163570404052734
20304,37.09935760498047
20305,31.88772201538086
20306,15.024283409118652
20307,14.064291954040527
20308,48.06467056274414
20309,13.571967124938965
20310,105.155029296875
20311,16.33355140686035
20312,17.071348190307617
20313,39.058448791503906
20314,36.169166564941406
20315,36.27149200439453
20316,24.668682098388672
20317,53.8776969909668
20318,39.00662612915039
20319,110.35820007324219
20320,25.79399299621582
20321,55.132606506347656
20322,27.201459884643555
20323,35.27238082885742
20324,40.15237045288086
20325,40.03071594238281
20326,30.449003219604492
20327,42.90053176879883
20328,15.628198623657227
20329,29.996355056762695
20330,52.12678146362305
20331,42.45674514770508
20332,32.45288848876953
20333,28.58607292175293
20334,27.537866592407227
20335,53.64402770996094
20336,27.980470657348633
20337,24.676616668701172
20338,24.418590545654297
20339,26.556589126586914
20340,25.356740951538086
20341,53.39826965332031
20342,44.290035247802734
20343,17.284168243408203
20344,15.5971097946167
20345,13.781255722045898
20346,51.90989303588867
20347,23.08762550354004
20348,34.24362564086914
20349,44.6776123046875
20350,32.467803955078125
20351,39.67856216430664
20352,33.854766845703125
20353,23.36739158630371
20354,84.22489929199219
20355,33.51698684692383
20356,25.554014205932617
20357,28.83454704284668
20358,40.38589859008789
20359,21.50689697265625
20360,34.66987609863281
20361,31.396026611328125
20362,26.358009338378906
20363,18.378568649291992
20364,23.71633529663086
20365,68.74667358398438
20366,36.95652389526367
20367,35.39468002319336
20368,32.53640365600586
20369,12.956489562988281
20370,33.03034210205078
20371,69.54786682128906
20372,51.694522857666016
20373,35.93532943725586
20374,53.45750427246094
20375,34.083187103271484
20376,42.053524017333984
20377,31.230247497558594
20378,47.241817474365234
20379,57.05197525024414
20380,29.701942443847656
20381,47.533485412597656
20382,72.09320068359375
20383,73.84749603271484
20384,28.648496627807617
20385,30.565507888793945
20386,20.949514389038086
20387,49.321163177490234
20388,23.424541473388672
20389,17.431316375732422
20390,46.68440628051758
20391,43.09602737426758
20392,57.8748664855957
20393,64.7387466430664
20394,60.15998077392578
20395,29.243453979492188
20396,39.90998458862305
20397,37.6048583984375
20398,21.53609275817871
20399,59.309898376464844
20400,38.58622360229492
20401,21.862642288208008
20402,66.12512969970703
20403,40.43440246582031
20404,18.814512252807617
20405,26.74336814880371
20406,24.950998306274414
20407,56.222721099853516
20408,35.51346969604492
20409,52.020240783691406
20410,39.64932632446289
20411,66.37371063232422
20412,25.86536407470703
20413,17.883703231811523
20414,28.029077529907227
20415,45.11784362792969
20416,37.244075775146484
20417,26.305654525756836
20418,40.397159576416016
20419,20.74280548095703
20420,22.73355484008789
20421,52.60755920410156
20422,42.46177291870117
20423,33.033512115478516
20424,16.61786460876465
20425,50.60233688354492
20426,21.16710662841797
20427,37.08437728881836
20428,31.896329879760742
20429,15.01455020904541
20430,14.042939186096191
20431,48.06634521484375
20432,13.576820373535156
20433,105.15115356445312
20434,16.332502365112305
20435,17.07508087158203
20436,39.05958938598633
20437,36.19352722167969
20438,36.2873420715332
20439,24.663291931152344
20440,53.9005241394043
20441,38.99666213989258
20442,110.34619903564453
20443,25.79729461669922
20444,55.147891998291016
20445,27.16029930114746
20446,35.25408172607422
20447,40.13994598388672
20448,40.035499572753906
20449,30.421710968017578
20450,42.92085266113281
20451,15.617558479309082
20452,29.986820220947266
20453,52.15604019165039
20454,42.43545150756836
20455,32.45800018310547
20456,28.596303939819336
20457,27.536975860595703
20458,53.64483642578125
20459,27.98743438720703
20460,24.690940856933594
20461,24.437150955200195
20462,26.56099510192871
20463,25.33649444580078
20464,53.3939208984375
20465,44.28136444091797
20466,17.264877319335938
20467,15.601160049438477
20468,13.779929161071777
20469,51.898738861083984
20470,23.053173065185547
20471,34.25425338745117
20472,44.68217468261719
20473,32.50363540649414
20474,39.68855285644531
20475,33.865325927734375
20476,23.358745574951172
20477,84.2401123046875
20478,33.5194091796875
20479,25.572847366333008
20480,28.842288970947266
20481,40.37445068359375
20482,21.512874603271484
20483,34.68315124511719
20484,31.38718605041504
20485,26.34685516357422
20486,18.37619400024414
20487,23.716453552246094
20488,68.7244873046875
20489,36.9658203125
20490,35.38965606689453
20491,32.536075592041016
20492,12.96141242980957
20493,33.01869201660156
20494,69.53213500976562
20495,51.68355178833008
20496,35.94197082519531
20497,53.465782165527344
20498,34.09523010253906
20499,42.032257080078125
20500,31.228954315185547
20501,47.25279998779297
20502,57.06259536743164
20503,29.700477600097656
20504,47.52815246582031
20505,72.1092758178711
20506,73.8615493774414
20507,28.65542984008789
20508,30.552093505859375
20509,20.9592342376709
20510,49.302799224853516
20511,23.41985321044922
20512,17.426809310913086
20513,46.694271087646484
20514,43.09468460083008
20515,57.8758659362793
20516,64.7342758178711
20517,60.15293884277344
20518,29.245054244995117
20519,39.907623291015625
20520,37.60694885253906
20521,21.536500930786133
20522,59.29706573486328
20523,38.61142349243164
20524,21.868755340576172
20525,66.11397552490234
20526,40.45684814453125
20527,18.814054489135742
20528,26.76239013671875
20529,24.95867156982422
20530,56.23141098022461
20531,35.51178741455078
20532,52.00344467163086
20533,39.657447814941406
20534,66.35147094726562
20535,25.86187171936035
20536,17.884071350097656
20537,28.030738830566406
20538,45.105838775634766
20539,37.258514404296875
20540,26.326824188232422
20541,40.381996154785156
20542,20.740995407104492
20543,22.720909118652344
20544,52.60867691040039
20545,42.4499397277832
20546,33.04676055908203
20547,16.629268646240234
20548,50.59571075439453
20549,21.170696258544922
20550,37.06942367553711
20551,31.90488052368164
20552,15.004729270935059
20553,14.021580696105957
20554,48.067935943603516
20555,13.582283973693848
20556,105.14627075195312
20557,16.331491470336914
20558,17.078720092773438
20559,39.06116485595703
20560,36.218894958496094
20561,36.303382873535156
20562,24.65811538696289
20563,53.92332077026367
20564,38.986568450927734
20565,110.33309173583984
20566,25.800817489624023
20567,55.163330078125
20568,27.119321823120117
20569,35.23556900024414
20570,40.12765121459961
20571,40.04056167602539
20572,30.394317626953125
20573,42.941558837890625
20574,15.60703182220459
20575,29.97711944580078
20576,52.18559265136719
20577,42.41461181640625
20578,32.462833404541016
20579,28.606586456298828
20580,27.53611946105957
20581,53.645599365234375
20582,27.99445152282715
20583,24.705577850341797
20584,24.45587158203125
20585,26.565420150756836
20586,25.316308975219727
20587,53.38920211791992
20588,44.27267837524414
20589,17.245561599731445
20590,15.605412483215332
20591,13.778730392456055
20592,51.88693618774414
20593,23.01829719543457
20594,34.2650032043457
20595,44.68690872192383
20596,32.53974151611328
20597,39.69888687133789
20598,33.87590789794922
20599,23.350147247314453
20600,84.25486755371094
20601,33.522098541259766
20602,25.591917037963867
20603,28.85013771057129
20604,40.36280822753906
20605,21.518936157226562
20606,34.69662094116211
20607,31.378244400024414
20608,26.335783004760742
20609,18.373680114746094
20610,23.716554641723633
20611,68.70162963867188
20612,36.97502136230469
20613,35.38468551635742
20614,32.53569793701172
20615,12.966117858886719
20616,33.0068359375
20617,69.51634216308594
20618,51.67236328125
20619,35.94877243041992
20620,53.47417449951172
20621,34.107425689697266
20622,42.011051177978516
20623,31.227535247802734
20624,47.26390075683594
20625,57.07387161254883
20626,29.69904136657715
20627,47.522796630859375
20628,72.12548828125
20629,73.8760986328125
20630,28.66258430480957
20631,30.538753509521484
20632,20.96921730041504
20633,49.28443145751953
20634,23.4149227142334
20635,17.422103881835938
20636,46.7042350769043
20637,43.093082427978516
20638,57.87709426879883
20639,64.72953033447266
20640,60.14574432373047
20641,29.24724769592285
20642,39.905357360839844
20643,37.608943939208984
20644,21.536808013916016
20645,59.283939361572266
20646,38.63698196411133
20647,21.87477684020996
20648,66.10295104980469
20649,40.47980499267578
20650,18.81386375427246
20651,26.781524658203125
20652,24.966323852539062
20653,56.24042892456055
20654,35.51034164428711
20655,51.986968994140625
20656,39.66553497314453
20657,66.32857513427734
20658,25.85846710205078
20659,17.884597778320312
20660,28.032190322875977
20661,45.09389877319336
20662,37.27324295043945
20663,26.347898483276367
20664,40.3665657043457
20665,20.73926544189453
20666,22.708141326904297
20667,52.60979080200195
20668,42.437950134277344
20669,33.060157775878906
20670,16.64080238342285
20671,50.58896255493164
20672,21.174253463745117
20673,37.05422592163086
20674,31.913759231567383
20675,14.994338035583496
20676,13.999844551086426
20677,48.06935501098633
20678,13.587708473205566
20679,105.14165496826172
20680,16.330312728881836
20681,17.08233070373535
20682,39.06270980834961
20683,36.24365997314453
20684,36.31969451904297
20685,24.652313232421875
20686,53.94706344604492
20687,38.9765739440918
20688,110.32113647460938
20689,25.804466247558594
20690,55.178985595703125
20691,27.077713012695312
20692,35.21697998046875
20693,40.11509704589844
20694,40.045562744140625
20695,30.36686134338379
20696,42.962459564208984
20697,15.596314430236816
20698,29.96735382080078
20699,52.215476989746094
20700,42.39341354370117
20701,32.46809005737305
20702,28.61704444885254
20703,27.535470962524414
20704,53.64677429199219
20705,28.001474380493164
20706,24.72019386291504
20707,24.474994659423828
20708,26.569990158081055
20709,25.295921325683594
20710,53.385162353515625
20711,44.26418685913086
20712,17.225975036621094
20713,15.61034870147705
20714,13.777653694152832
20715,51.87495803833008
20716,22.982830047607422
20717,34.27592086791992
20718,44.69166946411133
20719,32.57626724243164
20720,39.709171295166016
20721,33.887081146240234
20722,23.341529846191406
20723,84.27061462402344
20724,33.52511215209961
20725,25.611217498779297
20726,28.858152389526367
20727,40.350982666015625
20728,21.525264739990234
20729,34.71036148071289
20730,31.3691349029541
20731,26.324722290039062
20732,18.371427536010742
20733,23.716751098632812
20734,68.67859649658203
20735,36.98429489135742
20736,35.37937927246094
20737,32.53544235229492
20738,12.970489501953125
20739,32.99461364746094
20740,69.5012435913086
20741,51.661624908447266
20742,35.95647048950195
20743,53.48278045654297
20744,34.11858367919922
20745,41.989768981933594
20746,31.225849151611328
20747,47.27555465698242
20748,57.08590316772461
20749,29.697660446166992
20750,47.51740264892578
20751,72.1429443359375
20752,73.89215850830078
20753,28.670202255249023
20754,30.525249481201172
20755,20.979354858398438
20756,49.266056060791016
20757,23.41023063659668
20758,17.417016983032227
20759,46.714683532714844
20760,43.09189224243164
20761,57.87834167480469
20762,64.72525024414062
20763,60.13855743408203
20764,29.24928855895996
20765,39.90336608886719
20766,37.61091995239258
20767,21.53739356994629
20768,59.27061080932617
20769,38.66294860839844
20770,21.881153106689453
20771,66.09125518798828
20772,40.50288009643555
20773,18.813770294189453
20774,26.801219940185547
20775,24.97410011291504
20776,56.250205993652344
20777,35.509002685546875
20778,51.97085189819336
20779,39.6738395690918
20780,66.30592346191406
20781,25.85490608215332
20782,17.885238647460938
20783,28.03386116027832
20784,45.08203125
20785,37.28810501098633
20786,26.369184494018555
20787,40.35116958618164
20788,20.737548828125
20789,22.69573974609375
20790,52.61109161376953
20791,42.42639923095703
20792,33.07331848144531
20793,16.652311325073242
20794,50.582157135009766
20795,21.177553176879883
20796,37.03853225708008
20797,31.92247772216797
20798,14.98338508605957
20799,13.977669715881348
20800,48.07090759277344
20801,13.593647003173828
20802,105.13699340820312
20803,16.329023361206055
20804,17.085641860961914
20805,39.064247131347656
20806,36.269081115722656
20807,36.33638381958008
20808,24.646860122680664
20809,53.97120666503906
20810,38.966243743896484
20811,110.31021118164062
20812,25.808095932006836
20813,55.19498062133789
20814,27.035066604614258
20815,35.198429107666016
20816,40.10209655761719
20817,40.050498962402344
20818,30.338829040527344
20819,42.98362350463867
20820,15.585005760192871
20821,29.957489013671875
20822,52.246036529541016
20823,42.3720817565918
20824,32.473304748535156
20825,28.6274471282959
20826,27.53420066833496
20827,53.64735412597656
20828,28.00872039794922
20829,24.73514747619629
20830,24.494544982910156
20831,26.574111938476562
20832,25.275856018066406
20833,53.382179260253906
20834,44.25658416748047
20835,17.206195831298828
20836,15.614689826965332
20837,13.776482582092285
20838,51.864341735839844
20839,22.94729232788086
20840,34.28718948364258
20841,44.696144104003906
20842,32.61293411254883
20843,39.720272064208984
20844,33.898712158203125
20845,23.33245086669922
20846,84.28865814208984
20847,33.5287971496582
20848,25.630468368530273
20849,28.866134643554688
20850,40.33898162841797
20851,21.53150177001953
20852,34.72441101074219
20853,31.35987091064453
20854,26.313804626464844
20855,18.369558334350586
20856,23.716846466064453
20857,68.65543365478516
20858,36.9937629699707
20859,35.375099182128906
20860,32.535308837890625
20861,12.975478172302246
20862,32.98274230957031
20863,69.48611450195312
20864,51.65106201171875
20865,35.96473693847656
20866,53.49162292480469
20867,34.12993621826172
20868,41.96847152709961
20869,31.224390029907227
20870,47.28743362426758
20871,57.098236083984375
20872,29.69646453857422
20873,47.51227951049805
20874,72.16070556640625
20875,73.90886688232422
20876,28.678104400634766
20877,30.51158905029297
20878,20.989727020263672
20879,49.24734115600586
20880,23.40572166442871
20881,17.411901473999023
20882,46.725494384765625
20883,43.09071731567383
20884,57.879966735839844
20885,64.7208023071289
20886,60.131378173828125
20887,29.252166748046875
20888,39.90166091918945
20889,37.612579345703125
20890,21.53856658935547
20891,59.25723648071289
20892,38.68916320800781
20893,21.887775421142578
20894,66.07952117919922
20895,40.52653121948242
20896,18.814088821411133
20897,26.821334838867188
20898,24.981929779052734
20899,56.26066207885742
20900,35.50784683227539
20901,51.955074310302734
20902,39.682167053222656
20903,66.28292083740234
20904,25.851232528686523
20905,17.88561248779297
20906,28.03502082824707
20907,45.07022476196289
20908,37.3034782409668
20909,26.39045524597168
20910,40.33601379394531
20911,20.73577308654785
20912,22.683273315429688
20913,52.612422943115234
20914,42.4149055480957
20915,33.086666107177734
20916,16.663789749145508
20917,50.57508087158203
20918,21.181123733520508
20919,37.022491455078125
20920,31.931291580200195
20921,14.971622467041016
20922,13.955008506774902
20923,48.07232666015625
20924,13.60031795501709
20925,105.13143157958984
20926,16.327726364135742
20927,17.088396072387695
20928,39.06621170043945
20929,36.29558181762695
20930,36.35283279418945
20931,24.641279220581055
20932,53.9953727722168
20933,38.95573425292969
20934,110.2989501953125
20935,25.811912536621094
20936,55.211029052734375
20937,26.991939544677734
20938,35.1800537109375
20939,40.08867645263672
20940,40.0557746887207
20941,30.310861587524414
20942,43.005699157714844
20943,15.573314666748047
20944,29.947303771972656
20945,52.27729415893555
20946,42.350730895996094
20947,32.47859573364258
20948,28.63785171508789
20949,27.532861709594727
20950,53.647457122802734
20951,28.015966415405273
20952,24.750503540039062
20953,24.514461517333984
20954,26.578304290771484
20955,25.255407333374023
20956,53.37908172607422
20957,44.248802185058594
20958,17.18633460998535
20959,15.61830997467041
20960,13.776076316833496
20961,51.854183197021484
20962,22.9110164642334
20963,34.298728942871094
20964,44.70090866088867
20965,32.64986038208008
20966,39.73222351074219
20967,33.91061019897461
20968,23.32305908203125
20969,84.30631256103516
20970,33.53179168701172
20971,25.650564193725586
20972,28.874048233032227
20973,40.326576232910156
20974,21.537633895874023
20975,34.73866271972656
20976,31.350223541259766
20977,26.3033390045166
20978,18.368297576904297
20979,23.716941833496094
20980,68.63298797607422
20981,37.00289535522461
20982,35.37195587158203
20983,32.53507995605469
20984,12.980603218078613
20985,32.97053527832031
20986,69.47102355957031
20987,51.64031982421875
20988,35.9734992980957
20989,53.500877380371094
20990,34.14180374145508
20991,41.947566986083984
20992,31.223529815673828
20993,47.2995491027832
20994,57.11127853393555
20995,29.695316314697266
20996,47.50714874267578
20997,72.17942810058594
20998,73.92667388916016
20999,28.68618392944336
21000,30.497678756713867
21001,21.000288009643555
21002,49.22814178466797
21003,23.401554107666016
21004,17.406919479370117
21005,46.736080169677734
21006,43.09006881713867
21007,57.88215637207031
21008,64.7164306640625
21009,60.12425994873047
21010,29.255918502807617
21011,39.90025329589844
21012,37.61417770385742
21013,21.539691925048828
21014,59.24333953857422
21015,38.71571350097656
21016,21.894556045532227
21017,66.06776428222656
21018,40.550819396972656
21019,18.814533233642578
21020,26.8419132232666
21021,24.989789962768555
21022,56.27189254760742
21023,35.50691223144531
21024,51.940093994140625
21025,39.690399169921875
21026,66.25990295410156
21027,25.847450256347656
21028,17.886123657226562
21029,28.036319732666016
21030,45.05872344970703
21031,37.31880569458008
21032,26.411659240722656
21033,40.32085037231445
21034,20.734092712402344
21035,22.670793533325195
21036,52.61357879638672
21037,42.40355682373047
21038,33.10007858276367
21039,16.67545509338379
21040,50.56779861450195
21041,21.184457778930664
21042,37.0059700012207
21043,31.940324783325195
21044,14.958991050720215
21045,13.93182373046875
21046,48.07394027709961
21047,13.607553482055664
21048,105.12557983398438
21049,16.326452255249023
21050,17.090576171875
21051,39.06842041015625
21052,36.32270812988281
21053,36.369510650634766
21054,24.635828018188477
21055,54.01991271972656
21056,38.94488525390625
21057,110.28858184814453
21058,25.815786361694336
21059,55.22748947143555
21060,26.94803810119629
21061,35.161460876464844
21062,40.07486343383789
21063,40.061012268066406
21064,30.282752990722656
21065,43.0279655456543
21066,15.561145782470703
21067,29.93688201904297
21068,52.30915069580078
21069,42.32948303222656
21070,32.48405075073242
21071,28.648408889770508
21072,27.531478881835938
21073,53.647743225097656
21074,28.023456573486328
21075,24.76609230041504
21076,24.534456253051758
21077,26.582609176635742
21078,25.23426055908203
21079,53.37569046020508
21080,44.2404670715332
21081,17.166175842285156
21082,15.622096061706543
21083,13.776647567749023
21084,51.84441375732422
21085,22.873640060424805
21086,34.310386657714844
21087,44.70610809326172
21088,32.6872444152832
21089,39.744163513183594
21090,33.92298889160156
21091,23.313400268554688
21092,84.32329559326172
21093,33.53433609008789
21094,25.671371459960938
21095,28.88237953186035
21096,40.31352615356445
21097,21.543800354003906
21098,34.75328826904297
21099,31.340320587158203
21100,26.292924880981445
21101,18.36751365661621
21102,23.716793060302734
21103,68.61083984375
21104,37.01217269897461
21105,35.36953353881836
21106,32.53483200073242
21107,12.985834121704102
21108,32.95829772949219
21109,69.45645904541016
21110,51.6302375793457
21111,35.982749938964844
21112,53.51066207885742
21113,34.1533088684082
21114,41.92662811279297
21115,31.222448348999023
21116,47.312255859375
21117,57.12495803833008
21118,29.69428825378418
21119,47.50224685668945
21120,72.19900512695312
21121,73.94573211669922
21122,28.69483757019043
21123,30.48357582092285
21124,21.010833740234375
21125,49.208683013916016
21126,23.397754669189453
21127,17.401960372924805
21128,46.74717712402344
21129,43.08942413330078
21130,57.88458251953125
21131,64.71240997314453
21132,60.11716079711914
21133,29.259498596191406
21134,39.89900588989258
21135,37.61591339111328
21136,21.541149139404297
21137,59.22937774658203
21138,38.7422981262207
21139,21.9017333984375
21140,66.05561828613281
21141,40.57564163208008
21142,18.81525230407715
21143,26.863231658935547
21144,24.997695922851562
21145,56.28227233886719
21146,35.50630187988281
21147,51.92568588256836
21148,39.69878387451172
21149,66.23648071289062
21150,25.84334945678711
21151,17.886577606201172
21152,28.0374755859375
21153,45.04747772216797
21154,37.3345947265625
21155,26.433025360107422
21156,40.30598831176758
21157,20.732341766357422
21158,22.65835189819336
21159,52.614925384521484
21160,42.3927116394043
21161,33.113624572753906
21162,16.686874389648438
21163,50.56019592285156
21164,21.18783950805664
21165,36.98878479003906
21166,31.949237823486328
21167,14.945500373840332
21168,13.907879829406738
21169,48.075416564941406
21170,13.615577697753906
21171,105.1198501586914
21172,16.32479476928711
21173,17.092262268066406
21174,39.070770263671875
21175,36.35002136230469
21176,36.386661529541016
21177,24.63069725036621
21178,54.04509353637695
21179,38.93375778198242
21180,110.27888488769531
21181,25.819721221923828
21182,55.24443435668945
21183,26.903200149536133
21184,35.14314651489258
21185,40.060752868652344
21186,40.066497802734375
21187,30.254112243652344
21188,43.050575256347656
21189,15.548436164855957
21190,29.92646598815918
21191,52.34184265136719
21192,42.3078727722168
21193,32.48965072631836
21194,28.659215927124023
21195,27.53009796142578
21196,53.64789581298828
21197,28.03108024597168
21198,24.782150268554688
21199,24.555086135864258
21200,26.58697509765625
21201,25.21265983581543
21202,53.37250900268555
21203,44.23202133178711
21204,17.145702362060547
21205,15.62611198425293
21206,13.777852058410645
21207,51.83506774902344
21208,22.834932327270508
21209,34.32230758666992
21210,44.7116813659668
21211,32.724788665771484
21212,39.75650405883789
21213,33.93584060668945
21214,23.30317497253418
21215,84.34046936035156
21216,33.53649139404297
21217,25.69296646118164
21218,28.89077377319336
21219,40.30027770996094
21220,21.549793243408203
21221,34.768470764160156
21222,31.329879760742188
21223,26.282630920410156
21224,18.367176055908203
21225,23.716833114624023
21226,68.58940887451172
21227,37.02145767211914
21228,35.36827087402344
21229,32.534549713134766
21230,12.991408348083496
21231,32.94614028930664
21232,69.44200134277344
21233,51.620174407958984
21234,35.99296188354492
21235,53.52095413208008
21236,34.16474151611328
21237,41.905860900878906
21238,31.221874237060547
21239,47.32523727416992
21240,57.13935470581055
21241,29.69340705871582
21242,47.49746322631836
21243,72.21928405761719
21244,73.96590423583984
21245,28.703678131103516
21246,30.469276428222656
21247,21.0217227935791
21248,49.18861770629883
21249,23.394405364990234
21250,17.396682739257812
21251,46.75865173339844
21252,43.08885955810547
21253,57.88714599609375
21254,64.70853424072266
21255,60.110076904296875
21256,29.26247215270996
21257,39.897464752197266
21258,37.61769104003906
21259,21.542598724365234
21260,59.21546173095703
21261,38.76905822753906
21262,21.90927505493164
21263,66.04285430908203
21264,40.601234436035156
21265,18.816137313842773
21266,26.88527488708496
21267,25.005430221557617
21268,56.29167175292969
21269,35.50599670410156
21270,51.91176223754883
21271,39.707427978515625
21272,66.21280670166016
21273,25.838539123535156
21274,17.886775970458984
21275,28.03843879699707
21276,45.0364875793457
21277,37.35063171386719
21278,26.454532623291016
21279,40.29095458984375
21280,20.730607986450195
21281,22.645709991455078
21282,52.61613082885742
21283,42.381988525390625
21284,33.12702560424805
21285,16.698448181152344
21286,50.552520751953125
21287,21.191247940063477
21288,36.970603942871094
21289,31.95811653137207
21290,14.931082725524902
21291,13.883044242858887
21292,48.07701110839844
21293,13.624382972717285
21294,105.11409759521484
21295,16.322816848754883
21296,17.093534469604492
21297,39.07335662841797
21298,36.37755584716797
21299,36.4039192199707
21300,24.62592124938965
21301,54.07051086425781
21302,38.92219924926758
21303,110.26982116699219
21304,25.823749542236328
21305,55.261863708496094
21306,26.85715675354004
21307,35.124691009521484
21308,40.04669189453125
21309,40.07228088378906
21310,30.22493553161621
21311,43.07377624511719
21312,15.53526496887207
21313,29.915756225585938
21314,52.37534713745117
21315,42.2859992980957
21316,32.495662689208984
21317,28.669767379760742
21318,27.528427124023438
21319,53.64828872680664
21320,28.038944244384766
21321,24.798336029052734
21322,24.575929641723633
21323,26.591480255126953
21324,25.19059181213379
21325,53.36997985839844
21326,44.22378158569336
21327,17.12474822998047
21328,15.629776954650879
21329,13.779586791992188
21330,51.826324462890625
21331,22.795082092285156
21332,34.33461380004883
21333,44.71746826171875
21334,32.762855529785156
21335,39.76922607421875
21336,33.94921875
21337,23.292587280273438
21338,84.35797882080078
21339,33.53864288330078
21340,25.71499252319336
21341,28.899429321289062
21342,40.286407470703125
21343,21.555801391601562
21344,34.78403854370117
21345,31.319143295288086
21346,26.27263832092285
21347,18.36733055114746
21348,23.71668815612793
21349,68.5680160522461
21350,37.03084945678711
21351,35.36773681640625
21352,32.53446960449219
21353,12.99733829498291
21354,32.93410873413086
21355,69.42777252197266
21356,51.6104736328125
21357,36.00393295288086
21358,53.53163528442383
21359,34.17627716064453
21360,41.8847541809082
21361,31.22127342224121
21362,47.33854675292969
21363,57.15415954589844
21364,29.692718505859375
21365,47.492713928222656
21366,72.24055480957031
21367,73.98706817626953
21368,28.712968826293945
21369,30.454681396484375
21370,21.03267478942871
21371,49.16839599609375
21372,23.391340255737305
21373,17.391422271728516
21374,46.770565032958984
21375,43.0887565612793
21376,57.890071868896484
21377,64.70477294921875
21378,60.103050231933594
21379,29.26599884033203
21380,39.89604187011719
21381,37.61936569213867
21382,21.544462203979492
21383,59.2009162902832
21384,38.7960319519043
21385,21.917211532592773
21386,66.02970886230469
21387,40.62754440307617
21388,18.817291259765625
21389,26.90806007385254
21390,25.01331329345703
21391,56.3033332824707
21392,35.50569534301758
21393,51.89828109741211
21394,39.71607971191406
21395,66.18919372558594
21396,25.834474563598633
21397,17.887544631958008
21398,28.03968048095703
21399,45.025230407714844
21400,37.36702346801758
21401,26.476770401000977
21402,40.2757568359375
